========================================================
                       DREAMPlace
            Yibo Lin (http://yibolin.com)
   David Z. Pan (http://users.ece.utexas.edu/~dpan)
========================================================
[INFO   ] DREAMPlace - parameters = {'aux_input': 'benchmarks/ispd2005/bigblue3/bigblue3.aux', 'lef_input': '', 'def_input': '', 'verilog_input': '', 'gpu': 1, 'num_bins_x': 2048, 'num_bins_y': 2048, 'global_place_stages': [{'num_bins_x': 2048, 'num_bins_y': 2048, 'iteration': 1000, 'learning_rate': 0.01, 'wirelength': 'weighted_average', 'optimizer': 'nesterov', 'Llambda_density_weight_iteration': 1, 'Lsub_iteration': 1}], 'target_density': 1.0, 'density_weight': 8e-05, 'random_seed': 1000, 'result_dir': 'capacity_results', 'scale_factor': 1.0, 'shift_factor': [0.0, 0.0], 'ignore_net_degree': 100, 'gp_noise_ratio': 0.025, 'enable_fillers': 1, 'global_place_flag': 1, 'legalize_flag': 1, 'abacus_legalize_flag': 1, 'detailed_place_flag': 1, 'stop_overflow': 0.07, 'dtype': 'float32', 'detailed_place_engine': '', 'detailed_place_command': '', 'plot_flag': 0, 'connectivity_grid_init_flag': 1, 'conn_init_sweeps': 32, 'conn_init_damping': 0.7, 'conn_capacity_spread_flag': 1, 'conn_spread_leaf_size': 16, 'conn_spread_density_slack': 1.5, 'conn_obstacle_project_flag': 0, 'gamma_warmup_iters': 0, 'gamma_monotone_flag': 0, 'density_weight_warmup_iters': 0, 'random_uniform_init_flag': 0, 'plot_iteration_interval': 100, 'RePlAce_ref_hpwl': 350000, 'RePlAce_LOWER_PCOF': 0.95, 'RePlAce_UPPER_PCOF': 1.05, 'gamma': 4.0, 'RePlAce_skip_energy_flag': 0, 'random_center_init_flag': 0, 'gift_init_flag': 0, 'gift_init_scale': 0.7, 'sort_nets_by_degree': 0, 'num_threads': 8, 'dump_global_place_solution_flag': 0, 'dump_legalize_solution_flag': 0, 'routability_opt_flag': 0, 'route_num_bins_x': 512, 'route_num_bins_y': 512, 'node_area_adjust_overflow': 0.15, 'max_num_area_adjust': 3, 'adjust_nctugr_area_flag': 0, 'adjust_rudy_area_flag': 1, 'adjust_pin_area_flag': 1, 'area_adjust_stop_ratio': 0.01, 'route_area_adjust_stop_ratio': 0.01, 'pin_area_adjust_stop_ratio': 0.05, 'unit_horizontal_capacity': 1.5625, 'unit_vertical_capacity': 1.45, 'unit_pin_capacity': 0.058, 'max_route_opt_adjust_rate': 2.0, 'route_opt_adjust_exponent': 2.0, 'pin_stretch_ratio': 1.414213562, 'max_pin_opt_adjust_rate': 1.5, 'deterministic_flag': 1, 'timing_opt_flag': 0, 'early_lib_input': '', 'late_lib_input': '', 'lib_input': '', 'sdc_input': '', 'wire_resistance_per_micron': 0, 'wire_capacitance_per_micron': 0, 'net_weighting_scheme': 'lilith', 'momentum_decay_factor': 0.5, 'enable_net_weighting': 1, 'max_net_weight': 'inf', 'use_bb': 'auto', 'macro_place_flag': 'auto', 'two_stage_density_scaler': 1000, 'macro_halo_x': 0, 'macro_halo_y': 0}
[INFO   ] DREAMPlace - set shift_factor = (36, 76), as original row bbox = (36, 76, 27726, 27868)
[INFO   ] DREAMPlace - set scale_factor = 1, as site_width = 1
[INFO   ] DREAMPlace - shift coordinate system by (36, 76), scale coordinate system by 1
[INFO   ] DREAMPlace - movable macros detected (total_movable_macro_area = 5616), automatically enabling macro_place_flag
[INFO   ] DREAMPlace - movable macros detected (total_movable_macro_area = 5616), automatically enabling use_bb
[INFO   ] DREAMPlace - 
================================= Benchmark Statistics =================================
#nodes = 1096812, #terminals = 1297, # terminal_NIs = 0, #movable = 1095515, #nets = 1123170
die area = (0, 0, 27690, 27792) 7.6956e+08
row height = 12, site width = 1
#pins = 3812912, #movable_pins = 3776256
total_movable_node_area = 1.42163e+08, total_fixed_node_area = 5.16234e+08, total_space_area = 2.53327e+08
total_movable_cell_area = 1.42157e+08, total_movable_macro_area = 5616
utilization = 0.561183, cell utilization = 0.561174, target_density = 1
use placeable_area = 2.53327e+08 to compute fillers
total_filler_node_area = 1.11164e+08, #fillers = 945399, filler sizes = 9.79868x12
num_bins = 2048x2048, bin sizes = 1.12671x1.13086
========================================================================================
[INFO   ] DREAMPlace - reading benchmark takes 50.7068 seconds
[INFO   ] DREAMPlace - reading database takes 50.71 seconds
[INFO   ] DREAMPlace - connectivity grid init: 32 sweeps done
[INFO   ] DREAMPlace - connectivity grid init: capacity spread, fill 0.560, cap_frac 0.840, 4148964 free anchors, 1093034 std cells, 2481 movable macros kept at field
[INFO   ] DREAMPlace - connectivity grid init: 4148964 feasible anchors
[INFO   ] DREAMPlace - non-linear placement initialization takes 178.59 seconds
[INFO   ] DREAMPlace - Global placement: 2048x2048 bins by default
[INFO   ] DREAMPlace - 2048x2048 bins #bins 2048x2048, bin sizes 1.12671x1.13086, max_num_bins = 14, padding = 0
[INFO   ] dreamplace.ops.electric_potential.electric_potential - regard 0 cells as movable macros in global placement
[WARNING] DREAMPlace - quadratic density penalty is disabled, density weight update is forced to be based on HPWL
[INFO   ] DREAMPlace - Optimizer 'nesterov' does not rebuild the model. Every training epoch calls the function 'step()'.
[INFO   ] DREAMPlace - use nesterov optimizer
[INFO   ] DREAMPlace - add 2.5% noise
[INFO   ] dreamplace.ops.electric_potential.electric_potential - fixed density map: average 123.073, max 183.478, bin area 183.478
[INFO   ] DREAMPlace - nesterov initialization takes 0.168484 seconds
[INFO   ] DREAMPlace - density_weight = 4.489062E-10
[INFO   ] DREAMPlace - optimizer step 37.683 ms
[INFO   ] DREAMPlace - iteration    0, (   0,  0,  0), Obj 1.630808E+09, DensityWeight 0.000000E+00, wHPWL 2.342797E+09, Overflow 8.170017E-01, MaxDensity 9.769E+03, gamma 1.083633E+03, time 20.301ms
[INFO   ] DREAMPlace - full step 65.455 ms
[INFO   ] DREAMPlace - optimizer step 7.596 ms
[INFO   ] DREAMPlace - iteration    1, (   1,  0,  0), Obj 2.175574E+09, DensityWeight 4.489062E-10, wHPWL 2.054578E+09, Overflow 8.478493E-01, MaxDensity 2.849E+03, gamma 4.248340E+02, time 1.288ms
[INFO   ] DREAMPlace - full step 9.520 ms
[INFO   ] DREAMPlace - optimizer step 7.084 ms
[INFO   ] DREAMPlace - iteration    2, (   2,  0,  0), Obj 1.840021E+09, DensityWeight 4.712573E-10, wHPWL 1.910149E+09, Overflow 8.741417E-01, MaxDensity 1.078E+03, gamma 4.974729E+02, time 1.228ms
[INFO   ] DREAMPlace - full step 8.816 ms
[INFO   ] DREAMPlace - optimizer step 7.113 ms
[INFO   ] DREAMPlace - iteration    3, (   3,  0,  0), Obj 1.702573E+09, DensityWeight 4.946717E-10, wHPWL 1.816408E+09, Overflow 8.862378E-01, MaxDensity 9.330E+02, gamma 5.691110E+02, time 1.800ms
[INFO   ] DREAMPlace - full step 9.416 ms
[INFO   ] DREAMPlace - optimizer step 7.106 ms
[INFO   ] DREAMPlace - iteration    4, (   4,  0,  0), Obj 1.600634E+09, DensityWeight 5.191976E-10, wHPWL 1.725687E+09, Overflow 8.946598E-01, MaxDensity 9.009E+02, gamma 6.054484E+02, time 1.221ms
[INFO   ] DREAMPlace - full step 8.795 ms
[INFO   ] DREAMPlace - optimizer step 7.154 ms
[INFO   ] DREAMPlace - iteration    5, (   5,  0,  0), Obj 1.511746E+09, DensityWeight 5.448849E-10, wHPWL 1.644781E+09, Overflow 8.992160E-01, MaxDensity 8.948E+02, gamma 6.321100E+02, time 1.270ms
[INFO   ] DREAMPlace - full step 8.877 ms
[INFO   ] DREAMPlace - optimizer step 7.090 ms
[INFO   ] DREAMPlace - iteration    6, (   6,  0,  0), Obj 1.426798E+09, DensityWeight 5.717860E-10, wHPWL 1.559666E+09, Overflow 9.034297E-01, MaxDensity 8.661E+02, gamma 6.470200E+02, time 1.196ms
[INFO   ] DREAMPlace - full step 8.749 ms
[INFO   ] DREAMPlace - optimizer step 7.128 ms
[INFO   ] DREAMPlace - iteration    7, (   7,  0,  0), Obj 1.334710E+09, DensityWeight 5.999551E-10, wHPWL 1.473266E+09, Overflow 9.056994E-01, MaxDensity 8.333E+02, gamma 6.611218E+02, time 1.213ms
[INFO   ] DREAMPlace - full step 8.794 ms
[INFO   ] DREAMPlace - optimizer step 7.065 ms
[INFO   ] DREAMPlace - iteration    8, (   8,  0,  0), Obj 1.239758E+09, DensityWeight 6.294491E-10, wHPWL 1.397790E+09, Overflow 9.080157E-01, MaxDensity 8.341E+02, gamma 6.688447E+02, time 1.208ms
[INFO   ] DREAMPlace - full step 8.726 ms
[INFO   ] DREAMPlace - optimizer step 7.404 ms
[INFO   ] DREAMPlace - iteration    9, (   9,  0,  0), Obj 1.156322E+09, DensityWeight 6.603270E-10, wHPWL 1.328208E+09, Overflow 9.084316E-01, MaxDensity 7.900E+02, gamma 6.768188E+02, time 1.214ms
[INFO   ] DREAMPlace - full step 9.075 ms
[INFO   ] DREAMPlace - optimizer step 7.074 ms
[INFO   ] DREAMPlace - iteration   10, (  10,  0,  0), Obj 1.084328E+09, DensityWeight 6.926503E-10, wHPWL 1.264775E+09, Overflow 9.105449E-01, MaxDensity 7.707E+02, gamma 6.782611E+02, time 1.218ms
[INFO   ] DREAMPlace - full step 8.750 ms
[INFO   ] DREAMPlace - optimizer step 8.555 ms
[INFO   ] DREAMPlace - iteration   11, (  11,  0,  0), Obj 1.019799E+09, DensityWeight 7.264832E-10, wHPWL 1.209377E+09, Overflow 9.103531E-01, MaxDensity 7.235E+02, gamma 6.856351E+02, time 1.976ms
[INFO   ] DREAMPlace - full step 10.992 ms
[INFO   ] DREAMPlace - optimizer step 7.157 ms
[INFO   ] DREAMPlace - iteration   12, (  12,  0,  0), Obj 9.639574E+08, DensityWeight 7.618925E-10, wHPWL 1.159657E+09, Overflow 9.106358E-01, MaxDensity 6.938E+02, gamma 6.849626E+02, time 1.216ms
[INFO   ] DREAMPlace - full step 8.833 ms
[INFO   ] DREAMPlace - optimizer step 7.069 ms
[INFO   ] DREAMPlace - iteration   13, (  13,  0,  0), Obj 9.120467E+08, DensityWeight 7.989478E-10, wHPWL 1.115236E+09, Overflow 9.099367E-01, MaxDensity 6.650E+02, gamma 6.859539E+02, time 1.212ms
[INFO   ] DREAMPlace - full step 8.729 ms
[INFO   ] DREAMPlace - optimizer step 7.746 ms
[INFO   ] DREAMPlace - iteration   14, (  14,  0,  0), Obj 8.663392E+08, DensityWeight 8.377215E-10, wHPWL 1.074900E+09, Overflow 9.101619E-01, MaxDensity 6.310E+02, gamma 6.835048E+02, time 1.414ms
[INFO   ] DREAMPlace - full step 9.633 ms
[INFO   ] DREAMPlace - optimizer step 9.479 ms
[INFO   ] DREAMPlace - iteration   15, (  15,  0,  0), Obj 8.250693E+08, DensityWeight 8.782891E-10, wHPWL 1.037147E+09, Overflow 9.092620E-01, MaxDensity 5.964E+02, gamma 6.842926E+02, time 1.217ms
[INFO   ] DREAMPlace - full step 11.161 ms
[INFO   ] DREAMPlace - optimizer step 8.749 ms
[INFO   ] DREAMPlace - iteration   16, (  16,  0,  0), Obj 7.885858E+08, DensityWeight 9.207292E-10, wHPWL 1.002929E+09, Overflow 9.086584E-01, MaxDensity 5.502E+02, gamma 6.811490E+02, time 1.662ms
[INFO   ] DREAMPlace - full step 10.891 ms
[INFO   ] DREAMPlace - optimizer step 9.681 ms
[INFO   ] DREAMPlace - iteration   17, (  17,  0,  0), Obj 7.551172E+08, DensityWeight 9.651234E-10, wHPWL 9.714591E+08, Overflow 9.071289E-01, MaxDensity 5.082E+02, gamma 6.790485E+02, time 2.712ms
[INFO   ] DREAMPlace - full step 12.852 ms
[INFO   ] DREAMPlace - optimizer step 7.084 ms
[INFO   ] DREAMPlace - iteration   18, (  18,  0,  0), Obj 7.248129E+08, DensityWeight 1.011557E-09, wHPWL 9.425463E+08, Overflow 9.060782E-01, MaxDensity 4.643E+02, gamma 6.737546E+02, time 1.208ms
[INFO   ] DREAMPlace - full step 8.748 ms
[INFO   ] DREAMPlace - optimizer step 7.137 ms
[INFO   ] DREAMPlace - iteration   19, (  19,  0,  0), Obj 6.964312E+08, DensityWeight 1.060119E-09, wHPWL 9.157364E+08, Overflow 9.044625E-01, MaxDensity 4.532E+02, gamma 6.701421E+02, time 1.213ms
[INFO   ] DREAMPlace - full step 8.813 ms
[INFO   ] DREAMPlace - optimizer step 7.632 ms
[INFO   ] DREAMPlace - iteration   20, (  20,  0,  0), Obj 6.706136E+08, DensityWeight 1.110900E-09, wHPWL 8.909187E+08, Overflow 9.029976E-01, MaxDensity 4.503E+02, gamma 6.646251E+02, time 1.230ms
[INFO   ] DREAMPlace - full step 9.325 ms
[INFO   ] DREAMPlace - optimizer step 7.244 ms
[INFO   ] DREAMPlace - iteration   21, (  21,  0,  0), Obj 6.467604E+08, DensityWeight 1.163998E-09, wHPWL 8.674298E+08, Overflow 9.011957E-01, MaxDensity 4.341E+02, gamma 6.596616E+02, time 1.233ms
[INFO   ] DREAMPlace - full step 8.949 ms
[INFO   ] DREAMPlace - optimizer step 7.271 ms
[INFO   ] DREAMPlace - iteration   22, (  22,  0,  0), Obj 6.248843E+08, DensityWeight 1.219512E-09, wHPWL 8.454772E+08, Overflow 8.993106E-01, MaxDensity 4.325E+02, gamma 6.536077E+02, time 1.235ms
[INFO   ] DREAMPlace - full step 8.976 ms
[INFO   ] DREAMPlace - optimizer step 7.209 ms
[INFO   ] DREAMPlace - iteration   23, (  23,  0,  0), Obj 6.046616E+08, DensityWeight 1.277546E-09, wHPWL 8.251167E+08, Overflow 8.964193E-01, MaxDensity 4.280E+02, gamma 6.473332E+02, time 1.261ms
[INFO   ] DREAMPlace - full step 8.958 ms
[INFO   ] DREAMPlace - optimizer step 7.224 ms
[INFO   ] DREAMPlace - iteration   24, (  24,  0,  0), Obj 5.864402E+08, DensityWeight 1.338208E-09, wHPWL 8.061355E+08, Overflow 8.943897E-01, MaxDensity 4.109E+02, gamma 6.378271E+02, time 1.212ms
[INFO   ] DREAMPlace - full step 8.911 ms
[INFO   ] DREAMPlace - optimizer step 7.223 ms
[INFO   ] DREAMPlace - iteration   25, (  25,  0,  0), Obj 5.691190E+08, DensityWeight 1.401609E-09, wHPWL 7.883366E+08, Overflow 8.922743E-01, MaxDensity 3.669E+02, gamma 6.312373E+02, time 1.234ms
[INFO   ] DREAMPlace - full step 8.937 ms
[INFO   ] DREAMPlace - optimizer step 7.575 ms
[INFO   ] DREAMPlace - iteration   26, (  26,  0,  0), Obj 5.532890E+08, DensityWeight 1.467868E-09, wHPWL 7.715576E+08, Overflow 8.911262E-01, MaxDensity 3.678E+02, gamma 6.244412E+02, time 1.225ms
[INFO   ] DREAMPlace - full step 9.262 ms
[INFO   ] DREAMPlace - optimizer step 7.428 ms
[INFO   ] DREAMPlace - iteration   27, (  27,  0,  0), Obj 5.381208E+08, DensityWeight 1.537106E-09, wHPWL 7.556374E+08, Overflow 8.892909E-01, MaxDensity 3.672E+02, gamma 6.207838E+02, time 1.236ms
[INFO   ] DREAMPlace - full step 9.145 ms
[INFO   ] DREAMPlace - optimizer step 7.706 ms
[INFO   ] DREAMPlace - iteration   28, (  28,  0,  0), Obj 5.243300E+08, DensityWeight 1.609448E-09, wHPWL 7.407065E+08, Overflow 8.877319E-01, MaxDensity 3.504E+02, gamma 6.149812E+02, time 1.242ms
[INFO   ] DREAMPlace - full step 9.428 ms
[INFO   ] DREAMPlace - optimizer step 7.540 ms
[INFO   ] DREAMPlace - iteration   29, (  29,  0,  0), Obj 5.112304E+08, DensityWeight 1.685027E-09, wHPWL 7.265732E+08, Overflow 8.857818E-01, MaxDensity 3.452E+02, gamma 6.100948E+02, time 1.225ms
[INFO   ] DREAMPlace - full step 9.262 ms
[INFO   ] DREAMPlace - optimizer step 7.441 ms
[INFO   ] DREAMPlace - iteration   30, (  30,  0,  0), Obj 4.990149E+08, DensityWeight 1.763978E-09, wHPWL 7.130820E+08, Overflow 8.834507E-01, MaxDensity 3.460E+02, gamma 6.040376E+02, time 1.248ms
[INFO   ] DREAMPlace - full step 9.164 ms
[INFO   ] DREAMPlace - optimizer step 8.402 ms
[INFO   ] DREAMPlace - iteration   31, (  31,  0,  0), Obj 4.875704E+08, DensityWeight 1.846444E-09, wHPWL 7.000749E+08, Overflow 8.808866E-01, MaxDensity 3.486E+02, gamma 5.968753E+02, time 1.223ms
[INFO   ] DREAMPlace - full step 10.107 ms
[INFO   ] DREAMPlace - optimizer step 7.565 ms
[INFO   ] DREAMPlace - iteration   32, (  32,  0,  0), Obj 4.767991E+08, DensityWeight 1.932571E-09, wHPWL 6.875278E+08, Overflow 8.784926E-01, MaxDensity 3.658E+02, gamma 5.890954E+02, time 3.000ms
[INFO   ] DREAMPlace - full step 11.035 ms
[INFO   ] DREAMPlace - optimizer step 7.144 ms
[INFO   ] DREAMPlace - iteration   33, (  33,  0,  0), Obj 4.664665E+08, DensityWeight 2.022514E-09, wHPWL 6.756327E+08, Overflow 8.761187E-01, MaxDensity 3.749E+02, gamma 5.819231E+02, time 1.244ms
[INFO   ] DREAMPlace - full step 8.856 ms
[INFO   ] DREAMPlace - optimizer step 7.200 ms
[INFO   ] DREAMPlace - iteration   34, (  34,  0,  0), Obj 4.568654E+08, DensityWeight 2.116431E-09, wHPWL 6.642934E+08, Overflow 8.741207E-01, MaxDensity 3.650E+02, gamma 5.748974E+02, time 1.235ms
[INFO   ] DREAMPlace - full step 8.903 ms
[INFO   ] DREAMPlace - optimizer step 7.101 ms
[INFO   ] DREAMPlace - iteration   35, (  35,  0,  0), Obj 4.476461E+08, DensityWeight 2.214488E-09, wHPWL 6.531533E+08, Overflow 8.725831E-01, MaxDensity 3.529E+02, gamma 5.690496E+02, time 1.223ms
[INFO   ] DREAMPlace - full step 8.818 ms
[INFO   ] DREAMPlace - optimizer step 7.113 ms
[INFO   ] DREAMPlace - iteration   36, (  36,  0,  0), Obj 4.386050E+08, DensityWeight 2.316856E-09, wHPWL 6.423191E+08, Overflow 8.711970E-01, MaxDensity 2.966E+02, gamma 5.645902E+02, time 1.242ms
[INFO   ] DREAMPlace - full step 8.811 ms
[INFO   ] DREAMPlace - optimizer step 7.134 ms
[INFO   ] DREAMPlace - iteration   37, (  37,  0,  0), Obj 4.298728E+08, DensityWeight 2.423714E-09, wHPWL 6.319758E+08, Overflow 8.696518E-01, MaxDensity 2.702E+02, gamma 5.606001E+02, time 1.251ms
[INFO   ] DREAMPlace - full step 8.844 ms
[INFO   ] DREAMPlace - optimizer step 7.251 ms
[INFO   ] DREAMPlace - iteration   38, (  38,  0,  0), Obj 4.215772E+08, DensityWeight 2.535247E-09, wHPWL 6.220488E+08, Overflow 8.678548E-01, MaxDensity 2.252E+02, gamma 5.561852E+02, time 1.238ms
[INFO   ] DREAMPlace - full step 8.959 ms
[INFO   ] DREAMPlace - optimizer step 7.098 ms
[INFO   ] DREAMPlace - iteration   39, (  39,  0,  0), Obj 4.137299E+08, DensityWeight 2.651647E-09, wHPWL 6.124216E+08, Overflow 8.658553E-01, MaxDensity 2.376E+02, gamma 5.510945E+02, time 1.230ms
[INFO   ] DREAMPlace - full step 8.790 ms
[INFO   ] DREAMPlace - optimizer step 7.131 ms
[INFO   ] DREAMPlace - iteration   40, (  40,  0,  0), Obj 4.063012E+08, DensityWeight 2.773115E-09, wHPWL 6.029972E+08, Overflow 8.642804E-01, MaxDensity 2.409E+02, gamma 5.454849E+02, time 1.232ms
[INFO   ] DREAMPlace - full step 8.822 ms
[INFO   ] DREAMPlace - optimizer step 7.124 ms
[INFO   ] DREAMPlace - iteration   41, (  41,  0,  0), Obj 3.990101E+08, DensityWeight 2.899856E-09, wHPWL 5.938545E+08, Overflow 8.630159E-01, MaxDensity 2.515E+02, gamma 5.411068E+02, time 1.232ms
[INFO   ] DREAMPlace - full step 8.827 ms
[INFO   ] DREAMPlace - optimizer step 7.097 ms
[INFO   ] DREAMPlace - iteration   42, (  42,  0,  0), Obj 3.919066E+08, DensityWeight 3.032087E-09, wHPWL 5.850868E+08, Overflow 8.620098E-01, MaxDensity 2.293E+02, gamma 5.376171E+02, time 1.224ms
[INFO   ] DREAMPlace - full step 8.773 ms
[INFO   ] DREAMPlace - optimizer step 7.116 ms
[INFO   ] DREAMPlace - iteration   43, (  43,  0,  0), Obj 3.850092E+08, DensityWeight 3.170030E-09, wHPWL 5.766717E+08, Overflow 8.614673E-01, MaxDensity 2.061E+02, gamma 5.348563E+02, time 1.222ms
[INFO   ] DREAMPlace - full step 8.790 ms
[INFO   ] DREAMPlace - optimizer step 7.145 ms
[INFO   ] DREAMPlace - iteration   44, (  44,  0,  0), Obj 3.782465E+08, DensityWeight 3.313917E-09, wHPWL 5.685824E+08, Overflow 8.608057E-01, MaxDensity 1.800E+02, gamma 5.333738E+02, time 1.257ms
[INFO   ] DREAMPlace - full step 8.853 ms
[INFO   ] DREAMPlace - optimizer step 7.090 ms
[INFO   ] DREAMPlace - iteration   45, (  45,  0,  0), Obj 3.718578E+08, DensityWeight 3.463989E-09, wHPWL 5.608100E+08, Overflow 8.595172E-01, MaxDensity 1.503E+02, gamma 5.315712E+02, time 1.227ms
[INFO   ] DREAMPlace - full step 8.783 ms
[INFO   ] DREAMPlace - optimizer step 7.113 ms
[INFO   ] DREAMPlace - iteration   46, (  46,  0,  0), Obj 3.660201E+08, DensityWeight 3.620495E-09, wHPWL 5.534200E+08, Overflow 8.585750E-01, MaxDensity 1.438E+02, gamma 5.280779E+02, time 1.237ms
[INFO   ] DREAMPlace - full step 8.809 ms
[INFO   ] DREAMPlace - optimizer step 7.124 ms
[INFO   ] DREAMPlace - iteration   47, (  47,  0,  0), Obj 3.603169E+08, DensityWeight 3.783693E-09, wHPWL 5.463786E+08, Overflow 8.572444E-01, MaxDensity 1.308E+02, gamma 5.255381E+02, time 1.240ms
[INFO   ] DREAMPlace - full step 8.827 ms
[INFO   ] DREAMPlace - optimizer step 7.069 ms
[INFO   ] DREAMPlace - iteration   48, (  48,  0,  0), Obj 3.550195E+08, DensityWeight 3.953853E-09, wHPWL 5.396702E+08, Overflow 8.557305E-01, MaxDensity 1.401E+02, gamma 5.219724E+02, time 1.236ms
[INFO   ] DREAMPlace - full step 8.761 ms
[INFO   ] DREAMPlace - optimizer step 7.138 ms
[INFO   ] DREAMPlace - iteration   49, (  49,  0,  0), Obj 3.500373E+08, DensityWeight 4.131251E-09, wHPWL 5.332366E+08, Overflow 8.541408E-01, MaxDensity 1.642E+02, gamma 5.179446E+02, time 1.231ms
[INFO   ] DREAMPlace - full step 8.828 ms
[INFO   ] DREAMPlace - optimizer step 7.384 ms
[INFO   ] DREAMPlace - iteration   50, (  50,  0,  0), Obj 3.453293E+08, DensityWeight 4.316178E-09, wHPWL 5.270582E+08, Overflow 8.526002E-01, MaxDensity 1.540E+02, gamma 5.137486E+02, time 1.232ms
[INFO   ] DREAMPlace - full step 9.081 ms
[INFO   ] DREAMPlace - optimizer step 7.103 ms
[INFO   ] DREAMPlace - iteration   51, (  51,  0,  0), Obj 3.408432E+08, DensityWeight 4.508932E-09, wHPWL 5.211573E+08, Overflow 8.508891E-01, MaxDensity 1.532E+02, gamma 5.097145E+02, time 1.228ms
[INFO   ] DREAMPlace - full step 8.791 ms
[INFO   ] DREAMPlace - optimizer step 7.354 ms
[INFO   ] DREAMPlace - iteration   52, (  52,  0,  0), Obj 3.366477E+08, DensityWeight 4.709822E-09, wHPWL 5.155821E+08, Overflow 8.498600E-01, MaxDensity 1.863E+02, gamma 5.052713E+02, time 1.228ms
[INFO   ] DREAMPlace - full step 9.048 ms
[INFO   ] DREAMPlace - optimizer step 7.144 ms
[INFO   ] DREAMPlace - iteration   53, (  53,  0,  0), Obj 3.324235E+08, DensityWeight 4.919171E-09, wHPWL 5.103068E+08, Overflow 8.490144E-01, MaxDensity 2.065E+02, gamma 5.026174E+02, time 1.250ms
[INFO   ] DREAMPlace - full step 8.864 ms
[INFO   ] DREAMPlace - optimizer step 7.165 ms
[INFO   ] DREAMPlace - iteration   54, (  54,  0,  0), Obj 3.283732E+08, DensityWeight 5.137312E-09, wHPWL 5.052921E+08, Overflow 8.485650E-01, MaxDensity 1.838E+02, gamma 5.004475E+02, time 1.222ms
[INFO   ] DREAMPlace - full step 8.860 ms
[INFO   ] DREAMPlace - optimizer step 7.189 ms
[INFO   ] DREAMPlace - iteration   55, (  55,  0,  0), Obj 3.244378E+08, DensityWeight 5.364590E-09, wHPWL 5.005606E+08, Overflow 8.480322E-01, MaxDensity 1.688E+02, gamma 4.992980E+02, time 1.256ms
[INFO   ] DREAMPlace - full step 8.909 ms
[INFO   ] DREAMPlace - optimizer step 7.237 ms
[INFO   ] DREAMPlace - iteration   56, (  56,  0,  0), Obj 3.208238E+08, DensityWeight 5.601362E-09, wHPWL 4.961145E+08, Overflow 8.475210E-01, MaxDensity 1.818E+02, gamma 4.979387E+02, time 1.246ms
[INFO   ] DREAMPlace - full step 8.954 ms
[INFO   ] DREAMPlace - optimizer step 7.250 ms
[INFO   ] DREAMPlace - iteration   57, (  57,  0,  0), Obj 3.174439E+08, DensityWeight 5.848000E-09, wHPWL 4.918070E+08, Overflow 8.467109E-01, MaxDensity 1.945E+02, gamma 4.966379E+02, time 1.240ms
[INFO   ] DREAMPlace - full step 8.960 ms
[INFO   ] DREAMPlace - optimizer step 7.432 ms
[INFO   ] DREAMPlace - iteration   58, (  58,  0,  0), Obj 3.143308E+08, DensityWeight 6.104887E-09, wHPWL 4.876574E+08, Overflow 8.460172E-01, MaxDensity 2.181E+02, gamma 4.945835E+02, time 1.306ms
[INFO   ] DREAMPlace - full step 9.199 ms
[INFO   ] DREAMPlace - optimizer step 7.105 ms
[INFO   ] DREAMPlace - iteration   59, (  59,  0,  0), Obj 3.113257E+08, DensityWeight 6.372420E-09, wHPWL 4.837505E+08, Overflow 8.459433E-01, MaxDensity 2.360E+02, gamma 4.928311E+02, time 1.228ms
[INFO   ] DREAMPlace - full step 8.804 ms
[INFO   ] DREAMPlace - optimizer step 7.097 ms
[INFO   ] DREAMPlace - iteration   60, (  60,  0,  0), Obj 3.083538E+08, DensityWeight 6.651014E-09, wHPWL 4.803852E+08, Overflow 8.453690E-01, MaxDensity 2.594E+02, gamma 4.926448E+02, time 1.226ms
[INFO   ] DREAMPlace - full step 8.786 ms
[INFO   ] DREAMPlace - optimizer step 7.119 ms
[INFO   ] DREAMPlace - iteration   61, (  61,  0,  0), Obj 3.059173E+08, DensityWeight 6.941092E-09, wHPWL 4.772606E+08, Overflow 8.451161E-01, MaxDensity 2.691E+02, gamma 4.911992E+02, time 1.240ms
[INFO   ] DREAMPlace - full step 8.823 ms
[INFO   ] DREAMPlace - optimizer step 7.092 ms
[INFO   ] DREAMPlace - iteration   62, (  62,  0,  0), Obj 3.036222E+08, DensityWeight 7.243098E-09, wHPWL 4.741844E+08, Overflow 8.447219E-01, MaxDensity 2.812E+02, gamma 4.905639E+02, time 1.214ms
[INFO   ] DREAMPlace - full step 8.774 ms
[INFO   ] DREAMPlace - optimizer step 7.169 ms
[INFO   ] DREAMPlace - iteration   63, (  63,  0,  0), Obj 3.014973E+08, DensityWeight 7.557487E-09, wHPWL 4.712667E+08, Overflow 8.438941E-01, MaxDensity 2.663E+02, gamma 4.895754E+02, time 1.223ms
[INFO   ] DREAMPlace - full step 8.851 ms
[INFO   ] DREAMPlace - optimizer step 7.148 ms
[INFO   ] DREAMPlace - iteration   64, (  64,  0,  0), Obj 2.996655E+08, DensityWeight 7.884735E-09, wHPWL 4.685417E+08, Overflow 8.435273E-01, MaxDensity 2.453E+02, gamma 4.875060E+02, time 1.252ms
[INFO   ] DREAMPlace - full step 8.854 ms
[INFO   ] DREAMPlace - optimizer step 7.133 ms
[INFO   ] DREAMPlace - iteration   65, (  65,  0,  0), Obj 2.977871E+08, DensityWeight 8.225330E-09, wHPWL 4.658855E+08, Overflow 8.429680E-01, MaxDensity 2.342E+02, gamma 4.865919E+02, time 1.253ms
[INFO   ] DREAMPlace - full step 8.853 ms
[INFO   ] DREAMPlace - optimizer step 7.121 ms
[INFO   ] DREAMPlace - iteration   66, (  66,  0,  0), Obj 2.960061E+08, DensityWeight 8.579780E-09, wHPWL 4.632636E+08, Overflow 8.425829E-01, MaxDensity 2.205E+02, gamma 4.852015E+02, time 1.239ms
[INFO   ] DREAMPlace - full step 8.832 ms
[INFO   ] DREAMPlace - optimizer step 7.157 ms
[INFO   ] DREAMPlace - iteration   67, (  67,  0,  0), Obj 2.942468E+08, DensityWeight 8.948609E-09, wHPWL 4.606180E+08, Overflow 8.421248E-01, MaxDensity 2.043E+02, gamma 4.842464E+02, time 1.240ms
[INFO   ] DREAMPlace - full step 8.865 ms
[INFO   ] DREAMPlace - optimizer step 7.089 ms
[INFO   ] DREAMPlace - iteration   68, (  68,  0,  0), Obj 2.926015E+08, DensityWeight 9.332360E-09, wHPWL 4.580829E+08, Overflow 8.422737E-01, MaxDensity 2.068E+02, gamma 4.831126E+02, time 1.244ms
[INFO   ] DREAMPlace - full step 8.812 ms
[INFO   ] DREAMPlace - optimizer step 7.052 ms
[INFO   ] DREAMPlace - iteration   69, (  69,  0,  0), Obj 2.908557E+08, DensityWeight 9.731594E-09, wHPWL 4.556672E+08, Overflow 8.420005E-01, MaxDensity 1.952E+02, gamma 4.834809E+02, time 1.239ms
[INFO   ] DREAMPlace - full step 8.757 ms
[INFO   ] DREAMPlace - optimizer step 7.197 ms
[INFO   ] DREAMPlace - iteration   70, (  70,  0,  0), Obj 2.892829E+08, DensityWeight 1.014689E-08, wHPWL 4.532415E+08, Overflow 8.414044E-01, MaxDensity 1.859E+02, gamma 4.828056E+02, time 1.215ms
[INFO   ] DREAMPlace - full step 8.902 ms
[INFO   ] DREAMPlace - optimizer step 7.073 ms
[INFO   ] DREAMPlace - iteration   71, (  71,  0,  0), Obj 2.877820E+08, DensityWeight 1.057886E-08, wHPWL 4.508028E+08, Overflow 8.415383E-01, MaxDensity 1.914E+02, gamma 4.813350E+02, time 1.228ms
[INFO   ] DREAMPlace - full step 8.770 ms
[INFO   ] DREAMPlace - optimizer step 7.088 ms
[INFO   ] DREAMPlace - iteration   72, (  72,  0,  0), Obj 2.860584E+08, DensityWeight 1.102811E-08, wHPWL 4.484381E+08, Overflow 8.413535E-01, MaxDensity 1.834E+02, gamma 4.816648E+02, time 1.238ms
[INFO   ] DREAMPlace - full step 8.811 ms
[INFO   ] DREAMPlace - optimizer step 7.132 ms
[INFO   ] DREAMPlace - iteration   73, (  73,  0,  0), Obj 2.844723E+08, DensityWeight 1.149528E-08, wHPWL 4.462217E+08, Overflow 8.408588E-01, MaxDensity 1.796E+02, gamma 4.812097E+02, time 1.228ms
[INFO   ] DREAMPlace - full step 8.821 ms
[INFO   ] DREAMPlace - optimizer step 7.744 ms
[INFO   ] DREAMPlace - iteration   74, (  74,  0,  0), Obj 2.830330E+08, DensityWeight 1.198106E-08, wHPWL 4.441395E+08, Overflow 8.402081E-01, MaxDensity 1.804E+02, gamma 4.799930E+02, time 1.231ms
[INFO   ] DREAMPlace - full step 9.454 ms
[INFO   ] DREAMPlace - optimizer step 8.466 ms
[INFO   ] DREAMPlace - iteration   75, (  75,  0,  0), Obj 2.817060E+08, DensityWeight 1.248611E-08, wHPWL 4.421923E+08, Overflow 8.398916E-01, MaxDensity 1.934E+02, gamma 4.783976E+02, time 1.228ms
[INFO   ] DREAMPlace - full step 10.150 ms
[INFO   ] DREAMPlace - optimizer step 7.096 ms
[INFO   ] DREAMPlace - iteration   76, (  76,  0,  0), Obj 2.803616E+08, DensityWeight 1.301115E-08, wHPWL 4.403292E+08, Overflow 8.392984E-01, MaxDensity 2.012E+02, gamma 4.776235E+02, time 1.245ms
[INFO   ] DREAMPlace - full step 8.800 ms
[INFO   ] DREAMPlace - optimizer step 7.155 ms
[INFO   ] DREAMPlace - iteration   77, (  77,  0,  0), Obj 2.791774E+08, DensityWeight 1.355691E-08, wHPWL 4.385603E+08, Overflow 8.389348E-01, MaxDensity 2.112E+02, gamma 4.761758E+02, time 1.231ms
[INFO   ] DREAMPlace - full step 8.850 ms
[INFO   ] DREAMPlace - optimizer step 7.117 ms
[INFO   ] DREAMPlace - iteration   78, (  78,  0,  0), Obj 2.779960E+08, DensityWeight 1.412415E-08, wHPWL 4.369023E+08, Overflow 8.383990E-01, MaxDensity 2.311E+02, gamma 4.752908E+02, time 1.220ms
[INFO   ] DREAMPlace - full step 8.791 ms
[INFO   ] DREAMPlace - optimizer step 7.094 ms
[INFO   ] DREAMPlace - iteration   79, (  79,  0,  0), Obj 2.769335E+08, DensityWeight 1.471365E-08, wHPWL 4.353840E+08, Overflow 8.376315E-01, MaxDensity 2.226E+02, gamma 4.739896E+02, time 1.243ms
[INFO   ] DREAMPlace - full step 8.801 ms
[INFO   ] DREAMPlace - optimizer step 7.131 ms
[INFO   ] DREAMPlace - iteration   80, (  80,  0,  0), Obj 2.760045E+08, DensityWeight 1.532623E-08, wHPWL 4.339274E+08, Overflow 8.372627E-01, MaxDensity 2.304E+02, gamma 4.721315E+02, time 1.235ms
[INFO   ] DREAMPlace - full step 8.846 ms
[INFO   ] DREAMPlace - optimizer step 7.532 ms
[INFO   ] DREAMPlace - iteration   81, (  81,  0,  0), Obj 2.750059E+08, DensityWeight 1.596271E-08, wHPWL 4.324851E+08, Overflow 8.368956E-01, MaxDensity 2.227E+02, gamma 4.712417E+02, time 1.242ms
[INFO   ] DREAMPlace - full step 9.245 ms
[INFO   ] DREAMPlace - optimizer step 8.308 ms
[INFO   ] DREAMPlace - iteration   82, (  82,  0,  0), Obj 2.740319E+08, DensityWeight 1.662396E-08, wHPWL 4.310811E+08, Overflow 8.367441E-01, MaxDensity 2.181E+02, gamma 4.703574E+02, time 3.448ms
[INFO   ] DREAMPlace - full step 12.232 ms
[INFO   ] DREAMPlace - optimizer step 7.266 ms
[INFO   ] DREAMPlace - iteration   83, (  83,  0,  0), Obj 2.730085E+08, DensityWeight 1.731087E-08, wHPWL 4.297227E+08, Overflow 8.368264E-01, MaxDensity 1.898E+02, gamma 4.699927E+02, time 1.239ms
[INFO   ] DREAMPlace - full step 8.979 ms
[INFO   ] DREAMPlace - optimizer step 7.158 ms
[INFO   ] DREAMPlace - iteration   84, (  84,  0,  0), Obj 2.719257E+08, DensityWeight 1.802437E-08, wHPWL 4.283985E+08, Overflow 8.366339E-01, MaxDensity 2.052E+02, gamma 4.701909E+02, time 1.218ms
[INFO   ] DREAMPlace - full step 8.879 ms
[INFO   ] DREAMPlace - optimizer step 9.045 ms
[INFO   ] DREAMPlace - iteration   85, (  85,  0,  0), Obj 2.709427E+08, DensityWeight 1.876539E-08, wHPWL 4.271137E+08, Overflow 8.373663E-01, MaxDensity 2.130E+02, gamma 4.697278E+02, time 1.518ms
[INFO   ] DREAMPlace - full step 11.029 ms
[INFO   ] DREAMPlace - optimizer step 7.194 ms
[INFO   ] DREAMPlace - iteration   86, (  86,  0,  0), Obj 2.697276E+08, DensityWeight 1.953493E-08, wHPWL 4.258426E+08, Overflow 8.379714E-01, MaxDensity 2.111E+02, gamma 4.714916E+02, time 1.236ms
[INFO   ] DREAMPlace - full step 8.891 ms
[INFO   ] DREAMPlace - optimizer step 7.023 ms
[INFO   ] DREAMPlace - iteration   87, (  87,  0,  0), Obj 2.685859E+08, DensityWeight 2.033399E-08, wHPWL 4.246418E+08, Overflow 8.384190E-01, MaxDensity 2.082E+02, gamma 4.729536E+02, time 1.226ms
[INFO   ] DREAMPlace - full step 8.718 ms
[INFO   ] DREAMPlace - optimizer step 7.118 ms
[INFO   ] DREAMPlace - iteration   88, (  88,  0,  0), Obj 2.675144E+08, DensityWeight 2.116362E-08, wHPWL 4.234856E+08, Overflow 8.386498E-01, MaxDensity 2.284E+02, gamma 4.740381E+02, time 1.252ms
[INFO   ] DREAMPlace - full step 8.823 ms
[INFO   ] DREAMPlace - optimizer step 7.076 ms
[INFO   ] DREAMPlace - iteration   89, (  89,  0,  0), Obj 2.665182E+08, DensityWeight 2.202489E-08, wHPWL 4.223435E+08, Overflow 8.389822E-01, MaxDensity 2.281E+02, gamma 4.745982E+02, time 1.240ms
[INFO   ] DREAMPlace - full step 8.778 ms
[INFO   ] DREAMPlace - optimizer step 7.054 ms
[INFO   ] DREAMPlace - iteration   90, (  90,  0,  0), Obj 2.654960E+08, DensityWeight 2.291893E-08, wHPWL 4.212119E+08, Overflow 8.392937E-01, MaxDensity 2.198E+02, gamma 4.754061E+02, time 1.226ms
[INFO   ] DREAMPlace - full step 8.735 ms
[INFO   ] DREAMPlace - optimizer step 7.080 ms
[INFO   ] DREAMPlace - iteration   91, (  91,  0,  0), Obj 2.644851E+08, DensityWeight 2.384686E-08, wHPWL 4.201043E+08, Overflow 8.389633E-01, MaxDensity 2.189E+02, gamma 4.761644E+02, time 1.222ms
[INFO   ] DREAMPlace - full step 8.759 ms
[INFO   ] DREAMPlace - optimizer step 7.073 ms
[INFO   ] DREAMPlace - iteration   92, (  92,  0,  0), Obj 2.636640E+08, DensityWeight 2.480989E-08, wHPWL 4.190408E+08, Overflow 8.384740E-01, MaxDensity 2.179E+02, gamma 4.753603E+02, time 1.572ms
[INFO   ] DREAMPlace - full step 9.108 ms
[INFO   ] DREAMPlace - optimizer step 7.059 ms
[INFO   ] DREAMPlace - iteration   93, (  93,  0,  0), Obj 2.628947E+08, DensityWeight 2.580923E-08, wHPWL 4.179860E+08, Overflow 8.383890E-01, MaxDensity 2.130E+02, gamma 4.741715E+02, time 1.257ms
[INFO   ] DREAMPlace - full step 8.768 ms
[INFO   ] DREAMPlace - optimizer step 7.095 ms
[INFO   ] DREAMPlace - iteration   94, (  94,  0,  0), Obj 2.620177E+08, DensityWeight 2.684613E-08, wHPWL 4.169289E+08, Overflow 8.384801E-01, MaxDensity 2.238E+02, gamma 4.739654E+02, time 1.230ms
[INFO   ] DREAMPlace - full step 8.799 ms
[INFO   ] DREAMPlace - optimizer step 7.861 ms
[INFO   ] DREAMPlace - iteration   95, (  95,  0,  0), Obj 2.610982E+08, DensityWeight 2.792190E-08, wHPWL 4.158924E+08, Overflow 8.381016E-01, MaxDensity 2.426E+02, gamma 4.741863E+02, time 1.252ms
[INFO   ] DREAMPlace - full step 9.575 ms
[INFO   ] DREAMPlace - optimizer step 7.128 ms
[INFO   ] DREAMPlace - iteration   96, (  96,  0,  0), Obj 2.603167E+08, DensityWeight 2.903788E-08, wHPWL 4.148590E+08, Overflow 8.380170E-01, MaxDensity 2.307E+02, gamma 4.732687E+02, time 1.298ms
[INFO   ] DREAMPlace - full step 8.887 ms
[INFO   ] DREAMPlace - optimizer step 7.074 ms
[INFO   ] DREAMPlace - iteration   97, (  97,  0,  0), Obj 2.594542E+08, DensityWeight 3.019544E-08, wHPWL 4.138047E+08, Overflow 8.382149E-01, MaxDensity 2.512E+02, gamma 4.730640E+02, time 1.240ms
[INFO   ] DREAMPlace - full step 8.786 ms
[INFO   ] DREAMPlace - optimizer step 7.054 ms
[INFO   ] DREAMPlace - iteration   98, (  98,  0,  0), Obj 2.585133E+08, DensityWeight 3.139600E-08, wHPWL 4.127318E+08, Overflow 8.386821E-01, MaxDensity 2.368E+02, gamma 4.735435E+02, time 1.220ms
[INFO   ] DREAMPlace - full step 8.735 ms
[INFO   ] DREAMPlace - optimizer step 7.133 ms
[INFO   ] DREAMPlace - iteration   99, (  99,  0,  0), Obj 2.574971E+08, DensityWeight 3.264103E-08, wHPWL 4.116356E+08, Overflow 8.390034E-01, MaxDensity 2.610E+02, gamma 4.746765E+02, time 1.231ms
[INFO   ] DREAMPlace - full step 8.870 ms
[INFO   ] DREAMPlace - optimizer step 7.192 ms
[INFO   ] DREAMPlace - iteration  100, ( 100,  0,  0), Obj 2.565222E+08, DensityWeight 3.393205E-08, wHPWL 4.105193E+08, Overflow 8.392974E-01, MaxDensity 2.404E+02, gamma 4.754577E+02, time 1.318ms
[INFO   ] DREAMPlace - full step 8.989 ms
[INFO   ] DREAMPlace - optimizer step 7.235 ms
[INFO   ] DREAMPlace - iteration  101, ( 101,  0,  0), Obj 2.555562E+08, DensityWeight 3.527060E-08, wHPWL 4.093818E+08, Overflow 8.399639E-01, MaxDensity 2.629E+02, gamma 4.761733E+02, time 1.211ms
[INFO   ] DREAMPlace - full step 8.928 ms
[INFO   ] DREAMPlace - optimizer step 7.145 ms
[INFO   ] DREAMPlace - iteration  102, ( 102,  0,  0), Obj 2.544890E+08, DensityWeight 3.665828E-08, wHPWL 4.082376E+08, Overflow 8.399684E-01, MaxDensity 2.475E+02, gamma 4.778000E+02, time 1.229ms
[INFO   ] DREAMPlace - full step 8.857 ms
[INFO   ] DREAMPlace - optimizer step 11.694 ms
[INFO   ] DREAMPlace - iteration  103, ( 103,  0,  0), Obj 2.536147E+08, DensityWeight 3.809675E-08, wHPWL 4.071116E+08, Overflow 8.395891E-01, MaxDensity 2.707E+02, gamma 4.778111E+02, time 1.238ms
[INFO   ] DREAMPlace - full step 13.433 ms
[INFO   ] DREAMPlace - optimizer step 8.622 ms
[INFO   ] DREAMPlace - iteration  104, ( 104,  0,  0), Obj 2.528555E+08, DensityWeight 3.958771E-08, wHPWL 4.059781E+08, Overflow 8.394139E-01, MaxDensity 2.622E+02, gamma 4.768847E+02, time 5.089ms
[INFO   ] DREAMPlace - full step 14.303 ms
[INFO   ] DREAMPlace - optimizer step 9.780 ms
[INFO   ] DREAMPlace - iteration  105, ( 105,  0,  0), Obj 2.520453E+08, DensityWeight 4.113290E-08, wHPWL 4.048244E+08, Overflow 8.393671E-01, MaxDensity 2.445E+02, gamma 4.764573E+02, time 2.811ms
[INFO   ] DREAMPlace - full step 13.284 ms
[INFO   ] DREAMPlace - optimizer step 7.300 ms
[INFO   ] DREAMPlace - iteration  106, ( 106,  0,  0), Obj 2.512054E+08, DensityWeight 4.273414E-08, wHPWL 4.036675E+08, Overflow 8.394091E-01, MaxDensity 2.725E+02, gamma 4.763433E+02, time 1.966ms
[INFO   ] DREAMPlace - full step 9.827 ms
[INFO   ] DREAMPlace - optimizer step 7.314 ms
[INFO   ] DREAMPlace - iteration  107, ( 107,  0,  0), Obj 2.503489E+08, DensityWeight 4.439326E-08, wHPWL 4.025254E+08, Overflow 8.393888E-01, MaxDensity 2.635E+02, gamma 4.764456E+02, time 1.256ms
[INFO   ] DREAMPlace - full step 9.109 ms
[INFO   ] DREAMPlace - optimizer step 11.464 ms
[INFO   ] DREAMPlace - iteration  108, ( 108,  0,  0), Obj 2.495178E+08, DensityWeight 4.611219E-08, wHPWL 4.013944E+08, Overflow 8.395334E-01, MaxDensity 2.673E+02, gamma 4.763961E+02, time 1.252ms
[INFO   ] DREAMPlace - full step 13.254 ms
[INFO   ] DREAMPlace - optimizer step 7.513 ms
[INFO   ] DREAMPlace - iteration  109, ( 109,  0,  0), Obj 2.486458E+08, DensityWeight 4.789288E-08, wHPWL 4.002716E+08, Overflow 8.402230E-01, MaxDensity 2.606E+02, gamma 4.767489E+02, time 1.259ms
[INFO   ] DREAMPlace - full step 9.295 ms
[INFO   ] DREAMPlace - optimizer step 8.020 ms
[INFO   ] DREAMPlace - iteration  110, ( 110,  0,  0), Obj 2.476248E+08, DensityWeight 4.973737E-08, wHPWL 3.991621E+08, Overflow 8.408505E-01, MaxDensity 2.698E+02, gamma 4.784341E+02, time 1.264ms
[INFO   ] DREAMPlace - full step 10.042 ms
[INFO   ] DREAMPlace - optimizer step 9.865 ms
[INFO   ] DREAMPlace - iteration  111, ( 111,  0,  0), Obj 2.466238E+08, DensityWeight 5.164772E-08, wHPWL 3.980899E+08, Overflow 8.414636E-01, MaxDensity 2.680E+02, gamma 4.799727E+02, time 72.552ms
[INFO   ] DREAMPlace - full step 83.107 ms
[INFO   ] DREAMPlace - optimizer step 8.487 ms
[INFO   ] DREAMPlace - iteration  112, ( 112,  0,  0), Obj 2.456293E+08, DensityWeight 5.362609E-08, wHPWL 3.970541E+08, Overflow 8.420562E-01, MaxDensity 2.791E+02, gamma 4.814808E+02, time 1.251ms
[INFO   ] DREAMPlace - full step 10.313 ms
[INFO   ] DREAMPlace - optimizer step 7.476 ms
[INFO   ] DREAMPlace - iteration  113, ( 113,  0,  0), Obj 2.446430E+08, DensityWeight 5.567467E-08, wHPWL 3.960476E+08, Overflow 8.425314E-01, MaxDensity 2.634E+02, gamma 4.829430E+02, time 1.292ms
[INFO   ] DREAMPlace - full step 9.302 ms
[INFO   ] DREAMPlace - optimizer step 7.182 ms
[INFO   ] DREAMPlace - iteration  114, ( 114,  0,  0), Obj 2.436921E+08, DensityWeight 5.779573E-08, wHPWL 3.950684E+08, Overflow 8.432068E-01, MaxDensity 2.680E+02, gamma 4.841188E+02, time 1.241ms
[INFO   ] DREAMPlace - full step 8.953 ms
[INFO   ] DREAMPlace - optimizer step 7.151 ms
[INFO   ] DREAMPlace - iteration  115, ( 115,  0,  0), Obj 2.426904E+08, DensityWeight 5.999159E-08, wHPWL 3.941149E+08, Overflow 8.440436E-01, MaxDensity 2.708E+02, gamma 4.857948E+02, time 1.229ms
[INFO   ] DREAMPlace - full step 8.883 ms
[INFO   ] DREAMPlace - optimizer step 7.260 ms
[INFO   ] DREAMPlace - iteration  116, ( 116,  0,  0), Obj 2.416493E+08, DensityWeight 6.226465E-08, wHPWL 3.931934E+08, Overflow 8.446206E-01, MaxDensity 2.478E+02, gamma 4.878791E+02, time 1.249ms
[INFO   ] DREAMPlace - full step 9.026 ms
[INFO   ] DREAMPlace - optimizer step 7.205 ms
[INFO   ] DREAMPlace - iteration  117, ( 117,  0,  0), Obj 2.406842E+08, DensityWeight 6.461739E-08, wHPWL 3.923149E+08, Overflow 8.454458E-01, MaxDensity 2.650E+02, gamma 4.893218E+02, time 1.229ms
[INFO   ] DREAMPlace - full step 8.932 ms
[INFO   ] DREAMPlace - optimizer step 8.094 ms
[INFO   ] DREAMPlace - iteration  118, ( 118,  0,  0), Obj 2.396548E+08, DensityWeight 6.705231E-08, wHPWL 3.914650E+08, Overflow 8.460000E-01, MaxDensity 2.549E+02, gamma 4.913923E+02, time 1.237ms
[INFO   ] DREAMPlace - full step 9.818 ms
[INFO   ] DREAMPlace - optimizer step 7.131 ms
[INFO   ] DREAMPlace - iteration  119, ( 119,  0,  0), Obj 2.387038E+08, DensityWeight 6.957203E-08, wHPWL 3.906453E+08, Overflow 8.463986E-01, MaxDensity 2.525E+02, gamma 4.927878E+02, time 1.242ms
[INFO   ] DREAMPlace - full step 8.855 ms
[INFO   ] DREAMPlace - optimizer step 8.441 ms
[INFO   ] DREAMPlace - iteration  120, ( 120,  0,  0), Obj 2.377989E+08, DensityWeight 7.217922E-08, wHPWL 3.898440E+08, Overflow 8.467560E-01, MaxDensity 2.599E+02, gamma 4.937937E+02, time 1.238ms
[INFO   ] DREAMPlace - full step 10.150 ms
[INFO   ] DREAMPlace - optimizer step 7.160 ms
[INFO   ] DREAMPlace - iteration  121, ( 121,  0,  0), Obj 2.369081E+08, DensityWeight 7.487662E-08, wHPWL 3.890572E+08, Overflow 8.474922E-01, MaxDensity 2.543E+02, gamma 4.946978E+02, time 1.229ms
[INFO   ] DREAMPlace - full step 8.857 ms
[INFO   ] DREAMPlace - optimizer step 7.232 ms
[INFO   ] DREAMPlace - iteration  122, ( 122,  0,  0), Obj 2.359156E+08, DensityWeight 7.766707E-08, wHPWL 3.882817E+08, Overflow 8.482018E-01, MaxDensity 2.323E+02, gamma 4.965648E+02, time 1.233ms
[INFO   ] DREAMPlace - full step 8.943 ms
[INFO   ] DREAMPlace - optimizer step 7.073 ms
[INFO   ] DREAMPlace - iteration  123, ( 123,  0,  0), Obj 2.349329E+08, DensityWeight 8.055345E-08, wHPWL 3.875276E+08, Overflow 8.480663E-01, MaxDensity 2.392E+02, gamma 4.983712E+02, time 1.231ms
[INFO   ] DREAMPlace - full step 8.786 ms
[INFO   ] DREAMPlace - optimizer step 7.092 ms
[INFO   ] DREAMPlace - iteration  124, ( 124,  0,  0), Obj 2.341860E+08, DensityWeight 8.353874E-08, wHPWL 3.867890E+08, Overflow 8.480401E-01, MaxDensity 2.433E+02, gamma 4.980257E+02, time 1.240ms
[INFO   ] DREAMPlace - full step 8.792 ms
[INFO   ] DREAMPlace - optimizer step 7.050 ms
[INFO   ] DREAMPlace - iteration  125, ( 125,  0,  0), Obj 2.334120E+08, DensityWeight 8.662601E-08, wHPWL 3.860370E+08, Overflow 8.480572E-01, MaxDensity 2.633E+02, gamma 4.979589E+02, time 1.238ms
[INFO   ] DREAMPlace - full step 8.752 ms
[INFO   ] DREAMPlace - optimizer step 7.090 ms
[INFO   ] DREAMPlace - iteration  126, ( 126,  0,  0), Obj 2.326276E+08, DensityWeight 8.981839E-08, wHPWL 3.852819E+08, Overflow 8.479868E-01, MaxDensity 2.623E+02, gamma 4.980025E+02, time 1.226ms
[INFO   ] DREAMPlace - full step 8.792 ms
[INFO   ] DREAMPlace - optimizer step 7.107 ms
[INFO   ] DREAMPlace - iteration  127, ( 127,  0,  0), Obj 2.318676E+08, DensityWeight 9.311909E-08, wHPWL 3.845305E+08, Overflow 8.477473E-01, MaxDensity 2.547E+02, gamma 4.978232E+02, time 1.243ms
[INFO   ] DREAMPlace - full step 8.812 ms
[INFO   ] DREAMPlace - optimizer step 7.107 ms
[INFO   ] DREAMPlace - iteration  128, ( 128,  0,  0), Obj 2.311553E+08, DensityWeight 9.653144E-08, wHPWL 3.837791E+08, Overflow 8.478785E-01, MaxDensity 2.645E+02, gamma 4.972135E+02, time 1.263ms
[INFO   ] DREAMPlace - full step 8.841 ms
[INFO   ] DREAMPlace - optimizer step 7.087 ms
[INFO   ] DREAMPlace - iteration  129, ( 129,  0,  0), Obj 2.303408E+08, DensityWeight 1.000588E-07, wHPWL 3.830303E+08, Overflow 8.482419E-01, MaxDensity 2.410E+02, gamma 4.975472E+02, time 1.356ms
[INFO   ] DREAMPlace - full step 8.900 ms
[INFO   ] DREAMPlace - optimizer step 13.422 ms
[INFO   ] DREAMPlace - iteration  130, ( 130,  0,  0), Obj 2.294642E+08, DensityWeight 1.037047E-07, wHPWL 3.822960E+08, Overflow 8.480950E-01, MaxDensity 2.367E+02, gamma 4.984734E+02, time 1.238ms
[INFO   ] DREAMPlace - full step 15.133 ms
[INFO   ] DREAMPlace - optimizer step 7.070 ms
[INFO   ] DREAMPlace - iteration  131, ( 131,  0,  0), Obj 2.287344E+08, DensityWeight 1.074728E-07, wHPWL 3.815866E+08, Overflow 8.483008E-01, MaxDensity 2.337E+02, gamma 4.980987E+02, time 1.232ms
[INFO   ] DREAMPlace - full step 8.762 ms
[INFO   ] DREAMPlace - optimizer step 7.080 ms
[INFO   ] DREAMPlace - iteration  132, ( 132,  0,  0), Obj 2.279111E+08, DensityWeight 1.113665E-07, wHPWL 3.808879E+08, Overflow 8.486576E-01, MaxDensity 2.445E+02, gamma 4.986236E+02, time 1.228ms
[INFO   ] DREAMPlace - full step 8.770 ms
[INFO   ] DREAMPlace - optimizer step 12.824 ms
[INFO   ] DREAMPlace - iteration  133, ( 133,  0,  0), Obj 2.270496E+08, DensityWeight 1.153898E-07, wHPWL 3.802156E+08, Overflow 8.490140E-01, MaxDensity 2.367E+02, gamma 4.995347E+02, time 1.369ms
[INFO   ] DREAMPlace - full step 14.650 ms
[INFO   ] DREAMPlace - optimizer step 7.276 ms
[INFO   ] DREAMPlace - iteration  134, ( 134,  0,  0), Obj 2.261908E+08, DensityWeight 1.195466E-07, wHPWL 3.795698E+08, Overflow 8.492150E-01, MaxDensity 2.070E+02, gamma 5.004464E+02, time 7.497ms
[INFO   ] DREAMPlace - full step 15.236 ms
[INFO   ] DREAMPlace - optimizer step 7.047 ms
[INFO   ] DREAMPlace - iteration  135, ( 135,  0,  0), Obj 2.253761E+08, DensityWeight 1.238406E-07, wHPWL 3.789492E+08, Overflow 8.493482E-01, MaxDensity 2.086E+02, gamma 5.009617E+02, time 1.221ms
[INFO   ] DREAMPlace - full step 8.730 ms
[INFO   ] DREAMPlace - optimizer step 7.033 ms
[INFO   ] DREAMPlace - iteration  136, ( 136,  0,  0), Obj 2.245804E+08, DensityWeight 1.282761E-07, wHPWL 3.783452E+08, Overflow 8.495368E-01, MaxDensity 1.969E+02, gamma 5.013030E+02, time 1.230ms
[INFO   ] DREAMPlace - full step 8.735 ms
[INFO   ] DREAMPlace - optimizer step 13.302 ms
[INFO   ] DREAMPlace - iteration  137, ( 137,  0,  0), Obj 2.237704E+08, DensityWeight 1.328571E-07, wHPWL 3.777542E+08, Overflow 8.498747E-01, MaxDensity 1.963E+02, gamma 5.017871E+02, time 1.229ms
[INFO   ] DREAMPlace - full step 15.015 ms
[INFO   ] DREAMPlace - optimizer step 10.716 ms
[INFO   ] DREAMPlace - iteration  138, ( 138,  0,  0), Obj 2.229203E+08, DensityWeight 1.375880E-07, wHPWL 3.771717E+08, Overflow 8.497015E-01, MaxDensity 1.837E+02, gamma 5.026553E+02, time 1.234ms
[INFO   ] DREAMPlace - full step 12.417 ms
[INFO   ] DREAMPlace - optimizer step 10.746 ms
[INFO   ] DREAMPlace - iteration  139, ( 139,  0,  0), Obj 2.222187E+08, DensityWeight 1.424731E-07, wHPWL 3.766049E+08, Overflow 8.495019E-01, MaxDensity 1.842E+02, gamma 5.022102E+02, time 1.225ms
[INFO   ] DREAMPlace - full step 12.423 ms
[INFO   ] DREAMPlace - optimizer step 8.569 ms
[INFO   ] DREAMPlace - iteration  140, ( 140,  0,  0), Obj 2.215291E+08, DensityWeight 1.475169E-07, wHPWL 3.760375E+08, Overflow 8.492847E-01, MaxDensity 1.740E+02, gamma 5.016975E+02, time 1.625ms
[INFO   ] DREAMPlace - full step 10.677 ms
[INFO   ] DREAMPlace - optimizer step 7.014 ms
[INFO   ] DREAMPlace - iteration  141, ( 141,  0,  0), Obj 2.208461E+08, DensityWeight 1.527240E-07, wHPWL 3.754735E+08, Overflow 8.487704E-01, MaxDensity 1.681E+02, gamma 5.011402E+02, time 1.208ms
[INFO   ] DREAMPlace - full step 8.671 ms
[INFO   ] DREAMPlace - optimizer step 7.080 ms
[INFO   ] DREAMPlace - iteration  142, ( 142,  0,  0), Obj 2.202466E+08, DensityWeight 1.580990E-07, wHPWL 3.749139E+08, Overflow 8.482073E-01, MaxDensity 1.685E+02, gamma 4.998230E+02, time 1.225ms
[INFO   ] DREAMPlace - full step 8.764 ms
[INFO   ] DREAMPlace - optimizer step 7.013 ms
[INFO   ] DREAMPlace - iteration  143, ( 143,  0,  0), Obj 2.196584E+08, DensityWeight 1.636469E-07, wHPWL 3.743527E+08, Overflow 8.474050E-01, MaxDensity 1.691E+02, gamma 4.983851E+02, time 1.224ms
[INFO   ] DREAMPlace - full step 8.682 ms
[INFO   ] DREAMPlace - optimizer step 7.050 ms
[INFO   ] DREAMPlace - iteration  144, ( 144,  0,  0), Obj 2.191345E+08, DensityWeight 1.693725E-07, wHPWL 3.737821E+08, Overflow 8.474446E-01, MaxDensity 1.656E+02, gamma 4.963433E+02, time 1.210ms
[INFO   ] DREAMPlace - full step 8.720 ms
[INFO   ] DREAMPlace - optimizer step 7.335 ms
[INFO   ] DREAMPlace - iteration  145, ( 145,  0,  0), Obj 2.183641E+08, DensityWeight 1.752809E-07, wHPWL 3.731899E+08, Overflow 8.469400E-01, MaxDensity 1.702E+02, gamma 4.964438E+02, time 1.228ms
[INFO   ] DREAMPlace - full step 9.028 ms
[INFO   ] DREAMPlace - optimizer step 8.074 ms
[INFO   ] DREAMPlace - iteration  146, ( 146,  0,  0), Obj 2.177472E+08, DensityWeight 1.813773E-07, wHPWL 3.726057E+08, Overflow 8.461861E-01, MaxDensity 1.754E+02, gamma 4.951639E+02, time 4.848ms
[INFO   ] DREAMPlace - full step 13.444 ms
[INFO   ] DREAMPlace - optimizer step 7.365 ms
[INFO   ] DREAMPlace - iteration  147, ( 147,  0,  0), Obj 2.172003E+08, DensityWeight 1.876670E-07, wHPWL 3.720142E+08, Overflow 8.456697E-01, MaxDensity 1.630E+02, gamma 4.932573E+02, time 1.259ms
[INFO   ] DREAMPlace - full step 9.089 ms
[INFO   ] DREAMPlace - optimizer step 7.086 ms
[INFO   ] DREAMPlace - iteration  148, ( 148,  0,  0), Obj 2.165837E+08, DensityWeight 1.941553E-07, wHPWL 3.714101E+08, Overflow 8.451998E-01, MaxDensity 1.529E+02, gamma 4.919555E+02, time 1.228ms
[INFO   ] DREAMPlace - full step 8.791 ms
[INFO   ] DREAMPlace - optimizer step 7.104 ms
[INFO   ] DREAMPlace - iteration  149, ( 149,  0,  0), Obj 2.159535E+08, DensityWeight 2.008479E-07, wHPWL 3.708079E+08, Overflow 8.450202E-01, MaxDensity 1.534E+02, gamma 4.907741E+02, time 1.257ms
[INFO   ] DREAMPlace - full step 8.820 ms
[INFO   ] DREAMPlace - optimizer step 7.109 ms
[INFO   ] DREAMPlace - iteration  150, ( 150,  0,  0), Obj 2.152399E+08, DensityWeight 2.077503E-07, wHPWL 3.702115E+08, Overflow 8.452433E-01, MaxDensity 1.533E+02, gamma 4.903232E+02, time 1.242ms
[INFO   ] DREAMPlace - full step 8.815 ms
[INFO   ] DREAMPlace - optimizer step 7.125 ms
[INFO   ] DREAMPlace - iteration  151, ( 151,  0,  0), Obj 2.144108E+08, DensityWeight 2.148686E-07, wHPWL 3.696285E+08, Overflow 8.447320E-01, MaxDensity 1.539E+02, gamma 4.908833E+02, time 1.242ms
[INFO   ] DREAMPlace - full step 8.840 ms
[INFO   ] DREAMPlace - optimizer step 7.077 ms
[INFO   ] DREAMPlace - iteration  152, ( 152,  0,  0), Obj 2.137973E+08, DensityWeight 2.222085E-07, wHPWL 3.690657E+08, Overflow 8.445419E-01, MaxDensity 1.516E+02, gamma 4.896009E+02, time 1.242ms
[INFO   ] DREAMPlace - full step 8.786 ms
[INFO   ] DREAMPlace - optimizer step 7.212 ms
[INFO   ] DREAMPlace - iteration  153, ( 153,  0,  0), Obj 2.130915E+08, DensityWeight 2.297761E-07, wHPWL 3.684958E+08, Overflow 8.438166E-01, MaxDensity 1.462E+02, gamma 4.891249E+02, time 1.260ms
[INFO   ] DREAMPlace - full step 8.943 ms
[INFO   ] DREAMPlace - optimizer step 7.304 ms
[INFO   ] DREAMPlace - iteration  154, ( 154,  0,  0), Obj 2.125433E+08, DensityWeight 2.375777E-07, wHPWL 3.679300E+08, Overflow 8.432367E-01, MaxDensity 1.447E+02, gamma 4.873129E+02, time 1.241ms
[INFO   ] DREAMPlace - full step 9.000 ms
[INFO   ] DREAMPlace - optimizer step 7.096 ms
[INFO   ] DREAMPlace - iteration  155, ( 155,  0,  0), Obj 2.119535E+08, DensityWeight 2.456196E-07, wHPWL 3.673487E+08, Overflow 8.427234E-01, MaxDensity 1.437E+02, gamma 4.858689E+02, time 1.241ms
[INFO   ] DREAMPlace - full step 8.804 ms
[INFO   ] DREAMPlace - optimizer step 7.103 ms
[INFO   ] DREAMPlace - iteration  156, ( 156,  0,  0), Obj 2.113448E+08, DensityWeight 2.539084E-07, wHPWL 3.667593E+08, Overflow 8.424241E-01, MaxDensity 1.417E+02, gamma 4.845947E+02, time 1.232ms
[INFO   ] DREAMPlace - full step 8.799 ms
[INFO   ] DREAMPlace - optimizer step 7.087 ms
[INFO   ] DREAMPlace - iteration  157, ( 157,  0,  0), Obj 2.106733E+08, DensityWeight 2.624506E-07, wHPWL 3.661683E+08, Overflow 8.419583E-01, MaxDensity 1.360E+02, gamma 4.838530E+02, time 1.242ms
[INFO   ] DREAMPlace - full step 8.797 ms
[INFO   ] DREAMPlace - optimizer step 7.258 ms
[INFO   ] DREAMPlace - iteration  158, ( 158,  0,  0), Obj 2.100510E+08, DensityWeight 2.712530E-07, wHPWL 3.655825E+08, Overflow 8.415359E-01, MaxDensity 1.274E+02, gamma 4.827010E+02, time 1.247ms
[INFO   ] DREAMPlace - full step 9.032 ms
[INFO   ] DREAMPlace - optimizer step 7.591 ms
[INFO   ] DREAMPlace - iteration  159, ( 159,  0,  0), Obj 2.094159E+08, DensityWeight 2.803227E-07, wHPWL 3.649951E+08, Overflow 8.415613E-01, MaxDensity 1.221E+02, gamma 4.816589E+02, time 1.356ms
[INFO   ] DREAMPlace - full step 9.520 ms
[INFO   ] DREAMPlace - optimizer step 7.825 ms
[INFO   ] DREAMPlace - iteration  160, ( 160,  0,  0), Obj 2.086483E+08, DensityWeight 2.896666E-07, wHPWL 3.644082E+08, Overflow 8.413886E-01, MaxDensity 1.186E+02, gamma 4.817217E+02, time 1.372ms
[INFO   ] DREAMPlace - full step 9.760 ms
[INFO   ] DREAMPlace - optimizer step 7.590 ms
[INFO   ] DREAMPlace - iteration  161, ( 161,  0,  0), Obj 2.079393E+08, DensityWeight 2.992921E-07, wHPWL 3.638408E+08, Overflow 8.408857E-01, MaxDensity 1.144E+02, gamma 4.812961E+02, time 1.347ms
[INFO   ] DREAMPlace - full step 9.501 ms
[INFO   ] DREAMPlace - optimizer step 7.657 ms
[INFO   ] DREAMPlace - iteration  162, ( 162,  0,  0), Obj 2.073283E+08, DensityWeight 3.092065E-07, wHPWL 3.632835E+08, Overflow 8.399169E-01, MaxDensity 1.153E+02, gamma 4.800591E+02, time 1.363ms
[INFO   ] DREAMPlace - full step 9.585 ms
[INFO   ] DREAMPlace - optimizer step 7.610 ms
[INFO   ] DREAMPlace - iteration  163, ( 163,  0,  0), Obj 2.068563E+08, DensityWeight 3.194174E-07, wHPWL 3.627261E+08, Overflow 8.390514E-01, MaxDensity 1.157E+02, gamma 4.776854E+02, time 1.391ms
[INFO   ] DREAMPlace - full step 9.575 ms
[INFO   ] DREAMPlace - optimizer step 7.603 ms
[INFO   ] DREAMPlace - iteration  164, ( 164,  0,  0), Obj 2.063541E+08, DensityWeight 3.299325E-07, wHPWL 3.621554E+08, Overflow 8.386723E-01, MaxDensity 1.143E+02, gamma 4.755745E+02, time 1.362ms
[INFO   ] DREAMPlace - full step 9.537 ms
[INFO   ] DREAMPlace - optimizer step 7.660 ms
[INFO   ] DREAMPlace - iteration  165, ( 165,  0,  0), Obj 2.057062E+08, DensityWeight 3.407597E-07, wHPWL 3.615809E+08, Overflow 8.385008E-01, MaxDensity 1.190E+02, gamma 4.746528E+02, time 1.347ms
[INFO   ] DREAMPlace - full step 9.589 ms
[INFO   ] DREAMPlace - optimizer step 7.707 ms
[INFO   ] DREAMPlace - iteration  166, ( 166,  0,  0), Obj 2.049955E+08, DensityWeight 3.519070E-07, wHPWL 3.610228E+08, Overflow 8.376579E-01, MaxDensity 1.156E+02, gamma 4.742366E+02, time 1.356ms
[INFO   ] DREAMPlace - full step 9.668 ms
[INFO   ] DREAMPlace - optimizer step 9.620 ms
[INFO   ] DREAMPlace - iteration  167, ( 167,  0,  0), Obj 2.044866E+08, DensityWeight 3.633826E-07, wHPWL 3.604858E+08, Overflow 8.367903E-01, MaxDensity 1.126E+02, gamma 4.721957E+02, time 1.873ms
[INFO   ] DREAMPlace - full step 12.162 ms
[INFO   ] DREAMPlace - optimizer step 8.260 ms
[INFO   ] DREAMPlace - iteration  168, ( 168,  0,  0), Obj 2.039862E+08, DensityWeight 3.751948E-07, wHPWL 3.599444E+08, Overflow 8.357510E-01, MaxDensity 1.258E+02, gamma 4.701039E+02, time 1.473ms
[INFO   ] DREAMPlace - full step 10.426 ms
[INFO   ] DREAMPlace - optimizer step 8.186 ms
[INFO   ] DREAMPlace - iteration  169, ( 169,  0,  0), Obj 2.035390E+08, DensityWeight 3.873524E-07, wHPWL 3.594024E+08, Overflow 8.347571E-01, MaxDensity 1.207E+02, gamma 4.676105E+02, time 1.492ms
[INFO   ] DREAMPlace - full step 10.334 ms
[INFO   ] DREAMPlace - optimizer step 8.077 ms
[INFO   ] DREAMPlace - iteration  170, ( 170,  0,  0), Obj 2.030798E+08, DensityWeight 3.998639E-07, wHPWL 3.588538E+08, Overflow 8.340581E-01, MaxDensity 1.250E+02, gamma 4.652384E+02, time 1.425ms
[INFO   ] DREAMPlace - full step 10.119 ms
[INFO   ] DREAMPlace - optimizer step 8.293 ms
[INFO   ] DREAMPlace - iteration  171, ( 171,  0,  0), Obj 2.025324E+08, DensityWeight 4.127382E-07, wHPWL 3.583025E+08, Overflow 8.331672E-01, MaxDensity 1.238E+02, gamma 4.635775E+02, time 1.483ms
[INFO   ] DREAMPlace - full step 10.434 ms
[INFO   ] DREAMPlace - optimizer step 8.494 ms
[INFO   ] DREAMPlace - iteration  172, ( 172,  0,  0), Obj 2.020457E+08, DensityWeight 4.259844E-07, wHPWL 3.577595E+08, Overflow 8.322160E-01, MaxDensity 1.186E+02, gamma 4.614690E+02, time 1.455ms
[INFO   ] DREAMPlace - full step 10.641 ms
[INFO   ] DREAMPlace - optimizer step 8.232 ms
[INFO   ] DREAMPlace - iteration  173, ( 173,  0,  0), Obj 2.015808E+08, DensityWeight 4.396118E-07, wHPWL 3.572173E+08, Overflow 8.304874E-01, MaxDensity 1.070E+02, gamma 4.592283E+02, time 1.460ms
[INFO   ] DREAMPlace - full step 10.369 ms
[INFO   ] DREAMPlace - optimizer step 8.831 ms
[INFO   ] DREAMPlace - iteration  174, ( 174,  0,  0), Obj 2.013594E+08, DensityWeight 4.536298E-07, wHPWL 3.566729E+08, Overflow 8.283707E-01, MaxDensity 1.198E+02, gamma 4.551845E+02, time 9.135ms
[INFO   ] DREAMPlace - full step 18.658 ms
[INFO   ] DREAMPlace - optimizer step 8.230 ms
[INFO   ] DREAMPlace - iteration  175, ( 175,  0,  0), Obj 2.012651E+08, DensityWeight 4.680479E-07, wHPWL 3.561019E+08, Overflow 8.265650E-01, MaxDensity 1.285E+02, gamma 4.502810E+02, time 1.460ms
[INFO   ] DREAMPlace - full step 10.413 ms
[INFO   ] DREAMPlace - optimizer step 14.992 ms
[INFO   ] DREAMPlace - iteration  176, ( 176,  0,  0), Obj 2.010828E+08, DensityWeight 4.828760E-07, wHPWL 3.554998E+08, Overflow 8.249641E-01, MaxDensity 1.278E+02, gamma 4.461398E+02, time 1.455ms
[INFO   ] DREAMPlace - full step 17.118 ms
[INFO   ] DREAMPlace - optimizer step 31.801 ms
[INFO   ] DREAMPlace - iteration  177, ( 177,  0,  0), Obj 2.008461E+08, DensityWeight 4.981241E-07, wHPWL 3.548885E+08, Overflow 8.226825E-01, MaxDensity 1.118E+02, gamma 4.425002E+02, time 1.452ms
[INFO   ] DREAMPlace - full step 33.848 ms
[INFO   ] DREAMPlace - optimizer step 7.090 ms
[INFO   ] DREAMPlace - iteration  178, ( 178,  0,  0), Obj 2.008333E+08, DensityWeight 5.138023E-07, wHPWL 3.542776E+08, Overflow 8.209003E-01, MaxDensity 1.277E+02, gamma 4.373642E+02, time 1.256ms
[INFO   ] DREAMPlace - full step 8.814 ms
[INFO   ] DREAMPlace - optimizer step 7.098 ms
[INFO   ] DREAMPlace - iteration  179, ( 179,  0,  0), Obj 2.006761E+08, DensityWeight 5.299210E-07, wHPWL 3.536399E+08, Overflow 8.191649E-01, MaxDensity 1.310E+02, gamma 4.333938E+02, time 1.240ms
[INFO   ] DREAMPlace - full step 8.809 ms
[INFO   ] DREAMPlace - optimizer step 7.069 ms
[INFO   ] DREAMPlace - iteration  180, ( 180,  0,  0), Obj 2.005144E+08, DensityWeight 5.464906E-07, wHPWL 3.530022E+08, Overflow 8.175976E-01, MaxDensity 1.117E+02, gamma 4.295625E+02, time 1.235ms
[INFO   ] DREAMPlace - full step 8.770 ms
[INFO   ] DREAMPlace - optimizer step 11.160 ms
[INFO   ] DREAMPlace - iteration  181, ( 181,  0,  0), Obj 2.003110E+08, DensityWeight 5.635220E-07, wHPWL 3.523772E+08, Overflow 8.160536E-01, MaxDensity 1.272E+02, gamma 4.261313E+02, time 1.296ms
[INFO   ] DREAMPlace - full step 12.938 ms
[INFO   ] DREAMPlace - optimizer step 7.123 ms
[INFO   ] DREAMPlace - iteration  182, ( 182,  0,  0), Obj 2.001104E+08, DensityWeight 5.810260E-07, wHPWL 3.517677E+08, Overflow 8.147441E-01, MaxDensity 1.229E+02, gamma 4.227779E+02, time 1.245ms
[INFO   ] DREAMPlace - full step 8.854 ms
[INFO   ] DREAMPlace - optimizer step 7.063 ms
[INFO   ] DREAMPlace - iteration  183, ( 183,  0,  0), Obj 1.998440E+08, DensityWeight 5.990139E-07, wHPWL 3.511642E+08, Overflow 8.134324E-01, MaxDensity 1.186E+02, gamma 4.199547E+02, time 1.225ms
[INFO   ] DREAMPlace - full step 8.773 ms
[INFO   ] DREAMPlace - optimizer step 7.072 ms
[INFO   ] DREAMPlace - iteration  184, ( 184,  0,  0), Obj 1.995844E+08, DensityWeight 6.174969E-07, wHPWL 3.505683E+08, Overflow 8.120648E-01, MaxDensity 1.232E+02, gamma 4.171453E+02, time 1.244ms
[INFO   ] DREAMPlace - full step 8.794 ms
[INFO   ] DREAMPlace - optimizer step 7.066 ms
[INFO   ] DREAMPlace - iteration  185, ( 185,  0,  0), Obj 1.993476E+08, DensityWeight 6.364866E-07, wHPWL 3.499802E+08, Overflow 8.099779E-01, MaxDensity 1.135E+02, gamma 4.142365E+02, time 1.235ms
[INFO   ] DREAMPlace - full step 8.805 ms
[INFO   ] DREAMPlace - optimizer step 7.113 ms
[INFO   ] DREAMPlace - iteration  186, ( 186,  0,  0), Obj 1.993447E+08, DensityWeight 6.559946E-07, wHPWL 3.493940E+08, Overflow 8.076267E-01, MaxDensity 1.211E+02, gamma 4.098367E+02, time 1.234ms
[INFO   ] DREAMPlace - full step 8.834 ms
[INFO   ] DREAMPlace - optimizer step 7.079 ms
[INFO   ] DREAMPlace - iteration  187, ( 187,  0,  0), Obj 1.994336E+08, DensityWeight 6.760329E-07, wHPWL 3.487802E+08, Overflow 8.055623E-01, MaxDensity 1.110E+02, gamma 4.049355E+02, time 1.238ms
[INFO   ] DREAMPlace - full step 8.808 ms
[INFO   ] DREAMPlace - optimizer step 7.165 ms
[INFO   ] DREAMPlace - iteration  188, ( 188,  0,  0), Obj 1.994396E+08, DensityWeight 6.966137E-07, wHPWL 3.481349E+08, Overflow 8.039480E-01, MaxDensity 1.177E+02, gamma 4.006805E+02, time 1.230ms
[INFO   ] DREAMPlace - full step 8.880 ms
[INFO   ] DREAMPlace - optimizer step 7.107 ms
[INFO   ] DREAMPlace - iteration  189, ( 189,  0,  0), Obj 1.993112E+08, DensityWeight 7.177492E-07, wHPWL 3.474804E+08, Overflow 8.029303E-01, MaxDensity 1.084E+02, gamma 3.973846E+02, time 1.222ms
[INFO   ] DREAMPlace - full step 8.817 ms
[INFO   ] DREAMPlace - optimizer step 7.381 ms
[INFO   ] DREAMPlace - iteration  190, ( 190,  0,  0), Obj 1.990036E+08, DensityWeight 7.394520E-07, wHPWL 3.468419E+08, Overflow 8.019935E-01, MaxDensity 1.101E+02, gamma 3.953206E+02, time 1.233ms
[INFO   ] DREAMPlace - full step 9.126 ms
[INFO   ] DREAMPlace - optimizer step 7.204 ms
[INFO   ] DREAMPlace - iteration  191, ( 191,  0,  0), Obj 1.986815E+08, DensityWeight 7.617350E-07, wHPWL 3.462380E+08, Overflow 8.011572E-01, MaxDensity 1.082E+02, gamma 3.934301E+02, time 1.271ms
[INFO   ] DREAMPlace - full step 8.971 ms
[INFO   ] DREAMPlace - optimizer step 8.547 ms
[INFO   ] DREAMPlace - iteration  192, ( 192,  0,  0), Obj 1.983388E+08, DensityWeight 7.846108E-07, wHPWL 3.456724E+08, Overflow 8.004756E-01, MaxDensity 1.017E+02, gamma 3.917502E+02, time 1.234ms
[INFO   ] DREAMPlace - full step 10.282 ms
[INFO   ] DREAMPlace - optimizer step 7.248 ms
[INFO   ] DREAMPlace - iteration  193, ( 193,  0,  0), Obj 1.979592E+08, DensityWeight 8.080929E-07, wHPWL 3.451497E+08, Overflow 7.996285E-01, MaxDensity 1.020E+02, gamma 3.903864E+02, time 1.222ms
[INFO   ] DREAMPlace - full step 8.963 ms
[INFO   ] DREAMPlace - optimizer step 7.184 ms
[INFO   ] DREAMPlace - iteration  194, ( 194,  0,  0), Obj 1.976442E+08, DensityWeight 8.321945E-07, wHPWL 3.446649E+08, Overflow 7.974230E-01, MaxDensity 9.212E+01, gamma 3.886978E+02, time 1.240ms
[INFO   ] DREAMPlace - full step 8.945 ms
[INFO   ] DREAMPlace - optimizer step 7.396 ms
[INFO   ] DREAMPlace - iteration  195, ( 195,  0,  0), Obj 1.977696E+08, DensityWeight 8.569293E-07, wHPWL 3.441820E+08, Overflow 7.952475E-01, MaxDensity 1.004E+02, gamma 3.843359E+02, time 1.239ms
[INFO   ] DREAMPlace - full step 9.131 ms
[INFO   ] DREAMPlace - optimizer step 7.061 ms
[INFO   ] DREAMPlace - iteration  196, ( 196,  0,  0), Obj 1.978958E+08, DensityWeight 8.823110E-07, wHPWL 3.436571E+08, Overflow 7.929034E-01, MaxDensity 9.304E+01, gamma 3.800813E+02, time 1.228ms
[INFO   ] DREAMPlace - full step 8.811 ms
[INFO   ] DREAMPlace - optimizer step 7.198 ms
[INFO   ] DREAMPlace - iteration  197, ( 197,  0,  0), Obj 1.980830E+08, DensityWeight 9.083537E-07, wHPWL 3.431109E+08, Overflow 7.905785E-01, MaxDensity 9.131E+01, gamma 3.755496E+02, time 1.250ms
[INFO   ] DREAMPlace - full step 8.949 ms
[INFO   ] DREAMPlace - optimizer step 7.075 ms
[INFO   ] DREAMPlace - iteration  198, ( 198,  0,  0), Obj 1.982714E+08, DensityWeight 9.350715E-07, wHPWL 3.425413E+08, Overflow 7.889893E-01, MaxDensity 9.416E+01, gamma 3.711087E+02, time 1.265ms
[INFO   ] DREAMPlace - full step 8.828 ms
[INFO   ] DREAMPlace - optimizer step 7.108 ms
[INFO   ] DREAMPlace - iteration  199, ( 199,  0,  0), Obj 1.982347E+08, DensityWeight 9.624789E-07, wHPWL 3.419539E+08, Overflow 7.872564E-01, MaxDensity 8.741E+01, gamma 3.681031E+02, time 1.232ms
[INFO   ] DREAMPlace - full step 8.830 ms
[INFO   ] DREAMPlace - optimizer step 7.893 ms
[INFO   ] DREAMPlace - iteration  200, ( 200,  0,  0), Obj 1.982553E+08, DensityWeight 9.905906E-07, wHPWL 3.413782E+08, Overflow 7.863922E-01, MaxDensity 9.069E+01, gamma 3.648535E+02, time 1.265ms
[INFO   ] DREAMPlace - full step 9.653 ms
[INFO   ] DREAMPlace - optimizer step 8.744 ms
[INFO   ] DREAMPlace - iteration  201, ( 201,  0,  0), Obj 1.980165E+08, DensityWeight 1.019421E-06, wHPWL 3.408013E+08, Overflow 7.863479E-01, MaxDensity 8.607E+01, gamma 3.632437E+02, time 1.502ms
[INFO   ] DREAMPlace - full step 10.721 ms
[INFO   ] DREAMPlace - optimizer step 7.074 ms
[INFO   ] DREAMPlace - iteration  202, ( 202,  0,  0), Obj 1.975362E+08, DensityWeight 1.048986E-06, wHPWL 3.402598E+08, Overflow 7.859759E-01, MaxDensity 8.491E+01, gamma 3.631615E+02, time 1.245ms
[INFO   ] DREAMPlace - full step 8.819 ms
[INFO   ] DREAMPlace - optimizer step 8.177 ms
[INFO   ] DREAMPlace - iteration  203, ( 203,  0,  0), Obj 1.971796E+08, DensityWeight 1.079407E-06, wHPWL 3.397811E+08, Overflow 7.845507E-01, MaxDensity 8.728E+01, gamma 3.624708E+02, time 1.313ms
[INFO   ] DREAMPlace - full step 9.973 ms
[INFO   ] DREAMPlace - optimizer step 7.401 ms
[INFO   ] DREAMPlace - iteration  204, ( 204,  0,  0), Obj 1.971746E+08, DensityWeight 1.110710E-06, wHPWL 3.393452E+08, Overflow 7.833086E-01, MaxDensity 7.755E+01, gamma 3.598370E+02, time 1.245ms
[INFO   ] DREAMPlace - full step 9.124 ms
[INFO   ] DREAMPlace - optimizer step 10.922 ms
[INFO   ] DREAMPlace - iteration  205, ( 205,  0,  0), Obj 1.971329E+08, DensityWeight 1.142921E-06, wHPWL 3.389084E+08, Overflow 7.824585E-01, MaxDensity 8.448E+01, gamma 3.575573E+02, time 1.229ms
[INFO   ] DREAMPlace - full step 12.663 ms
[INFO   ] DREAMPlace - optimizer step 10.130 ms
[INFO   ] DREAMPlace - iteration  206, ( 206,  0,  0), Obj 1.969864E+08, DensityWeight 1.176065E-06, wHPWL 3.384863E+08, Overflow 7.815974E-01, MaxDensity 7.753E+01, gamma 3.560053E+02, time 2.373ms
[INFO   ] DREAMPlace - full step 12.995 ms
[INFO   ] DREAMPlace - optimizer step 7.328 ms
[INFO   ] DREAMPlace - iteration  207, ( 207,  0,  0), Obj 1.968588E+08, DensityWeight 1.210171E-06, wHPWL 3.380915E+08, Overflow 7.802573E-01, MaxDensity 8.064E+01, gamma 3.544403E+02, time 1.233ms
[INFO   ] DREAMPlace - full step 9.053 ms
[INFO   ] DREAMPlace - optimizer step 7.236 ms
[INFO   ] DREAMPlace - iteration  208, ( 208,  0,  0), Obj 1.968941E+08, DensityWeight 1.245266E-06, wHPWL 3.377179E+08, Overflow 7.783768E-01, MaxDensity 8.271E+01, gamma 3.520182E+02, time 1.212ms
[INFO   ] DREAMPlace - full step 8.932 ms
[INFO   ] DREAMPlace - optimizer step 7.852 ms
[INFO   ] DREAMPlace - iteration  209, ( 209,  0,  0), Obj 1.971101E+08, DensityWeight 1.281379E-06, wHPWL 3.373478E+08, Overflow 7.753540E-01, MaxDensity 7.523E+01, gamma 3.486471E+02, time 1.254ms
[INFO   ] DREAMPlace - full step 9.591 ms
[INFO   ] DREAMPlace - optimizer step 7.218 ms
[INFO   ] DREAMPlace - iteration  210, ( 210,  0,  0), Obj 1.976931E+08, DensityWeight 1.318539E-06, wHPWL 3.369659E+08, Overflow 7.724189E-01, MaxDensity 7.473E+01, gamma 3.432960E+02, time 1.242ms
[INFO   ] DREAMPlace - full step 8.990 ms
[INFO   ] DREAMPlace - optimizer step 7.345 ms
[INFO   ] DREAMPlace - iteration  211, ( 211,  0,  0), Obj 1.982582E+08, DensityWeight 1.356777E-06, wHPWL 3.365351E+08, Overflow 7.704148E-01, MaxDensity 7.206E+01, gamma 3.381787E+02, time 1.213ms
[INFO   ] DREAMPlace - full step 9.051 ms
[INFO   ] DREAMPlace - optimizer step 7.269 ms
[INFO   ] DREAMPlace - iteration  212, ( 212,  0,  0), Obj 1.985394E+08, DensityWeight 1.396123E-06, wHPWL 3.360771E+08, Overflow 7.680417E-01, MaxDensity 6.527E+01, gamma 3.347285E+02, time 1.198ms
[INFO   ] DREAMPlace - full step 8.966 ms
[INFO   ] DREAMPlace - optimizer step 7.274 ms
[INFO   ] DREAMPlace - iteration  213, ( 213,  0,  0), Obj 1.989409E+08, DensityWeight 1.436611E-06, wHPWL 3.356293E+08, Overflow 7.656618E-01, MaxDensity 6.893E+01, gamma 3.306885E+02, time 1.218ms
[INFO   ] DREAMPlace - full step 8.967 ms
[INFO   ] DREAMPlace - optimizer step 7.216 ms
[INFO   ] DREAMPlace - iteration  214, ( 214,  0,  0), Obj 1.993496E+08, DensityWeight 1.478273E-06, wHPWL 3.351708E+08, Overflow 7.637722E-01, MaxDensity 6.465E+01, gamma 3.266860E+02, time 1.222ms
[INFO   ] DREAMPlace - full step 8.920 ms
[INFO   ] DREAMPlace - optimizer step 7.864 ms
[INFO   ] DREAMPlace - iteration  215, ( 215,  0,  0), Obj 1.996105E+08, DensityWeight 1.521143E-06, wHPWL 3.347015E+08, Overflow 7.621072E-01, MaxDensity 6.324E+01, gamma 3.235426E+02, time 1.224ms
[INFO   ] DREAMPlace - full step 9.582 ms
[INFO   ] DREAMPlace - optimizer step 7.256 ms
[INFO   ] DREAMPlace - iteration  216, ( 216,  0,  0), Obj 1.998058E+08, DensityWeight 1.565256E-06, wHPWL 3.342434E+08, Overflow 7.606252E-01, MaxDensity 6.581E+01, gamma 3.207979E+02, time 1.254ms
[INFO   ] DREAMPlace - full step 8.995 ms
[INFO   ] DREAMPlace - optimizer step 7.219 ms
[INFO   ] DREAMPlace - iteration  217, ( 217,  0,  0), Obj 1.999502E+08, DensityWeight 1.610648E-06, wHPWL 3.337989E+08, Overflow 7.583508E-01, MaxDensity 6.448E+01, gamma 3.183745E+02, time 1.230ms
[INFO   ] DREAMPlace - full step 8.940 ms
[INFO   ] DREAMPlace - optimizer step 8.631 ms
[INFO   ] DREAMPlace - iteration  218, ( 218,  0,  0), Obj 2.003438E+08, DensityWeight 1.657357E-06, wHPWL 3.333715E+08, Overflow 7.569510E-01, MaxDensity 6.176E+01, gamma 3.146907E+02, time 1.251ms
[INFO   ] DREAMPlace - full step 10.648 ms
[INFO   ] DREAMPlace - optimizer step 7.106 ms
[INFO   ] DREAMPlace - iteration  219, ( 219,  0,  0), Obj 2.004773E+08, DensityWeight 1.705421E-06, wHPWL 3.329277E+08, Overflow 7.559125E-01, MaxDensity 6.198E+01, gamma 3.124448E+02, time 1.230ms
[INFO   ] DREAMPlace - full step 8.844 ms
[INFO   ] DREAMPlace - optimizer step 13.649 ms
[INFO   ] DREAMPlace - iteration  220, ( 220,  0,  0), Obj 2.005094E+08, DensityWeight 1.754878E-06, wHPWL 3.325122E+08, Overflow 7.550851E-01, MaxDensity 6.693E+01, gamma 3.107888E+02, time 2.062ms
[INFO   ] DREAMPlace - full step 16.204 ms
[INFO   ] DREAMPlace - optimizer step 7.299 ms
[INFO   ] DREAMPlace - iteration  221, ( 221,  0,  0), Obj 2.004906E+08, DensityWeight 1.805770E-06, wHPWL 3.321369E+08, Overflow 7.535609E-01, MaxDensity 5.971E+01, gamma 3.094759E+02, time 1.212ms
[INFO   ] DREAMPlace - full step 8.995 ms
[INFO   ] DREAMPlace - optimizer step 7.775 ms
[INFO   ] DREAMPlace - iteration  222, ( 222,  0,  0), Obj 2.006961E+08, DensityWeight 1.858137E-06, wHPWL 3.318015E+08, Overflow 7.517924E-01, MaxDensity 6.016E+01, gamma 3.070716E+02, time 1.216ms
[INFO   ] DREAMPlace - full step 9.489 ms
[INFO   ] DREAMPlace - optimizer step 7.263 ms
[INFO   ] DREAMPlace - iteration  223, ( 223,  0,  0), Obj 2.009878E+08, DensityWeight 1.912023E-06, wHPWL 3.314671E+08, Overflow 7.490532E-01, MaxDensity 6.403E+01, gamma 3.043054E+02, time 1.230ms
[INFO   ] DREAMPlace - full step 8.978 ms
[INFO   ] DREAMPlace - optimizer step 7.411 ms
[INFO   ] DREAMPlace - iteration  224, ( 224,  0,  0), Obj 2.015814E+08, DensityWeight 1.967472E-06, wHPWL 3.311299E+08, Overflow 7.469565E-01, MaxDensity 6.691E+01, gamma 3.000699E+02, time 1.198ms
[INFO   ] DREAMPlace - full step 9.134 ms
[INFO   ] DREAMPlace - optimizer step 7.350 ms
[INFO   ] DREAMPlace - iteration  225, ( 225,  0,  0), Obj 2.019953E+08, DensityWeight 2.024528E-06, wHPWL 3.307522E+08, Overflow 7.449999E-01, MaxDensity 6.034E+01, gamma 2.968678E+02, time 1.241ms
[INFO   ] DREAMPlace - full step 9.109 ms
[INFO   ] DREAMPlace - optimizer step 7.139 ms
[INFO   ] DREAMPlace - iteration  226, ( 226,  0,  0), Obj 2.023790E+08, DensityWeight 2.083240E-06, wHPWL 3.303687E+08, Overflow 7.423312E-01, MaxDensity 6.249E+01, gamma 2.939106E+02, time 1.224ms
[INFO   ] DREAMPlace - full step 8.884 ms
[INFO   ] DREAMPlace - optimizer step 7.218 ms
[INFO   ] DREAMPlace - iteration  227, ( 227,  0,  0), Obj 2.029849E+08, DensityWeight 2.143654E-06, wHPWL 3.299820E+08, Overflow 7.402741E-01, MaxDensity 6.448E+01, gamma 2.899244E+02, time 1.235ms
[INFO   ] DREAMPlace - full step 8.981 ms
[INFO   ] DREAMPlace - optimizer step 7.142 ms
[INFO   ] DREAMPlace - iteration  228, ( 228,  0,  0), Obj 2.034180E+08, DensityWeight 2.205820E-06, wHPWL 3.295640E+08, Overflow 7.384542E-01, MaxDensity 5.766E+01, gamma 2.868887E+02, time 1.263ms
[INFO   ] DREAMPlace - full step 8.901 ms
[INFO   ] DREAMPlace - optimizer step 7.248 ms
[INFO   ] DREAMPlace - iteration  229, ( 229,  0,  0), Obj 2.037893E+08, DensityWeight 2.269789E-06, wHPWL 3.291492E+08, Overflow 7.364546E-01, MaxDensity 5.430E+01, gamma 2.842295E+02, time 1.214ms
[INFO   ] DREAMPlace - full step 8.985 ms
[INFO   ] DREAMPlace - optimizer step 7.352 ms
[INFO   ] DREAMPlace - iteration  230, ( 230,  0,  0), Obj 2.042220E+08, DensityWeight 2.335613E-06, wHPWL 3.287501E+08, Overflow 7.341636E-01, MaxDensity 5.659E+01, gamma 2.813362E+02, time 1.230ms
[INFO   ] DREAMPlace - full step 9.070 ms
[INFO   ] DREAMPlace - optimizer step 7.080 ms
[INFO   ] DREAMPlace - iteration  231, ( 231,  0,  0), Obj 2.047494E+08, DensityWeight 2.403346E-06, wHPWL 3.283540E+08, Overflow 7.326350E-01, MaxDensity 5.681E+01, gamma 2.780576E+02, time 1.200ms
[INFO   ] DREAMPlace - full step 8.816 ms
[INFO   ] DREAMPlace - optimizer step 7.180 ms
[INFO   ] DREAMPlace - iteration  232, ( 232,  0,  0), Obj 2.050656E+08, DensityWeight 2.473043E-06, wHPWL 3.279517E+08, Overflow 7.318835E-01, MaxDensity 7.749E+01, gamma 2.758912E+02, time 1.260ms
[INFO   ] DREAMPlace - full step 8.959 ms
[INFO   ] DREAMPlace - optimizer step 7.568 ms
[INFO   ] DREAMPlace - iteration  233, ( 233,  0,  0), Obj 2.051711E+08, DensityWeight 2.544761E-06, wHPWL 3.275793E+08, Overflow 7.312024E-01, MaxDensity 5.340E+01, gamma 2.748322E+02, time 1.262ms
[INFO   ] DREAMPlace - full step 9.342 ms
[INFO   ] DREAMPlace - optimizer step 8.249 ms
[INFO   ] DREAMPlace - iteration  234, ( 234,  0,  0), Obj 2.052710E+08, DensityWeight 2.618559E-06, wHPWL 3.272619E+08, Overflow 7.298456E-01, MaxDensity 5.315E+01, gamma 2.738760E+02, time 1.275ms
[INFO   ] DREAMPlace - full step 10.042 ms
[INFO   ] DREAMPlace - optimizer step 7.087 ms
[INFO   ] DREAMPlace - iteration  235, ( 235,  0,  0), Obj 2.055760E+08, DensityWeight 2.694498E-06, wHPWL 3.269928E+08, Overflow 7.281386E-01, MaxDensity 6.334E+01, gamma 2.719813E+02, time 1.213ms
[INFO   ] DREAMPlace - full step 8.803 ms
[INFO   ] DREAMPlace - optimizer step 7.083 ms
[INFO   ] DREAMPlace - iteration  236, ( 236,  0,  0), Obj 2.059890E+08, DensityWeight 2.772638E-06, wHPWL 3.267430E+08, Overflow 7.269226E-01, MaxDensity 7.135E+01, gamma 2.696159E+02, time 1.221ms
[INFO   ] DREAMPlace - full step 8.806 ms
[INFO   ] DREAMPlace - optimizer step 7.221 ms
[INFO   ] DREAMPlace - iteration  237, ( 237,  0,  0), Obj 2.062743E+08, DensityWeight 2.853045E-06, wHPWL 3.264977E+08, Overflow 7.259663E-01, MaxDensity 6.603E+01, gamma 2.679436E+02, time 1.216ms
[INFO   ] DREAMPlace - full step 8.936 ms
[INFO   ] DREAMPlace - optimizer step 7.144 ms
[INFO   ] DREAMPlace - iteration  238, ( 238,  0,  0), Obj 2.065001E+08, DensityWeight 2.935783E-06, wHPWL 3.262838E+08, Overflow 7.255831E-01, MaxDensity 5.535E+01, gamma 2.666358E+02, time 1.229ms
[INFO   ] DREAMPlace - full step 8.875 ms
[INFO   ] DREAMPlace - optimizer step 7.090 ms
[INFO   ] DREAMPlace - iteration  239, ( 239,  0,  0), Obj 2.065784E+08, DensityWeight 3.020921E-06, wHPWL 3.261049E+08, Overflow 7.250750E-01, MaxDensity 5.369E+01, gamma 2.661135E+02, time 1.241ms
[INFO   ] DREAMPlace - full step 8.835 ms
[INFO   ] DREAMPlace - optimizer step 7.123 ms
[INFO   ] DREAMPlace - iteration  240, ( 240,  0,  0), Obj 2.067036E+08, DensityWeight 3.108528E-06, wHPWL 3.259764E+08, Overflow 7.244618E-01, MaxDensity 5.264E+01, gamma 2.654224E+02, time 1.241ms
[INFO   ] DREAMPlace - full step 8.866 ms
[INFO   ] DREAMPlace - optimizer step 7.114 ms
[INFO   ] DREAMPlace - iteration  241, ( 241,  0,  0), Obj 2.068711E+08, DensityWeight 3.198675E-06, wHPWL 3.258826E+08, Overflow 7.235943E-01, MaxDensity 4.913E+01, gamma 2.645909E+02, time 1.209ms
[INFO   ] DREAMPlace - full step 8.827 ms
[INFO   ] DREAMPlace - optimizer step 7.056 ms
[INFO   ] DREAMPlace - iteration  242, ( 242,  0,  0), Obj 2.071235E+08, DensityWeight 3.291437E-06, wHPWL 3.258215E+08, Overflow 7.227314E-01, MaxDensity 5.291E+01, gamma 2.634191E+02, time 1.215ms
[INFO   ] DREAMPlace - full step 8.758 ms
[INFO   ] DREAMPlace - optimizer step 7.098 ms
[INFO   ] DREAMPlace - iteration  243, ( 243,  0,  0), Obj 2.073916E+08, DensityWeight 3.386889E-06, wHPWL 3.257834E+08, Overflow 7.222332E-01, MaxDensity 4.857E+01, gamma 2.622586E+02, time 1.203ms
[INFO   ] DREAMPlace - full step 8.818 ms
[INFO   ] DREAMPlace - optimizer step 7.776 ms
[INFO   ] DREAMPlace - iteration  244, ( 244,  0,  0), Obj 2.075766E+08, DensityWeight 3.485109E-06, wHPWL 3.257727E+08, Overflow 7.223942E-01, MaxDensity 5.199E+01, gamma 2.615909E+02, time 1.542ms
[INFO   ] DREAMPlace - full step 9.792 ms
[INFO   ] DREAMPlace - optimizer step 7.102 ms
[INFO   ] DREAMPlace - iteration  245, ( 245,  0,  0), Obj 2.075985E+08, DensityWeight 3.586177E-06, wHPWL 3.258092E+08, Overflow 7.230256E-01, MaxDensity 5.143E+01, gamma 2.618065E+02, time 1.222ms
[INFO   ] DREAMPlace - full step 8.842 ms
[INFO   ] DREAMPlace - optimizer step 7.066 ms
[INFO   ] DREAMPlace - iteration  246, ( 246,  0,  0), Obj 2.075113E+08, DensityWeight 3.746402E-06, wHPWL 3.259089E+08, Overflow 7.230335E-01, MaxDensity 5.600E+01, gamma 2.626537E+02, time 1.273ms
[INFO   ] DREAMPlace - full step 8.842 ms
[INFO   ] DREAMPlace - optimizer step 7.240 ms
[INFO   ] DREAMPlace - iteration  247, ( 247,  0,  0), Obj 2.076094E+08, DensityWeight 3.879422E-06, wHPWL 3.260976E+08, Overflow 7.223609E-01, MaxDensity 5.840E+01, gamma 2.626643E+02, time 1.215ms
[INFO   ] DREAMPlace - full step 8.926 ms
[INFO   ] DREAMPlace - optimizer step 7.288 ms
[INFO   ] DREAMPlace - iteration  248, ( 248,  0,  0), Obj 2.079134E+08, DensityWeight 3.967620E-06, wHPWL 3.263340E+08, Overflow 7.219498E-01, MaxDensity 4.764E+01, gamma 2.617618E+02, time 1.219ms
[INFO   ] DREAMPlace - full step 9.016 ms
[INFO   ] DREAMPlace - optimizer step 7.520 ms
[INFO   ] DREAMPlace - iteration  249, ( 249,  0,  0), Obj 2.081676E+08, DensityWeight 4.030924E-06, wHPWL 3.265769E+08, Overflow 7.216474E-01, MaxDensity 4.385E+01, gamma 2.612118E+02, time 1.197ms
[INFO   ] DREAMPlace - full step 9.214 ms
[INFO   ] DREAMPlace - optimizer step 7.030 ms
[INFO   ] DREAMPlace - iteration  250, ( 250,  0,  0), Obj 2.084084E+08, DensityWeight 4.091587E-06, wHPWL 3.268308E+08, Overflow 7.214088E-01, MaxDensity 5.624E+01, gamma 2.608079E+02, time 1.206ms
[INFO   ] DREAMPlace - full step 8.719 ms
[INFO   ] DREAMPlace - optimizer step 7.283 ms
[INFO   ] DREAMPlace - iteration  251, ( 251,  0,  0), Obj 2.086473E+08, DensityWeight 4.146756E-06, wHPWL 3.271065E+08, Overflow 7.221414E-01, MaxDensity 4.175E+01, gamma 2.604897E+02, time 1.222ms
[INFO   ] DREAMPlace - full step 8.966 ms
[INFO   ] DREAMPlace - optimizer step 7.135 ms
[INFO   ] DREAMPlace - iteration  252, ( 252,  0,  0), Obj 2.086376E+08, DensityWeight 4.189922E-06, wHPWL 3.274066E+08, Overflow 7.225944E-01, MaxDensity 4.343E+01, gamma 2.614680E+02, time 1.252ms
[INFO   ] DREAMPlace - full step 8.860 ms
[INFO   ] DREAMPlace - optimizer step 7.041 ms
[INFO   ] DREAMPlace - iteration  253, ( 253,  0,  0), Obj 2.087202E+08, DensityWeight 4.219171E-06, wHPWL 3.277680E+08, Overflow 7.235218E-01, MaxDensity 4.558E+01, gamma 2.620748E+02, time 1.212ms
[INFO   ] DREAMPlace - full step 8.720 ms
[INFO   ] DREAMPlace - optimizer step 7.011 ms
[INFO   ] DREAMPlace - iteration  254, ( 254,  0,  0), Obj 2.086881E+08, DensityWeight 4.212505E-06, wHPWL 3.281612E+08, Overflow 7.240082E-01, MaxDensity 4.425E+01, gamma 2.633214E+02, time 1.215ms
[INFO   ] DREAMPlace - full step 8.694 ms
[INFO   ] DREAMPlace - optimizer step 7.035 ms
[INFO   ] DREAMPlace - iteration  255, ( 255,  0,  0), Obj 2.087875E+08, DensityWeight 4.201973E-06, wHPWL 3.285926E+08, Overflow 7.250212E-01, MaxDensity 4.564E+01, gamma 2.639776E+02, time 1.237ms
[INFO   ] DREAMPlace - full step 8.752 ms
[INFO   ] DREAMPlace - optimizer step 7.067 ms
[INFO   ] DREAMPlace - iteration  256, ( 256,  0,  0), Obj 2.087502E+08, DensityWeight 4.191468E-06, wHPWL 3.290340E+08, Overflow 7.256082E-01, MaxDensity 4.912E+01, gamma 2.653494E+02, time 1.209ms
[INFO   ] DREAMPlace - full step 8.745 ms
[INFO   ] DREAMPlace - optimizer step 7.074 ms
[INFO   ] DREAMPlace - iteration  257, ( 257,  0,  0), Obj 2.088343E+08, DensityWeight 4.180989E-06, wHPWL 3.295128E+08, Overflow 7.257646E-01, MaxDensity 4.837E+01, gamma 2.661476E+02, time 1.226ms
[INFO   ] DREAMPlace - full step 8.769 ms
[INFO   ] DREAMPlace - optimizer step 7.038 ms
[INFO   ] DREAMPlace - iteration  258, ( 258,  0,  0), Obj 2.090404E+08, DensityWeight 4.170537E-06, wHPWL 3.299969E+08, Overflow 7.257321E-01, MaxDensity 5.222E+01, gamma 2.663607E+02, time 1.206ms
[INFO   ] DREAMPlace - full step 8.715 ms
[INFO   ] DREAMPlace - optimizer step 7.006 ms
[INFO   ] DREAMPlace - iteration  259, ( 259,  0,  0), Obj 2.093022E+08, DensityWeight 4.160110E-06, wHPWL 3.304671E+08, Overflow 7.262307E-01, MaxDensity 5.037E+01, gamma 2.663164E+02, time 1.226ms
[INFO   ] DREAMPlace - full step 8.692 ms
[INFO   ] DREAMPlace - optimizer step 7.079 ms
[INFO   ] DREAMPlace - iteration  260, ( 260,  0,  0), Obj 2.094201E+08, DensityWeight 4.149710E-06, wHPWL 3.309152E+08, Overflow 7.270152E-01, MaxDensity 5.384E+01, gamma 2.669967E+02, time 1.228ms
[INFO   ] DREAMPlace - full step 8.785 ms
[INFO   ] DREAMPlace - optimizer step 7.026 ms
[INFO   ] DREAMPlace - iteration  261, ( 261,  0,  0), Obj 2.094575E+08, DensityWeight 4.139335E-06, wHPWL 3.313606E+08, Overflow 7.272733E-01, MaxDensity 4.831E+01, gamma 2.680706E+02, time 1.237ms
[INFO   ] DREAMPlace - full step 8.725 ms
[INFO   ] DREAMPlace - optimizer step 7.873 ms
[INFO   ] DREAMPlace - iteration  262, ( 262,  0,  0), Obj 2.096338E+08, DensityWeight 4.128986E-06, wHPWL 3.318084E+08, Overflow 7.272727E-01, MaxDensity 5.494E+01, gamma 2.684249E+02, time 1.250ms
[INFO   ] DREAMPlace - full step 9.590 ms
[INFO   ] DREAMPlace - optimizer step 7.138 ms
[INFO   ] DREAMPlace - iteration  263, ( 263,  0,  0), Obj 2.098768E+08, DensityWeight 4.118664E-06, wHPWL 3.322416E+08, Overflow 7.268591E-01, MaxDensity 5.327E+01, gamma 2.684241E+02, time 1.242ms
[INFO   ] DREAMPlace - full step 8.958 ms
[INFO   ] DREAMPlace - optimizer step 7.258 ms
[INFO   ] DREAMPlace - iteration  264, ( 264,  0,  0), Obj 2.102320E+08, DensityWeight 4.108367E-06, wHPWL 3.326484E+08, Overflow 7.263995E-01, MaxDensity 4.981E+01, gamma 2.678566E+02, time 1.429ms
[INFO   ] DREAMPlace - full step 9.261 ms
[INFO   ] DREAMPlace - optimizer step 6.991 ms
[INFO   ] DREAMPlace - iteration  265, ( 265,  0,  0), Obj 2.105967E+08, DensityWeight 4.098095E-06, wHPWL 3.330105E+08, Overflow 7.260299E-01, MaxDensity 5.297E+01, gamma 2.672274E+02, time 1.238ms
[INFO   ] DREAMPlace - full step 8.695 ms
[INFO   ] DREAMPlace - optimizer step 7.042 ms
[INFO   ] DREAMPlace - iteration  266, ( 266,  0,  0), Obj 2.109291E+08, DensityWeight 4.091200E-06, wHPWL 3.333268E+08, Overflow 7.254340E-01, MaxDensity 5.163E+01, gamma 2.667225E+02, time 1.236ms
[INFO   ] DREAMPlace - full step 8.745 ms
[INFO   ] DREAMPlace - optimizer step 6.974 ms
[INFO   ] DREAMPlace - iteration  267, ( 267,  0,  0), Obj 2.113148E+08, DensityWeight 4.110471E-06, wHPWL 3.336078E+08, Overflow 7.250194E-01, MaxDensity 5.394E+01, gamma 2.659104E+02, time 1.221ms
[INFO   ] DREAMPlace - full step 8.655 ms
[INFO   ] DREAMPlace - optimizer step 7.014 ms
[INFO   ] DREAMPlace - iteration  268, ( 268,  0,  0), Obj 2.116408E+08, DensityWeight 4.150185E-06, wHPWL 3.338530E+08, Overflow 7.241488E-01, MaxDensity 5.345E+01, gamma 2.653469E+02, time 1.247ms
[INFO   ] DREAMPlace - full step 8.742 ms
[INFO   ] DREAMPlace - optimizer step 8.330 ms
[INFO   ] DREAMPlace - iteration  269, ( 269,  0,  0), Obj 2.120878E+08, DensityWeight 4.211271E-06, wHPWL 3.340785E+08, Overflow 7.234713E-01, MaxDensity 5.796E+01, gamma 2.641675E+02, time 2.333ms
[INFO   ] DREAMPlace - full step 11.136 ms
[INFO   ] DREAMPlace - optimizer step 7.021 ms
[INFO   ] DREAMPlace - iteration  270, ( 270,  0,  0), Obj 2.124760E+08, DensityWeight 4.284994E-06, wHPWL 3.342720E+08, Overflow 7.229471E-01, MaxDensity 4.850E+01, gamma 2.632534E+02, time 1.368ms
[INFO   ] DREAMPlace - full step 8.866 ms
[INFO   ] DREAMPlace - optimizer step 7.013 ms
[INFO   ] DREAMPlace - iteration  271, ( 271,  0,  0), Obj 2.128196E+08, DensityWeight 4.379481E-06, wHPWL 3.344573E+08, Overflow 7.221021E-01, MaxDensity 5.943E+01, gamma 2.625482E+02, time 1.225ms
[INFO   ] DREAMPlace - full step 8.713 ms
[INFO   ] DREAMPlace - optimizer step 9.196 ms
[INFO   ] DREAMPlace - iteration  272, ( 272,  0,  0), Obj 2.132523E+08, DensityWeight 4.481206E-06, wHPWL 3.346384E+08, Overflow 7.208973E-01, MaxDensity 4.957E+01, gamma 2.614154E+02, time 1.211ms
[INFO   ] DREAMPlace - full step 10.910 ms
[INFO   ] DREAMPlace - optimizer step 7.130 ms
[INFO   ] DREAMPlace - iteration  273, ( 273,  0,  0), Obj 2.137853E+08, DensityWeight 4.587975E-06, wHPWL 3.348070E+08, Overflow 7.191344E-01, MaxDensity 6.298E+01, gamma 2.598089E+02, time 1.326ms
[INFO   ] DREAMPlace - full step 8.980 ms
[INFO   ] DREAMPlace - optimizer step 7.597 ms
[INFO   ] DREAMPlace - iteration  274, ( 274,  0,  0), Obj 2.144787E+08, DensityWeight 4.705466E-06, wHPWL 3.349690E+08, Overflow 7.176883E-01, MaxDensity 6.122E+01, gamma 2.574758E+02, time 1.221ms
[INFO   ] DREAMPlace - full step 9.514 ms
[INFO   ] DREAMPlace - optimizer step 7.147 ms
[INFO   ] DREAMPlace - iteration  275, ( 275,  0,  0), Obj 2.150943E+08, DensityWeight 4.830446E-06, wHPWL 3.351027E+08, Overflow 7.160732E-01, MaxDensity 5.369E+01, gamma 2.555775E+02, time 1.226ms
[INFO   ] DREAMPlace - full step 8.925 ms
[INFO   ] DREAMPlace - optimizer step 7.318 ms
[INFO   ] DREAMPlace - iteration  276, ( 276,  0,  0), Obj 2.157692E+08, DensityWeight 4.978315E-06, wHPWL 3.352466E+08, Overflow 7.147902E-01, MaxDensity 5.758E+01, gamma 2.534742E+02, time 1.236ms
[INFO   ] DREAMPlace - full step 9.095 ms
[INFO   ] DREAMPlace - optimizer step 7.102 ms
[INFO   ] DREAMPlace - iteration  277, ( 277,  0,  0), Obj 2.163685E+08, DensityWeight 5.123393E-06, wHPWL 3.354061E+08, Overflow 7.136754E-01, MaxDensity 5.823E+01, gamma 2.518156E+02, time 1.245ms
[INFO   ] DREAMPlace - full step 8.863 ms
[INFO   ] DREAMPlace - optimizer step 7.079 ms
[INFO   ] DREAMPlace - iteration  278, ( 278,  0,  0), Obj 2.169424E+08, DensityWeight 5.261256E-06, wHPWL 3.355742E+08, Overflow 7.121924E-01, MaxDensity 5.597E+01, gamma 2.503833E+02, time 1.233ms
[INFO   ] DREAMPlace - full step 8.823 ms
[INFO   ] DREAMPlace - optimizer step 7.054 ms
[INFO   ] DREAMPlace - iteration  279, ( 279,  0,  0), Obj 2.176279E+08, DensityWeight 5.396350E-06, wHPWL 3.357527E+08, Overflow 7.103792E-01, MaxDensity 5.235E+01, gamma 2.484904E+02, time 1.231ms
[INFO   ] DREAMPlace - full step 8.816 ms
[INFO   ] DREAMPlace - optimizer step 7.057 ms
[INFO   ] DREAMPlace - iteration  280, ( 280,  0,  0), Obj 2.184143E+08, DensityWeight 5.526919E-06, wHPWL 3.359529E+08, Overflow 7.082253E-01, MaxDensity 5.056E+01, gamma 2.461956E+02, time 1.233ms
[INFO   ] DREAMPlace - full step 8.843 ms
[INFO   ] DREAMPlace - optimizer step 7.072 ms
[INFO   ] DREAMPlace - iteration  281, ( 281,  0,  0), Obj 2.193173E+08, DensityWeight 5.643577E-06, wHPWL 3.361441E+08, Overflow 7.065074E-01, MaxDensity 5.515E+01, gamma 2.434971E+02, time 1.224ms
[INFO   ] DREAMPlace - full step 8.785 ms
[INFO   ] DREAMPlace - optimizer step 10.271 ms
[INFO   ] DREAMPlace - iteration  282, ( 282,  0,  0), Obj 2.201084E+08, DensityWeight 5.769926E-06, wHPWL 3.362922E+08, Overflow 7.047046E-01, MaxDensity 5.299E+01, gamma 2.413661E+02, time 1.224ms
[INFO   ] DREAMPlace - full step 11.984 ms
[INFO   ] DREAMPlace - optimizer step 7.125 ms
[INFO   ] DREAMPlace - iteration  283, ( 283,  0,  0), Obj 2.209158E+08, DensityWeight 5.934630E-06, wHPWL 3.364456E+08, Overflow 7.025068E-01, MaxDensity 5.071E+01, gamma 2.391499E+02, time 1.213ms
[INFO   ] DREAMPlace - full step 8.825 ms
[INFO   ] DREAMPlace - optimizer step 7.093 ms
[INFO   ] DREAMPlace - iteration  284, ( 284,  0,  0), Obj 2.218431E+08, DensityWeight 6.099463E-06, wHPWL 3.366343E+08, Overflow 7.002265E-01, MaxDensity 5.105E+01, gamma 2.364755E+02, time 1.205ms
[INFO   ] DREAMPlace - full step 8.816 ms
[INFO   ] DREAMPlace - optimizer step 7.348 ms
[INFO   ] DREAMPlace - iteration  285, ( 285,  0,  0), Obj 2.228191E+08, DensityWeight 6.238189E-06, wHPWL 3.368114E+08, Overflow 6.988369E-01, MaxDensity 5.166E+01, gamma 2.337323E+02, time 1.260ms
[INFO   ] DREAMPlace - full step 9.108 ms
[INFO   ] DREAMPlace - optimizer step 7.035 ms
[INFO   ] DREAMPlace - iteration  286, ( 286,  0,  0), Obj 2.235606E+08, DensityWeight 6.390380E-06, wHPWL 3.369584E+08, Overflow 6.972710E-01, MaxDensity 5.009E+01, gamma 2.320763E+02, time 1.217ms
[INFO   ] DREAMPlace - full step 8.746 ms
[INFO   ] DREAMPlace - optimizer step 6.953 ms
[INFO   ] DREAMPlace - iteration  287, ( 287,  0,  0), Obj 2.243493E+08, DensityWeight 6.573793E-06, wHPWL 3.371369E+08, Overflow 6.954352E-01, MaxDensity 4.827E+01, gamma 2.302243E+02, time 1.218ms
[INFO   ] DREAMPlace - full step 8.658 ms
[INFO   ] DREAMPlace - optimizer step 7.015 ms
[INFO   ] DREAMPlace - iteration  288, ( 288,  0,  0), Obj 2.252210E+08, DensityWeight 6.732851E-06, wHPWL 3.373535E+08, Overflow 6.930556E-01, MaxDensity 4.893E+01, gamma 2.280717E+02, time 1.206ms
[INFO   ] DREAMPlace - full step 8.705 ms
[INFO   ] DREAMPlace - optimizer step 7.041 ms
[INFO   ] DREAMPlace - iteration  289, ( 289,  0,  0), Obj 2.262582E+08, DensityWeight 6.859219E-06, wHPWL 3.375779E+08, Overflow 6.906209E-01, MaxDensity 5.053E+01, gamma 2.253115E+02, time 1.215ms
[INFO   ] DREAMPlace - full step 8.748 ms
[INFO   ] DREAMPlace - optimizer step 11.936 ms
[INFO   ] DREAMPlace - iteration  290, ( 290,  0,  0), Obj 2.273160E+08, DensityWeight 6.980388E-06, wHPWL 3.377817E+08, Overflow 6.882140E-01, MaxDensity 4.850E+01, gamma 2.225220E+02, time 2.529ms
[INFO   ] DREAMPlace - full step 14.951 ms
[INFO   ] DREAMPlace - optimizer step 7.096 ms
[INFO   ] DREAMPlace - iteration  291, ( 291,  0,  0), Obj 2.283652E+08, DensityWeight 7.124102E-06, wHPWL 3.379714E+08, Overflow 6.863090E-01, MaxDensity 4.366E+01, gamma 2.197983E+02, time 1.197ms
[INFO   ] DREAMPlace - full step 8.782 ms
[INFO   ] DREAMPlace - optimizer step 9.536 ms
[INFO   ] DREAMPlace - iteration  292, ( 292,  0,  0), Obj 2.292794E+08, DensityWeight 7.285093E-06, wHPWL 3.381586E+08, Overflow 6.850480E-01, MaxDensity 4.116E+01, gamma 2.176662E+02, time 2.392ms
[INFO   ] DREAMPlace - full step 12.417 ms
[INFO   ] DREAMPlace - optimizer step 21.150 ms
[INFO   ] DREAMPlace - iteration  293, ( 293,  0,  0), Obj 2.300260E+08, DensityWeight 7.452313E-06, wHPWL 3.383677E+08, Overflow 6.838095E-01, MaxDensity 3.898E+01, gamma 2.162663E+02, time 25.396ms
[INFO   ] DREAMPlace - full step 47.092 ms
[INFO   ] DREAMPlace - optimizer step 7.129 ms
[INFO   ] DREAMPlace - iteration  294, ( 294,  0,  0), Obj 2.307777E+08, DensityWeight 7.600114E-06, wHPWL 3.386089E+08, Overflow 6.825311E-01, MaxDensity 4.203E+01, gamma 2.149000E+02, time 1.230ms
[INFO   ] DREAMPlace - full step 8.896 ms
[INFO   ] DREAMPlace - optimizer step 7.161 ms
[INFO   ] DREAMPlace - iteration  295, ( 295,  0,  0), Obj 2.315433E+08, DensityWeight 7.716245E-06, wHPWL 3.388701E+08, Overflow 6.810408E-01, MaxDensity 3.771E+01, gamma 2.134988E+02, time 1.230ms
[INFO   ] DREAMPlace - full step 9.029 ms
[INFO   ] DREAMPlace - optimizer step 7.155 ms
[INFO   ] DREAMPlace - iteration  296, ( 296,  0,  0), Obj 2.323678E+08, DensityWeight 7.812409E-06, wHPWL 3.391596E+08, Overflow 6.794164E-01, MaxDensity 3.893E+01, gamma 2.118771E+02, time 1.322ms
[INFO   ] DREAMPlace - full step 9.049 ms
[INFO   ] DREAMPlace - optimizer step 7.055 ms
[INFO   ] DREAMPlace - iteration  297, ( 297,  0,  0), Obj 2.332374E+08, DensityWeight 7.878570E-06, wHPWL 3.394591E+08, Overflow 6.773733E-01, MaxDensity 4.372E+01, gamma 2.101232E+02, time 1.263ms
[INFO   ] DREAMPlace - full step 8.829 ms
[INFO   ] DREAMPlace - optimizer step 7.066 ms
[INFO   ] DREAMPlace - iteration  298, ( 298,  0,  0), Obj 2.342258E+08, DensityWeight 7.934171E-06, wHPWL 3.397395E+08, Overflow 6.750721E-01, MaxDensity 4.354E+01, gamma 2.079380E+02, time 1.230ms
[INFO   ] DREAMPlace - full step 8.813 ms
[INFO   ] DREAMPlace - optimizer step 7.053 ms
[INFO   ] DREAMPlace - iteration  299, ( 299,  0,  0), Obj 2.352770E+08, DensityWeight 8.011578E-06, wHPWL 3.399734E+08, Overflow 6.731586E-01, MaxDensity 4.102E+01, gamma 2.055039E+02, time 1.206ms
[INFO   ] DREAMPlace - full step 8.749 ms
[INFO   ] DREAMPlace - optimizer step 7.070 ms
[INFO   ] DREAMPlace - iteration  300, ( 300,  0,  0), Obj 2.362170E+08, DensityWeight 8.142309E-06, wHPWL 3.401766E+08, Overflow 6.714404E-01, MaxDensity 4.028E+01, gamma 2.035016E+02, time 1.221ms
[INFO   ] DREAMPlace - full step 8.783 ms
[INFO   ] DREAMPlace - optimizer step 7.030 ms
[INFO   ] DREAMPlace - iteration  301, ( 301,  0,  0), Obj 2.371025E+08, DensityWeight 8.310574E-06, wHPWL 3.403740E+08, Overflow 6.697007E-01, MaxDensity 4.082E+01, gamma 2.017203E+02, time 1.217ms
[INFO   ] DREAMPlace - full step 8.749 ms
[INFO   ] DREAMPlace - optimizer step 11.355 ms
[INFO   ] DREAMPlace - iteration  302, ( 302,  0,  0), Obj 2.379929E+08, DensityWeight 8.489358E-06, wHPWL 3.405722E+08, Overflow 6.683905E-01, MaxDensity 3.979E+01, gamma 1.999326E+02, time 1.771ms
[INFO   ] DREAMPlace - full step 13.623 ms
[INFO   ] DREAMPlace - optimizer step 7.081 ms
[INFO   ] DREAMPlace - iteration  303, ( 303,  0,  0), Obj 2.387696E+08, DensityWeight 8.670905E-06, wHPWL 3.407586E+08, Overflow 6.663388E-01, MaxDensity 4.020E+01, gamma 1.985966E+02, time 1.240ms
[INFO   ] DREAMPlace - full step 8.832 ms
[INFO   ] DREAMPlace - optimizer step 7.053 ms
[INFO   ] DREAMPlace - iteration  304, ( 304,  0,  0), Obj 2.397303E+08, DensityWeight 8.870885E-06, wHPWL 3.409645E+08, Overflow 6.646966E-01, MaxDensity 3.880E+01, gamma 1.965227E+02, time 1.220ms
[INFO   ] DREAMPlace - full step 8.758 ms
[INFO   ] DREAMPlace - optimizer step 7.039 ms
[INFO   ] DREAMPlace - iteration  305, ( 305,  0,  0), Obj 2.405868E+08, DensityWeight 9.050815E-06, wHPWL 3.411581E+08, Overflow 6.636490E-01, MaxDensity 4.074E+01, gamma 1.948783E+02, time 1.205ms
[INFO   ] DREAMPlace - full step 8.746 ms
[INFO   ] DREAMPlace - optimizer step 7.047 ms
[INFO   ] DREAMPlace - iteration  306, ( 306,  0,  0), Obj 2.412964E+08, DensityWeight 9.250309E-06, wHPWL 3.413585E+08, Overflow 6.626559E-01, MaxDensity 4.337E+01, gamma 1.938365E+02, time 1.215ms
[INFO   ] DREAMPlace - full step 8.759 ms
[INFO   ] DREAMPlace - optimizer step 7.110 ms
[INFO   ] DREAMPlace - iteration  307, ( 307,  0,  0), Obj 2.419909E+08, DensityWeight 9.445347E-06, wHPWL 3.415853E+08, Overflow 6.621562E-01, MaxDensity 3.959E+01, gamma 1.928540E+02, time 1.221ms
[INFO   ] DREAMPlace - full step 8.846 ms
[INFO   ] DREAMPlace - optimizer step 7.141 ms
[INFO   ] DREAMPlace - iteration  308, ( 308,  0,  0), Obj 2.425628E+08, DensityWeight 9.608856E-06, wHPWL 3.418401E+08, Overflow 6.615712E-01, MaxDensity 4.244E+01, gamma 1.923615E+02, time 1.219ms
[INFO   ] DREAMPlace - full step 8.874 ms
[INFO   ] DREAMPlace - optimizer step 7.135 ms
[INFO   ] DREAMPlace - iteration  309, ( 309,  0,  0), Obj 2.431561E+08, DensityWeight 9.737289E-06, wHPWL 3.421253E+08, Overflow 6.604267E-01, MaxDensity 4.530E+01, gamma 1.917865E+02, time 1.235ms
[INFO   ] DREAMPlace - full step 8.904 ms
[INFO   ] DREAMPlace - optimizer step 7.654 ms
[INFO   ] DREAMPlace - iteration  310, ( 310,  0,  0), Obj 2.438837E+08, DensityWeight 9.825623E-06, wHPWL 3.424364E+08, Overflow 6.586747E-01, MaxDensity 4.745E+01, gamma 1.906666E+02, time 2.797ms
[INFO   ] DREAMPlace - full step 10.993 ms
[INFO   ] DREAMPlace - optimizer step 7.166 ms
[INFO   ] DREAMPlace - iteration  311, ( 311,  0,  0), Obj 2.447560E+08, DensityWeight 9.879088E-06, wHPWL 3.427420E+08, Overflow 6.568351E-01, MaxDensity 4.694E+01, gamma 1.889650E+02, time 1.225ms
[INFO   ] DREAMPlace - full step 8.926 ms
[INFO   ] DREAMPlace - optimizer step 7.429 ms
[INFO   ] DREAMPlace - iteration  312, ( 312,  0,  0), Obj 2.456457E+08, DensityWeight 9.940379E-06, wHPWL 3.430046E+08, Overflow 6.551325E-01, MaxDensity 4.826E+01, gamma 1.871946E+02, time 1.247ms
[INFO   ] DREAMPlace - full step 9.207 ms
[INFO   ] DREAMPlace - optimizer step 7.179 ms
[INFO   ] DREAMPlace - iteration  313, ( 313,  0,  0), Obj 2.464907E+08, DensityWeight 1.006220E-05, wHPWL 3.432292E+08, Overflow 6.536899E-01, MaxDensity 4.382E+01, gamma 1.855709E+02, time 1.217ms
[INFO   ] DREAMPlace - full step 8.924 ms
[INFO   ] DREAMPlace - optimizer step 7.033 ms
[INFO   ] DREAMPlace - iteration  314, ( 314,  0,  0), Obj 2.472615E+08, DensityWeight 1.023963E-05, wHPWL 3.434365E+08, Overflow 6.526895E-01, MaxDensity 4.377E+01, gamma 1.842061E+02, time 1.228ms
[INFO   ] DREAMPlace - full step 8.778 ms
[INFO   ] DREAMPlace - optimizer step 7.060 ms
[INFO   ] DREAMPlace - iteration  315, ( 315,  0,  0), Obj 2.479190E+08, DensityWeight 1.044541E-05, wHPWL 3.436390E+08, Overflow 6.519490E-01, MaxDensity 4.245E+01, gamma 1.832656E+02, time 1.220ms
[INFO   ] DREAMPlace - full step 8.815 ms
[INFO   ] DREAMPlace - optimizer step 7.094 ms
[INFO   ] DREAMPlace - iteration  316, ( 316,  0,  0), Obj 2.485075E+08, DensityWeight 1.066246E-05, wHPWL 3.438492E+08, Overflow 6.508441E-01, MaxDensity 3.901E+01, gamma 1.825726E+02, time 1.214ms
[INFO   ] DREAMPlace - full step 8.809 ms
[INFO   ] DREAMPlace - optimizer step 7.075 ms
[INFO   ] DREAMPlace - iteration  317, ( 317,  0,  0), Obj 2.491737E+08, DensityWeight 1.087223E-05, wHPWL 3.440703E+08, Overflow 6.502857E-01, MaxDensity 3.489E+01, gamma 1.815432E+02, time 1.231ms
[INFO   ] DREAMPlace - full step 8.821 ms
[INFO   ] DREAMPlace - optimizer step 8.834 ms
[INFO   ] DREAMPlace - iteration  318, ( 318,  0,  0), Obj 2.497034E+08, DensityWeight 1.106942E-05, wHPWL 3.442895E+08, Overflow 6.497591E-01, MaxDensity 3.427E+01, gamma 1.810253E+02, time 1.229ms
[INFO   ] DREAMPlace - full step 10.559 ms
[INFO   ] DREAMPlace - optimizer step 7.310 ms
[INFO   ] DREAMPlace - iteration  319, ( 319,  0,  0), Obj 2.502215E+08, DensityWeight 1.127300E-05, wHPWL 3.445270E+08, Overflow 6.489758E-01, MaxDensity 3.467E+01, gamma 1.805381E+02, time 1.297ms
[INFO   ] DREAMPlace - full step 9.131 ms
[INFO   ] DREAMPlace - optimizer step 7.137 ms
[INFO   ] DREAMPlace - iteration  320, ( 320,  0,  0), Obj 2.507951E+08, DensityWeight 1.145118E-05, wHPWL 3.447837E+08, Overflow 6.478443E-01, MaxDensity 3.609E+01, gamma 1.798160E+02, time 1.230ms
[INFO   ] DREAMPlace - full step 8.861 ms
[INFO   ] DREAMPlace - optimizer step 7.071 ms
[INFO   ] DREAMPlace - iteration  321, ( 321,  0,  0), Obj 2.514447E+08, DensityWeight 1.160119E-05, wHPWL 3.450503E+08, Overflow 6.466388E-01, MaxDensity 3.397E+01, gamma 1.787779E+02, time 1.226ms
[INFO   ] DREAMPlace - full step 8.791 ms
[INFO   ] DREAMPlace - optimizer step 7.056 ms
[INFO   ] DREAMPlace - iteration  322, ( 322,  0,  0), Obj 2.521068E+08, DensityWeight 1.173686E-05, wHPWL 3.453134E+08, Overflow 6.453265E-01, MaxDensity 3.366E+01, gamma 1.776785E+02, time 5.688ms
[INFO   ] DREAMPlace - full step 13.247 ms
[INFO   ] DREAMPlace - optimizer step 7.010 ms
[INFO   ] DREAMPlace - iteration  323, ( 323,  0,  0), Obj 2.527854E+08, DensityWeight 1.187985E-05, wHPWL 3.455632E+08, Overflow 6.437684E-01, MaxDensity 3.337E+01, gamma 1.764894E+02, time 1.224ms
[INFO   ] DREAMPlace - full step 8.722 ms
[INFO   ] DREAMPlace - optimizer step 8.210 ms
[INFO   ] DREAMPlace - iteration  324, ( 324,  0,  0), Obj 2.535083E+08, DensityWeight 1.204696E-05, wHPWL 3.458012E+08, Overflow 6.423259E-01, MaxDensity 3.712E+01, gamma 1.750880E+02, time 1.232ms
[INFO   ] DREAMPlace - full step 9.939 ms
[INFO   ] DREAMPlace - optimizer step 11.669 ms
[INFO   ] DREAMPlace - iteration  325, ( 325,  0,  0), Obj 2.541938E+08, DensityWeight 1.223644E-05, wHPWL 3.460232E+08, Overflow 6.404784E-01, MaxDensity 3.673E+01, gamma 1.738004E+02, time 7.319ms
[INFO   ] DREAMPlace - full step 19.494 ms
[INFO   ] DREAMPlace - optimizer step 7.073 ms
[INFO   ] DREAMPlace - iteration  326, ( 326,  0,  0), Obj 2.549644E+08, DensityWeight 1.245688E-05, wHPWL 3.462348E+08, Overflow 6.388721E-01, MaxDensity 3.249E+01, gamma 1.721652E+02, time 1.200ms
[INFO   ] DREAMPlace - full step 8.769 ms
[INFO   ] DREAMPlace - optimizer step 7.216 ms
[INFO   ] DREAMPlace - iteration  327, ( 327,  0,  0), Obj 2.556717E+08, DensityWeight 1.269945E-05, wHPWL 3.464180E+08, Overflow 6.374373E-01, MaxDensity 3.303E+01, gamma 1.707560E+02, time 1.345ms
[INFO   ] DREAMPlace - full step 10.152 ms
[INFO   ] DREAMPlace - optimizer step 15.182 ms
[INFO   ] DREAMPlace - iteration  328, ( 328,  0,  0), Obj 2.563288E+08, DensityWeight 1.299832E-05, wHPWL 3.465878E+08, Overflow 6.356213E-01, MaxDensity 3.233E+01, gamma 1.695068E+02, time 1.364ms
[INFO   ] DREAMPlace - full step 17.421 ms
[INFO   ] DREAMPlace - optimizer step 7.904 ms
[INFO   ] DREAMPlace - iteration  329, ( 329,  0,  0), Obj 2.570623E+08, DensityWeight 1.332893E-05, wHPWL 3.467529E+08, Overflow 6.343426E-01, MaxDensity 3.456E+01, gamma 1.679390E+02, time 1.228ms
[INFO   ] DREAMPlace - full step 9.626 ms
[INFO   ] DREAMPlace - optimizer step 7.030 ms
[INFO   ] DREAMPlace - iteration  330, ( 330,  0,  0), Obj 2.576645E+08, DensityWeight 1.367691E-05, wHPWL 3.469017E+08, Overflow 6.326675E-01, MaxDensity 3.428E+01, gamma 1.668438E+02, time 1.235ms
[INFO   ] DREAMPlace - full step 8.764 ms
[INFO   ] DREAMPlace - optimizer step 7.919 ms
[INFO   ] DREAMPlace - iteration  331, ( 331,  0,  0), Obj 2.583474E+08, DensityWeight 1.406588E-05, wHPWL 3.470579E+08, Overflow 6.315165E-01, MaxDensity 3.384E+01, gamma 1.654199E+02, time 4.165ms
[INFO   ] DREAMPlace - full step 12.588 ms
[INFO   ] DREAMPlace - optimizer step 7.146 ms
[INFO   ] DREAMPlace - iteration  332, ( 332,  0,  0), Obj 2.589039E+08, DensityWeight 1.445120E-05, wHPWL 3.472021E+08, Overflow 6.301432E-01, MaxDensity 3.252E+01, gamma 1.644485E+02, time 1.226ms
[INFO   ] DREAMPlace - full step 8.865 ms
[INFO   ] DREAMPlace - optimizer step 7.096 ms
[INFO   ] DREAMPlace - iteration  333, ( 333,  0,  0), Obj 2.595017E+08, DensityWeight 1.487168E-05, wHPWL 3.473556E+08, Overflow 6.286045E-01, MaxDensity 3.267E+01, gamma 1.632970E+02, time 1.234ms
[INFO   ] DREAMPlace - full step 9.624 ms
[INFO   ] DREAMPlace - optimizer step 7.108 ms
[INFO   ] DREAMPlace - iteration  334, ( 334,  0,  0), Obj 2.601284E+08, DensityWeight 1.528460E-05, wHPWL 3.475165E+08, Overflow 6.267542E-01, MaxDensity 3.258E+01, gamma 1.620163E+02, time 1.227ms
[INFO   ] DREAMPlace - full step 8.831 ms
[INFO   ] DREAMPlace - optimizer step 7.073 ms
[INFO   ] DREAMPlace - iteration  335, ( 335,  0,  0), Obj 2.608160E+08, DensityWeight 1.569301E-05, wHPWL 3.476684E+08, Overflow 6.248913E-01, MaxDensity 3.651E+01, gamma 1.604897E+02, time 1.214ms
[INFO   ] DREAMPlace - full step 8.783 ms
[INFO   ] DREAMPlace - optimizer step 7.119 ms
[INFO   ] DREAMPlace - iteration  336, ( 336,  0,  0), Obj 2.614977E+08, DensityWeight 1.613234E-05, wHPWL 3.478102E+08, Overflow 6.225913E-01, MaxDensity 3.320E+01, gamma 1.589671E+02, time 1.331ms
[INFO   ] DREAMPlace - full step 8.956 ms
[INFO   ] DREAMPlace - optimizer step 10.532 ms
[INFO   ] DREAMPlace - iteration  337, ( 337,  0,  0), Obj 2.622732E+08, DensityWeight 1.660750E-05, wHPWL 3.479359E+08, Overflow 6.203416E-01, MaxDensity 3.649E+01, gamma 1.571072E+02, time 1.213ms
[INFO   ] DREAMPlace - full step 12.231 ms
[INFO   ] DREAMPlace - optimizer step 7.442 ms
[INFO   ] DREAMPlace - iteration  338, ( 338,  0,  0), Obj 2.630351E+08, DensityWeight 1.713484E-05, wHPWL 3.480423E+08, Overflow 6.185341E-01, MaxDensity 3.754E+01, gamma 1.553091E+02, time 1.451ms
[INFO   ] DREAMPlace - full step 9.392 ms
[INFO   ] DREAMPlace - optimizer step 7.063 ms
[INFO   ] DREAMPlace - iteration  339, ( 339,  0,  0), Obj 2.636969E+08, DensityWeight 1.772677E-05, wHPWL 3.481375E+08, Overflow 6.171789E-01, MaxDensity 3.259E+01, gamma 1.538793E+02, time 1.242ms
[INFO   ] DREAMPlace - full step 8.793 ms
[INFO   ] DREAMPlace - optimizer step 7.051 ms
[INFO   ] DREAMPlace - iteration  340, ( 340,  0,  0), Obj 2.642587E+08, DensityWeight 1.836773E-05, wHPWL 3.482636E+08, Overflow 6.156533E-01, MaxDensity 3.278E+01, gamma 1.528159E+02, time 1.228ms
[INFO   ] DREAMPlace - full step 8.783 ms
[INFO   ] DREAMPlace - optimizer step 7.128 ms
[INFO   ] DREAMPlace - iteration  341, ( 341,  0,  0), Obj 2.648612E+08, DensityWeight 1.895002E-05, wHPWL 3.484193E+08, Overflow 6.135605E-01, MaxDensity 3.107E+01, gamma 1.516277E+02, time 1.245ms
[INFO   ] DREAMPlace - full step 8.867 ms
[INFO   ] DREAMPlace - optimizer step 7.142 ms
[INFO   ] DREAMPlace - iteration  342, ( 342,  0,  0), Obj 2.655871E+08, DensityWeight 1.947036E-05, wHPWL 3.485864E+08, Overflow 6.115096E-01, MaxDensity 3.050E+01, gamma 1.500126E+02, time 1.212ms
[INFO   ] DREAMPlace - full step 8.858 ms
[INFO   ] DREAMPlace - optimizer step 7.076 ms
[INFO   ] DREAMPlace - iteration  343, ( 343,  0,  0), Obj 2.663011E+08, DensityWeight 1.997307E-05, wHPWL 3.487378E+08, Overflow 6.095081E-01, MaxDensity 4.094E+01, gamma 1.484465E+02, time 1.234ms
[INFO   ] DREAMPlace - full step 8.807 ms
[INFO   ] DREAMPlace - optimizer step 7.585 ms
[INFO   ] DREAMPlace - iteration  344, ( 344,  0,  0), Obj 2.670014E+08, DensityWeight 2.053386E-05, wHPWL 3.488831E+08, Overflow 6.073418E-01, MaxDensity 4.801E+01, gamma 1.469340E+02, time 1.360ms
[INFO   ] DREAMPlace - full step 9.461 ms
[INFO   ] DREAMPlace - optimizer step 7.037 ms
[INFO   ] DREAMPlace - iteration  345, ( 345,  0,  0), Obj 2.677346E+08, DensityWeight 2.112811E-05, wHPWL 3.490322E+08, Overflow 6.052296E-01, MaxDensity 4.205E+01, gamma 1.453143E+02, time 1.220ms
[INFO   ] DREAMPlace - full step 8.760 ms
[INFO   ] DREAMPlace - optimizer step 7.081 ms
[INFO   ] DREAMPlace - iteration  346, ( 346,  0,  0), Obj 2.684581E+08, DensityWeight 2.172821E-05, wHPWL 3.491761E+08, Overflow 6.033196E-01, MaxDensity 2.799E+01, gamma 1.437522E+02, time 1.219ms
[INFO   ] DREAMPlace - full step 8.790 ms
[INFO   ] DREAMPlace - optimizer step 7.092 ms
[INFO   ] DREAMPlace - iteration  347, ( 347,  0,  0), Obj 2.691353E+08, DensityWeight 2.236151E-05, wHPWL 3.493036E+08, Overflow 6.016370E-01, MaxDensity 2.645E+01, gamma 1.423541E+02, time 1.218ms
[INFO   ] DREAMPlace - full step 8.798 ms
[INFO   ] DREAMPlace - optimizer step 7.021 ms
[INFO   ] DREAMPlace - iteration  348, ( 348,  0,  0), Obj 2.697549E+08, DensityWeight 2.306599E-05, wHPWL 3.494279E+08, Overflow 5.999576E-01, MaxDensity 2.921E+01, gamma 1.411338E+02, time 1.215ms
[INFO   ] DREAMPlace - full step 8.725 ms
[INFO   ] DREAMPlace - optimizer step 7.023 ms
[INFO   ] DREAMPlace - iteration  349, ( 349,  0,  0), Obj 2.703659E+08, DensityWeight 2.380329E-05, wHPWL 3.495599E+08, Overflow 5.978066E-01, MaxDensity 3.486E+01, gamma 1.399262E+02, time 1.216ms
[INFO   ] DREAMPlace - full step 8.728 ms
[INFO   ] DREAMPlace - optimizer step 7.106 ms
[INFO   ] DREAMPlace - iteration  350, ( 350,  0,  0), Obj 2.710725E+08, DensityWeight 2.453765E-05, wHPWL 3.497060E+08, Overflow 5.953431E-01, MaxDensity 3.335E+01, gamma 1.383946E+02, time 1.255ms
[INFO   ] DREAMPlace - full step 8.904 ms
[INFO   ] DREAMPlace - optimizer step 7.035 ms
[INFO   ] DREAMPlace - iteration  351, ( 351,  0,  0), Obj 2.718456E+08, DensityWeight 2.524517E-05, wHPWL 3.498450E+08, Overflow 5.933926E-01, MaxDensity 2.900E+01, gamma 1.366610E+02, time 1.224ms
[INFO   ] DREAMPlace - full step 8.750 ms
[INFO   ] DREAMPlace - optimizer step 7.160 ms
[INFO   ] DREAMPlace - iteration  352, ( 352,  0,  0), Obj 2.725130E+08, DensityWeight 2.599883E-05, wHPWL 3.499592E+08, Overflow 5.919123E-01, MaxDensity 2.720E+01, gamma 1.353038E+02, time 1.228ms
[INFO   ] DREAMPlace - full step 8.902 ms
[INFO   ] DREAMPlace - optimizer step 7.232 ms
[INFO   ] DREAMPlace - iteration  353, ( 353,  0,  0), Obj 2.730765E+08, DensityWeight 2.686772E-05, wHPWL 3.500643E+08, Overflow 5.904889E-01, MaxDensity 2.679E+01, gamma 1.342828E+02, time 1.205ms
[INFO   ] DREAMPlace - full step 8.936 ms
[INFO   ] DREAMPlace - optimizer step 7.119 ms
[INFO   ] DREAMPlace - iteration  354, ( 354,  0,  0), Obj 2.736182E+08, DensityWeight 2.780060E-05, wHPWL 3.501925E+08, Overflow 5.891457E-01, MaxDensity 2.620E+01, gamma 1.333084E+02, time 1.228ms
[INFO   ] DREAMPlace - full step 8.846 ms
[INFO   ] DREAMPlace - optimizer step 7.104 ms
[INFO   ] DREAMPlace - iteration  355, ( 355,  0,  0), Obj 2.741434E+08, DensityWeight 2.867350E-05, wHPWL 3.503445E+08, Overflow 5.876153E-01, MaxDensity 2.496E+01, gamma 1.323953E+02, time 1.218ms
[INFO   ] DREAMPlace - full step 8.810 ms
[INFO   ] DREAMPlace - optimizer step 7.141 ms
[INFO   ] DREAMPlace - iteration  356, ( 356,  0,  0), Obj 2.747103E+08, DensityWeight 2.947608E-05, wHPWL 3.505190E+08, Overflow 5.857052E-01, MaxDensity 2.734E+01, gamma 1.313625E+02, time 1.236ms
[INFO   ] DREAMPlace - full step 8.887 ms
[INFO   ] DREAMPlace - optimizer step 7.064 ms
[INFO   ] DREAMPlace - iteration  357, ( 357,  0,  0), Obj 2.753559E+08, DensityWeight 3.020625E-05, wHPWL 3.507001E+08, Overflow 5.836657E-01, MaxDensity 2.582E+01, gamma 1.300850E+02, time 1.219ms
[INFO   ] DREAMPlace - full step 8.789 ms
[INFO   ] DREAMPlace - optimizer step 13.994 ms
[INFO   ] DREAMPlace - iteration  358, ( 358,  0,  0), Obj 2.760265E+08, DensityWeight 3.092580E-05, wHPWL 3.508728E+08, Overflow 5.818695E-01, MaxDensity 2.584E+01, gamma 1.287345E+02, time 1.224ms
[INFO   ] DREAMPlace - full step 15.813 ms
[INFO   ] DREAMPlace - optimizer step 10.333 ms
[INFO   ] DREAMPlace - iteration  359, ( 359,  0,  0), Obj 2.766491E+08, DensityWeight 3.169979E-05, wHPWL 3.510325E+08, Overflow 5.805750E-01, MaxDensity 2.600E+01, gamma 1.275567E+02, time 1.517ms
[INFO   ] DREAMPlace - full step 12.578 ms
[INFO   ] DREAMPlace - optimizer step 7.069 ms
[INFO   ] DREAMPlace - iteration  360, ( 360,  0,  0), Obj 2.771701E+08, DensityWeight 3.255192E-05, wHPWL 3.511959E+08, Overflow 5.794662E-01, MaxDensity 2.552E+01, gamma 1.267146E+02, time 1.229ms
[INFO   ] DREAMPlace - full step 8.806 ms
[INFO   ] DREAMPlace - optimizer step 8.011 ms
[INFO   ] DREAMPlace - iteration  361, ( 361,  0,  0), Obj 2.776577E+08, DensityWeight 3.340951E-05, wHPWL 3.513776E+08, Overflow 5.780244E-01, MaxDensity 4.145E+01, gamma 1.259977E+02, time 1.205ms
[INFO   ] DREAMPlace - full step 9.713 ms
[INFO   ] DREAMPlace - optimizer step 7.044 ms
[INFO   ] DREAMPlace - iteration  362, ( 362,  0,  0), Obj 2.782113E+08, DensityWeight 3.420277E-05, wHPWL 3.515722E+08, Overflow 5.758796E-01, MaxDensity 4.224E+01, gamma 1.250716E+02, time 1.231ms
[INFO   ] DREAMPlace - full step 8.758 ms
[INFO   ] DREAMPlace - optimizer step 7.167 ms
[INFO   ] DREAMPlace - iteration  363, ( 363,  0,  0), Obj 2.788957E+08, DensityWeight 3.495197E-05, wHPWL 3.517606E+08, Overflow 5.735415E-01, MaxDensity 3.812E+01, gamma 1.237064E+02, time 1.209ms
[INFO   ] DREAMPlace - full step 8.856 ms
[INFO   ] DREAMPlace - optimizer step 7.068 ms
[INFO   ] DREAMPlace - iteration  364, ( 364,  0,  0), Obj 2.796119E+08, DensityWeight 3.574787E-05, wHPWL 3.519400E+08, Overflow 5.714561E-01, MaxDensity 4.056E+01, gamma 1.222353E+02, time 1.194ms
[INFO   ] DREAMPlace - full step 8.747 ms
[INFO   ] DREAMPlace - optimizer step 12.566 ms
[INFO   ] DREAMPlace - iteration  365, ( 365,  0,  0), Obj 2.802834E+08, DensityWeight 3.660825E-05, wHPWL 3.520983E+08, Overflow 5.698930E-01, MaxDensity 4.522E+01, gamma 1.209379E+02, time 1.217ms
[INFO   ] DREAMPlace - full step 14.265 ms
[INFO   ] DREAMPlace - optimizer step 7.796 ms
[INFO   ] DREAMPlace - iteration  366, ( 366,  0,  0), Obj 2.808538E+08, DensityWeight 3.759986E-05, wHPWL 3.522393E+08, Overflow 5.684328E-01, MaxDensity 3.731E+01, gamma 1.199745E+02, time 4.737ms
[INFO   ] DREAMPlace - full step 13.023 ms
[INFO   ] DREAMPlace - optimizer step 8.245 ms
[INFO   ] DREAMPlace - iteration  367, ( 367,  0,  0), Obj 2.813955E+08, DensityWeight 3.871131E-05, wHPWL 3.523939E+08, Overflow 5.666012E-01, MaxDensity 3.029E+01, gamma 1.190814E+02, time 1.284ms
[INFO   ] DREAMPlace - full step 10.026 ms
[INFO   ] DREAMPlace - optimizer step 7.017 ms
[INFO   ] DREAMPlace - iteration  368, ( 368,  0,  0), Obj 2.820080E+08, DensityWeight 3.978030E-05, wHPWL 3.525851E+08, Overflow 5.649207E-01, MaxDensity 3.247E+01, gamma 1.179706E+02, time 1.214ms
[INFO   ] DREAMPlace - full step 8.707 ms
[INFO   ] DREAMPlace - optimizer step 10.848 ms
[INFO   ] DREAMPlace - iteration  369, ( 369,  0,  0), Obj 2.826001E+08, DensityWeight 4.067109E-05, wHPWL 3.527732E+08, Overflow 5.626183E-01, MaxDensity 2.526E+01, gamma 1.169605E+02, time 1.225ms
[INFO   ] DREAMPlace - full step 12.547 ms
[INFO   ] DREAMPlace - optimizer step 12.760 ms
[INFO   ] DREAMPlace - iteration  370, ( 370,  0,  0), Obj 2.833072E+08, DensityWeight 4.159945E-05, wHPWL 3.529629E+08, Overflow 5.607249E-01, MaxDensity 2.441E+01, gamma 1.155906E+02, time 1.222ms
[INFO   ] DREAMPlace - full step 14.462 ms
[INFO   ] DREAMPlace - optimizer step 7.066 ms
[INFO   ] DREAMPlace - iteration  371, ( 371,  0,  0), Obj 2.839312E+08, DensityWeight 4.253932E-05, wHPWL 3.531202E+08, Overflow 5.588138E-01, MaxDensity 2.473E+01, gamma 1.144762E+02, time 1.215ms
[INFO   ] DREAMPlace - full step 8.765 ms
[INFO   ] DREAMPlace - optimizer step 8.904 ms
[INFO   ] DREAMPlace - iteration  372, ( 372,  0,  0), Obj 2.845504E+08, DensityWeight 4.369745E-05, wHPWL 3.532819E+08, Overflow 5.567222E-01, MaxDensity 2.732E+01, gamma 1.133622E+02, time 1.227ms
[INFO   ] DREAMPlace - full step 10.608 ms
[INFO   ] DREAMPlace - optimizer step 7.084 ms
[INFO   ] DREAMPlace - iteration  373, ( 373,  0,  0), Obj 2.851985E+08, DensityWeight 4.485948E-05, wHPWL 3.534404E+08, Overflow 5.545350E-01, MaxDensity 2.843E+01, gamma 1.121554E+02, time 1.243ms
[INFO   ] DREAMPlace - full step 8.818 ms
[INFO   ] DREAMPlace - optimizer step 10.332 ms
[INFO   ] DREAMPlace - iteration  374, ( 374,  0,  0), Obj 2.858622E+08, DensityWeight 4.607336E-05, wHPWL 3.535971E+08, Overflow 5.521908E-01, MaxDensity 2.070E+01, gamma 1.109072E+02, time 1.232ms
[INFO   ] DREAMPlace - full step 12.041 ms
[INFO   ] DREAMPlace - optimizer step 7.727 ms
[INFO   ] DREAMPlace - iteration  375, ( 375,  0,  0), Obj 2.865525E+08, DensityWeight 4.733193E-05, wHPWL 3.537284E+08, Overflow 5.502913E-01, MaxDensity 2.106E+01, gamma 1.095849E+02, time 2.193ms
[INFO   ] DREAMPlace - full step 10.406 ms
[INFO   ] DREAMPlace - optimizer step 7.081 ms
[INFO   ] DREAMPlace - iteration  376, ( 376,  0,  0), Obj 2.871511E+08, DensityWeight 4.879696E-05, wHPWL 3.538417E+08, Overflow 5.483167E-01, MaxDensity 2.104E+01, gamma 1.085249E+02, time 2.266ms
[INFO   ] DREAMPlace - full step 9.835 ms
[INFO   ] DREAMPlace - optimizer step 7.132 ms
[INFO   ] DREAMPlace - iteration  377, ( 377,  0,  0), Obj 2.877552E+08, DensityWeight 5.043406E-05, wHPWL 3.539596E+08, Overflow 5.465447E-01, MaxDensity 2.299E+01, gamma 1.074339E+02, time 1.232ms
[INFO   ] DREAMPlace - full step 8.847 ms
[INFO   ] DREAMPlace - optimizer step 7.115 ms
[INFO   ] DREAMPlace - iteration  378, ( 378,  0,  0), Obj 2.883182E+08, DensityWeight 5.209238E-05, wHPWL 3.540850E+08, Overflow 5.446950E-01, MaxDensity 2.072E+01, gamma 1.064642E+02, time 1.233ms
[INFO   ] DREAMPlace - full step 8.832 ms
[INFO   ] DREAMPlace - optimizer step 7.049 ms
[INFO   ] DREAMPlace - iteration  379, ( 379,  0,  0), Obj 2.888944E+08, DensityWeight 5.374910E-05, wHPWL 3.542193E+08, Overflow 5.423820E-01, MaxDensity 2.069E+01, gamma 1.054614E+02, time 1.216ms
[INFO   ] DREAMPlace - full step 8.757 ms
[INFO   ] DREAMPlace - optimizer step 7.081 ms
[INFO   ] DREAMPlace - iteration  380, ( 380,  0,  0), Obj 2.895562E+08, DensityWeight 5.538977E-05, wHPWL 3.543553E+08, Overflow 5.399767E-01, MaxDensity 1.938E+01, gamma 1.042205E+02, time 1.236ms
[INFO   ] DREAMPlace - full step 8.796 ms
[INFO   ] DREAMPlace - optimizer step 7.066 ms
[INFO   ] DREAMPlace - iteration  381, ( 381,  0,  0), Obj 2.902316E+08, DensityWeight 5.706729E-05, wHPWL 3.544689E+08, Overflow 5.377958E-01, MaxDensity 1.897E+01, gamma 1.029456E+02, time 1.237ms
[INFO   ] DREAMPlace - full step 8.789 ms
[INFO   ] DREAMPlace - optimizer step 7.122 ms
[INFO   ] DREAMPlace - iteration  382, ( 382,  0,  0), Obj 2.908598E+08, DensityWeight 5.897871E-05, wHPWL 3.545650E+08, Overflow 5.353677E-01, MaxDensity 1.979E+01, gamma 1.018033E+02, time 1.232ms
[INFO   ] DREAMPlace - full step 8.840 ms
[INFO   ] DREAMPlace - optimizer step 7.120 ms
[INFO   ] DREAMPlace - iteration  383, ( 383,  0,  0), Obj 2.915227E+08, DensityWeight 6.110388E-05, wHPWL 3.546532E+08, Overflow 5.330472E-01, MaxDensity 1.926E+01, gamma 1.005463E+02, time 1.226ms
[INFO   ] DREAMPlace - full step 8.826 ms
[INFO   ] DREAMPlace - optimizer step 7.597 ms
[INFO   ] DREAMPlace - iteration  384, ( 384,  0,  0), Obj 2.921600E+08, DensityWeight 6.337540E-05, wHPWL 3.547341E+08, Overflow 5.303491E-01, MaxDensity 1.852E+01, gamma 9.935947E+01, time 1.801ms
[INFO   ] DREAMPlace - full step 9.910 ms
[INFO   ] DREAMPlace - optimizer step 7.117 ms
[INFO   ] DREAMPlace - iteration  385, ( 385,  0,  0), Obj 2.928588E+08, DensityWeight 6.579738E-05, wHPWL 3.548298E+08, Overflow 5.282004E-01, MaxDensity 1.943E+01, gamma 9.799715E+01, time 1.215ms
[INFO   ] DREAMPlace - full step 8.842 ms
[INFO   ] DREAMPlace - optimizer step 7.100 ms
[INFO   ] DREAMPlace - iteration  386, ( 386,  0,  0), Obj 2.934703E+08, DensityWeight 6.817219E-05, wHPWL 3.549308E+08, Overflow 5.259621E-01, MaxDensity 1.921E+01, gamma 9.692564E+01, time 1.216ms
[INFO   ] DREAMPlace - full step 8.811 ms
[INFO   ] DREAMPlace - optimizer step 7.178 ms
[INFO   ] DREAMPlace - iteration  387, ( 387,  0,  0), Obj 2.941070E+08, DensityWeight 7.057949E-05, wHPWL 3.550441E+08, Overflow 5.241725E-01, MaxDensity 1.756E+01, gamma 9.582186E+01, time 2.235ms
[INFO   ] DREAMPlace - full step 9.926 ms
[INFO   ] DREAMPlace - optimizer step 7.171 ms
[INFO   ] DREAMPlace - iteration  388, ( 388,  0,  0), Obj 2.946726E+08, DensityWeight 7.294738E-05, wHPWL 3.551688E+08, Overflow 5.217934E-01, MaxDensity 1.895E+01, gamma 9.494844E+01, time 1.221ms
[INFO   ] DREAMPlace - full step 8.927 ms
[INFO   ] DREAMPlace - optimizer step 7.101 ms
[INFO   ] DREAMPlace - iteration  389, ( 389,  0,  0), Obj 2.953441E+08, DensityWeight 7.527441E-05, wHPWL 3.553165E+08, Overflow 5.196663E-01, MaxDensity 1.785E+01, gamma 9.379955E+01, time 1.232ms
[INFO   ] DREAMPlace - full step 8.852 ms
[INFO   ] DREAMPlace - optimizer step 7.087 ms
[INFO   ] DREAMPlace - iteration  390, ( 390,  0,  0), Obj 2.959770E+08, DensityWeight 7.742763E-05, wHPWL 3.554575E+08, Overflow 5.170317E-01, MaxDensity 1.720E+01, gamma 9.278415E+01, time 1.240ms
[INFO   ] DREAMPlace - full step 8.819 ms
[INFO   ] DREAMPlace - optimizer step 7.065 ms
[INFO   ] DREAMPlace - iteration  391, ( 391,  0,  0), Obj 2.966887E+08, DensityWeight 7.971674E-05, wHPWL 3.555929E+08, Overflow 5.139982E-01, MaxDensity 1.683E+01, gamma 9.154176E+01, time 1.229ms
[INFO   ] DREAMPlace - full step 8.777 ms
[INFO   ] DREAMPlace - optimizer step 7.072 ms
[INFO   ] DREAMPlace - iteration  392, ( 392,  0,  0), Obj 2.974556E+08, DensityWeight 8.213761E-05, wHPWL 3.557080E+08, Overflow 5.115165E-01, MaxDensity 1.725E+01, gamma 9.013184E+01, time 1.227ms
[INFO   ] DREAMPlace - full step 8.794 ms
[INFO   ] DREAMPlace - optimizer step 7.112 ms
[INFO   ] DREAMPlace - iteration  393, ( 393,  0,  0), Obj 2.981173E+08, DensityWeight 8.487131E-05, wHPWL 3.558008E+08, Overflow 5.094849E-01, MaxDensity 1.675E+01, gamma 8.899453E+01, time 1.235ms
[INFO   ] DREAMPlace - full step 8.869 ms
[INFO   ] DREAMPlace - optimizer step 11.443 ms
[INFO   ] DREAMPlace - iteration  394, ( 394,  0,  0), Obj 2.986994E+08, DensityWeight 8.796986E-05, wHPWL 3.559053E+08, Overflow 5.074391E-01, MaxDensity 1.603E+01, gamma 8.807418E+01, time 1.244ms
[INFO   ] DREAMPlace - full step 13.194 ms
[INFO   ] DREAMPlace - optimizer step 28.782 ms
[INFO   ] DREAMPlace - iteration  395, ( 395,  0,  0), Obj 2.992799E+08, DensityWeight 9.103279E-05, wHPWL 3.560173E+08, Overflow 5.055031E-01, MaxDensity 1.671E+01, gamma 8.715701E+01, time 7.588ms
[INFO   ] DREAMPlace - full step 36.934 ms
[INFO   ] DREAMPlace - optimizer step 9.077 ms
[INFO   ] DREAMPlace - iteration  396, ( 396,  0,  0), Obj 2.998353E+08, DensityWeight 9.410283E-05, wHPWL 3.561482E+08, Overflow 5.033287E-01, MaxDensity 1.540E+01, gamma 8.629790E+01, time 1.265ms
[INFO   ] DREAMPlace - full step 10.886 ms
[INFO   ] DREAMPlace - optimizer step 13.408 ms
[INFO   ] DREAMPlace - iteration  397, ( 397,  0,  0), Obj 3.004276E+08, DensityWeight 9.702245E-05, wHPWL 3.562742E+08, Overflow 5.010171E-01, MaxDensity 1.468E+01, gamma 8.534305E+01, time 1.324ms
[INFO   ] DREAMPlace - full step 15.298 ms
[INFO   ] DREAMPlace - optimizer step 7.451 ms
[INFO   ] DREAMPlace - iteration  398, ( 398,  0,  0), Obj 3.010334E+08, DensityWeight 1.000987E-04, wHPWL 3.563786E+08, Overflow 4.988979E-01, MaxDensity 1.508E+01, gamma 8.433955E+01, time 1.293ms
[INFO   ] DREAMPlace - full step 9.271 ms
[INFO   ] DREAMPlace - optimizer step 7.119 ms
[INFO   ] DREAMPlace - iteration  399, ( 399,  0,  0), Obj 3.015938E+08, DensityWeight 1.035863E-04, wHPWL 3.564948E+08, Overflow 4.961894E-01, MaxDensity 1.550E+01, gamma 8.342992E+01, time 1.250ms
[INFO   ] DREAMPlace - full step 8.872 ms
[INFO   ] DREAMPlace - optimizer step 7.093 ms
[INFO   ] DREAMPlace - iteration  400, ( 400,  0,  0), Obj 3.022545E+08, DensityWeight 1.070176E-04, wHPWL 3.566490E+08, Overflow 4.940258E-01, MaxDensity 1.445E+01, gamma 8.228164E+01, time 1.228ms
[INFO   ] DREAMPlace - full step 8.823 ms
[INFO   ] DREAMPlace - optimizer step 7.066 ms
[INFO   ] DREAMPlace - iteration  401, ( 401,  0,  0), Obj 3.028436E+08, DensityWeight 1.099792E-04, wHPWL 3.567912E+08, Overflow 4.915687E-01, MaxDensity 1.450E+01, gamma 8.137575E+01, time 1.221ms
[INFO   ] DREAMPlace - full step 8.779 ms
[INFO   ] DREAMPlace - optimizer step 7.129 ms
[INFO   ] DREAMPlace - iteration  402, ( 402,  0,  0), Obj 3.034783E+08, DensityWeight 1.132110E-04, wHPWL 3.569158E+08, Overflow 4.891067E-01, MaxDensity 1.441E+01, gamma 8.035905E+01, time 10.708ms
[INFO   ] DREAMPlace - full step 18.331 ms
[INFO   ] DREAMPlace - optimizer step 16.593 ms
[INFO   ] DREAMPlace - iteration  403, ( 403,  0,  0), Obj 3.040951E+08, DensityWeight 1.168245E-04, wHPWL 3.570170E+08, Overflow 4.869063E-01, MaxDensity 1.376E+01, gamma 7.935307E+01, time 1.230ms
[INFO   ] DREAMPlace - full step 18.587 ms
[INFO   ] DREAMPlace - optimizer step 64.904 ms
[INFO   ] DREAMPlace - iteration  404, ( 404,  0,  0), Obj 3.046663E+08, DensityWeight 1.209482E-04, wHPWL 3.571320E+08, Overflow 4.841834E-01, MaxDensity 1.419E+01, gamma 7.846461E+01, time 9.610ms
[INFO   ] DREAMPlace - full step 76.981 ms
[INFO   ] DREAMPlace - optimizer step 45.478 ms
[INFO   ] DREAMPlace - iteration  405, ( 405,  0,  0), Obj 3.053189E+08, DensityWeight 1.249758E-04, wHPWL 3.572571E+08, Overflow 4.819138E-01, MaxDensity 1.528E+01, gamma 7.737900E+01, time 7.003ms
[INFO   ] DREAMPlace - full step 59.667 ms
[INFO   ] DREAMPlace - optimizer step 58.429 ms
[INFO   ] DREAMPlace - iteration  406, ( 406,  0,  0), Obj 3.059041E+08, DensityWeight 1.289551E-04, wHPWL 3.573582E+08, Overflow 4.796515E-01, MaxDensity 1.654E+01, gamma 7.648559E+01, time 5.189ms
[INFO   ] DREAMPlace - full step 69.590 ms
[INFO   ] DREAMPlace - optimizer step 60.871 ms
[INFO   ] DREAMPlace - iteration  407, ( 407,  0,  0), Obj 3.064760E+08, DensityWeight 1.335081E-04, wHPWL 3.574334E+08, Overflow 4.774185E-01, MaxDensity 1.543E+01, gamma 7.560529E+01, time 13.813ms
[INFO   ] DREAMPlace - full step 81.918 ms
[INFO   ] DREAMPlace - optimizer step 56.243 ms
[INFO   ] DREAMPlace - iteration  408, ( 408,  0,  0), Obj 3.070248E+08, DensityWeight 1.387217E-04, wHPWL 3.575227E+08, Overflow 4.745234E-01, MaxDensity 1.411E+01, gamma 7.474633E+01, time 14.919ms
[INFO   ] DREAMPlace - full step 76.723 ms
[INFO   ] DREAMPlace - optimizer step 51.472 ms
[INFO   ] DREAMPlace - iteration  409, ( 409,  0,  0), Obj 3.076706E+08, DensityWeight 1.438562E-04, wHPWL 3.576306E+08, Overflow 4.714658E-01, MaxDensity 1.402E+01, gamma 7.364721E+01, time 7.370ms
[INFO   ] DREAMPlace - full step 63.629 ms
[INFO   ] DREAMPlace - optimizer step 74.170 ms
[INFO   ] DREAMPlace - iteration  410, ( 410,  0,  0), Obj 3.083412E+08, DensityWeight 1.487932E-04, wHPWL 3.577207E+08, Overflow 4.679814E-01, MaxDensity 1.354E+01, gamma 7.250397E+01, time 6.766ms
[INFO   ] DREAMPlace - full step 88.244 ms
[INFO   ] DREAMPlace - optimizer step 40.097 ms
[INFO   ] DREAMPlace - iteration  411, ( 411,  0,  0), Obj 3.090633E+08, DensityWeight 1.542833E-04, wHPWL 3.577716E+08, Overflow 4.650681E-01, MaxDensity 1.281E+01, gamma 7.122272E+01, time 20.588ms
[INFO   ] DREAMPlace - full step 67.959 ms
[INFO   ] DREAMPlace - optimizer step 45.325 ms
[INFO   ] DREAMPlace - iteration  412, ( 412,  0,  0), Obj 3.096826E+08, DensityWeight 1.608533E-04, wHPWL 3.577988E+08, Overflow 4.622525E-01, MaxDensity 1.506E+01, gamma 7.016891E+01, time 4.328ms
[INFO   ] DREAMPlace - full step 56.988 ms
[INFO   ] DREAMPlace - optimizer step 44.855 ms
[INFO   ] DREAMPlace - iteration  413, ( 413,  0,  0), Obj 3.102766E+08, DensityWeight 1.682567E-04, wHPWL 3.578236E+08, Overflow 4.595010E-01, MaxDensity 1.345E+01, gamma 6.916520E+01, time 5.671ms
[INFO   ] DREAMPlace - full step 57.782 ms
[INFO   ] DREAMPlace - optimizer step 43.197 ms
[INFO   ] DREAMPlace - iteration  414, ( 414,  0,  0), Obj 3.108516E+08, DensityWeight 1.760591E-04, wHPWL 3.578591E+08, Overflow 4.567623E-01, MaxDensity 1.358E+01, gamma 6.819825E+01, time 5.693ms
[INFO   ] DREAMPlace - full step 54.850 ms
[INFO   ] DREAMPlace - optimizer step 45.137 ms
[INFO   ] DREAMPlace - iteration  415, ( 415,  0,  0), Obj 3.114181E+08, DensityWeight 1.839489E-04, wHPWL 3.579100E+08, Overflow 4.536691E-01, MaxDensity 1.258E+01, gamma 6.724922E+01, time 5.713ms
[INFO   ] DREAMPlace - full step 58.053 ms
[INFO   ] DREAMPlace - optimizer step 10.626 ms
[INFO   ] DREAMPlace - iteration  416, ( 416,  0,  0), Obj 3.120336E+08, DensityWeight 1.917821E-04, wHPWL 3.579685E+08, Overflow 4.500243E-01, MaxDensity 1.276E+01, gamma 6.619322E+01, time 4.641ms
[INFO   ] DREAMPlace - full step 16.481 ms
[INFO   ] DREAMPlace - optimizer step 40.033 ms
[INFO   ] DREAMPlace - iteration  417, ( 417,  0,  0), Obj 3.127185E+08, DensityWeight 1.997332E-04, wHPWL 3.580258E+08, Overflow 4.463218E-01, MaxDensity 1.419E+01, gamma 6.497017E+01, time 2.843ms
[INFO   ] DREAMPlace - full step 48.039 ms
[INFO   ] DREAMPlace - optimizer step 46.052 ms
[INFO   ] DREAMPlace - iteration  418, ( 418,  0,  0), Obj 3.134102E+08, DensityWeight 2.080528E-04, wHPWL 3.580826E+08, Overflow 4.429508E-01, MaxDensity 1.326E+01, gamma 6.375088E+01, time 4.017ms
[INFO   ] DREAMPlace - full step 51.290 ms
[INFO   ] DREAMPlace - optimizer step 48.640 ms
[INFO   ] DREAMPlace - iteration  419, ( 419,  0,  0), Obj 3.140621E+08, DensityWeight 2.167316E-04, wHPWL 3.581248E+08, Overflow 4.397451E-01, MaxDensity 1.312E+01, gamma 6.266067E+01, time 5.733ms
[INFO   ] DREAMPlace - full step 61.608 ms
[INFO   ] DREAMPlace - optimizer step 48.515 ms
[INFO   ] DREAMPlace - iteration  420, ( 420,  0,  0), Obj 3.146890E+08, DensityWeight 2.262331E-04, wHPWL 3.581655E+08, Overflow 4.365247E-01, MaxDensity 1.353E+01, gamma 6.164124E+01, time 4.363ms
[INFO   ] DREAMPlace - full step 56.519 ms
[INFO   ] DREAMPlace - optimizer step 40.752 ms
[INFO   ] DREAMPlace - iteration  421, ( 421,  0,  0), Obj 3.153100E+08, DensityWeight 2.362028E-04, wHPWL 3.582106E+08, Overflow 4.330443E-01, MaxDensity 1.242E+01, gamma 6.063381E+01, time 5.687ms
[INFO   ] DREAMPlace - full step 53.632 ms
[INFO   ] DREAMPlace - optimizer step 42.348 ms
[INFO   ] DREAMPlace - iteration  422, ( 422,  0,  0), Obj 3.159625E+08, DensityWeight 2.464568E-04, wHPWL 3.582617E+08, Overflow 4.293174E-01, MaxDensity 1.216E+01, gamma 5.956355E+01, time 5.681ms
[INFO   ] DREAMPlace - full step 55.302 ms
[INFO   ] DREAMPlace - optimizer step 45.142 ms
[INFO   ] DREAMPlace - iteration  423, ( 423,  0,  0), Obj 3.166404E+08, DensityWeight 2.569438E-04, wHPWL 3.583090E+08, Overflow 4.258238E-01, MaxDensity 1.104E+01, gamma 5.843845E+01, time 5.666ms
[INFO   ] DREAMPlace - full step 58.035 ms
[INFO   ] DREAMPlace - optimizer step 44.616 ms
[INFO   ] DREAMPlace - iteration  424, ( 424,  0,  0), Obj 3.172876E+08, DensityWeight 2.680192E-04, wHPWL 3.583402E+08, Overflow 4.227209E-01, MaxDensity 1.139E+01, gamma 5.740307E+01, time 5.846ms
[INFO   ] DREAMPlace - full step 57.695 ms
[INFO   ] DREAMPlace - optimizer step 44.710 ms
[INFO   ] DREAMPlace - iteration  425, ( 425,  0,  0), Obj 3.178738E+08, DensityWeight 2.801988E-04, wHPWL 3.583748E+08, Overflow 4.195254E-01, MaxDensity 1.217E+01, gamma 5.649887E+01, time 5.671ms
[INFO   ] DREAMPlace - full step 54.516 ms
[INFO   ] DREAMPlace - optimizer step 45.193 ms
[INFO   ] DREAMPlace - iteration  426, ( 426,  0,  0), Obj 3.184741E+08, DensityWeight 2.927895E-04, wHPWL 3.584438E+08, Overflow 4.162858E-01, MaxDensity 1.131E+01, gamma 5.558258E+01, time 5.692ms
[INFO   ] DREAMPlace - full step 58.114 ms
[INFO   ] DREAMPlace - optimizer step 46.417 ms
[INFO   ] DREAMPlace - iteration  427, ( 427,  0,  0), Obj 3.190855E+08, DensityWeight 3.044892E-04, wHPWL 3.585340E+08, Overflow 4.130860E-01, MaxDensity 1.273E+01, gamma 5.466878E+01, time 4.339ms
[INFO   ] DREAMPlace - full step 56.562 ms
[INFO   ] DREAMPlace - optimizer step 42.508 ms
[INFO   ] DREAMPlace - iteration  428, ( 428,  0,  0), Obj 3.196977E+08, DensityWeight 3.157198E-04, wHPWL 3.586250E+08, Overflow 4.096102E-01, MaxDensity 1.265E+01, gamma 5.378099E+01, time 5.692ms
[INFO   ] DREAMPlace - full step 55.456 ms
[INFO   ] DREAMPlace - optimizer step 42.636 ms
[INFO   ] DREAMPlace - iteration  429, ( 429,  0,  0), Obj 3.203317E+08, DensityWeight 3.273237E-04, wHPWL 3.587021E+08, Overflow 4.062403E-01, MaxDensity 1.106E+01, gamma 5.283295E+01, time 5.754ms
[INFO   ] DREAMPlace - full step 55.576 ms
[INFO   ] DREAMPlace - optimizer step 42.910 ms
[INFO   ] DREAMPlace - iteration  430, ( 430,  0,  0), Obj 3.209409E+08, DensityWeight 3.400148E-04, wHPWL 3.587556E+08, Overflow 4.031124E-01, MaxDensity 1.067E+01, gamma 5.192976E+01, time 5.702ms
[INFO   ] DREAMPlace - full step 55.853 ms
[INFO   ] DREAMPlace - optimizer step 42.785 ms
[INFO   ] DREAMPlace - iteration  431, ( 431,  0,  0), Obj 3.215013E+08, DensityWeight 3.543658E-04, wHPWL 3.588099E+08, Overflow 4.003994E-01, MaxDensity 1.075E+01, gamma 5.110522E+01, time 5.701ms
[INFO   ] DREAMPlace - full step 55.723 ms
[INFO   ] DREAMPlace - optimizer step 46.175 ms
[INFO   ] DREAMPlace - iteration  432, ( 432,  0,  0), Obj 3.220125E+08, DensityWeight 3.692764E-04, wHPWL 3.588807E+08, Overflow 3.973335E-01, MaxDensity 1.164E+01, gamma 5.040068E+01, time 2.376ms
[INFO   ] DREAMPlace - full step 54.574 ms
[INFO   ] DREAMPlace - optimizer step 42.346 ms
[INFO   ] DREAMPlace - iteration  433, ( 433,  0,  0), Obj 3.225619E+08, DensityWeight 3.839330E-04, wHPWL 3.589674E+08, Overflow 3.937667E-01, MaxDensity 1.018E+01, gamma 4.961617E+01, time 5.672ms
[INFO   ] DREAMPlace - full step 55.233 ms
[INFO   ] DREAMPlace - optimizer step 42.794 ms
[INFO   ] DREAMPlace - iteration  434, ( 434,  0,  0), Obj 3.231628E+08, DensityWeight 3.982892E-04, wHPWL 3.590341E+08, Overflow 3.904055E-01, MaxDensity 1.037E+01, gamma 4.871885E+01, time 58.248ms
[INFO   ] DREAMPlace - full step 108.326 ms
[INFO   ] DREAMPlace - optimizer step 43.130 ms
[INFO   ] DREAMPlace - iteration  435, ( 435,  0,  0), Obj 3.237186E+08, DensityWeight 4.143301E-04, wHPWL 3.590783E+08, Overflow 3.875090E-01, MaxDensity 1.019E+01, gamma 4.788811E+01, time 5.681ms
[INFO   ] DREAMPlace - full step 56.066 ms
[INFO   ] DREAMPlace - optimizer step 46.543 ms
[INFO   ] DREAMPlace - iteration  436, ( 436,  0,  0), Obj 3.242114E+08, DensityWeight 4.323728E-04, wHPWL 3.591127E+08, Overflow 3.843132E-01, MaxDensity 1.001E+01, gamma 4.718362E+01, time 5.663ms
[INFO   ] DREAMPlace - full step 59.541 ms
[INFO   ] DREAMPlace - optimizer step 46.516 ms
[INFO   ] DREAMPlace - iteration  437, ( 437,  0,  0), Obj 3.247209E+08, DensityWeight 4.518236E-04, wHPWL 3.591586E+08, Overflow 3.810529E-01, MaxDensity 9.857E+00, gamma 4.641830E+01, time 5.779ms
[INFO   ] DREAMPlace - full step 59.584 ms
[INFO   ] DREAMPlace - optimizer step 42.766 ms
[INFO   ] DREAMPlace - iteration  438, ( 438,  0,  0), Obj 3.252332E+08, DensityWeight 4.713855E-04, wHPWL 3.591947E+08, Overflow 3.774815E-01, MaxDensity 9.915E+00, gamma 4.565036E+01, time 5.680ms
[INFO   ] DREAMPlace - full step 55.690 ms
[INFO   ] DREAMPlace - optimizer step 45.958 ms
[INFO   ] DREAMPlace - iteration  439, ( 439,  0,  0), Obj 3.257623E+08, DensityWeight 4.924749E-04, wHPWL 3.592280E+08, Overflow 3.735886E-01, MaxDensity 9.117E+00, gamma 4.482370E+01, time 5.696ms
[INFO   ] DREAMPlace - full step 58.919 ms
[INFO   ] DREAMPlace - optimizer step 45.387 ms
[INFO   ] DREAMPlace - iteration  440, ( 440,  0,  0), Obj 3.263181E+08, DensityWeight 5.147029E-04, wHPWL 3.592684E+08, Overflow 3.704727E-01, MaxDensity 8.632E+00, gamma 4.393968E+01, time 6.462ms
[INFO   ] DREAMPlace - full step 59.112 ms
[INFO   ] DREAMPlace - optimizer step 44.402 ms
[INFO   ] DREAMPlace - iteration  441, ( 441,  0,  0), Obj 3.267937E+08, DensityWeight 5.373994E-04, wHPWL 3.592904E+08, Overflow 3.666253E-01, MaxDensity 8.673E+00, gamma 4.324467E+01, time 8.199ms
[INFO   ] DREAMPlace - full step 59.859 ms
[INFO   ] DREAMPlace - optimizer step 48.171 ms
[INFO   ] DREAMPlace - iteration  442, ( 442,  0,  0), Obj 3.273353E+08, DensityWeight 5.625452E-04, wHPWL 3.593130E+08, Overflow 3.629329E-01, MaxDensity 8.798E+00, gamma 4.240166E+01, time 5.709ms
[INFO   ] DREAMPlace - full step 61.144 ms
[INFO   ] DREAMPlace - optimizer step 77.867 ms
[INFO   ] DREAMPlace - iteration  443, ( 443,  0,  0), Obj 3.278467E+08, DensityWeight 5.888099E-04, wHPWL 3.593253E+08, Overflow 3.595068E-01, MaxDensity 8.975E+00, gamma 4.160807E+01, time 2.691ms
[INFO   ] DREAMPlace - full step 87.758 ms
[INFO   ] DREAMPlace - optimizer step 48.490 ms
[INFO   ] DREAMPlace - iteration  444, ( 444,  0,  0), Obj 3.283253E+08, DensityWeight 6.171922E-04, wHPWL 3.593456E+08, Overflow 3.557882E-01, MaxDensity 8.252E+00, gamma 4.088501E+01, time 41.510ms
[INFO   ] DREAMPlace - full step 97.298 ms
[INFO   ] DREAMPlace - optimizer step 44.654 ms
[INFO   ] DREAMPlace - iteration  445, ( 445,  0,  0), Obj 3.288297E+08, DensityWeight 6.462245E-04, wHPWL 3.593694E+08, Overflow 3.520672E-01, MaxDensity 8.492E+00, gamma 4.011441E+01, time 7.108ms
[INFO   ] DREAMPlace - full step 57.365 ms
[INFO   ] DREAMPlace - optimizer step 44.535 ms
[INFO   ] DREAMPlace - iteration  446, ( 446,  0,  0), Obj 3.293298E+08, DensityWeight 6.762844E-04, wHPWL 3.594042E+08, Overflow 3.482550E-01, MaxDensity 8.205E+00, gamma 3.935786E+01, time 5.760ms
[INFO   ] DREAMPlace - full step 57.509 ms
[INFO   ] DREAMPlace - optimizer step 46.123 ms
[INFO   ] DREAMPlace - iteration  447, ( 447,  0,  0), Obj 3.298398E+08, DensityWeight 7.066606E-04, wHPWL 3.594308E+08, Overflow 3.442449E-01, MaxDensity 8.790E+00, gamma 3.859757E+01, time 5.637ms
[INFO   ] DREAMPlace - full step 59.026 ms
[INFO   ] DREAMPlace - optimizer step 42.248 ms
[INFO   ] DREAMPlace - iteration  448, ( 448,  0,  0), Obj 3.303584E+08, DensityWeight 7.392449E-04, wHPWL 3.594454E+08, Overflow 3.408480E-01, MaxDensity 8.259E+00, gamma 3.781366E+01, time 5.678ms
[INFO   ] DREAMPlace - full step 55.207 ms
[INFO   ] DREAMPlace - optimizer step 46.106 ms
[INFO   ] DREAMPlace - iteration  449, ( 449,  0,  0), Obj 3.308059E+08, DensityWeight 7.746333E-04, wHPWL 3.594539E+08, Overflow 3.375442E-01, MaxDensity 7.915E+00, gamma 3.716208E+01, time 5.710ms
[INFO   ] DREAMPlace - full step 57.755 ms
[INFO   ] DREAMPlace - optimizer step 46.118 ms
[INFO   ] DREAMPlace - iteration  450, ( 450,  0,  0), Obj 3.312385E+08, DensityWeight 8.124040E-04, wHPWL 3.594736E+08, Overflow 3.342046E-01, MaxDensity 8.127E+00, gamma 3.653914E+01, time 5.553ms
[INFO   ] DREAMPlace - full step 59.048 ms
[INFO   ] DREAMPlace - optimizer step 47.174 ms
[INFO   ] DREAMPlace - iteration  451, ( 451,  0,  0), Obj 3.316704E+08, DensityWeight 8.506834E-04, wHPWL 3.594817E+08, Overflow 3.306336E-01, MaxDensity 8.200E+00, gamma 3.592003E+01, time 5.631ms
[INFO   ] DREAMPlace - full step 60.099 ms
[INFO   ] DREAMPlace - optimizer step 46.040 ms
[INFO   ] DREAMPlace - iteration  452, ( 452,  0,  0), Obj 3.321071E+08, DensityWeight 8.922060E-04, wHPWL 3.594971E+08, Overflow 3.267781E-01, MaxDensity 6.706E+00, gamma 3.526965E+01, time 5.687ms
[INFO   ] DREAMPlace - full step 58.968 ms
[INFO   ] DREAMPlace - optimizer step 46.178 ms
[INFO   ] DREAMPlace - iteration  453, ( 453,  0,  0), Obj 3.325668E+08, DensityWeight 9.348125E-04, wHPWL 3.595379E+08, Overflow 3.225332E-01, MaxDensity 6.972E+00, gamma 3.458067E+01, time 5.696ms
[INFO   ] DREAMPlace - full step 59.120 ms
[INFO   ] DREAMPlace - optimizer step 42.173 ms
[INFO   ] DREAMPlace - iteration  454, ( 454,  0,  0), Obj 3.330704E+08, DensityWeight 9.759819E-04, wHPWL 3.595742E+08, Overflow 3.184460E-01, MaxDensity 7.361E+00, gamma 3.383767E+01, time 5.666ms
[INFO   ] DREAMPlace - full step 55.087 ms
[INFO   ] DREAMPlace - optimizer step 46.078 ms
[INFO   ] DREAMPlace - iteration  455, ( 455,  0,  0), Obj 3.335559E+08, DensityWeight 1.019615E-03, wHPWL 3.595618E+08, Overflow 3.147189E-01, MaxDensity 7.055E+00, gamma 3.313734E+01, time 5.695ms
[INFO   ] DREAMPlace - full step 59.002 ms
[INFO   ] DREAMPlace - optimizer step 44.385 ms
[INFO   ] DREAMPlace - iteration  456, ( 456,  0,  0), Obj 3.339752E+08, DensityWeight 1.049184E-03, wHPWL 3.595229E+08, Overflow 3.109819E-01, MaxDensity 6.940E+00, gamma 3.251138E+01, time 4.074ms
[INFO   ] DREAMPlace - full step 55.667 ms
[INFO   ] DREAMPlace - optimizer step 43.731 ms
[INFO   ] DREAMPlace - iteration  457, ( 457,  0,  0), Obj 3.343741E+08, DensityWeight 1.079610E-03, wHPWL 3.594910E+08, Overflow 3.078312E-01, MaxDensity 7.215E+00, gamma 3.189561E+01, time 5.641ms
[INFO   ] DREAMPlace - full step 56.629 ms
[INFO   ] DREAMPlace - optimizer step 46.113 ms
[INFO   ] DREAMPlace - iteration  458, ( 458,  0,  0), Obj 3.347150E+08, DensityWeight 1.110919E-03, wHPWL 3.594373E+08, Overflow 3.053868E-01, MaxDensity 6.920E+00, gamma 3.138551E+01, time 5.705ms
[INFO   ] DREAMPlace - full step 59.075 ms
[INFO   ] DREAMPlace - optimizer step 42.295 ms
[INFO   ] DREAMPlace - iteration  459, ( 459,  0,  0), Obj 3.349721E+08, DensityWeight 1.143135E-03, wHPWL 3.593594E+08, Overflow 3.031313E-01, MaxDensity 6.818E+00, gamma 3.099541E+01, time 5.660ms
[INFO   ] DREAMPlace - full step 55.257 ms
[INFO   ] DREAMPlace - optimizer step 46.142 ms
[INFO   ] DREAMPlace - iteration  460, ( 460,  0,  0), Obj 3.351861E+08, DensityWeight 1.176286E-03, wHPWL 3.592812E+08, Overflow 3.012189E-01, MaxDensity 7.613E+00, gamma 3.063974E+01, time 5.683ms
[INFO   ] DREAMPlace - full step 59.090 ms
[INFO   ] DREAMPlace - optimizer step 46.232 ms
[INFO   ] DREAMPlace - iteration  461, ( 461,  0,  0), Obj 3.353543E+08, DensityWeight 1.210399E-03, wHPWL 3.592061E+08, Overflow 2.991806E-01, MaxDensity 6.600E+00, gamma 3.034137E+01, time 5.679ms
[INFO   ] DREAMPlace - full step 59.170 ms
[INFO   ] DREAMPlace - optimizer step 42.233 ms
[INFO   ] DREAMPlace - iteration  462, ( 462,  0,  0), Obj 3.355229E+08, DensityWeight 1.245501E-03, wHPWL 3.591472E+08, Overflow 2.972539E-01, MaxDensity 6.943E+00, gamma 3.002656E+01, time 5.661ms
[INFO   ] DREAMPlace - full step 55.130 ms
[INFO   ] DREAMPlace - optimizer step 46.065 ms
[INFO   ] DREAMPlace - iteration  463, ( 463,  0,  0), Obj 3.356790E+08, DensityWeight 1.281620E-03, wHPWL 3.590804E+08, Overflow 2.958490E-01, MaxDensity 7.171E+00, gamma 2.973201E+01, time 5.734ms
[INFO   ] DREAMPlace - full step 58.995 ms
[INFO   ] DREAMPlace - optimizer step 46.408 ms
[INFO   ] DREAMPlace - iteration  464, ( 464,  0,  0), Obj 3.357845E+08, DensityWeight 1.318787E-03, wHPWL 3.590188E+08, Overflow 2.937496E-01, MaxDensity 6.315E+00, gamma 2.951904E+01, time 4.053ms
[INFO   ] DREAMPlace - full step 57.669 ms
[INFO   ] DREAMPlace - optimizer step 42.026 ms
[INFO   ] DREAMPlace - iteration  465, ( 465,  0,  0), Obj 3.359396E+08, DensityWeight 1.357032E-03, wHPWL 3.589652E+08, Overflow 2.913870E-01, MaxDensity 6.930E+00, gamma 2.920363E+01, time 5.697ms
[INFO   ] DREAMPlace - full step 54.960 ms
[INFO   ] DREAMPlace - optimizer step 45.959 ms
[INFO   ] DREAMPlace - iteration  466, ( 466,  0,  0), Obj 3.361135E+08, DensityWeight 1.396386E-03, wHPWL 3.589002E+08, Overflow 2.891068E-01, MaxDensity 6.644E+00, gamma 2.885272E+01, time 5.704ms
[INFO   ] DREAMPlace - full step 58.886 ms
[INFO   ] DREAMPlace - optimizer step 40.195 ms
[INFO   ] DREAMPlace - iteration  467, ( 467,  0,  0), Obj 3.362754E+08, DensityWeight 1.436881E-03, wHPWL 3.588344E+08, Overflow 2.868336E-01, MaxDensity 6.566E+00, gamma 2.851802E+01, time 5.710ms
[INFO   ] DREAMPlace - full step 53.161 ms
[INFO   ] DREAMPlace - optimizer step 50.663 ms
[INFO   ] DREAMPlace - iteration  468, ( 468,  0,  0), Obj 3.364376E+08, DensityWeight 1.478551E-03, wHPWL 3.587950E+08, Overflow 2.844108E-01, MaxDensity 6.156E+00, gamma 2.818824E+01, time 5.667ms
[INFO   ] DREAMPlace - full step 63.546 ms
[INFO   ] DREAMPlace - optimizer step 46.128 ms
[INFO   ] DREAMPlace - iteration  469, ( 469,  0,  0), Obj 3.366247E+08, DensityWeight 1.521429E-03, wHPWL 3.587242E+08, Overflow 2.819011E-01, MaxDensity 6.067E+00, gamma 2.784094E+01, time 5.688ms
[INFO   ] DREAMPlace - full step 59.025 ms
[INFO   ] DREAMPlace - optimizer step 43.068 ms
[INFO   ] DREAMPlace - iteration  470, ( 470,  0,  0), Obj 3.368023E+08, DensityWeight 1.565550E-03, wHPWL 3.586302E+08, Overflow 2.795590E-01, MaxDensity 5.701E+00, gamma 2.748570E+01, time 5.657ms
[INFO   ] DREAMPlace - full step 55.965 ms
[INFO   ] DREAMPlace - optimizer step 46.046 ms
[INFO   ] DREAMPlace - iteration  471, ( 471,  0,  0), Obj 3.369556E+08, DensityWeight 1.610951E-03, wHPWL 3.585709E+08, Overflow 2.768187E-01, MaxDensity 6.627E+00, gamma 2.715828E+01, time 5.641ms
[INFO   ] DREAMPlace - full step 59.031 ms
[INFO   ] DREAMPlace - optimizer step 46.060 ms
[INFO   ] DREAMPlace - iteration  472, ( 472,  0,  0), Obj 3.371591E+08, DensityWeight 1.657669E-03, wHPWL 3.585090E+08, Overflow 2.745191E-01, MaxDensity 7.171E+00, gamma 2.678012E+01, time 5.671ms
[INFO   ] DREAMPlace - full step 56.951 ms
[INFO   ] DREAMPlace - optimizer step 42.188 ms
[INFO   ] DREAMPlace - iteration  473, ( 473,  0,  0), Obj 3.373265E+08, DensityWeight 1.705742E-03, wHPWL 3.584374E+08, Overflow 2.724262E-01, MaxDensity 5.871E+00, gamma 2.646685E+01, time 5.687ms
[INFO   ] DREAMPlace - full step 55.135 ms
[INFO   ] DREAMPlace - optimizer step 50.703 ms
[INFO   ] DREAMPlace - iteration  474, ( 474,  0,  0), Obj 3.374737E+08, DensityWeight 1.755208E-03, wHPWL 3.583480E+08, Overflow 2.702857E-01, MaxDensity 6.052E+00, gamma 2.618493E+01, time 5.696ms
[INFO   ] DREAMPlace - full step 63.564 ms
[INFO   ] DREAMPlace - optimizer step 45.675 ms
[INFO   ] DREAMPlace - iteration  475, ( 475,  0,  0), Obj 3.376122E+08, DensityWeight 1.806109E-03, wHPWL 3.582875E+08, Overflow 2.681344E-01, MaxDensity 7.171E+00, gamma 2.589970E+01, time 6.979ms
[INFO   ] DREAMPlace - full step 59.879 ms
[INFO   ] DREAMPlace - optimizer step 42.099 ms
[INFO   ] DREAMPlace - iteration  476, ( 476,  0,  0), Obj 3.377627E+08, DensityWeight 1.858487E-03, wHPWL 3.582224E+08, Overflow 2.659665E-01, MaxDensity 5.946E+00, gamma 2.561617E+01, time 5.682ms
[INFO   ] DREAMPlace - full step 55.004 ms
[INFO   ] DREAMPlace - optimizer step 46.222 ms
[INFO   ] DREAMPlace - iteration  477, ( 477,  0,  0), Obj 3.379087E+08, DensityWeight 1.912383E-03, wHPWL 3.581529E+08, Overflow 2.637061E-01, MaxDensity 6.622E+00, gamma 2.533359E+01, time 5.690ms
[INFO   ] DREAMPlace - full step 59.113 ms
[INFO   ] DREAMPlace - optimizer step 39.697 ms
[INFO   ] DREAMPlace - iteration  478, ( 478,  0,  0), Obj 3.380541E+08, DensityWeight 1.967842E-03, wHPWL 3.580745E+08, Overflow 2.612104E-01, MaxDensity 6.313E+00, gamma 2.504226E+01, time 6.690ms
[INFO   ] DREAMPlace - full step 53.650 ms
[INFO   ] DREAMPlace - optimizer step 47.987 ms
[INFO   ] DREAMPlace - iteration  479, ( 479,  0,  0), Obj 3.382078E+08, DensityWeight 2.024909E-03, wHPWL 3.580020E+08, Overflow 2.589235E-01, MaxDensity 5.910E+00, gamma 2.472450E+01, time 6.298ms
[INFO   ] DREAMPlace - full step 61.594 ms
[INFO   ] DREAMPlace - optimizer step 46.165 ms
[INFO   ] DREAMPlace - iteration  480, ( 480,  0,  0), Obj 3.383473E+08, DensityWeight 2.083632E-03, wHPWL 3.579309E+08, Overflow 2.567913E-01, MaxDensity 6.560E+00, gamma 2.443686E+01, time 8.127ms
[INFO   ] DREAMPlace - full step 61.572 ms
[INFO   ] DREAMPlace - optimizer step 43.664 ms
[INFO   ] DREAMPlace - iteration  481, ( 481,  0,  0), Obj 3.384748E+08, DensityWeight 2.144057E-03, wHPWL 3.578482E+08, Overflow 2.546619E-01, MaxDensity 6.230E+00, gamma 2.417171E+01, time 5.683ms
[INFO   ] DREAMPlace - full step 56.598 ms
[INFO   ] DREAMPlace - optimizer step 57.775 ms
[INFO   ] DREAMPlace - iteration  482, ( 482,  0,  0), Obj 3.385936E+08, DensityWeight 2.206235E-03, wHPWL 3.577409E+08, Overflow 2.527040E-01, MaxDensity 6.637E+00, gamma 2.390975E+01, time 5.684ms
[INFO   ] DREAMPlace - full step 70.672 ms
[INFO   ] DREAMPlace - optimizer step 46.338 ms
[INFO   ] DREAMPlace - iteration  483, ( 483,  0,  0), Obj 3.386859E+08, DensityWeight 2.270216E-03, wHPWL 3.576543E+08, Overflow 2.504890E-01, MaxDensity 6.292E+00, gamma 2.367142E+01, time 4.733ms
[INFO   ] DREAMPlace - full step 57.344 ms
[INFO   ] DREAMPlace - optimizer step 45.475 ms
[INFO   ] DREAMPlace - iteration  484, ( 484,  0,  0), Obj 3.388049E+08, DensityWeight 2.336052E-03, wHPWL 3.576026E+08, Overflow 2.479592E-01, MaxDensity 6.440E+00, gamma 2.340465E+01, time 5.793ms
[INFO   ] DREAMPlace - full step 56.401 ms
[INFO   ] DREAMPlace - optimizer step 45.327 ms
[INFO   ] DREAMPlace - iteration  485, ( 485,  0,  0), Obj 3.389577E+08, DensityWeight 2.403798E-03, wHPWL 3.575442E+08, Overflow 2.454278E-01, MaxDensity 5.862E+00, gamma 2.310364E+01, time 5.735ms
[INFO   ] DREAMPlace - full step 56.198 ms
[INFO   ] DREAMPlace - optimizer step 45.466 ms
[INFO   ] DREAMPlace - iteration  486, ( 486,  0,  0), Obj 3.391061E+08, DensityWeight 2.473508E-03, wHPWL 3.574494E+08, Overflow 2.433536E-01, MaxDensity 6.222E+00, gamma 2.280631E+01, time 5.764ms
[INFO   ] DREAMPlace - full step 56.312 ms
[INFO   ] DREAMPlace - optimizer step 45.405 ms
[INFO   ] DREAMPlace - iteration  487, ( 487,  0,  0), Obj 3.392041E+08, DensityWeight 2.545240E-03, wHPWL 3.573584E+08, Overflow 2.412959E-01, MaxDensity 5.999E+00, gamma 2.256554E+01, time 5.748ms
[INFO   ] DREAMPlace - full step 56.252 ms
[INFO   ] DREAMPlace - optimizer step 45.336 ms
[INFO   ] DREAMPlace - iteration  488, ( 488,  0,  0), Obj 3.393045E+08, DensityWeight 2.619052E-03, wHPWL 3.572799E+08, Overflow 2.389164E-01, MaxDensity 5.817E+00, gamma 2.232920E+01, time 5.739ms
[INFO   ] DREAMPlace - full step 56.185 ms
[INFO   ] DREAMPlace - optimizer step 45.368 ms
[INFO   ] DREAMPlace - iteration  489, ( 489,  0,  0), Obj 3.394287E+08, DensityWeight 2.695004E-03, wHPWL 3.572031E+08, Overflow 2.366551E-01, MaxDensity 5.307E+00, gamma 2.205897E+01, time 5.738ms
[INFO   ] DREAMPlace - full step 56.211 ms
[INFO   ] DREAMPlace - optimizer step 45.246 ms
[INFO   ] DREAMPlace - iteration  490, ( 490,  0,  0), Obj 3.395437E+08, DensityWeight 2.773160E-03, wHPWL 3.571298E+08, Overflow 2.344758E-01, MaxDensity 5.871E+00, gamma 2.180520E+01, time 62.686ms
[INFO   ] DREAMPlace - full step 115.489 ms
[INFO   ] DREAMPlace - optimizer step 43.663 ms
[INFO   ] DREAMPlace - iteration  491, ( 491,  0,  0), Obj 3.396553E+08, DensityWeight 2.853581E-03, wHPWL 3.570564E+08, Overflow 2.323639E-01, MaxDensity 5.878E+00, gamma 2.156340E+01, time 5.692ms
[INFO   ] DREAMPlace - full step 56.887 ms
[INFO   ] DREAMPlace - optimizer step 45.319 ms
[INFO   ] DREAMPlace - iteration  492, ( 492,  0,  0), Obj 3.397620E+08, DensityWeight 2.936336E-03, wHPWL 3.569877E+08, Overflow 2.304422E-01, MaxDensity 5.164E+00, gamma 2.133163E+01, time 5.747ms
[INFO   ] DREAMPlace - full step 56.209 ms
[INFO   ] DREAMPlace - optimizer step 45.897 ms
[INFO   ] DREAMPlace - iteration  493, ( 493,  0,  0), Obj 3.398559E+08, DensityWeight 3.021489E-03, wHPWL 3.569036E+08, Overflow 2.282893E-01, MaxDensity 5.214E+00, gamma 2.112291E+01, time 5.733ms
[INFO   ] DREAMPlace - full step 56.261 ms
[INFO   ] DREAMPlace - optimizer step 45.319 ms
[INFO   ] DREAMPlace - iteration  494, ( 494,  0,  0), Obj 3.399555E+08, DensityWeight 3.109113E-03, wHPWL 3.568339E+08, Overflow 2.261430E-01, MaxDensity 5.415E+00, gamma 2.089149E+01, time 5.697ms
[INFO   ] DREAMPlace - full step 56.158 ms
[INFO   ] DREAMPlace - optimizer step 45.405 ms
[INFO   ] DREAMPlace - iteration  495, ( 495,  0,  0), Obj 3.400592E+08, DensityWeight 3.199277E-03, wHPWL 3.567751E+08, Overflow 2.241894E-01, MaxDensity 5.256E+00, gamma 2.066331E+01, time 5.705ms
[INFO   ] DREAMPlace - full step 56.239 ms
[INFO   ] DREAMPlace - optimizer step 48.339 ms
[INFO   ] DREAMPlace - iteration  496, ( 496,  0,  0), Obj 3.401587E+08, DensityWeight 3.292056E-03, wHPWL 3.567136E+08, Overflow 2.221927E-01, MaxDensity 5.055E+00, gamma 2.045778E+01, time 5.716ms
[INFO   ] DREAMPlace - full step 59.134 ms
[INFO   ] DREAMPlace - optimizer step 45.672 ms
[INFO   ] DREAMPlace - iteration  497, ( 497,  0,  0), Obj 3.402564E+08, DensityWeight 3.387526E-03, wHPWL 3.566324E+08, Overflow 2.201706E-01, MaxDensity 5.412E+00, gamma 2.024983E+01, time 5.732ms
[INFO   ] DREAMPlace - full step 56.498 ms
[INFO   ] DREAMPlace - optimizer step 45.405 ms
[INFO   ] DREAMPlace - iteration  498, ( 498,  0,  0), Obj 3.403449E+08, DensityWeight 3.485765E-03, wHPWL 3.565593E+08, Overflow 2.181789E-01, MaxDensity 4.908E+00, gamma 2.004140E+01, time 5.747ms
[INFO   ] DREAMPlace - full step 56.246 ms
[INFO   ] DREAMPlace - optimizer step 47.748 ms
[INFO   ] DREAMPlace - iteration  499, ( 499,  0,  0), Obj 3.404336E+08, DensityWeight 3.586852E-03, wHPWL 3.564962E+08, Overflow 2.160963E-01, MaxDensity 4.857E+00, gamma 1.983818E+01, time 5.723ms
[INFO   ] DREAMPlace - full step 58.555 ms
[INFO   ] DREAMPlace - optimizer step 51.673 ms
[INFO   ] DREAMPlace - iteration  500, ( 500,  0,  0), Obj 3.405327E+08, DensityWeight 3.690871E-03, wHPWL 3.564337E+08, Overflow 2.140017E-01, MaxDensity 4.979E+00, gamma 1.962790E+01, time 5.688ms
[INFO   ] DREAMPlace - full step 64.871 ms
[INFO   ] DREAMPlace - optimizer step 47.689 ms
[INFO   ] DREAMPlace - iteration  501, ( 501,  0,  0), Obj 3.406313E+08, DensityWeight 3.797906E-03, wHPWL 3.563641E+08, Overflow 2.119214E-01, MaxDensity 4.808E+00, gamma 1.941866E+01, time 7.661ms
[INFO   ] DREAMPlace - full step 62.630 ms
[INFO   ] DREAMPlace - optimizer step 47.757 ms
[INFO   ] DREAMPlace - iteration  502, ( 502,  0,  0), Obj 3.407248E+08, DensityWeight 3.908046E-03, wHPWL 3.563120E+08, Overflow 2.099323E-01, MaxDensity 4.864E+00, gamma 1.921306E+01, time 5.767ms
[INFO   ] DREAMPlace - full step 60.960 ms
[INFO   ] DREAMPlace - optimizer step 45.429 ms
[INFO   ] DREAMPlace - iteration  503, ( 503,  0,  0), Obj 3.408205E+08, DensityWeight 4.021380E-03, wHPWL 3.562570E+08, Overflow 2.080685E-01, MaxDensity 4.944E+00, gamma 1.901850E+01, time 5.720ms
[INFO   ] DREAMPlace - full step 56.292 ms
[INFO   ] DREAMPlace - optimizer step 45.287 ms
[INFO   ] DREAMPlace - iteration  504, ( 504,  0,  0), Obj 3.409071E+08, DensityWeight 4.138000E-03, wHPWL 3.561807E+08, Overflow 2.061571E-01, MaxDensity 4.761E+00, gamma 1.883798E+01, time 5.749ms
[INFO   ] DREAMPlace - full step 56.169 ms
[INFO   ] DREAMPlace - optimizer step 49.755 ms
[INFO   ] DREAMPlace - iteration  505, ( 505,  0,  0), Obj 3.409837E+08, DensityWeight 4.258002E-03, wHPWL 3.561148E+08, Overflow 2.040257E-01, MaxDensity 4.867E+00, gamma 1.865464E+01, time 5.736ms
[INFO   ] DREAMPlace - full step 60.588 ms
[INFO   ] DREAMPlace - optimizer step 45.404 ms
[INFO   ] DREAMPlace - iteration  506, ( 506,  0,  0), Obj 3.410783E+08, DensityWeight 4.381484E-03, wHPWL 3.560674E+08, Overflow 2.020818E-01, MaxDensity 5.460E+00, gamma 1.845229E+01, time 5.704ms
[INFO   ] DREAMPlace - full step 58.633 ms
[INFO   ] DREAMPlace - optimizer step 45.422 ms
[INFO   ] DREAMPlace - iteration  507, ( 507,  0,  0), Obj 3.411708E+08, DensityWeight 4.508547E-03, wHPWL 3.560129E+08, Overflow 1.999723E-01, MaxDensity 4.584E+00, gamma 1.826967E+01, time 5.691ms
[INFO   ] DREAMPlace - full step 58.658 ms
[INFO   ] DREAMPlace - optimizer step 45.463 ms
[INFO   ] DREAMPlace - iteration  508, ( 508,  0,  0), Obj 3.412693E+08, DensityWeight 4.639295E-03, wHPWL 3.559583E+08, Overflow 1.980110E-01, MaxDensity 4.464E+00, gamma 1.807352E+01, time 5.704ms
[INFO   ] DREAMPlace - full step 56.275 ms
[INFO   ] DREAMPlace - optimizer step 45.331 ms
[INFO   ] DREAMPlace - iteration  509, ( 509,  0,  0), Obj 3.413570E+08, DensityWeight 4.773835E-03, wHPWL 3.558952E+08, Overflow 1.960726E-01, MaxDensity 4.527E+00, gamma 1.789305E+01, time 5.714ms
[INFO   ] DREAMPlace - full step 56.180 ms
[INFO   ] DREAMPlace - optimizer step 45.303 ms
[INFO   ] DREAMPlace - iteration  510, ( 510,  0,  0), Obj 3.414401E+08, DensityWeight 4.912277E-03, wHPWL 3.558314E+08, Overflow 1.940972E-01, MaxDensity 4.408E+00, gamma 1.771646E+01, time 5.739ms
[INFO   ] DREAMPlace - full step 56.126 ms
[INFO   ] DREAMPlace - optimizer step 45.306 ms
[INFO   ] DREAMPlace - iteration  511, ( 511,  0,  0), Obj 3.415216E+08, DensityWeight 5.054733E-03, wHPWL 3.557759E+08, Overflow 1.919169E-01, MaxDensity 4.842E+00, gamma 1.753828E+01, time 5.740ms
[INFO   ] DREAMPlace - full step 56.148 ms
[INFO   ] DREAMPlace - optimizer step 6.999 ms
[INFO   ] DREAMPlace - iteration  512, ( 512,  0,  0), Obj 3.416170E+08, DensityWeight 5.201320E-03, wHPWL 3.557137E+08, Overflow 1.900017E-01, MaxDensity 4.425E+00, gamma 1.734370E+01, time 1.214ms
[INFO   ] DREAMPlace - full step 8.699 ms
[INFO   ] DREAMPlace - optimizer step 6.993 ms
[INFO   ] DREAMPlace - iteration  513, ( 513,  0,  0), Obj 3.416927E+08, DensityWeight 5.352159E-03, wHPWL 3.556523E+08, Overflow 1.882046E-01, MaxDensity 4.518E+00, gamma 1.717457E+01, time 1.235ms
[INFO   ] DREAMPlace - full step 8.713 ms
[INFO   ] DREAMPlace - optimizer step 16.114 ms
[INFO   ] DREAMPlace - iteration  514, ( 514,  0,  0), Obj 3.417635E+08, DensityWeight 5.507371E-03, wHPWL 3.556051E+08, Overflow 1.862783E-01, MaxDensity 4.377E+00, gamma 1.701737E+01, time 1.221ms
[INFO   ] DREAMPlace - full step 18.093 ms
[INFO   ] DREAMPlace - optimizer step 10.458 ms
[INFO   ] DREAMPlace - iteration  515, ( 515,  0,  0), Obj 3.418453E+08, DensityWeight 5.667085E-03, wHPWL 3.555628E+08, Overflow 1.844500E-01, MaxDensity 4.613E+00, gamma 1.685046E+01, time 1.410ms
[INFO   ] DREAMPlace - full step 12.752 ms
[INFO   ] DREAMPlace - optimizer step 10.661 ms
[INFO   ] DREAMPlace - iteration  516, ( 516,  0,  0), Obj 3.419239E+08, DensityWeight 5.831431E-03, wHPWL 3.555034E+08, Overflow 1.828676E-01, MaxDensity 4.296E+00, gamma 1.669356E+01, time 1.410ms
[INFO   ] DREAMPlace - full step 12.957 ms
[INFO   ] DREAMPlace - optimizer step 44.546 ms
[INFO   ] DREAMPlace - iteration  517, ( 517,  0,  0), Obj 3.419798E+08, DensityWeight 6.000543E-03, wHPWL 3.554332E+08, Overflow 1.811257E-01, MaxDensity 4.392E+00, gamma 1.655894E+01, time 5.505ms
[INFO   ] DREAMPlace - full step 57.452 ms
[INFO   ] DREAMPlace - optimizer step 44.078 ms
[INFO   ] DREAMPlace - iteration  518, ( 518,  0,  0), Obj 3.420375E+08, DensityWeight 6.174559E-03, wHPWL 3.553780E+08, Overflow 1.792573E-01, MaxDensity 4.189E+00, gamma 1.641200E+01, time 5.761ms
[INFO   ] DREAMPlace - full step 57.137 ms
[INFO   ] DREAMPlace - optimizer step 42.724 ms
[INFO   ] DREAMPlace - iteration  519, ( 519,  0,  0), Obj 3.421079E+08, DensityWeight 6.353622E-03, wHPWL 3.553258E+08, Overflow 1.772283E-01, MaxDensity 4.324E+00, gamma 1.625584E+01, time 37.653ms
[INFO   ] DREAMPlace - full step 87.754 ms
[INFO   ] DREAMPlace - optimizer step 44.532 ms
[INFO   ] DREAMPlace - iteration  520, ( 520,  0,  0), Obj 3.421878E+08, DensityWeight 6.537877E-03, wHPWL 3.552789E+08, Overflow 1.753449E-01, MaxDensity 3.926E+00, gamma 1.608794E+01, time 5.689ms
[INFO   ] DREAMPlace - full step 55.492 ms
[INFO   ] DREAMPlace - optimizer step 44.113 ms
[INFO   ] DREAMPlace - iteration  521, ( 521,  0,  0), Obj 3.422624E+08, DensityWeight 6.727476E-03, wHPWL 3.552184E+08, Overflow 1.734580E-01, MaxDensity 3.865E+00, gamma 1.593365E+01, time 5.686ms
[INFO   ] DREAMPlace - full step 55.536 ms
[INFO   ] DREAMPlace - optimizer step 42.511 ms
[INFO   ] DREAMPlace - iteration  522, ( 522,  0,  0), Obj 3.423301E+08, DensityWeight 6.922573E-03, wHPWL 3.551556E+08, Overflow 1.718260E-01, MaxDensity 4.227E+00, gamma 1.578055E+01, time 5.719ms
[INFO   ] DREAMPlace - full step 55.237 ms
[INFO   ] DREAMPlace - optimizer step 46.991 ms
[INFO   ] DREAMPlace - iteration  523, ( 523,  0,  0), Obj 3.423822E+08, DensityWeight 7.123328E-03, wHPWL 3.551050E+08, Overflow 1.701650E-01, MaxDensity 4.041E+00, gamma 1.564932E+01, time 4.198ms
[INFO   ] DREAMPlace - full step 58.481 ms
[INFO   ] DREAMPlace - optimizer step 44.027 ms
[INFO   ] DREAMPlace - iteration  524, ( 524,  0,  0), Obj 3.424423E+08, DensityWeight 7.329904E-03, wHPWL 3.550534E+08, Overflow 1.684588E-01, MaxDensity 3.802E+00, gamma 1.551688E+01, time 5.700ms
[INFO   ] DREAMPlace - full step 56.994 ms
[INFO   ] DREAMPlace - optimizer step 42.331 ms
[INFO   ] DREAMPlace - iteration  525, ( 525,  0,  0), Obj 3.425024E+08, DensityWeight 7.542472E-03, wHPWL 3.549989E+08, Overflow 1.667946E-01, MaxDensity 3.772E+00, gamma 1.538200E+01, time 5.694ms
[INFO   ] DREAMPlace - full step 53.266 ms
[INFO   ] DREAMPlace - optimizer step 47.133 ms
[INFO   ] DREAMPlace - iteration  526, ( 526,  0,  0), Obj 3.425594E+08, DensityWeight 7.761204E-03, wHPWL 3.549517E+08, Overflow 1.649708E-01, MaxDensity 3.831E+00, gamma 1.525157E+01, time 68.172ms
[INFO   ] DREAMPlace - full step 122.506 ms
[INFO   ] DREAMPlace - optimizer step 46.561 ms
[INFO   ] DREAMPlace - iteration  527, ( 527,  0,  0), Obj 3.426279E+08, DensityWeight 7.986279E-03, wHPWL 3.549040E+08, Overflow 1.632057E-01, MaxDensity 3.857E+00, gamma 1.510990E+01, time 4.052ms
[INFO   ] DREAMPlace - full step 57.966 ms
[INFO   ] DREAMPlace - optimizer step 42.343 ms
[INFO   ] DREAMPlace - iteration  528, ( 528,  0,  0), Obj 3.426932E+08, DensityWeight 8.217881E-03, wHPWL 3.548459E+08, Overflow 1.616111E-01, MaxDensity 3.956E+00, gamma 1.497405E+01, time 5.712ms
[INFO   ] DREAMPlace - full step 55.291 ms
[INFO   ] DREAMPlace - optimizer step 19.211 ms
[INFO   ] DREAMPlace - iteration  529, ( 529,  0,  0), Obj 3.427454E+08, DensityWeight 8.456200E-03, wHPWL 3.547852E+08, Overflow 1.599827E-01, MaxDensity 3.914E+00, gamma 1.485237E+01, time 5.711ms
[INFO   ] DREAMPlace - full step 27.864 ms
[INFO   ] DREAMPlace - optimizer step 29.212 ms
[INFO   ] DREAMPlace - iteration  530, ( 530,  0,  0), Obj 3.427986E+08, DensityWeight 8.701431E-03, wHPWL 3.547291E+08, Overflow 1.583539E-01, MaxDensity 3.804E+00, gamma 1.472912E+01, time 2.760ms
[INFO   ] DREAMPlace - full step 37.251 ms
[INFO   ] DREAMPlace - optimizer step 46.313 ms
[INFO   ] DREAMPlace - iteration  531, ( 531,  0,  0), Obj 3.428519E+08, DensityWeight 8.953772E-03, wHPWL 3.546924E+08, Overflow 1.566235E-01, MaxDensity 3.842E+00, gamma 1.460688E+01, time 5.651ms
[INFO   ] DREAMPlace - full step 56.993 ms
[INFO   ] DREAMPlace - optimizer step 43.777 ms
[INFO   ] DREAMPlace - iteration  532, ( 532,  0,  0), Obj 3.429178E+08, DensityWeight 9.213433E-03, wHPWL 3.546672E+08, Overflow 1.549474E-01, MaxDensity 3.810E+00, gamma 1.447812E+01, time 5.694ms
[INFO   ] DREAMPlace - full step 56.715 ms
[INFO   ] DREAMPlace - optimizer step 79.608 ms
[INFO   ] DREAMPlace - iteration  533, ( 533,  0,  0), Obj 3.429851E+08, DensityWeight 9.480623E-03, wHPWL 3.546346E+08, Overflow 1.533131E-01, MaxDensity 3.758E+00, gamma 1.435448E+01, time 9.901ms
[INFO   ] DREAMPlace - full step 94.712 ms
[INFO   ] DREAMPlace - optimizer step 43.684 ms
[INFO   ] DREAMPlace - iteration  534, ( 534,  0,  0), Obj 3.430470E+08, DensityWeight 9.755561E-03, wHPWL 3.545985E+08, Overflow 1.517261E-01, MaxDensity 3.641E+00, gamma 1.423494E+01, time 5.759ms
[INFO   ] DREAMPlace - full step 56.730 ms
[INFO   ] DREAMPlace - optimizer step 41.762 ms
[INFO   ] DREAMPlace - iteration  535, ( 535,  0,  0), Obj 3.431042E+08, DensityWeight 1.003847E-02, wHPWL 3.545500E+08, Overflow 1.501367E-01, MaxDensity 3.579E+00, gamma 1.411981E+01, time 5.708ms
[INFO   ] DREAMPlace - full step 54.757 ms
[INFO   ] DREAMPlace - optimizer step 103.116 ms
[INFO   ] DREAMPlace - iteration  536, ( 536,  0,  0), Obj 3.431565E+08, DensityWeight 1.032959E-02, wHPWL 3.545054E+08, Overflow 1.485780E-01, MaxDensity 3.480E+00, gamma 1.400545E+01, time 5.683ms
[INFO   ] DREAMPlace - full step 116.022 ms
[INFO   ] DREAMPlace - optimizer step 46.335 ms
[INFO   ] DREAMPlace - iteration  537, ( 537,  0,  0), Obj 3.432092E+08, DensityWeight 1.062915E-02, wHPWL 3.544681E+08, Overflow 1.469315E-01, MaxDensity 3.420E+00, gamma 1.389419E+01, time 3.643ms
[INFO   ] DREAMPlace - full step 53.117 ms
[INFO   ] DREAMPlace - optimizer step 46.366 ms
[INFO   ] DREAMPlace - iteration  538, ( 538,  0,  0), Obj 3.432704E+08, DensityWeight 1.093739E-02, wHPWL 3.544437E+08, Overflow 1.452552E-01, MaxDensity 3.562E+00, gamma 1.377762E+01, time 5.668ms
[INFO   ] DREAMPlace - full step 59.297 ms
[INFO   ] DREAMPlace - optimizer step 43.429 ms
[INFO   ] DREAMPlace - iteration  539, ( 539,  0,  0), Obj 3.433380E+08, DensityWeight 1.125458E-02, wHPWL 3.544202E+08, Overflow 1.436022E-01, MaxDensity 3.533E+00, gamma 1.365996E+01, time 6.099ms
[INFO   ] DREAMPlace - full step 54.739 ms
[INFO   ] DREAMPlace - optimizer step 42.016 ms
[INFO   ] DREAMPlace - iteration  540, ( 540,  0,  0), Obj 3.434063E+08, DensityWeight 1.158096E-02, wHPWL 3.543934E+08, Overflow 1.419888E-01, MaxDensity 3.440E+00, gamma 1.354490E+01, time 5.695ms
[INFO   ] DREAMPlace - full step 54.987 ms
[INFO   ] DREAMPlace - optimizer step 43.802 ms
[INFO   ] DREAMPlace - iteration  541, ( 541,  0,  0), Obj 3.434706E+08, DensityWeight 1.191681E-02, wHPWL 3.543608E+08, Overflow 1.403929E-01, MaxDensity 3.425E+00, gamma 1.343354E+01, time 5.670ms
[INFO   ] DREAMPlace - full step 54.719 ms
[INFO   ] DREAMPlace - optimizer step 43.901 ms
[INFO   ] DREAMPlace - iteration  542, ( 542,  0,  0), Obj 3.435315E+08, DensityWeight 1.226240E-02, wHPWL 3.543291E+08, Overflow 1.388412E-01, MaxDensity 3.506E+00, gamma 1.332429E+01, time 5.711ms
[INFO   ] DREAMPlace - full step 56.896 ms
[INFO   ] DREAMPlace - optimizer step 42.207 ms
[INFO   ] DREAMPlace - iteration  543, ( 543,  0,  0), Obj 3.435896E+08, DensityWeight 1.261801E-02, wHPWL 3.543020E+08, Overflow 1.372820E-01, MaxDensity 3.365E+00, gamma 1.321892E+01, time 5.677ms
[INFO   ] DREAMPlace - full step 55.149 ms
[INFO   ] DREAMPlace - optimizer step 43.586 ms
[INFO   ] DREAMPlace - iteration  544, ( 544,  0,  0), Obj 3.436496E+08, DensityWeight 1.298393E-02, wHPWL 3.542762E+08, Overflow 1.358085E-01, MaxDensity 3.285E+00, gamma 1.311388E+01, time 5.719ms
[INFO   ] DREAMPlace - full step 56.552 ms
[INFO   ] DREAMPlace - optimizer step 43.418 ms
[INFO   ] DREAMPlace - iteration  545, ( 545,  0,  0), Obj 3.437056E+08, DensityWeight 1.336046E-02, wHPWL 3.542503E+08, Overflow 1.342414E-01, MaxDensity 3.172E+00, gamma 1.301537E+01, time 5.693ms
[INFO   ] DREAMPlace - full step 54.709 ms
[INFO   ] DREAMPlace - optimizer step 41.867 ms
[INFO   ] DREAMPlace - iteration  546, ( 546,  0,  0), Obj 3.437655E+08, DensityWeight 1.374792E-02, wHPWL 3.542307E+08, Overflow 1.326805E-01, MaxDensity 3.155E+00, gamma 1.291142E+01, time 5.701ms
[INFO   ] DREAMPlace - full step 54.770 ms
[INFO   ] DREAMPlace - optimizer step 46.695 ms
[INFO   ] DREAMPlace - iteration  547, ( 547,  0,  0), Obj 3.438284E+08, DensityWeight 1.414661E-02, wHPWL 3.542084E+08, Overflow 1.311650E-01, MaxDensity 3.121E+00, gamma 1.280871E+01, time 5.701ms
[INFO   ] DREAMPlace - full step 59.704 ms
[INFO   ] DREAMPlace - optimizer step 46.224 ms
[INFO   ] DREAMPlace - iteration  548, ( 548,  0,  0), Obj 3.438891E+08, DensityWeight 1.455686E-02, wHPWL 3.541821E+08, Overflow 1.297089E-01, MaxDensity 3.148E+00, gamma 1.270977E+01, time 5.705ms
[INFO   ] DREAMPlace - full step 59.184 ms
[INFO   ] DREAMPlace - optimizer step 46.284 ms
[INFO   ] DREAMPlace - iteration  549, ( 549,  0,  0), Obj 3.439447E+08, DensityWeight 1.497901E-02, wHPWL 3.541598E+08, Overflow 1.282813E-01, MaxDensity 3.077E+00, gamma 1.261542E+01, time 2.818ms
[INFO   ] DREAMPlace - full step 56.335 ms
[INFO   ] DREAMPlace - optimizer step 45.879 ms
[INFO   ] DREAMPlace - iteration  550, ( 550,  0,  0), Obj 3.440004E+08, DensityWeight 1.541340E-02, wHPWL 3.541370E+08, Overflow 1.268322E-01, MaxDensity 3.064E+00, gamma 1.252361E+01, time 5.678ms
[INFO   ] DREAMPlace - full step 58.842 ms
[INFO   ] DREAMPlace - optimizer step 46.053 ms
[INFO   ] DREAMPlace - iteration  551, ( 551,  0,  0), Obj 3.440559E+08, DensityWeight 1.586039E-02, wHPWL 3.541182E+08, Overflow 1.254024E-01, MaxDensity 3.092E+00, gamma 1.243109E+01, time 5.709ms
[INFO   ] DREAMPlace - full step 59.037 ms
[INFO   ] DREAMPlace - optimizer step 46.129 ms
[INFO   ] DREAMPlace - iteration  552, ( 552,  0,  0), Obj 3.441123E+08, DensityWeight 1.632035E-02, wHPWL 3.541018E+08, Overflow 1.239692E-01, MaxDensity 2.939E+00, gamma 1.234048E+01, time 5.670ms
[INFO   ] DREAMPlace - full step 59.099 ms
[INFO   ] DREAMPlace - optimizer step 41.992 ms
[INFO   ] DREAMPlace - iteration  553, ( 553,  0,  0), Obj 3.441700E+08, DensityWeight 1.679364E-02, wHPWL 3.540840E+08, Overflow 1.225650E-01, MaxDensity 2.903E+00, gamma 1.225031E+01, time 5.705ms
[INFO   ] DREAMPlace - full step 54.965 ms
[INFO   ] DREAMPlace - optimizer step 45.949 ms
[INFO   ] DREAMPlace - iteration  554, ( 554,  0,  0), Obj 3.442262E+08, DensityWeight 1.728065E-02, wHPWL 3.540651E+08, Overflow 1.212202E-01, MaxDensity 3.107E+00, gamma 1.216260E+01, time 5.742ms
[INFO   ] DREAMPlace - full step 58.996 ms
[INFO   ] DREAMPlace - optimizer step 45.644 ms
[INFO   ] DREAMPlace - iteration  555, ( 555,  0,  0), Obj 3.442791E+08, DensityWeight 1.778179E-02, wHPWL 3.540463E+08, Overflow 1.198364E-01, MaxDensity 3.211E+00, gamma 1.207920E+01, time 8.168ms
[INFO   ] DREAMPlace - full step 61.122 ms
[INFO   ] DREAMPlace - optimizer step 43.730 ms
[INFO   ] DREAMPlace - iteration  556, ( 556,  0,  0), Obj 3.443339E+08, DensityWeight 1.829747E-02, wHPWL 3.540309E+08, Overflow 1.184410E-01, MaxDensity 3.103E+00, gamma 1.199397E+01, time 5.388ms
[INFO   ] DREAMPlace - full step 56.671 ms
[INFO   ] DREAMPlace - optimizer step 45.501 ms
[INFO   ] DREAMPlace - iteration  557, ( 557,  0,  0), Obj 3.443900E+08, DensityWeight 1.882809E-02, wHPWL 3.540151E+08, Overflow 1.169869E-01, MaxDensity 2.960E+00, gamma 1.190864E+01, time 6.219ms
[INFO   ] DREAMPlace - full step 59.014 ms
[INFO   ] DREAMPlace - optimizer step 60.837 ms
[INFO   ] DREAMPlace - iteration  558, ( 558,  0,  0), Obj 3.444480E+08, DensityWeight 1.937411E-02, wHPWL 3.539997E+08, Overflow 1.156507E-01, MaxDensity 2.908E+00, gamma 1.182036E+01, time 5.709ms
[INFO   ] DREAMPlace - full step 73.740 ms
[INFO   ] DREAMPlace - optimizer step 48.115 ms
[INFO   ] DREAMPlace - iteration  559, ( 559,  0,  0), Obj 3.445013E+08, DensityWeight 1.993596E-02, wHPWL 3.539845E+08, Overflow 1.143740E-01, MaxDensity 2.769E+00, gamma 1.173982E+01, time 3.425ms
[INFO   ] DREAMPlace - full step 58.788 ms
[INFO   ] DREAMPlace - optimizer step 43.894 ms
[INFO   ] DREAMPlace - iteration  560, ( 560,  0,  0), Obj 3.445525E+08, DensityWeight 2.051410E-02, wHPWL 3.539722E+08, Overflow 1.130787E-01, MaxDensity 2.922E+00, gamma 1.166338E+01, time 5.675ms
[INFO   ] DREAMPlace - full step 56.873 ms
[INFO   ] DREAMPlace - optimizer step 46.096 ms
[INFO   ] DREAMPlace - iteration  561, ( 561,  0,  0), Obj 3.446053E+08, DensityWeight 2.110901E-02, wHPWL 3.539593E+08, Overflow 1.117724E-01, MaxDensity 2.802E+00, gamma 1.158633E+01, time 5.720ms
[INFO   ] DREAMPlace - full step 59.080 ms
[INFO   ] DREAMPlace - optimizer step 46.983 ms
[INFO   ] DREAMPlace - iteration  562, ( 562,  0,  0), Obj 3.446583E+08, DensityWeight 2.172117E-02, wHPWL 3.539465E+08, Overflow 1.104895E-01, MaxDensity 2.749E+00, gamma 1.150914E+01, time 5.663ms
[INFO   ] DREAMPlace - full step 56.984 ms
[INFO   ] DREAMPlace - optimizer step 41.862 ms
[INFO   ] DREAMPlace - iteration  563, ( 563,  0,  0), Obj 3.447099E+08, DensityWeight 2.235109E-02, wHPWL 3.539346E+08, Overflow 1.092098E-01, MaxDensity 2.724E+00, gamma 1.143384E+01, time 5.682ms
[INFO   ] DREAMPlace - full step 54.815 ms
[INFO   ] DREAMPlace - optimizer step 46.708 ms
[INFO   ] DREAMPlace - iteration  564, ( 564,  0,  0), Obj 3.447614E+08, DensityWeight 2.299927E-02, wHPWL 3.539239E+08, Overflow 1.079681E-01, MaxDensity 3.060E+00, gamma 1.135922E+01, time 7.358ms
[INFO   ] DREAMPlace - full step 61.338 ms
[INFO   ] DREAMPlace - optimizer step 50.699 ms
[INFO   ] DREAMPlace - iteration  565, ( 565,  0,  0), Obj 3.448114E+08, DensityWeight 2.366625E-02, wHPWL 3.539120E+08, Overflow 1.067437E-01, MaxDensity 2.810E+00, gamma 1.128727E+01, time 5.686ms
[INFO   ] DREAMPlace - full step 63.677 ms
[INFO   ] DREAMPlace - optimizer step 48.381 ms
[INFO   ] DREAMPlace - iteration  566, ( 566,  0,  0), Obj 3.448604E+08, DensityWeight 2.435257E-02, wHPWL 3.538993E+08, Overflow 1.055097E-01, MaxDensity 2.771E+00, gamma 1.121678E+01, time 5.661ms
[INFO   ] DREAMPlace - full step 61.309 ms
[INFO   ] DREAMPlace - optimizer step 45.996 ms
[INFO   ] DREAMPlace - iteration  567, ( 567,  0,  0), Obj 3.449090E+08, DensityWeight 2.505880E-02, wHPWL 3.538863E+08, Overflow 1.042906E-01, MaxDensity 2.761E+00, gamma 1.114618E+01, time 5.766ms
[INFO   ] DREAMPlace - full step 56.836 ms
[INFO   ] DREAMPlace - optimizer step 46.085 ms
[INFO   ] DREAMPlace - iteration  568, ( 568,  0,  0), Obj 3.449574E+08, DensityWeight 2.578550E-02, wHPWL 3.538769E+08, Overflow 1.031119E-01, MaxDensity 2.708E+00, gamma 1.107686E+01, time 5.685ms
[INFO   ] DREAMPlace - full step 59.078 ms
[INFO   ] DREAMPlace - optimizer step 43.573 ms
[INFO   ] DREAMPlace - iteration  569, ( 569,  0,  0), Obj 3.450047E+08, DensityWeight 2.653329E-02, wHPWL 3.538675E+08, Overflow 1.019230E-01, MaxDensity 2.612E+00, gamma 1.101026E+01, time 5.807ms
[INFO   ] DREAMPlace - full step 56.629 ms
[INFO   ] DREAMPlace - optimizer step 45.448 ms
[INFO   ] DREAMPlace - iteration  570, ( 570,  0,  0), Obj 3.450522E+08, DensityWeight 2.730275E-02, wHPWL 3.538599E+08, Overflow 1.007545E-01, MaxDensity 2.515E+00, gamma 1.094348E+01, time 5.738ms
[INFO   ] DREAMPlace - full step 58.420 ms
[INFO   ] DREAMPlace - optimizer step 46.233 ms
[INFO   ] DREAMPlace - iteration  571, ( 571,  0,  0), Obj 3.450987E+08, DensityWeight 2.809453E-02, wHPWL 3.538514E+08, Overflow 9.959530E-02, MaxDensity 2.553E+00, gamma 1.087824E+01, time 5.712ms
[INFO   ] DREAMPlace - full step 59.202 ms
[INFO   ] DREAMPlace - optimizer step 44.674 ms
[INFO   ] DREAMPlace - iteration  572, ( 572,  0,  0), Obj 3.451448E+08, DensityWeight 2.890928E-02, wHPWL 3.538430E+08, Overflow 9.848499E-02, MaxDensity 2.522E+00, gamma 1.081391E+01, time 5.733ms
[INFO   ] DREAMPlace - full step 57.693 ms
[INFO   ] DREAMPlace - optimizer step 41.842 ms
[INFO   ] DREAMPlace - iteration  573, ( 573,  0,  0), Obj 3.451894E+08, DensityWeight 2.974765E-02, wHPWL 3.538332E+08, Overflow 9.736873E-02, MaxDensity 2.404E+00, gamma 1.075265E+01, time 5.721ms
[INFO   ] DREAMPlace - full step 54.830 ms
[INFO   ] DREAMPlace - optimizer step 46.238 ms
[INFO   ] DREAMPlace - iteration  574, ( 574,  0,  0), Obj 3.452334E+08, DensityWeight 3.061033E-02, wHPWL 3.538240E+08, Overflow 9.626571E-02, MaxDensity 2.411E+00, gamma 1.069141E+01, time 5.704ms
[INFO   ] DREAMPlace - full step 59.222 ms
[INFO   ] DREAMPlace - optimizer step 43.364 ms
[INFO   ] DREAMPlace - iteration  575, ( 575,  0,  0), Obj 3.452764E+08, DensityWeight 3.149803E-02, wHPWL 3.538171E+08, Overflow 9.514569E-02, MaxDensity 2.450E+00, gamma 1.063124E+01, time 5.709ms
[INFO   ] DREAMPlace - full step 56.369 ms
[INFO   ] DREAMPlace - optimizer step 43.413 ms
[INFO   ] DREAMPlace - iteration  576, ( 576,  0,  0), Obj 3.453213E+08, DensityWeight 3.241147E-02, wHPWL 3.538113E+08, Overflow 9.400469E-02, MaxDensity 2.508E+00, gamma 1.057048E+01, time 5.714ms
[INFO   ] DREAMPlace - full step 56.386 ms
[INFO   ] DREAMPlace - optimizer step 46.095 ms
[INFO   ] DREAMPlace - iteration  577, ( 577,  0,  0), Obj 3.453672E+08, DensityWeight 3.335141E-02, wHPWL 3.538038E+08, Overflow 9.290601E-02, MaxDensity 2.486E+00, gamma 1.050895E+01, time 5.705ms
[INFO   ] DREAMPlace - full step 59.078 ms
[INFO   ] DREAMPlace - optimizer step 46.431 ms
[INFO   ] DREAMPlace - iteration  578, ( 578,  0,  0), Obj 3.454112E+08, DensityWeight 3.431860E-02, wHPWL 3.537970E+08, Overflow 9.181933E-02, MaxDensity 2.413E+00, gamma 1.045003E+01, time 3.535ms
[INFO   ] DREAMPlace - full step 57.240 ms
[INFO   ] DREAMPlace - optimizer step 40.299 ms
[INFO   ] DREAMPlace - iteration  579, ( 579,  0,  0), Obj 3.454544E+08, DensityWeight 3.531384E-02, wHPWL 3.537896E+08, Overflow 9.077441E-02, MaxDensity 2.387E+00, gamma 1.039209E+01, time 5.680ms
[INFO   ] DREAMPlace - full step 53.210 ms
[INFO   ] DREAMPlace - optimizer step 46.121 ms
[INFO   ] DREAMPlace - iteration  580, ( 580,  0,  0), Obj 3.454961E+08, DensityWeight 3.633795E-02, wHPWL 3.537839E+08, Overflow 8.976511E-02, MaxDensity 2.442E+00, gamma 1.033667E+01, time 5.689ms
[INFO   ] DREAMPlace - full step 59.073 ms
[INFO   ] DREAMPlace - optimizer step 46.075 ms
[INFO   ] DREAMPlace - iteration  581, ( 581,  0,  0), Obj 3.455373E+08, DensityWeight 3.739175E-02, wHPWL 3.537803E+08, Overflow 8.871449E-02, MaxDensity 2.455E+00, gamma 1.028343E+01, time 3.338ms
[INFO   ] DREAMPlace - full step 56.743 ms
[INFO   ] DREAMPlace - optimizer step 40.982 ms
[INFO   ] DREAMPlace - iteration  582, ( 582,  0,  0), Obj 3.455804E+08, DensityWeight 3.847611E-02, wHPWL 3.537786E+08, Overflow 8.766880E-02, MaxDensity 2.361E+00, gamma 1.022830E+01, time 6.670ms
[INFO   ] DREAMPlace - full step 54.934 ms
[INFO   ] DREAMPlace - optimizer step 77.509 ms
[INFO   ] DREAMPlace - iteration  583, ( 583,  0,  0), Obj 3.456245E+08, DensityWeight 3.959192E-02, wHPWL 3.537760E+08, Overflow 8.668708E-02, MaxDensity 2.380E+00, gamma 1.017371E+01, time 5.677ms
[INFO   ] DREAMPlace - full step 90.430 ms
[INFO   ] DREAMPlace - optimizer step 48.442 ms
[INFO   ] DREAMPlace - iteration  584, ( 584,  0,  0), Obj 3.456656E+08, DensityWeight 4.074009E-02, wHPWL 3.537725E+08, Overflow 8.570530E-02, MaxDensity 2.366E+00, gamma 1.012274E+01, time 5.652ms
[INFO   ] DREAMPlace - full step 61.371 ms
[INFO   ] DREAMPlace - optimizer step 46.148 ms
[INFO   ] DREAMPlace - iteration  585, ( 585,  0,  0), Obj 3.457066E+08, DensityWeight 4.192156E-02, wHPWL 3.537686E+08, Overflow 8.469726E-02, MaxDensity 2.345E+00, gamma 1.007201E+01, time 5.683ms
[INFO   ] DREAMPlace - full step 59.101 ms
[INFO   ] DREAMPlace - optimizer step 41.888 ms
[INFO   ] DREAMPlace - iteration  586, ( 586,  0,  0), Obj 3.457484E+08, DensityWeight 4.313728E-02, wHPWL 3.537658E+08, Overflow 8.377361E-02, MaxDensity 2.351E+00, gamma 1.002019E+01, time 5.675ms
[INFO   ] DREAMPlace - full step 54.829 ms
[INFO   ] DREAMPlace - optimizer step 48.221 ms
[INFO   ] DREAMPlace - iteration  587, ( 587,  0,  0), Obj 3.457874E+08, DensityWeight 4.438826E-02, wHPWL 3.537643E+08, Overflow 8.281496E-02, MaxDensity 2.404E+00, gamma 9.972947E+00, time 8.161ms
[INFO   ] DREAMPlace - full step 63.703 ms
[INFO   ] DREAMPlace - optimizer step 45.662 ms
[INFO   ] DREAMPlace - iteration  588, ( 588,  0,  0), Obj 3.458273E+08, DensityWeight 4.567553E-02, wHPWL 3.537612E+08, Overflow 8.185120E-02, MaxDensity 2.286E+00, gamma 9.924148E+00, time 10.674ms
[INFO   ] DREAMPlace - full step 63.614 ms
[INFO   ] DREAMPlace - optimizer step 41.286 ms
[INFO   ] DREAMPlace - iteration  589, ( 589,  0,  0), Obj 3.458667E+08, DensityWeight 4.700012E-02, wHPWL 3.537601E+08, Overflow 8.085469E-02, MaxDensity 2.285E+00, gamma 9.875326E+00, time 5.721ms
[INFO   ] DREAMPlace - full step 54.283 ms
[INFO   ] DREAMPlace - optimizer step 44.995 ms
[INFO   ] DREAMPlace - iteration  590, ( 590,  0,  0), Obj 3.459079E+08, DensityWeight 4.836313E-02, wHPWL 3.537586E+08, Overflow 7.991024E-02, MaxDensity 2.269E+00, gamma 9.825102E+00, time 3.797ms
[INFO   ] DREAMPlace - full step 56.046 ms
[INFO   ] DREAMPlace - optimizer step 47.010 ms
[INFO   ] DREAMPlace - iteration  591, ( 591,  0,  0), Obj 3.459467E+08, DensityWeight 4.976566E-02, wHPWL 3.537565E+08, Overflow 7.903609E-02, MaxDensity 2.241E+00, gamma 9.777736E+00, time 3.446ms
[INFO   ] DREAMPlace - full step 55.738 ms
[INFO   ] DREAMPlace - optimizer step 44.854 ms
[INFO   ] DREAMPlace - iteration  592, ( 592,  0,  0), Obj 3.459833E+08, DensityWeight 5.120887E-02, wHPWL 3.537550E+08, Overflow 7.819723E-02, MaxDensity 2.227E+00, gamma 9.734097E+00, time 5.761ms
[INFO   ] DREAMPlace - full step 55.636 ms
[INFO   ] DREAMPlace - optimizer step 44.797 ms
[INFO   ] DREAMPlace - iteration  593, ( 593,  0,  0), Obj 3.460186E+08, DensityWeight 5.269393E-02, wHPWL 3.537535E+08, Overflow 7.731863E-02, MaxDensity 2.259E+00, gamma 9.692406E+00, time 5.713ms
[INFO   ] DREAMPlace - full step 55.600 ms
[INFO   ] DREAMPlace - optimizer step 44.822 ms
[INFO   ] DREAMPlace - iteration  594, ( 594,  0,  0), Obj 3.460556E+08, DensityWeight 5.422205E-02, wHPWL 3.537531E+08, Overflow 7.643324E-02, MaxDensity 2.229E+00, gamma 9.648931E+00, time 5.697ms
[INFO   ] DREAMPlace - full step 58.025 ms
[INFO   ] DREAMPlace - optimizer step 44.845 ms
[INFO   ] DREAMPlace - iteration  595, ( 595,  0,  0), Obj 3.460929E+08, DensityWeight 5.579450E-02, wHPWL 3.537530E+08, Overflow 7.554588E-02, MaxDensity 2.203E+00, gamma 9.605314E+00, time 5.718ms
[INFO   ] DREAMPlace - full step 58.067 ms
[INFO   ] DREAMPlace - optimizer step 44.860 ms
[INFO   ] DREAMPlace - iteration  596, ( 596,  0,  0), Obj 3.461307E+08, DensityWeight 5.741254E-02, wHPWL 3.537541E+08, Overflow 7.466902E-02, MaxDensity 2.135E+00, gamma 9.561800E+00, time 5.706ms
[INFO   ] DREAMPlace - full step 58.046 ms
[INFO   ] DREAMPlace - optimizer step 43.992 ms
[INFO   ] DREAMPlace - iteration  597, ( 597,  0,  0), Obj 3.461692E+08, DensityWeight 6.027375E-02, wHPWL 3.537551E+08, Overflow 7.382979E-02, MaxDensity 2.127E+00, gamma 9.518994E+00, time 6.566ms
[INFO   ] DREAMPlace - full step 58.039 ms
[INFO   ] DREAMPlace - optimizer step 45.030 ms
[INFO   ] DREAMPlace - iteration  598, ( 598,  0,  0), Obj 3.462069E+08, DensityWeight 6.327841E-02, wHPWL 3.537687E+08, Overflow 7.264892E-02, MaxDensity 2.131E+00, gamma 9.478206E+00, time 5.702ms
[INFO   ] DREAMPlace - full step 58.172 ms
[INFO   ] DREAMPlace - optimizer step 44.827 ms
[INFO   ] DREAMPlace - iteration  599, ( 599,  0,  0), Obj 3.462667E+08, DensityWeight 6.631678E-02, wHPWL 3.537850E+08, Overflow 7.136197E-02, MaxDensity 2.139E+00, gamma 9.421107E+00, time 5.698ms
[INFO   ] DREAMPlace - full step 58.032 ms
[INFO   ] DREAMPlace - optimizer step 44.348 ms
[INFO   ] DREAMPlace - iteration  600, ( 600,  0,  0), Obj 3.463317E+08, DensityWeight 6.947500E-02, wHPWL 3.537996E+08, Overflow 7.004818E-02, MaxDensity 2.125E+00, gamma 9.359271E+00, time 6.186ms
[INFO   ] DREAMPlace - full step 58.041 ms
[INFO   ] DREAMPlace - optimizer step 44.861 ms
[INFO   ] DREAMPlace - iteration  601, ( 601,  0,  0), Obj 3.463967E+08, DensityWeight 7.280050E-02, wHPWL 3.538114E+08, Overflow 6.879437E-02, MaxDensity 2.111E+00, gamma 9.296566E+00, time 5.691ms
[INFO   ] DREAMPlace - full step 58.056 ms
[INFO   ] DREAMPlace - Start macro legalization
[INFO   ] DREAMPlace - optimizer nesterov takes 18.695 seconds
[INFO   ] DREAMPlace - Global placement: 2048x2048 bins by default
[INFO   ] DREAMPlace - 2048x2048 bins #bins 2048x2048, bin sizes 1.12671x1.13086, max_num_bins = 14, padding = 0
[INFO   ] dreamplace.ops.electric_potential.electric_potential - regard 0 cells as movable macros in global placement
[WARNING] DREAMPlace - quadratic density penalty is disabled, density weight update is forced to be based on HPWL
[INFO   ] DREAMPlace - Optimizer 'nesterov' does not rebuild the model. Every training epoch calls the function 'step()'.
[INFO   ] DREAMPlace - use nesterov optimizer
[INFO   ] dreamplace.ops.electric_potential.electric_potential - fixed density map: average 123.073, max 183.478, bin area 183.478
[INFO   ] DREAMPlace - nesterov initialization takes 0.131974 seconds
[INFO   ] DREAMPlace - density_weight = 1.339061E-06
[INFO   ] DREAMPlace - optimizer step 44.956 ms
[INFO   ] DREAMPlace - iteration  603, (   0,  0,  0), Obj 1.812446E+08, DensityWeight 0.000000E+00, wHPWL 3.538225E+08, Overflow 6.760515E-02, MaxDensity 2.156E+00, gamma 1.083633E+03, time 48.805ms
[INFO   ] DREAMPlace - full step 123.479 ms
[INFO   ] DREAMPlace - optimizer step 45.033 ms
[INFO   ] DREAMPlace - iteration  604, (   1,  0,  0), Obj 3.465161E+08, DensityWeight 1.339061E-06, wHPWL 3.837074E+08, Overflow 2.599900E-01, MaxDensity 5.318E+00, gamma 9.181076E+00, time 5.979ms
[INFO   ] DREAMPlace - full step 56.392 ms
[INFO   ] DREAMPlace - optimizer step 44.835 ms
[INFO   ] DREAMPlace - iteration  605, (   2,  0,  0), Obj 3.639686E+08, DensityWeight 1.335713E-06, wHPWL 3.923235E+08, Overflow 2.896823E-01, MaxDensity 6.113E+00, gamma 2.457058E+01, time 5.998ms
[INFO   ] DREAMPlace - full step 58.104 ms
[INFO   ] DREAMPlace - optimizer step 44.882 ms
[INFO   ] DREAMPlace - iteration  606, (   3,  0,  0), Obj 3.653063E+08, DensityWeight 1.332374E-06, wHPWL 3.741074E+08, Overflow 3.176938E-01, MaxDensity 7.813E+00, gamma 2.860213E+01, time 3.490ms
[INFO   ] DREAMPlace - full step 55.665 ms
[INFO   ] DREAMPlace - optimizer step 48.456 ms
[INFO   ] DREAMPlace - iteration  607, (   4,  0,  0), Obj 3.460060E+08, DensityWeight 1.398433E-06, wHPWL 3.638227E+08, Overflow 3.410963E-01, MaxDensity 9.880E+00, gamma 3.301004E+01, time 48.788ms
[INFO   ] DREAMPlace - full step 104.624 ms
[INFO   ] DREAMPlace - optimizer step 49.085 ms
[INFO   ] DREAMPlace - iteration  608, (   5,  0,  0), Obj 3.372379E+08, DensityWeight 1.467621E-06, wHPWL 3.585622E+08, Overflow 3.598131E-01, MaxDensity 1.231E+01, gamma 3.720930E+01, time 12.740ms
[INFO   ] DREAMPlace - full step 69.191 ms
[INFO   ] DREAMPlace - optimizer step 49.105 ms
[INFO   ] DREAMPlace - iteration  609, (   6,  0,  0), Obj 3.320027E+08, DensityWeight 1.540077E-06, wHPWL 3.556258E+08, Overflow 3.751468E-01, MaxDensity 1.585E+01, gamma 4.094911E+01, time 10.556ms
[INFO   ] DREAMPlace - full step 64.707 ms
[INFO   ] DREAMPlace - optimizer step 44.829 ms
[INFO   ] DREAMPlace - iteration  610, (   7,  0,  0), Obj 3.284558E+08, DensityWeight 1.615950E-06, wHPWL 3.541219E+08, Overflow 3.897618E-01, MaxDensity 2.218E+01, gamma 4.429141E+01, time 5.730ms
[INFO   ] DREAMPlace - full step 58.014 ms
[INFO   ] DREAMPlace - optimizer step 48.674 ms
[INFO   ] DREAMPlace - iteration  611, (   8,  0,  0), Obj 3.253165E+08, DensityWeight 1.695390E-06, wHPWL 3.528598E+08, Overflow 4.064327E-01, MaxDensity 2.935E+01, gamma 4.773064E+01, time 8.674ms
[INFO   ] DREAMPlace - full step 62.567 ms
[INFO   ] DREAMPlace - optimizer step 49.623 ms
[INFO   ] DREAMPlace - iteration  612, (   9,  0,  0), Obj 3.219974E+08, DensityWeight 1.778558E-06, wHPWL 3.522201E+08, Overflow 4.238885E-01, MaxDensity 3.814E+01, gamma 5.198088E+01, time 14.083ms
[INFO   ] DREAMPlace - full step 66.105 ms
[INFO   ] DREAMPlace - optimizer step 61.601 ms
[INFO   ] DREAMPlace - iteration  613, (  10,  0,  0), Obj 3.188113E+08, DensityWeight 1.865619E-06, wHPWL 3.512792E+08, Overflow 4.396822E-01, MaxDensity 5.023E+01, gamma 5.683743E+01, time 8.222ms
[INFO   ] DREAMPlace - full step 75.926 ms
[INFO   ] DREAMPlace - optimizer step 65.380 ms
[INFO   ] DREAMPlace - iteration  614, (  11,  0,  0), Obj 3.159856E+08, DensityWeight 1.956746E-06, wHPWL 3.504323E+08, Overflow 4.536485E-01, MaxDensity 5.606E+01, gamma 6.162139E+01, time 16.821ms
[INFO   ] DREAMPlace - full step 89.586 ms
[INFO   ] DREAMPlace - optimizer step 53.242 ms
[INFO   ] DREAMPlace - iteration  615, (  12,  0,  0), Obj 3.134010E+08, DensityWeight 2.052119E-06, wHPWL 3.498581E+08, Overflow 4.665658E-01, MaxDensity 5.727E+01, gamma 6.618625E+01, time 23.231ms
[INFO   ] DREAMPlace - full step 81.532 ms
[INFO   ] DREAMPlace - optimizer step 30.446 ms
[INFO   ] DREAMPlace - iteration  616, (  13,  0,  0), Obj 3.109617E+08, DensityWeight 2.151926E-06, wHPWL 3.495736E+08, Overflow 4.791811E-01, MaxDensity 6.286E+01, gamma 7.070870E+01, time 10.127ms
[INFO   ] DREAMPlace - full step 43.422 ms
[INFO   ] DREAMPlace - optimizer step 13.327 ms
[INFO   ] DREAMPlace - iteration  617, (  14,  0,  0), Obj 3.084618E+08, DensityWeight 2.256361E-06, wHPWL 3.493810E+08, Overflow 4.913580E-01, MaxDensity 7.981E+01, gamma 7.542349E+01, time 3.457ms
[INFO   ] DREAMPlace - full step 17.257 ms
[INFO   ] DREAMPlace - optimizer step 60.718 ms
[INFO   ] DREAMPlace - iteration  618, (  15,  0,  0), Obj 3.059203E+08, DensityWeight 2.365628E-06, wHPWL 3.492103E+08, Overflow 5.024197E-01, MaxDensity 9.101E+01, gamma 8.027248E+01, time 7.777ms
[INFO   ] DREAMPlace - full step 73.529 ms
[INFO   ] DREAMPlace - optimizer step 50.492 ms
[INFO   ] DREAMPlace - iteration  619, (  16,  0,  0), Obj 3.035082E+08, DensityWeight 2.479938E-06, wHPWL 3.488897E+08, Overflow 5.120046E-01, MaxDensity 1.063E+02, gamma 8.494702E+01, time 11.625ms
[INFO   ] DREAMPlace - full step 69.510 ms
[INFO   ] DREAMPlace - optimizer step 41.065 ms
[INFO   ] DREAMPlace - iteration  620, (  17,  0,  0), Obj 3.012486E+08, DensityWeight 2.599512E-06, wHPWL 3.486501E+08, Overflow 5.209981E-01, MaxDensity 1.104E+02, gamma 8.921706E+01, time 22.736ms
[INFO   ] DREAMPlace - full step 71.246 ms
[INFO   ] DREAMPlace - optimizer step 43.194 ms
[INFO   ] DREAMPlace - iteration  621, (  18,  0,  0), Obj 2.990343E+08, DensityWeight 2.724579E-06, wHPWL 3.484402E+08, Overflow 5.294802E-01, MaxDensity 8.970E+01, gamma 9.341860E+01, time 5.658ms
[INFO   ] DREAMPlace - full step 56.283 ms
[INFO   ] DREAMPlace - optimizer step 43.094 ms
[INFO   ] DREAMPlace - iteration  622, (  19,  0,  0), Obj 2.968107E+08, DensityWeight 2.855377E-06, wHPWL 3.482793E+08, Overflow 5.379045E-01, MaxDensity 8.030E+01, gamma 9.756243E+01, time 5.724ms
[INFO   ] DREAMPlace - full step 56.154 ms
[INFO   ] DREAMPlace - optimizer step 43.177 ms
[INFO   ] DREAMPlace - iteration  623, (  20,  0,  0), Obj 2.945196E+08, DensityWeight 2.992155E-06, wHPWL 3.480649E+08, Overflow 5.456746E-01, MaxDensity 7.546E+01, gamma 1.018599E+02, time 5.707ms
[INFO   ] DREAMPlace - full step 56.322 ms
[INFO   ] DREAMPlace - optimizer step 42.741 ms
[INFO   ] DREAMPlace - iteration  624, (  21,  0,  0), Obj 2.923036E+08, DensityWeight 3.135172E-06, wHPWL 3.478063E+08, Overflow 5.528290E-01, MaxDensity 7.216E+01, gamma 1.059913E+02, time 6.072ms
[INFO   ] DREAMPlace - full step 56.220 ms
[INFO   ] DREAMPlace - optimizer step 24.483 ms
[INFO   ] DREAMPlace - iteration  625, (  22,  0,  0), Obj 2.901647E+08, DensityWeight 3.284696E-06, wHPWL 3.475369E+08, Overflow 5.591766E-01, MaxDensity 7.659E+01, gamma 1.099433E+02, time 5.674ms
[INFO   ] DREAMPlace - full step 33.253 ms
[INFO   ] DREAMPlace - optimizer step 23.533 ms
[INFO   ] DREAMPlace - iteration  626, (  23,  0,  0), Obj 2.881371E+08, DensityWeight 3.441007E-06, wHPWL 3.473008E+08, Overflow 5.650381E-01, MaxDensity 7.398E+01, gamma 1.135729E+02, time 1.431ms
[INFO   ] DREAMPlace - full step 30.252 ms
[INFO   ] DREAMPlace - optimizer step 41.630 ms
[INFO   ] DREAMPlace - iteration  627, (  24,  0,  0), Obj 2.861595E+08, DensityWeight 3.604395E-06, wHPWL 3.470436E+08, Overflow 5.706617E-01, MaxDensity 8.393E+01, gamma 1.170308E+02, time 4.450ms
[INFO   ] DREAMPlace - full step 53.483 ms
[INFO   ] DREAMPlace - optimizer step 42.009 ms
[INFO   ] DREAMPlace - iteration  628, (  25,  0,  0), Obj 2.842037E+08, DensityWeight 3.775165E-06, wHPWL 3.467452E+08, Overflow 5.759574E-01, MaxDensity 8.594E+01, gamma 1.204473E+02, time 3.574ms
[INFO   ] DREAMPlace - full step 50.979 ms
[INFO   ] DREAMPlace - optimizer step 41.924 ms
[INFO   ] DREAMPlace - iteration  629, (  26,  0,  0), Obj 2.823078E+08, DensityWeight 3.953630E-06, wHPWL 3.463911E+08, Overflow 5.810734E-01, MaxDensity 9.385E+01, gamma 1.237557E+02, time 3.556ms
[INFO   ] DREAMPlace - full step 50.918 ms
[INFO   ] DREAMPlace - optimizer step 42.025 ms
[INFO   ] DREAMPlace - iteration  630, (  27,  0,  0), Obj 2.804506E+08, DensityWeight 4.140118E-06, wHPWL 3.460295E+08, Overflow 5.859394E-01, MaxDensity 9.197E+01, gamma 1.270382E+02, time 3.555ms
[INFO   ] DREAMPlace - full step 50.994 ms
[INFO   ] DREAMPlace - optimizer step 42.008 ms
[INFO   ] DREAMPlace - iteration  631, (  28,  0,  0), Obj 2.786433E+08, DensityWeight 4.334968E-06, wHPWL 3.456671E+08, Overflow 5.901602E-01, MaxDensity 7.915E+01, gamma 1.302409E+02, time 3.563ms
[INFO   ] DREAMPlace - full step 50.945 ms
[INFO   ] DREAMPlace - optimizer step 41.968 ms
[INFO   ] DREAMPlace - iteration  632, (  29,  0,  0), Obj 2.769482E+08, DensityWeight 4.538535E-06, wHPWL 3.453014E+08, Overflow 5.947146E-01, MaxDensity 7.681E+01, gamma 1.330844E+02, time 3.541ms
[INFO   ] DREAMPlace - full step 50.925 ms
[INFO   ] DREAMPlace - optimizer step 42.008 ms
[INFO   ] DREAMPlace - iteration  633, (  30,  0,  0), Obj 2.752025E+08, DensityWeight 4.751186E-06, wHPWL 3.449010E+08, Overflow 5.985560E-01, MaxDensity 8.114E+01, gamma 1.362222E+02, time 3.550ms
[INFO   ] DREAMPlace - full step 50.939 ms
[INFO   ] DREAMPlace - optimizer step 41.991 ms
[INFO   ] DREAMPlace - iteration  634, (  31,  0,  0), Obj 2.735988E+08, DensityWeight 4.973303E-06, wHPWL 3.444966E+08, Overflow 6.019644E-01, MaxDensity 8.048E+01, gamma 1.389263E+02, time 3.573ms
[INFO   ] DREAMPlace - full step 50.981 ms
[INFO   ] DREAMPlace - optimizer step 41.995 ms
[INFO   ] DREAMPlace - iteration  635, (  32,  0,  0), Obj 2.720888E+08, DensityWeight 5.205284E-06, wHPWL 3.440858E+08, Overflow 6.055453E-01, MaxDensity 7.369E+01, gamma 1.413704E+02, time 3.566ms
[INFO   ] DREAMPlace - full step 50.936 ms
[INFO   ] DREAMPlace - optimizer step 42.069 ms
[INFO   ] DREAMPlace - iteration  636, (  33,  0,  0), Obj 2.705641E+08, DensityWeight 5.447541E-06, wHPWL 3.436765E+08, Overflow 6.085800E-01, MaxDensity 7.899E+01, gamma 1.439846E+02, time 3.546ms
[INFO   ] DREAMPlace - full step 50.967 ms
[INFO   ] DREAMPlace - optimizer step 41.840 ms
[INFO   ] DREAMPlace - iteration  637, (  34,  0,  0), Obj 2.691531E+08, DensityWeight 5.700502E-06, wHPWL 3.432790E+08, Overflow 6.115603E-01, MaxDensity 7.191E+01, gamma 1.462379E+02, time 3.557ms
[INFO   ] DREAMPlace - full step 50.812 ms
[INFO   ] DREAMPlace - optimizer step 48.982 ms
[INFO   ] DREAMPlace - iteration  638, (  35,  0,  0), Obj 2.677667E+08, DensityWeight 5.964614E-06, wHPWL 3.428803E+08, Overflow 6.143786E-01, MaxDensity 7.501E+01, gamma 1.484850E+02, time 3.567ms
[INFO   ] DREAMPlace - full step 57.977 ms
[INFO   ] DREAMPlace - optimizer step 42.021 ms
[INFO   ] DREAMPlace - iteration  639, (  36,  0,  0), Obj 2.664270E+08, DensityWeight 6.240337E-06, wHPWL 3.424854E+08, Overflow 6.171477E-01, MaxDensity 6.919E+01, gamma 1.506418E+02, time 5.697ms
[INFO   ] DREAMPlace - full step 55.126 ms
[INFO   ] DREAMPlace - optimizer step 46.029 ms
[INFO   ] DREAMPlace - iteration  640, (  37,  0,  0), Obj 2.651127E+08, DensityWeight 6.528154E-06, wHPWL 3.421052E+08, Overflow 6.195252E-01, MaxDensity 6.624E+01, gamma 1.527915E+02, time 5.699ms
[INFO   ] DREAMPlace - full step 59.168 ms
[INFO   ] DREAMPlace - optimizer step 46.082 ms
[INFO   ] DREAMPlace - iteration  641, (  38,  0,  0), Obj 2.638879E+08, DensityWeight 6.828563E-06, wHPWL 3.417438E+08, Overflow 6.216469E-01, MaxDensity 6.470E+01, gamma 1.546616E+02, time 5.710ms
[INFO   ] DREAMPlace - full step 59.218 ms
[INFO   ] DREAMPlace - optimizer step 46.108 ms
[INFO   ] DREAMPlace - iteration  642, (  39,  0,  0), Obj 2.627273E+08, DensityWeight 7.142080E-06, wHPWL 3.413930E+08, Overflow 6.233714E-01, MaxDensity 5.449E+01, gamma 1.563499E+02, time 5.713ms
[INFO   ] DREAMPlace - full step 59.193 ms
[INFO   ] DREAMPlace - optimizer step 51.631 ms
[INFO   ] DREAMPlace - iteration  643, (  40,  0,  0), Obj 2.616600E+08, DensityWeight 7.469246E-06, wHPWL 3.410444E+08, Overflow 6.251922E-01, MaxDensity 5.754E+01, gamma 1.577356E+02, time 5.705ms
[INFO   ] DREAMPlace - full step 62.588 ms
[INFO   ] DREAMPlace - optimizer step 45.178 ms
[INFO   ] DREAMPlace - iteration  644, (  41,  0,  0), Obj 2.605921E+08, DensityWeight 7.810618E-06, wHPWL 3.406938E+08, Overflow 6.267431E-01, MaxDensity 5.796E+01, gamma 1.592120E+02, time 5.720ms
[INFO   ] DREAMPlace - full step 56.140 ms
[INFO   ] DREAMPlace - optimizer step 43.325 ms
[INFO   ] DREAMPlace - iteration  645, (  42,  0,  0), Obj 2.595954E+08, DensityWeight 8.166774E-06, wHPWL 3.403522E+08, Overflow 6.279362E-01, MaxDensity 5.779E+01, gamma 1.604806E+02, time 7.763ms
[INFO   ] DREAMPlace - full step 58.482 ms
[INFO   ] DREAMPlace - optimizer step 42.893 ms
[INFO   ] DREAMPlace - iteration  646, (  43,  0,  0), Obj 2.586878E+08, DensityWeight 8.538317E-06, wHPWL 3.400190E+08, Overflow 6.291323E-01, MaxDensity 7.402E+01, gamma 1.614633E+02, time 5.720ms
[INFO   ] DREAMPlace - full step 56.016 ms
[INFO   ] DREAMPlace - optimizer step 42.926 ms
[INFO   ] DREAMPlace - iteration  647, (  44,  0,  0), Obj 2.577979E+08, DensityWeight 8.925870E-06, wHPWL 3.396868E+08, Overflow 6.298872E-01, MaxDensity 8.178E+01, gamma 1.624545E+02, time 5.721ms
[INFO   ] DREAMPlace - full step 56.044 ms
[INFO   ] DREAMPlace - optimizer step 42.869 ms
[INFO   ] DREAMPlace - iteration  648, (  45,  0,  0), Obj 2.570154E+08, DensityWeight 9.330081E-06, wHPWL 3.393652E+08, Overflow 6.305955E-01, MaxDensity 8.442E+01, gamma 1.630832E+02, time 5.696ms
[INFO   ] DREAMPlace - full step 55.947 ms
[INFO   ] DREAMPlace - optimizer step 42.922 ms
[INFO   ] DREAMPlace - iteration  649, (  46,  0,  0), Obj 2.562627E+08, DensityWeight 9.751622E-06, wHPWL 3.390437E+08, Overflow 6.309018E-01, MaxDensity 8.235E+01, gamma 1.636753E+02, time 5.682ms
[INFO   ] DREAMPlace - full step 55.988 ms
[INFO   ] DREAMPlace - optimizer step 42.963 ms
[INFO   ] DREAMPlace - iteration  650, (  47,  0,  0), Obj 2.556130E+08, DensityWeight 1.019119E-05, wHPWL 3.387297E+08, Overflow 6.311886E-01, MaxDensity 6.694E+01, gamma 1.639321E+02, time 5.708ms
[INFO   ] DREAMPlace - full step 56.054 ms
[INFO   ] DREAMPlace - optimizer step 42.992 ms
[INFO   ] DREAMPlace - iteration  651, (  48,  0,  0), Obj 2.549892E+08, DensityWeight 1.064951E-05, wHPWL 3.384155E+08, Overflow 6.313801E-01, MaxDensity 5.872E+01, gamma 1.641728E+02, time 5.721ms
[INFO   ] DREAMPlace - full step 56.109 ms
[INFO   ] DREAMPlace - optimizer step 42.866 ms
[INFO   ] DREAMPlace - iteration  652, (  49,  0,  0), Obj 2.544076E+08, DensityWeight 1.112732E-05, wHPWL 3.381077E+08, Overflow 6.311771E-01, MaxDensity 5.579E+01, gamma 1.643338E+02, time 5.715ms
[INFO   ] DREAMPlace - full step 55.959 ms
[INFO   ] DREAMPlace - optimizer step 42.975 ms
[INFO   ] DREAMPlace - iteration  653, (  50,  0,  0), Obj 2.539304E+08, DensityWeight 1.162541E-05, wHPWL 3.378073E+08, Overflow 6.308998E-01, MaxDensity 4.999E+01, gamma 1.641632E+02, time 5.710ms
[INFO   ] DREAMPlace - full step 55.901 ms
[INFO   ] DREAMPlace - optimizer step 43.000 ms
[INFO   ] DREAMPlace - iteration  654, (  51,  0,  0), Obj 2.534922E+08, DensityWeight 1.214458E-05, wHPWL 3.375078E+08, Overflow 6.305165E-01, MaxDensity 4.295E+01, gamma 1.639304E+02, time 5.702ms
[INFO   ] DREAMPlace - full step 55.944 ms
[INFO   ] DREAMPlace - optimizer step 43.444 ms
[INFO   ] DREAMPlace - iteration  655, (  52,  0,  0), Obj 2.531000E+08, DensityWeight 1.268567E-05, wHPWL 3.372143E+08, Overflow 6.299784E-01, MaxDensity 3.966E+01, gamma 1.636092E+02, time 5.697ms
[INFO   ] DREAMPlace - full step 56.416 ms
[INFO   ] DREAMPlace - optimizer step 41.124 ms
[INFO   ] DREAMPlace - iteration  656, (  53,  0,  0), Obj 2.527651E+08, DensityWeight 1.324954E-05, wHPWL 3.369304E+08, Overflow 6.292080E-01, MaxDensity 3.610E+01, gamma 1.631593E+02, time 7.746ms
[INFO   ] DREAMPlace - full step 56.132 ms
[INFO   ] DREAMPlace - optimizer step 43.164 ms
[INFO   ] DREAMPlace - iteration  657, (  54,  0,  0), Obj 2.525045E+08, DensityWeight 1.383709E-05, wHPWL 3.366559E+08, Overflow 6.283448E-01, MaxDensity 3.580E+01, gamma 1.625174E+02, time 5.744ms
[INFO   ] DREAMPlace - full step 56.122 ms
[INFO   ] DREAMPlace - optimizer step 43.092 ms
[INFO   ] DREAMPlace - iteration  658, (  55,  0,  0), Obj 2.522904E+08, DensityWeight 1.444925E-05, wHPWL 3.363898E+08, Overflow 6.270531E-01, MaxDensity 3.678E+01, gamma 1.618011E+02, time 5.707ms
[INFO   ] DREAMPlace - full step 56.034 ms
[INFO   ] DREAMPlace - optimizer step 43.183 ms
[INFO   ] DREAMPlace - iteration  659, (  56,  0,  0), Obj 2.521935E+08, DensityWeight 1.508699E-05, wHPWL 3.361361E+08, Overflow 6.255654E-01, MaxDensity 3.682E+01, gamma 1.607352E+02, time 5.701ms
[INFO   ] DREAMPlace - full step 56.159 ms
[INFO   ] DREAMPlace - optimizer step 43.226 ms
[INFO   ] DREAMPlace - iteration  660, (  57,  0,  0), Obj 2.521662E+08, DensityWeight 1.575129E-05, wHPWL 3.358878E+08, Overflow 6.239811E-01, MaxDensity 3.742E+01, gamma 1.595164E+02, time 5.708ms
[INFO   ] DREAMPlace - full step 56.130 ms
[INFO   ] DREAMPlace - optimizer step 43.092 ms
[INFO   ] DREAMPlace - iteration  661, (  58,  0,  0), Obj 2.521878E+08, DensityWeight 1.644321E-05, wHPWL 3.356459E+08, Overflow 6.222931E-01, MaxDensity 3.676E+01, gamma 1.582285E+02, time 5.698ms
[INFO   ] DREAMPlace - full step 55.972 ms
[INFO   ] DREAMPlace - optimizer step 43.004 ms
[INFO   ] DREAMPlace - iteration  662, (  59,  0,  0), Obj 2.522596E+08, DensityWeight 1.716380E-05, wHPWL 3.354160E+08, Overflow 6.204273E-01, MaxDensity 3.337E+01, gamma 1.568676E+02, time 5.636ms
[INFO   ] DREAMPlace - full step 55.931 ms
[INFO   ] DREAMPlace - optimizer step 43.018 ms
[INFO   ] DREAMPlace - iteration  663, (  60,  0,  0), Obj 2.523981E+08, DensityWeight 1.791417E-05, wHPWL 3.352012E+08, Overflow 6.184851E-01, MaxDensity 3.115E+01, gamma 1.553772E+02, time 5.704ms
[INFO   ] DREAMPlace - full step 55.959 ms
[INFO   ] DREAMPlace - optimizer step 42.950 ms
[INFO   ] DREAMPlace - iteration  664, (  61,  0,  0), Obj 2.525829E+08, DensityWeight 1.869549E-05, wHPWL 3.350015E+08, Overflow 6.163719E-01, MaxDensity 2.970E+01, gamma 1.538407E+02, time 5.706ms
[INFO   ] DREAMPlace - full step 55.888 ms
[INFO   ] DREAMPlace - optimizer step 42.902 ms
[INFO   ] DREAMPlace - iteration  665, (  62,  0,  0), Obj 2.528344E+08, DensityWeight 1.950892E-05, wHPWL 3.348198E+08, Overflow 6.142130E-01, MaxDensity 3.034E+01, gamma 1.521862E+02, time 5.723ms
[INFO   ] DREAMPlace - full step 55.860 ms
[INFO   ] DREAMPlace - optimizer step 42.839 ms
[INFO   ] DREAMPlace - iteration  666, (  63,  0,  0), Obj 2.531269E+08, DensityWeight 2.035572E-05, wHPWL 3.346545E+08, Overflow 6.120312E-01, MaxDensity 3.106E+01, gamma 1.505143E+02, time 5.702ms
[INFO   ] DREAMPlace - full step 55.774 ms
[INFO   ] DREAMPlace - optimizer step 42.809 ms
[INFO   ] DREAMPlace - iteration  667, (  64,  0,  0), Obj 2.534550E+08, DensityWeight 2.123714E-05, wHPWL 3.345089E+08, Overflow 6.094653E-01, MaxDensity 2.912E+01, gamma 1.488433E+02, time 5.699ms
[INFO   ] DREAMPlace - full step 55.784 ms
[INFO   ] DREAMPlace - optimizer step 44.971 ms
[INFO   ] DREAMPlace - iteration  668, (  65,  0,  0), Obj 2.538942E+08, DensityWeight 2.215452E-05, wHPWL 3.343885E+08, Overflow 6.071844E-01, MaxDensity 2.891E+01, gamma 1.469018E+02, time 5.754ms
[INFO   ] DREAMPlace - full step 57.952 ms
[INFO   ] DREAMPlace - optimizer step 37.189 ms
[INFO   ] DREAMPlace - iteration  669, (  66,  0,  0), Obj 2.543065E+08, DensityWeight 2.310921E-05, wHPWL 3.342837E+08, Overflow 6.044797E-01, MaxDensity 2.793E+01, gamma 1.451973E+02, time 5.709ms
[INFO   ] DREAMPlace - full step 50.110 ms
[INFO   ] DREAMPlace - optimizer step 44.674 ms
[INFO   ] DREAMPlace - iteration  670, (  67,  0,  0), Obj 2.548388E+08, DensityWeight 2.410263E-05, wHPWL 3.342089E+08, Overflow 6.018843E-01, MaxDensity 2.929E+01, gamma 1.432017E+02, time 5.697ms
[INFO   ] DREAMPlace - full step 57.651 ms
[INFO   ] DREAMPlace - optimizer step 39.912 ms
[INFO   ] DREAMPlace - iteration  671, (  68,  0,  0), Obj 2.553806E+08, DensityWeight 2.513625E-05, wHPWL 3.341500E+08, Overflow 5.990639E-01, MaxDensity 2.859E+01, gamma 1.413125E+02, time 5.712ms
[INFO   ] DREAMPlace - full step 52.871 ms
[INFO   ] DREAMPlace - optimizer step 43.354 ms
[INFO   ] DREAMPlace - iteration  672, (  69,  0,  0), Obj 2.559995E+08, DensityWeight 2.621156E-05, wHPWL 3.341155E+08, Overflow 5.964329E-01, MaxDensity 2.652E+01, gamma 1.392878E+02, time 8.152ms
[INFO   ] DREAMPlace - full step 58.955 ms
[INFO   ] DREAMPlace - optimizer step 43.163 ms
[INFO   ] DREAMPlace - iteration  673, (  70,  0,  0), Obj 2.566104E+08, DensityWeight 2.733015E-05, wHPWL 3.340993E+08, Overflow 5.939625E-01, MaxDensity 2.705E+01, gamma 1.374252E+02, time 5.906ms
[INFO   ] DREAMPlace - full step 55.273 ms
[INFO   ] DREAMPlace - optimizer step 39.875 ms
[INFO   ] DREAMPlace - iteration  674, (  71,  0,  0), Obj 2.572194E+08, DensityWeight 2.849362E-05, wHPWL 3.341110E+08, Overflow 5.912344E-01, MaxDensity 2.517E+01, gamma 1.356990E+02, time 5.445ms
[INFO   ] DREAMPlace - full step 52.588 ms
[INFO   ] DREAMPlace - optimizer step 44.566 ms
[INFO   ] DREAMPlace - iteration  675, (  72,  0,  0), Obj 2.579114E+08, DensityWeight 2.986950E-05, wHPWL 3.341546E+08, Overflow 5.884640E-01, MaxDensity 2.628E+01, gamma 1.338179E+02, time 5.721ms
[INFO   ] DREAMPlace - full step 54.999 ms
[INFO   ] DREAMPlace - optimizer step 44.120 ms
[INFO   ] DREAMPlace - iteration  676, (  73,  0,  0), Obj 2.586415E+08, DensityWeight 3.117286E-05, wHPWL 3.342273E+08, Overflow 5.852961E-01, MaxDensity 2.487E+01, gamma 1.319343E+02, time 5.641ms
[INFO   ] DREAMPlace - full step 55.716 ms
[INFO   ] DREAMPlace - optimizer step 43.463 ms
[INFO   ] DREAMPlace - iteration  677, (  74,  0,  0), Obj 2.594814E+08, DensityWeight 3.240144E-05, wHPWL 3.343246E+08, Overflow 5.821542E-01, MaxDensity 2.436E+01, gamma 1.298129E+02, time 5.706ms
[INFO   ] DREAMPlace - full step 56.541 ms
[INFO   ] DREAMPlace - optimizer step 39.811 ms
[INFO   ] DREAMPlace - iteration  678, (  75,  0,  0), Obj 2.603443E+08, DensityWeight 3.356327E-05, wHPWL 3.344306E+08, Overflow 5.789667E-01, MaxDensity 2.486E+01, gamma 1.277427E+02, time 5.573ms
[INFO   ] DREAMPlace - full step 52.629 ms
[INFO   ] DREAMPlace - optimizer step 44.617 ms
[INFO   ] DREAMPlace - iteration  679, (  76,  0,  0), Obj 2.612407E+08, DensityWeight 3.472460E-05, wHPWL 3.345448E+08, Overflow 5.758794E-01, MaxDensity 2.359E+01, gamma 1.256761E+02, time 5.644ms
[INFO   ] DREAMPlace - full step 55.016 ms
[INFO   ] DREAMPlace - optimizer step 40.261 ms
[INFO   ] DREAMPlace - iteration  680, (  77,  0,  0), Obj 2.621392E+08, DensityWeight 3.588510E-05, wHPWL 3.346659E+08, Overflow 5.729506E-01, MaxDensity 2.441E+01, gamma 1.237063E+02, time 4.354ms
[INFO   ] DREAMPlace - full step 51.883 ms
[INFO   ] DREAMPlace - optimizer step 49.814 ms
[INFO   ] DREAMPlace - iteration  681, (  78,  0,  0), Obj 2.630251E+08, DensityWeight 3.704835E-05, wHPWL 3.347944E+08, Overflow 5.704636E-01, MaxDensity 2.228E+01, gamma 1.218663E+02, time 5.301ms
[INFO   ] DREAMPlace - full step 62.326 ms
[INFO   ] DREAMPlace - optimizer step 39.797 ms
[INFO   ] DREAMPlace - iteration  682, (  79,  0,  0), Obj 2.638415E+08, DensityWeight 3.821007E-05, wHPWL 3.349356E+08, Overflow 5.676032E-01, MaxDensity 2.293E+01, gamma 1.203253E+02, time 5.531ms
[INFO   ] DREAMPlace - full step 52.576 ms
[INFO   ] DREAMPlace - optimizer step 43.603 ms
[INFO   ] DREAMPlace - iteration  683, (  80,  0,  0), Obj 2.647436E+08, DensityWeight 3.933903E-05, wHPWL 3.350983E+08, Overflow 5.651955E-01, MaxDensity 2.338E+01, gamma 1.185770E+02, time 6.626ms
[INFO   ] DREAMPlace - full step 57.463 ms
[INFO   ] DREAMPlace - optimizer step 42.166 ms
[INFO   ] DREAMPlace - iteration  684, (  81,  0,  0), Obj 2.655716E+08, DensityWeight 4.037921E-05, wHPWL 3.352656E+08, Overflow 5.631152E-01, MaxDensity 2.271E+01, gamma 1.171251E+02, time 5.686ms
[INFO   ] DREAMPlace - full step 53.867 ms
[INFO   ] DREAMPlace - optimizer step 43.251 ms
[INFO   ] DREAMPlace - iteration  685, (  82,  0,  0), Obj 2.663468E+08, DensityWeight 4.142102E-05, wHPWL 3.354467E+08, Overflow 5.609474E-01, MaxDensity 2.169E+01, gamma 1.158850E+02, time 5.706ms
[INFO   ] DREAMPlace - full step 53.981 ms
[INFO   ] DREAMPlace - optimizer step 41.938 ms
[INFO   ] DREAMPlace - iteration  686, (  83,  0,  0), Obj 2.671440E+08, DensityWeight 4.240810E-05, wHPWL 3.356471E+08, Overflow 5.587786E-01, MaxDensity 2.133E+01, gamma 1.146066E+02, time 5.726ms
[INFO   ] DREAMPlace - full step 54.880 ms
[INFO   ] DREAMPlace - optimizer step 42.161 ms
[INFO   ] DREAMPlace - iteration  687, (  84,  0,  0), Obj 2.679445E+08, DensityWeight 4.330129E-05, wHPWL 3.358552E+08, Overflow 5.569836E-01, MaxDensity 2.092E+01, gamma 1.133418E+02, time 6.038ms
[INFO   ] DREAMPlace - full step 51.942 ms
[INFO   ] DREAMPlace - optimizer step 7.271 ms
[INFO   ] DREAMPlace - iteration  688, (  85,  0,  0), Obj 2.686773E+08, DensityWeight 4.416677E-05, wHPWL 3.360668E+08, Overflow 5.552999E-01, MaxDensity 2.113E+01, gamma 1.123056E+02, time 1.235ms
[INFO   ] DREAMPlace - full step 8.972 ms
[INFO   ] DREAMPlace - optimizer step 7.133 ms
[INFO   ] DREAMPlace - iteration  689, (  86,  0,  0), Obj 2.693880E+08, DensityWeight 4.502685E-05, wHPWL 3.362883E+08, Overflow 5.536332E-01, MaxDensity 2.088E+01, gamma 1.113422E+02, time 1.265ms
[INFO   ] DREAMPlace - full step 8.861 ms
[INFO   ] DREAMPlace - optimizer step 15.745 ms
[INFO   ] DREAMPlace - iteration  690, (  87,  0,  0), Obj 2.700918E+08, DensityWeight 4.584106E-05, wHPWL 3.365186E+08, Overflow 5.519421E-01, MaxDensity 2.039E+01, gamma 1.103967E+02, time 1.264ms
[INFO   ] DREAMPlace - full step 17.774 ms
[INFO   ] DREAMPlace - optimizer step 10.692 ms
[INFO   ] DREAMPlace - iteration  691, (  88,  0,  0), Obj 2.707943E+08, DensityWeight 4.661216E-05, wHPWL 3.367501E+08, Overflow 5.505751E-01, MaxDensity 2.282E+01, gamma 1.094455E+02, time 1.426ms
[INFO   ] DREAMPlace - full step 12.990 ms
[INFO   ] DREAMPlace - optimizer step 35.664 ms
[INFO   ] DREAMPlace - iteration  692, (  89,  0,  0), Obj 2.714316E+08, DensityWeight 4.738820E-05, wHPWL 3.369807E+08, Overflow 5.490953E-01, MaxDensity 2.093E+01, gamma 1.086826E+02, time 1.405ms
[INFO   ] DREAMPlace - full step 42.235 ms
[INFO   ] DREAMPlace - optimizer step 43.424 ms
[INFO   ] DREAMPlace - iteration  693, (  90,  0,  0), Obj 2.720800E+08, DensityWeight 4.818403E-05, wHPWL 3.372148E+08, Overflow 5.477042E-01, MaxDensity 2.105E+01, gamma 1.078628E+02, time 5.107ms
[INFO   ] DREAMPlace - full step 55.106 ms
[INFO   ] DREAMPlace - optimizer step 44.790 ms
[INFO   ] DREAMPlace - iteration  694, (  91,  0,  0), Obj 2.727029E+08, DensityWeight 4.896876E-05, wHPWL 3.374467E+08, Overflow 5.464653E-01, MaxDensity 2.027E+01, gamma 1.070977E+02, time 3.834ms
[INFO   ] DREAMPlace - full step 55.126 ms
[INFO   ] DREAMPlace - optimizer step 42.893 ms
[INFO   ] DREAMPlace - iteration  695, (  92,  0,  0), Obj 2.732878E+08, DensityWeight 4.978137E-05, wHPWL 3.376750E+08, Overflow 5.453428E-01, MaxDensity 2.305E+01, gamma 1.064210E+02, time 5.812ms
[INFO   ] DREAMPlace - full step 55.235 ms
[INFO   ] DREAMPlace - optimizer step 42.741 ms
[INFO   ] DREAMPlace - iteration  696, (  93,  0,  0), Obj 2.738398E+08, DensityWeight 5.063320E-05, wHPWL 3.379049E+08, Overflow 5.443156E-01, MaxDensity 2.048E+01, gamma 1.058115E+02, time 5.868ms
[INFO   ] DREAMPlace - full step 54.739 ms
[INFO   ] DREAMPlace - optimizer step 42.829 ms
[INFO   ] DREAMPlace - iteration  697, (  94,  0,  0), Obj 2.743624E+08, DensityWeight 5.148812E-05, wHPWL 3.381348E+08, Overflow 5.433843E-01, MaxDensity 2.004E+01, gamma 1.052568E+02, time 5.801ms
[INFO   ] DREAMPlace - full step 55.060 ms
[INFO   ] DREAMPlace - optimizer step 42.470 ms
[INFO   ] DREAMPlace - iteration  698, (  95,  0,  0), Obj 2.748555E+08, DensityWeight 5.235748E-05, wHPWL 3.383645E+08, Overflow 5.424413E-01, MaxDensity 2.037E+01, gamma 1.047564E+02, time 5.801ms
[INFO   ] DREAMPlace - full step 54.797 ms
[INFO   ] DREAMPlace - optimizer step 44.634 ms
[INFO   ] DREAMPlace - iteration  699, (  96,  0,  0), Obj 2.753367E+08, DensityWeight 5.324294E-05, wHPWL 3.385930E+08, Overflow 5.413083E-01, MaxDensity 2.272E+01, gamma 1.042522E+02, time 3.813ms
[INFO   ] DREAMPlace - full step 55.049 ms
[INFO   ] DREAMPlace - optimizer step 42.806 ms
[INFO   ] DREAMPlace - iteration  700, (  97,  0,  0), Obj 2.758361E+08, DensityWeight 5.415256E-05, wHPWL 3.388180E+08, Overflow 5.401290E-01, MaxDensity 2.152E+01, gamma 1.036495E+02, time 5.689ms
[INFO   ] DREAMPlace - full step 55.129 ms
[INFO   ] DREAMPlace - optimizer step 42.692 ms
[INFO   ] DREAMPlace - iteration  701, (  98,  0,  0), Obj 2.763294E+08, DensityWeight 5.510425E-05, wHPWL 3.390308E+08, Overflow 5.388098E-01, MaxDensity 1.968E+01, gamma 1.030259E+02, time 5.687ms
[INFO   ] DREAMPlace - full step 55.028 ms
[INFO   ] DREAMPlace - optimizer step 44.767 ms
[INFO   ] DREAMPlace - iteration  702, (  99,  0,  0), Obj 2.768318E+08, DensityWeight 5.616830E-05, wHPWL 3.392303E+08, Overflow 5.375117E-01, MaxDensity 1.846E+01, gamma 1.023328E+02, time 3.898ms
[INFO   ] DREAMPlace - full step 55.055 ms
[INFO   ] DREAMPlace - optimizer step 10.784 ms
[INFO   ] DREAMPlace - iteration  703, ( 100,  0,  0), Obj 2.773155E+08, DensityWeight 5.735924E-05, wHPWL 3.394113E+08, Overflow 5.361031E-01, MaxDensity 2.080E+01, gamma 1.016554E+02, time 3.718ms
[INFO   ] DREAMPlace - full step 15.528 ms
[INFO   ] DREAMPlace - optimizer step 43.912 ms
[INFO   ] DREAMPlace - iteration  704, ( 101,  0,  0), Obj 2.778033E+08, DensityWeight 5.872613E-05, wHPWL 3.395795E+08, Overflow 5.348447E-01, MaxDensity 2.260E+01, gamma 1.009253E+02, time 3.762ms
[INFO   ] DREAMPlace - full step 52.818 ms
[INFO   ] DREAMPlace - optimizer step 43.369 ms
[INFO   ] DREAMPlace - iteration  705, ( 102,  0,  0), Obj 2.782527E+08, DensityWeight 6.023405E-05, wHPWL 3.397354E+08, Overflow 5.333554E-01, MaxDensity 2.062E+01, gamma 1.002775E+02, time 5.923ms
[INFO   ] DREAMPlace - full step 56.570 ms
[INFO   ] DREAMPlace - optimizer step 90.392 ms
[INFO   ] DREAMPlace - iteration  706, ( 103,  0,  0), Obj 2.787292E+08, DensityWeight 6.188605E-05, wHPWL 3.398870E+08, Overflow 5.318755E-01, MaxDensity 1.828E+01, gamma 9.951629E+01, time 5.720ms
[INFO   ] DREAMPlace - full step 103.318 ms
[INFO   ] DREAMPlace - optimizer step 76.897 ms
[INFO   ] DREAMPlace - iteration  707, ( 104,  0,  0), Obj 2.791937E+08, DensityWeight 6.362138E-05, wHPWL 3.400273E+08, Overflow 5.304000E-01, MaxDensity 1.832E+01, gamma 9.876555E+01, time 5.741ms
[INFO   ] DREAMPlace - full step 89.814 ms
[INFO   ] DREAMPlace - optimizer step 59.948 ms
[INFO   ] DREAMPlace - iteration  708, ( 105,  0,  0), Obj 2.796483E+08, DensityWeight 6.550873E-05, wHPWL 3.401604E+08, Overflow 5.286665E-01, MaxDensity 2.021E+01, gamma 9.802268E+01, time 5.703ms
[INFO   ] DREAMPlace - full step 70.959 ms
[INFO   ] DREAMPlace - optimizer step 43.719 ms
[INFO   ] DREAMPlace - iteration  709, ( 106,  0,  0), Obj 2.801375E+08, DensityWeight 6.751950E-05, wHPWL 3.402893E+08, Overflow 5.267514E-01, MaxDensity 2.172E+01, gamma 9.715705E+01, time 4.052ms
[INFO   ] DREAMPlace - full step 54.855 ms
[INFO   ] DREAMPlace - optimizer step 49.336 ms
[INFO   ] DREAMPlace - iteration  710, ( 107,  0,  0), Obj 2.806502E+08, DensityWeight 6.963298E-05, wHPWL 3.404096E+08, Overflow 5.250040E-01, MaxDensity 2.013E+01, gamma 9.620966E+01, time 7.168ms
[INFO   ] DREAMPlace - full step 63.643 ms
[INFO   ] DREAMPlace - optimizer step 52.149 ms
[INFO   ] DREAMPlace - iteration  711, ( 108,  0,  0), Obj 2.811300E+08, DensityWeight 7.189852E-05, wHPWL 3.405192E+08, Overflow 5.231049E-01, MaxDensity 1.834E+01, gamma 9.535322E+01, time 2.198ms
[INFO   ] DREAMPlace - full step 58.812 ms
[INFO   ] DREAMPlace - optimizer step 79.869 ms
[INFO   ] DREAMPlace - iteration  712, ( 109,  0,  0), Obj 2.816298E+08, DensityWeight 7.434880E-05, wHPWL 3.406275E+08, Overflow 5.210141E-01, MaxDensity 1.908E+01, gamma 9.443114E+01, time 5.695ms
[INFO   ] DREAMPlace - full step 90.255 ms
[INFO   ] DREAMPlace - optimizer step 68.831 ms
[INFO   ] DREAMPlace - iteration  713, ( 110,  0,  0), Obj 2.821573E+08, DensityWeight 7.689665E-05, wHPWL 3.407327E+08, Overflow 5.185729E-01, MaxDensity 1.841E+01, gamma 9.342628E+01, time 5.716ms
[INFO   ] DREAMPlace - full step 81.768 ms
[INFO   ] DREAMPlace - optimizer step 70.957 ms
[INFO   ] DREAMPlace - iteration  714, ( 111,  0,  0), Obj 2.827393E+08, DensityWeight 7.956551E-05, wHPWL 3.408322E+08, Overflow 5.159650E-01, MaxDensity 1.631E+01, gamma 9.226649E+01, time 5.727ms
[INFO   ] DREAMPlace - full step 83.888 ms
[INFO   ] DREAMPlace - optimizer step 84.553 ms
[INFO   ] DREAMPlace - iteration  715, ( 112,  0,  0), Obj 2.833460E+08, DensityWeight 8.239351E-05, wHPWL 3.409194E+08, Overflow 5.133778E-01, MaxDensity 1.532E+01, gamma 9.104349E+01, time 5.705ms
[INFO   ] DREAMPlace - full step 95.279 ms
[INFO   ] DREAMPlace - optimizer step 69.828 ms
[INFO   ] DREAMPlace - iteration  716, ( 113,  0,  0), Obj 2.839479E+08, DensityWeight 8.546830E-05, wHPWL 3.409964E+08, Overflow 5.108999E-01, MaxDensity 1.680E+01, gamma 8.984615E+01, time 5.705ms
[INFO   ] DREAMPlace - full step 82.773 ms
[INFO   ] DREAMPlace - optimizer step 70.346 ms
[INFO   ] DREAMPlace - iteration  717, ( 114,  0,  0), Obj 2.845317E+08, DensityWeight 8.878330E-05, wHPWL 3.410684E+08, Overflow 5.081464E-01, MaxDensity 1.911E+01, gamma 8.871419E+01, time 5.713ms
[INFO   ] DREAMPlace - full step 81.189 ms
[INFO   ] DREAMPlace - optimizer step 81.316 ms
[INFO   ] DREAMPlace - iteration  718, ( 115,  0,  0), Obj 2.851603E+08, DensityWeight 9.229148E-05, wHPWL 3.411438E+08, Overflow 5.053738E-01, MaxDensity 1.894E+01, gamma 8.747304E+01, time 7.406ms
[INFO   ] DREAMPlace - full step 95.891 ms
[INFO   ] DREAMPlace - optimizer step 74.472 ms
[INFO   ] DREAMPlace - iteration  719, ( 116,  0,  0), Obj 2.857935E+08, DensityWeight 9.589250E-05, wHPWL 3.412160E+08, Overflow 5.024750E-01, MaxDensity 1.661E+01, gamma 8.624078E+01, time 5.702ms
[INFO   ] DREAMPlace - full step 87.413 ms
[INFO   ] DREAMPlace - optimizer step 71.137 ms
[INFO   ] DREAMPlace - iteration  720, ( 117,  0,  0), Obj 2.864490E+08, DensityWeight 9.967938E-05, wHPWL 3.412896E+08, Overflow 4.995513E-01, MaxDensity 1.647E+01, gamma 8.497105E+01, time 5.782ms
[INFO   ] DREAMPlace - full step 84.154 ms
[INFO   ] DREAMPlace - optimizer step 71.561 ms
[INFO   ] DREAMPlace - iteration  721, ( 118,  0,  0), Obj 2.871110E+08, DensityWeight 1.035945E-04, wHPWL 3.413628E+08, Overflow 4.963683E-01, MaxDensity 1.793E+01, gamma 8.370934E+01, time 5.715ms
[INFO   ] DREAMPlace - full step 84.507 ms
[INFO   ] DREAMPlace - optimizer step 74.382 ms
[INFO   ] DREAMPlace - iteration  722, ( 119,  0,  0), Obj 2.878170E+08, DensityWeight 1.076707E-04, wHPWL 3.414386E+08, Overflow 4.936303E-01, MaxDensity 1.708E+01, gamma 8.235704E+01, time 5.726ms
[INFO   ] DREAMPlace - full step 87.199 ms
[INFO   ] DREAMPlace - optimizer step 71.719 ms
[INFO   ] DREAMPlace - iteration  723, ( 120,  0,  0), Obj 2.884577E+08, DensityWeight 1.118653E-04, wHPWL 3.415092E+08, Overflow 4.906164E-01, MaxDensity 1.434E+01, gamma 8.121124E+01, time 5.726ms
[INFO   ] DREAMPlace - full step 84.585 ms
[INFO   ] DREAMPlace - optimizer step 74.591 ms
[INFO   ] DREAMPlace - iteration  724, ( 121,  0,  0), Obj 2.891440E+08, DensityWeight 1.163089E-04, wHPWL 3.415930E+08, Overflow 4.876970E-01, MaxDensity 1.390E+01, gamma 7.996844E+01, time 5.743ms
[INFO   ] DREAMPlace - full step 87.499 ms
[INFO   ] DREAMPlace - optimizer step 78.432 ms
[INFO   ] DREAMPlace - iteration  725, ( 122,  0,  0), Obj 2.898196E+08, DensityWeight 1.207058E-04, wHPWL 3.416786E+08, Overflow 4.845875E-01, MaxDensity 1.456E+01, gamma 7.878273E+01, time 5.711ms
[INFO   ] DREAMPlace - full step 91.330 ms
[INFO   ] DREAMPlace - optimizer step 70.602 ms
[INFO   ] DREAMPlace - iteration  726, ( 123,  0,  0), Obj 2.905276E+08, DensityWeight 1.252366E-04, wHPWL 3.417697E+08, Overflow 4.813809E-01, MaxDensity 1.384E+01, gamma 7.753915E+01, time 5.729ms
[INFO   ] DREAMPlace - full step 83.401 ms
[INFO   ] DREAMPlace - optimizer step 86.466 ms
[INFO   ] DREAMPlace - iteration  727, ( 124,  0,  0), Obj 2.912516E+08, DensityWeight 1.298396E-04, wHPWL 3.418577E+08, Overflow 4.781631E-01, MaxDensity 1.378E+01, gamma 7.627728E+01, time 5.737ms
[INFO   ] DREAMPlace - full step 99.364 ms
[INFO   ] DREAMPlace - optimizer step 66.300 ms
[INFO   ] DREAMPlace - iteration  728, ( 125,  0,  0), Obj 2.919774E+08, DensityWeight 1.346687E-04, wHPWL 3.419427E+08, Overflow 4.750224E-01, MaxDensity 1.307E+01, gamma 7.503167E+01, time 5.677ms
[INFO   ] DREAMPlace - full step 79.226 ms
[INFO   ] DREAMPlace - optimizer step 83.358 ms
[INFO   ] DREAMPlace - iteration  729, ( 126,  0,  0), Obj 2.926900E+08, DensityWeight 1.397380E-04, wHPWL 3.420241E+08, Overflow 4.717802E-01, MaxDensity 1.313E+01, gamma 7.383553E+01, time 5.714ms
[INFO   ] DREAMPlace - full step 96.370 ms
[INFO   ] DREAMPlace - optimizer step 68.534 ms
[INFO   ] DREAMPlace - iteration  730, ( 127,  0,  0), Obj 2.934153E+08, DensityWeight 1.450679E-04, wHPWL 3.421092E+08, Overflow 4.688027E-01, MaxDensity 1.307E+01, gamma 7.262072E+01, time 5.728ms
[INFO   ] DREAMPlace - full step 81.489 ms
[INFO   ] DREAMPlace - optimizer step 93.548 ms
[INFO   ] DREAMPlace - iteration  731, ( 128,  0,  0), Obj 2.941002E+08, DensityWeight 1.505266E-04, wHPWL 3.421940E+08, Overflow 4.659206E-01, MaxDensity 1.258E+01, gamma 7.152269E+01, time 63.282ms
[INFO   ] DREAMPlace - full step 164.030 ms
[INFO   ] DREAMPlace - optimizer step 50.650 ms
[INFO   ] DREAMPlace - iteration  732, ( 129,  0,  0), Obj 2.947695E+08, DensityWeight 1.561935E-04, wHPWL 3.422855E+08, Overflow 4.630239E-01, MaxDensity 1.268E+01, gamma 7.047565E+01, time 5.710ms
[INFO   ] DREAMPlace - full step 63.589 ms
[INFO   ] DREAMPlace - optimizer step 54.530 ms
[INFO   ] DREAMPlace - iteration  733, ( 130,  0,  0), Obj 2.954378E+08, DensityWeight 1.619255E-04, wHPWL 3.423830E+08, Overflow 4.601589E-01, MaxDensity 1.273E+01, gamma 6.943874E+01, time 5.752ms
[INFO   ] DREAMPlace - full step 67.488 ms
[INFO   ] DREAMPlace - optimizer step 46.075 ms
[INFO   ] DREAMPlace - iteration  734, ( 131,  0,  0), Obj 2.960980E+08, DensityWeight 1.677265E-04, wHPWL 3.424852E+08, Overflow 4.573992E-01, MaxDensity 1.269E+01, gamma 6.842824E+01, time 5.743ms
[INFO   ] DREAMPlace - full step 57.012 ms
[INFO   ] DREAMPlace - optimizer step 48.692 ms
[INFO   ] DREAMPlace - iteration  735, ( 132,  0,  0), Obj 2.967389E+08, DensityWeight 1.736206E-04, wHPWL 3.425893E+08, Overflow 4.545319E-01, MaxDensity 1.300E+01, gamma 6.746873E+01, time 35.331ms
[INFO   ] DREAMPlace - full step 91.259 ms
[INFO   ] DREAMPlace - optimizer step 46.206 ms
[INFO   ] DREAMPlace - iteration  736, ( 133,  0,  0), Obj 2.973898E+08, DensityWeight 1.796761E-04, wHPWL 3.426972E+08, Overflow 4.518038E-01, MaxDensity 1.299E+01, gamma 6.648610E+01, time 25.334ms
[INFO   ] DREAMPlace - full step 78.700 ms
[INFO   ] DREAMPlace - optimizer step 71.994 ms
[INFO   ] DREAMPlace - iteration  737, ( 134,  0,  0), Obj 2.980162E+08, DensityWeight 1.858442E-04, wHPWL 3.428012E+08, Overflow 4.490214E-01, MaxDensity 1.245E+01, gamma 6.556444E+01, time 5.651ms
[INFO   ] DREAMPlace - full step 84.895 ms
[INFO   ] DREAMPlace - optimizer step 74.571 ms
[INFO   ] DREAMPlace - iteration  738, ( 135,  0,  0), Obj 2.986425E+08, DensityWeight 1.923286E-04, wHPWL 3.429043E+08, Overflow 4.462202E-01, MaxDensity 1.262E+01, gamma 6.463762E+01, time 5.724ms
[INFO   ] DREAMPlace - full step 87.506 ms
[INFO   ] DREAMPlace - optimizer step 70.066 ms
[INFO   ] DREAMPlace - iteration  739, ( 136,  0,  0), Obj 2.992626E+08, DensityWeight 1.990616E-04, wHPWL 3.430041E+08, Overflow 4.435097E-01, MaxDensity 1.251E+01, gamma 6.371774E+01, time 5.641ms
[INFO   ] DREAMPlace - full step 82.921 ms
[INFO   ] DREAMPlace - optimizer step 79.166 ms
[INFO   ] DREAMPlace - iteration  740, ( 137,  0,  0), Obj 2.998620E+08, DensityWeight 2.061267E-04, wHPWL 3.430996E+08, Overflow 4.408032E-01, MaxDensity 1.162E+01, gamma 6.284013E+01, time 5.750ms
[INFO   ] DREAMPlace - full step 92.123 ms
[INFO   ] DREAMPlace - optimizer step 61.961 ms
[INFO   ] DREAMPlace - iteration  741, ( 138,  0,  0), Obj 3.004513E+08, DensityWeight 2.135702E-04, wHPWL 3.431935E+08, Overflow 4.379770E-01, MaxDensity 1.123E+01, gamma 6.197586E+01, time 5.724ms
[INFO   ] DREAMPlace - full step 74.847 ms
[INFO   ] DREAMPlace - optimizer step 77.580 ms
[INFO   ] DREAMPlace - iteration  742, ( 139,  0,  0), Obj 3.010472E+08, DensityWeight 2.213328E-04, wHPWL 3.432850E+08, Overflow 4.352901E-01, MaxDensity 1.125E+01, gamma 6.108608E+01, time 5.836ms
[INFO   ] DREAMPlace - full step 90.597 ms
[INFO   ] DREAMPlace - optimizer step 64.365 ms
[INFO   ] DREAMPlace - iteration  743, ( 140,  0,  0), Obj 3.016164E+08, DensityWeight 2.294554E-04, wHPWL 3.433712E+08, Overflow 4.325107E-01, MaxDensity 1.086E+01, gamma 6.025197E+01, time 5.724ms
[INFO   ] DREAMPlace - full step 77.286 ms
[INFO   ] DREAMPlace - optimizer step 68.104 ms
[INFO   ] DREAMPlace - iteration  744, ( 141,  0,  0), Obj 3.021887E+08, DensityWeight 2.380502E-04, wHPWL 3.434571E+08, Overflow 4.298091E-01, MaxDensity 1.134E+01, gamma 5.940114E+01, time 5.699ms
[INFO   ] DREAMPlace - full step 81.064 ms
[INFO   ] DREAMPlace - optimizer step 72.476 ms
[INFO   ] DREAMPlace - iteration  745, ( 142,  0,  0), Obj 3.027429E+08, DensityWeight 2.469768E-04, wHPWL 3.435405E+08, Overflow 4.270849E-01, MaxDensity 1.169E+01, gamma 5.858564E+01, time 5.840ms
[INFO   ] DREAMPlace - full step 85.421 ms
[INFO   ] DREAMPlace - optimizer step 74.768 ms
[INFO   ] DREAMPlace - iteration  746, ( 143,  0,  0), Obj 3.032919E+08, DensityWeight 2.563273E-04, wHPWL 3.436234E+08, Overflow 4.243205E-01, MaxDensity 1.103E+01, gamma 5.777466E+01, time 5.778ms
[INFO   ] DREAMPlace - full step 87.718 ms
[INFO   ] DREAMPlace - optimizer step 73.951 ms
[INFO   ] DREAMPlace - iteration  747, ( 144,  0,  0), Obj 3.038377E+08, DensityWeight 2.660544E-04, wHPWL 3.437050E+08, Overflow 4.214381E-01, MaxDensity 1.117E+01, gamma 5.696321E+01, time 5.780ms
[INFO   ] DREAMPlace - full step 86.828 ms
[INFO   ] DREAMPlace - optimizer step 80.247 ms
[INFO   ] DREAMPlace - iteration  748, ( 145,  0,  0), Obj 3.043897E+08, DensityWeight 2.761949E-04, wHPWL 3.437846E+08, Overflow 4.183618E-01, MaxDensity 1.080E+01, gamma 5.612921E+01, time 5.755ms
[INFO   ] DREAMPlace - full step 93.185 ms
[INFO   ] DREAMPlace - optimizer step 82.837 ms
[INFO   ] DREAMPlace - iteration  749, ( 146,  0,  0), Obj 3.049561E+08, DensityWeight 2.868063E-04, wHPWL 3.438598E+08, Overflow 4.155028E-01, MaxDensity 1.059E+01, gamma 5.525261E+01, time 5.152ms
[INFO   ] DREAMPlace - full step 95.119 ms
[INFO   ] DREAMPlace - optimizer step 73.397 ms
[INFO   ] DREAMPlace - iteration  750, ( 147,  0,  0), Obj 3.054884E+08, DensityWeight 2.980036E-04, wHPWL 3.439283E+08, Overflow 4.125819E-01, MaxDensity 1.079E+01, gamma 5.445020E+01, time 3.479ms
[INFO   ] DREAMPlace - full step 83.225 ms
[INFO   ] DREAMPlace - optimizer step 80.341 ms
[INFO   ] DREAMPlace - iteration  751, ( 148,  0,  0), Obj 3.060198E+08, DensityWeight 3.099309E-04, wHPWL 3.439979E+08, Overflow 4.095866E-01, MaxDensity 1.014E+01, gamma 5.364245E+01, time 7.047ms
[INFO   ] DREAMPlace - full step 94.570 ms
[INFO   ] DREAMPlace - optimizer step 69.177 ms
[INFO   ] DREAMPlace - iteration  752, ( 149,  0,  0), Obj 3.065528E+08, DensityWeight 3.222868E-04, wHPWL 3.440665E+08, Overflow 4.065304E-01, MaxDensity 1.034E+01, gamma 5.282655E+01, time 5.723ms
[INFO   ] DREAMPlace - full step 82.384 ms
[INFO   ] DREAMPlace - optimizer step 78.298 ms
[INFO   ] DREAMPlace - iteration  753, ( 150,  0,  0), Obj 3.070856E+08, DensityWeight 3.351800E-04, wHPWL 3.441317E+08, Overflow 4.034789E-01, MaxDensity 1.044E+01, gamma 5.200689E+01, time 4.493ms
[INFO   ] DREAMPlace - full step 89.992 ms
[INFO   ] DREAMPlace - optimizer step 72.558 ms
[INFO   ] DREAMPlace - iteration  754, ( 151,  0,  0), Obj 3.076108E+08, DensityWeight 3.487555E-04, wHPWL 3.441937E+08, Overflow 4.000663E-01, MaxDensity 1.032E+01, gamma 5.120116E+01, time 4.443ms
[INFO   ] DREAMPlace - full step 84.136 ms
[INFO   ] DREAMPlace - optimizer step 84.976 ms
[INFO   ] DREAMPlace - iteration  755, ( 152,  0,  0), Obj 3.081701E+08, DensityWeight 3.630428E-04, wHPWL 3.442538E+08, Overflow 3.966773E-01, MaxDensity 9.389E+00, gamma 5.031486E+01, time 4.762ms
[INFO   ] DREAMPlace - full step 96.970 ms
[INFO   ] DREAMPlace - optimizer step 65.776 ms
[INFO   ] DREAMPlace - iteration  756, ( 153,  0,  0), Obj 3.087203E+08, DensityWeight 3.780114E-04, wHPWL 3.443058E+08, Overflow 3.934584E-01, MaxDensity 9.707E+00, gamma 4.944986E+01, time 9.842ms
[INFO   ] DREAMPlace - full step 83.144 ms
[INFO   ] DREAMPlace - optimizer step 87.540 ms
[INFO   ] DREAMPlace - iteration  757, ( 154,  0,  0), Obj 3.092442E+08, DensityWeight 3.940469E-04, wHPWL 3.443516E+08, Overflow 3.903290E-01, MaxDensity 9.886E+00, gamma 4.864207E+01, time 4.558ms
[INFO   ] DREAMPlace - full step 99.272 ms
[INFO   ] DREAMPlace - optimizer step 70.926 ms
[INFO   ] DREAMPlace - iteration  758, ( 155,  0,  0), Obj 3.097516E+08, DensityWeight 4.111165E-04, wHPWL 3.443981E+08, Overflow 3.869977E-01, MaxDensity 1.024E+01, gamma 4.786937E+01, time 5.778ms
[INFO   ] DREAMPlace - full step 84.177 ms
[INFO   ] DREAMPlace - optimizer step 58.989 ms
[INFO   ] DREAMPlace - iteration  759, ( 156,  0,  0), Obj 3.102753E+08, DensityWeight 4.288815E-04, wHPWL 3.444483E+08, Overflow 3.836403E-01, MaxDensity 9.908E+00, gamma 4.706031E+01, time 4.555ms
[INFO   ] DREAMPlace - full step 70.782 ms
[INFO   ] DREAMPlace - optimizer step 72.916 ms
[INFO   ] DREAMPlace - iteration  760, ( 157,  0,  0), Obj 3.107976E+08, DensityWeight 4.471887E-04, wHPWL 3.444965E+08, Overflow 3.801990E-01, MaxDensity 9.162E+00, gamma 4.625877E+01, time 5.786ms
[INFO   ] DREAMPlace - full step 85.912 ms
[INFO   ] DREAMPlace - optimizer step 42.271 ms
[INFO   ] DREAMPlace - iteration  761, ( 158,  0,  0), Obj 3.113238E+08, DensityWeight 4.664001E-04, wHPWL 3.445430E+08, Overflow 3.767392E-01, MaxDensity 9.038E+00, gamma 4.545132E+01, time 5.703ms
[INFO   ] DREAMPlace - full step 78.769 ms
[INFO   ] DREAMPlace - optimizer step 44.652 ms
[INFO   ] DREAMPlace - iteration  762, ( 159,  0,  0), Obj 3.118472E+08, DensityWeight 4.865539E-04, wHPWL 3.445891E+08, Overflow 3.732715E-01, MaxDensity 9.339E+00, gamma 4.465377E+01, time 5.411ms
[INFO   ] DREAMPlace - full step 89.587 ms
[INFO   ] DREAMPlace - optimizer step 47.127 ms
[INFO   ] DREAMPlace - iteration  763, ( 160,  0,  0), Obj 3.123671E+08, DensityWeight 5.076104E-04, wHPWL 3.446352E+08, Overflow 3.698612E-01, MaxDensity 9.363E+00, gamma 4.386843E+01, time 5.192ms
[INFO   ] DREAMPlace - full step 59.585 ms
[INFO   ] DREAMPlace - optimizer step 42.543 ms
[INFO   ] DREAMPlace - iteration  764, ( 161,  0,  0), Obj 3.128776E+08, DensityWeight 5.295759E-04, wHPWL 3.446809E+08, Overflow 3.664292E-01, MaxDensity 9.050E+00, gamma 4.310957E+01, time 5.686ms
[INFO   ] DREAMPlace - full step 55.650 ms
[INFO   ] DREAMPlace - optimizer step 18.379 ms
[INFO   ] DREAMPlace - iteration  765, ( 162,  0,  0), Obj 3.133853E+08, DensityWeight 5.525263E-04, wHPWL 3.447272E+08, Overflow 3.627946E-01, MaxDensity 8.496E+00, gamma 4.235914E+01, time 1.276ms
[INFO   ] DREAMPlace - full step 20.294 ms
[INFO   ] DREAMPlace - optimizer step 10.703 ms
[INFO   ] DREAMPlace - iteration  766, ( 163,  0,  0), Obj 3.139082E+08, DensityWeight 5.764173E-04, wHPWL 3.447747E+08, Overflow 3.590473E-01, MaxDensity 8.510E+00, gamma 4.157864E+01, time 1.308ms
[INFO   ] DREAMPlace - full step 16.985 ms
[INFO   ] DREAMPlace - optimizer step 12.271 ms
[INFO   ] DREAMPlace - iteration  767, ( 164,  0,  0), Obj 3.144368E+08, DensityWeight 6.012447E-04, wHPWL 3.448183E+08, Overflow 3.554635E-01, MaxDensity 8.172E+00, gamma 4.078897E+01, time 1.434ms
[INFO   ] DREAMPlace - full step 14.553 ms
[INFO   ] DREAMPlace - optimizer step 63.789 ms
[INFO   ] DREAMPlace - iteration  768, ( 165,  0,  0), Obj 3.149440E+08, DensityWeight 6.274830E-04, wHPWL 3.448570E+08, Overflow 3.519585E-01, MaxDensity 7.839E+00, gamma 4.004781E+01, time 1.416ms
[INFO   ] DREAMPlace - full step 70.305 ms
[INFO   ] DREAMPlace - optimizer step 71.450 ms
[INFO   ] DREAMPlace - iteration  769, ( 166,  0,  0), Obj 3.154377E+08, DensityWeight 6.553162E-04, wHPWL 3.448961E+08, Overflow 3.483370E-01, MaxDensity 7.857E+00, gamma 3.933597E+01, time 5.648ms
[INFO   ] DREAMPlace - full step 80.802 ms
[INFO   ] DREAMPlace - optimizer step 111.237 ms
[INFO   ] DREAMPlace - iteration  770, ( 167,  0,  0), Obj 3.159369E+08, DensityWeight 6.843353E-04, wHPWL 3.449384E+08, Overflow 3.447536E-01, MaxDensity 7.534E+00, gamma 3.861377E+01, time 5.765ms
[INFO   ] DREAMPlace - full step 124.182 ms
[INFO   ] DREAMPlace - optimizer step 65.041 ms
[INFO   ] DREAMPlace - iteration  771, ( 168,  0,  0), Obj 3.164275E+08, DensityWeight 7.143334E-04, wHPWL 3.449789E+08, Overflow 3.414376E-01, MaxDensity 7.852E+00, gamma 3.791220E+01, time 1.479ms
[INFO   ] DREAMPlace - full step 72.001 ms
[INFO   ] DREAMPlace - optimizer step 70.622 ms
[INFO   ] DREAMPlace - iteration  772, ( 169,  0,  0), Obj 3.168882E+08, DensityWeight 7.458196E-04, wHPWL 3.450199E+08, Overflow 3.380622E-01, MaxDensity 7.263E+00, gamma 3.727435E+01, time 5.746ms
[INFO   ] DREAMPlace - full step 83.553 ms
[INFO   ] DREAMPlace - optimizer step 42.860 ms
[INFO   ] DREAMPlace - iteration  773, ( 170,  0,  0), Obj 3.173489E+08, DensityWeight 7.786519E-04, wHPWL 3.450640E+08, Overflow 3.345841E-01, MaxDensity 7.982E+00, gamma 3.663611E+01, time 57.181ms
[INFO   ] DREAMPlace - full step 107.210 ms
[INFO   ] DREAMPlace - optimizer step 89.353 ms
[INFO   ] DREAMPlace - iteration  774, ( 171,  0,  0), Obj 3.178139E+08, DensityWeight 8.125741E-04, wHPWL 3.451100E+08, Overflow 3.310892E-01, MaxDensity 7.550E+00, gamma 3.598986E+01, time 5.701ms
[INFO   ] DREAMPlace - full step 102.299 ms
[INFO   ] DREAMPlace - optimizer step 38.532 ms
[INFO   ] DREAMPlace - iteration  775, ( 172,  0,  0), Obj 3.182749E+08, DensityWeight 8.477473E-04, wHPWL 3.451542E+08, Overflow 3.276376E-01, MaxDensity 7.664E+00, gamma 3.535197E+01, time 5.805ms
[INFO   ] DREAMPlace - full step 72.641 ms
[INFO   ] DREAMPlace - optimizer step 53.147 ms
[INFO   ] DREAMPlace - iteration  776, ( 173,  0,  0), Obj 3.187268E+08, DensityWeight 8.846679E-04, wHPWL 3.451961E+08, Overflow 3.242941E-01, MaxDensity 8.543E+00, gamma 3.473309E+01, time 1.453ms
[INFO   ] DREAMPlace - full step 59.707 ms
[INFO   ] DREAMPlace - optimizer step 71.657 ms
[INFO   ] DREAMPlace - iteration  777, ( 174,  0,  0), Obj 3.191632E+08, DensityWeight 9.234929E-04, wHPWL 3.452363E+08, Overflow 3.206214E-01, MaxDensity 7.628E+00, gamma 3.414394E+01, time 7.931ms
[INFO   ] DREAMPlace - full step 84.606 ms
[INFO   ] DREAMPlace - optimizer step 76.166 ms
[INFO   ] DREAMPlace - iteration  778, ( 175,  0,  0), Obj 3.196215E+08, DensityWeight 9.642499E-04, wHPWL 3.452768E+08, Overflow 3.171311E-01, MaxDensity 8.196E+00, gamma 3.350826E+01, time 5.721ms
[INFO   ] DREAMPlace - full step 89.234 ms
[INFO   ] DREAMPlace - optimizer step 78.525 ms
[INFO   ] DREAMPlace - iteration  779, ( 176,  0,  0), Obj 3.200566E+08, DensityWeight 1.006761E-03, wHPWL 3.453112E+08, Overflow 3.136241E-01, MaxDensity 6.957E+00, gamma 3.291515E+01, time 30.363ms
[INFO   ] DREAMPlace - full step 116.100 ms
[INFO   ] DREAMPlace - optimizer step 71.998 ms
[INFO   ] DREAMPlace - iteration  780, ( 177,  0,  0), Obj 3.204863E+08, DensityWeight 1.052037E-03, wHPWL 3.453465E+08, Overflow 3.105433E-01, MaxDensity 6.815E+00, gamma 3.232976E+01, time 5.658ms
[INFO   ] DREAMPlace - full step 84.835 ms
[INFO   ] DREAMPlace - optimizer step 69.152 ms
[INFO   ] DREAMPlace - iteration  781, ( 178,  0,  0), Obj 3.208741E+08, DensityWeight 1.099222E-03, wHPWL 3.453802E+08, Overflow 3.073739E-01, MaxDensity 6.617E+00, gamma 3.182411E+01, time 13.272ms
[INFO   ] DREAMPlace - full step 89.674 ms
[INFO   ] DREAMPlace - optimizer step 70.385 ms
[INFO   ] DREAMPlace - iteration  782, ( 179,  0,  0), Obj 3.212636E+08, DensityWeight 1.148779E-03, wHPWL 3.454211E+08, Overflow 3.039414E-01, MaxDensity 6.243E+00, gamma 3.131215E+01, time 5.733ms
[INFO   ] DREAMPlace - full step 83.265 ms
[INFO   ] DREAMPlace - optimizer step 64.636 ms
[INFO   ] DREAMPlace - iteration  783, ( 180,  0,  0), Obj 3.216695E+08, DensityWeight 1.199361E-03, wHPWL 3.454642E+08, Overflow 3.004514E-01, MaxDensity 6.201E+00, gamma 3.076701E+01, time 3.518ms
[INFO   ] DREAMPlace - full step 72.332 ms
[INFO   ] DREAMPlace - optimizer step 76.123 ms
[INFO   ] DREAMPlace - iteration  784, ( 181,  0,  0), Obj 3.220756E+08, DensityWeight 1.251779E-03, wHPWL 3.455035E+08, Overflow 2.970558E-01, MaxDensity 6.385E+00, gamma 3.022245E+01, time 5.816ms
[INFO   ] DREAMPlace - full step 87.144 ms
[INFO   ] DREAMPlace - optimizer step 78.124 ms
[INFO   ] DREAMPlace - iteration  785, ( 182,  0,  0), Obj 3.224681E+08, DensityWeight 1.307182E-03, wHPWL 3.455386E+08, Overflow 2.935821E-01, MaxDensity 5.714E+00, gamma 2.970187E+01, time 5.721ms
[INFO   ] DREAMPlace - full step 88.960 ms
[INFO   ] DREAMPlace - optimizer step 76.779 ms
[INFO   ] DREAMPlace - iteration  786, ( 183,  0,  0), Obj 3.228608E+08, DensityWeight 1.365853E-03, wHPWL 3.455740E+08, Overflow 2.902266E-01, MaxDensity 5.758E+00, gamma 2.917861E+01, time 5.792ms
[INFO   ] DREAMPlace - full step 87.932 ms
[INFO   ] DREAMPlace - optimizer step 53.845 ms
[INFO   ] DREAMPlace - iteration  787, ( 184,  0,  0), Obj 3.232391E+08, DensityWeight 1.427068E-03, wHPWL 3.456061E+08, Overflow 2.868625E-01, MaxDensity 6.073E+00, gamma 2.868191E+01, time 5.654ms
[INFO   ] DREAMPlace - full step 64.678 ms
[INFO   ] DREAMPlace - optimizer step 44.785 ms
[INFO   ] DREAMPlace - iteration  788, ( 185,  0,  0), Obj 3.236126E+08, DensityWeight 1.491745E-03, wHPWL 3.456378E+08, Overflow 2.833629E-01, MaxDensity 6.045E+00, gamma 2.819240E+01, time 5.710ms
[INFO   ] DREAMPlace - full step 57.717 ms
[INFO   ] DREAMPlace - optimizer step 42.866 ms
[INFO   ] DREAMPlace - iteration  789, ( 186,  0,  0), Obj 3.239896E+08, DensityWeight 1.559417E-03, wHPWL 3.456684E+08, Overflow 2.799357E-01, MaxDensity 5.746E+00, gamma 2.769205E+01, time 5.646ms
[INFO   ] DREAMPlace - full step 54.244 ms
[INFO   ] DREAMPlace - optimizer step 52.603 ms
[INFO   ] DREAMPlace - iteration  790, ( 187,  0,  0), Obj 3.243556E+08, DensityWeight 1.630420E-03, wHPWL 3.456964E+08, Overflow 2.765830E-01, MaxDensity 5.906E+00, gamma 2.721067E+01, time 35.852ms
[INFO   ] DREAMPlace - full step 95.691 ms
[INFO   ] DREAMPlace - optimizer step 90.614 ms
[INFO   ] DREAMPlace - iteration  791, ( 188,  0,  0), Obj 3.247094E+08, DensityWeight 1.705264E-03, wHPWL 3.457226E+08, Overflow 2.731664E-01, MaxDensity 5.981E+00, gamma 2.674784E+01, time 5.699ms
[INFO   ] DREAMPlace - full step 103.500 ms
[INFO   ] DREAMPlace - optimizer step 58.952 ms
[INFO   ] DREAMPlace - iteration  792, ( 189,  0,  0), Obj 3.250621E+08, DensityWeight 1.784022E-03, wHPWL 3.457499E+08, Overflow 2.697190E-01, MaxDensity 6.164E+00, gamma 2.628430E+01, time 20.419ms
[INFO   ] DREAMPlace - full step 86.584 ms
[INFO   ] DREAMPlace - optimizer step 77.155 ms
[INFO   ] DREAMPlace - iteration  793, ( 190,  0,  0), Obj 3.254115E+08, DensityWeight 1.866108E-03, wHPWL 3.457759E+08, Overflow 2.662811E-01, MaxDensity 6.154E+00, gamma 2.582471E+01, time 12.356ms
[INFO   ] DREAMPlace - full step 96.779 ms
[INFO   ] DREAMPlace - optimizer step 66.358 ms
[INFO   ] DREAMPlace - iteration  794, ( 191,  0,  0), Obj 3.257558E+08, DensityWeight 1.952320E-03, wHPWL 3.457995E+08, Overflow 2.629202E-01, MaxDensity 6.044E+00, gamma 2.537440E+01, time 5.695ms
[INFO   ] DREAMPlace - full step 79.208 ms
[INFO   ] DREAMPlace - optimizer step 84.344 ms
[INFO   ] DREAMPlace - iteration  795, ( 192,  0,  0), Obj 3.260887E+08, DensityWeight 2.043190E-03, wHPWL 3.458207E+08, Overflow 2.595157E-01, MaxDensity 5.849E+00, gamma 2.494175E+01, time 9.083ms
[INFO   ] DREAMPlace - full step 98.534 ms
[INFO   ] DREAMPlace - optimizer step 79.941 ms
[INFO   ] DREAMPlace - iteration  796, ( 193,  0,  0), Obj 3.264193E+08, DensityWeight 2.139033E-03, wHPWL 3.458432E+08, Overflow 2.561998E-01, MaxDensity 5.760E+00, gamma 2.451103E+01, time 5.748ms
[INFO   ] DREAMPlace - full step 92.854 ms
[INFO   ] DREAMPlace - optimizer step 72.616 ms
[INFO   ] DREAMPlace - iteration  797, ( 194,  0,  0), Obj 3.267394E+08, DensityWeight 2.238942E-03, wHPWL 3.458650E+08, Overflow 2.527233E-01, MaxDensity 5.794E+00, gamma 2.409865E+01, time 5.753ms
[INFO   ] DREAMPlace - full step 85.528 ms
[INFO   ] DREAMPlace - optimizer step 73.952 ms
[INFO   ] DREAMPlace - iteration  798, ( 195,  0,  0), Obj 3.270657E+08, DensityWeight 2.343748E-03, wHPWL 3.458884E+08, Overflow 2.493094E-01, MaxDensity 5.826E+00, gamma 2.367376E+01, time 5.679ms
[INFO   ] DREAMPlace - full step 86.761 ms
[INFO   ] DREAMPlace - optimizer step 81.559 ms
[INFO   ] DREAMPlace - iteration  799, ( 196,  0,  0), Obj 3.273838E+08, DensityWeight 2.452913E-03, wHPWL 3.459096E+08, Overflow 2.458997E-01, MaxDensity 5.857E+00, gamma 2.326381E+01, time 8.163ms
[INFO   ] DREAMPlace - full step 96.932 ms
[INFO   ] DREAMPlace - optimizer step 118.510 ms
[INFO   ] DREAMPlace - iteration  800, ( 197,  0,  0), Obj 3.276969E+08, DensityWeight 2.567964E-03, wHPWL 3.459285E+08, Overflow 2.425639E-01, MaxDensity 5.864E+00, gamma 2.286144E+01, time 5.908ms
[INFO   ] DREAMPlace - full step 131.605 ms
[INFO   ] DREAMPlace - optimizer step 48.700 ms
[INFO   ] DREAMPlace - iteration  801, ( 198,  0,  0), Obj 3.279989E+08, DensityWeight 2.689275E-03, wHPWL 3.459433E+08, Overflow 2.393663E-01, MaxDensity 5.839E+00, gamma 2.247453E+01, time 5.744ms
[INFO   ] DREAMPlace - full step 59.529 ms
[INFO   ] DREAMPlace - optimizer step 48.388 ms
[INFO   ] DREAMPlace - iteration  802, ( 199,  0,  0), Obj 3.282860E+08, DensityWeight 2.817912E-03, wHPWL 3.459571E+08, Overflow 2.361197E-01, MaxDensity 5.757E+00, gamma 2.210981E+01, time 5.850ms
[INFO   ] DREAMPlace - full step 61.454 ms
[INFO   ] DREAMPlace - optimizer step 94.661 ms
[INFO   ] DREAMPlace - iteration  803, ( 200,  0,  0), Obj 3.285714E+08, DensityWeight 2.953125E-03, wHPWL 3.459727E+08, Overflow 2.328579E-01, MaxDensity 5.633E+00, gamma 2.174555E+01, time 16.225ms
[INFO   ] DREAMPlace - full step 112.344 ms
[INFO   ] DREAMPlace - optimizer step 103.527 ms
[INFO   ] DREAMPlace - iteration  804, ( 201,  0,  0), Obj 3.288539E+08, DensityWeight 3.094038E-03, wHPWL 3.459910E+08, Overflow 2.296947E-01, MaxDensity 5.427E+00, gamma 2.138562E+01, time 10.533ms
[INFO   ] DREAMPlace - full step 121.203 ms
[INFO   ] DREAMPlace - optimizer step 107.622 ms
[INFO   ] DREAMPlace - iteration  805, ( 202,  0,  0), Obj 3.291274E+08, DensityWeight 3.240461E-03, wHPWL 3.460061E+08, Overflow 2.265696E-01, MaxDensity 5.206E+00, gamma 2.104227E+01, time 41.367ms
[INFO   ] DREAMPlace - full step 156.167 ms
[INFO   ] DREAMPlace - optimizer step 97.395 ms
[INFO   ] DREAMPlace - iteration  806, ( 203,  0,  0), Obj 3.293936E+08, DensityWeight 3.395327E-03, wHPWL 3.460209E+08, Overflow 2.232322E-01, MaxDensity 4.960E+00, gamma 2.070846E+01, time 12.360ms
[INFO   ] DREAMPlace - full step 116.978 ms
[INFO   ] DREAMPlace - optimizer step 97.580 ms
[INFO   ] DREAMPlace - iteration  807, ( 204,  0,  0), Obj 3.296677E+08, DensityWeight 3.557754E-03, wHPWL 3.460364E+08, Overflow 2.199069E-01, MaxDensity 4.711E+00, gamma 2.035783E+01, time 50.994ms
[INFO   ] DREAMPlace - full step 155.519 ms
[INFO   ] DREAMPlace - optimizer step 88.329 ms
[INFO   ] DREAMPlace - iteration  808, ( 205,  0,  0), Obj 3.299372E+08, DensityWeight 3.727618E-03, wHPWL 3.460492E+08, Overflow 2.166395E-01, MaxDensity 4.518E+00, gamma 2.001437E+01, time 34.778ms
[INFO   ] DREAMPlace - full step 130.317 ms
[INFO   ] DREAMPlace - optimizer step 126.207 ms
[INFO   ] DREAMPlace - iteration  809, ( 206,  0,  0), Obj 3.301993E+08, DensityWeight 3.906969E-03, wHPWL 3.460602E+08, Overflow 2.135395E-01, MaxDensity 4.335E+00, gamma 1.968253E+01, time 15.235ms
[INFO   ] DREAMPlace - full step 148.907 ms
[INFO   ] DREAMPlace - optimizer step 217.827 ms
[INFO   ] DREAMPlace - iteration  810, ( 207,  0,  0), Obj 3.304477E+08, DensityWeight 4.096081E-03, wHPWL 3.460714E+08, Overflow 2.104947E-01, MaxDensity 4.345E+00, gamma 1.937279E+01, time 41.981ms
[INFO   ] DREAMPlace - full step 267.094 ms
[INFO   ] DREAMPlace - optimizer step 85.638 ms
[INFO   ] DREAMPlace - iteration  811, ( 208,  0,  0), Obj 3.306893E+08, DensityWeight 4.294156E-03, wHPWL 3.460828E+08, Overflow 2.074160E-01, MaxDensity 4.466E+00, gamma 1.907330E+01, time 14.082ms
[INFO   ] DREAMPlace - full step 106.371 ms
[INFO   ] DREAMPlace - optimizer step 59.146 ms
[INFO   ] DREAMPlace - iteration  812, ( 209,  0,  0), Obj 3.309297E+08, DensityWeight 4.501729E-03, wHPWL 3.460975E+08, Overflow 2.043557E-01, MaxDensity 4.259E+00, gamma 1.877519E+01, time 14.618ms
[INFO   ] DREAMPlace - full step 81.028 ms
[INFO   ] DREAMPlace - optimizer step 70.315 ms
[INFO   ] DREAMPlace - iteration  813, ( 210,  0,  0), Obj 3.311667E+08, DensityWeight 4.717126E-03, wHPWL 3.461123E+08, Overflow 2.013506E-01, MaxDensity 4.208E+00, gamma 1.848348E+01, time 6.121ms
[INFO   ] DREAMPlace - full step 83.783 ms
[INFO   ] DREAMPlace - optimizer step 68.100 ms
[INFO   ] DREAMPlace - iteration  814, ( 211,  0,  0), Obj 3.313978E+08, DensityWeight 4.942742E-03, wHPWL 3.461275E+08, Overflow 1.983546E-01, MaxDensity 4.159E+00, gamma 1.820144E+01, time 3.482ms
[INFO   ] DREAMPlace - full step 78.125 ms
[INFO   ] DREAMPlace - optimizer step 80.324 ms
[INFO   ] DREAMPlace - iteration  815, ( 212,  0,  0), Obj 3.316251E+08, DensityWeight 5.178917E-03, wHPWL 3.461402E+08, Overflow 1.953303E-01, MaxDensity 4.226E+00, gamma 1.792453E+01, time 5.744ms
[INFO   ] DREAMPlace - full step 93.246 ms
[INFO   ] DREAMPlace - optimizer step 57.913 ms
[INFO   ] DREAMPlace - iteration  816, ( 213,  0,  0), Obj 3.318498E+08, DensityWeight 5.428241E-03, wHPWL 3.461533E+08, Overflow 1.922427E-01, MaxDensity 4.036E+00, gamma 1.764929E+01, time 5.312ms
[INFO   ] DREAMPlace - full step 70.503 ms
[INFO   ] DREAMPlace - optimizer step 67.566 ms
[INFO   ] DREAMPlace - iteration  817, ( 214,  0,  0), Obj 3.320751E+08, DensityWeight 5.689237E-03, wHPWL 3.461668E+08, Overflow 1.891583E-01, MaxDensity 3.998E+00, gamma 1.737265E+01, time 11.670ms
[INFO   ] DREAMPlace - full step 86.345 ms
[INFO   ] DREAMPlace - optimizer step 77.550 ms
[INFO   ] DREAMPlace - iteration  818, ( 215,  0,  0), Obj 3.322984E+08, DensityWeight 5.962438E-03, wHPWL 3.461822E+08, Overflow 1.861355E-01, MaxDensity 3.986E+00, gamma 1.710061E+01, time 38.056ms
[INFO   ] DREAMPlace - full step 122.813 ms
[INFO   ] DREAMPlace - optimizer step 51.678 ms
[INFO   ] DREAMPlace - iteration  819, ( 216,  0,  0), Obj 3.325164E+08, DensityWeight 6.247168E-03, wHPWL 3.461942E+08, Overflow 1.831096E-01, MaxDensity 3.942E+00, gamma 1.683815E+01, time 5.684ms
[INFO   ] DREAMPlace - full step 60.333 ms
[INFO   ] DREAMPlace - optimizer step 7.468 ms
[INFO   ] DREAMPlace - iteration  820, ( 217,  0,  0), Obj 3.327302E+08, DensityWeight 6.548592E-03, wHPWL 3.462029E+08, Overflow 1.801794E-01, MaxDensity 3.943E+00, gamma 1.657945E+01, time 1.300ms
[INFO   ] DREAMPlace - full step 9.281 ms
[INFO   ] DREAMPlace - optimizer step 11.204 ms
[INFO   ] DREAMPlace - iteration  821, ( 218,  0,  0), Obj 3.329335E+08, DensityWeight 6.867622E-03, wHPWL 3.462096E+08, Overflow 1.773230E-01, MaxDensity 3.904E+00, gamma 1.633272E+01, time 1.247ms
[INFO   ] DREAMPlace - full step 17.464 ms
[INFO   ] DREAMPlace - optimizer step 10.780 ms
[INFO   ] DREAMPlace - iteration  822, ( 219,  0,  0), Obj 3.331297E+08, DensityWeight 7.204315E-03, wHPWL 3.462195E+08, Overflow 1.744967E-01, MaxDensity 3.967E+00, gamma 1.609574E+01, time 1.407ms
[INFO   ] DREAMPlace - full step 13.061 ms
[INFO   ] DREAMPlace - optimizer step 19.111 ms
[INFO   ] DREAMPlace - iteration  823, ( 220,  0,  0), Obj 3.333222E+08, DensityWeight 7.554077E-03, wHPWL 3.462305E+08, Overflow 1.716829E-01, MaxDensity 3.899E+00, gamma 1.586465E+01, time 1.438ms
[INFO   ] DREAMPlace - full step 51.417 ms
[INFO   ] DREAMPlace - optimizer step 52.510 ms
[INFO   ] DREAMPlace - iteration  824, ( 221,  0,  0), Obj 3.335123E+08, DensityWeight 7.919618E-03, wHPWL 3.462429E+08, Overflow 1.688411E-01, MaxDensity 3.734E+00, gamma 1.563787E+01, time 3.899ms
[INFO   ] DREAMPlace - full step 63.577 ms
[INFO   ] DREAMPlace - optimizer step 42.651 ms
[INFO   ] DREAMPlace - iteration  825, ( 222,  0,  0), Obj 3.337011E+08, DensityWeight 8.301256E-03, wHPWL 3.462551E+08, Overflow 1.660836E-01, MaxDensity 3.999E+00, gamma 1.541212E+01, time 5.679ms
[INFO   ] DREAMPlace - full step 53.932 ms
[INFO   ] DREAMPlace - optimizer step 47.517 ms
[INFO   ] DREAMPlace - iteration  826, ( 223,  0,  0), Obj 3.338838E+08, DensityWeight 8.701517E-03, wHPWL 3.462656E+08, Overflow 1.633217E-01, MaxDensity 3.645E+00, gamma 1.519618E+01, time 3.730ms
[INFO   ] DREAMPlace - full step 87.551 ms
[INFO   ] DREAMPlace - optimizer step 43.106 ms
[INFO   ] DREAMPlace - iteration  827, ( 224,  0,  0), Obj 3.340644E+08, DensityWeight 9.123234E-03, wHPWL 3.462779E+08, Overflow 1.605511E-01, MaxDensity 3.875E+00, gamma 1.498294E+01, time 32.637ms
[INFO   ] DREAMPlace - full step 81.315 ms
[INFO   ] DREAMPlace - optimizer step 70.098 ms
[INFO   ] DREAMPlace - iteration  828, ( 225,  0,  0), Obj 3.342437E+08, DensityWeight 9.563044E-03, wHPWL 3.462907E+08, Overflow 1.578097E-01, MaxDensity 3.418E+00, gamma 1.477203E+01, time 9.200ms
[INFO   ] DREAMPlace - full step 86.414 ms
[INFO   ] DREAMPlace - optimizer step 115.170 ms
[INFO   ] DREAMPlace - iteration  829, ( 226,  0,  0), Obj 3.344198E+08, DensityWeight 1.002325E-02, wHPWL 3.463020E+08, Overflow 1.550296E-01, MaxDensity 3.492E+00, gamma 1.456626E+01, time 7.113ms
[INFO   ] DREAMPlace - full step 147.692 ms
[INFO   ] DREAMPlace - optimizer step 11.450 ms
[INFO   ] DREAMPlace - iteration  830, ( 227,  0,  0), Obj 3.345952E+08, DensityWeight 1.050785E-02, wHPWL 3.463119E+08, Overflow 1.524061E-01, MaxDensity 3.844E+00, gamma 1.436052E+01, time 4.576ms
[INFO   ] DREAMPlace - full step 19.000 ms
[INFO   ] DREAMPlace - optimizer step 69.484 ms
[INFO   ] DREAMPlace - iteration  831, ( 228,  0,  0), Obj 3.347609E+08, DensityWeight 1.101805E-02, wHPWL 3.463208E+08, Overflow 1.498985E-01, MaxDensity 4.249E+00, gamma 1.416903E+01, time 1.424ms
[INFO   ] DREAMPlace - full step 74.081 ms
[INFO   ] DREAMPlace - optimizer step 78.409 ms
[INFO   ] DREAMPlace - iteration  832, ( 229,  0,  0), Obj 3.349193E+08, DensityWeight 1.155451E-02, wHPWL 3.463337E+08, Overflow 1.473403E-01, MaxDensity 3.861E+00, gamma 1.398839E+01, time 5.754ms
[INFO   ] DREAMPlace - full step 91.347 ms
[INFO   ] DREAMPlace - optimizer step 87.594 ms
[INFO   ] DREAMPlace - iteration  833, ( 230,  0,  0), Obj 3.350789E+08, DensityWeight 1.211050E-02, wHPWL 3.463470E+08, Overflow 1.447503E-01, MaxDensity 3.296E+00, gamma 1.380647E+01, time 5.748ms
[INFO   ] DREAMPlace - full step 100.454 ms
[INFO   ] DREAMPlace - optimizer step 73.467 ms
[INFO   ] DREAMPlace - iteration  834, ( 231,  0,  0), Obj 3.352378E+08, DensityWeight 1.269244E-02, wHPWL 3.463589E+08, Overflow 1.423149E-01, MaxDensity 3.285E+00, gamma 1.362471E+01, time 5.697ms
[INFO   ] DREAMPlace - full step 86.363 ms
[INFO   ] DREAMPlace - optimizer step 68.404 ms
[INFO   ] DREAMPlace - iteration  835, ( 232,  0,  0), Obj 3.353873E+08, DensityWeight 1.330497E-02, wHPWL 3.463699E+08, Overflow 1.398414E-01, MaxDensity 3.251E+00, gamma 1.345597E+01, time 4.654ms
[INFO   ] DREAMPlace - full step 78.650 ms
[INFO   ] DREAMPlace - optimizer step 65.624 ms
[INFO   ] DREAMPlace - iteration  836, ( 233,  0,  0), Obj 3.355369E+08, DensityWeight 1.394892E-02, wHPWL 3.463833E+08, Overflow 1.373851E-01, MaxDensity 3.299E+00, gamma 1.328675E+01, time 15.479ms
[INFO   ] DREAMPlace - full step 86.216 ms
[INFO   ] DREAMPlace - optimizer step 82.423 ms
[INFO   ] DREAMPlace - iteration  837, ( 234,  0,  0), Obj 3.356847E+08, DensityWeight 1.461895E-02, wHPWL 3.463965E+08, Overflow 1.349143E-01, MaxDensity 3.206E+00, gamma 1.312080E+01, time 5.750ms
[INFO   ] DREAMPlace - full step 95.346 ms
[INFO   ] DREAMPlace - optimizer step 73.074 ms
[INFO   ] DREAMPlace - iteration  838, ( 235,  0,  0), Obj 3.358312E+08, DensityWeight 1.532171E-02, wHPWL 3.464096E+08, Overflow 1.325156E-01, MaxDensity 3.019E+00, gamma 1.295596E+01, time 1.822ms
[INFO   ] DREAMPlace - full step 82.122 ms
[INFO   ] DREAMPlace - optimizer step 75.308 ms
[INFO   ] DREAMPlace - iteration  839, ( 236,  0,  0), Obj 3.359728E+08, DensityWeight 1.605840E-02, wHPWL 3.464214E+08, Overflow 1.302328E-01, MaxDensity 2.956E+00, gamma 1.279791E+01, time 5.752ms
[INFO   ] DREAMPlace - full step 86.116 ms
[INFO   ] DREAMPlace - optimizer step 75.152 ms
[INFO   ] DREAMPlace - iteration  840, ( 237,  0,  0), Obj 3.361077E+08, DensityWeight 1.683366E-02, wHPWL 3.464340E+08, Overflow 1.278946E-01, MaxDensity 2.956E+00, gamma 1.264929E+01, time 5.792ms
[INFO   ] DREAMPlace - full step 86.785 ms
[INFO   ] DREAMPlace - optimizer step 44.147 ms
[INFO   ] DREAMPlace - iteration  841, ( 238,  0,  0), Obj 3.362434E+08, DensityWeight 1.764431E-02, wHPWL 3.464463E+08, Overflow 1.255677E-01, MaxDensity 2.961E+00, gamma 1.249886E+01, time 5.781ms
[INFO   ] DREAMPlace - full step 57.209 ms
[INFO   ] DREAMPlace - optimizer step 45.192 ms
[INFO   ] DREAMPlace - iteration  842, ( 239,  0,  0), Obj 3.363766E+08, DensityWeight 1.849481E-02, wHPWL 3.464580E+08, Overflow 1.232964E-01, MaxDensity 2.972E+00, gamma 1.235092E+01, time 5.876ms
[INFO   ] DREAMPlace - full step 58.317 ms
[INFO   ] DREAMPlace - optimizer step 84.301 ms
[INFO   ] DREAMPlace - iteration  843, ( 240,  0,  0), Obj 3.365059E+08, DensityWeight 1.938796E-02, wHPWL 3.464697E+08, Overflow 1.210790E-01, MaxDensity 2.964E+00, gamma 1.220821E+01, time 5.662ms
[INFO   ] DREAMPlace - full step 97.293 ms
[INFO   ] DREAMPlace - optimizer step 50.365 ms
[INFO   ] DREAMPlace - iteration  844, ( 241,  0,  0), Obj 3.366317E+08, DensityWeight 2.032406E-02, wHPWL 3.464813E+08, Overflow 1.188977E-01, MaxDensity 2.942E+00, gamma 1.207048E+01, time 37.241ms
[INFO   ] DREAMPlace - full step 94.873 ms
[INFO   ] DREAMPlace - optimizer step 63.002 ms
[INFO   ] DREAMPlace - iteration  845, ( 242,  0,  0), Obj 3.367547E+08, DensityWeight 2.130564E-02, wHPWL 3.464930E+08, Overflow 1.168213E-01, MaxDensity 2.930E+00, gamma 1.193650E+01, time 3.900ms
[INFO   ] DREAMPlace - full step 74.134 ms
[INFO   ] DREAMPlace - optimizer step 74.768 ms
[INFO   ] DREAMPlace - iteration  846, ( 243,  0,  0), Obj 3.368726E+08, DensityWeight 2.233453E-02, wHPWL 3.465056E+08, Overflow 1.147274E-01, MaxDensity 2.907E+00, gamma 1.181035E+01, time 3.435ms
[INFO   ] DREAMPlace - full step 85.338 ms
[INFO   ] DREAMPlace - optimizer step 72.802 ms
[INFO   ] DREAMPlace - iteration  847, ( 244,  0,  0), Obj 3.369909E+08, DensityWeight 2.341017E-02, wHPWL 3.465193E+08, Overflow 1.126334E-01, MaxDensity 2.924E+00, gamma 1.168449E+01, time 5.649ms
[INFO   ] DREAMPlace - full step 85.629 ms
[INFO   ] DREAMPlace - optimizer step 76.928 ms
[INFO   ] DREAMPlace - iteration  848, ( 245,  0,  0), Obj 3.371086E+08, DensityWeight 2.453391E-02, wHPWL 3.465340E+08, Overflow 1.106398E-01, MaxDensity 3.042E+00, gamma 1.155996E+01, time 5.727ms
[INFO   ] DREAMPlace - full step 89.882 ms
[INFO   ] DREAMPlace - optimizer step 71.239 ms
[INFO   ] DREAMPlace - iteration  849, ( 246,  0,  0), Obj 3.372214E+08, DensityWeight 2.570780E-02, wHPWL 3.465481E+08, Overflow 1.087002E-01, MaxDensity 2.827E+00, gamma 1.144264E+01, time 5.715ms
[INFO   ] DREAMPlace - full step 84.197 ms
[INFO   ] DREAMPlace - optimizer step 76.902 ms
[INFO   ] DREAMPlace - iteration  850, ( 247,  0,  0), Obj 3.373309E+08, DensityWeight 2.694026E-02, wHPWL 3.465612E+08, Overflow 1.067435E-01, MaxDensity 2.604E+00, gamma 1.132963E+01, time 17.433ms
[INFO   ] DREAMPlace - full step 101.544 ms
[INFO   ] DREAMPlace - optimizer step 70.980 ms
[INFO   ] DREAMPlace - iteration  851, ( 248,  0,  0), Obj 3.374394E+08, DensityWeight 2.823570E-02, wHPWL 3.465746E+08, Overflow 1.048055E-01, MaxDensity 2.926E+00, gamma 1.121677E+01, time 5.710ms
[INFO   ] DREAMPlace - full step 84.000 ms
[INFO   ] DREAMPlace - optimizer step 69.032 ms
[INFO   ] DREAMPlace - iteration  852, ( 249,  0,  0), Obj 3.375463E+08, DensityWeight 2.959213E-02, wHPWL 3.465889E+08, Overflow 1.028899E-01, MaxDensity 2.519E+00, gamma 1.110608E+01, time 10.220ms
[INFO   ] DREAMPlace - full step 86.421 ms
[INFO   ] DREAMPlace - optimizer step 43.293 ms
[INFO   ] DREAMPlace - iteration  853, ( 250,  0,  0), Obj 3.376517E+08, DensityWeight 3.100984E-02, wHPWL 3.466054E+08, Overflow 1.009314E-01, MaxDensity 2.588E+00, gamma 1.099776E+01, time 41.413ms
[INFO   ] DREAMPlace - full step 91.944 ms
[INFO   ] DREAMPlace - optimizer step 83.632 ms
[INFO   ] DREAMPlace - iteration  854, ( 251,  0,  0), Obj 3.377585E+08, DensityWeight 3.248547E-02, wHPWL 3.466210E+08, Overflow 9.906076E-02, MaxDensity 2.540E+00, gamma 1.088809E+01, time 5.714ms
[INFO   ] DREAMPlace - full step 96.546 ms
[INFO   ] DREAMPlace - optimizer step 47.885 ms
[INFO   ] DREAMPlace - iteration  855, ( 252,  0,  0), Obj 3.378606E+08, DensityWeight 3.403572E-02, wHPWL 3.466330E+08, Overflow 9.728366E-02, MaxDensity 2.488E+00, gamma 1.078437E+01, time 33.377ms
[INFO   ] DREAMPlace - full step 88.460 ms
[INFO   ] DREAMPlace - optimizer step 58.563 ms
[INFO   ] DREAMPlace - iteration  856, ( 253,  0,  0), Obj 3.379564E+08, DensityWeight 3.567746E-02, wHPWL 3.466433E+08, Overflow 9.554671E-02, MaxDensity 2.606E+00, gamma 1.068676E+01, time 3.773ms
[INFO   ] DREAMPlace - full step 69.522 ms
[INFO   ] DREAMPlace - optimizer step 90.413 ms
[INFO   ] DREAMPlace - iteration  857, ( 254,  0,  0), Obj 3.380488E+08, DensityWeight 3.740789E-02, wHPWL 3.466553E+08, Overflow 9.385238E-02, MaxDensity 2.428E+00, gamma 1.059220E+01, time 12.552ms
[INFO   ] DREAMPlace - full step 107.175 ms
[INFO   ] DREAMPlace - optimizer step 50.669 ms
[INFO   ] DREAMPlace - iteration  858, ( 255,  0,  0), Obj 3.381399E+08, DensityWeight 3.921264E-02, wHPWL 3.466694E+08, Overflow 9.213890E-02, MaxDensity 2.580E+00, gamma 1.050076E+01, time 5.719ms
[INFO   ] DREAMPlace - full step 61.368 ms
[INFO   ] DREAMPlace - optimizer step 45.281 ms
[INFO   ] DREAMPlace - iteration  859, ( 256,  0,  0), Obj 3.382317E+08, DensityWeight 4.109198E-02, wHPWL 3.466860E+08, Overflow 9.042417E-02, MaxDensity 2.588E+00, gamma 1.040909E+01, time 5.694ms
[INFO   ] DREAMPlace - full step 53.344 ms
[INFO   ] DREAMPlace - optimizer step 44.795 ms
[INFO   ] DREAMPlace - iteration  860, ( 257,  0,  0), Obj 3.383237E+08, DensityWeight 4.304738E-02, wHPWL 3.467007E+08, Overflow 8.877636E-02, MaxDensity 2.328E+00, gamma 1.031816E+01, time 32.270ms
[INFO   ] DREAMPlace - full step 84.343 ms
[INFO   ] DREAMPlace - optimizer step 65.842 ms
[INFO   ] DREAMPlace - iteration  861, ( 258,  0,  0), Obj 3.384117E+08, DensityWeight 4.510669E-02, wHPWL 3.467144E+08, Overflow 8.713306E-02, MaxDensity 2.352E+00, gamma 1.023153E+01, time 5.668ms
[INFO   ] DREAMPlace - full step 78.950 ms
[INFO   ] DREAMPlace - optimizer step 74.858 ms
[INFO   ] DREAMPlace - iteration  862, ( 259,  0,  0), Obj 3.384985E+08, DensityWeight 4.727168E-02, wHPWL 3.467280E+08, Overflow 8.552944E-02, MaxDensity 2.292E+00, gamma 1.014586E+01, time 5.782ms
[INFO   ] DREAMPlace - full step 88.100 ms
[INFO   ] DREAMPlace - optimizer step 70.060 ms
[INFO   ] DREAMPlace - iteration  863, ( 260,  0,  0), Obj 3.385833E+08, DensityWeight 4.954125E-02, wHPWL 3.467423E+08, Overflow 8.392516E-02, MaxDensity 2.333E+00, gamma 1.006295E+01, time 5.719ms
[INFO   ] DREAMPlace - full step 80.801 ms
[INFO   ] DREAMPlace - optimizer step 66.725 ms
[INFO   ] DREAMPlace - iteration  864, ( 261,  0,  0), Obj 3.386681E+08, DensityWeight 5.191470E-02, wHPWL 3.467570E+08, Overflow 8.236369E-02, MaxDensity 2.341E+00, gamma 9.980683E+00, time 4.379ms
[INFO   ] DREAMPlace - full step 78.290 ms
[INFO   ] DREAMPlace - optimizer step 71.408 ms
[INFO   ] DREAMPlace - iteration  865, ( 262,  0,  0), Obj 3.387515E+08, DensityWeight 5.439942E-02, wHPWL 3.467722E+08, Overflow 8.083123E-02, MaxDensity 2.364E+00, gamma 9.901256E+00, time 14.385ms
[INFO   ] DREAMPlace - full step 92.990 ms
[INFO   ] DREAMPlace - optimizer step 45.649 ms
[INFO   ] DREAMPlace - iteration  866, ( 263,  0,  0), Obj 3.388331E+08, DensityWeight 5.699848E-02, wHPWL 3.467872E+08, Overflow 7.931099E-02, MaxDensity 2.246E+00, gamma 9.823920E+00, time 5.680ms
[INFO   ] DREAMPlace - full step 54.889 ms
[INFO   ] DREAMPlace - optimizer step 43.799 ms
[INFO   ] DREAMPlace - iteration  867, ( 264,  0,  0), Obj 3.389133E+08, DensityWeight 5.972306E-02, wHPWL 3.468019E+08, Overflow 7.784294E-02, MaxDensity 2.187E+00, gamma 9.747800E+00, time 11.942ms
[INFO   ] DREAMPlace - full step 61.782 ms
[INFO   ] DREAMPlace - optimizer step 70.676 ms
[INFO   ] DREAMPlace - iteration  868, ( 265,  0,  0), Obj 3.389915E+08, DensityWeight 6.258066E-02, wHPWL 3.468167E+08, Overflow 7.641124E-02, MaxDensity 2.170E+00, gamma 9.674850E+00, time 6.508ms
[INFO   ] DREAMPlace - full step 79.984 ms
[INFO   ] DREAMPlace - optimizer step 63.682 ms
[INFO   ] DREAMPlace - iteration  869, ( 266,  0,  0), Obj 3.390683E+08, DensityWeight 6.557441E-02, wHPWL 3.468324E+08, Overflow 7.502721E-02, MaxDensity 2.170E+00, gamma 9.604234E+00, time 5.826ms
[INFO   ] DREAMPlace - full step 76.726 ms
[INFO   ] DREAMPlace - optimizer step 68.048 ms
[INFO   ] DREAMPlace - iteration  870, ( 267,  0,  0), Obj 3.391433E+08, DensityWeight 6.870248E-02, wHPWL 3.468481E+08, Overflow 7.367637E-02, MaxDensity 2.309E+00, gamma 9.536455E+00, time 5.735ms
[INFO   ] DREAMPlace - full step 78.885 ms
[INFO   ] DREAMPlace - optimizer step 83.991 ms
[INFO   ] DREAMPlace - iteration  871, ( 268,  0,  0), Obj 3.392163E+08, DensityWeight 7.197978E-02, wHPWL 3.468641E+08, Overflow 7.230312E-02, MaxDensity 2.267E+00, gamma 9.470767E+00, time 3.488ms
[INFO   ] DREAMPlace - full step 93.231 ms
[INFO   ] DREAMPlace - optimizer step 58.840 ms
[INFO   ] DREAMPlace - iteration  872, ( 269,  0,  0), Obj 3.392899E+08, DensityWeight 7.541038E-02, wHPWL 3.468805E+08, Overflow 7.095723E-02, MaxDensity 2.254E+00, gamma 9.404453E+00, time 6.020ms
[INFO   ] DREAMPlace - full step 70.743 ms
[INFO   ] DREAMPlace - optimizer step 26.514 ms
[INFO   ] DREAMPlace - iteration  873, ( 270,  0,  0), Obj 3.393627E+08, DensityWeight 7.900061E-02, wHPWL 3.468965E+08, Overflow 6.969641E-02, MaxDensity 2.113E+00, gamma 9.339907E+00, time 5.905ms
[INFO   ] DREAMPlace - full step 38.814 ms
[INFO   ] DREAMPlace - optimizer nesterov takes 22.922 seconds
[INFO   ] DREAMPlace - Start legalization
[WARNING] DEF input file not specified, cannot output DEF file; set to DEFSIMPLE
[INFO   ] lef_input = 
[INFO   ] def_input = 
[INFO   ] verilog_input = 
[INFO   ] bookshelf_aux_input = benchmarks/ispd2005/bigblue3/bigblue3.aux
[INFO   ] bookshelf_pl_input = 
[INFO   ] def_size_input = 
[INFO   ] def_output = -out.def
[INFO   ] rpt_output = 
[INFO   ] target_util = 0
[INFO   ] max_displace = 0
[INFO   ] bin size = (10, 10) #rows
[INFO   ] sbin size = (5, 5) #rows
[INFO   ] bin_space_threshold = 0.2
[INFO   ] abu = 2,10 5,5 10,2 20,1 
[INFO   ] def_ignore_cells = 
[INFO   ] macro_obs_aware_layers = 
[INFO   ] enable_place = true
[INFO   ] enable_legalize = true
[INFO   ] evaluate_overlap = false
[INFO   ] move_multi_row_cell = true
[INFO   ] align_power_line = true
[INFO   ] cluster_cell = false
[INFO   ] sort_nets_by_degree = false
[INFO   ] file_format = BOOKSHELF
[INFO   ] max_iters = 6
[WARNING] no DEF file specified
[WARNING] no Verilog file specified
[INFO   ] reading benchmarks/ispd2005/bigblue3/bigblue3.aux
[WARNING] no additional Bookshelf .pl file specified
[WARNING] 11103 nets with 20306 pins from same nodes
[WARNING] 2340 nets should be ignored due to not enough pins
[INFO   ] sort nodes in the order of movable and fixed
[INFO   ] Group cells for fence regions
[INFO   ] Construct 0 groups
[INFO   ] Fence region groups done
[DEBUG  ] num_terminals 1297, numFixed 1297, numPlaceBlockages 0, num_terminal_NIs 0
[INFO   ] -- Converting Node Orientation --
[INFO   ] ---------------------------------
[INFO   ] -------- Area Statistics --------
[INFO   ] fixed area overlap = 5.16234e+08
[INFO   ] fixed area total = 5.16234e+08
[INFO   ] space area = 2.53327e+08
[INFO   ] ---------------------------------
[DEBUG  ] deterministic mode: integer 32 bits, fraction 32 bits, scale factor 4294967296
[DEBUG  ] deterministic mode: integer 32 bits, fraction 32 bits, scale factor 4294967296
[INFO   ] Macro legalization: regard 0 cells as dummy fixed (movable macros)
[INFO   ] Macro legalization takes 4.72824 ms
[DEBUG  ] deterministic mode: integer 32 bits, fraction 32 bits, scale factor 4294967296
[DEBUG  ] deterministic mode: integer 32 bits, fraction 32 bits, scale factor 4294967296
[INFO   ] Macro legalization: regard 0 cells as dummy fixed (movable macros)
[INFO   ] Macro legalization takes 6.07941 ms
[DEBUG  ] Standard cell legalization blank_num_bins_y = 2316
[DEBUG  ] Standard cell legalization iteration 0 with 1x1 bins
[DEBUG  ] Standard cell legalization #bin_blanks
[DEBUG  ] #bin_objs = 27007
[INFO   ] Standard cell legalization legalizeBin takes 1484.080 ms
[DEBUG  ] Standard cell legalization num_unplaced_cells = 0
[DEBUG  ] Standard cell legalization blank_num_bins_y = 2316
[DEBUG  ] Standard cell legalization iteration 0 with 1x1 bins
[DEBUG  ] Standard cell legalization #bin_blanks
[DEBUG  ] #bin_objs = 27007
[INFO   ] Standard cell legalization legalizeBin takes 2355.056 ms
[DEBUG  ] Standard cell legalization num_unplaced_cells = 0
[INFO   ] Greedy legalization takes 5470.65 ms
[INFO   ] Legality check takes 141.607 ms
[DEBUG  ] average displace = 38.9495
[INFO   ] Abacus legalization takes 340.116 ms
[INFO   ] DREAMPlace - legalization takes 6.187 seconds
[INFO   ] DREAMPlace - iteration  874, wHPWL 3.774415E+08, time 0.751ms
[INFO   ] DREAMPlace - Start ABCDPlace for refinement
[INFO   ] Legality check takes 148.869 ms
[INFO   ] DREAMPlace - ABCDPlace input legal flag = 1
[INFO   ] Legality check takes 158.221 ms
[DEBUG  ] 4-reorder
[DEBUG  ] 24 permutations
[DEBUG  ] initializing CPU DB takes 152.997 ms
[DEBUG  ] computing independent rows takes 293.588 ms
[DEBUG  ] computing reorder instances takes 43.1505 ms
[DEBUG  ] initializing CUDA state takes 11.8426 ms
[INFO   ] initial hpwl = 377441568.000
[DEBUG  ] enumeration takes 1163.16 ms for 332 runs, average 3.50349 ms
[DEBUG  ] apply_reorder takes 772.079 ms for 332 runs, average 2.32554 ms
[INFO   ] Iteration time(ms) 	 1935.31
[INFO   ] iteration 0: hpwl 377441568.000 => 374912832.000 (imp. 0.669968%)
[DEBUG  ] enumeration takes 1523.18 ms for 332 runs, average 4.58789 ms
[DEBUG  ] apply_reorder takes 1014.47 ms for 332 runs, average 3.05565 ms
[INFO   ] Iteration time(ms) 	 2537.73
[INFO   ] iteration 1: hpwl 377441568.000 => 374196672.000 (imp. 0.859708%)
[DEBUG  ] destroying CUDA state takes 1.44861 ms
[DEBUG  ] destroying CPU state takes 0.01376 ms
[INFO   ] Kernel time: 4482.75 ms
[INFO   ] K-reorder time: 4986.31 ms
[INFO   ] DREAMPlace - K-Reorder legal flag = 1
[INFO   ] Legality check takes 148.899 ms
[INFO   ] diamond search grid size 256, sequence length 32768
[INFO   ] initializing GPU memory takes 65.5772 ms
[INFO   ] initial hpwl 3.74197e+08
[DEBUG  ] allocate 8908287 bytes in shuffler for length 1095515*(4+4)
[DEBUG  ] from 263776 nodes, collect 2048 sets, avg 107 nodes, min/max 6/128 nodes
[INFO   ] iteration 0, target hpwl 3.73589e+08, delta -607392(-0.162319%), 2048 independent sets, moved 2.79804% cells, runtime 249.985 ms
[DEBUG  ] from 263622 nodes, collect 2048 sets, avg 107 nodes, min/max 3/128 nodes
[DEBUG  ] from 263434 nodes, collect 2048 sets, avg 106 nodes, min/max 10/128 nodes
[DEBUG  ] from 263346 nodes, collect 2048 sets, avg 107 nodes, min/max 9/128 nodes
[DEBUG  ] from 263177 nodes, collect 2048 sets, avg 107 nodes, min/max 11/128 nodes
[DEBUG  ] from 263379 nodes, collect 2048 sets, avg 108 nodes, min/max 12/128 nodes
[INFO   ] iteration 5, target hpwl 3.7204e+08, delta -2.15709e+06(-0.576458%), 2048 independent sets, moved 13.6157% cells, runtime 171.542 ms
[DEBUG  ] from 263086 nodes, collect 2048 sets, avg 106 nodes, min/max 14/128 nodes
[DEBUG  ] from 263108 nodes, collect 2048 sets, avg 108 nodes, min/max 11/128 nodes
[DEBUG  ] from 263198 nodes, collect 2048 sets, avg 108 nodes, min/max 5/128 nodes
[DEBUG  ] from 263230 nodes, collect 2048 sets, avg 107 nodes, min/max 1/128 nodes
[DEBUG  ] from 263210 nodes, collect 2048 sets, avg 107 nodes, min/max 14/128 nodes
[INFO   ] iteration 10, target hpwl 3.71222e+08, delta -2.97443e+06(-0.794885%), 2048 independent sets, moved 22.8545% cells, runtime 253.345 ms
[DEBUG  ] from 263278 nodes, collect 2048 sets, avg 107 nodes, min/max 16/128 nodes
[DEBUG  ] from 263337 nodes, collect 2048 sets, avg 107 nodes, min/max 9/128 nodes
[DEBUG  ] from 263217 nodes, collect 2048 sets, avg 107 nodes, min/max 0/128 nodes
[DEBUG  ] from 263304 nodes, collect 2048 sets, avg 107 nodes, min/max 11/128 nodes
[DEBUG  ] from 263146 nodes, collect 2048 sets, avg 108 nodes, min/max 8/128 nodes
[INFO   ] iteration 15, target hpwl 3.70697e+08, delta -3.49994e+06(-0.93532%), 2048 independent sets, moved 31.2345% cells, runtime 171.649 ms
[DEBUG  ] from 263108 nodes, collect 2048 sets, avg 107 nodes, min/max 6/128 nodes
[DEBUG  ] from 263327 nodes, collect 2048 sets, avg 107 nodes, min/max 12/128 nodes
[DEBUG  ] from 262844 nodes, collect 2048 sets, avg 107 nodes, min/max 12/128 nodes
[DEBUG  ] from 263236 nodes, collect 2048 sets, avg 108 nodes, min/max 10/128 nodes
[DEBUG  ] from 263447 nodes, collect 2048 sets, avg 107 nodes, min/max 10/128 nodes
[INFO   ] iteration 20, target hpwl 3.70275e+08, delta -3.92138e+06(-1.04795%), 2048 independent sets, moved 39.2906% cells, runtime 103.266 ms
[DEBUG  ] from 263230 nodes, collect 2048 sets, avg 107 nodes, min/max 9/128 nodes
[DEBUG  ] from 263129 nodes, collect 2048 sets, avg 107 nodes, min/max 13/128 nodes
[DEBUG  ] from 263559 nodes, collect 2048 sets, avg 107 nodes, min/max 12/128 nodes
[DEBUG  ] from 263267 nodes, collect 2048 sets, avg 107 nodes, min/max 6/128 nodes
[DEBUG  ] from 263102 nodes, collect 2048 sets, avg 107 nodes, min/max 9/128 nodes
[INFO   ] iteration 25, target hpwl 3.69958e+08, delta -4.23853e+06(-1.1327%), 2048 independent sets, moved 47.085% cells, runtime 71.3032 ms
[DEBUG  ] from 263102 nodes, collect 2048 sets, avg 107 nodes, min/max 4/128 nodes
[DEBUG  ] from 263128 nodes, collect 2048 sets, avg 107 nodes, min/max 10/128 nodes
[DEBUG  ] from 263266 nodes, collect 2048 sets, avg 107 nodes, min/max 14/128 nodes
[DEBUG  ] from 263181 nodes, collect 2048 sets, avg 105 nodes, min/max 11/128 nodes
[DEBUG  ] from 263543 nodes, collect 2048 sets, avg 108 nodes, min/max 11/128 nodes
[INFO   ] iteration 30, target hpwl 3.6972e+08, delta -4.47699e+06(-1.19643%), 2048 independent sets, moved 54.6072% cells, runtime 101.315 ms
[DEBUG  ] from 263268 nodes, collect 2048 sets, avg 107 nodes, min/max 4/128 nodes
[DEBUG  ] from 263319 nodes, collect 2048 sets, avg 107 nodes, min/max 7/128 nodes
[DEBUG  ] from 263337 nodes, collect 2048 sets, avg 108 nodes, min/max 10/128 nodes
[DEBUG  ] from 263231 nodes, collect 2048 sets, avg 107 nodes, min/max 12/128 nodes
[DEBUG  ] from 262978 nodes, collect 2048 sets, avg 107 nodes, min/max 13/128 nodes
[INFO   ] iteration 35, target hpwl 3.69499e+08, delta -4.69747e+06(-1.25535%), 2048 independent sets, moved 61.9024% cells, runtime 102.2 ms
[DEBUG  ] from 263136 nodes, collect 2048 sets, avg 107 nodes, min/max 0/128 nodes
[DEBUG  ] from 262969 nodes, collect 2048 sets, avg 107 nodes, min/max 16/128 nodes
[DEBUG  ] from 263291 nodes, collect 2048 sets, avg 108 nodes, min/max 9/128 nodes
[DEBUG  ] from 263228 nodes, collect 2048 sets, avg 107 nodes, min/max 6/128 nodes
[DEBUG  ] from 263236 nodes, collect 2048 sets, avg 107 nodes, min/max 7/128 nodes
[INFO   ] iteration 40, target hpwl 3.6931e+08, delta -4.88704e+06(-1.30601%), 2048 independent sets, moved 68.9432% cells, runtime 100.234 ms
[DEBUG  ] from 263467 nodes, collect 2048 sets, avg 107 nodes, min/max 2/128 nodes
[DEBUG  ] from 263333 nodes, collect 2048 sets, avg 107 nodes, min/max 4/128 nodes
[DEBUG  ] from 263442 nodes, collect 2048 sets, avg 107 nodes, min/max 2/128 nodes
[DEBUG  ] from 262973 nodes, collect 2048 sets, avg 106 nodes, min/max 5/128 nodes
[DEBUG  ] from 263328 nodes, collect 2048 sets, avg 107 nodes, min/max 2/128 nodes
[INFO   ] iteration 45, target hpwl 3.69126e+08, delta -5.07085e+06(-1.35513%), 2048 independent sets, moved 76.005% cells, runtime 99.0025 ms
[DEBUG  ] from 263300 nodes, collect 2048 sets, avg 107 nodes, min/max 9/128 nodes
[DEBUG  ] from 263659 nodes, collect 2048 sets, avg 107 nodes, min/max 13/128 nodes
[DEBUG  ] from 263528 nodes, collect 2048 sets, avg 108 nodes, min/max 4/128 nodes
[DEBUG  ] from 263280 nodes, collect 2048 sets, avg 107 nodes, min/max 7/128 nodes
[INFO   ] iteration 49, target hpwl 3.69016e+08, delta -5.18064e+06(-1.38447%), 2048 independent sets, moved 81.6504% cells, runtime 104.162 ms
[DEBUG  ] random_shuffle takes 59.2324 ms, 50 runs, average 1.18465 ms
[DEBUG  ] maximal_independent_set takes 525.09 ms, 50 runs, average 10.5018 ms
[DEBUG  ] collect_independent_sets takes 276.338 ms, 50 runs, average 5.52675 ms
[DEBUG  ] cost_matrix_construction takes 176.075 ms, 50 runs, average 3.5215 ms
[DEBUG  ] independent_sets_solving takes 6196.32 ms, 50 runs, average 123.926 ms
[DEBUG  ] apply_solution takes 65.0782 ms, 50 runs, average 1.30156 ms
[INFO   ] destroying GPU memory takes 2.14082 ms
[INFO   ] Kernel time 7414.93 ms
[INFO   ] Independent set matching time 7660.57 ms
[INFO   ] DREAMPlace - Independent set matching legal flag = 1
[INFO   ] Legality check takes 131.763 ms
[DEBUG  ] bins 1024x1024, bin sizes 27.041x27.1406, die size 0, 0, 27690, 27792
[DEBUG  ] batch_size = 256, max_num_nodes_per_bin = 21, max_num_candidates = 105, max_num_candidates_all = 26880
[DEBUG  ] estimate_memory_usage = 1884816960, use fast pair HPWL computation strategy requires additional memory
[INFO   ] initial hpwl = 369016032.000
[DEBUG  ] compute_search_bins takes 0.600507 ms
[INFO   ] Iteration time(ms) 	 551.994
[INFO   ] iteration 0: hpwl 369016032.000 => 368719392.000 (imp. 0.0803868%)
[DEBUG  ] compute_search_bins takes 0.018327 ms
[INFO   ] Iteration time(ms) 	 706.035
[INFO   ] iteration 1: hpwl 369016032.000 => 368053856.000 (imp. 0.260741%)
[INFO   ] Kernel time: 1261.3 ms
[INFO   ] Global swap time: 1940.93 ms
[INFO   ] DREAMPlace - Global swap legal flag = 1
[INFO   ] Legality check takes 168.131 ms
[DEBUG  ] 4-reorder
[DEBUG  ] 24 permutations
[DEBUG  ] initializing CPU DB takes 157.463 ms
[DEBUG  ] computing independent rows takes 289.581 ms
[DEBUG  ] computing reorder instances takes 40.4043 ms
[DEBUG  ] initializing CUDA state takes 9.17011 ms
[INFO   ] initial hpwl = 368053856.000
[DEBUG  ] enumeration takes 438.901 ms for 346 runs, average 1.2685 ms
[DEBUG  ] apply_reorder takes 6.55515 ms for 346 runs, average 0.0189455 ms
[INFO   ] Iteration time(ms) 	 445.497
[INFO   ] iteration 0: hpwl 368053856.000 => 367397184.000 (imp. 0.178417%)
[DEBUG  ] enumeration takes 442.775 ms for 346 runs, average 1.2797 ms
[DEBUG  ] apply_reorder takes 6.95391 ms for 346 runs, average 0.020098 ms
[INFO   ] Iteration time(ms) 	 449.773
[INFO   ] iteration 1: hpwl 368053856.000 => 367211712.000 (imp. 0.22881%)
[DEBUG  ] destroying CUDA state takes 17.3715 ms
[DEBUG  ] destroying CPU state takes 0.015662 ms
[INFO   ] Kernel time: 898.538 ms
[INFO   ] K-reorder time: 1413.02 ms
[INFO   ] DREAMPlace - K-Reorder legal flag = 1
[INFO   ] DREAMPlace - detailed placement takes 16.808 seconds
[INFO   ] DREAMPlace - iteration  875, wHPWL 3.672117E+08, time 0.808ms
[INFO   ] DREAMPlace - non-linear placement takes 243.27 seconds
[INFO   ] DREAMPlace - writing to capacity_results/bigblue3/bigblue3.gp.pl
[INFO   ] DREAMPlace - write SolutionFileFormat.BOOKSHELF takes 0.673 seconds
[INFO   ] DREAMPlace - placement takes 295.005 seconds
[INFO   ] Legality check takes 133.61 ms
[INFO   ] writing placement to capacity_results/bigblue3/bigblue3.gp.pl
