========================================================
                       DREAMPlace
            Yibo Lin (http://yibolin.com)
   David Z. Pan (http://users.ece.utexas.edu/~dpan)
========================================================
[INFO   ] DREAMPlace - parameters = {'aux_input': 'benchmarks/ispd2005/adaptec1/adaptec1.aux', 'lef_input': '', 'def_input': '', 'verilog_input': '', 'gpu': 1, 'num_bins_x': 512, 'num_bins_y': 512, 'global_place_stages': [{'num_bins_x': 512, 'num_bins_y': 512, 'iteration': 1000, 'learning_rate': 0.01, 'wirelength': 'weighted_average', 'optimizer': 'nesterov', 'Llambda_density_weight_iteration': 1, 'Lsub_iteration': 1}], 'target_density': 1.0, 'density_weight': 8e-05, 'random_seed': 1000, 'result_dir': 'shrink_results/s001', 'scale_factor': 1.0, 'shift_factor': [0.0, 0.0], 'ignore_net_degree': 100, 'gp_noise_ratio': 0.025, 'enable_fillers': 1, 'global_place_flag': 1, 'legalize_flag': 1, 'abacus_legalize_flag': 1, 'detailed_place_flag': 1, 'stop_overflow': 0.07, 'dtype': 'float32', 'detailed_place_engine': '', 'detailed_place_command': '', 'plot_flag': 1, 'connectivity_grid_init_flag': 1, 'conn_init_sweeps': 32, 'conn_init_damping': 0.7, 'conn_capacity_spread_flag': 0, 'conn_spread_leaf_size': 16, 'conn_spread_density_slack': 1.5, 'conn_obstacle_project_flag': 0, 'conn_shrink_scale': 0.001, 'gamma_warmup_iters': 0, 'gamma_monotone_flag': 0, 'density_weight_warmup_iters': 0, 'random_uniform_init_flag': 0, 'plot_iteration_interval': 40, 'RePlAce_ref_hpwl': 350000, 'RePlAce_LOWER_PCOF': 0.95, 'RePlAce_UPPER_PCOF': 1.05, 'gamma': 4.0, 'RePlAce_skip_energy_flag': 0, 'random_center_init_flag': 0, 'gift_init_flag': 0, 'gift_init_scale': 0.7, 'sort_nets_by_degree': 0, 'num_threads': 8, 'dump_global_place_solution_flag': 0, 'dump_legalize_solution_flag': 0, 'routability_opt_flag': 0, 'route_num_bins_x': 512, 'route_num_bins_y': 512, 'node_area_adjust_overflow': 0.15, 'max_num_area_adjust': 3, 'adjust_nctugr_area_flag': 0, 'adjust_rudy_area_flag': 1, 'adjust_pin_area_flag': 1, 'area_adjust_stop_ratio': 0.01, 'route_area_adjust_stop_ratio': 0.01, 'pin_area_adjust_stop_ratio': 0.05, 'unit_horizontal_capacity': 1.5625, 'unit_vertical_capacity': 1.45, 'unit_pin_capacity': 0.058, 'max_route_opt_adjust_rate': 2.0, 'route_opt_adjust_exponent': 2.0, 'pin_stretch_ratio': 1.414213562, 'max_pin_opt_adjust_rate': 1.5, 'deterministic_flag': 1, 'timing_opt_flag': 0, 'early_lib_input': '', 'late_lib_input': '', 'lib_input': '', 'sdc_input': '', 'wire_resistance_per_micron': 0, 'wire_capacitance_per_micron': 0, 'net_weighting_scheme': 'lilith', 'momentum_decay_factor': 0.5, 'enable_net_weighting': 1, 'max_net_weight': 'inf', 'use_bb': 'auto', 'macro_place_flag': 'auto', 'two_stage_density_scaler': 1000, 'macro_halo_x': 0, 'macro_halo_y': 0}
[INFO   ] DREAMPlace - set shift_factor = (459, 459), as original row bbox = (459, 459, 11151, 11139)
[INFO   ] DREAMPlace - set scale_factor = 1, as site_width = 1
[INFO   ] DREAMPlace - shift coordinate system by (459, 459), scale coordinate system by 1
[INFO   ] DREAMPlace - 
================================= Benchmark Statistics =================================
#nodes = 211447, #terminals = 543, # terminal_NIs = 0, #movable = 210904, #nets = 221142
die area = (0, 0, 10692, 10680) 1.14191e+08
row height = 12, site width = 1
#pins = 919701, #movable_pins = 905028
total_movable_node_area = 3.72863e+07, total_fixed_node_area = 4.91641e+07, total_space_area = 6.50265e+07
total_movable_cell_area = 3.72863e+07, total_movable_macro_area = 0
utilization = 0.573402, cell utilization = 0.573402, target_density = 1
use placeable_area = 6.50265e+07 to compute fillers
total_filler_node_area = 2.77402e+07, #fillers = 160067, filler sizes = 14.442x12
num_bins = 512x512, bin sizes = 1.74023x1.73828
========================================================================================
[INFO   ] DREAMPlace - reading benchmark takes 8.13854 seconds
[INFO   ] DREAMPlace - reading database takes 8.14 seconds
[INFO   ] DREAMPlace - connectivity grid init: 32 sweeps done
[INFO   ] DREAMPlace - connectivity grid init: shrink to sigma=0.001 of die
[INFO   ] DREAMPlace - non-linear placement initialization takes 1.42 seconds
[INFO   ] DREAMPlace - Global placement: 512x512 bins by default
[INFO   ] DREAMPlace - 512x512 bins #bins 512x512, bin sizes 1.74023x1.73828, max_num_bins = 6, padding = 0
[INFO   ] dreamplace.ops.electric_potential.electric_potential - regard 0 cells as movable macros in global placement
[WARNING] DREAMPlace - quadratic density penalty is disabled, density weight update is forced to be based on HPWL
[INFO   ] DREAMPlace - Optimizer 'nesterov' does not rebuild the model. Every training epoch calls the function 'step()'.
[INFO   ] DREAMPlace - use nesterov optimizer
[INFO   ] DREAMPlace - add 2.5% noise
[INFO   ] dreamplace.ops.electric_potential.electric_potential - fixed density map: average 187.546, max 435.602, bin area 435.602
[INFO   ] DREAMPlace - nesterov initialization takes 0.222683 seconds
[INFO   ] DREAMPlace - density_weight = 4.805145E-12
[INFO   ] DREAMPlace - plotting to shrink_results/s001/adaptec1/plot/iter0000.png takes 1.401 seconds
[INFO   ] DREAMPlace - optimizer step 56.238 ms
[INFO   ] DREAMPlace - iteration    0, (   0,  0,  0), Obj 5.898182E+07, DensityWeight 0.000000E+00, wHPWL 7.345416E+07, Overflow 7.032633E-01, MaxDensity 3.763E+04, gamma 1.669688E+03, time 11.668ms
[INFO   ] DREAMPlace - full step 1504.858 ms
[INFO   ] DREAMPlace - optimizer step 77.356 ms
[INFO   ] DREAMPlace - iteration    1, (   1,  0,  0), Obj 4.785121E+07, DensityWeight 4.805145E-12, wHPWL 7.510689E+07, Overflow 7.604361E-01, MaxDensity 3.506E+04, gamma 3.657804E+02, time 5.515ms
[INFO   ] DREAMPlace - full step 88.421 ms
[INFO   ] DREAMPlace - optimizer step 35.744 ms
[INFO   ] DREAMPlace - iteration    2, (   2,  0,  0), Obj 6.329467E+07, DensityWeight 4.793132E-12, wHPWL 7.413457E+07, Overflow 7.939681E-01, MaxDensity 3.372E+04, gamma 4.900845E+02, time 5.214ms
[INFO   ] DREAMPlace - full step 48.301 ms
[INFO   ] DREAMPlace - optimizer step 24.599 ms
[INFO   ] DREAMPlace - iteration    3, (   3,  0,  0), Obj 5.882500E+07, DensityWeight 5.031279E-12, wHPWL 7.291640E+07, Overflow 8.419911E-01, MaxDensity 3.052E+04, gamma 5.818171E+02, time 11.541ms
[INFO   ] DREAMPlace - full step 39.232 ms
[INFO   ] DREAMPlace - optimizer step 21.679 ms
[INFO   ] DREAMPlace - iteration    4, (   4,  0,  0), Obj 5.577588E+07, DensityWeight 5.280730E-12, wHPWL 7.263123E+07, Overflow 8.715850E-01, MaxDensity 2.785E+04, gamma 7.438823E+02, time 11.268ms
[INFO   ] DREAMPlace - full step 38.192 ms
[INFO   ] DREAMPlace - optimizer step 20.577 ms
[INFO   ] DREAMPlace - iteration    5, (   5,  0,  0), Obj 5.212879E+07, DensityWeight 5.541995E-12, wHPWL 7.231766E+07, Overflow 8.872293E-01, MaxDensity 2.571E+04, gamma 8.655029E+02, time 5.212ms
[INFO   ] DREAMPlace - full step 31.375 ms
[INFO   ] DREAMPlace - optimizer step 20.562 ms
[INFO   ] DREAMPlace - iteration    6, (   6,  0,  0), Obj 4.897412E+07, DensityWeight 5.815604E-12, wHPWL 7.233025E+07, Overflow 9.026147E-01, MaxDensity 2.421E+04, gamma 9.376348E+02, time 5.208ms
[INFO   ] DREAMPlace - full step 33.092 ms
[INFO   ] DREAMPlace - optimizer step 22.362 ms
[INFO   ] DREAMPlace - iteration    7, (   7,  0,  0), Obj 4.637941E+07, DensityWeight 6.095674E-12, wHPWL 7.277334E+07, Overflow 9.096660E-01, MaxDensity 2.229E+04, gamma 1.014433E+03, time 3.435ms
[INFO   ] DREAMPlace - full step 32.886 ms
[INFO   ] DREAMPlace - optimizer step 42.238 ms
[INFO   ] DREAMPlace - iteration    8, (   8,  0,  0), Obj 4.386257E+07, DensityWeight 6.080435E-12, wHPWL 7.502658E+07, Overflow 9.151377E-01, MaxDensity 2.028E+04, gamma 1.051703E+03, time 9.797ms
[INFO   ] DREAMPlace - full step 59.386 ms
[INFO   ] DREAMPlace - optimizer step 22.369 ms
[INFO   ] DREAMPlace - iteration    9, (   9,  0,  0), Obj 4.180324E+07, DensityWeight 6.065233E-12, wHPWL 7.616242E+07, Overflow 9.185504E-01, MaxDensity 1.825E+04, gamma 1.081564E+03, time 3.423ms
[INFO   ] DREAMPlace - full step 33.001 ms
[INFO   ] DREAMPlace - optimizer step 20.674 ms
[INFO   ] DREAMPlace - iteration   10, (  10,  0,  0), Obj 3.985823E+07, DensityWeight 6.050070E-12, wHPWL 7.729600E+07, Overflow 9.206346E-01, MaxDensity 1.644E+04, gamma 1.100616E+03, time 5.240ms
[INFO   ] DREAMPlace - full step 33.274 ms
[INFO   ] DREAMPlace - optimizer step 22.553 ms
[INFO   ] DREAMPlace - iteration   11, (  11,  0,  0), Obj 3.812009E+07, DensityWeight 6.034945E-12, wHPWL 7.790278E+07, Overflow 9.194021E-01, MaxDensity 1.458E+04, gamma 1.112417E+03, time 3.338ms
[INFO   ] DREAMPlace - full step 31.365 ms
[INFO   ] DREAMPlace - optimizer step 18.887 ms
[INFO   ] DREAMPlace - iteration   12, (  12,  0,  0), Obj 3.658748E+07, DensityWeight 6.019857E-12, wHPWL 7.843678E+07, Overflow 9.214799E-01, MaxDensity 1.290E+04, gamma 1.105423E+03, time 5.223ms
[INFO   ] DREAMPlace - full step 31.444 ms
[INFO   ] DREAMPlace - optimizer step 21.616 ms
[INFO   ] DREAMPlace - iteration   13, (  13,  0,  0), Obj 3.548142E+07, DensityWeight 6.004807E-12, wHPWL 7.897037E+07, Overflow 9.216670E-01, MaxDensity 1.129E+04, gamma 1.117239E+03, time 5.944ms
[INFO   ] DREAMPlace - full step 33.072 ms
[INFO   ] DREAMPlace - optimizer step 20.954 ms
[INFO   ] DREAMPlace - iteration   14, (  14,  0,  0), Obj 3.421246E+07, DensityWeight 5.989795E-12, wHPWL 7.955760E+07, Overflow 9.226184E-01, MaxDensity 9.823E+03, gamma 1.118308E+03, time 5.216ms
[INFO   ] DREAMPlace - full step 33.521 ms
[INFO   ] DREAMPlace - optimizer step 22.222 ms
[INFO   ] DREAMPlace - iteration   15, (  15,  0,  0), Obj 3.312505E+07, DensityWeight 5.974820E-12, wHPWL 7.992182E+07, Overflow 9.195517E-01, MaxDensity 8.480E+03, gamma 1.123766E+03, time 5.326ms
[INFO   ] DREAMPlace - full step 33.055 ms
[INFO   ] DREAMPlace - optimizer step 18.876 ms
[INFO   ] DREAMPlace - iteration   16, (  16,  0,  0), Obj 3.204843E+07, DensityWeight 5.962984E-12, wHPWL 8.019966E+07, Overflow 9.165862E-01, MaxDensity 7.248E+03, gamma 1.106270E+03, time 5.182ms
[INFO   ] DREAMPlace - full step 31.409 ms
[INFO   ] DREAMPlace - optimizer step 22.356 ms
[INFO   ] DREAMPlace - iteration   17, (  17,  0,  0), Obj 3.143112E+07, DensityWeight 6.023269E-12, wHPWL 8.050456E+07, Overflow 9.122513E-01, MaxDensity 6.162E+03, gamma 1.089610E+03, time 5.193ms
[INFO   ] DREAMPlace - full step 34.917 ms
[INFO   ] DREAMPlace - optimizer step 21.186 ms
[INFO   ] DREAMPlace - iteration   18, (  18,  0,  0), Obj 3.093998E+07, DensityWeight 6.061260E-12, wHPWL 8.089047E+07, Overflow 9.087520E-01, MaxDensity 5.652E+03, gamma 1.065707E+03, time 6.254ms
[INFO   ] DREAMPlace - full step 34.799 ms
[INFO   ] DREAMPlace - optimizer step 20.579 ms
[INFO   ] DREAMPlace - iteration   19, (  19,  0,  0), Obj 3.061987E+07, DensityWeight 6.046106E-12, wHPWL 8.114885E+07, Overflow 9.078273E-01, MaxDensity 5.436E+03, gamma 1.046795E+03, time 5.205ms
[INFO   ] DREAMPlace - full step 33.189 ms
[INFO   ] DREAMPlace - optimizer step 20.660 ms
[INFO   ] DREAMPlace - iteration   20, (  20,  0,  0), Obj 3.024153E+07, DensityWeight 6.123825E-12, wHPWL 8.120071E+07, Overflow 9.059533E-01, MaxDensity 5.196E+03, gamma 1.041854E+03, time 5.171ms
[INFO   ] DREAMPlace - full step 33.210 ms
[INFO   ] DREAMPlace - optimizer step 18.809 ms
[INFO   ] DREAMPlace - iteration   21, (  21,  0,  0), Obj 2.965955E+07, DensityWeight 6.383695E-12, wHPWL 8.112285E+07, Overflow 9.052595E-01, MaxDensity 4.871E+03, gamma 1.031912E+03, time 5.260ms
[INFO   ] DREAMPlace - full step 31.404 ms
[INFO   ] DREAMPlace - optimizer step 24.773 ms
[INFO   ] DREAMPlace - iteration   22, (  22,  0,  0), Obj 2.920949E+07, DensityWeight 6.688149E-12, wHPWL 8.101785E+07, Overflow 9.053399E-01, MaxDensity 4.542E+03, gamma 1.028255E+03, time 3.408ms
[INFO   ] DREAMPlace - full step 35.356 ms
[INFO   ] DREAMPlace - optimizer step 18.886 ms
[INFO   ] DREAMPlace - iteration   23, (  23,  0,  0), Obj 2.875400E+07, DensityWeight 7.006422E-12, wHPWL 8.101161E+07, Overflow 9.031761E-01, MaxDensity 4.182E+03, gamma 1.028678E+03, time 5.211ms
[INFO   ] DREAMPlace - full step 31.422 ms
[INFO   ] DREAMPlace - optimizer step 22.241 ms
[INFO   ] DREAMPlace - iteration   24, (  24,  0,  0), Obj 2.828257E+07, DensityWeight 7.339108E-12, wHPWL 8.105717E+07, Overflow 8.998836E-01, MaxDensity 3.828E+03, gamma 1.017352E+03, time 3.409ms
[INFO   ] DREAMPlace - full step 32.819 ms
[INFO   ] DREAMPlace - optimizer step 10.706 ms
[INFO   ] DREAMPlace - iteration   25, (  25,  0,  0), Obj 2.802719E+07, DensityWeight 7.657275E-12, wHPWL 8.100658E+07, Overflow 8.973987E-01, MaxDensity 3.476E+03, gamma 1.000355E+03, time 5.157ms
[INFO   ] DREAMPlace - full step 18.949 ms
[INFO   ] DREAMPlace - optimizer step 3.481 ms
[INFO   ] DREAMPlace - iteration   26, (  26,  0,  0), Obj 2.790825E+07, DensityWeight 8.019261E-12, wHPWL 8.096705E+07, Overflow 8.938834E-01, MaxDensity 3.155E+03, gamma 9.877162E+02, time 0.938ms
[INFO   ] DREAMPlace - full step 5.303 ms
[INFO   ] DREAMPlace - optimizer step 8.385 ms
[INFO   ] DREAMPlace - iteration   27, (  27,  0,  0), Obj 2.775161E+07, DensityWeight 8.397519E-12, wHPWL 8.087584E+07, Overflow 8.908239E-01, MaxDensity 2.883E+03, gamma 9.701089E+02, time 1.002ms
[INFO   ] DREAMPlace - full step 13.107 ms
[INFO   ] DREAMPlace - optimizer step 22.493 ms
[INFO   ] DREAMPlace - iteration   28, (  28,  0,  0), Obj 2.767612E+07, DensityWeight 8.792739E-12, wHPWL 8.068739E+07, Overflow 8.884594E-01, MaxDensity 2.686E+03, gamma 9.550402E+02, time 5.191ms
[INFO   ] DREAMPlace - full step 35.011 ms
[INFO   ] DREAMPlace - optimizer step 22.460 ms
[INFO   ] DREAMPlace - iteration   29, (  29,  0,  0), Obj 2.758888E+07, DensityWeight 9.205640E-12, wHPWL 8.045953E+07, Overflow 8.857512E-01, MaxDensity 2.562E+03, gamma 9.435547E+02, time 2.199ms
[INFO   ] DREAMPlace - full step 32.048 ms
[INFO   ] DREAMPlace - optimizer step 21.948 ms
[INFO   ] DREAMPlace - iteration   30, (  30,  0,  0), Obj 2.746011E+07, DensityWeight 9.636967E-12, wHPWL 8.020801E+07, Overflow 8.818117E-01, MaxDensity 2.493E+03, gamma 9.305701E+02, time 5.182ms
[INFO   ] DREAMPlace - full step 34.509 ms
[INFO   ] DREAMPlace - optimizer step 19.461 ms
[INFO   ] DREAMPlace - iteration   31, (  31,  0,  0), Obj 2.738180E+07, DensityWeight 1.008749E-11, wHPWL 7.993683E+07, Overflow 8.787534E-01, MaxDensity 2.415E+03, gamma 9.119995E+02, time 4.891ms
[INFO   ] DREAMPlace - full step 32.027 ms
[INFO   ] DREAMPlace - optimizer step 22.486 ms
[INFO   ] DREAMPlace - iteration   32, (  32,  0,  0), Obj 2.742888E+07, DensityWeight 1.055803E-11, wHPWL 7.964288E+07, Overflow 8.760061E-01, MaxDensity 2.285E+03, gamma 8.978385E+02, time 5.170ms
[INFO   ] DREAMPlace - full step 32.101 ms
[INFO   ] DREAMPlace - optimizer step 22.521 ms
[INFO   ] DREAMPlace - iteration   33, (  33,  0,  0), Obj 2.743553E+07, DensityWeight 1.104940E-11, wHPWL 7.938682E+07, Overflow 8.734194E-01, MaxDensity 2.097E+03, gamma 8.853057E+02, time 5.151ms
[INFO   ] DREAMPlace - full step 34.996 ms
[INFO   ] DREAMPlace - optimizer step 22.501 ms
[INFO   ] DREAMPlace - iteration   34, (  34,  0,  0), Obj 2.741018E+07, DensityWeight 1.156249E-11, wHPWL 7.905594E+07, Overflow 8.708631E-01, MaxDensity 1.851E+03, gamma 8.736650E+02, time 3.008ms
[INFO   ] DREAMPlace - full step 32.011 ms
[INFO   ] DREAMPlace - optimizer step 19.560 ms
[INFO   ] DREAMPlace - iteration   35, (  35,  0,  0), Obj 2.738119E+07, DensityWeight 1.209819E-11, wHPWL 7.872587E+07, Overflow 8.681743E-01, MaxDensity 1.563E+03, gamma 8.623115E+02, time 5.169ms
[INFO   ] DREAMPlace - full step 32.094 ms
[INFO   ] DREAMPlace - optimizer step 19.506 ms
[INFO   ] DREAMPlace - iteration   36, (  36,  0,  0), Obj 2.736556E+07, DensityWeight 1.265745E-11, wHPWL 7.837994E+07, Overflow 8.654722E-01, MaxDensity 1.487E+03, gamma 8.505289E+02, time 5.054ms
[INFO   ] DREAMPlace - full step 32.027 ms
[INFO   ] DREAMPlace - optimizer step 22.541 ms
[INFO   ] DREAMPlace - iteration   37, (  37,  0,  0), Obj 2.738838E+07, DensityWeight 1.324124E-11, wHPWL 7.809652E+07, Overflow 8.633158E-01, MaxDensity 1.471E+03, gamma 8.388504E+02, time 5.138ms
[INFO   ] DREAMPlace - full step 32.284 ms
[INFO   ] DREAMPlace - optimizer step 22.522 ms
[INFO   ] DREAMPlace - iteration   38, (  38,  0,  0), Obj 2.741804E+07, DensityWeight 1.385057E-11, wHPWL 7.778104E+07, Overflow 8.608469E-01, MaxDensity 1.473E+03, gamma 8.296453E+02, time 5.204ms
[INFO   ] DREAMPlace - full step 35.145 ms
[INFO   ] DREAMPlace - optimizer step 22.459 ms
[INFO   ] DREAMPlace - iteration   39, (  39,  0,  0), Obj 2.740855E+07, DensityWeight 1.448648E-11, wHPWL 7.749320E+07, Overflow 8.587018E-01, MaxDensity 1.507E+03, gamma 8.192302E+02, time 3.017ms
[INFO   ] DREAMPlace - full step 32.533 ms
[INFO   ] DREAMPlace - plotting to shrink_results/s001/adaptec1/plot/iter0040.png takes 1.542 seconds
[INFO   ] DREAMPlace - optimizer step 21.502 ms
[INFO   ] DREAMPlace - iteration   40, (  40,  0,  0), Obj 2.742030E+07, DensityWeight 1.515008E-11, wHPWL 7.715775E+07, Overflow 8.571190E-01, MaxDensity 1.453E+03, gamma 8.102877E+02, time 5.167ms
[INFO   ] DREAMPlace - full step 1578.656 ms
[INFO   ] DREAMPlace - optimizer step 25.161 ms
[INFO   ] DREAMPlace - iteration   41, (  41,  0,  0), Obj 2.742099E+07, DensityWeight 1.584250E-11, wHPWL 7.688082E+07, Overflow 8.555409E-01, MaxDensity 1.330E+03, gamma 8.037513E+02, time 5.183ms
[INFO   ] DREAMPlace - full step 37.753 ms
[INFO   ] DREAMPlace - optimizer step 22.573 ms
[INFO   ] DREAMPlace - iteration   42, (  42,  0,  0), Obj 2.737744E+07, DensityWeight 1.656490E-11, wHPWL 7.658296E+07, Overflow 8.543732E-01, MaxDensity 1.279E+03, gamma 7.972873E+02, time 5.160ms
[INFO   ] DREAMPlace - full step 35.102 ms
[INFO   ] DREAMPlace - optimizer step 22.477 ms
[INFO   ] DREAMPlace - iteration   43, (  43,  0,  0), Obj 2.733695E+07, DensityWeight 1.731851E-11, wHPWL 7.632224E+07, Overflow 8.528423E-01, MaxDensity 1.340E+03, gamma 7.925379E+02, time 5.152ms
[INFO   ] DREAMPlace - full step 35.002 ms
[INFO   ] DREAMPlace - optimizer step 22.757 ms
[INFO   ] DREAMPlace - iteration   44, (  44,  0,  0), Obj 2.726017E+07, DensityWeight 1.810460E-11, wHPWL 7.603445E+07, Overflow 8.516730E-01, MaxDensity 1.343E+03, gamma 7.863540E+02, time 5.040ms
[INFO   ] DREAMPlace - full step 35.202 ms
[INFO   ] DREAMPlace - optimizer step 22.577 ms
[INFO   ] DREAMPlace - iteration   45, (  45,  0,  0), Obj 2.722046E+07, DensityWeight 1.892447E-11, wHPWL 7.579138E+07, Overflow 8.503297E-01, MaxDensity 1.290E+03, gamma 7.816631E+02, time 5.177ms
[INFO   ] DREAMPlace - full step 35.133 ms
[INFO   ] DREAMPlace - optimizer step 22.522 ms
[INFO   ] DREAMPlace - iteration   46, (  46,  0,  0), Obj 2.715270E+07, DensityWeight 1.977949E-11, wHPWL 7.552968E+07, Overflow 8.493805E-01, MaxDensity 1.165E+03, gamma 7.763087E+02, time 5.142ms
[INFO   ] DREAMPlace - full step 35.026 ms
[INFO   ] DREAMPlace - optimizer step 22.521 ms
[INFO   ] DREAMPlace - iteration   47, (  47,  0,  0), Obj 2.710287E+07, DensityWeight 2.067108E-11, wHPWL 7.529961E+07, Overflow 8.478699E-01, MaxDensity 1.021E+03, gamma 7.725475E+02, time 5.147ms
[INFO   ] DREAMPlace - full step 35.035 ms
[INFO   ] DREAMPlace - optimizer step 22.501 ms
[INFO   ] DREAMPlace - iteration   48, (  48,  0,  0), Obj 2.701608E+07, DensityWeight 2.160070E-11, wHPWL 7.503483E+07, Overflow 8.469525E-01, MaxDensity 1.020E+03, gamma 7.665990E+02, time 5.165ms
[INFO   ] DREAMPlace - full step 35.055 ms
[INFO   ] DREAMPlace - optimizer step 20.542 ms
[INFO   ] DREAMPlace - iteration   49, (  49,  0,  0), Obj 2.697873E+07, DensityWeight 2.256986E-11, wHPWL 7.479752E+07, Overflow 8.457342E-01, MaxDensity 1.072E+03, gamma 7.630090E+02, time 5.115ms
[INFO   ] DREAMPlace - full step 30.872 ms
[INFO   ] DREAMPlace - optimizer step 22.514 ms
[INFO   ] DREAMPlace - iteration   50, (  50,  0,  0), Obj 2.689492E+07, DensityWeight 2.358015E-11, wHPWL 7.454017E+07, Overflow 8.450584E-01, MaxDensity 1.099E+03, gamma 7.582673E+02, time 5.140ms
[INFO   ] DREAMPlace - full step 35.062 ms
[INFO   ] DREAMPlace - optimizer step 22.460 ms
[INFO   ] DREAMPlace - iteration   51, (  51,  0,  0), Obj 2.683855E+07, DensityWeight 2.463320E-11, wHPWL 7.430539E+07, Overflow 8.437026E-01, MaxDensity 1.028E+03, gamma 7.556495E+02, time 5.155ms
[INFO   ] DREAMPlace - full step 34.853 ms
[INFO   ] DREAMPlace - optimizer step 20.768 ms
[INFO   ] DREAMPlace - iteration   52, (  52,  0,  0), Obj 2.673497E+07, DensityWeight 2.573071E-11, wHPWL 7.404163E+07, Overflow 8.428841E-01, MaxDensity 9.711E+02, gamma 7.504255E+02, time 5.183ms
[INFO   ] DREAMPlace - full step 33.172 ms
[INFO   ] DREAMPlace - optimizer step 22.437 ms
[INFO   ] DREAMPlace - iteration   53, (  53,  0,  0), Obj 2.668980E+07, DensityWeight 2.687442E-11, wHPWL 7.380039E+07, Overflow 8.424304E-01, MaxDensity 1.005E+03, gamma 7.472892E+02, time 5.167ms
[INFO   ] DREAMPlace - full step 34.880 ms
[INFO   ] DREAMPlace - optimizer step 22.223 ms
[INFO   ] DREAMPlace - iteration   54, (  54,  0,  0), Obj 2.660411E+07, DensityWeight 2.806617E-11, wHPWL 7.354598E+07, Overflow 8.419517E-01, MaxDensity 8.651E+02, gamma 7.455564E+02, time 5.138ms
[INFO   ] DREAMPlace - full step 32.435 ms
[INFO   ] DREAMPlace - optimizer step 22.534 ms
[INFO   ] DREAMPlace - iteration   55, (  55,  0,  0), Obj 2.649285E+07, DensityWeight 2.930783E-11, wHPWL 7.331069E+07, Overflow 8.412818E-01, MaxDensity 7.809E+02, gamma 7.437322E+02, time 5.142ms
[INFO   ] DREAMPlace - full step 34.930 ms
[INFO   ] DREAMPlace - optimizer step 21.675 ms
[INFO   ] DREAMPlace - iteration   56, (  56,  0,  0), Obj 2.637612E+07, DensityWeight 3.060137E-11, wHPWL 7.304683E+07, Overflow 8.410062E-01, MaxDensity 8.093E+02, gamma 7.411872E+02, time 5.982ms
[INFO   ] DREAMPlace - full step 34.852 ms
[INFO   ] DREAMPlace - optimizer step 19.325 ms
[INFO   ] DREAMPlace - iteration   57, (  57,  0,  0), Obj 2.628381E+07, DensityWeight 3.194880E-11, wHPWL 7.281368E+07, Overflow 8.408903E-01, MaxDensity 9.373E+02, gamma 7.401429E+02, time 5.183ms
[INFO   ] DREAMPlace - full step 31.803 ms
[INFO   ] DREAMPlace - optimizer step 22.499 ms
[INFO   ] DREAMPlace - iteration   58, (  58,  0,  0), Obj 2.616325E+07, DensityWeight 3.335222E-11, wHPWL 7.257541E+07, Overflow 8.406195E-01, MaxDensity 9.197E+02, gamma 7.397044E+02, time 5.131ms
[INFO   ] DREAMPlace - full step 34.864 ms
[INFO   ] DREAMPlace - optimizer step 22.418 ms
[INFO   ] DREAMPlace - iteration   59, (  59,  0,  0), Obj 2.603298E+07, DensityWeight 3.481382E-11, wHPWL 7.235245E+07, Overflow 8.407232E-01, MaxDensity 7.310E+02, gamma 7.386799E+02, time 5.136ms
[INFO   ] DREAMPlace - full step 34.800 ms
[INFO   ] DREAMPlace - optimizer step 22.498 ms
[INFO   ] DREAMPlace - iteration   60, (  60,  0,  0), Obj 2.590927E+07, DensityWeight 3.633583E-11, wHPWL 7.210914E+07, Overflow 8.404011E-01, MaxDensity 7.236E+02, gamma 7.390717E+02, time 5.136ms
[INFO   ] DREAMPlace - full step 34.883 ms
[INFO   ] DREAMPlace - optimizer step 22.503 ms
[INFO   ] DREAMPlace - iteration   61, (  61,  0,  0), Obj 2.576537E+07, DensityWeight 3.792058E-11, wHPWL 7.189232E+07, Overflow 8.402650E-01, MaxDensity 8.011E+02, gamma 7.378549E+02, time 5.179ms
[INFO   ] DREAMPlace - full step 34.925 ms
[INFO   ] DREAMPlace - optimizer step 16.614 ms
[INFO   ] DREAMPlace - iteration   62, (  62,  0,  0), Obj 2.565310E+07, DensityWeight 3.957050E-11, wHPWL 7.166786E+07, Overflow 8.400723E-01, MaxDensity 8.547E+02, gamma 7.373412E+02, time 5.189ms
[INFO   ] DREAMPlace - full step 28.987 ms
[INFO   ] DREAMPlace - optimizer step 22.503 ms
[INFO   ] DREAMPlace - iteration   63, (  63,  0,  0), Obj 2.553476E+07, DensityWeight 4.128808E-11, wHPWL 7.146541E+07, Overflow 8.398025E-01, MaxDensity 7.332E+02, gamma 7.366145E+02, time 5.162ms
[INFO   ] DREAMPlace - full step 34.920 ms
[INFO   ] DREAMPlace - optimizer step 22.500 ms
[INFO   ] DREAMPlace - iteration   64, (  64,  0,  0), Obj 2.541673E+07, DensityWeight 4.307590E-11, wHPWL 7.124814E+07, Overflow 8.392147E-01, MaxDensity 5.666E+02, gamma 7.355981E+02, time 5.131ms
[INFO   ] DREAMPlace - full step 34.873 ms
[INFO   ] DREAMPlace - optimizer step 22.430 ms
[INFO   ] DREAMPlace - iteration   65, (  65,  0,  0), Obj 2.530803E+07, DensityWeight 4.493664E-11, wHPWL 7.104118E+07, Overflow 8.385831E-01, MaxDensity 6.861E+02, gamma 7.333891E+02, time 5.155ms
[INFO   ] DREAMPlace - full step 34.815 ms
[INFO   ] DREAMPlace - optimizer step 22.509 ms
[INFO   ] DREAMPlace - iteration   66, (  66,  0,  0), Obj 2.522326E+07, DensityWeight 4.687307E-11, wHPWL 7.082656E+07, Overflow 8.379729E-01, MaxDensity 7.748E+02, gamma 7.310226E+02, time 5.174ms
[INFO   ] DREAMPlace - full step 34.903 ms
[INFO   ] DREAMPlace - optimizer step 26.525 ms
[INFO   ] DREAMPlace - iteration   67, (  67,  0,  0), Obj 2.514945E+07, DensityWeight 4.888806E-11, wHPWL 7.062964E+07, Overflow 8.371873E-01, MaxDensity 6.954E+02, gamma 7.287442E+02, time 5.150ms
[INFO   ] DREAMPlace - full step 38.893 ms
[INFO   ] DREAMPlace - optimizer step 22.521 ms
[INFO   ] DREAMPlace - iteration   68, (  68,  0,  0), Obj 2.507063E+07, DensityWeight 5.098457E-11, wHPWL 7.041749E+07, Overflow 8.364723E-01, MaxDensity 5.689E+02, gamma 7.258206E+02, time 5.169ms
[INFO   ] DREAMPlace - full step 34.919 ms
[INFO   ] DREAMPlace - optimizer step 22.436 ms
[INFO   ] DREAMPlace - iteration   69, (  69,  0,  0), Obj 2.500635E+07, DensityWeight 5.316567E-11, wHPWL 7.020826E+07, Overflow 8.363887E-01, MaxDensity 6.625E+02, gamma 7.231696E+02, time 5.149ms
[INFO   ] DREAMPlace - full step 34.781 ms
[INFO   ] DREAMPlace - optimizer step 22.752 ms
[INFO   ] DREAMPlace - iteration   70, (  70,  0,  0), Obj 2.493543E+07, DensityWeight 5.543453E-11, wHPWL 6.998859E+07, Overflow 8.359559E-01, MaxDensity 7.413E+02, gamma 7.228606E+02, time 5.024ms
[INFO   ] DREAMPlace - full step 35.002 ms
[INFO   ] DREAMPlace - optimizer step 24.641 ms
[INFO   ] DREAMPlace - iteration   71, (  71,  0,  0), Obj 2.482070E+07, DensityWeight 5.779443E-11, wHPWL 6.977986E+07, Overflow 8.359626E-01, MaxDensity 5.998E+02, gamma 7.212617E+02, time 5.219ms
[INFO   ] DREAMPlace - full step 37.098 ms
[INFO   ] DREAMPlace - optimizer step 20.540 ms
[INFO   ] DREAMPlace - iteration   72, (  72,  0,  0), Obj 2.472670E+07, DensityWeight 6.024877E-11, wHPWL 6.955564E+07, Overflow 8.357944E-01, MaxDensity 5.944E+02, gamma 7.212861E+02, time 5.131ms
[INFO   ] DREAMPlace - full step 30.732 ms
[INFO   ] DREAMPlace - optimizer step 22.504 ms
[INFO   ] DREAMPlace - iteration   73, (  73,  0,  0), Obj 2.460703E+07, DensityWeight 6.280106E-11, wHPWL 6.935126E+07, Overflow 8.356595E-01, MaxDensity 6.840E+02, gamma 7.206660E+02, time 5.149ms
[INFO   ] DREAMPlace - full step 34.876 ms
[INFO   ] DREAMPlace - optimizer step 22.435 ms
[INFO   ] DREAMPlace - iteration   74, (  74,  0,  0), Obj 2.449894E+07, DensityWeight 6.545493E-11, wHPWL 6.914167E+07, Overflow 8.354610E-01, MaxDensity 6.241E+02, gamma 7.201684E+02, time 5.167ms
[INFO   ] DREAMPlace - full step 34.799 ms
[INFO   ] DREAMPlace - optimizer step 24.102 ms
[INFO   ] DREAMPlace - iteration   75, (  75,  0,  0), Obj 2.439255E+07, DensityWeight 6.821411E-11, wHPWL 6.894446E+07, Overflow 8.355001E-01, MaxDensity 5.809E+02, gamma 7.194374E+02, time 6.474ms
[INFO   ] DREAMPlace - full step 37.987 ms
[INFO   ] DREAMPlace - optimizer step 21.816 ms
[INFO   ] DREAMPlace - iteration   76, (  76,  0,  0), Obj 2.428928E+07, DensityWeight 7.108251E-11, wHPWL 6.873955E+07, Overflow 8.359011E-01, MaxDensity 5.900E+02, gamma 7.195814E+02, time 5.824ms
[INFO   ] DREAMPlace - full step 34.894 ms
[INFO   ] DREAMPlace - optimizer step 22.499 ms
[INFO   ] DREAMPlace - iteration   77, (  77,  0,  0), Obj 2.417146E+07, DensityWeight 7.406412E-11, wHPWL 6.854454E+07, Overflow 8.362080E-01, MaxDensity 5.632E+02, gamma 7.210591E+02, time 5.130ms
[INFO   ] DREAMPlace - full step 32.497 ms
[INFO   ] DREAMPlace - optimizer step 21.198 ms
[INFO   ] DREAMPlace - iteration   78, (  78,  0,  0), Obj 2.402358E+07, DensityWeight 7.716307E-11, wHPWL 6.833891E+07, Overflow 8.366396E-01, MaxDensity 6.377E+02, gamma 7.221925E+02, time 6.448ms
[INFO   ] DREAMPlace - full step 34.882 ms
[INFO   ] DREAMPlace - optimizer step 22.431 ms
[INFO   ] DREAMPlace - iteration   79, (  79,  0,  0), Obj 2.388512E+07, DensityWeight 8.038364E-11, wHPWL 6.814392E+07, Overflow 8.369768E-01, MaxDensity 5.249E+02, gamma 7.237892E+02, time 5.157ms
[INFO   ] DREAMPlace - full step 34.822 ms
[INFO   ] DREAMPlace - plotting to shrink_results/s001/adaptec1/plot/iter0080.png takes 1.405 seconds
[INFO   ] DREAMPlace - optimizer step 22.181 ms
[INFO   ] DREAMPlace - iteration   80, (  80,  0,  0), Obj 2.374029E+07, DensityWeight 8.373027E-11, wHPWL 6.795247E+07, Overflow 8.374804E-01, MaxDensity 5.560E+02, gamma 7.250388E+02, time 5.142ms
[INFO   ] DREAMPlace - full step 1444.053 ms
[INFO   ] DREAMPlace - optimizer step 21.765 ms
[INFO   ] DREAMPlace - iteration   81, (  81,  0,  0), Obj 2.360771E+07, DensityWeight 8.720750E-11, wHPWL 6.777704E+07, Overflow 8.384435E-01, MaxDensity 6.631E+02, gamma 7.269098E+02, time 3.321ms
[INFO   ] DREAMPlace - full step 32.339 ms
[INFO   ] DREAMPlace - optimizer step 13.061 ms
[INFO   ] DREAMPlace - iteration   82, (  82,  0,  0), Obj 2.346169E+07, DensityWeight 9.082005E-11, wHPWL 6.759547E+07, Overflow 8.393509E-01, MaxDensity 5.049E+02, gamma 7.305006E+02, time 5.187ms
[INFO   ] DREAMPlace - full step 25.516 ms
[INFO   ] DREAMPlace - optimizer step 22.414 ms
[INFO   ] DREAMPlace - iteration   83, (  83,  0,  0), Obj 2.328305E+07, DensityWeight 9.457279E-11, wHPWL 6.741948E+07, Overflow 8.399052E-01, MaxDensity 5.790E+02, gamma 7.339005E+02, time 4.216ms
[INFO   ] DREAMPlace - full step 33.869 ms
[INFO   ] DREAMPlace - optimizer step 21.551 ms
[INFO   ] DREAMPlace - iteration   84, (  84,  0,  0), Obj 2.310587E+07, DensityWeight 9.847075E-11, wHPWL 6.723778E+07, Overflow 8.404399E-01, MaxDensity 6.184E+02, gamma 7.359849E+02, time 3.564ms
[INFO   ] DREAMPlace - full step 32.338 ms
[INFO   ] DREAMPlace - optimizer step 16.827 ms
[INFO   ] DREAMPlace - iteration   85, (  85,  0,  0), Obj 2.296279E+07, DensityWeight 1.025191E-10, wHPWL 6.707683E+07, Overflow 8.411638E-01, MaxDensity 5.157E+02, gamma 7.380014E+02, time 8.892ms
[INFO   ] DREAMPlace - full step 32.931 ms
[INFO   ] DREAMPlace - optimizer step 21.531 ms
[INFO   ] DREAMPlace - iteration   86, (  86,  0,  0), Obj 2.282695E+07, DensityWeight 1.067233E-10, wHPWL 6.692916E+07, Overflow 8.416566E-01, MaxDensity 5.484E+02, gamma 7.407398E+02, time 10.361ms
[INFO   ] DREAMPlace - full step 37.180 ms
[INFO   ] DREAMPlace - optimizer step 21.640 ms
[INFO   ] DREAMPlace - iteration   87, (  87,  0,  0), Obj 2.267845E+07, DensityWeight 1.110887E-10, wHPWL 6.678255E+07, Overflow 8.417578E-01, MaxDensity 5.475E+02, gamma 7.426100E+02, time 5.152ms
[INFO   ] DREAMPlace - full step 33.913 ms
[INFO   ] DREAMPlace - optimizer step 19.839 ms
[INFO   ] DREAMPlace - iteration   88, (  88,  0,  0), Obj 2.254100E+07, DensityWeight 1.156211E-10, wHPWL 6.662374E+07, Overflow 8.417971E-01, MaxDensity 5.539E+02, gamma 7.429951E+02, time 5.185ms
[INFO   ] DREAMPlace - full step 32.272 ms
[INFO   ] DREAMPlace - optimizer step 18.212 ms
[INFO   ] DREAMPlace - iteration   89, (  89,  0,  0), Obj 2.243800E+07, DensityWeight 1.203264E-10, wHPWL 6.647498E+07, Overflow 8.415899E-01, MaxDensity 4.642E+02, gamma 7.431443E+02, time 5.185ms
[INFO   ] DREAMPlace - full step 30.636 ms
[INFO   ] DREAMPlace - optimizer step 22.450 ms
[INFO   ] DREAMPlace - iteration   90, (  90,  0,  0), Obj 2.234587E+07, DensityWeight 1.252107E-10, wHPWL 6.634045E+07, Overflow 8.413538E-01, MaxDensity 6.004E+02, gamma 7.423570E+02, time 4.246ms
[INFO   ] DREAMPlace - full step 33.924 ms
[INFO   ] DREAMPlace - optimizer step 21.577 ms
[INFO   ] DREAMPlace - iteration   91, (  91,  0,  0), Obj 2.227384E+07, DensityWeight 1.302802E-10, wHPWL 6.620592E+07, Overflow 8.407646E-01, MaxDensity 4.503E+02, gamma 7.414605E+02, time 3.574ms
[INFO   ] DREAMPlace - full step 32.364 ms
[INFO   ] DREAMPlace - optimizer step 13.199 ms
[INFO   ] DREAMPlace - iteration   92, (  92,  0,  0), Obj 2.220093E+07, DensityWeight 1.355414E-10, wHPWL 6.606297E+07, Overflow 8.401972E-01, MaxDensity 5.257E+02, gamma 7.392285E+02, time 5.500ms
[INFO   ] DREAMPlace - full step 25.932 ms
[INFO   ] DREAMPlace - optimizer step 21.861 ms
[INFO   ] DREAMPlace - iteration   93, (  93,  0,  0), Obj 2.215531E+07, DensityWeight 1.410010E-10, wHPWL 6.591778E+07, Overflow 8.395623E-01, MaxDensity 4.941E+02, gamma 7.370856E+02, time 4.791ms
[INFO   ] DREAMPlace - full step 33.874 ms
[INFO   ] DREAMPlace - optimizer step 21.233 ms
[INFO   ] DREAMPlace - iteration   94, (  94,  0,  0), Obj 2.211180E+07, DensityWeight 1.466658E-10, wHPWL 6.577943E+07, Overflow 8.389472E-01, MaxDensity 4.630E+02, gamma 7.346948E+02, time 3.868ms
[INFO   ] DREAMPlace - full step 32.317 ms
[INFO   ] DREAMPlace - optimizer step 13.556 ms
[INFO   ] DREAMPlace - iteration   95, (  95,  0,  0), Obj 2.207628E+07, DensityWeight 1.525430E-10, wHPWL 6.564240E+07, Overflow 8.381063E-01, MaxDensity 4.644E+02, gamma 7.323859E+02, time 5.135ms
[INFO   ] DREAMPlace - full step 25.954 ms
[INFO   ] DREAMPlace - optimizer step 24.560 ms
[INFO   ] DREAMPlace - iteration   96, (  96,  0,  0), Obj 2.203791E+07, DensityWeight 1.586398E-10, wHPWL 6.550194E+07, Overflow 8.372296E-01, MaxDensity 5.219E+02, gamma 7.292416E+02, time 4.210ms
[INFO   ] DREAMPlace - full step 33.433 ms
[INFO   ] DREAMPlace - optimizer step 2.244 ms
[INFO   ] DREAMPlace - iteration   97, (  97,  0,  0), Obj 2.201773E+07, DensityWeight 1.649638E-10, wHPWL 6.536131E+07, Overflow 8.363433E-01, MaxDensity 3.820E+02, gamma 7.259777E+02, time 0.786ms
[INFO   ] DREAMPlace - full step 3.500 ms
[INFO   ] DREAMPlace - optimizer step 2.262 ms
[INFO   ] DREAMPlace - iteration   98, (  98,  0,  0), Obj 2.200288E+07, DensityWeight 1.715227E-10, wHPWL 6.522731E+07, Overflow 8.352164E-01, MaxDensity 5.000E+02, gamma 7.226927E+02, time 0.705ms
[INFO   ] DREAMPlace - full step 3.435 ms
[INFO   ] DREAMPlace - optimizer step 2.195 ms
[INFO   ] DREAMPlace - iteration   99, (  99,  0,  0), Obj 2.199182E+07, DensityWeight 1.783246E-10, wHPWL 6.509654E+07, Overflow 8.342385E-01, MaxDensity 4.489E+02, gamma 7.185375E+02, time 0.685ms
[INFO   ] DREAMPlace - full step 3.346 ms
[INFO   ] DREAMPlace - optimizer step 2.192 ms
[INFO   ] DREAMPlace - iteration  100, ( 100,  0,  0), Obj 2.199726E+07, DensityWeight 1.853776E-10, wHPWL 6.496401E+07, Overflow 8.323330E-01, MaxDensity 4.255E+02, gamma 7.149509E+02, time 0.692ms
[INFO   ] DREAMPlace - full step 3.346 ms
[INFO   ] DREAMPlace - optimizer step 2.185 ms
[INFO   ] DREAMPlace - iteration  101, ( 101,  0,  0), Obj 2.199523E+07, DensityWeight 1.926904E-10, wHPWL 6.483416E+07, Overflow 8.313087E-01, MaxDensity 4.668E+02, gamma 7.080141E+02, time 0.701ms
[INFO   ] DREAMPlace - full step 3.350 ms
[INFO   ] DREAMPlace - optimizer step 2.240 ms
[INFO   ] DREAMPlace - iteration  102, ( 102,  0,  0), Obj 2.206012E+07, DensityWeight 2.002716E-10, wHPWL 6.470434E+07, Overflow 8.298636E-01, MaxDensity 3.562E+02, gamma 7.043129E+02, time 0.679ms
[INFO   ] DREAMPlace - full step 3.384 ms
[INFO   ] DREAMPlace - optimizer step 3.989 ms
[INFO   ] DREAMPlace - iteration  103, ( 103,  0,  0), Obj 2.206924E+07, DensityWeight 2.081302E-10, wHPWL 6.458425E+07, Overflow 8.291350E-01, MaxDensity 4.331E+02, gamma 6.991242E+02, time 0.832ms
[INFO   ] DREAMPlace - full step 5.659 ms
[INFO   ] DREAMPlace - optimizer step 4.013 ms
[INFO   ] DREAMPlace - iteration  104, ( 104,  0,  0), Obj 2.210167E+07, DensityWeight 2.162757E-10, wHPWL 6.444979E+07, Overflow 8.284834E-01, MaxDensity 4.013E+02, gamma 6.965225E+02, time 0.843ms
[INFO   ] DREAMPlace - full step 5.735 ms
[INFO   ] DREAMPlace - optimizer step 4.045 ms
[INFO   ] DREAMPlace - iteration  105, ( 105,  0,  0), Obj 2.208502E+07, DensityWeight 2.247173E-10, wHPWL 6.431604E+07, Overflow 8.285642E-01, MaxDensity 3.837E+02, gamma 6.942042E+02, time 0.834ms
[INFO   ] DREAMPlace - full step 5.737 ms
[INFO   ] DREAMPlace - optimizer step 13.549 ms
[INFO   ] DREAMPlace - iteration  106, ( 106,  0,  0), Obj 2.206320E+07, DensityWeight 2.334652E-10, wHPWL 6.418677E+07, Overflow 8.282287E-01, MaxDensity 3.969E+02, gamma 6.944911E+02, time 0.850ms
[INFO   ] DREAMPlace - full step 19.549 ms
[INFO   ] DREAMPlace - optimizer step 21.940 ms
[INFO   ] DREAMPlace - iteration  107, ( 107,  0,  0), Obj 2.199350E+07, DensityWeight 2.425293E-10, wHPWL 6.406982E+07, Overflow 8.284831E-01, MaxDensity 3.331E+02, gamma 6.932996E+02, time 3.345ms
[INFO   ] DREAMPlace - full step 32.433 ms
[INFO   ] DREAMPlace - optimizer step 22.508 ms
[INFO   ] DREAMPlace - iteration  108, ( 108,  0,  0), Obj 2.195329E+07, DensityWeight 2.519202E-10, wHPWL 6.395934E+07, Overflow 8.283774E-01, MaxDensity 3.854E+02, gamma 6.942031E+02, time 4.992ms
[INFO   ] DREAMPlace - full step 32.783 ms
[INFO   ] DREAMPlace - optimizer step 21.935 ms
[INFO   ] DREAMPlace - iteration  109, ( 109,  0,  0), Obj 2.187774E+07, DensityWeight 2.616485E-10, wHPWL 6.386744E+07, Overflow 8.283198E-01, MaxDensity 3.356E+02, gamma 6.938276E+02, time 5.084ms
[INFO   ] DREAMPlace - full step 34.283 ms
[INFO   ] DREAMPlace - optimizer step 21.832 ms
[INFO   ] DREAMPlace - iteration  110, ( 110,  0,  0), Obj 2.182697E+07, DensityWeight 2.717253E-10, wHPWL 6.378018E+07, Overflow 8.279268E-01, MaxDensity 3.848E+02, gamma 6.936230E+02, time 5.142ms
[INFO   ] DREAMPlace - full step 34.222 ms
[INFO   ] DREAMPlace - optimizer step 20.141 ms
[INFO   ] DREAMPlace - iteration  111, ( 111,  0,  0), Obj 2.177666E+07, DensityWeight 2.821619E-10, wHPWL 6.370422E+07, Overflow 8.278276E-01, MaxDensity 3.672E+02, gamma 6.922298E+02, time 5.121ms
[INFO   ] DREAMPlace - full step 32.502 ms
[INFO   ] DREAMPlace - optimizer step 21.964 ms
[INFO   ] DREAMPlace - iteration  112, ( 112,  0,  0), Obj 2.175198E+07, DensityWeight 2.929701E-10, wHPWL 6.363397E+07, Overflow 8.275282E-01, MaxDensity 3.510E+02, gamma 6.918784E+02, time 15.518ms
[INFO   ] DREAMPlace - full step 44.750 ms
[INFO   ] DREAMPlace - optimizer step 20.146 ms
[INFO   ] DREAMPlace - iteration  113, ( 113,  0,  0), Obj 2.171009E+07, DensityWeight 3.041619E-10, wHPWL 6.357227E+07, Overflow 8.276065E-01, MaxDensity 3.757E+02, gamma 6.908193E+02, time 5.127ms
[INFO   ] DREAMPlace - full step 32.489 ms
[INFO   ] DREAMPlace - optimizer step 20.608 ms
[INFO   ] DREAMPlace - iteration  114, ( 114,  0,  0), Obj 2.168062E+07, DensityWeight 3.157497E-10, wHPWL 6.350481E+07, Overflow 8.272558E-01, MaxDensity 3.480E+02, gamma 6.910963E+02, time 5.175ms
[INFO   ] DREAMPlace - full step 32.395 ms
[INFO   ] DREAMPlace - optimizer step 22.475 ms
[INFO   ] DREAMPlace - iteration  115, ( 115,  0,  0), Obj 2.162745E+07, DensityWeight 3.277462E-10, wHPWL 6.344568E+07, Overflow 8.271097E-01, MaxDensity 3.770E+02, gamma 6.898570E+02, time 4.616ms
[INFO   ] DREAMPlace - full step 32.369 ms
[INFO   ] DREAMPlace - optimizer step 21.942 ms
[INFO   ] DREAMPlace - iteration  116, ( 116,  0,  0), Obj 2.160533E+07, DensityWeight 3.401644E-10, wHPWL 6.338570E+07, Overflow 8.264698E-01, MaxDensity 3.396E+02, gamma 6.893416E+02, time 5.206ms
[INFO   ] DREAMPlace - full step 34.273 ms
[INFO   ] DREAMPlace - optimizer step 21.887 ms
[INFO   ] DREAMPlace - iteration  117, ( 117,  0,  0), Obj 2.157458E+07, DensityWeight 3.530178E-10, wHPWL 6.334124E+07, Overflow 8.257126E-01, MaxDensity 3.431E+02, gamma 6.870883E+02, time 5.215ms
[INFO   ] DREAMPlace - full step 34.254 ms
[INFO   ] DREAMPlace - optimizer step 20.001 ms
[INFO   ] DREAMPlace - iteration  118, ( 118,  0,  0), Obj 2.157892E+07, DensityWeight 3.663203E-10, wHPWL 6.329289E+07, Overflow 8.246368E-01, MaxDensity 3.965E+02, gamma 6.844313E+02, time 5.196ms
[INFO   ] DREAMPlace - full step 32.377 ms
[INFO   ] DREAMPlace - optimizer step 21.761 ms
[INFO   ] DREAMPlace - iteration  119, ( 119,  0,  0), Obj 2.159460E+07, DensityWeight 3.800861E-10, wHPWL 6.325166E+07, Overflow 8.239889E-01, MaxDensity 3.887E+02, gamma 6.806739E+02, time 3.519ms
[INFO   ] DREAMPlace - full step 31.874 ms
[INFO   ] DREAMPlace - plotting to shrink_results/s001/adaptec1/plot/iter0120.png takes 1.379 seconds
[INFO   ] DREAMPlace - optimizer step 22.212 ms
[INFO   ] DREAMPlace - iteration  120, ( 120,  0,  0), Obj 2.163345E+07, DensityWeight 3.943297E-10, wHPWL 6.320376E+07, Overflow 8.228316E-01, MaxDensity 3.371E+02, gamma 6.784209E+02, time 5.062ms
[INFO   ] DREAMPlace - full step 1416.205 ms
[INFO   ] DREAMPlace - optimizer step 22.428 ms
[INFO   ] DREAMPlace - iteration  121, ( 121,  0,  0), Obj 2.164414E+07, DensityWeight 4.090661E-10, wHPWL 6.315923E+07, Overflow 8.221316E-01, MaxDensity 3.783E+02, gamma 6.744158E+02, time 4.997ms
[INFO   ] DREAMPlace - full step 34.751 ms
[INFO   ] DREAMPlace - optimizer step 22.421 ms
[INFO   ] DREAMPlace - iteration  122, ( 122,  0,  0), Obj 2.168890E+07, DensityWeight 4.243109E-10, wHPWL 6.310302E+07, Overflow 8.211461E-01, MaxDensity 3.294E+02, gamma 6.720044E+02, time 5.116ms
[INFO   ] DREAMPlace - full step 34.780 ms
[INFO   ] DREAMPlace - optimizer step 22.353 ms
[INFO   ] DREAMPlace - iteration  123, ( 123,  0,  0), Obj 2.170625E+07, DensityWeight 4.400798E-10, wHPWL 6.305800E+07, Overflow 8.204221E-01, MaxDensity 3.697E+02, gamma 6.686240E+02, time 5.135ms
[INFO   ] DREAMPlace - full step 34.686 ms
[INFO   ] DREAMPlace - optimizer step 22.443 ms
[INFO   ] DREAMPlace - iteration  124, ( 124,  0,  0), Obj 2.174403E+07, DensityWeight 4.563890E-10, wHPWL 6.300833E+07, Overflow 8.192832E-01, MaxDensity 3.501E+02, gamma 6.661517E+02, time 5.123ms
[INFO   ] DREAMPlace - full step 34.807 ms
[INFO   ] DREAMPlace - optimizer step 22.515 ms
[INFO   ] DREAMPlace - iteration  125, ( 125,  0,  0), Obj 2.176591E+07, DensityWeight 4.732554E-10, wHPWL 6.296595E+07, Overflow 8.192497E-01, MaxDensity 3.168E+02, gamma 6.622809E+02, time 5.098ms
[INFO   ] DREAMPlace - full step 34.774 ms
[INFO   ] DREAMPlace - optimizer step 22.449 ms
[INFO   ] DREAMPlace - iteration  126, ( 126,  0,  0), Obj 2.181743E+07, DensityWeight 4.906960E-10, wHPWL 6.291949E+07, Overflow 8.184144E-01, MaxDensity 3.284E+02, gamma 6.621676E+02, time 5.117ms
[INFO   ] DREAMPlace - full step 34.802 ms
[INFO   ] DREAMPlace - optimizer step 22.444 ms
[INFO   ] DREAMPlace - iteration  127, ( 127,  0,  0), Obj 2.179378E+07, DensityWeight 5.087284E-10, wHPWL 6.288252E+07, Overflow 8.181432E-01, MaxDensity 3.750E+02, gamma 6.593433E+02, time 5.137ms
[INFO   ] DREAMPlace - full step 34.799 ms
[INFO   ] DREAMPlace - optimizer step 22.440 ms
[INFO   ] DREAMPlace - iteration  128, ( 128,  0,  0), Obj 2.182344E+07, DensityWeight 5.273707E-10, wHPWL 6.283636E+07, Overflow 8.174528E-01, MaxDensity 3.705E+02, gamma 6.584290E+02, time 5.108ms
[INFO   ] DREAMPlace - full step 34.788 ms
[INFO   ] DREAMPlace - optimizer step 22.471 ms
[INFO   ] DREAMPlace - iteration  129, ( 129,  0,  0), Obj 2.181919E+07, DensityWeight 5.466415E-10, wHPWL 6.280799E+07, Overflow 8.170161E-01, MaxDensity 3.858E+02, gamma 6.561072E+02, time 5.131ms
[INFO   ] DREAMPlace - full step 34.801 ms
[INFO   ] DREAMPlace - optimizer step 22.376 ms
[INFO   ] DREAMPlace - iteration  130, ( 130,  0,  0), Obj 2.184598E+07, DensityWeight 5.665599E-10, wHPWL 6.278162E+07, Overflow 8.165745E-01, MaxDensity 3.281E+02, gamma 6.546425E+02, time 5.154ms
[INFO   ] DREAMPlace - full step 34.766 ms
[INFO   ] DREAMPlace - optimizer step 22.363 ms
[INFO   ] DREAMPlace - iteration  131, ( 131,  0,  0), Obj 2.185655E+07, DensityWeight 5.871453E-10, wHPWL 6.276284E+07, Overflow 8.161329E-01, MaxDensity 3.527E+02, gamma 6.531652E+02, time 5.199ms
[INFO   ] DREAMPlace - full step 34.837 ms
[INFO   ] DREAMPlace - optimizer step 22.433 ms
[INFO   ] DREAMPlace - iteration  132, ( 132,  0,  0), Obj 2.186653E+07, DensityWeight 6.084178E-10, wHPWL 6.273749E+07, Overflow 8.155426E-01, MaxDensity 3.793E+02, gamma 6.516909E+02, time 5.159ms
[INFO   ] DREAMPlace - full step 34.812 ms
[INFO   ] DREAMPlace - optimizer step 22.478 ms
[INFO   ] DREAMPlace - iteration  133, ( 133,  0,  0), Obj 2.187749E+07, DensityWeight 6.303980E-10, wHPWL 6.271958E+07, Overflow 8.150631E-01, MaxDensity 3.546E+02, gamma 6.497255E+02, time 5.138ms
[INFO   ] DREAMPlace - full step 34.804 ms
[INFO   ] DREAMPlace - optimizer step 22.488 ms
[INFO   ] DREAMPlace - iteration  134, ( 134,  0,  0), Obj 2.190128E+07, DensityWeight 6.531068E-10, wHPWL 6.270153E+07, Overflow 8.144624E-01, MaxDensity 3.801E+02, gamma 6.481332E+02, time 5.135ms
[INFO   ] DREAMPlace - full step 34.847 ms
[INFO   ] DREAMPlace - optimizer step 22.420 ms
[INFO   ] DREAMPlace - iteration  135, ( 135,  0,  0), Obj 2.191966E+07, DensityWeight 6.765661E-10, wHPWL 6.269534E+07, Overflow 8.139539E-01, MaxDensity 3.530E+02, gamma 6.461440E+02, time 5.141ms
[INFO   ] DREAMPlace - full step 34.805 ms
[INFO   ] DREAMPlace - optimizer step 22.393 ms
[INFO   ] DREAMPlace - iteration  136, ( 136,  0,  0), Obj 2.194636E+07, DensityWeight 7.007980E-10, wHPWL 6.268012E+07, Overflow 8.133625E-01, MaxDensity 3.364E+02, gamma 6.444651E+02, time 5.146ms
[INFO   ] DREAMPlace - full step 34.784 ms
[INFO   ] DREAMPlace - optimizer step 22.418 ms
[INFO   ] DREAMPlace - iteration  137, ( 137,  0,  0), Obj 2.196708E+07, DensityWeight 7.258251E-10, wHPWL 6.267234E+07, Overflow 8.126417E-01, MaxDensity 3.941E+02, gamma 6.425178E+02, time 5.171ms
[INFO   ] DREAMPlace - full step 34.830 ms
[INFO   ] DREAMPlace - optimizer step 21.663 ms
[INFO   ] DREAMPlace - iteration  138, ( 138,  0,  0), Obj 2.199451E+07, DensityWeight 7.516708E-10, wHPWL 6.265611E+07, Overflow 8.121741E-01, MaxDensity 3.189E+02, gamma 6.401526E+02, time 8.210ms
[INFO   ] DREAMPlace - full step 37.021 ms
[INFO   ] DREAMPlace - optimizer step 22.458 ms
[INFO   ] DREAMPlace - iteration  139, ( 139,  0,  0), Obj 2.203294E+07, DensityWeight 7.783592E-10, wHPWL 6.265141E+07, Overflow 8.117326E-01, MaxDensity 3.921E+02, gamma 6.386224E+02, time 5.133ms
[INFO   ] DREAMPlace - full step 34.772 ms
[INFO   ] DREAMPlace - optimizer step 22.345 ms
[INFO   ] DREAMPlace - iteration  140, ( 140,  0,  0), Obj 2.205468E+07, DensityWeight 8.059144E-10, wHPWL 6.263763E+07, Overflow 8.116177E-01, MaxDensity 3.357E+02, gamma 6.371815E+02, time 5.152ms
[INFO   ] DREAMPlace - full step 34.695 ms
[INFO   ] DREAMPlace - optimizer step 22.384 ms
[INFO   ] DREAMPlace - iteration  141, ( 141,  0,  0), Obj 2.207389E+07, DensityWeight 8.343616E-10, wHPWL 6.263052E+07, Overflow 8.116102E-01, MaxDensity 3.786E+02, gamma 6.368071E+02, time 5.132ms
[INFO   ] DREAMPlace - full step 34.744 ms
[INFO   ] DREAMPlace - optimizer step 22.421 ms
[INFO   ] DREAMPlace - iteration  142, ( 142,  0,  0), Obj 2.207020E+07, DensityWeight 8.637267E-10, wHPWL 6.261272E+07, Overflow 8.117096E-01, MaxDensity 3.261E+02, gamma 6.367827E+02, time 5.147ms
[INFO   ] DREAMPlace - full step 34.768 ms
[INFO   ] DREAMPlace - optimizer step 24.492 ms
[INFO   ] DREAMPlace - iteration  143, ( 143,  0,  0), Obj 2.205959E+07, DensityWeight 8.940359E-10, wHPWL 6.260786E+07, Overflow 8.118680E-01, MaxDensity 3.869E+02, gamma 6.371066E+02, time 5.165ms
[INFO   ] DREAMPlace - full step 36.843 ms
[INFO   ] DREAMPlace - optimizer step 22.520 ms
[INFO   ] DREAMPlace - iteration  144, ( 144,  0,  0), Obj 2.204283E+07, DensityWeight 9.253160E-10, wHPWL 6.259729E+07, Overflow 8.120611E-01, MaxDensity 3.501E+02, gamma 6.376229E+02, time 5.093ms
[INFO   ] DREAMPlace - full step 34.768 ms
[INFO   ] DREAMPlace - optimizer step 22.389 ms
[INFO   ] DREAMPlace - iteration  145, ( 145,  0,  0), Obj 2.202288E+07, DensityWeight 9.575949E-10, wHPWL 6.260158E+07, Overflow 8.121966E-01, MaxDensity 3.747E+02, gamma 6.382533E+02, time 5.063ms
[INFO   ] DREAMPlace - full step 34.733 ms
[INFO   ] DREAMPlace - optimizer step 22.702 ms
[INFO   ] DREAMPlace - iteration  146, ( 146,  0,  0), Obj 2.200089E+07, DensityWeight 1.004873E-09, wHPWL 6.259680E+07, Overflow 8.124009E-01, MaxDensity 3.178E+02, gamma 6.386960E+02, time 5.104ms
[INFO   ] DREAMPlace - full step 34.787 ms
[INFO   ] DREAMPlace - optimizer step 22.720 ms
[INFO   ] DREAMPlace - iteration  147, ( 147,  0,  0), Obj 2.198325E+07, DensityWeight 1.039719E-09, wHPWL 6.260430E+07, Overflow 8.125474E-01, MaxDensity 3.505E+02, gamma 6.393643E+02, time 5.132ms
[INFO   ] DREAMPlace - full step 34.858 ms
[INFO   ] DREAMPlace - optimizer step 24.488 ms
[INFO   ] DREAMPlace - iteration  148, ( 148,  0,  0), Obj 2.196155E+07, DensityWeight 1.090564E-09, wHPWL 6.260287E+07, Overflow 8.129137E-01, MaxDensity 3.749E+02, gamma 6.398436E+02, time 5.151ms
[INFO   ] DREAMPlace - full step 36.795 ms
[INFO   ] DREAMPlace - optimizer step 21.369 ms
[INFO   ] DREAMPlace - iteration  149, ( 149,  0,  0), Obj 2.194432E+07, DensityWeight 1.128156E-09, wHPWL 6.261314E+07, Overflow 8.129690E-01, MaxDensity 3.298E+02, gamma 6.410438E+02, time 6.168ms
[INFO   ] DREAMPlace - full step 34.742 ms
[INFO   ] DREAMPlace - optimizer step 22.023 ms
[INFO   ] DREAMPlace - iteration  150, ( 150,  0,  0), Obj 2.191205E+07, DensityWeight 1.182868E-09, wHPWL 6.261399E+07, Overflow 8.131993E-01, MaxDensity 3.662E+02, gamma 6.412252E+02, time 5.636ms
[INFO   ] DREAMPlace - full step 34.757 ms
[INFO   ] DREAMPlace - optimizer step 45.046 ms
[INFO   ] DREAMPlace - iteration  151, ( 151,  0,  0), Obj 2.190172E+07, DensityWeight 1.241865E-09, wHPWL 6.262452E+07, Overflow 8.132600E-01, MaxDensity 3.400E+02, gamma 6.419816E+02, time 8.309ms
[INFO   ] DREAMPlace - full step 60.567 ms
[INFO   ] DREAMPlace - optimizer step 22.337 ms
[INFO   ] DREAMPlace - iteration  152, ( 152,  0,  0), Obj 2.188018E+07, DensityWeight 1.302045E-09, wHPWL 6.262774E+07, Overflow 8.133832E-01, MaxDensity 3.311E+02, gamma 6.421810E+02, time 5.186ms
[INFO   ] DREAMPlace - full step 34.740 ms
[INFO   ] DREAMPlace - optimizer step 22.436 ms
[INFO   ] DREAMPlace - iteration  153, ( 153,  0,  0), Obj 2.187074E+07, DensityWeight 1.366534E-09, wHPWL 6.263902E+07, Overflow 8.133467E-01, MaxDensity 3.791E+02, gamma 6.425859E+02, time 5.126ms
[INFO   ] DREAMPlace - full step 34.808 ms
[INFO   ] DREAMPlace - optimizer step 22.373 ms
[INFO   ] DREAMPlace - iteration  154, ( 154,  0,  0), Obj 2.185716E+07, DensityWeight 1.432606E-09, wHPWL 6.264147E+07, Overflow 8.132623E-01, MaxDensity 3.229E+02, gamma 6.424659E+02, time 9.676ms
[INFO   ] DREAMPlace - full step 39.247 ms
[INFO   ] DREAMPlace - optimizer step 24.484 ms
[INFO   ] DREAMPlace - iteration  155, ( 155,  0,  0), Obj 2.185495E+07, DensityWeight 1.503723E-09, wHPWL 6.264991E+07, Overflow 8.129770E-01, MaxDensity 3.610E+02, gamma 6.421885E+02, time 5.145ms
[INFO   ] DREAMPlace - full step 36.869 ms
[INFO   ] DREAMPlace - optimizer step 22.561 ms
[INFO   ] DREAMPlace - iteration  156, ( 156,  0,  0), Obj 2.185673E+07, DensityWeight 1.577052E-09, wHPWL 6.265130E+07, Overflow 8.127700E-01, MaxDensity 3.700E+02, gamma 6.412514E+02, time 5.141ms
[INFO   ] DREAMPlace - full step 34.842 ms
[INFO   ] DREAMPlace - optimizer step 41.648 ms
[INFO   ] DREAMPlace - iteration  157, ( 157,  0,  0), Obj 2.187310E+07, DensityWeight 1.655585E-09, wHPWL 6.265747E+07, Overflow 8.125129E-01, MaxDensity 3.547E+02, gamma 6.405729E+02, time 13.820ms
[INFO   ] DREAMPlace - full step 62.623 ms
[INFO   ] DREAMPlace - optimizer step 22.450 ms
[INFO   ] DREAMPlace - iteration  158, ( 158,  0,  0), Obj 2.188418E+07, DensityWeight 1.736868E-09, wHPWL 6.265548E+07, Overflow 8.122481E-01, MaxDensity 3.201E+02, gamma 6.397307E+02, time 5.094ms
[INFO   ] DREAMPlace - full step 34.581 ms
[INFO   ] DREAMPlace - optimizer step 31.893 ms
[INFO   ] DREAMPlace - iteration  159, ( 159,  0,  0), Obj 2.189848E+07, DensityWeight 1.794942E-09, wHPWL 6.265497E+07, Overflow 8.120504E-01, MaxDensity 3.533E+02, gamma 6.388646E+02, time 10.986ms
[INFO   ] DREAMPlace - full step 49.973 ms
[INFO   ] DREAMPlace - plotting to shrink_results/s001/adaptec1/plot/iter0160.png takes 1.534 seconds
[INFO   ] DREAMPlace - optimizer step 23.957 ms
[INFO   ] DREAMPlace - iteration  160, ( 160,  0,  0), Obj 2.191342E+07, DensityWeight 1.854773E-09, wHPWL 6.264744E+07, Overflow 8.118154E-01, MaxDensity 3.522E+02, gamma 6.382184E+02, time 9.121ms
[INFO   ] DREAMPlace - full step 1575.875 ms
[INFO   ] DREAMPlace - optimizer step 22.439 ms
[INFO   ] DREAMPlace - iteration  161, ( 161,  0,  0), Obj 2.192389E+07, DensityWeight 1.916406E-09, wHPWL 6.264303E+07, Overflow 8.118814E-01, MaxDensity 3.546E+02, gamma 6.374515E+02, time 4.986ms
[INFO   ] DREAMPlace - full step 34.740 ms
[INFO   ] DREAMPlace - optimizer step 22.445 ms
[INFO   ] DREAMPlace - iteration  162, ( 162,  0,  0), Obj 2.193719E+07, DensityWeight 1.979889E-09, wHPWL 6.263369E+07, Overflow 8.116835E-01, MaxDensity 3.334E+02, gamma 6.376667E+02, time 5.122ms
[INFO   ] DREAMPlace - full step 34.785 ms
[INFO   ] DREAMPlace - optimizer step 26.986 ms
[INFO   ] DREAMPlace - iteration  163, ( 163,  0,  0), Obj 2.192904E+07, DensityWeight 2.045271E-09, wHPWL 6.262667E+07, Overflow 8.119751E-01, MaxDensity 3.683E+02, gamma 6.370213E+02, time 5.126ms
[INFO   ] DREAMPlace - full step 39.315 ms
[INFO   ] DREAMPlace - optimizer step 22.485 ms
[INFO   ] DREAMPlace - iteration  164, ( 164,  0,  0), Obj 2.193937E+07, DensityWeight 2.112600E-09, wHPWL 6.261536E+07, Overflow 8.119450E-01, MaxDensity 3.606E+02, gamma 6.379727E+02, time 5.134ms
[INFO   ] DREAMPlace - full step 34.866 ms
[INFO   ] DREAMPlace - optimizer step 22.434 ms
[INFO   ] DREAMPlace - iteration  165, ( 165,  0,  0), Obj 2.191526E+07, DensityWeight 2.181928E-09, wHPWL 6.260770E+07, Overflow 8.122796E-01, MaxDensity 3.549E+02, gamma 6.378743E+02, time 5.126ms
[INFO   ] DREAMPlace - full step 34.792 ms
[INFO   ] DREAMPlace - optimizer step 22.422 ms
[INFO   ] DREAMPlace - iteration  166, ( 166,  0,  0), Obj 2.191382E+07, DensityWeight 2.253305E-09, wHPWL 6.259818E+07, Overflow 8.124711E-01, MaxDensity 3.462E+02, gamma 6.389675E+02, time 5.123ms
[INFO   ] DREAMPlace - full step 34.748 ms
[INFO   ] DREAMPlace - optimizer step 20.862 ms
[INFO   ] DREAMPlace - iteration  167, ( 167,  0,  0), Obj 2.188673E+07, DensityWeight 2.326785E-09, wHPWL 6.259168E+07, Overflow 8.126683E-01, MaxDensity 3.884E+02, gamma 6.395938E+02, time 6.606ms
[INFO   ] DREAMPlace - full step 34.690 ms
[INFO   ] DREAMPlace - optimizer step 22.410 ms
[INFO   ] DREAMPlace - iteration  168, ( 168,  0,  0), Obj 2.186962E+07, DensityWeight 2.402420E-09, wHPWL 6.258436E+07, Overflow 8.126957E-01, MaxDensity 3.253E+02, gamma 6.402398E+02, time 5.131ms
[INFO   ] DREAMPlace - full step 34.754 ms
[INFO   ] DREAMPlace - optimizer step 22.392 ms
[INFO   ] DREAMPlace - iteration  169, ( 169,  0,  0), Obj 2.185214E+07, DensityWeight 2.480267E-09, wHPWL 6.257892E+07, Overflow 8.128712E-01, MaxDensity 3.060E+02, gamma 6.403292E+02, time 5.155ms
[INFO   ] DREAMPlace - full step 34.769 ms
[INFO   ] DREAMPlace - optimizer step 24.161 ms
[INFO   ] DREAMPlace - iteration  170, ( 170,  0,  0), Obj 2.184691E+07, DensityWeight 2.560379E-09, wHPWL 6.257346E+07, Overflow 8.127312E-01, MaxDensity 3.914E+02, gamma 6.409046E+02, time 5.446ms
[INFO   ] DREAMPlace - full step 36.830 ms
[INFO   ] DREAMPlace - optimizer step 21.382 ms
[INFO   ] DREAMPlace - iteration  171, ( 171,  0,  0), Obj 2.183121E+07, DensityWeight 2.642815E-09, wHPWL 6.256788E+07, Overflow 8.128892E-01, MaxDensity 3.570E+02, gamma 6.404456E+02, time 14.873ms
[INFO   ] DREAMPlace - full step 43.481 ms
[INFO   ] DREAMPlace - optimizer step 22.404 ms
[INFO   ] DREAMPlace - iteration  172, ( 172,  0,  0), Obj 2.183761E+07, DensityWeight 2.727632E-09, wHPWL 6.256034E+07, Overflow 8.129027E-01, MaxDensity 3.661E+02, gamma 6.409637E+02, time 5.145ms
[INFO   ] DREAMPlace - full step 34.780 ms
[INFO   ] DREAMPlace - optimizer step 22.356 ms
[INFO   ] DREAMPlace - iteration  173, ( 173,  0,  0), Obj 2.182287E+07, DensityWeight 2.814890E-09, wHPWL 6.255135E+07, Overflow 8.131462E-01, MaxDensity 3.391E+02, gamma 6.410079E+02, time 5.167ms
[INFO   ] DREAMPlace - full step 34.773 ms
[INFO   ] DREAMPlace - optimizer step 22.430 ms
[INFO   ] DREAMPlace - iteration  174, ( 174,  0,  0), Obj 2.181813E+07, DensityWeight 2.904649E-09, wHPWL 6.254102E+07, Overflow 8.131049E-01, MaxDensity 3.929E+02, gamma 6.418070E+02, time 5.115ms
[INFO   ] DREAMPlace - full step 34.730 ms
[INFO   ] DREAMPlace - optimizer step 22.465 ms
[INFO   ] DREAMPlace - iteration  175, ( 175,  0,  0), Obj 2.179703E+07, DensityWeight 2.996970E-09, wHPWL 6.252998E+07, Overflow 8.132756E-01, MaxDensity 3.465E+02, gamma 6.416711E+02, time 5.116ms
[INFO   ] DREAMPlace - full step 34.784 ms
[INFO   ] DREAMPlace - optimizer step 22.398 ms
[INFO   ] DREAMPlace - iteration  176, ( 176,  0,  0), Obj 2.179609E+07, DensityWeight 3.091917E-09, wHPWL 6.251915E+07, Overflow 8.133554E-01, MaxDensity 3.223E+02, gamma 6.422322E+02, time 5.188ms
[INFO   ] DREAMPlace - full step 34.779 ms
[INFO   ] DREAMPlace - optimizer step 22.413 ms
[INFO   ] DREAMPlace - iteration  177, ( 177,  0,  0), Obj 2.178023E+07, DensityWeight 3.189552E-09, wHPWL 6.250786E+07, Overflow 8.135321E-01, MaxDensity 3.611E+02, gamma 6.424944E+02, time 5.135ms
[INFO   ] DREAMPlace - full step 34.796 ms
[INFO   ] DREAMPlace - optimizer step 22.396 ms
[INFO   ] DREAMPlace - iteration  178, ( 178,  0,  0), Obj 2.177055E+07, DensityWeight 3.289941E-09, wHPWL 6.249581E+07, Overflow 8.135632E-01, MaxDensity 3.844E+02, gamma 6.430756E+02, time 5.126ms
[INFO   ] DREAMPlace - full step 34.738 ms
[INFO   ] DREAMPlace - optimizer step 22.480 ms
[INFO   ] DREAMPlace - iteration  179, ( 179,  0,  0), Obj 2.175376E+07, DensityWeight 3.393151E-09, wHPWL 6.248241E+07, Overflow 8.136652E-01, MaxDensity 3.598E+02, gamma 6.431779E+02, time 5.127ms
[INFO   ] DREAMPlace - full step 34.840 ms
[INFO   ] DREAMPlace - optimizer step 22.461 ms
[INFO   ] DREAMPlace - iteration  180, ( 180,  0,  0), Obj 2.174721E+07, DensityWeight 3.499248E-09, wHPWL 6.246892E+07, Overflow 8.137169E-01, MaxDensity 3.286E+02, gamma 6.435135E+02, time 5.120ms
[INFO   ] DREAMPlace - full step 34.804 ms
[INFO   ] DREAMPlace - optimizer step 22.457 ms
[INFO   ] DREAMPlace - iteration  181, ( 181,  0,  0), Obj 2.173573E+07, DensityWeight 3.608302E-09, wHPWL 6.245505E+07, Overflow 8.138902E-01, MaxDensity 3.166E+02, gamma 6.436841E+02, time 5.112ms
[INFO   ] DREAMPlace - full step 34.813 ms
[INFO   ] DREAMPlace - optimizer step 22.423 ms
[INFO   ] DREAMPlace - iteration  182, ( 182,  0,  0), Obj 2.172767E+07, DensityWeight 3.720383E-09, wHPWL 6.244069E+07, Overflow 8.138654E-01, MaxDensity 3.741E+02, gamma 6.442549E+02, time 5.134ms
[INFO   ] DREAMPlace - full step 34.772 ms
[INFO   ] DREAMPlace - optimizer step 22.491 ms
[INFO   ] DREAMPlace - iteration  183, ( 183,  0,  0), Obj 2.171074E+07, DensityWeight 3.835562E-09, wHPWL 6.242465E+07, Overflow 8.138276E-01, MaxDensity 3.590E+02, gamma 6.441731E+02, time 5.126ms
[INFO   ] DREAMPlace - full step 34.836 ms
[INFO   ] DREAMPlace - optimizer step 22.431 ms
[INFO   ] DREAMPlace - iteration  184, ( 184,  0,  0), Obj 2.170763E+07, DensityWeight 3.953911E-09, wHPWL 6.240824E+07, Overflow 8.138267E-01, MaxDensity 3.604E+02, gamma 6.440488E+02, time 5.134ms
[INFO   ] DREAMPlace - full step 34.820 ms
[INFO   ] DREAMPlace - optimizer step 22.449 ms
[INFO   ] DREAMPlace - iteration  185, ( 185,  0,  0), Obj 2.170557E+07, DensityWeight 4.075504E-09, wHPWL 6.239112E+07, Overflow 8.139295E-01, MaxDensity 3.071E+02, gamma 6.440457E+02, time 5.147ms
[INFO   ] DREAMPlace - full step 34.775 ms
[INFO   ] DREAMPlace - optimizer step 22.474 ms
[INFO   ] DREAMPlace - iteration  186, ( 186,  0,  0), Obj 2.170087E+07, DensityWeight 4.200416E-09, wHPWL 6.237343E+07, Overflow 8.139430E-01, MaxDensity 3.338E+02, gamma 6.443846E+02, time 5.102ms
[INFO   ] DREAMPlace - full step 34.765 ms
[INFO   ] DREAMPlace - optimizer step 22.478 ms
[INFO   ] DREAMPlace - iteration  187, ( 187,  0,  0), Obj 2.168847E+07, DensityWeight 4.328724E-09, wHPWL 6.235355E+07, Overflow 8.142217E-01, MaxDensity 3.777E+02, gamma 6.444291E+02, time 5.097ms
[INFO   ] DREAMPlace - full step 34.824 ms
[INFO   ] DREAMPlace - optimizer step 89.224 ms
[INFO   ] DREAMPlace - iteration  188, ( 188,  0,  0), Obj 2.168209E+07, DensityWeight 4.460505E-09, wHPWL 6.233296E+07, Overflow 8.144149E-01, MaxDensity 3.832E+02, gamma 6.453488E+02, time 5.594ms
[INFO   ] DREAMPlace - full step 101.987 ms
[INFO   ] DREAMPlace - optimizer step 22.075 ms
[INFO   ] DREAMPlace - iteration  189, ( 189,  0,  0), Obj 2.165696E+07, DensityWeight 4.595839E-09, wHPWL 6.231191E+07, Overflow 8.147249E-01, MaxDensity 3.327E+02, gamma 6.459869E+02, time 5.088ms
[INFO   ] DREAMPlace - full step 34.244 ms
[INFO   ] DREAMPlace - optimizer step 22.113 ms
[INFO   ] DREAMPlace - iteration  190, ( 190,  0,  0), Obj 2.163777E+07, DensityWeight 4.734805E-09, wHPWL 6.229219E+07, Overflow 8.148159E-01, MaxDensity 3.398E+02, gamma 6.470125E+02, time 5.074ms
[INFO   ] DREAMPlace - full step 34.300 ms
[INFO   ] DREAMPlace - optimizer step 22.105 ms
[INFO   ] DREAMPlace - iteration  191, ( 191,  0,  0), Obj 2.161031E+07, DensityWeight 4.877485E-09, wHPWL 6.227254E+07, Overflow 8.148984E-01, MaxDensity 3.419E+02, gamma 6.473138E+02, time 5.067ms
[INFO   ] DREAMPlace - full step 34.303 ms
[INFO   ] DREAMPlace - optimizer step 22.097 ms
[INFO   ] DREAMPlace - iteration  192, ( 192,  0,  0), Obj 2.159823E+07, DensityWeight 5.023962E-09, wHPWL 6.225398E+07, Overflow 8.148583E-01, MaxDensity 3.726E+02, gamma 6.475870E+02, time 5.080ms
[INFO   ] DREAMPlace - full step 34.282 ms
[INFO   ] DREAMPlace - optimizer step 24.499 ms
[INFO   ] DREAMPlace - iteration  193, ( 193,  0,  0), Obj 2.158683E+07, DensityWeight 5.174321E-09, wHPWL 6.223468E+07, Overflow 8.149586E-01, MaxDensity 3.918E+02, gamma 6.474545E+02, time 5.045ms
[INFO   ] DREAMPlace - full step 36.686 ms
[INFO   ] DREAMPlace - optimizer step 22.108 ms
[INFO   ] DREAMPlace - iteration  194, ( 194,  0,  0), Obj 2.158399E+07, DensityWeight 5.328647E-09, wHPWL 6.221495E+07, Overflow 8.150579E-01, MaxDensity 3.518E+02, gamma 6.477869E+02, time 5.067ms
[INFO   ] DREAMPlace - full step 34.275 ms
[INFO   ] DREAMPlace - optimizer step 22.106 ms
[INFO   ] DREAMPlace - iteration  195, ( 195,  0,  0), Obj 2.157108E+07, DensityWeight 5.487027E-09, wHPWL 6.219277E+07, Overflow 8.152629E-01, MaxDensity 3.448E+02, gamma 6.481159E+02, time 5.074ms
[INFO   ] DREAMPlace - full step 34.289 ms
[INFO   ] DREAMPlace - optimizer step 24.181 ms
[INFO   ] DREAMPlace - iteration  196, ( 196,  0,  0), Obj 2.155794E+07, DensityWeight 5.649549E-09, wHPWL 6.216980E+07, Overflow 8.153672E-01, MaxDensity 3.427E+02, gamma 6.487962E+02, time 5.070ms
[INFO   ] DREAMPlace - full step 36.407 ms
[INFO   ] DREAMPlace - optimizer step 26.274 ms
[INFO   ] DREAMPlace - iteration  197, ( 197,  0,  0), Obj 2.153730E+07, DensityWeight 5.816303E-09, wHPWL 6.214589E+07, Overflow 8.154163E-01, MaxDensity 3.713E+02, gamma 6.491427E+02, time 5.077ms
[INFO   ] DREAMPlace - full step 38.493 ms
[INFO   ] DREAMPlace - optimizer step 22.104 ms
[INFO   ] DREAMPlace - iteration  198, ( 198,  0,  0), Obj 2.152385E+07, DensityWeight 5.987381E-09, wHPWL 6.212329E+07, Overflow 8.154688E-01, MaxDensity 3.605E+02, gamma 6.493057E+02, time 5.069ms
[INFO   ] DREAMPlace - full step 34.319 ms
[INFO   ] DREAMPlace - optimizer step 22.118 ms
[INFO   ] DREAMPlace - iteration  199, ( 199,  0,  0), Obj 2.151446E+07, DensityWeight 6.162874E-09, wHPWL 6.210034E+07, Overflow 8.157014E-01, MaxDensity 3.626E+02, gamma 6.494802E+02, time 5.072ms
[INFO   ] DREAMPlace - full step 34.317 ms
[INFO   ] DREAMPlace - plotting to shrink_results/s001/adaptec1/plot/iter0200.png takes 1.343 seconds
[INFO   ] DREAMPlace - optimizer step 23.154 ms
[INFO   ] DREAMPlace - iteration  200, ( 200,  0,  0), Obj 2.150478E+07, DensityWeight 6.342877E-09, wHPWL 6.207712E+07, Overflow 8.158891E-01, MaxDensity 3.361E+02, gamma 6.502535E+02, time 5.070ms
[INFO   ] DREAMPlace - full step 1381.937 ms
[INFO   ] DREAMPlace - optimizer step 22.073 ms
[INFO   ] DREAMPlace - iteration  201, ( 201,  0,  0), Obj 2.148215E+07, DensityWeight 6.527484E-09, wHPWL 6.205174E+07, Overflow 8.160981E-01, MaxDensity 3.320E+02, gamma 6.508782E+02, time 4.905ms
[INFO   ] DREAMPlace - full step 34.208 ms
[INFO   ] DREAMPlace - optimizer step 22.127 ms
[INFO   ] DREAMPlace - iteration  202, ( 202,  0,  0), Obj 2.146242E+07, DensityWeight 6.716792E-09, wHPWL 6.202641E+07, Overflow 8.161908E-01, MaxDensity 3.930E+02, gamma 6.515748E+02, time 5.054ms
[INFO   ] DREAMPlace - full step 34.311 ms
[INFO   ] DREAMPlace - optimizer step 22.102 ms
[INFO   ] DREAMPlace - iteration  203, ( 203,  0,  0), Obj 2.144141E+07, DensityWeight 6.911580E-09, wHPWL 6.200163E+07, Overflow 8.163875E-01, MaxDensity 3.602E+02, gamma 6.518839E+02, time 5.075ms
[INFO   ] DREAMPlace - full step 34.287 ms
[INFO   ] DREAMPlace - optimizer step 21.736 ms
[INFO   ] DREAMPlace - iteration  204, ( 204,  0,  0), Obj 2.142888E+07, DensityWeight 7.112016E-09, wHPWL 6.197861E+07, Overflow 8.163564E-01, MaxDensity 3.758E+02, gamma 6.525405E+02, time 5.449ms
[INFO   ] DREAMPlace - full step 34.208 ms
[INFO   ] DREAMPlace - optimizer step 22.098 ms
[INFO   ] DREAMPlace - iteration  205, ( 205,  0,  0), Obj 2.140910E+07, DensityWeight 7.318265E-09, wHPWL 6.195480E+07, Overflow 8.166409E-01, MaxDensity 3.755E+02, gamma 6.524366E+02, time 5.093ms
[INFO   ] DREAMPlace - full step 34.319 ms
[INFO   ] DREAMPlace - optimizer step 22.096 ms
[INFO   ] DREAMPlace - iteration  206, ( 206,  0,  0), Obj 2.140506E+07, DensityWeight 7.530494E-09, wHPWL 6.193020E+07, Overflow 8.167033E-01, MaxDensity 3.652E+02, gamma 6.533871E+02, time 5.080ms
[INFO   ] DREAMPlace - full step 34.296 ms
[INFO   ] DREAMPlace - optimizer step 22.098 ms
[INFO   ] DREAMPlace - iteration  207, ( 207,  0,  0), Obj 2.137888E+07, DensityWeight 7.748879E-09, wHPWL 6.190404E+07, Overflow 8.170217E-01, MaxDensity 3.406E+02, gamma 6.535955E+02, time 5.081ms
[INFO   ] DREAMPlace - full step 34.304 ms
[INFO   ] DREAMPlace - optimizer step 22.098 ms
[INFO   ] DREAMPlace - iteration  208, ( 208,  0,  0), Obj 2.136820E+07, DensityWeight 7.973597E-09, wHPWL 6.187856E+07, Overflow 8.172545E-01, MaxDensity 3.948E+02, gamma 6.546613E+02, time 5.077ms
[INFO   ] DREAMPlace - full step 34.307 ms
[INFO   ] DREAMPlace - optimizer step 25.072 ms
[INFO   ] DREAMPlace - iteration  209, ( 209,  0,  0), Obj 2.133984E+07, DensityWeight 8.204831E-09, wHPWL 6.185311E+07, Overflow 8.175681E-01, MaxDensity 3.859E+02, gamma 6.554419E+02, time 6.579ms
[INFO   ] DREAMPlace - full step 38.803 ms
[INFO   ] DREAMPlace - optimizer step 22.126 ms
[INFO   ] DREAMPlace - iteration  210, ( 210,  0,  0), Obj 2.131746E+07, DensityWeight 8.442772E-09, wHPWL 6.182886E+07, Overflow 8.177332E-01, MaxDensity 3.587E+02, gamma 6.564939E+02, time 5.055ms
[INFO   ] DREAMPlace - full step 34.337 ms
[INFO   ] DREAMPlace - optimizer step 22.108 ms
[INFO   ] DREAMPlace - iteration  211, ( 211,  0,  0), Obj 2.128948E+07, DensityWeight 8.687612E-09, wHPWL 6.180460E+07, Overflow 8.179153E-01, MaxDensity 3.501E+02, gamma 6.570491E+02, time 5.064ms
[INFO   ] DREAMPlace - full step 34.308 ms
[INFO   ] DREAMPlace - optimizer step 22.127 ms
[INFO   ] DREAMPlace - iteration  212, ( 212,  0,  0), Obj 2.127197E+07, DensityWeight 8.939554E-09, wHPWL 6.178156E+07, Overflow 8.179579E-01, MaxDensity 3.770E+02, gamma 6.576616E+02, time 5.060ms
[INFO   ] DREAMPlace - full step 34.318 ms
[INFO   ] DREAMPlace - optimizer step 22.117 ms
[INFO   ] DREAMPlace - iteration  213, ( 213,  0,  0), Obj 2.125356E+07, DensityWeight 9.198802E-09, wHPWL 6.175879E+07, Overflow 8.182576E-01, MaxDensity 3.920E+02, gamma 6.578052E+02, time 5.060ms
[INFO   ] DREAMPlace - full step 34.308 ms
[INFO   ] DREAMPlace - optimizer step 22.124 ms
[INFO   ] DREAMPlace - iteration  214, ( 214,  0,  0), Obj 2.124499E+07, DensityWeight 9.465567E-09, wHPWL 6.173607E+07, Overflow 8.183177E-01, MaxDensity 3.820E+02, gamma 6.588143E+02, time 5.066ms
[INFO   ] DREAMPlace - full step 34.321 ms
[INFO   ] DREAMPlace - optimizer step 22.117 ms
[INFO   ] DREAMPlace - iteration  215, ( 215,  0,  0), Obj 2.121845E+07, DensityWeight 9.740069E-09, wHPWL 6.171213E+07, Overflow 8.185301E-01, MaxDensity 3.377E+02, gamma 6.590173E+02, time 5.068ms
[INFO   ] DREAMPlace - full step 34.320 ms
[INFO   ] DREAMPlace - optimizer step 22.128 ms
[INFO   ] DREAMPlace - iteration  216, ( 216,  0,  0), Obj 2.120843E+07, DensityWeight 1.002253E-08, wHPWL 6.168791E+07, Overflow 8.185797E-01, MaxDensity 3.548E+02, gamma 6.597338E+02, time 5.064ms
[INFO   ] DREAMPlace - full step 34.332 ms
[INFO   ] DREAMPlace - optimizer step 24.217 ms
[INFO   ] DREAMPlace - iteration  217, ( 217,  0,  0), Obj 2.118816E+07, DensityWeight 1.031318E-08, wHPWL 6.166389E+07, Overflow 8.188284E-01, MaxDensity 3.853E+02, gamma 6.599014E+02, time 5.072ms
[INFO   ] DREAMPlace - full step 36.415 ms
[INFO   ] DREAMPlace - optimizer step 22.126 ms
[INFO   ] DREAMPlace - iteration  218, ( 218,  0,  0), Obj 2.117949E+07, DensityWeight 1.061227E-08, wHPWL 6.164082E+07, Overflow 8.189080E-01, MaxDensity 3.878E+02, gamma 6.607417E+02, time 5.066ms
[INFO   ] DREAMPlace - full step 34.303 ms
[INFO   ] DREAMPlace - optimizer step 22.121 ms
[INFO   ] DREAMPlace - iteration  219, ( 219,  0,  0), Obj 2.115704E+07, DensityWeight 1.092002E-08, wHPWL 6.161703E+07, Overflow 8.191681E-01, MaxDensity 3.845E+02, gamma 6.610109E+02, time 5.067ms
[INFO   ] DREAMPlace - full step 34.309 ms
[INFO   ] DREAMPlace - optimizer step 22.109 ms
[INFO   ] DREAMPlace - iteration  220, ( 220,  0,  0), Obj 2.114622E+07, DensityWeight 1.123670E-08, wHPWL 6.159300E+07, Overflow 8.192051E-01, MaxDensity 3.358E+02, gamma 6.618911E+02, time 9.559ms
[INFO   ] DREAMPlace - full step 38.806 ms
[INFO   ] DREAMPlace - optimizer step 22.134 ms
[INFO   ] DREAMPlace - iteration  221, ( 221,  0,  0), Obj 2.112301E+07, DensityWeight 1.156257E-08, wHPWL 6.156873E+07, Overflow 8.192459E-01, MaxDensity 3.473E+02, gamma 6.620165E+02, time 5.037ms
[INFO   ] DREAMPlace - full step 34.281 ms
[INFO   ] DREAMPlace - optimizer step 22.122 ms
[INFO   ] DREAMPlace - iteration  222, ( 222,  0,  0), Obj 2.111555E+07, DensityWeight 1.189788E-08, wHPWL 6.154551E+07, Overflow 8.193827E-01, MaxDensity 3.773E+02, gamma 6.621545E+02, time 5.061ms
[INFO   ] DREAMPlace - full step 34.324 ms
[INFO   ] DREAMPlace - optimizer step 41.010 ms
[INFO   ] DREAMPlace - iteration  223, ( 223,  0,  0), Obj 2.110823E+07, DensityWeight 1.224292E-08, wHPWL 6.152223E+07, Overflow 8.193798E-01, MaxDensity 3.844E+02, gamma 6.626184E+02, time 5.064ms
[INFO   ] DREAMPlace - full step 53.207 ms
[INFO   ] DREAMPlace - optimizer step 22.107 ms
[INFO   ] DREAMPlace - iteration  224, ( 224,  0,  0), Obj 2.109428E+07, DensityWeight 1.259797E-08, wHPWL 6.149858E+07, Overflow 8.192040E-01, MaxDensity 3.582E+02, gamma 6.626085E+02, time 5.065ms
[INFO   ] DREAMPlace - full step 34.302 ms
[INFO   ] DREAMPlace - optimizer step 22.125 ms
[INFO   ] DREAMPlace - iteration  225, ( 225,  0,  0), Obj 2.108986E+07, DensityWeight 1.296331E-08, wHPWL 6.147330E+07, Overflow 8.192868E-01, MaxDensity 3.824E+02, gamma 6.620125E+02, time 5.048ms
[INFO   ] DREAMPlace - full step 34.328 ms
[INFO   ] DREAMPlace - optimizer step 22.124 ms
[INFO   ] DREAMPlace - iteration  226, ( 226,  0,  0), Obj 2.109784E+07, DensityWeight 1.333925E-08, wHPWL 6.144821E+07, Overflow 8.191679E-01, MaxDensity 3.407E+02, gamma 6.622930E+02, time 5.066ms
[INFO   ] DREAMPlace - full step 34.317 ms
[INFO   ] DREAMPlace - optimizer step 22.119 ms
[INFO   ] DREAMPlace - iteration  227, ( 227,  0,  0), Obj 2.108821E+07, DensityWeight 1.372609E-08, wHPWL 6.142236E+07, Overflow 8.190610E-01, MaxDensity 3.445E+02, gamma 6.618901E+02, time 5.065ms
[INFO   ] DREAMPlace - full step 34.311 ms
[INFO   ] DREAMPlace - optimizer step 22.117 ms
[INFO   ] DREAMPlace - iteration  228, ( 228,  0,  0), Obj 2.109244E+07, DensityWeight 1.412414E-08, wHPWL 6.139587E+07, Overflow 8.189170E-01, MaxDensity 3.262E+02, gamma 6.615285E+02, time 5.059ms
[INFO   ] DREAMPlace - full step 34.324 ms
[INFO   ] DREAMPlace - optimizer step 22.111 ms
[INFO   ] DREAMPlace - iteration  229, ( 229,  0,  0), Obj 2.109597E+07, DensityWeight 1.453374E-08, wHPWL 6.136775E+07, Overflow 8.187830E-01, MaxDensity 3.395E+02, gamma 6.610410E+02, time 5.069ms
[INFO   ] DREAMPlace - full step 34.311 ms
[INFO   ] DREAMPlace - optimizer step 22.136 ms
[INFO   ] DREAMPlace - iteration  230, ( 230,  0,  0), Obj 2.110238E+07, DensityWeight 1.495522E-08, wHPWL 6.133987E+07, Overflow 8.184326E-01, MaxDensity 3.532E+02, gamma 6.605880E+02, time 5.052ms
[INFO   ] DREAMPlace - full step 34.333 ms
[INFO   ] DREAMPlace - optimizer step 21.391 ms
[INFO   ] DREAMPlace - iteration  231, ( 231,  0,  0), Obj 2.110825E+07, DensityWeight 1.538893E-08, wHPWL 6.131087E+07, Overflow 8.181942E-01, MaxDensity 3.633E+02, gamma 6.594049E+02, time 5.770ms
[INFO   ] DREAMPlace - full step 34.325 ms
[INFO   ] DREAMPlace - optimizer step 22.128 ms
[INFO   ] DREAMPlace - iteration  232, ( 232,  0,  0), Obj 2.112931E+07, DensityWeight 1.583521E-08, wHPWL 6.128134E+07, Overflow 8.179721E-01, MaxDensity 3.853E+02, gamma 6.586008E+02, time 5.028ms
[INFO   ] DREAMPlace - full step 34.313 ms
[INFO   ] DREAMPlace - optimizer step 22.127 ms
[INFO   ] DREAMPlace - iteration  233, ( 233,  0,  0), Obj 2.114282E+07, DensityWeight 1.629443E-08, wHPWL 6.125002E+07, Overflow 8.177846E-01, MaxDensity 3.890E+02, gamma 6.578528E+02, time 5.056ms
[INFO   ] DREAMPlace - full step 34.306 ms
[INFO   ] DREAMPlace - optimizer step 22.121 ms
[INFO   ] DREAMPlace - iteration  234, ( 234,  0,  0), Obj 2.115515E+07, DensityWeight 1.676697E-08, wHPWL 6.121760E+07, Overflow 8.175350E-01, MaxDensity 4.178E+02, gamma 6.572220E+02, time 5.055ms
[INFO   ] DREAMPlace - full step 34.315 ms
[INFO   ] DREAMPlace - optimizer step 22.119 ms
[INFO   ] DREAMPlace - iteration  235, ( 235,  0,  0), Obj 2.116504E+07, DensityWeight 1.725321E-08, wHPWL 6.118364E+07, Overflow 8.172606E-01, MaxDensity 4.128E+02, gamma 6.563830E+02, time 5.056ms
[INFO   ] DREAMPlace - full step 34.330 ms
[INFO   ] DREAMPlace - optimizer step 22.105 ms
[INFO   ] DREAMPlace - iteration  236, ( 236,  0,  0), Obj 2.117951E+07, DensityWeight 1.775355E-08, wHPWL 6.115018E+07, Overflow 8.169668E-01, MaxDensity 3.710E+02, gamma 6.554622E+02, time 5.074ms
[INFO   ] DREAMPlace - full step 34.280 ms
[INFO   ] DREAMPlace - optimizer step 22.124 ms
[INFO   ] DREAMPlace - iteration  237, ( 237,  0,  0), Obj 2.119601E+07, DensityWeight 1.826841E-08, wHPWL 6.111628E+07, Overflow 8.167359E-01, MaxDensity 3.310E+02, gamma 6.544774E+02, time 5.058ms
[INFO   ] DREAMPlace - full step 34.311 ms
[INFO   ] DREAMPlace - optimizer step 22.116 ms
[INFO   ] DREAMPlace - iteration  238, ( 238,  0,  0), Obj 2.121404E+07, DensityWeight 1.879819E-08, wHPWL 6.108246E+07, Overflow 8.166502E-01, MaxDensity 3.408E+02, gamma 6.537047E+02, time 5.060ms
[INFO   ] DREAMPlace - full step 34.308 ms
[INFO   ] DREAMPlace - optimizer step 22.126 ms
[INFO   ] DREAMPlace - iteration  239, ( 239,  0,  0), Obj 2.122763E+07, DensityWeight 1.934334E-08, wHPWL 6.104659E+07, Overflow 8.165565E-01, MaxDensity 3.586E+02, gamma 6.534182E+02, time 5.057ms
[INFO   ] DREAMPlace - full step 34.325 ms
[INFO   ] DREAMPlace - plotting to shrink_results/s001/adaptec1/plot/iter0240.png takes 1.337 seconds
[INFO   ] DREAMPlace - optimizer step 23.575 ms
[INFO   ] DREAMPlace - iteration  240, ( 240,  0,  0), Obj 2.123109E+07, DensityWeight 1.990430E-08, wHPWL 6.101082E+07, Overflow 8.164803E-01, MaxDensity 3.965E+02, gamma 6.531049E+02, time 5.050ms
[INFO   ] DREAMPlace - full step 1375.655 ms
[INFO   ] DREAMPlace - optimizer step 22.054 ms
[INFO   ] DREAMPlace - iteration  241, ( 241,  0,  0), Obj 2.123518E+07, DensityWeight 2.048152E-08, wHPWL 6.097471E+07, Overflow 8.163204E-01, MaxDensity 4.183E+02, gamma 6.528504E+02, time 4.943ms
[INFO   ] DREAMPlace - full step 34.238 ms
[INFO   ] DREAMPlace - optimizer step 22.074 ms
[INFO   ] DREAMPlace - iteration  242, ( 242,  0,  0), Obj 2.123841E+07, DensityWeight 2.107549E-08, wHPWL 6.094128E+07, Overflow 8.161484E-01, MaxDensity 3.715E+02, gamma 6.523165E+02, time 5.081ms
[INFO   ] DREAMPlace - full step 34.280 ms
[INFO   ] DREAMPlace - optimizer step 22.110 ms
[INFO   ] DREAMPlace - iteration  243, ( 243,  0,  0), Obj 2.124770E+07, DensityWeight 2.168668E-08, wHPWL 6.090800E+07, Overflow 8.161547E-01, MaxDensity 3.375E+02, gamma 6.517424E+02, time 5.050ms
[INFO   ] DREAMPlace - full step 34.304 ms
[INFO   ] DREAMPlace - optimizer step 22.114 ms
[INFO   ] DREAMPlace - iteration  244, ( 244,  0,  0), Obj 2.125797E+07, DensityWeight 2.231559E-08, wHPWL 6.087594E+07, Overflow 8.160385E-01, MaxDensity 3.169E+02, gamma 6.517633E+02, time 5.073ms
[INFO   ] DREAMPlace - full step 34.317 ms
[INFO   ] DREAMPlace - optimizer step 22.108 ms
[INFO   ] DREAMPlace - iteration  245, ( 245,  0,  0), Obj 2.125580E+07, DensityWeight 2.296274E-08, wHPWL 6.084199E+07, Overflow 8.160685E-01, MaxDensity 4.116E+02, gamma 6.513762E+02, time 5.055ms
[INFO   ] DREAMPlace - full step 34.295 ms
[INFO   ] DREAMPlace - optimizer step 22.115 ms
[INFO   ] DREAMPlace - iteration  246, ( 246,  0,  0), Obj 2.126207E+07, DensityWeight 2.362867E-08, wHPWL 6.080970E+07, Overflow 8.160990E-01, MaxDensity 4.144E+02, gamma 6.514763E+02, time 5.046ms
[INFO   ] DREAMPlace - full step 34.300 ms
[INFO   ] DREAMPlace - optimizer step 22.121 ms
[INFO   ] DREAMPlace - iteration  247, ( 247,  0,  0), Obj 2.125851E+07, DensityWeight 2.431390E-08, wHPWL 6.077718E+07, Overflow 8.160673E-01, MaxDensity 3.256E+02, gamma 6.515779E+02, time 5.033ms
[INFO   ] DREAMPlace - full step 34.312 ms
[INFO   ] DREAMPlace - optimizer step 22.101 ms
[INFO   ] DREAMPlace - iteration  248, ( 248,  0,  0), Obj 2.125516E+07, DensityWeight 2.501900E-08, wHPWL 6.074780E+07, Overflow 8.159254E-01, MaxDensity 3.986E+02, gamma 6.514720E+02, time 5.058ms
[INFO   ] DREAMPlace - full step 34.284 ms
[INFO   ] DREAMPlace - optimizer step 22.114 ms
[INFO   ] DREAMPlace - iteration  249, ( 249,  0,  0), Obj 2.125615E+07, DensityWeight 2.574455E-08, wHPWL 6.071774E+07, Overflow 8.159035E-01, MaxDensity 3.535E+02, gamma 6.509990E+02, time 5.056ms
[INFO   ] DREAMPlace - full step 34.309 ms
[INFO   ] DREAMPlace - optimizer step 22.062 ms
[INFO   ] DREAMPlace - iteration  250, ( 250,  0,  0), Obj 2.126493E+07, DensityWeight 2.649115E-08, wHPWL 6.068996E+07, Overflow 8.157828E-01, MaxDensity 3.605E+02, gamma 6.509263E+02, time 5.101ms
[INFO   ] DREAMPlace - full step 34.313 ms
[INFO   ] DREAMPlace - optimizer step 22.120 ms
[INFO   ] DREAMPlace - iteration  251, ( 251,  0,  0), Obj 2.126555E+07, DensityWeight 2.725939E-08, wHPWL 6.066066E+07, Overflow 8.156900E-01, MaxDensity 3.760E+02, gamma 6.505245E+02, time 5.063ms
[INFO   ] DREAMPlace - full step 34.302 ms
[INFO   ] DREAMPlace - optimizer step 22.137 ms
[INFO   ] DREAMPlace - iteration  252, ( 252,  0,  0), Obj 2.127299E+07, DensityWeight 2.804992E-08, wHPWL 6.063328E+07, Overflow 8.155657E-01, MaxDensity 3.832E+02, gamma 6.502158E+02, time 5.055ms
[INFO   ] DREAMPlace - full step 34.320 ms
[INFO   ] DREAMPlace - optimizer step 22.132 ms
[INFO   ] DREAMPlace - iteration  253, ( 253,  0,  0), Obj 2.127860E+07, DensityWeight 2.886337E-08, wHPWL 6.060432E+07, Overflow 8.155271E-01, MaxDensity 3.702E+02, gamma 6.498021E+02, time 5.070ms
[INFO   ] DREAMPlace - full step 34.336 ms
[INFO   ] DREAMPlace - optimizer step 22.120 ms
[INFO   ] DREAMPlace - iteration  254, ( 254,  0,  0), Obj 2.128657E+07, DensityWeight 2.970040E-08, wHPWL 6.057786E+07, Overflow 8.155364E-01, MaxDensity 4.140E+02, gamma 6.496737E+02, time 5.059ms
[INFO   ] DREAMPlace - full step 34.321 ms
[INFO   ] DREAMPlace - optimizer step 22.112 ms
[INFO   ] DREAMPlace - iteration  255, ( 255,  0,  0), Obj 2.128870E+07, DensityWeight 3.056172E-08, wHPWL 6.054981E+07, Overflow 8.154137E-01, MaxDensity 3.474E+02, gamma 6.497048E+02, time 5.086ms
[INFO   ] DREAMPlace - full step 34.328 ms
[INFO   ] DREAMPlace - optimizer step 22.531 ms
[INFO   ] DREAMPlace - iteration  256, ( 256,  0,  0), Obj 2.128756E+07, DensityWeight 3.144801E-08, wHPWL 6.052424E+07, Overflow 8.153660E-01, MaxDensity 3.644E+02, gamma 6.492968E+02, time 5.040ms
[INFO   ] DREAMPlace - full step 34.316 ms
[INFO   ] DREAMPlace - optimizer step 22.140 ms
[INFO   ] DREAMPlace - iteration  257, ( 257,  0,  0), Obj 2.129556E+07, DensityWeight 3.236000E-08, wHPWL 6.049773E+07, Overflow 8.152754E-01, MaxDensity 3.308E+02, gamma 6.491384E+02, time 5.059ms
[INFO   ] DREAMPlace - full step 34.334 ms
[INFO   ] DREAMPlace - optimizer step 2.885 ms
[INFO   ] DREAMPlace - iteration  258, ( 258,  0,  0), Obj 2.129865E+07, DensityWeight 3.329844E-08, wHPWL 6.047430E+07, Overflow 8.152782E-01, MaxDensity 3.640E+02, gamma 6.488376E+02, time 72.040ms
[INFO   ] DREAMPlace - full step 77.825 ms
[INFO   ] DREAMPlace - optimizer step 2.177 ms
[INFO   ] DREAMPlace - iteration  259, ( 259,  0,  0), Obj 2.130474E+07, DensityWeight 3.426410E-08, wHPWL 6.044969E+07, Overflow 8.152689E-01, MaxDensity 3.402E+02, gamma 6.488470E+02, time 0.681ms
[INFO   ] DREAMPlace - full step 3.314 ms
[INFO   ] DREAMPlace - optimizer step 3.331 ms
[INFO   ] DREAMPlace - iteration  260, ( 260,  0,  0), Obj 2.130444E+07, DensityWeight 3.525776E-08, wHPWL 6.042739E+07, Overflow 8.152988E-01, MaxDensity 4.066E+02, gamma 6.488160E+02, time 0.652ms
[INFO   ] DREAMPlace - full step 5.299 ms
[INFO   ] DREAMPlace - optimizer step 2.166 ms
[INFO   ] DREAMPlace - iteration  261, ( 261,  0,  0), Obj 2.130494E+07, DensityWeight 3.628024E-08, wHPWL 6.040385E+07, Overflow 8.152333E-01, MaxDensity 3.400E+02, gamma 6.489152E+02, time 0.667ms
[INFO   ] DREAMPlace - full step 3.287 ms
[INFO   ] DREAMPlace - optimizer step 2.136 ms
[INFO   ] DREAMPlace - iteration  262, ( 262,  0,  0), Obj 2.130291E+07, DensityWeight 3.733237E-08, wHPWL 6.038376E+07, Overflow 8.152928E-01, MaxDensity 3.922E+02, gamma 6.486981E+02, time 0.658ms
[INFO   ] DREAMPlace - full step 3.558 ms
[INFO   ] DREAMPlace - optimizer step 2.169 ms
[INFO   ] DREAMPlace - iteration  263, ( 263,  0,  0), Obj 2.130754E+07, DensityWeight 3.841501E-08, wHPWL 6.036318E+07, Overflow 8.154479E-01, MaxDensity 3.225E+02, gamma 6.488953E+02, time 0.662ms
[INFO   ] DREAMPlace - full step 3.288 ms
[INFO   ] DREAMPlace - optimizer step 3.882 ms
[INFO   ] DREAMPlace - iteration  264, ( 264,  0,  0), Obj 2.130373E+07, DensityWeight 3.952905E-08, wHPWL 6.034562E+07, Overflow 8.155936E-01, MaxDensity 3.474E+02, gamma 6.494107E+02, time 0.655ms
[INFO   ] DREAMPlace - full step 5.007 ms
[INFO   ] DREAMPlace - optimizer step 2.491 ms
[INFO   ] DREAMPlace - iteration  265, ( 265,  0,  0), Obj 2.129326E+07, DensityWeight 4.067539E-08, wHPWL 6.032680E+07, Overflow 8.156759E-01, MaxDensity 3.366E+02, gamma 6.498949E+02, time 16.444ms
[INFO   ] DREAMPlace - full step 19.431 ms
[INFO   ] DREAMPlace - optimizer step 7.843 ms
[INFO   ] DREAMPlace - iteration  266, ( 266,  0,  0), Obj 2.128345E+07, DensityWeight 4.185498E-08, wHPWL 6.031162E+07, Overflow 8.157551E-01, MaxDensity 3.502E+02, gamma 6.501686E+02, time 0.672ms
[INFO   ] DREAMPlace - full step 9.391 ms
[INFO   ] DREAMPlace - optimizer step 2.318 ms
[INFO   ] DREAMPlace - iteration  267, ( 267,  0,  0), Obj 2.127815E+07, DensityWeight 4.306878E-08, wHPWL 6.029673E+07, Overflow 8.158463E-01, MaxDensity 3.871E+02, gamma 6.504323E+02, time 0.720ms
[INFO   ] DREAMPlace - full step 3.507 ms
[INFO   ] DREAMPlace - optimizer step 2.185 ms
[INFO   ] DREAMPlace - iteration  268, ( 268,  0,  0), Obj 2.127326E+07, DensityWeight 4.431777E-08, wHPWL 6.028588E+07, Overflow 8.159330E-01, MaxDensity 3.461E+02, gamma 6.507358E+02, time 0.688ms
[INFO   ] DREAMPlace - full step 3.359 ms
[INFO   ] DREAMPlace - optimizer step 2.219 ms
[INFO   ] DREAMPlace - iteration  269, ( 269,  0,  0), Obj 2.126756E+07, DensityWeight 4.560299E-08, wHPWL 6.027400E+07, Overflow 8.160087E-01, MaxDensity 3.639E+02, gamma 6.510244E+02, time 0.677ms
[INFO   ] DREAMPlace - full step 3.374 ms
[INFO   ] DREAMPlace - optimizer step 2.185 ms
[INFO   ] DREAMPlace - iteration  270, ( 270,  0,  0), Obj 2.126211E+07, DensityWeight 4.692548E-08, wHPWL 6.026464E+07, Overflow 8.160645E-01, MaxDensity 3.590E+02, gamma 6.512769E+02, time 0.680ms
[INFO   ] DREAMPlace - full step 3.328 ms
[INFO   ] DREAMPlace - optimizer step 2.177 ms
[INFO   ] DREAMPlace - iteration  271, ( 271,  0,  0), Obj 2.125743E+07, DensityWeight 4.828632E-08, wHPWL 6.025432E+07, Overflow 8.161190E-01, MaxDensity 3.259E+02, gamma 6.514627E+02, time 0.720ms
[INFO   ] DREAMPlace - full step 3.368 ms
[INFO   ] DREAMPlace - optimizer step 2.193 ms
[INFO   ] DREAMPlace - iteration  272, ( 272,  0,  0), Obj 2.125426E+07, DensityWeight 4.968663E-08, wHPWL 6.024742E+07, Overflow 8.160937E-01, MaxDensity 3.361E+02, gamma 6.516446E+02, time 0.679ms
[INFO   ] DREAMPlace - full step 3.336 ms
[INFO   ] DREAMPlace - optimizer step 2.199 ms
[INFO   ] DREAMPlace - iteration  273, ( 273,  0,  0), Obj 2.125126E+07, DensityWeight 5.112754E-08, wHPWL 6.023986E+07, Overflow 8.161668E-01, MaxDensity 3.410E+02, gamma 6.515604E+02, time 0.670ms
[INFO   ] DREAMPlace - full step 3.348 ms
[INFO   ] DREAMPlace - optimizer step 2.224 ms
[INFO   ] DREAMPlace - iteration  274, ( 274,  0,  0), Obj 2.125375E+07, DensityWeight 5.261024E-08, wHPWL 6.023496E+07, Overflow 8.162217E-01, MaxDensity 3.224E+02, gamma 6.518038E+02, time 0.671ms
[INFO   ] DREAMPlace - full step 3.370 ms
[INFO   ] DREAMPlace - optimizer step 2.397 ms
[INFO   ] DREAMPlace - iteration  275, ( 275,  0,  0), Obj 2.124951E+07, DensityWeight 5.413594E-08, wHPWL 6.022849E+07, Overflow 8.163064E-01, MaxDensity 3.592E+02, gamma 6.519872E+02, time 0.670ms
[INFO   ] DREAMPlace - full step 3.535 ms
[INFO   ] DREAMPlace - optimizer step 2.202 ms
[INFO   ] DREAMPlace - iteration  276, ( 276,  0,  0), Obj 2.124651E+07, DensityWeight 5.570588E-08, wHPWL 6.022477E+07, Overflow 8.163413E-01, MaxDensity 3.624E+02, gamma 6.522693E+02, time 0.673ms
[INFO   ] DREAMPlace - full step 3.365 ms
[INFO   ] DREAMPlace - optimizer step 2.361 ms
[INFO   ] DREAMPlace - iteration  277, ( 277,  0,  0), Obj 2.124153E+07, DensityWeight 5.732135E-08, wHPWL 6.022046E+07, Overflow 8.164504E-01, MaxDensity 3.532E+02, gamma 6.523862E+02, time 0.679ms
[INFO   ] DREAMPlace - full step 3.517 ms
[INFO   ] DREAMPlace - optimizer step 3.031 ms
[INFO   ] DREAMPlace - iteration  278, ( 278,  0,  0), Obj 2.124004E+07, DensityWeight 5.898368E-08, wHPWL 6.021945E+07, Overflow 8.165506E-01, MaxDensity 3.374E+02, gamma 6.527502E+02, time 67.713ms
[INFO   ] DREAMPlace - full step 71.285 ms
[INFO   ] DREAMPlace - optimizer step 2.420 ms
[INFO   ] DREAMPlace - iteration  279, ( 279,  0,  0), Obj 2.123353E+07, DensityWeight 6.069421E-08, wHPWL 6.021776E+07, Overflow 8.165908E-01, MaxDensity 3.298E+02, gamma 6.530850E+02, time 4.246ms
[INFO   ] DREAMPlace - full step 7.197 ms
[INFO   ] DREAMPlace - plotting to shrink_results/s001/adaptec1/plot/iter0280.png takes 1.364 seconds
[INFO   ] DREAMPlace - optimizer step 4.716 ms
[INFO   ] DREAMPlace - iteration  280, ( 280,  0,  0), Obj 2.122761E+07, DensityWeight 6.245434E-08, wHPWL 6.021894E+07, Overflow 8.166784E-01, MaxDensity 3.479E+02, gamma 6.532197E+02, time 0.696ms
[INFO   ] DREAMPlace - full step 1372.009 ms
[INFO   ] DREAMPlace - optimizer step 2.380 ms
[INFO   ] DREAMPlace - iteration  281, ( 281,  0,  0), Obj 2.122580E+07, DensityWeight 6.556630E-08, wHPWL 6.021964E+07, Overflow 8.167214E-01, MaxDensity 3.520E+02, gamma 6.535123E+02, time 0.757ms
[INFO   ] DREAMPlace - full step 3.856 ms
[INFO   ] DREAMPlace - optimizer step 2.287 ms
[INFO   ] DREAMPlace - iteration  282, ( 282,  0,  0), Obj 2.122086E+07, DensityWeight 6.883782E-08, wHPWL 6.022340E+07, Overflow 8.166924E-01, MaxDensity 3.442E+02, gamma 6.536564E+02, time 0.694ms
[INFO   ] DREAMPlace - full step 3.478 ms
[INFO   ] DREAMPlace - optimizer step 2.336 ms
[INFO   ] DREAMPlace - iteration  283, ( 283,  0,  0), Obj 2.121899E+07, DensityWeight 7.224187E-08, wHPWL 6.022694E+07, Overflow 8.167067E-01, MaxDensity 3.294E+02, gamma 6.535593E+02, time 0.695ms
[INFO   ] DREAMPlace - full step 3.503 ms
[INFO   ] DREAMPlace - optimizer step 2.211 ms
[INFO   ] DREAMPlace - iteration  284, ( 284,  0,  0), Obj 2.122215E+07, DensityWeight 7.581649E-08, wHPWL 6.023368E+07, Overflow 8.167595E-01, MaxDensity 3.618E+02, gamma 6.536070E+02, time 0.692ms
[INFO   ] DREAMPlace - full step 3.394 ms
[INFO   ] DREAMPlace - optimizer step 2.268 ms
[INFO   ] DREAMPlace - iteration  285, ( 285,  0,  0), Obj 2.122245E+07, DensityWeight 7.953264E-08, wHPWL 6.024001E+07, Overflow 8.167090E-01, MaxDensity 3.128E+02, gamma 6.537836E+02, time 0.692ms
[INFO   ] DREAMPlace - full step 3.440 ms
[INFO   ] DREAMPlace - optimizer step 2.217 ms
[INFO   ] DREAMPlace - iteration  286, ( 286,  0,  0), Obj 2.122015E+07, DensityWeight 8.343558E-08, wHPWL 6.024937E+07, Overflow 8.166378E-01, MaxDensity 3.138E+02, gamma 6.536149E+02, time 0.690ms
[INFO   ] DREAMPlace - full step 3.377 ms
[INFO   ] DREAMPlace - optimizer step 2.182 ms
[INFO   ] DREAMPlace - iteration  287, ( 287,  0,  0), Obj 2.122496E+07, DensityWeight 8.749312E-08, wHPWL 6.025861E+07, Overflow 8.166268E-01, MaxDensity 3.485E+02, gamma 6.533767E+02, time 0.670ms
[INFO   ] DREAMPlace - full step 3.319 ms
[INFO   ] DREAMPlace - optimizer step 2.193 ms
[INFO   ] DREAMPlace - iteration  288, ( 288,  0,  0), Obj 2.123133E+07, DensityWeight 9.174952E-08, wHPWL 6.027111E+07, Overflow 8.164915E-01, MaxDensity 3.122E+02, gamma 6.533398E+02, time 0.688ms
[INFO   ] DREAMPlace - full step 3.352 ms
[INFO   ] DREAMPlace - optimizer step 2.213 ms
[INFO   ] DREAMPlace - iteration  289, ( 289,  0,  0), Obj 2.123372E+07, DensityWeight 9.616927E-08, wHPWL 6.028346E+07, Overflow 8.163942E-01, MaxDensity 3.160E+02, gamma 6.528878E+02, time 0.720ms
[INFO   ] DREAMPlace - full step 3.405 ms
[INFO   ] DREAMPlace - optimizer step 2.201 ms
[INFO   ] DREAMPlace - iteration  290, ( 290,  0,  0), Obj 2.124466E+07, DensityWeight 1.008040E-07, wHPWL 6.029898E+07, Overflow 8.163149E-01, MaxDensity 3.246E+02, gamma 6.525626E+02, time 0.691ms
[INFO   ] DREAMPlace - full step 3.369 ms
[INFO   ] DREAMPlace - optimizer step 2.185 ms
[INFO   ] DREAMPlace - iteration  291, ( 291,  0,  0), Obj 2.125314E+07, DensityWeight 1.056155E-07, wHPWL 6.031394E+07, Overflow 8.161927E-01, MaxDensity 3.208E+02, gamma 6.522980E+02, time 0.684ms
[INFO   ] DREAMPlace - full step 3.336 ms
[INFO   ] DREAMPlace - optimizer step 2.201 ms
[INFO   ] DREAMPlace - iteration  292, ( 292,  0,  0), Obj 2.126049E+07, DensityWeight 1.106652E-07, wHPWL 6.033212E+07, Overflow 8.160605E-01, MaxDensity 3.336E+02, gamma 6.518904E+02, time 0.691ms
[INFO   ] DREAMPlace - full step 3.357 ms
[INFO   ] DREAMPlace - optimizer step 2.244 ms
[INFO   ] DREAMPlace - iteration  293, ( 293,  0,  0), Obj 2.127092E+07, DensityWeight 1.159043E-07, wHPWL 6.035027E+07, Overflow 8.159524E-01, MaxDensity 3.381E+02, gamma 6.514493E+02, time 0.690ms
[INFO   ] DREAMPlace - full step 3.410 ms
[INFO   ] DREAMPlace - optimizer step 2.206 ms
[INFO   ] DREAMPlace - iteration  294, ( 294,  0,  0), Obj 2.128220E+07, DensityWeight 1.213920E-07, wHPWL 6.037184E+07, Overflow 8.157451E-01, MaxDensity 3.466E+02, gamma 6.510892E+02, time 0.681ms
[INFO   ] DREAMPlace - full step 3.349 ms
[INFO   ] DREAMPlace - optimizer step 2.216 ms
[INFO   ] DREAMPlace - iteration  295, ( 295,  0,  0), Obj 2.129200E+07, DensityWeight 1.270789E-07, wHPWL 6.039340E+07, Overflow 8.156361E-01, MaxDensity 2.790E+02, gamma 6.503989E+02, time 0.679ms
[INFO   ] DREAMPlace - full step 3.382 ms
[INFO   ] DREAMPlace - optimizer step 2.198 ms
[INFO   ] DREAMPlace - iteration  296, ( 296,  0,  0), Obj 2.130874E+07, DensityWeight 1.330324E-07, wHPWL 6.041843E+07, Overflow 8.154936E-01, MaxDensity 2.728E+02, gamma 6.500362E+02, time 0.684ms
[INFO   ] DREAMPlace - full step 3.355 ms
[INFO   ] DREAMPlace - optimizer step 2.224 ms
[INFO   ] DREAMPlace - iteration  297, ( 297,  0,  0), Obj 2.131897E+07, DensityWeight 1.391975E-07, wHPWL 6.044313E+07, Overflow 8.153184E-01, MaxDensity 2.648E+02, gamma 6.495626E+02, time 0.700ms
[INFO   ] DREAMPlace - full step 3.406 ms
[INFO   ] DREAMPlace - optimizer step 2.195 ms
[INFO   ] DREAMPlace - iteration  298, ( 298,  0,  0), Obj 2.133162E+07, DensityWeight 1.456550E-07, wHPWL 6.047151E+07, Overflow 8.151830E-01, MaxDensity 3.406E+02, gamma 6.489804E+02, time 0.684ms
[INFO   ] DREAMPlace - full step 3.355 ms
[INFO   ] DREAMPlace - optimizer step 2.213 ms
[INFO   ] DREAMPlace - iteration  299, ( 299,  0,  0), Obj 2.134677E+07, DensityWeight 1.523339E-07, wHPWL 6.049998E+07, Overflow 8.150201E-01, MaxDensity 2.830E+02, gamma 6.485309E+02, time 0.687ms
[INFO   ] DREAMPlace - full step 3.384 ms
[INFO   ] DREAMPlace - optimizer step 2.190 ms
[INFO   ] DREAMPlace - iteration  300, ( 300,  0,  0), Obj 2.135945E+07, DensityWeight 1.593171E-07, wHPWL 6.053243E+07, Overflow 8.148865E-01, MaxDensity 2.990E+02, gamma 6.479907E+02, time 0.691ms
[INFO   ] DREAMPlace - full step 3.357 ms
[INFO   ] DREAMPlace - optimizer step 2.213 ms
[INFO   ] DREAMPlace - iteration  301, ( 301,  0,  0), Obj 2.137426E+07, DensityWeight 1.665278E-07, wHPWL 6.056498E+07, Overflow 8.147970E-01, MaxDensity 2.987E+02, gamma 6.475476E+02, time 0.696ms
[INFO   ] DREAMPlace - full step 3.402 ms
[INFO   ] DREAMPlace - optimizer step 2.196 ms
[INFO   ] DREAMPlace - iteration  302, ( 302,  0,  0), Obj 2.138728E+07, DensityWeight 1.740626E-07, wHPWL 6.060148E+07, Overflow 8.146436E-01, MaxDensity 2.815E+02, gamma 6.472513E+02, time 0.687ms
[INFO   ] DREAMPlace - full step 3.349 ms
[INFO   ] DREAMPlace - optimizer step 2.188 ms
[INFO   ] DREAMPlace - iteration  303, ( 303,  0,  0), Obj 2.139755E+07, DensityWeight 1.818380E-07, wHPWL 6.063816E+07, Overflow 8.144901E-01, MaxDensity 2.736E+02, gamma 6.467433E+02, time 0.697ms
[INFO   ] DREAMPlace - full step 3.357 ms
[INFO   ] DREAMPlace - optimizer step 2.231 ms
[INFO   ] DREAMPlace - iteration  304, ( 304,  0,  0), Obj 2.141246E+07, DensityWeight 1.899564E-07, wHPWL 6.067953E+07, Overflow 8.142747E-01, MaxDensity 2.573E+02, gamma 6.462356E+02, time 0.687ms
[INFO   ] DREAMPlace - full step 3.395 ms
[INFO   ] DREAMPlace - optimizer step 2.198 ms
[INFO   ] DREAMPlace - iteration  305, ( 305,  0,  0), Obj 2.142785E+07, DensityWeight 1.983070E-07, wHPWL 6.072140E+07, Overflow 8.140923E-01, MaxDensity 2.913E+02, gamma 6.455238E+02, time 0.704ms
[INFO   ] DREAMPlace - full step 3.396 ms
[INFO   ] DREAMPlace - optimizer step 2.204 ms
[INFO   ] DREAMPlace - iteration  306, ( 306,  0,  0), Obj 2.144781E+07, DensityWeight 2.070105E-07, wHPWL 6.076781E+07, Overflow 8.138543E-01, MaxDensity 2.559E+02, gamma 6.449216E+02, time 0.688ms
[INFO   ] DREAMPlace - full step 3.365 ms
[INFO   ] DREAMPlace - optimizer step 2.201 ms
[INFO   ] DREAMPlace - iteration  307, ( 307,  0,  0), Obj 2.146589E+07, DensityWeight 2.159594E-07, wHPWL 6.081386E+07, Overflow 8.137063E-01, MaxDensity 2.539E+02, gamma 6.441368E+02, time 0.680ms
[INFO   ] DREAMPlace - full step 3.349 ms
[INFO   ] DREAMPlace - optimizer step 2.204 ms
[INFO   ] DREAMPlace - iteration  308, ( 308,  0,  0), Obj 2.148801E+07, DensityWeight 2.253063E-07, wHPWL 6.086390E+07, Overflow 8.133699E-01, MaxDensity 2.700E+02, gamma 6.436490E+02, time 0.664ms
[INFO   ] DREAMPlace - full step 3.352 ms
[INFO   ] DREAMPlace - optimizer step 2.297 ms
[INFO   ] DREAMPlace - iteration  309, ( 309,  0,  0), Obj 2.150442E+07, DensityWeight 2.349272E-07, wHPWL 6.091388E+07, Overflow 8.130925E-01, MaxDensity 2.558E+02, gamma 6.425421E+02, time 0.666ms
[INFO   ] DREAMPlace - full step 3.444 ms
[INFO   ] DREAMPlace - optimizer step 2.180 ms
[INFO   ] DREAMPlace - iteration  310, ( 310,  0,  0), Obj 2.153414E+07, DensityWeight 2.449611E-07, wHPWL 6.096842E+07, Overflow 8.126044E-01, MaxDensity 2.822E+02, gamma 6.416309E+02, time 0.683ms
[INFO   ] DREAMPlace - full step 3.345 ms
[INFO   ] DREAMPlace - optimizer step 2.231 ms
[INFO   ] DREAMPlace - iteration  311, ( 311,  0,  0), Obj 2.156056E+07, DensityWeight 2.552607E-07, wHPWL 6.102317E+07, Overflow 8.121273E-01, MaxDensity 2.259E+02, gamma 6.400302E+02, time 0.686ms
[INFO   ] DREAMPlace - full step 3.404 ms
[INFO   ] DREAMPlace - optimizer step 2.252 ms
[INFO   ] DREAMPlace - iteration  312, ( 312,  0,  0), Obj 2.160184E+07, DensityWeight 2.659861E-07, wHPWL 6.108134E+07, Overflow 8.117004E-01, MaxDensity 2.281E+02, gamma 6.384695E+02, time 0.680ms
[INFO   ] DREAMPlace - full step 3.410 ms
[INFO   ] DREAMPlace - optimizer step 2.251 ms
[INFO   ] DREAMPlace - iteration  313, ( 313,  0,  0), Obj 2.164301E+07, DensityWeight 2.770296E-07, wHPWL 6.113841E+07, Overflow 8.111776E-01, MaxDensity 2.786E+02, gamma 6.370765E+02, time 0.684ms
[INFO   ] DREAMPlace - full step 3.425 ms
[INFO   ] DREAMPlace - optimizer step 2.234 ms
[INFO   ] DREAMPlace - iteration  314, ( 314,  0,  0), Obj 2.168093E+07, DensityWeight 2.885764E-07, wHPWL 6.119764E+07, Overflow 8.106683E-01, MaxDensity 2.482E+02, gamma 6.353746E+02, time 0.686ms
[INFO   ] DREAMPlace - full step 3.383 ms
[INFO   ] DREAMPlace - optimizer step 2.203 ms
[INFO   ] DREAMPlace - iteration  315, ( 315,  0,  0), Obj 2.172585E+07, DensityWeight 3.005136E-07, wHPWL 6.125607E+07, Overflow 8.101231E-01, MaxDensity 2.583E+02, gamma 6.337211E+02, time 0.684ms
[INFO   ] DREAMPlace - full step 3.356 ms
[INFO   ] DREAMPlace - optimizer step 2.206 ms
[INFO   ] DREAMPlace - iteration  316, ( 316,  0,  0), Obj 2.177049E+07, DensityWeight 3.129795E-07, wHPWL 6.131758E+07, Overflow 8.094832E-01, MaxDensity 2.412E+02, gamma 6.319554E+02, time 0.702ms
[INFO   ] DREAMPlace - full step 3.384 ms
[INFO   ] DREAMPlace - optimizer step 2.181 ms
[INFO   ] DREAMPlace - iteration  317, ( 317,  0,  0), Obj 2.181844E+07, DensityWeight 3.258226E-07, wHPWL 6.137953E+07, Overflow 8.087398E-01, MaxDensity 1.964E+02, gamma 6.298897E+02, time 0.679ms
[INFO   ] DREAMPlace - full step 3.323 ms
[INFO   ] DREAMPlace - optimizer step 2.219 ms
[INFO   ] DREAMPlace - iteration  318, ( 318,  0,  0), Obj 2.187328E+07, DensityWeight 3.391721E-07, wHPWL 6.144344E+07, Overflow 8.080807E-01, MaxDensity 2.020E+02, gamma 6.274982E+02, time 0.689ms
[INFO   ] DREAMPlace - full step 3.372 ms
[INFO   ] DREAMPlace - optimizer step 3.090 ms
[INFO   ] DREAMPlace - iteration  319, ( 319,  0,  0), Obj 2.193611E+07, DensityWeight 3.529720E-07, wHPWL 6.150714E+07, Overflow 8.074058E-01, MaxDensity 1.808E+02, gamma 6.253855E+02, time 0.697ms
[INFO   ] DREAMPlace - full step 4.291 ms
[INFO   ] DREAMPlace - plotting to shrink_results/s001/adaptec1/plot/iter0320.png takes 1.343 seconds
[INFO   ] DREAMPlace - optimizer step 4.565 ms
[INFO   ] DREAMPlace - iteration  320, ( 320,  0,  0), Obj 2.199349E+07, DensityWeight 3.673439E-07, wHPWL 6.157207E+07, Overflow 8.069370E-01, MaxDensity 2.137E+02, gamma 6.232295E+02, time 1.081ms
[INFO   ] DREAMPlace - full step 1349.663 ms
[INFO   ] DREAMPlace - optimizer step 2.318 ms
[INFO   ] DREAMPlace - iteration  321, ( 321,  0,  0), Obj 2.205232E+07, DensityWeight 3.822358E-07, wHPWL 6.163634E+07, Overflow 8.063571E-01, MaxDensity 1.946E+02, gamma 6.217364E+02, time 0.753ms
[INFO   ] DREAMPlace - full step 3.694 ms
[INFO   ] DREAMPlace - optimizer step 2.236 ms
[INFO   ] DREAMPlace - iteration  322, ( 322,  0,  0), Obj 2.209690E+07, DensityWeight 3.977682E-07, wHPWL 6.170192E+07, Overflow 8.058838E-01, MaxDensity 2.096E+02, gamma 6.198943E+02, time 0.703ms
[INFO   ] DREAMPlace - full step 3.443 ms
[INFO   ] DREAMPlace - optimizer step 2.217 ms
[INFO   ] DREAMPlace - iteration  323, ( 323,  0,  0), Obj 2.214978E+07, DensityWeight 4.138558E-07, wHPWL 6.176933E+07, Overflow 8.054362E-01, MaxDensity 1.920E+02, gamma 6.183947E+02, time 0.697ms
[INFO   ] DREAMPlace - full step 3.397 ms
[INFO   ] DREAMPlace - optimizer step 2.203 ms
[INFO   ] DREAMPlace - iteration  324, ( 324,  0,  0), Obj 2.219609E+07, DensityWeight 4.304841E-07, wHPWL 6.184028E+07, Overflow 8.049064E-01, MaxDensity 1.936E+02, gamma 6.169802E+02, time 0.744ms
[INFO   ] DREAMPlace - full step 3.437 ms
[INFO   ] DREAMPlace - optimizer step 2.222 ms
[INFO   ] DREAMPlace - iteration  325, ( 325,  0,  0), Obj 2.224140E+07, DensityWeight 4.475599E-07, wHPWL 6.191394E+07, Overflow 8.044590E-01, MaxDensity 1.712E+02, gamma 6.153097E+02, time 1.228ms
[INFO   ] DREAMPlace - full step 3.931 ms
[INFO   ] DREAMPlace - optimizer step 2.206 ms
[INFO   ] DREAMPlace - iteration  326, ( 326,  0,  0), Obj 2.229220E+07, DensityWeight 4.651371E-07, wHPWL 6.198918E+07, Overflow 8.040461E-01, MaxDensity 1.734E+02, gamma 6.139029E+02, time 0.689ms
[INFO   ] DREAMPlace - full step 3.363 ms
[INFO   ] DREAMPlace - optimizer step 2.171 ms
[INFO   ] DREAMPlace - iteration  327, ( 327,  0,  0), Obj 2.233838E+07, DensityWeight 4.832977E-07, wHPWL 6.206738E+07, Overflow 8.035602E-01, MaxDensity 1.699E+02, gamma 6.126071E+02, time 0.680ms
[INFO   ] DREAMPlace - full step 3.334 ms
[INFO   ] DREAMPlace - optimizer step 2.216 ms
[INFO   ] DREAMPlace - iteration  328, ( 328,  0,  0), Obj 2.238193E+07, DensityWeight 5.019613E-07, wHPWL 6.214739E+07, Overflow 8.030468E-01, MaxDensity 1.950E+02, gamma 6.110858E+02, time 0.679ms
[INFO   ] DREAMPlace - full step 3.374 ms
[INFO   ] DREAMPlace - optimizer step 2.162 ms
[INFO   ] DREAMPlace - iteration  329, ( 329,  0,  0), Obj 2.243141E+07, DensityWeight 5.212133E-07, wHPWL 6.223002E+07, Overflow 8.024512E-01, MaxDensity 1.749E+02, gamma 6.094825E+02, time 0.681ms
[INFO   ] DREAMPlace - full step 3.321 ms
[INFO   ] DREAMPlace - optimizer step 2.195 ms
[INFO   ] DREAMPlace - iteration  330, ( 330,  0,  0), Obj 2.248317E+07, DensityWeight 5.410058E-07, wHPWL 6.231542E+07, Overflow 8.016435E-01, MaxDensity 1.998E+02, gamma 6.076281E+02, time 0.675ms
[INFO   ] DREAMPlace - full step 3.335 ms
[INFO   ] DREAMPlace - optimizer step 2.196 ms
[INFO   ] DREAMPlace - iteration  331, ( 331,  0,  0), Obj 2.254194E+07, DensityWeight 5.613341E-07, wHPWL 6.240310E+07, Overflow 8.008683E-01, MaxDensity 1.786E+02, gamma 6.051219E+02, time 0.682ms
[INFO   ] DREAMPlace - full step 3.369 ms
[INFO   ] DREAMPlace - optimizer step 2.178 ms
[INFO   ] DREAMPlace - iteration  332, ( 332,  0,  0), Obj 2.261540E+07, DensityWeight 5.822399E-07, wHPWL 6.249156E+07, Overflow 8.000222E-01, MaxDensity 1.563E+02, gamma 6.027264E+02, time 0.673ms
[INFO   ] DREAMPlace - full step 3.317 ms
[INFO   ] DREAMPlace - optimizer step 2.204 ms
[INFO   ] DREAMPlace - iteration  333, ( 333,  0,  0), Obj 2.268817E+07, DensityWeight 6.038600E-07, wHPWL 6.258082E+07, Overflow 7.991262E-01, MaxDensity 1.537E+02, gamma 6.001227E+02, time 0.659ms
[INFO   ] DREAMPlace - full step 3.322 ms
[INFO   ] DREAMPlace - optimizer step 2.159 ms
[INFO   ] DREAMPlace - iteration  334, ( 334,  0,  0), Obj 2.276471E+07, DensityWeight 6.262124E-07, wHPWL 6.266832E+07, Overflow 7.982135E-01, MaxDensity 1.568E+02, gamma 5.973776E+02, time 0.693ms
[INFO   ] DREAMPlace - full step 3.317 ms
[INFO   ] DREAMPlace - optimizer step 2.160 ms
[INFO   ] DREAMPlace - iteration  335, ( 335,  0,  0), Obj 2.284583E+07, DensityWeight 6.495516E-07, wHPWL 6.275592E+07, Overflow 7.973995E-01, MaxDensity 1.596E+02, gamma 5.945943E+02, time 0.686ms
[INFO   ] DREAMPlace - full step 3.307 ms
[INFO   ] DREAMPlace - optimizer step 2.165 ms
[INFO   ] DREAMPlace - iteration  336, ( 336,  0,  0), Obj 2.292784E+07, DensityWeight 6.737508E-07, wHPWL 6.284339E+07, Overflow 7.965453E-01, MaxDensity 1.458E+02, gamma 5.921227E+02, time 0.672ms
[INFO   ] DREAMPlace - full step 3.335 ms
[INFO   ] DREAMPlace - optimizer step 2.169 ms
[INFO   ] DREAMPlace - iteration  337, ( 337,  0,  0), Obj 2.300416E+07, DensityWeight 6.988648E-07, wHPWL 6.293156E+07, Overflow 7.958491E-01, MaxDensity 1.340E+02, gamma 5.895402E+02, time 0.674ms
[INFO   ] DREAMPlace - full step 3.322 ms
[INFO   ] DREAMPlace - optimizer step 2.180 ms
[INFO   ] DREAMPlace - iteration  338, ( 338,  0,  0), Obj 2.308158E+07, DensityWeight 7.248433E-07, wHPWL 6.301880E+07, Overflow 7.951548E-01, MaxDensity 1.359E+02, gamma 5.874442E+02, time 0.696ms
[INFO   ] DREAMPlace - full step 3.348 ms
[INFO   ] DREAMPlace - optimizer step 2.178 ms
[INFO   ] DREAMPlace - iteration  339, ( 339,  0,  0), Obj 2.314929E+07, DensityWeight 7.518861E-07, wHPWL 6.310771E+07, Overflow 7.945701E-01, MaxDensity 1.298E+02, gamma 5.853605E+02, time 0.684ms
[INFO   ] DREAMPlace - full step 3.324 ms
[INFO   ] DREAMPlace - optimizer step 2.182 ms
[INFO   ] DREAMPlace - iteration  340, ( 340,  0,  0), Obj 2.321531E+07, DensityWeight 7.797561E-07, wHPWL 6.319744E+07, Overflow 7.939527E-01, MaxDensity 1.185E+02, gamma 5.836121E+02, time 0.690ms
[INFO   ] DREAMPlace - full step 3.341 ms
[INFO   ] DREAMPlace - optimizer step 2.162 ms
[INFO   ] DREAMPlace - iteration  341, ( 341,  0,  0), Obj 2.327515E+07, DensityWeight 8.085662E-07, wHPWL 6.329045E+07, Overflow 7.933640E-01, MaxDensity 1.228E+02, gamma 5.817712E+02, time 0.669ms
[INFO   ] DREAMPlace - full step 3.302 ms
[INFO   ] DREAMPlace - optimizer step 2.193 ms
[INFO   ] DREAMPlace - iteration  342, ( 342,  0,  0), Obj 2.333578E+07, DensityWeight 8.380580E-07, wHPWL 6.338470E+07, Overflow 7.927760E-01, MaxDensity 1.073E+02, gamma 5.800217E+02, time 0.693ms
[INFO   ] DREAMPlace - full step 3.346 ms
[INFO   ] DREAMPlace - optimizer step 2.199 ms
[INFO   ] DREAMPlace - iteration  343, ( 343,  0,  0), Obj 2.339616E+07, DensityWeight 8.684753E-07, wHPWL 6.348305E+07, Overflow 7.919211E-01, MaxDensity 1.018E+02, gamma 5.782789E+02, time 0.682ms
[INFO   ] DREAMPlace - full step 3.353 ms
[INFO   ] DREAMPlace - optimizer step 2.258 ms
[INFO   ] DREAMPlace - iteration  344, ( 344,  0,  0), Obj 2.345475E+07, DensityWeight 8.994819E-07, wHPWL 6.358140E+07, Overflow 7.910987E-01, MaxDensity 9.987E+01, gamma 5.757547E+02, time 0.684ms
[INFO   ] DREAMPlace - full step 3.412 ms
[INFO   ] DREAMPlace - optimizer step 2.200 ms
[INFO   ] DREAMPlace - iteration  345, ( 345,  0,  0), Obj 2.353389E+07, DensityWeight 9.315955E-07, wHPWL 6.368365E+07, Overflow 7.903332E-01, MaxDensity 9.177E+01, gamma 5.733371E+02, time 0.675ms
[INFO   ] DREAMPlace - full step 3.346 ms
[INFO   ] DREAMPlace - optimizer step 2.186 ms
[INFO   ] DREAMPlace - iteration  346, ( 346,  0,  0), Obj 2.361017E+07, DensityWeight 9.643319E-07, wHPWL 6.378352E+07, Overflow 7.891166E-01, MaxDensity 9.744E+01, gamma 5.710956E+02, time 0.649ms
[INFO   ] DREAMPlace - full step 3.311 ms
[INFO   ] DREAMPlace - optimizer step 2.228 ms
[INFO   ] DREAMPlace - iteration  347, ( 347,  0,  0), Obj 2.368270E+07, DensityWeight 9.985487E-07, wHPWL 6.388570E+07, Overflow 7.878569E-01, MaxDensity 8.693E+01, gamma 5.675516E+02, time 0.679ms
[INFO   ] DREAMPlace - full step 3.379 ms
[INFO   ] DREAMPlace - optimizer step 3.582 ms
[INFO   ] DREAMPlace - iteration  348, ( 348,  0,  0), Obj 2.378473E+07, DensityWeight 1.033648E-06, wHPWL 6.398033E+07, Overflow 7.868129E-01, MaxDensity 9.378E+01, gamma 5.639050E+02, time 6.183ms
[INFO   ] DREAMPlace - full step 10.235 ms
[INFO   ] DREAMPlace - optimizer step 3.678 ms
[INFO   ] DREAMPlace - iteration  349, ( 349,  0,  0), Obj 2.389471E+07, DensityWeight 1.071108E-06, wHPWL 6.408251E+07, Overflow 7.854357E-01, MaxDensity 8.373E+01, gamma 5.609008E+02, time 0.680ms
[INFO   ] DREAMPlace - full step 4.826 ms
[INFO   ] DREAMPlace - optimizer step 2.387 ms
[INFO   ] DREAMPlace - iteration  350, ( 350,  0,  0), Obj 2.398658E+07, DensityWeight 1.108756E-06, wHPWL 6.417459E+07, Overflow 7.839665E-01, MaxDensity 8.954E+01, gamma 5.569620E+02, time 0.689ms
[INFO   ] DREAMPlace - full step 3.533 ms
[INFO   ] DREAMPlace - optimizer step 2.328 ms
[INFO   ] DREAMPlace - iteration  351, ( 351,  0,  0), Obj 2.410116E+07, DensityWeight 1.149346E-06, wHPWL 6.426724E+07, Overflow 7.828410E-01, MaxDensity 7.438E+01, gamma 5.527909E+02, time 0.675ms
[INFO   ] DREAMPlace - full step 3.469 ms
[INFO   ] DREAMPlace - optimizer step 2.318 ms
[INFO   ] DREAMPlace - iteration  352, ( 352,  0,  0), Obj 2.422330E+07, DensityWeight 1.191328E-06, wHPWL 6.435380E+07, Overflow 7.816940E-01, MaxDensity 8.191E+01, gamma 5.496160E+02, time 0.673ms
[INFO   ] DREAMPlace - full step 3.452 ms
[INFO   ] DREAMPlace - optimizer step 2.237 ms
[INFO   ] DREAMPlace - iteration  353, ( 353,  0,  0), Obj 2.432380E+07, DensityWeight 1.235891E-06, wHPWL 6.444782E+07, Overflow 7.806799E-01, MaxDensity 7.412E+01, gamma 5.464001E+02, time 0.663ms
[INFO   ] DREAMPlace - full step 3.366 ms
[INFO   ] DREAMPlace - optimizer step 2.187 ms
[INFO   ] DREAMPlace - iteration  354, ( 354,  0,  0), Obj 2.442027E+07, DensityWeight 1.280788E-06, wHPWL 6.452807E+07, Overflow 7.795640E-01, MaxDensity 7.834E+01, gamma 5.435721E+02, time 0.669ms
[INFO   ] DREAMPlace - full step 3.324 ms
[INFO   ] DREAMPlace - optimizer step 2.288 ms
[INFO   ] DREAMPlace - iteration  355, ( 355,  0,  0), Obj 2.450919E+07, DensityWeight 1.329866E-06, wHPWL 6.461693E+07, Overflow 7.787510E-01, MaxDensity 8.248E+01, gamma 5.404772E+02, time 0.678ms
[INFO   ] DREAMPlace - full step 3.438 ms
[INFO   ] DREAMPlace - optimizer step 2.261 ms
[INFO   ] DREAMPlace - iteration  356, ( 356,  0,  0), Obj 2.460556E+07, DensityWeight 1.379170E-06, wHPWL 6.470130E+07, Overflow 7.775556E-01, MaxDensity 7.445E+01, gamma 5.382335E+02, time 0.688ms
[INFO   ] DREAMPlace - full step 3.412 ms
[INFO   ] DREAMPlace - optimizer step 2.494 ms
[INFO   ] DREAMPlace - iteration  357, ( 357,  0,  0), Obj 2.468314E+07, DensityWeight 1.431197E-06, wHPWL 6.479691E+07, Overflow 7.765024E-01, MaxDensity 7.253E+01, gamma 5.349513E+02, time 0.690ms
[INFO   ] DREAMPlace - full step 3.650 ms
[INFO   ] DREAMPlace - optimizer step 2.192 ms
[INFO   ] DREAMPlace - iteration  358, ( 358,  0,  0), Obj 2.478472E+07, DensityWeight 1.482859E-06, wHPWL 6.488266E+07, Overflow 7.751380E-01, MaxDensity 6.871E+01, gamma 5.320760E+02, time 0.684ms
[INFO   ] DREAMPlace - full step 3.347 ms
[INFO   ] DREAMPlace - optimizer step 2.197 ms
[INFO   ] DREAMPlace - iteration  359, ( 359,  0,  0), Obj 2.488018E+07, DensityWeight 1.538501E-06, wHPWL 6.497901E+07, Overflow 7.738081E-01, MaxDensity 6.851E+01, gamma 5.283745E+02, time 0.692ms
[INFO   ] DREAMPlace - full step 3.357 ms
[INFO   ] DREAMPlace - plotting to shrink_results/s001/adaptec1/plot/iter0360.png takes 1.275 seconds
[INFO   ] DREAMPlace - optimizer step 3.963 ms
[INFO   ] DREAMPlace - iteration  360, ( 360,  0,  0), Obj 2.499679E+07, DensityWeight 1.593875E-06, wHPWL 6.506769E+07, Overflow 7.722218E-01, MaxDensity 6.271E+01, gamma 5.247911E+02, time 0.670ms
[INFO   ] DREAMPlace - full step 1282.332 ms
[INFO   ] DREAMPlace - optimizer step 2.628 ms
[INFO   ] DREAMPlace - iteration  361, ( 361,  0,  0), Obj 2.511408E+07, DensityWeight 1.653006E-06, wHPWL 6.516311E+07, Overflow 7.708384E-01, MaxDensity 6.244E+01, gamma 5.205486E+02, time 0.817ms
[INFO   ] DREAMPlace - full step 4.165 ms
[INFO   ] DREAMPlace - optimizer step 2.336 ms
[INFO   ] DREAMPlace - iteration  362, ( 362,  0,  0), Obj 2.524819E+07, DensityWeight 1.712722E-06, wHPWL 6.524916E+07, Overflow 7.691692E-01, MaxDensity 5.857E+01, gamma 5.168768E+02, time 0.694ms
[INFO   ] DREAMPlace - full step 3.532 ms
[INFO   ] DREAMPlace - optimizer step 2.249 ms
[INFO   ] DREAMPlace - iteration  363, ( 363,  0,  0), Obj 2.537076E+07, DensityWeight 1.776917E-06, wHPWL 6.534020E+07, Overflow 7.678002E-01, MaxDensity 5.799E+01, gamma 5.124810E+02, time 0.743ms
[INFO   ] DREAMPlace - full step 3.474 ms
[INFO   ] DREAMPlace - optimizer step 2.273 ms
[INFO   ] DREAMPlace - iteration  364, ( 364,  0,  0), Obj 2.551338E+07, DensityWeight 1.842233E-06, wHPWL 6.542431E+07, Overflow 7.663634E-01, MaxDensity 6.176E+01, gamma 5.089038E+02, time 0.733ms
[INFO   ] DREAMPlace - full step 3.515 ms
[INFO   ] DREAMPlace - optimizer step 2.311 ms
[INFO   ] DREAMPlace - iteration  365, ( 365,  0,  0), Obj 2.563894E+07, DensityWeight 1.911797E-06, wHPWL 6.551632E+07, Overflow 7.651535E-01, MaxDensity 5.737E+01, gamma 5.051759E+02, time 0.695ms
[INFO   ] DREAMPlace - full step 3.491 ms
[INFO   ] DREAMPlace - optimizer step 2.264 ms
[INFO   ] DREAMPlace - iteration  366, ( 366,  0,  0), Obj 2.576839E+07, DensityWeight 1.981804E-06, wHPWL 6.560294E+07, Overflow 7.638937E-01, MaxDensity 5.560E+01, gamma 5.020581E+02, time 0.692ms
[INFO   ] DREAMPlace - full step 3.462 ms
[INFO   ] DREAMPlace - optimizer step 2.242 ms
[INFO   ] DREAMPlace - iteration  367, ( 367,  0,  0), Obj 2.588474E+07, DensityWeight 2.055917E-06, wHPWL 6.569814E+07, Overflow 7.627225E-01, MaxDensity 5.884E+01, gamma 4.988322E+02, time 0.718ms
[INFO   ] DREAMPlace - full step 3.474 ms
[INFO   ] DREAMPlace - optimizer step 2.305 ms
[INFO   ] DREAMPlace - iteration  368, ( 368,  0,  0), Obj 2.600499E+07, DensityWeight 2.130255E-06, wHPWL 6.579108E+07, Overflow 7.610850E-01, MaxDensity 5.425E+01, gamma 4.958518E+02, time 0.682ms
[INFO   ] DREAMPlace - full step 3.469 ms
[INFO   ] DREAMPlace - optimizer step 2.257 ms
[INFO   ] DREAMPlace - iteration  369, ( 369,  0,  0), Obj 2.612365E+07, DensityWeight 2.207976E-06, wHPWL 6.589650E+07, Overflow 7.596120E-01, MaxDensity 5.675E+01, gamma 4.917144E+02, time 0.690ms
[INFO   ] DREAMPlace - full step 3.441 ms
[INFO   ] DREAMPlace - optimizer step 2.304 ms
[INFO   ] DREAMPlace - iteration  370, ( 370,  0,  0), Obj 2.627924E+07, DensityWeight 2.284555E-06, wHPWL 6.600206E+07, Overflow 7.574666E-01, MaxDensity 5.416E+01, gamma 4.880223E+02, time 0.718ms
[INFO   ] DREAMPlace - full step 3.514 ms
[INFO   ] DREAMPlace - optimizer step 2.272 ms
[INFO   ] DREAMPlace - iteration  371, ( 371,  0,  0), Obj 2.642897E+07, DensityWeight 2.363742E-06, wHPWL 6.611920E+07, Overflow 7.555816E-01, MaxDensity 5.052E+01, gamma 4.826942E+02, time 3.455ms
[INFO   ] DREAMPlace - full step 6.263 ms
[INFO   ] DREAMPlace - optimizer step 2.242 ms
[INFO   ] DREAMPlace - iteration  372, ( 372,  0,  0), Obj 2.662708E+07, DensityWeight 2.441727E-06, wHPWL 6.622622E+07, Overflow 7.533868E-01, MaxDensity 5.576E+01, gamma 4.780607E+02, time 0.720ms
[INFO   ] DREAMPlace - full step 3.438 ms
[INFO   ] DREAMPlace - optimizer step 2.470 ms
[INFO   ] DREAMPlace - iteration  373, ( 373,  0,  0), Obj 2.680921E+07, DensityWeight 2.525852E-06, wHPWL 6.633642E+07, Overflow 7.513952E-01, MaxDensity 5.225E+01, gamma 4.727221E+02, time 0.784ms
[INFO   ] DREAMPlace - full step 3.743 ms
[INFO   ] DREAMPlace - optimizer step 2.274 ms
[INFO   ] DREAMPlace - iteration  374, ( 374,  0,  0), Obj 2.701239E+07, DensityWeight 2.611710E-06, wHPWL 6.643248E+07, Overflow 7.490910E-01, MaxDensity 5.029E+01, gamma 4.679289E+02, time 0.690ms
[INFO   ] DREAMPlace - full step 3.438 ms
[INFO   ] DREAMPlace - optimizer step 2.276 ms
[INFO   ] DREAMPlace - iteration  375, ( 375,  0,  0), Obj 2.720497E+07, DensityWeight 2.705819E-06, wHPWL 6.653577E+07, Overflow 7.468625E-01, MaxDensity 5.567E+01, gamma 4.624445E+02, time 0.694ms
[INFO   ] DREAMPlace - full step 3.443 ms
[INFO   ] DREAMPlace - optimizer step 2.549 ms
[INFO   ] DREAMPlace - iteration  376, ( 376,  0,  0), Obj 2.742488E+07, DensityWeight 2.800497E-06, wHPWL 6.663492E+07, Overflow 7.444993E-01, MaxDensity 5.221E+01, gamma 4.572012E+02, time 3.139ms
[INFO   ] DREAMPlace - full step 6.159 ms
[INFO   ] DREAMPlace - optimizer step 2.211 ms
[INFO   ] DREAMPlace - iteration  377, ( 377,  0,  0), Obj 2.764431E+07, DensityWeight 2.900158E-06, wHPWL 6.674250E+07, Overflow 7.422929E-01, MaxDensity 4.818E+01, gamma 4.517060E+02, time 0.695ms
[INFO   ] DREAMPlace - full step 3.377 ms
[INFO   ] DREAMPlace - optimizer step 2.180 ms
[INFO   ] DREAMPlace - iteration  378, ( 378,  0,  0), Obj 2.787302E+07, DensityWeight 2.999840E-06, wHPWL 6.683861E+07, Overflow 7.399720E-01, MaxDensity 5.048E+01, gamma 4.466349E+02, time 0.674ms
[INFO   ] DREAMPlace - full step 3.336 ms
[INFO   ] DREAMPlace - optimizer step 2.189 ms
[INFO   ] DREAMPlace - iteration  379, ( 379,  0,  0), Obj 2.808898E+07, DensityWeight 3.107912E-06, wHPWL 6.693331E+07, Overflow 7.381399E-01, MaxDensity 5.251E+01, gamma 4.413622E+02, time 0.674ms
[INFO   ] DREAMPlace - full step 3.320 ms
[INFO   ] DREAMPlace - optimizer step 2.189 ms
[INFO   ] DREAMPlace - iteration  380, ( 380,  0,  0), Obj 2.831286E+07, DensityWeight 3.220509E-06, wHPWL 6.701824E+07, Overflow 7.366220E-01, MaxDensity 5.150E+01, gamma 4.372439E+02, time 0.690ms
[INFO   ] DREAMPlace - full step 3.336 ms
[INFO   ] DREAMPlace - optimizer step 2.201 ms
[INFO   ] DREAMPlace - iteration  381, ( 381,  0,  0), Obj 2.850178E+07, DensityWeight 3.341737E-06, wHPWL 6.710713E+07, Overflow 7.346619E-01, MaxDensity 4.073E+01, gamma 4.338610E+02, time 0.687ms
[INFO   ] DREAMPlace - full step 3.348 ms
[INFO   ] DREAMPlace - optimizer step 2.259 ms
[INFO   ] DREAMPlace - iteration  382, ( 382,  0,  0), Obj 2.866450E+07, DensityWeight 3.465612E-06, wHPWL 6.718867E+07, Overflow 7.328570E-01, MaxDensity 5.020E+01, gamma 4.295315E+02, time 0.692ms
[INFO   ] DREAMPlace - full step 3.414 ms
[INFO   ] DREAMPlace - optimizer step 5.104 ms
[INFO   ] DREAMPlace - iteration  383, ( 383,  0,  0), Obj 2.885900E+07, DensityWeight 3.597764E-06, wHPWL 6.727318E+07, Overflow 7.315877E-01, MaxDensity 5.112E+01, gamma 4.255828E+02, time 4.193ms
[INFO   ] DREAMPlace - full step 9.763 ms
[INFO   ] DREAMPlace - optimizer step 2.218 ms
[INFO   ] DREAMPlace - iteration  384, ( 384,  0,  0), Obj 2.904757E+07, DensityWeight 3.733408E-06, wHPWL 6.736090E+07, Overflow 7.305252E-01, MaxDensity 4.716E+01, gamma 4.228277E+02, time 0.688ms
[INFO   ] DREAMPlace - full step 3.362 ms
[INFO   ] DREAMPlace - optimizer step 2.205 ms
[INFO   ] DREAMPlace - iteration  385, ( 385,  0,  0), Obj 2.919096E+07, DensityWeight 3.872439E-06, wHPWL 6.744578E+07, Overflow 7.295840E-01, MaxDensity 4.132E+01, gamma 4.205351E+02, time 0.691ms
[INFO   ] DREAMPlace - full step 3.361 ms
[INFO   ] DREAMPlace - optimizer step 2.176 ms
[INFO   ] DREAMPlace - iteration  386, ( 386,  0,  0), Obj 2.931072E+07, DensityWeight 4.018234E-06, wHPWL 6.751990E+07, Overflow 7.283801E-01, MaxDensity 4.058E+01, gamma 4.185146E+02, time 0.691ms
[INFO   ] DREAMPlace - full step 3.336 ms
[INFO   ] DREAMPlace - optimizer step 2.198 ms
[INFO   ] DREAMPlace - iteration  387, ( 387,  0,  0), Obj 2.942109E+07, DensityWeight 4.175772E-06, wHPWL 6.760083E+07, Overflow 7.270360E-01, MaxDensity 4.936E+01, gamma 4.159444E+02, time 0.691ms
[INFO   ] DREAMPlace - full step 3.346 ms
[INFO   ] DREAMPlace - optimizer step 2.175 ms
[INFO   ] DREAMPlace - iteration  388, ( 388,  0,  0), Obj 2.955552E+07, DensityWeight 4.335374E-06, wHPWL 6.769029E+07, Overflow 7.254247E-01, MaxDensity 4.287E+01, gamma 4.130937E+02, time 0.679ms
[INFO   ] DREAMPlace - full step 3.328 ms
[INFO   ] DREAMPlace - optimizer step 2.309 ms
[INFO   ] DREAMPlace - iteration  389, ( 389,  0,  0), Obj 2.970057E+07, DensityWeight 4.495729E-06, wHPWL 6.778334E+07, Overflow 7.238668E-01, MaxDensity 4.344E+01, gamma 4.097018E+02, time 0.684ms
[INFO   ] DREAMPlace - full step 3.465 ms
[INFO   ] DREAMPlace - optimizer step 2.218 ms
[INFO   ] DREAMPlace - iteration  390, ( 390,  0,  0), Obj 2.986312E+07, DensityWeight 4.659681E-06, wHPWL 6.786966E+07, Overflow 7.221825E-01, MaxDensity 3.859E+01, gamma 4.064487E+02, time 0.684ms
[INFO   ] DREAMPlace - full step 3.385 ms
[INFO   ] DREAMPlace - optimizer step 2.436 ms
[INFO   ] DREAMPlace - iteration  391, ( 391,  0,  0), Obj 3.001734E+07, DensityWeight 4.834138E-06, wHPWL 6.794795E+07, Overflow 7.202901E-01, MaxDensity 3.880E+01, gamma 4.029608E+02, time 0.670ms
[INFO   ] DREAMPlace - full step 3.583 ms
[INFO   ] DREAMPlace - optimizer step 2.188 ms
[INFO   ] DREAMPlace - iteration  392, ( 392,  0,  0), Obj 3.017891E+07, DensityWeight 5.020752E-06, wHPWL 6.801867E+07, Overflow 7.189839E-01, MaxDensity 4.162E+01, gamma 3.990778E+02, time 0.683ms
[INFO   ] DREAMPlace - full step 3.342 ms
[INFO   ] DREAMPlace - optimizer step 2.417 ms
[INFO   ] DREAMPlace - iteration  393, ( 393,  0,  0), Obj 3.035444E+07, DensityWeight 5.220073E-06, wHPWL 6.808433E+07, Overflow 7.172521E-01, MaxDensity 3.836E+01, gamma 3.964193E+02, time 0.679ms
[INFO   ] DREAMPlace - full step 3.562 ms
[INFO   ] DREAMPlace - optimizer step 4.673 ms
[INFO   ] DREAMPlace - iteration  394, ( 394,  0,  0), Obj 3.048682E+07, DensityWeight 5.431139E-06, wHPWL 6.814669E+07, Overflow 7.153627E-01, MaxDensity 3.765E+01, gamma 3.929221E+02, time 0.715ms
[INFO   ] DREAMPlace - full step 5.851 ms
[INFO   ] DREAMPlace - optimizer step 2.486 ms
[INFO   ] DREAMPlace - iteration  395, ( 395,  0,  0), Obj 3.064375E+07, DensityWeight 5.653337E-06, wHPWL 6.819885E+07, Overflow 7.137544E-01, MaxDensity 3.692E+01, gamma 3.891418E+02, time 0.696ms
[INFO   ] DREAMPlace - full step 3.674 ms
[INFO   ] DREAMPlace - optimizer step 6.141 ms
[INFO   ] DREAMPlace - iteration  396, ( 396,  0,  0), Obj 3.081821E+07, DensityWeight 5.892999E-06, wHPWL 6.825530E+07, Overflow 7.125248E-01, MaxDensity 3.584E+01, gamma 3.859525E+02, time 1.568ms
[INFO   ] DREAMPlace - full step 8.171 ms
[INFO   ] DREAMPlace - optimizer step 2.191 ms
[INFO   ] DREAMPlace - iteration  397, ( 397,  0,  0), Obj 3.097307E+07, DensityWeight 6.139150E-06, wHPWL 6.831050E+07, Overflow 7.110190E-01, MaxDensity 3.411E+01, gamma 3.835319E+02, time 0.705ms
[INFO   ] DREAMPlace - full step 3.369 ms
[INFO   ] DREAMPlace - optimizer step 2.216 ms
[INFO   ] DREAMPlace - iteration  398, ( 398,  0,  0), Obj 3.109626E+07, DensityWeight 6.396695E-06, wHPWL 6.836206E+07, Overflow 7.102103E-01, MaxDensity 3.337E+01, gamma 3.805880E+02, time 0.676ms
[INFO   ] DREAMPlace - full step 3.353 ms
[INFO   ] DREAMPlace - optimizer step 2.198 ms
[INFO   ] DREAMPlace - iteration  399, ( 399,  0,  0), Obj 3.123867E+07, DensityWeight 6.668421E-06, wHPWL 6.841253E+07, Overflow 7.084414E-01, MaxDensity 3.289E+01, gamma 3.790163E+02, time 0.672ms
[INFO   ] DREAMPlace - full step 3.331 ms
[INFO   ] DREAMPlace - plotting to shrink_results/s001/adaptec1/plot/iter0400.png takes 1.288 seconds
[INFO   ] DREAMPlace - optimizer step 9.751 ms
[INFO   ] DREAMPlace - iteration  400, ( 400,  0,  0), Obj 3.133977E+07, DensityWeight 6.952758E-06, wHPWL 6.848334E+07, Overflow 7.069072E-01, MaxDensity 3.621E+01, gamma 3.756014E+02, time 0.685ms
[INFO   ] DREAMPlace - full step 1301.429 ms
[INFO   ] DREAMPlace - optimizer step 21.004 ms
[INFO   ] DREAMPlace - iteration  401, ( 401,  0,  0), Obj 3.151399E+07, DensityWeight 7.228682E-06, wHPWL 6.856080E+07, Overflow 7.048150E-01, MaxDensity 3.380E+01, gamma 3.726643E+02, time 6.206ms
[INFO   ] DREAMPlace - full step 27.986 ms
[INFO   ] DREAMPlace - optimizer step 16.454 ms
[INFO   ] DREAMPlace - iteration  402, ( 402,  0,  0), Obj 3.168208E+07, DensityWeight 7.508603E-06, wHPWL 6.865315E+07, Overflow 7.030863E-01, MaxDensity 3.514E+01, gamma 3.686961E+02, time 8.763ms
[INFO   ] DREAMPlace - full step 25.779 ms
[INFO   ] DREAMPlace - optimizer step 3.079 ms
[INFO   ] DREAMPlace - iteration  403, ( 403,  0,  0), Obj 3.189136E+07, DensityWeight 7.783186E-06, wHPWL 6.874264E+07, Overflow 7.006426E-01, MaxDensity 3.610E+01, gamma 3.654490E+02, time 4.151ms
[INFO   ] DREAMPlace - full step 7.761 ms
[INFO   ] DREAMPlace - optimizer step 2.297 ms
[INFO   ] DREAMPlace - iteration  404, ( 404,  0,  0), Obj 3.207760E+07, DensityWeight 8.071031E-06, wHPWL 6.883110E+07, Overflow 6.987169E-01, MaxDensity 3.070E+01, gamma 3.609080E+02, time 0.684ms
[INFO   ] DREAMPlace - full step 3.498 ms
[INFO   ] DREAMPlace - optimizer step 4.683 ms
[INFO   ] DREAMPlace - iteration  405, ( 405,  0,  0), Obj 3.231737E+07, DensityWeight 8.370715E-06, wHPWL 6.891693E+07, Overflow 6.962233E-01, MaxDensity 3.463E+01, gamma 3.573694E+02, time 3.403ms
[INFO   ] DREAMPlace - full step 8.596 ms
[INFO   ] DREAMPlace - optimizer step 2.190 ms
[INFO   ] DREAMPlace - iteration  406, ( 406,  0,  0), Obj 3.252814E+07, DensityWeight 8.684723E-06, wHPWL 6.900758E+07, Overflow 6.941140E-01, MaxDensity 3.284E+01, gamma 3.528384E+02, time 0.681ms
[INFO   ] DREAMPlace - full step 3.383 ms
[INFO   ] DREAMPlace - optimizer step 13.372 ms
[INFO   ] DREAMPlace - iteration  407, ( 407,  0,  0), Obj 3.278041E+07, DensityWeight 9.004443E-06, wHPWL 6.909557E+07, Overflow 6.916193E-01, MaxDensity 2.968E+01, gamma 3.490508E+02, time 7.872ms
[INFO   ] DREAMPlace - full step 21.767 ms
[INFO   ] DREAMPlace - optimizer step 5.563 ms
[INFO   ] DREAMPlace - iteration  408, ( 408,  0,  0), Obj 3.301026E+07, DensityWeight 9.339412E-06, wHPWL 6.918294E+07, Overflow 6.895063E-01, MaxDensity 3.292E+01, gamma 3.446234E+02, time 13.076ms
[INFO   ] DREAMPlace - full step 19.173 ms
[INFO   ] DREAMPlace - optimizer step 14.314 ms
[INFO   ] DREAMPlace - iteration  409, ( 409,  0,  0), Obj 3.326894E+07, DensityWeight 9.687663E-06, wHPWL 6.926988E+07, Overflow 6.875088E-01, MaxDensity 3.230E+01, gamma 3.409174E+02, time 8.375ms
[INFO   ] DREAMPlace - full step 23.339 ms
[INFO   ] DREAMPlace - optimizer step 2.561 ms
[INFO   ] DREAMPlace - iteration  410, ( 410,  0,  0), Obj 3.350483E+07, DensityWeight 1.004952E-05, wHPWL 6.935565E+07, Overflow 6.852880E-01, MaxDensity 3.057E+01, gamma 3.374506E+02, time 2.486ms
[INFO   ] DREAMPlace - full step 5.678 ms
[INFO   ] DREAMPlace - optimizer step 2.387 ms
[INFO   ] DREAMPlace - iteration  411, ( 411,  0,  0), Obj 3.373046E+07, DensityWeight 1.042658E-05, wHPWL 6.944134E+07, Overflow 6.831691E-01, MaxDensity 3.150E+01, gamma 3.336378E+02, time 0.709ms
[INFO   ] DREAMPlace - full step 3.643 ms
[INFO   ] DREAMPlace - optimizer step 2.350 ms
[INFO   ] DREAMPlace - iteration  412, ( 412,  0,  0), Obj 3.397597E+07, DensityWeight 1.081790E-05, wHPWL 6.952459E+07, Overflow 6.806405E-01, MaxDensity 3.229E+01, gamma 3.300400E+02, time 0.703ms
[INFO   ] DREAMPlace - full step 3.578 ms
[INFO   ] DREAMPlace - optimizer step 2.381 ms
[INFO   ] DREAMPlace - iteration  413, ( 413,  0,  0), Obj 3.421737E+07, DensityWeight 1.122774E-05, wHPWL 6.961645E+07, Overflow 6.784089E-01, MaxDensity 3.460E+01, gamma 3.257971E+02, time 0.692ms
[INFO   ] DREAMPlace - full step 3.594 ms
[INFO   ] DREAMPlace - optimizer step 11.717 ms
[INFO   ] DREAMPlace - iteration  414, ( 414,  0,  0), Obj 3.449243E+07, DensityWeight 1.163913E-05, wHPWL 6.970408E+07, Overflow 6.761553E-01, MaxDensity 3.097E+01, gamma 3.220983E+02, time 0.698ms
[INFO   ] DREAMPlace - full step 12.959 ms
[INFO   ] DREAMPlace - optimizer step 32.298 ms
[INFO   ] DREAMPlace - iteration  415, ( 415,  0,  0), Obj 3.474635E+07, DensityWeight 1.207271E-05, wHPWL 6.979658E+07, Overflow 6.740679E-01, MaxDensity 3.082E+01, gamma 3.184052E+02, time 9.650ms
[INFO   ] DREAMPlace - full step 42.763 ms
[INFO   ] DREAMPlace - optimizer step 11.620 ms
[INFO   ] DREAMPlace - iteration  416, ( 416,  0,  0), Obj 3.500230E+07, DensityWeight 1.251394E-05, wHPWL 6.987951E+07, Overflow 6.718991E-01, MaxDensity 2.956E+01, gamma 3.150225E+02, time 9.954ms
[INFO   ] DREAMPlace - full step 22.204 ms
[INFO   ] DREAMPlace - optimizer step 14.649 ms
[INFO   ] DREAMPlace - iteration  417, ( 417,  0,  0), Obj 3.524582E+07, DensityWeight 1.298860E-05, wHPWL 6.996953E+07, Overflow 6.697047E-01, MaxDensity 2.969E+01, gamma 3.115460E+02, time 18.432ms
[INFO   ] DREAMPlace - full step 33.647 ms
[INFO   ] DREAMPlace - optimizer step 34.075 ms
[INFO   ] DREAMPlace - iteration  418, ( 418,  0,  0), Obj 3.549997E+07, DensityWeight 1.346797E-05, wHPWL 7.005563E+07, Overflow 6.676967E-01, MaxDensity 3.363E+01, gamma 3.080674E+02, time 10.769ms
[INFO   ] DREAMPlace - full step 45.388 ms
[INFO   ] DREAMPlace - optimizer step 17.315 ms
[INFO   ] DREAMPlace - iteration  419, ( 419,  0,  0), Obj 3.575720E+07, DensityWeight 1.397264E-05, wHPWL 7.015330E+07, Overflow 6.659076E-01, MaxDensity 2.863E+01, gamma 3.049181E+02, time 12.385ms
[INFO   ] DREAMPlace - full step 30.232 ms
[INFO   ] DREAMPlace - optimizer step 2.228 ms
[INFO   ] DREAMPlace - iteration  420, ( 420,  0,  0), Obj 3.600354E+07, DensityWeight 1.447289E-05, wHPWL 7.024306E+07, Overflow 6.637917E-01, MaxDensity 2.986E+01, gamma 3.021395E+02, time 1.060ms
[INFO   ] DREAMPlace - full step 3.804 ms
[INFO   ] DREAMPlace - optimizer step 2.172 ms
[INFO   ] DREAMPlace - iteration  421, ( 421,  0,  0), Obj 3.622932E+07, DensityWeight 1.500757E-05, wHPWL 7.034052E+07, Overflow 6.615402E-01, MaxDensity 2.722E+01, gamma 2.988860E+02, time 0.669ms
[INFO   ] DREAMPlace - full step 3.326 ms
[INFO   ] DREAMPlace - optimizer step 2.246 ms
[INFO   ] DREAMPlace - iteration  422, ( 422,  0,  0), Obj 3.648117E+07, DensityWeight 1.554530E-05, wHPWL 7.042966E+07, Overflow 6.591187E-01, MaxDensity 2.938E+01, gamma 2.954625E+02, time 0.669ms
[INFO   ] DREAMPlace - full step 3.389 ms
[INFO   ] DREAMPlace - optimizer step 2.182 ms
[INFO   ] DREAMPlace - iteration  423, ( 423,  0,  0), Obj 3.674491E+07, DensityWeight 1.612098E-05, wHPWL 7.053355E+07, Overflow 6.563485E-01, MaxDensity 3.039E+01, gamma 2.918241E+02, time 0.673ms
[INFO   ] DREAMPlace - full step 3.359 ms
[INFO   ] DREAMPlace - optimizer step 2.182 ms
[INFO   ] DREAMPlace - iteration  424, ( 424,  0,  0), Obj 3.702214E+07, DensityWeight 1.668366E-05, wHPWL 7.062149E+07, Overflow 6.537812E-01, MaxDensity 2.551E+01, gamma 2.877166E+02, time 0.700ms
[INFO   ] DREAMPlace - full step 3.372 ms
[INFO   ] DREAMPlace - optimizer step 2.201 ms
[INFO   ] DREAMPlace - iteration  425, ( 425,  0,  0), Obj 3.731820E+07, DensityWeight 1.730441E-05, wHPWL 7.070990E+07, Overflow 6.509367E-01, MaxDensity 2.982E+01, gamma 2.839619E+02, time 0.669ms
[INFO   ] DREAMPlace - full step 3.351 ms
[INFO   ] DREAMPlace - optimizer step 2.169 ms
[INFO   ] DREAMPlace - iteration  426, ( 426,  0,  0), Obj 3.759824E+07, DensityWeight 1.794708E-05, wHPWL 7.077386E+07, Overflow 6.491664E-01, MaxDensity 3.068E+01, gamma 2.798588E+02, time 1.455ms
[INFO   ] DREAMPlace - full step 4.110 ms
[INFO   ] DREAMPlace - optimizer step 2.152 ms
[INFO   ] DREAMPlace - iteration  427, ( 427,  0,  0), Obj 3.788858E+07, DensityWeight 1.867716E-05, wHPWL 7.083434E+07, Overflow 6.468881E-01, MaxDensity 2.528E+01, gamma 2.773352E+02, time 0.689ms
[INFO   ] DREAMPlace - full step 3.309 ms
[INFO   ] DREAMPlace - optimizer step 2.164 ms
[INFO   ] DREAMPlace - iteration  428, ( 428,  0,  0), Obj 3.809866E+07, DensityWeight 1.944638E-05, wHPWL 7.086997E+07, Overflow 6.448405E-01, MaxDensity 2.982E+01, gamma 2.741208E+02, time 0.669ms
[INFO   ] DREAMPlace - full step 3.302 ms
[INFO   ] DREAMPlace - optimizer step 2.166 ms
[INFO   ] DREAMPlace - iteration  429, ( 429,  0,  0), Obj 3.833319E+07, DensityWeight 2.031752E-05, wHPWL 7.090854E+07, Overflow 6.422716E-01, MaxDensity 2.972E+01, gamma 2.712638E+02, time 0.712ms
[INFO   ] DREAMPlace - full step 3.361 ms
[INFO   ] DREAMPlace - optimizer step 2.187 ms
[INFO   ] DREAMPlace - iteration  430, ( 430,  0,  0), Obj 3.855934E+07, DensityWeight 2.121900E-05, wHPWL 7.093956E+07, Overflow 6.400027E-01, MaxDensity 2.548E+01, gamma 2.677215E+02, time 0.710ms
[INFO   ] DREAMPlace - full step 3.376 ms
[INFO   ] DREAMPlace - optimizer step 2.169 ms
[INFO   ] DREAMPlace - iteration  431, ( 431,  0,  0), Obj 3.882005E+07, DensityWeight 2.218381E-05, wHPWL 7.098427E+07, Overflow 6.369230E-01, MaxDensity 3.029E+01, gamma 2.646314E+02, time 0.658ms
[INFO   ] DREAMPlace - full step 3.313 ms
[INFO   ] DREAMPlace - optimizer step 2.161 ms
[INFO   ] DREAMPlace - iteration  432, ( 432,  0,  0), Obj 3.906037E+07, DensityWeight 2.314826E-05, wHPWL 7.101170E+07, Overflow 6.343011E-01, MaxDensity 2.741E+01, gamma 2.604938E+02, time 0.671ms
[INFO   ] DREAMPlace - full step 3.329 ms
[INFO   ] DREAMPlace - optimizer step 2.160 ms
[INFO   ] DREAMPlace - iteration  433, ( 433,  0,  0), Obj 3.935372E+07, DensityWeight 2.421293E-05, wHPWL 7.104661E+07, Overflow 6.313596E-01, MaxDensity 2.484E+01, gamma 2.570224E+02, time 0.675ms
[INFO   ] DREAMPlace - full step 3.303 ms
[INFO   ] DREAMPlace - optimizer step 2.161 ms
[INFO   ] DREAMPlace - iteration  434, ( 434,  0,  0), Obj 3.962291E+07, DensityWeight 2.530015E-05, wHPWL 7.107304E+07, Overflow 6.290972E-01, MaxDensity 3.036E+01, gamma 2.531829E+02, time 0.678ms
[INFO   ] DREAMPlace - full step 3.311 ms
[INFO   ] DREAMPlace - optimizer step 2.164 ms
[INFO   ] DREAMPlace - iteration  435, ( 435,  0,  0), Obj 3.990938E+07, DensityWeight 2.646745E-05, wHPWL 7.110709E+07, Overflow 6.259784E-01, MaxDensity 2.530E+01, gamma 2.502687E+02, time 0.674ms
[INFO   ] DREAMPlace - full step 3.314 ms
[INFO   ] DREAMPlace - optimizer step 2.192 ms
[INFO   ] DREAMPlace - iteration  436, ( 436,  0,  0), Obj 4.015344E+07, DensityWeight 2.765923E-05, wHPWL 7.113528E+07, Overflow 6.233254E-01, MaxDensity 2.576E+01, gamma 2.463066E+02, time 0.679ms
[INFO   ] DREAMPlace - full step 3.345 ms
[INFO   ] DREAMPlace - optimizer step 2.180 ms
[INFO   ] DREAMPlace - iteration  437, ( 437,  0,  0), Obj 4.045626E+07, DensityWeight 2.892827E-05, wHPWL 7.117950E+07, Overflow 6.201603E-01, MaxDensity 2.808E+01, gamma 2.429856E+02, time 0.670ms
[INFO   ] DREAMPlace - full step 3.330 ms
[INFO   ] DREAMPlace - optimizer step 2.182 ms
[INFO   ] DREAMPlace - iteration  438, ( 438,  0,  0), Obj 4.073797E+07, DensityWeight 3.018800E-05, wHPWL 7.122793E+07, Overflow 6.175726E-01, MaxDensity 2.321E+01, gamma 2.390821E+02, time 0.666ms
[INFO   ] DREAMPlace - full step 3.335 ms
[INFO   ] DREAMPlace - optimizer step 2.298 ms
[INFO   ] DREAMPlace - iteration  439, ( 439,  0,  0), Obj 4.104938E+07, DensityWeight 3.148416E-05, wHPWL 7.128330E+07, Overflow 6.147716E-01, MaxDensity 2.610E+01, gamma 2.359373E+02, time 0.660ms
[INFO   ] DREAMPlace - full step 3.445 ms
[INFO   ] DREAMPlace - plotting to shrink_results/s001/adaptec1/plot/iter0440.png takes 1.303 seconds
[INFO   ] DREAMPlace - optimizer step 21.511 ms
[INFO   ] DREAMPlace - iteration  440, ( 440,  0,  0), Obj 4.132270E+07, DensityWeight 3.280419E-05, wHPWL 7.133139E+07, Overflow 6.118933E-01, MaxDensity 2.531E+01, gamma 2.325798E+02, time 0.678ms
[INFO   ] DREAMPlace - full step 1331.066 ms
[INFO   ] DREAMPlace - optimizer step 18.185 ms
[INFO   ] DREAMPlace - iteration  441, ( 441,  0,  0), Obj 4.160177E+07, DensityWeight 3.421423E-05, wHPWL 7.138063E+07, Overflow 6.088410E-01, MaxDensity 2.597E+01, gamma 2.291795E+02, time 4.976ms
[INFO   ] DREAMPlace - full step 30.551 ms
[INFO   ] DREAMPlace - optimizer step 22.439 ms
[INFO   ] DREAMPlace - iteration  442, ( 442,  0,  0), Obj 4.188836E+07, DensityWeight 3.567920E-05, wHPWL 7.142573E+07, Overflow 6.062795E-01, MaxDensity 2.596E+01, gamma 2.256280E+02, time 2.988ms
[INFO   ] DREAMPlace - full step 26.472 ms
[INFO   ] DREAMPlace - optimizer step 20.797 ms
[INFO   ] DREAMPlace - iteration  443, ( 443,  0,  0), Obj 4.218303E+07, DensityWeight 3.722839E-05, wHPWL 7.147487E+07, Overflow 6.041110E-01, MaxDensity 2.387E+01, gamma 2.226900E+02, time 5.213ms
[INFO   ] DREAMPlace - full step 33.304 ms
[INFO   ] DREAMPlace - optimizer step 22.434 ms
[INFO   ] DREAMPlace - iteration  444, ( 444,  0,  0), Obj 4.244071E+07, DensityWeight 3.882293E-05, wHPWL 7.151219E+07, Overflow 6.020295E-01, MaxDensity 2.613E+01, gamma 2.202327E+02, time 5.123ms
[INFO   ] DREAMPlace - full step 34.823 ms
[INFO   ] DREAMPlace - optimizer step 22.582 ms
[INFO   ] DREAMPlace - iteration  445, ( 445,  0,  0), Obj 4.266039E+07, DensityWeight 4.055255E-05, wHPWL 7.154830E+07, Overflow 6.000333E-01, MaxDensity 2.428E+01, gamma 2.178995E+02, time 5.120ms
[INFO   ] DREAMPlace - full step 34.962 ms
[INFO   ] DREAMPlace - optimizer step 19.369 ms
[INFO   ] DREAMPlace - iteration  446, ( 446,  0,  0), Obj 4.287468E+07, DensityWeight 4.236641E-05, wHPWL 7.158501E+07, Overflow 5.976826E-01, MaxDensity 2.365E+01, gamma 2.156852E+02, time 5.107ms
[INFO   ] DREAMPlace - full step 31.818 ms
[INFO   ] DREAMPlace - optimizer step 18.730 ms
[INFO   ] DREAMPlace - iteration  447, ( 447,  0,  0), Obj 4.308559E+07, DensityWeight 4.425765E-05, wHPWL 7.164277E+07, Overflow 5.949068E-01, MaxDensity 2.538E+01, gamma 2.131065E+02, time 5.120ms
[INFO   ] DREAMPlace - full step 31.126 ms
[INFO   ] DREAMPlace - optimizer step 22.484 ms
[INFO   ] DREAMPlace - iteration  448, ( 448,  0,  0), Obj 4.332500E+07, DensityWeight 4.609786E-05, wHPWL 7.170709E+07, Overflow 5.914702E-01, MaxDensity 2.347E+01, gamma 2.101010E+02, time 5.126ms
[INFO   ] DREAMPlace - full step 31.360 ms
[INFO   ] DREAMPlace - optimizer step 22.215 ms
[INFO   ] DREAMPlace - iteration  449, ( 449,  0,  0), Obj 4.359544E+07, DensityWeight 4.797070E-05, wHPWL 7.178850E+07, Overflow 5.878328E-01, MaxDensity 2.179E+01, gamma 2.064388E+02, time 5.278ms
[INFO   ] DREAMPlace - full step 34.794 ms
[INFO   ] DREAMPlace - optimizer step 26.625 ms
[INFO   ] DREAMPlace - iteration  450, ( 450,  0,  0), Obj 4.391419E+07, DensityWeight 4.980086E-05, wHPWL 7.186493E+07, Overflow 5.836851E-01, MaxDensity 2.378E+01, gamma 2.026320E+02, time 5.076ms
[INFO   ] DREAMPlace - full step 38.994 ms
[INFO   ] DREAMPlace - optimizer step 22.495 ms
[INFO   ] DREAMPlace - iteration  451, ( 451,  0,  0), Obj 4.424447E+07, DensityWeight 5.173672E-05, wHPWL 7.194243E+07, Overflow 5.796203E-01, MaxDensity 2.372E+01, gamma 1.983769E+02, time 5.129ms
[INFO   ] DREAMPlace - full step 34.896 ms
[INFO   ] DREAMPlace - optimizer step 22.752 ms
[INFO   ] DREAMPlace - iteration  452, ( 452,  0,  0), Obj 4.460144E+07, DensityWeight 5.373979E-05, wHPWL 7.199092E+07, Overflow 5.758480E-01, MaxDensity 2.122E+01, gamma 1.942934E+02, time 3.765ms
[INFO   ] DREAMPlace - full step 33.760 ms
[INFO   ] DREAMPlace - optimizer step 21.287 ms
[INFO   ] DREAMPlace - iteration  453, ( 453,  0,  0), Obj 4.494442E+07, DensityWeight 5.604667E-05, wHPWL 7.202842E+07, Overflow 5.724831E-01, MaxDensity 2.162E+01, gamma 1.905791E+02, time 5.131ms
[INFO   ] DREAMPlace - full step 33.689 ms
[INFO   ] DREAMPlace - optimizer step 18.804 ms
[INFO   ] DREAMPlace - iteration  454, ( 454,  0,  0), Obj 4.525493E+07, DensityWeight 5.854220E-05, wHPWL 7.202750E+07, Overflow 5.698075E-01, MaxDensity 2.225E+01, gamma 1.873259E+02, time 5.048ms
[INFO   ] DREAMPlace - full step 31.181 ms
[INFO   ] DREAMPlace - optimizer step 22.379 ms
[INFO   ] DREAMPlace - iteration  455, ( 455,  0,  0), Obj 4.552736E+07, DensityWeight 6.023992E-05, wHPWL 7.202036E+07, Overflow 5.679526E-01, MaxDensity 2.340E+01, gamma 1.847787E+02, time 5.108ms
[INFO   ] DREAMPlace - full step 31.069 ms
[INFO   ] DREAMPlace - optimizer step 22.467 ms
[INFO   ] DREAMPlace - iteration  456, ( 456,  0,  0), Obj 4.574607E+07, DensityWeight 6.198688E-05, wHPWL 7.198670E+07, Overflow 5.656609E-01, MaxDensity 2.051E+01, gamma 1.830332E+02, time 9.659ms
[INFO   ] DREAMPlace - full step 39.387 ms
[INFO   ] DREAMPlace - optimizer step 22.458 ms
[INFO   ] DREAMPlace - iteration  457, ( 457,  0,  0), Obj 4.590339E+07, DensityWeight 6.378450E-05, wHPWL 7.196146E+07, Overflow 5.635257E-01, MaxDensity 2.021E+01, gamma 1.808995E+02, time 5.152ms
[INFO   ] DREAMPlace - full step 34.879 ms
[INFO   ] DREAMPlace - optimizer step 21.623 ms
[INFO   ] DREAMPlace - iteration  458, ( 458,  0,  0), Obj 4.608072E+07, DensityWeight 6.563425E-05, wHPWL 7.191722E+07, Overflow 5.616342E-01, MaxDensity 2.100E+01, gamma 1.789338E+02, time 5.991ms
[INFO   ] DREAMPlace - full step 34.872 ms
[INFO   ] DREAMPlace - optimizer step 21.926 ms
[INFO   ] DREAMPlace - iteration  459, ( 459,  0,  0), Obj 4.625552E+07, DensityWeight 6.753765E-05, wHPWL 7.190525E+07, Overflow 5.597421E-01, MaxDensity 2.360E+01, gamma 1.772104E+02, time 4.629ms
[INFO   ] DREAMPlace - full step 33.769 ms
[INFO   ] DREAMPlace - optimizer step 17.600 ms
[INFO   ] DREAMPlace - iteration  460, ( 460,  0,  0), Obj 4.640831E+07, DensityWeight 6.949624E-05, wHPWL 7.187438E+07, Overflow 5.582125E-01, MaxDensity 2.347E+01, gamma 1.755029E+02, time 8.456ms
[INFO   ] DREAMPlace - full step 33.337 ms
[INFO   ] DREAMPlace - optimizer step 18.873 ms
[INFO   ] DREAMPlace - iteration  461, ( 461,  0,  0), Obj 4.655437E+07, DensityWeight 7.151164E-05, wHPWL 7.185851E+07, Overflow 5.564563E-01, MaxDensity 2.199E+01, gamma 1.741346E+02, time 5.123ms
[INFO   ] DREAMPlace - full step 31.303 ms
[INFO   ] DREAMPlace - optimizer step 29.458 ms
[INFO   ] DREAMPlace - iteration  462, ( 462,  0,  0), Obj 4.667469E+07, DensityWeight 7.358548E-05, wHPWL 7.182678E+07, Overflow 5.543870E-01, MaxDensity 1.941E+01, gamma 1.725769E+02, time 5.116ms
[INFO   ] DREAMPlace - full step 41.839 ms
[INFO   ] DREAMPlace - optimizer step 21.111 ms
[INFO   ] DREAMPlace - iteration  463, ( 463,  0,  0), Obj 4.680789E+07, DensityWeight 7.571946E-05, wHPWL 7.181978E+07, Overflow 5.516570E-01, MaxDensity 1.716E+01, gamma 1.707592E+02, time 5.157ms
[INFO   ] DREAMPlace - full step 31.381 ms
[INFO   ] DREAMPlace - optimizer step 22.482 ms
[INFO   ] DREAMPlace - iteration  464, ( 464,  0,  0), Obj 4.695930E+07, DensityWeight 7.791533E-05, wHPWL 7.180016E+07, Overflow 5.494522E-01, MaxDensity 1.689E+01, gamma 1.683904E+02, time 5.150ms
[INFO   ] DREAMPlace - full step 34.822 ms
[INFO   ] DREAMPlace - optimizer step 22.507 ms
[INFO   ] DREAMPlace - iteration  465, ( 465,  0,  0), Obj 4.715116E+07, DensityWeight 8.017488E-05, wHPWL 7.179838E+07, Overflow 5.464039E-01, MaxDensity 1.691E+01, gamma 1.665014E+02, time 5.149ms
[INFO   ] DREAMPlace - full step 34.862 ms
[INFO   ] DREAMPlace - optimizer step 36.763 ms
[INFO   ] DREAMPlace - iteration  466, ( 466,  0,  0), Obj 4.730447E+07, DensityWeight 8.249995E-05, wHPWL 7.176923E+07, Overflow 5.438426E-01, MaxDensity 1.728E+01, gamma 1.639245E+02, time 5.877ms
[INFO   ] DREAMPlace - full step 47.799 ms
[INFO   ] DREAMPlace - optimizer step 22.476 ms
[INFO   ] DREAMPlace - iteration  467, ( 467,  0,  0), Obj 4.749754E+07, DensityWeight 8.489245E-05, wHPWL 7.173782E+07, Overflow 5.417385E-01, MaxDensity 1.790E+01, gamma 1.617901E+02, time 5.127ms
[INFO   ] DREAMPlace - full step 34.888 ms
[INFO   ] DREAMPlace - optimizer step 22.538 ms
[INFO   ] DREAMPlace - iteration  468, ( 468,  0,  0), Obj 4.766190E+07, DensityWeight 8.735434E-05, wHPWL 7.168644E+07, Overflow 5.396594E-01, MaxDensity 1.871E+01, gamma 1.600576E+02, time 2.970ms
[INFO   ] DREAMPlace - full step 31.259 ms
[INFO   ] DREAMPlace - optimizer step 19.066 ms
[INFO   ] DREAMPlace - iteration  469, ( 469,  0,  0), Obj 4.779424E+07, DensityWeight 8.988762E-05, wHPWL 7.164344E+07, Overflow 5.381457E-01, MaxDensity 1.949E+01, gamma 1.583639E+02, time 5.119ms
[INFO   ] DREAMPlace - full step 31.467 ms
[INFO   ] DREAMPlace - optimizer step 18.944 ms
[INFO   ] DREAMPlace - iteration  470, ( 470,  0,  0), Obj 4.791772E+07, DensityWeight 9.249436E-05, wHPWL 7.158016E+07, Overflow 5.366759E-01, MaxDensity 2.014E+01, gamma 1.571420E+02, time 5.131ms
[INFO   ] DREAMPlace - full step 31.342 ms
[INFO   ] DREAMPlace - optimizer step 22.434 ms
[INFO   ] DREAMPlace - iteration  471, ( 471,  0,  0), Obj 4.801135E+07, DensityWeight 9.517670E-05, wHPWL 7.153846E+07, Overflow 5.343629E-01, MaxDensity 2.005E+01, gamma 1.559646E+02, time 5.153ms
[INFO   ] DREAMPlace - full step 31.300 ms
[INFO   ] DREAMPlace - optimizer step 22.467 ms
[INFO   ] DREAMPlace - iteration  472, ( 472,  0,  0), Obj 4.809929E+07, DensityWeight 9.793683E-05, wHPWL 7.148730E+07, Overflow 5.324665E-01, MaxDensity 1.886E+01, gamma 1.541296E+02, time 5.140ms
[INFO   ] DREAMPlace - full step 34.952 ms
[INFO   ] DREAMPlace - optimizer step 22.485 ms
[INFO   ] DREAMPlace - iteration  473, ( 473,  0,  0), Obj 4.823751E+07, DensityWeight 1.007770E-04, wHPWL 7.145549E+07, Overflow 5.301555E-01, MaxDensity 1.843E+01, gamma 1.526412E+02, time 5.071ms
[INFO   ] DREAMPlace - full step 34.905 ms
[INFO   ] DREAMPlace - optimizer step 22.535 ms
[INFO   ] DREAMPlace - iteration  474, ( 474,  0,  0), Obj 4.835724E+07, DensityWeight 1.036995E-04, wHPWL 7.141967E+07, Overflow 5.280068E-01, MaxDensity 1.655E+01, gamma 1.508468E+02, time 2.992ms
[INFO   ] DREAMPlace - full step 31.347 ms
[INFO   ] DREAMPlace - optimizer step 19.072 ms
[INFO   ] DREAMPlace - iteration  475, ( 475,  0,  0), Obj 4.849309E+07, DensityWeight 1.067068E-04, wHPWL 7.138718E+07, Overflow 5.251611E-01, MaxDensity 1.829E+01, gamma 1.491974E+02, time 5.132ms
[INFO   ] DREAMPlace - full step 31.503 ms
[INFO   ] DREAMPlace - optimizer step 18.956 ms
[INFO   ] DREAMPlace - iteration  476, ( 476,  0,  0), Obj 4.862072E+07, DensityWeight 1.098013E-04, wHPWL 7.134294E+07, Overflow 5.224449E-01, MaxDensity 1.987E+01, gamma 1.470408E+02, time 5.123ms
[INFO   ] DREAMPlace - full step 31.381 ms
[INFO   ] DREAMPlace - optimizer step 22.516 ms
[INFO   ] DREAMPlace - iteration  477, ( 477,  0,  0), Obj 4.879051E+07, DensityWeight 1.129856E-04, wHPWL 7.131048E+07, Overflow 5.193896E-01, MaxDensity 1.914E+01, gamma 1.450112E+02, time 5.120ms
[INFO   ] DREAMPlace - full step 31.497 ms
[INFO   ] DREAMPlace - optimizer step 22.447 ms
[INFO   ] DREAMPlace - iteration  478, ( 478,  0,  0), Obj 4.896105E+07, DensityWeight 1.162622E-04, wHPWL 7.127502E+07, Overflow 5.166227E-01, MaxDensity 1.615E+01, gamma 1.427618E+02, time 4.744ms
[INFO   ] DREAMPlace - full step 34.880 ms
[INFO   ] DREAMPlace - optimizer step 21.411 ms
[INFO   ] DREAMPlace - iteration  479, ( 479,  0,  0), Obj 4.914986E+07, DensityWeight 1.196338E-04, wHPWL 7.124523E+07, Overflow 5.149569E-01, MaxDensity 1.774E+01, gamma 1.407549E+02, time 5.269ms
[INFO   ] DREAMPlace - full step 27.935 ms
[INFO   ] DREAMPlace - plotting to shrink_results/s001/adaptec1/plot/iter0480.png takes 1.314 seconds
[INFO   ] DREAMPlace - optimizer step 31.086 ms
[INFO   ] DREAMPlace - iteration  480, ( 480,  0,  0), Obj 4.932387E+07, DensityWeight 1.231031E-04, wHPWL 7.120401E+07, Overflow 5.132465E-01, MaxDensity 1.767E+01, gamma 1.395602E+02, time 5.129ms
[INFO   ] DREAMPlace - full step 1359.182 ms
[INFO   ] DREAMPlace - optimizer step 19.551 ms
[INFO   ] DREAMPlace - iteration  481, ( 481,  0,  0), Obj 4.943259E+07, DensityWeight 1.266731E-04, wHPWL 7.116614E+07, Overflow 5.114583E-01, MaxDensity 1.496E+01, gamma 1.383442E+02, time 5.000ms
[INFO   ] DREAMPlace - full step 31.902 ms
[INFO   ] DREAMPlace - optimizer step 21.897 ms
[INFO   ] DREAMPlace - iteration  482, ( 482,  0,  0), Obj 4.954016E+07, DensityWeight 1.303467E-04, wHPWL 7.112147E+07, Overflow 5.099675E-01, MaxDensity 1.541E+01, gamma 1.370841E+02, time 5.213ms
[INFO   ] DREAMPlace - full step 34.352 ms
[INFO   ] DREAMPlace - optimizer step 22.742 ms
[INFO   ] DREAMPlace - iteration  483, ( 483,  0,  0), Obj 4.965860E+07, DensityWeight 1.341267E-04, wHPWL 7.109853E+07, Overflow 5.079573E-01, MaxDensity 1.604E+01, gamma 1.360423E+02, time 4.291ms
[INFO   ] DREAMPlace - full step 34.273 ms
[INFO   ] DREAMPlace - optimizer step 22.473 ms
[INFO   ] DREAMPlace - iteration  484, ( 484,  0,  0), Obj 4.976813E+07, DensityWeight 1.380164E-04, wHPWL 7.108426E+07, Overflow 5.061477E-01, MaxDensity 1.551E+01, gamma 1.346502E+02, time 5.124ms
[INFO   ] DREAMPlace - full step 32.816 ms
[INFO   ] DREAMPlace - optimizer step 22.499 ms
[INFO   ] DREAMPlace - iteration  485, ( 485,  0,  0), Obj 4.990232E+07, DensityWeight 1.420189E-04, wHPWL 7.107628E+07, Overflow 5.037155E-01, MaxDensity 1.571E+01, gamma 1.334091E+02, time 5.131ms
[INFO   ] DREAMPlace - full step 34.893 ms
[INFO   ] DREAMPlace - optimizer step 22.465 ms
[INFO   ] DREAMPlace - iteration  486, ( 486,  0,  0), Obj 5.003119E+07, DensityWeight 1.461374E-04, wHPWL 7.106890E+07, Overflow 5.020663E-01, MaxDensity 1.533E+01, gamma 1.317592E+02, time 5.137ms
[INFO   ] DREAMPlace - full step 34.026 ms
[INFO   ] DREAMPlace - optimizer step 21.681 ms
[INFO   ] DREAMPlace - iteration  487, ( 487,  0,  0), Obj 5.019288E+07, DensityWeight 1.503754E-04, wHPWL 7.106994E+07, Overflow 4.998948E-01, MaxDensity 1.457E+01, gamma 1.306519E+02, time 5.005ms
[INFO   ] DREAMPlace - full step 32.005 ms
[INFO   ] DREAMPlace - optimizer step 19.461 ms
[INFO   ] DREAMPlace - iteration  488, ( 488,  0,  0), Obj 5.031806E+07, DensityWeight 1.578711E-04, wHPWL 7.107046E+07, Overflow 4.976100E-01, MaxDensity 1.522E+01, gamma 1.292082E+02, time 5.112ms
[INFO   ] DREAMPlace - full step 31.841 ms
[INFO   ] DREAMPlace - optimizer step 19.527 ms
[INFO   ] DREAMPlace - iteration  489, ( 489,  0,  0), Obj 5.046612E+07, DensityWeight 1.657527E-04, wHPWL 7.107544E+07, Overflow 4.949864E-01, MaxDensity 1.375E+01, gamma 1.277065E+02, time 5.155ms
[INFO   ] DREAMPlace - full step 31.944 ms
[INFO   ] DREAMPlace - optimizer step 21.919 ms
[INFO   ] DREAMPlace - iteration  490, ( 490,  0,  0), Obj 5.063088E+07, DensityWeight 1.739196E-04, wHPWL 7.109088E+07, Overflow 4.918711E-01, MaxDensity 1.397E+01, gamma 1.260036E+02, time 5.152ms
[INFO   ] DREAMPlace - full step 34.312 ms
[INFO   ] DREAMPlace - optimizer step 22.761 ms
[INFO   ] DREAMPlace - iteration  491, ( 491,  0,  0), Obj 5.082212E+07, DensityWeight 1.822230E-04, wHPWL 7.112896E+07, Overflow 4.881837E-01, MaxDensity 1.305E+01, gamma 1.240109E+02, time 4.298ms
[INFO   ] DREAMPlace - full step 34.320 ms
[INFO   ] DREAMPlace - optimizer step 22.449 ms
[INFO   ] DREAMPlace - iteration  492, ( 492,  0,  0), Obj 5.104600E+07, DensityWeight 1.903211E-04, wHPWL 7.116775E+07, Overflow 4.837271E-01, MaxDensity 1.302E+01, gamma 1.216930E+02, time 3.300ms
[INFO   ] DREAMPlace - full step 30.906 ms
[INFO   ] DREAMPlace - optimizer step 22.469 ms
[INFO   ] DREAMPlace - iteration  493, ( 493,  0,  0), Obj 5.130466E+07, DensityWeight 1.987594E-04, wHPWL 7.121672E+07, Overflow 4.789862E-01, MaxDensity 1.341E+01, gamma 1.189494E+02, time 5.130ms
[INFO   ] DREAMPlace - full step 33.061 ms
[INFO   ] DREAMPlace - optimizer step 22.496 ms
[INFO   ] DREAMPlace - iteration  494, ( 494,  0,  0), Obj 5.160885E+07, DensityWeight 2.072776E-04, wHPWL 7.125803E+07, Overflow 4.740311E-01, MaxDensity 1.215E+01, gamma 1.160985E+02, time 5.129ms
[INFO   ] DREAMPlace - full step 34.894 ms
[INFO   ] DREAMPlace - optimizer step 22.496 ms
[INFO   ] DREAMPlace - iteration  495, ( 495,  0,  0), Obj 5.192998E+07, DensityWeight 2.163917E-04, wHPWL 7.129798E+07, Overflow 4.701051E-01, MaxDensity 1.284E+01, gamma 1.131919E+02, time 5.138ms
[INFO   ] DREAMPlace - full step 34.918 ms
[INFO   ] DREAMPlace - optimizer step 22.474 ms
[INFO   ] DREAMPlace - iteration  496, ( 496,  0,  0), Obj 5.225907E+07, DensityWeight 2.259497E-04, wHPWL 7.131736E+07, Overflow 4.658499E-01, MaxDensity 1.319E+01, gamma 1.109407E+02, time 5.141ms
[INFO   ] DREAMPlace - full step 33.967 ms
[INFO   ] DREAMPlace - optimizer step 27.377 ms
[INFO   ] DREAMPlace - iteration  497, ( 497,  0,  0), Obj 5.253028E+07, DensityWeight 2.366069E-04, wHPWL 7.132813E+07, Overflow 4.616732E-01, MaxDensity 1.235E+01, gamma 1.085513E+02, time 5.792ms
[INFO   ] DREAMPlace - full step 40.442 ms
[INFO   ] DREAMPlace - optimizer step 22.508 ms
[INFO   ] DREAMPlace - iteration  498, ( 498,  0,  0), Obj 5.281125E+07, DensityWeight 2.480646E-04, wHPWL 7.132546E+07, Overflow 4.577884E-01, MaxDensity 1.124E+01, gamma 1.062560E+02, time 5.172ms
[INFO   ] DREAMPlace - full step 34.994 ms
[INFO   ] DREAMPlace - optimizer step 22.806 ms
[INFO   ] DREAMPlace - iteration  499, ( 499,  0,  0), Obj 5.309186E+07, DensityWeight 2.552585E-04, wHPWL 7.133298E+07, Overflow 4.540994E-01, MaxDensity 1.202E+01, gamma 1.041647E+02, time 4.850ms
[INFO   ] DREAMPlace - full step 34.902 ms
[INFO   ] DREAMPlace - optimizer step 24.932 ms
[INFO   ] DREAMPlace - iteration  500, ( 500,  0,  0), Obj 5.335774E+07, DensityWeight 2.677409E-04, wHPWL 7.134066E+07, Overflow 4.508651E-01, MaxDensity 1.206E+01, gamma 1.022169E+02, time 7.597ms
[INFO   ] DREAMPlace - full step 37.747 ms
[INFO   ] DREAMPlace - optimizer step 22.511 ms
[INFO   ] DREAMPlace - iteration  501, ( 501,  0,  0), Obj 5.360294E+07, DensityWeight 2.808271E-04, wHPWL 7.133947E+07, Overflow 4.484460E-01, MaxDensity 1.163E+01, gamma 1.005392E+02, time 5.133ms
[INFO   ] DREAMPlace - full step 34.129 ms
[INFO   ] DREAMPlace - optimizer step 21.703 ms
[INFO   ] DREAMPlace - iteration  502, ( 502,  0,  0), Obj 5.381789E+07, DensityWeight 2.889711E-04, wHPWL 7.133198E+07, Overflow 4.460956E-01, MaxDensity 1.080E+01, gamma 9.930238E+01, time 5.123ms
[INFO   ] DREAMPlace - full step 31.947 ms
[INFO   ] DREAMPlace - optimizer step 19.511 ms
[INFO   ] DREAMPlace - iteration  503, ( 503,  0,  0), Obj 5.399014E+07, DensityWeight 2.973513E-04, wHPWL 7.133346E+07, Overflow 4.431779E-01, MaxDensity 1.024E+01, gamma 9.811526E+01, time 5.128ms
[INFO   ] DREAMPlace - full step 31.901 ms
[INFO   ] DREAMPlace - optimizer step 24.331 ms
[INFO   ] DREAMPlace - iteration  504, ( 504,  0,  0), Obj 5.415304E+07, DensityWeight 3.121548E-04, wHPWL 7.133254E+07, Overflow 4.400458E-01, MaxDensity 1.022E+01, gamma 9.666131E+01, time 9.546ms
[INFO   ] DREAMPlace - full step 41.170 ms
[INFO   ] DREAMPlace - optimizer step 22.899 ms
[INFO   ] DREAMPlace - iteration  505, ( 505,  0,  0), Obj 5.434033E+07, DensityWeight 3.212073E-04, wHPWL 7.133692E+07, Overflow 4.368154E-01, MaxDensity 9.977E+00, gamma 9.512454E+01, time 5.241ms
[INFO   ] DREAMPlace - full step 35.561 ms
[INFO   ] DREAMPlace - optimizer step 24.681 ms
[INFO   ] DREAMPlace - iteration  506, ( 506,  0,  0), Obj 5.453996E+07, DensityWeight 3.370615E-04, wHPWL 7.134713E+07, Overflow 4.331468E-01, MaxDensity 9.549E+00, gamma 9.356508E+01, time 5.129ms
[INFO   ] DREAMPlace - full step 37.066 ms
[INFO   ] DREAMPlace - optimizer step 22.758 ms
[INFO   ] DREAMPlace - iteration  507, ( 507,  0,  0), Obj 5.473804E+07, DensityWeight 3.534113E-04, wHPWL 7.135182E+07, Overflow 4.300173E-01, MaxDensity 9.491E+00, gamma 9.182511E+01, time 9.211ms
[INFO   ] DREAMPlace - full step 39.238 ms
[INFO   ] DREAMPlace - optimizer step 22.450 ms
[INFO   ] DREAMPlace - iteration  508, ( 508,  0,  0), Obj 5.495095E+07, DensityWeight 3.708391E-04, wHPWL 7.134754E+07, Overflow 4.264701E-01, MaxDensity 9.086E+00, gamma 9.036639E+01, time 5.132ms
[INFO   ] DREAMPlace - full step 34.906 ms
[INFO   ] DREAMPlace - optimizer step 22.466 ms
[INFO   ] DREAMPlace - iteration  509, ( 509,  0,  0), Obj 5.513694E+07, DensityWeight 3.815934E-04, wHPWL 7.134394E+07, Overflow 4.226149E-01, MaxDensity 9.031E+00, gamma 8.874101E+01, time 5.105ms
[INFO   ] DREAMPlace - full step 32.800 ms
[INFO   ] DREAMPlace - optimizer step 22.250 ms
[INFO   ] DREAMPlace - iteration  510, ( 510,  0,  0), Obj 5.534160E+07, DensityWeight 3.926597E-04, wHPWL 7.133934E+07, Overflow 4.181828E-01, MaxDensity 8.849E+00, gamma 8.700761E+01, time 5.334ms
[INFO   ] DREAMPlace - full step 34.817 ms
[INFO   ] DREAMPlace - optimizer step 22.484 ms
[INFO   ] DREAMPlace - iteration  511, ( 511,  0,  0), Obj 5.555746E+07, DensityWeight 4.040468E-04, wHPWL 7.133165E+07, Overflow 4.146383E-01, MaxDensity 9.024E+00, gamma 8.505664E+01, time 5.140ms
[INFO   ] DREAMPlace - full step 34.917 ms
[INFO   ] DREAMPlace - optimizer step 32.934 ms
[INFO   ] DREAMPlace - iteration  512, ( 512,  0,  0), Obj 5.579434E+07, DensityWeight 4.157642E-04, wHPWL 7.131053E+07, Overflow 4.116323E-01, MaxDensity 8.928E+00, gamma 8.352786E+01, time 7.597ms
[INFO   ] DREAMPlace - full step 47.821 ms
[INFO   ] DREAMPlace - optimizer step 22.854 ms
[INFO   ] DREAMPlace - iteration  513, ( 513,  0,  0), Obj 5.597791E+07, DensityWeight 4.278214E-04, wHPWL 7.127262E+07, Overflow 4.091038E-01, MaxDensity 8.265E+00, gamma 8.225295E+01, time 5.143ms
[INFO   ] DREAMPlace - full step 34.942 ms
[INFO   ] DREAMPlace - optimizer step 22.245 ms
[INFO   ] DREAMPlace - iteration  514, ( 514,  0,  0), Obj 5.612281E+07, DensityWeight 4.402282E-04, wHPWL 7.121729E+07, Overflow 4.075216E-01, MaxDensity 8.789E+00, gamma 8.119559E+01, time 16.740ms
[INFO   ] DREAMPlace - full step 46.257 ms
[INFO   ] DREAMPlace - optimizer step 22.473 ms
[INFO   ] DREAMPlace - iteration  515, ( 515,  0,  0), Obj 5.624071E+07, DensityWeight 4.529948E-04, wHPWL 7.116325E+07, Overflow 4.058699E-01, MaxDensity 8.603E+00, gamma 8.054091E+01, time 5.136ms
[INFO   ] DREAMPlace - full step 34.811 ms
[INFO   ] DREAMPlace - optimizer step 22.495 ms
[INFO   ] DREAMPlace - iteration  516, ( 516,  0,  0), Obj 5.631665E+07, DensityWeight 4.661317E-04, wHPWL 7.111589E+07, Overflow 4.049026E-01, MaxDensity 8.368E+00, gamma 7.986307E+01, time 5.378ms
[INFO   ] DREAMPlace - full step 33.351 ms
[INFO   ] DREAMPlace - optimizer step 22.426 ms
[INFO   ] DREAMPlace - iteration  517, ( 517,  0,  0), Obj 5.639287E+07, DensityWeight 4.796495E-04, wHPWL 7.108062E+07, Overflow 4.031228E-01, MaxDensity 8.949E+00, gamma 7.946878E+01, time 5.145ms
[INFO   ] DREAMPlace - full step 34.841 ms
[INFO   ] DREAMPlace - optimizer step 22.478 ms
[INFO   ] DREAMPlace - iteration  518, ( 518,  0,  0), Obj 5.644202E+07, DensityWeight 4.935594E-04, wHPWL 7.105454E+07, Overflow 4.010732E-01, MaxDensity 8.471E+00, gamma 7.874833E+01, time 5.138ms
[INFO   ] DREAMPlace - full step 34.921 ms
[INFO   ] DREAMPlace - optimizer step 22.456 ms
[INFO   ] DREAMPlace - iteration  519, ( 519,  0,  0), Obj 5.652816E+07, DensityWeight 5.078727E-04, wHPWL 7.104438E+07, Overflow 3.978627E-01, MaxDensity 7.573E+00, gamma 7.792679E+01, time 5.134ms
[INFO   ] DREAMPlace - full step 34.853 ms
[INFO   ] DREAMPlace - plotting to shrink_results/s001/adaptec1/plot/iter0520.png takes 1.313 seconds
[INFO   ] DREAMPlace - optimizer step 24.016 ms
[INFO   ] DREAMPlace - iteration  520, ( 520,  0,  0), Obj 5.663214E+07, DensityWeight 5.226010E-04, wHPWL 7.103870E+07, Overflow 3.947932E-01, MaxDensity 7.531E+00, gamma 7.665709E+01, time 5.139ms
[INFO   ] DREAMPlace - full step 1353.696 ms
[INFO   ] DREAMPlace - optimizer step 21.375 ms
[INFO   ] DREAMPlace - iteration  521, ( 521,  0,  0), Obj 5.678906E+07, DensityWeight 5.377565E-04, wHPWL 7.103917E+07, Overflow 3.911314E-01, MaxDensity 7.836E+00, gamma 7.546252E+01, time 6.024ms
[INFO   ] DREAMPlace - full step 30.742 ms
[INFO   ] DREAMPlace - optimizer step 24.553 ms
[INFO   ] DREAMPlace - iteration  522, ( 522,  0,  0), Obj 5.694083E+07, DensityWeight 5.646071E-04, wHPWL 7.102682E+07, Overflow 3.877511E-01, MaxDensity 7.752E+00, gamma 7.406173E+01, time 5.109ms
[INFO   ] DREAMPlace - full step 36.896 ms
[INFO   ] DREAMPlace - optimizer step 18.371 ms
[INFO   ] DREAMPlace - iteration  523, ( 523,  0,  0), Obj 5.711434E+07, DensityWeight 5.809807E-04, wHPWL 7.100907E+07, Overflow 3.843992E-01, MaxDensity 7.661E+00, gamma 7.279176E+01, time 5.095ms
[INFO   ] DREAMPlace - full step 30.704 ms
[INFO   ] DREAMPlace - optimizer step 22.542 ms
[INFO   ] DREAMPlace - iteration  524, ( 524,  0,  0), Obj 5.728084E+07, DensityWeight 5.978292E-04, wHPWL 7.098908E+07, Overflow 3.814853E-01, MaxDensity 7.280E+00, gamma 7.155391E+01, time 5.121ms
[INFO   ] DREAMPlace - full step 34.918 ms
[INFO   ] DREAMPlace - optimizer step 18.615 ms
[INFO   ] DREAMPlace - iteration  525, ( 525,  0,  0), Obj 5.744779E+07, DensityWeight 6.151663E-04, wHPWL 7.097302E+07, Overflow 3.783513E-01, MaxDensity 7.139E+00, gamma 7.049496E+01, time 5.136ms
[INFO   ] DREAMPlace - full step 31.003 ms
[INFO   ] DREAMPlace - optimizer step 22.583 ms
[INFO   ] DREAMPlace - iteration  526, ( 526,  0,  0), Obj 5.759311E+07, DensityWeight 6.330061E-04, wHPWL 7.094682E+07, Overflow 3.757954E-01, MaxDensity 6.559E+00, gamma 6.937352E+01, time 5.135ms
[INFO   ] DREAMPlace - full step 34.968 ms
[INFO   ] DREAMPlace - optimizer step 13.656 ms
[INFO   ] DREAMPlace - iteration  527, ( 527,  0,  0), Obj 5.774488E+07, DensityWeight 6.513633E-04, wHPWL 7.092595E+07, Overflow 3.730234E-01, MaxDensity 6.785E+00, gamma 6.847215E+01, time 5.143ms
[INFO   ] DREAMPlace - full step 24.821 ms
[INFO   ] DREAMPlace - optimizer step 21.225 ms
[INFO   ] DREAMPlace - iteration  528, ( 528,  0,  0), Obj 5.787338E+07, DensityWeight 6.702528E-04, wHPWL 7.089964E+07, Overflow 3.706475E-01, MaxDensity 7.866E+00, gamma 6.750780E+01, time 5.113ms
[INFO   ] DREAMPlace - full step 33.629 ms
[INFO   ] DREAMPlace - optimizer step 19.924 ms
[INFO   ] DREAMPlace - iteration  529, ( 529,  0,  0), Obj 5.800782E+07, DensityWeight 6.896902E-04, wHPWL 7.088299E+07, Overflow 3.678404E-01, MaxDensity 7.718E+00, gamma 6.669204E+01, time 11.037ms
[INFO   ] DREAMPlace - full step 38.264 ms
[INFO   ] DREAMPlace - optimizer step 21.294 ms
[INFO   ] DREAMPlace - iteration  530, ( 530,  0,  0), Obj 5.812478E+07, DensityWeight 7.096912E-04, wHPWL 7.085891E+07, Overflow 3.655105E-01, MaxDensity 6.506E+00, gamma 6.574096E+01, time 5.152ms
[INFO   ] DREAMPlace - full step 33.924 ms
[INFO   ] DREAMPlace - optimizer step 21.326 ms
[INFO   ] DREAMPlace - iteration  531, ( 531,  0,  0), Obj 5.825674E+07, DensityWeight 7.302723E-04, wHPWL 7.084545E+07, Overflow 3.626964E-01, MaxDensity 6.599E+00, gamma 6.496187E+01, time 5.157ms
[INFO   ] DREAMPlace - full step 33.917 ms
[INFO   ] DREAMPlace - optimizer step 21.279 ms
[INFO   ] DREAMPlace - iteration  532, ( 532,  0,  0), Obj 5.837124E+07, DensityWeight 7.514502E-04, wHPWL 7.082574E+07, Overflow 3.604734E-01, MaxDensity 6.672E+00, gamma 6.403316E+01, time 5.181ms
[INFO   ] DREAMPlace - full step 33.885 ms
[INFO   ] DREAMPlace - optimizer step 21.232 ms
[INFO   ] DREAMPlace - iteration  533, ( 533,  0,  0), Obj 5.850107E+07, DensityWeight 7.732423E-04, wHPWL 7.081566E+07, Overflow 3.579442E-01, MaxDensity 6.265E+00, gamma 6.330893E+01, time 5.159ms
[INFO   ] DREAMPlace - full step 33.803 ms
[INFO   ] DREAMPlace - optimizer step 21.283 ms
[INFO   ] DREAMPlace - iteration  534, ( 534,  0,  0), Obj 5.860931E+07, DensityWeight 7.956663E-04, wHPWL 7.079881E+07, Overflow 3.559330E-01, MaxDensity 6.253E+00, gamma 6.249490E+01, time 5.150ms
[INFO   ] DREAMPlace - full step 33.872 ms
[INFO   ] DREAMPlace - optimizer step 21.285 ms
[INFO   ] DREAMPlace - iteration  535, ( 535,  0,  0), Obj 5.872815E+07, DensityWeight 8.187406E-04, wHPWL 7.079541E+07, Overflow 3.531400E-01, MaxDensity 6.624E+00, gamma 6.185505E+01, time 5.155ms
[INFO   ] DREAMPlace - full step 33.872 ms
[INFO   ] DREAMPlace - optimizer step 21.564 ms
[INFO   ] DREAMPlace - iteration  536, ( 536,  0,  0), Obj 5.882830E+07, DensityWeight 8.424841E-04, wHPWL 7.078501E+07, Overflow 3.510296E-01, MaxDensity 6.839E+00, gamma 6.097734E+01, time 5.153ms
[INFO   ] DREAMPlace - full step 31.659 ms
[INFO   ] DREAMPlace - optimizer step 19.981 ms
[INFO   ] DREAMPlace - iteration  537, ( 537,  0,  0), Obj 5.895759E+07, DensityWeight 8.669162E-04, wHPWL 7.078778E+07, Overflow 3.480964E-01, MaxDensity 6.364E+00, gamma 6.032241E+01, time 18.617ms
[INFO   ] DREAMPlace - full step 46.126 ms
[INFO   ] DREAMPlace - optimizer step 17.511 ms
[INFO   ] DREAMPlace - iteration  538, ( 538,  0,  0), Obj 5.906228E+07, DensityWeight 9.099108E-04, wHPWL 7.078053E+07, Overflow 3.456258E-01, MaxDensity 6.619E+00, gamma 5.942382E+01, time 5.080ms
[INFO   ] DREAMPlace - full step 29.850 ms
[INFO   ] DREAMPlace - optimizer step 19.939 ms
[INFO   ] DREAMPlace - iteration  539, ( 539,  0,  0), Obj 5.919504E+07, DensityWeight 9.362983E-04, wHPWL 7.078037E+07, Overflow 3.423270E-01, MaxDensity 6.882E+00, gamma 5.867732E+01, time 5.133ms
[INFO   ] DREAMPlace - full step 31.141 ms
[INFO   ] DREAMPlace - optimizer step 21.209 ms
[INFO   ] DREAMPlace - iteration  540, ( 540,  0,  0), Obj 5.931814E+07, DensityWeight 9.634510E-04, wHPWL 7.078134E+07, Overflow 3.386016E-01, MaxDensity 7.129E+00, gamma 5.769519E+01, time 5.140ms
[INFO   ] DREAMPlace - full step 33.610 ms
[INFO   ] DREAMPlace - optimizer step 21.273 ms
[INFO   ] DREAMPlace - iteration  541, ( 541,  0,  0), Obj 5.947180E+07, DensityWeight 1.011486E-03, wHPWL 7.078774E+07, Overflow 3.348204E-01, MaxDensity 6.667E+00, gamma 5.660580E+01, time 4.916ms
[INFO   ] DREAMPlace - full step 33.434 ms
[INFO   ] DREAMPlace - optimizer step 20.770 ms
[INFO   ] DREAMPlace - iteration  542, ( 542,  0,  0), Obj 5.963892E+07, DensityWeight 1.061113E-03, wHPWL 7.078102E+07, Overflow 3.319640E-01, MaxDensity 6.448E+00, gamma 5.552114E+01, time 5.713ms
[INFO   ] DREAMPlace - full step 33.963 ms
[INFO   ] DREAMPlace - optimizer step 21.375 ms
[INFO   ] DREAMPlace - iteration  543, ( 543,  0,  0), Obj 5.980987E+07, DensityWeight 1.091885E-03, wHPWL 7.077730E+07, Overflow 3.277419E-01, MaxDensity 6.355E+00, gamma 5.471554E+01, time 5.151ms
[INFO   ] DREAMPlace - full step 33.947 ms
[INFO   ] DREAMPlace - optimizer step 21.170 ms
[INFO   ] DREAMPlace - iteration  544, ( 544,  0,  0), Obj 5.994888E+07, DensityWeight 1.123550E-03, wHPWL 7.077046E+07, Overflow 3.239639E-01, MaxDensity 5.782E+00, gamma 5.354616E+01, time 5.184ms
[INFO   ] DREAMPlace - full step 33.810 ms
[INFO   ] DREAMPlace - optimizer step 21.269 ms
[INFO   ] DREAMPlace - iteration  545, ( 545,  0,  0), Obj 6.013241E+07, DensityWeight 1.156133E-03, wHPWL 7.076299E+07, Overflow 3.198468E-01, MaxDensity 5.711E+00, gamma 5.252099E+01, time 5.143ms
[INFO   ] DREAMPlace - full step 33.859 ms
[INFO   ] DREAMPlace - optimizer step 21.138 ms
[INFO   ] DREAMPlace - iteration  546, ( 546,  0,  0), Obj 6.029795E+07, DensityWeight 1.189661E-03, wHPWL 7.074571E+07, Overflow 3.170636E-01, MaxDensity 5.837E+00, gamma 5.142610E+01, time 5.280ms
[INFO   ] DREAMPlace - full step 33.868 ms
[INFO   ] DREAMPlace - optimizer step 21.259 ms
[INFO   ] DREAMPlace - iteration  547, ( 547,  0,  0), Obj 6.046538E+07, DensityWeight 1.224161E-03, wHPWL 7.072086E+07, Overflow 3.145299E-01, MaxDensity 6.125E+00, gamma 5.069891E+01, time 5.079ms
[INFO   ] DREAMPlace - full step 33.807 ms
[INFO   ] DREAMPlace - optimizer step 21.273 ms
[INFO   ] DREAMPlace - iteration  548, ( 548,  0,  0), Obj 6.057819E+07, DensityWeight 1.259662E-03, wHPWL 7.068307E+07, Overflow 3.129506E-01, MaxDensity 6.213E+00, gamma 5.004589E+01, time 5.159ms
[INFO   ] DREAMPlace - full step 33.854 ms
[INFO   ] DREAMPlace - optimizer step 21.214 ms
[INFO   ] DREAMPlace - iteration  549, ( 549,  0,  0), Obj 6.067564E+07, DensityWeight 1.296192E-03, wHPWL 7.064701E+07, Overflow 3.112691E-01, MaxDensity 6.108E+00, gamma 4.964309E+01, time 5.167ms
[INFO   ] DREAMPlace - full step 33.816 ms
[INFO   ] DREAMPlace - optimizer step 21.306 ms
[INFO   ] DREAMPlace - iteration  550, ( 550,  0,  0), Obj 6.074044E+07, DensityWeight 1.333782E-03, wHPWL 7.061529E+07, Overflow 3.094759E-01, MaxDensity 5.876E+00, gamma 4.921780E+01, time 5.167ms
[INFO   ] DREAMPlace - full step 33.898 ms
[INFO   ] DREAMPlace - optimizer step 21.272 ms
[INFO   ] DREAMPlace - iteration  551, ( 551,  0,  0), Obj 6.080928E+07, DensityWeight 1.372462E-03, wHPWL 7.059710E+07, Overflow 3.069859E-01, MaxDensity 5.896E+00, gamma 4.876825E+01, time 5.143ms
[INFO   ] DREAMPlace - full step 33.857 ms
[INFO   ] DREAMPlace - optimizer step 21.245 ms
[INFO   ] DREAMPlace - iteration  552, ( 552,  0,  0), Obj 6.088231E+07, DensityWeight 1.412263E-03, wHPWL 7.058464E+07, Overflow 3.043799E-01, MaxDensity 5.637E+00, gamma 4.815083E+01, time 5.158ms
[INFO   ] DREAMPlace - full step 33.855 ms
[INFO   ] DREAMPlace - optimizer step 21.245 ms
[INFO   ] DREAMPlace - iteration  553, ( 553,  0,  0), Obj 6.098023E+07, DensityWeight 1.453219E-03, wHPWL 7.058145E+07, Overflow 3.015802E-01, MaxDensity 5.407E+00, gamma 4.751304E+01, time 5.166ms
[INFO   ] DREAMPlace - full step 33.861 ms
[INFO   ] DREAMPlace - optimizer step 21.266 ms
[INFO   ] DREAMPlace - iteration  554, ( 554,  0,  0), Obj 6.108036E+07, DensityWeight 1.495362E-03, wHPWL 7.057298E+07, Overflow 2.986850E-01, MaxDensity 5.551E+00, gamma 4.683724E+01, time 5.162ms
[INFO   ] DREAMPlace - full step 33.859 ms
[INFO   ] DREAMPlace - optimizer step 23.682 ms
[INFO   ] DREAMPlace - iteration  555, ( 555,  0,  0), Obj 6.118520E+07, DensityWeight 1.538728E-03, wHPWL 7.056423E+07, Overflow 2.959772E-01, MaxDensity 5.628E+00, gamma 4.614848E+01, time 5.168ms
[INFO   ] DREAMPlace - full step 36.277 ms
[INFO   ] DREAMPlace - optimizer step 21.259 ms
[INFO   ] DREAMPlace - iteration  556, ( 556,  0,  0), Obj 6.129089E+07, DensityWeight 1.583351E-03, wHPWL 7.054826E+07, Overflow 2.935516E-01, MaxDensity 5.572E+00, gamma 4.551349E+01, time 5.162ms
[INFO   ] DREAMPlace - full step 33.735 ms
[INFO   ] DREAMPlace - optimizer step 21.270 ms
[INFO   ] DREAMPlace - iteration  557, ( 557,  0,  0), Obj 6.139073E+07, DensityWeight 1.629268E-03, wHPWL 7.053421E+07, Overflow 2.911317E-01, MaxDensity 5.508E+00, gamma 4.495208E+01, time 5.158ms
[INFO   ] DREAMPlace - full step 33.395 ms
[INFO   ] DREAMPlace - optimizer step 2.228 ms
[INFO   ] DREAMPlace - iteration  558, ( 558,  0,  0), Obj 6.147944E+07, DensityWeight 1.676517E-03, wHPWL 7.051498E+07, Overflow 2.890372E-01, MaxDensity 5.385E+00, gamma 4.439891E+01, time 0.671ms
[INFO   ] DREAMPlace - full step 3.384 ms
[INFO   ] DREAMPlace - optimizer step 2.197 ms
[INFO   ] DREAMPlace - iteration  559, ( 559,  0,  0), Obj 6.156894E+07, DensityWeight 1.725136E-03, wHPWL 7.050165E+07, Overflow 2.866086E-01, MaxDensity 5.150E+00, gamma 4.392561E+01, time 0.678ms
[INFO   ] DREAMPlace - full step 3.365 ms
[INFO   ] DREAMPlace - plotting to shrink_results/s001/adaptec1/plot/iter0560.png takes 1.293 seconds
[INFO   ] DREAMPlace - optimizer step 23.970 ms
[INFO   ] DREAMPlace - iteration  560, ( 560,  0,  0), Obj 6.165004E+07, DensityWeight 1.775165E-03, wHPWL 7.049002E+07, Overflow 2.838137E-01, MaxDensity 4.979E+00, gamma 4.338315E+01, time 0.672ms
[INFO   ] DREAMPlace - full step 1324.386 ms
[INFO   ] DREAMPlace - optimizer step 24.808 ms
[INFO   ] DREAMPlace - iteration  561, ( 561,  0,  0), Obj 6.174135E+07, DensityWeight 1.826645E-03, wHPWL 7.048282E+07, Overflow 2.809871E-01, MaxDensity 5.063E+00, gamma 4.276712E+01, time 3.776ms
[INFO   ] DREAMPlace - full step 35.811 ms
[INFO   ] DREAMPlace - optimizer step 22.487 ms
[INFO   ] DREAMPlace - iteration  562, ( 562,  0,  0), Obj 6.184466E+07, DensityWeight 1.879618E-03, wHPWL 7.047582E+07, Overflow 2.782372E-01, MaxDensity 5.341E+00, gamma 4.215303E+01, time 1.226ms
[INFO   ] DREAMPlace - full step 30.973 ms
[INFO   ] DREAMPlace - optimizer step 22.782 ms
[INFO   ] DREAMPlace - iteration  563, ( 563,  0,  0), Obj 6.194788E+07, DensityWeight 1.934127E-03, wHPWL 7.046791E+07, Overflow 2.754098E-01, MaxDensity 5.208E+00, gamma 4.156406E+01, time 3.736ms
[INFO   ] DREAMPlace - full step 33.811 ms
[INFO   ] DREAMPlace - optimizer step 22.735 ms
[INFO   ] DREAMPlace - iteration  564, ( 564,  0,  0), Obj 6.204663E+07, DensityWeight 1.990217E-03, wHPWL 7.045730E+07, Overflow 2.728563E-01, MaxDensity 5.248E+00, gamma 4.096705E+01, time 3.644ms
[INFO   ] DREAMPlace - full step 33.586 ms
[INFO   ] DREAMPlace - optimizer step 22.728 ms
[INFO   ] DREAMPlace - iteration  565, ( 565,  0,  0), Obj 6.214457E+07, DensityWeight 2.047933E-03, wHPWL 7.044413E+07, Overflow 2.706129E-01, MaxDensity 5.213E+00, gamma 4.043526E+01, time 3.371ms
[INFO   ] DREAMPlace - full step 33.325 ms
[INFO   ] DREAMPlace - optimizer step 22.713 ms
[INFO   ] DREAMPlace - iteration  566, ( 566,  0,  0), Obj 6.223398E+07, DensityWeight 2.107323E-03, wHPWL 7.043104E+07, Overflow 2.684124E-01, MaxDensity 5.090E+00, gamma 3.997375E+01, time 3.284ms
[INFO   ] DREAMPlace - full step 33.330 ms
[INFO   ] DREAMPlace - optimizer step 22.732 ms
[INFO   ] DREAMPlace - iteration  567, ( 567,  0,  0), Obj 6.231224E+07, DensityWeight 2.168436E-03, wHPWL 7.041825E+07, Overflow 2.663534E-01, MaxDensity 4.925E+00, gamma 3.952620E+01, time 3.376ms
[INFO   ] DREAMPlace - full step 33.369 ms
[INFO   ] DREAMPlace - optimizer step 22.731 ms
[INFO   ] DREAMPlace - iteration  568, ( 568,  0,  0), Obj 6.238902E+07, DensityWeight 2.231321E-03, wHPWL 7.040807E+07, Overflow 2.640144E-01, MaxDensity 4.824E+00, gamma 3.911194E+01, time 3.445ms
[INFO   ] DREAMPlace - full step 33.400 ms
[INFO   ] DREAMPlace - optimizer step 22.729 ms
[INFO   ] DREAMPlace - iteration  569, ( 569,  0,  0), Obj 6.246213E+07, DensityWeight 2.296029E-03, wHPWL 7.040098E+07, Overflow 2.612460E-01, MaxDensity 4.758E+00, gamma 3.864662E+01, time 3.420ms
[INFO   ] DREAMPlace - full step 33.351 ms
[INFO   ] DREAMPlace - optimizer step 22.724 ms
[INFO   ] DREAMPlace - iteration  570, ( 570,  0,  0), Obj 6.254287E+07, DensityWeight 2.362614E-03, wHPWL 7.039556E+07, Overflow 2.584444E-01, MaxDensity 5.109E+00, gamma 3.810304E+01, time 3.450ms
[INFO   ] DREAMPlace - full step 33.430 ms
[INFO   ] DREAMPlace - optimizer step 22.754 ms
[INFO   ] DREAMPlace - iteration  571, ( 571,  0,  0), Obj 6.263544E+07, DensityWeight 2.431130E-03, wHPWL 7.039101E+07, Overflow 2.556701E-01, MaxDensity 4.825E+00, gamma 3.756072E+01, time 3.503ms
[INFO   ] DREAMPlace - full step 33.504 ms
[INFO   ] DREAMPlace - optimizer step 21.730 ms
[INFO   ] DREAMPlace - iteration  572, ( 572,  0,  0), Obj 6.272944E+07, DensityWeight 2.501633E-03, wHPWL 7.038560E+07, Overflow 2.532409E-01, MaxDensity 4.775E+00, gamma 3.703128E+01, time 6.836ms
[INFO   ] DREAMPlace - full step 35.840 ms
[INFO   ] DREAMPlace - optimizer step 22.578 ms
[INFO   ] DREAMPlace - iteration  573, ( 573,  0,  0), Obj 6.282062E+07, DensityWeight 2.574180E-03, wHPWL 7.037782E+07, Overflow 2.512938E-01, MaxDensity 4.545E+00, gamma 3.657384E+01, time 5.112ms
[INFO   ] DREAMPlace - full step 35.024 ms
[INFO   ] DREAMPlace - optimizer step 22.942 ms
[INFO   ] DREAMPlace - iteration  574, ( 574,  0,  0), Obj 6.290086E+07, DensityWeight 2.648832E-03, wHPWL 7.036790E+07, Overflow 2.493055E-01, MaxDensity 4.472E+00, gamma 3.621126E+01, time 5.242ms
[INFO   ] DREAMPlace - full step 35.595 ms
[INFO   ] DREAMPlace - optimizer step 21.781 ms
[INFO   ] DREAMPlace - iteration  575, ( 575,  0,  0), Obj 6.296741E+07, DensityWeight 2.725648E-03, wHPWL 7.035920E+07, Overflow 2.470938E-01, MaxDensity 4.497E+00, gamma 3.584472E+01, time 5.948ms
[INFO   ] DREAMPlace - full step 35.020 ms
[INFO   ] DREAMPlace - optimizer step 20.233 ms
[INFO   ] DREAMPlace - iteration  576, ( 576,  0,  0), Obj 6.303453E+07, DensityWeight 2.804692E-03, wHPWL 7.035314E+07, Overflow 2.447299E-01, MaxDensity 4.488E+00, gamma 3.544136E+01, time 5.137ms
[INFO   ] DREAMPlace - full step 32.652 ms
[INFO   ] DREAMPlace - optimizer step 22.441 ms
[INFO   ] DREAMPlace - iteration  577, ( 577,  0,  0), Obj 6.310795E+07, DensityWeight 2.886028E-03, wHPWL 7.034914E+07, Overflow 2.424112E-01, MaxDensity 4.432E+00, gamma 3.501524E+01, time 5.130ms
[INFO   ] DREAMPlace - full step 34.833 ms
[INFO   ] DREAMPlace - optimizer step 21.060 ms
[INFO   ] DREAMPlace - iteration  578, ( 578,  0,  0), Obj 6.318554E+07, DensityWeight 2.969723E-03, wHPWL 7.034677E+07, Overflow 2.397179E-01, MaxDensity 4.884E+00, gamma 3.460227E+01, time 6.449ms
[INFO   ] DREAMPlace - full step 34.764 ms
[INFO   ] DREAMPlace - optimizer step 27.041 ms
[INFO   ] DREAMPlace - iteration  579, ( 579,  0,  0), Obj 6.326135E+07, DensityWeight 3.055845E-03, wHPWL 7.034334E+07, Overflow 2.371504E-01, MaxDensity 4.781E+00, gamma 3.412868E+01, time 5.121ms
[INFO   ] DREAMPlace - full step 39.442 ms
[INFO   ] DREAMPlace - optimizer step 22.493 ms
[INFO   ] DREAMPlace - iteration  580, ( 580,  0,  0), Obj 6.334506E+07, DensityWeight 3.144464E-03, wHPWL 7.033962E+07, Overflow 2.348780E-01, MaxDensity 4.962E+00, gamma 3.368324E+01, time 5.164ms
[INFO   ] DREAMPlace - full step 34.938 ms
[INFO   ] DREAMPlace - optimizer step 23.218 ms
[INFO   ] DREAMPlace - iteration  581, ( 581,  0,  0), Obj 6.342463E+07, DensityWeight 3.235654E-03, wHPWL 7.033347E+07, Overflow 2.326649E-01, MaxDensity 4.611E+00, gamma 3.329386E+01, time 5.148ms
[INFO   ] DREAMPlace - full step 34.813 ms
[INFO   ] DREAMPlace - optimizer step 22.325 ms
[INFO   ] DREAMPlace - iteration  582, ( 582,  0,  0), Obj 6.349560E+07, DensityWeight 3.329488E-03, wHPWL 7.032765E+07, Overflow 2.306260E-01, MaxDensity 4.314E+00, gamma 3.291896E+01, time 7.579ms
[INFO   ] DREAMPlace - full step 37.275 ms
[INFO   ] DREAMPlace - optimizer step 22.376 ms
[INFO   ] DREAMPlace - iteration  583, ( 583,  0,  0), Obj 6.356373E+07, DensityWeight 3.426043E-03, wHPWL 7.032186E+07, Overflow 2.283974E-01, MaxDensity 4.453E+00, gamma 3.257732E+01, time 4.897ms
[INFO   ] DREAMPlace - full step 34.489 ms
[INFO   ] DREAMPlace - optimizer step 22.391 ms
[INFO   ] DREAMPlace - iteration  584, ( 584,  0,  0), Obj 6.362794E+07, DensityWeight 3.525399E-03, wHPWL 7.031845E+07, Overflow 2.261245E-01, MaxDensity 4.448E+00, gamma 3.220792E+01, time 5.250ms
[INFO   ] DREAMPlace - full step 34.887 ms
[INFO   ] DREAMPlace - optimizer step 22.150 ms
[INFO   ] DREAMPlace - iteration  585, ( 585,  0,  0), Obj 6.369686E+07, DensityWeight 3.627635E-03, wHPWL 7.031723E+07, Overflow 2.238648E-01, MaxDensity 4.160E+00, gamma 3.183551E+01, time 5.251ms
[INFO   ] DREAMPlace - full step 34.586 ms
[INFO   ] DREAMPlace - optimizer step 22.484 ms
[INFO   ] DREAMPlace - iteration  586, ( 586,  0,  0), Obj 6.376613E+07, DensityWeight 3.732837E-03, wHPWL 7.031560E+07, Overflow 2.215725E-01, MaxDensity 4.087E+00, gamma 3.146953E+01, time 5.188ms
[INFO   ] DREAMPlace - full step 34.885 ms
[INFO   ] DREAMPlace - optimizer step 22.249 ms
[INFO   ] DREAMPlace - iteration  587, ( 587,  0,  0), Obj 6.383348E+07, DensityWeight 3.841089E-03, wHPWL 7.031251E+07, Overflow 2.192844E-01, MaxDensity 4.091E+00, gamma 3.110257E+01, time 5.444ms
[INFO   ] DREAMPlace - full step 35.011 ms
[INFO   ] DREAMPlace - optimizer step 22.519 ms
[INFO   ] DREAMPlace - iteration  588, ( 588,  0,  0), Obj 6.390130E+07, DensityWeight 3.952481E-03, wHPWL 7.030904E+07, Overflow 2.169885E-01, MaxDensity 4.096E+00, gamma 3.074056E+01, time 5.141ms
[INFO   ] DREAMPlace - full step 34.912 ms
[INFO   ] DREAMPlace - optimizer step 22.516 ms
[INFO   ] DREAMPlace - iteration  589, ( 589,  0,  0), Obj 6.396824E+07, DensityWeight 4.067103E-03, wHPWL 7.030576E+07, Overflow 2.147465E-01, MaxDensity 4.149E+00, gamma 3.038153E+01, time 5.118ms
[INFO   ] DREAMPlace - full step 34.203 ms
[INFO   ] DREAMPlace - optimizer step 22.531 ms
[INFO   ] DREAMPlace - iteration  590, ( 590,  0,  0), Obj 6.403490E+07, DensityWeight 4.185049E-03, wHPWL 7.030170E+07, Overflow 2.124990E-01, MaxDensity 4.124E+00, gamma 3.003499E+01, time 5.135ms
[INFO   ] DREAMPlace - full step 34.895 ms
[INFO   ] DREAMPlace - optimizer step 22.604 ms
[INFO   ] DREAMPlace - iteration  591, ( 591,  0,  0), Obj 6.409964E+07, DensityWeight 4.306416E-03, wHPWL 7.029922E+07, Overflow 2.103791E-01, MaxDensity 3.941E+00, gamma 2.969156E+01, time 5.152ms
[INFO   ] DREAMPlace - full step 34.994 ms
[INFO   ] DREAMPlace - optimizer step 22.498 ms
[INFO   ] DREAMPlace - iteration  592, ( 592,  0,  0), Obj 6.416339E+07, DensityWeight 4.431302E-03, wHPWL 7.029513E+07, Overflow 2.083910E-01, MaxDensity 3.658E+00, gamma 2.937123E+01, time 5.134ms
[INFO   ] DREAMPlace - full step 32.809 ms
[INFO   ] DREAMPlace - optimizer step 22.493 ms
[INFO   ] DREAMPlace - iteration  593, ( 593,  0,  0), Obj 6.422310E+07, DensityWeight 4.559810E-03, wHPWL 7.029136E+07, Overflow 2.063490E-01, MaxDensity 3.513E+00, gamma 2.907395E+01, time 5.120ms
[INFO   ] DREAMPlace - full step 34.877 ms
[INFO   ] DREAMPlace - optimizer step 21.761 ms
[INFO   ] DREAMPlace - iteration  594, ( 594,  0,  0), Obj 6.428086E+07, DensityWeight 4.692045E-03, wHPWL 7.028907E+07, Overflow 2.043069E-01, MaxDensity 3.744E+00, gamma 2.877174E+01, time 59.397ms
[INFO   ] DREAMPlace - full step 87.911 ms
[INFO   ] DREAMPlace - optimizer step 22.136 ms
[INFO   ] DREAMPlace - iteration  595, ( 595,  0,  0), Obj 6.433965E+07, DensityWeight 4.828114E-03, wHPWL 7.028955E+07, Overflow 2.021051E-01, MaxDensity 3.899E+00, gamma 2.847267E+01, time 5.091ms
[INFO   ] DREAMPlace - full step 34.463 ms
[INFO   ] DREAMPlace - optimizer step 22.514 ms
[INFO   ] DREAMPlace - iteration  596, ( 596,  0,  0), Obj 6.439907E+07, DensityWeight 5.069180E-03, wHPWL 7.029024E+07, Overflow 1.998273E-01, MaxDensity 3.913E+00, gamma 2.815370E+01, time 5.116ms
[INFO   ] DREAMPlace - full step 34.874 ms
[INFO   ] DREAMPlace - optimizer step 19.714 ms
[INFO   ] DREAMPlace - iteration  597, ( 597,  0,  0), Obj 6.446033E+07, DensityWeight 5.322129E-03, wHPWL 7.029117E+07, Overflow 1.976404E-01, MaxDensity 3.727E+00, gamma 2.782746E+01, time 5.131ms
[INFO   ] DREAMPlace - full step 32.088 ms
[INFO   ] DREAMPlace - optimizer step 22.516 ms
[INFO   ] DREAMPlace - iteration  598, ( 598,  0,  0), Obj 6.452932E+07, DensityWeight 5.587512E-03, wHPWL 7.029829E+07, Overflow 1.943595E-01, MaxDensity 3.561E+00, gamma 2.751781E+01, time 5.134ms
[INFO   ] DREAMPlace - full step 34.914 ms
[INFO   ] DREAMPlace - optimizer step 22.418 ms
[INFO   ] DREAMPlace - iteration  599, ( 599,  0,  0), Obj 6.460268E+07, DensityWeight 5.861067E-03, wHPWL 7.031457E+07, Overflow 1.904315E-01, MaxDensity 3.818E+00, gamma 2.705970E+01, time 5.125ms
[INFO   ] DREAMPlace - full step 31.979 ms
[INFO   ] DREAMPlace - plotting to shrink_results/s001/adaptec1/plot/iter0600.png takes 1.296 seconds
[INFO   ] DREAMPlace - optimizer step 21.542 ms
[INFO   ] DREAMPlace - iteration  600, ( 600,  0,  0), Obj 6.470431E+07, DensityWeight 6.140170E-03, wHPWL 7.033518E+07, Overflow 1.861506E-01, MaxDensity 3.898E+00, gamma 2.652125E+01, time 5.115ms
[INFO   ] DREAMPlace - full step 1332.995 ms
[INFO   ] DREAMPlace - optimizer step 25.922 ms
[INFO   ] DREAMPlace - iteration  601, ( 601,  0,  0), Obj 6.481944E+07, DensityWeight 6.428676E-03, wHPWL 7.035411E+07, Overflow 1.822737E-01, MaxDensity 3.600E+00, gamma 2.594664E+01, time 10.965ms
[INFO   ] DREAMPlace - full step 44.149 ms
[INFO   ] DREAMPlace - optimizer step 22.461 ms
[INFO   ] DREAMPlace - iteration  602, ( 602,  0,  0), Obj 6.493791E+07, DensityWeight 6.732323E-03, wHPWL 7.036343E+07, Overflow 1.788621E-01, MaxDensity 3.405E+00, gamma 2.543698E+01, time 5.132ms
[INFO   ] DREAMPlace - full step 34.836 ms
[INFO   ] DREAMPlace - optimizer step 21.812 ms
[INFO   ] DREAMPlace - iteration  603, ( 603,  0,  0), Obj 6.503976E+07, DensityWeight 7.059760E-03, wHPWL 7.036322E+07, Overflow 1.759344E-01, MaxDensity 3.439E+00, gamma 2.499679E+01, time 7.568ms
[INFO   ] DREAMPlace - full step 36.655 ms
[INFO   ] DREAMPlace - optimizer step 32.189 ms
[INFO   ] DREAMPlace - iteration  604, ( 604,  0,  0), Obj 6.512637E+07, DensityWeight 7.264494E-03, wHPWL 7.035566E+07, Overflow 1.731600E-01, MaxDensity 3.569E+00, gamma 2.462511E+01, time 6.222ms
[INFO   ] DREAMPlace - full step 45.656 ms
[INFO   ] DREAMPlace - optimizer step 27.166 ms
[INFO   ] DREAMPlace - iteration  605, ( 605,  0,  0), Obj 6.520153E+07, DensityWeight 7.475165E-03, wHPWL 7.035122E+07, Overflow 1.703673E-01, MaxDensity 3.250E+00, gamma 2.427800E+01, time 13.523ms
[INFO   ] DREAMPlace - full step 47.454 ms
[INFO   ] DREAMPlace - optimizer step 27.941 ms
[INFO   ] DREAMPlace - iteration  606, ( 606,  0,  0), Obj 6.526742E+07, DensityWeight 7.691945E-03, wHPWL 7.034096E+07, Overflow 1.679718E-01, MaxDensity 3.197E+00, gamma 2.393354E+01, time 5.165ms
[INFO   ] DREAMPlace - full step 40.355 ms
[INFO   ] DREAMPlace - optimizer step 19.842 ms
[INFO   ] DREAMPlace - iteration  607, ( 607,  0,  0), Obj 6.532666E+07, DensityWeight 7.915012E-03, wHPWL 7.032712E+07, Overflow 1.663219E-01, MaxDensity 3.155E+00, gamma 2.364196E+01, time 10.911ms
[INFO   ] DREAMPlace - full step 38.212 ms
[INFO   ] DREAMPlace - optimizer step 29.809 ms
[INFO   ] DREAMPlace - iteration  608, ( 608,  0,  0), Obj 6.537348E+07, DensityWeight 8.144547E-03, wHPWL 7.030706E+07, Overflow 1.649944E-01, MaxDensity 3.118E+00, gamma 2.344322E+01, time 9.743ms
[INFO   ] DREAMPlace - full step 46.550 ms
[INFO   ] DREAMPlace - optimizer step 22.919 ms
[INFO   ] DREAMPlace - iteration  609, ( 609,  0,  0), Obj 6.540698E+07, DensityWeight 8.380739E-03, wHPWL 7.029301E+07, Overflow 1.636571E-01, MaxDensity 3.286E+00, gamma 2.328452E+01, time 9.915ms
[INFO   ] DREAMPlace - full step 40.322 ms
[INFO   ] DREAMPlace - optimizer step 31.332 ms
[INFO   ] DREAMPlace - iteration  610, ( 610,  0,  0), Obj 6.543678E+07, DensityWeight 8.623781E-03, wHPWL 7.028390E+07, Overflow 1.619396E-01, MaxDensity 3.285E+00, gamma 2.312573E+01, time 19.364ms
[INFO   ] DREAMPlace - full step 55.765 ms
[INFO   ] DREAMPlace - optimizer step 22.403 ms
[INFO   ] DREAMPlace - iteration  611, ( 611,  0,  0), Obj 6.546764E+07, DensityWeight 8.873871E-03, wHPWL 7.028014E+07, Overflow 1.599555E-01, MaxDensity 3.088E+00, gamma 2.292338E+01, time 5.142ms
[INFO   ] DREAMPlace - full step 34.812 ms
[INFO   ] DREAMPlace - optimizer step 26.415 ms
[INFO   ] DREAMPlace - iteration  612, ( 612,  0,  0), Obj 6.550882E+07, DensityWeight 9.131214E-03, wHPWL 7.028013E+07, Overflow 1.579077E-01, MaxDensity 2.985E+00, gamma 2.269183E+01, time 8.902ms
[INFO   ] DREAMPlace - full step 42.572 ms
[INFO   ] DREAMPlace - optimizer step 26.908 ms
[INFO   ] DREAMPlace - iteration  613, ( 613,  0,  0), Obj 6.555376E+07, DensityWeight 9.396019E-03, wHPWL 7.027934E+07, Overflow 1.560756E-01, MaxDensity 2.996E+00, gamma 2.245531E+01, time 10.534ms
[INFO   ] DREAMPlace - full step 44.794 ms
[INFO   ] DREAMPlace - optimizer step 24.116 ms
[INFO   ] DREAMPlace - iteration  614, ( 614,  0,  0), Obj 6.560010E+07, DensityWeight 9.668505E-03, wHPWL 7.027701E+07, Overflow 1.542861E-01, MaxDensity 3.057E+00, gamma 2.224578E+01, time 21.938ms
[INFO   ] DREAMPlace - full step 52.836 ms
[INFO   ] DREAMPlace - optimizer step 21.133 ms
[INFO   ] DREAMPlace - iteration  615, ( 615,  0,  0), Obj 6.564109E+07, DensityWeight 9.948892E-03, wHPWL 7.027378E+07, Overflow 1.526595E-01, MaxDensity 2.999E+00, gamma 2.204301E+01, time 5.141ms
[INFO   ] DREAMPlace - full step 33.529 ms
[INFO   ] DREAMPlace - optimizer step 21.221 ms
[INFO   ] DREAMPlace - iteration  616, ( 616,  0,  0), Obj 6.568013E+07, DensityWeight 1.023741E-02, wHPWL 7.026864E+07, Overflow 1.509983E-01, MaxDensity 2.789E+00, gamma 2.186031E+01, time 5.103ms
[INFO   ] DREAMPlace - full step 33.824 ms
[INFO   ] DREAMPlace - optimizer step 21.428 ms
[INFO   ] DREAMPlace - iteration  617, ( 617,  0,  0), Obj 6.571798E+07, DensityWeight 1.053429E-02, wHPWL 7.026769E+07, Overflow 1.493079E-01, MaxDensity 2.759E+00, gamma 2.167528E+01, time 4.705ms
[INFO   ] DREAMPlace - full step 33.395 ms
[INFO   ] DREAMPlace - optimizer step 17.663 ms
[INFO   ] DREAMPlace - iteration  618, ( 618,  0,  0), Obj 6.575648E+07, DensityWeight 1.083979E-02, wHPWL 7.026689E+07, Overflow 1.475394E-01, MaxDensity 2.758E+00, gamma 2.148861E+01, time 5.114ms
[INFO   ] DREAMPlace - full step 30.067 ms
[INFO   ] DREAMPlace - optimizer step 21.518 ms
[INFO   ] DREAMPlace - iteration  619, ( 619,  0,  0), Obj 6.579710E+07, DensityWeight 1.115414E-02, wHPWL 7.027024E+07, Overflow 1.456971E-01, MaxDensity 2.794E+00, gamma 2.129503E+01, time 5.127ms
[INFO   ] DREAMPlace - full step 33.893 ms
[INFO   ] DREAMPlace - optimizer step 22.436 ms
[INFO   ] DREAMPlace - iteration  620, ( 620,  0,  0), Obj 6.583885E+07, DensityWeight 1.170638E-02, wHPWL 7.027282E+07, Overflow 1.438829E-01, MaxDensity 2.797E+00, gamma 2.109523E+01, time 5.132ms
[INFO   ] DREAMPlace - full step 34.816 ms
[INFO   ] DREAMPlace - optimizer step 21.170 ms
[INFO   ] DREAMPlace - iteration  621, ( 621,  0,  0), Obj 6.588124E+07, DensityWeight 1.228729E-02, wHPWL 7.027557E+07, Overflow 1.421439E-01, MaxDensity 2.792E+00, gamma 2.090031E+01, time 5.126ms
[INFO   ] DREAMPlace - full step 33.568 ms
[INFO   ] DREAMPlace - optimizer step 19.500 ms
[INFO   ] DREAMPlace - iteration  622, ( 622,  0,  0), Obj 6.592894E+07, DensityWeight 1.289670E-02, wHPWL 7.028448E+07, Overflow 1.395207E-01, MaxDensity 2.788E+00, gamma 2.071516E+01, time 5.135ms
[INFO   ] DREAMPlace - full step 29.684 ms
[INFO   ] DREAMPlace - optimizer step 19.409 ms
[INFO   ] DREAMPlace - iteration  623, ( 623,  0,  0), Obj 6.597808E+07, DensityWeight 1.352472E-02, wHPWL 7.029706E+07, Overflow 1.363747E-01, MaxDensity 2.802E+00, gamma 2.043897E+01, time 5.070ms
[INFO   ] DREAMPlace - full step 30.667 ms
[INFO   ] DREAMPlace - optimizer step 14.768 ms
[INFO   ] DREAMPlace - iteration  624, ( 624,  0,  0), Obj 6.604377E+07, DensityWeight 1.417608E-02, wHPWL 7.031063E+07, Overflow 1.329735E-01, MaxDensity 2.796E+00, gamma 2.011259E+01, time 5.130ms
[INFO   ] DREAMPlace - full step 27.128 ms
[INFO   ] DREAMPlace - optimizer step 26.622 ms
[INFO   ] DREAMPlace - iteration  625, ( 625,  0,  0), Obj 6.611418E+07, DensityWeight 1.485674E-02, wHPWL 7.031764E+07, Overflow 1.298888E-01, MaxDensity 2.772E+00, gamma 1.976558E+01, time 5.182ms
[INFO   ] DREAMPlace - full step 36.024 ms
[INFO   ] DREAMPlace - optimizer step 22.483 ms
[INFO   ] DREAMPlace - iteration  626, ( 626,  0,  0), Obj 6.618714E+07, DensityWeight 1.558435E-02, wHPWL 7.032079E+07, Overflow 1.271710E-01, MaxDensity 2.686E+00, gamma 1.945605E+01, time 3.813ms
[INFO   ] DREAMPlace - full step 33.521 ms
[INFO   ] DREAMPlace - optimizer step 19.421 ms
[INFO   ] DREAMPlace - iteration  627, ( 627,  0,  0), Obj 6.625196E+07, DensityWeight 1.635638E-02, wHPWL 7.032037E+07, Overflow 1.247564E-01, MaxDensity 2.610E+00, gamma 1.918736E+01, time 5.116ms
[INFO   ] DREAMPlace - full step 32.010 ms
[INFO   ] DREAMPlace - optimizer step 23.447 ms
[INFO   ] DREAMPlace - iteration  628, ( 628,  0,  0), Obj 6.630963E+07, DensityWeight 1.683071E-02, wHPWL 7.031880E+07, Overflow 1.223440E-01, MaxDensity 2.587E+00, gamma 1.895176E+01, time 6.598ms
[INFO   ] DREAMPlace - full step 37.377 ms
[INFO   ] DREAMPlace - optimizer step 19.870 ms
[INFO   ] DREAMPlace - iteration  629, ( 629,  0,  0), Obj 6.636242E+07, DensityWeight 1.731881E-02, wHPWL 7.031957E+07, Overflow 1.198273E-01, MaxDensity 2.499E+00, gamma 1.871925E+01, time 5.114ms
[INFO   ] DREAMPlace - full step 30.943 ms
[INFO   ] DREAMPlace - optimizer step 14.781 ms
[INFO   ] DREAMPlace - iteration  630, ( 630,  0,  0), Obj 6.640933E+07, DensityWeight 1.818280E-02, wHPWL 7.031498E+07, Overflow 1.181192E-01, MaxDensity 2.397E+00, gamma 1.847974E+01, time 4.777ms
[INFO   ] DREAMPlace - full step 27.155 ms
[INFO   ] DREAMPlace - optimizer step 22.424 ms
[INFO   ] DREAMPlace - iteration  631, ( 631,  0,  0), Obj 6.645473E+07, DensityWeight 1.871010E-02, wHPWL 7.030883E+07, Overflow 1.169392E-01, MaxDensity 2.381E+00, gamma 1.831893E+01, time 5.139ms
[INFO   ] DREAMPlace - full step 34.826 ms
[INFO   ] DREAMPlace - optimizer step 21.154 ms
[INFO   ] DREAMPlace - iteration  632, ( 632,  0,  0), Obj 6.649237E+07, DensityWeight 1.925269E-02, wHPWL 7.030859E+07, Overflow 1.150614E-01, MaxDensity 2.400E+00, gamma 1.820866E+01, time 5.151ms
[INFO   ] DREAMPlace - full step 33.550 ms
[INFO   ] DREAMPlace - optimizer step 20.902 ms
[INFO   ] DREAMPlace - iteration  633, ( 633,  0,  0), Obj 6.652080E+07, DensityWeight 1.981102E-02, wHPWL 7.031018E+07, Overflow 1.135776E-01, MaxDensity 2.403E+00, gamma 1.803453E+01, time 12.181ms
[INFO   ] DREAMPlace - full step 38.144 ms
[INFO   ] DREAMPlace - optimizer step 21.180 ms
[INFO   ] DREAMPlace - iteration  634, ( 634,  0,  0), Obj 6.655751E+07, DensityWeight 2.079696E-02, wHPWL 7.031021E+07, Overflow 1.121225E-01, MaxDensity 2.412E+00, gamma 1.789813E+01, time 2.921ms
[INFO   ] DREAMPlace - full step 30.808 ms
[INFO   ] DREAMPlace - optimizer step 20.524 ms
[INFO   ] DREAMPlace - iteration  635, ( 635,  0,  0), Obj 6.658702E+07, DensityWeight 2.183673E-02, wHPWL 7.030909E+07, Overflow 1.106903E-01, MaxDensity 2.422E+00, gamma 1.776536E+01, time 7.894ms
[INFO   ] DREAMPlace - full step 35.658 ms
[INFO   ] DREAMPlace - optimizer step 24.349 ms
[INFO   ] DREAMPlace - iteration  636, ( 636,  0,  0), Obj 6.662114E+07, DensityWeight 2.247000E-02, wHPWL 7.031382E+07, Overflow 1.083844E-01, MaxDensity 2.402E+00, gamma 1.763564E+01, time 5.115ms
[INFO   ] DREAMPlace - full step 35.399 ms
[INFO   ] DREAMPlace - optimizer step 14.778 ms
[INFO   ] DREAMPlace - iteration  637, ( 637,  0,  0), Obj 6.665746E+07, DensityWeight 2.357795E-02, wHPWL 7.032190E+07, Overflow 1.056935E-01, MaxDensity 2.348E+00, gamma 1.742879E+01, time 5.126ms
[INFO   ] DREAMPlace - full step 27.131 ms
[INFO   ] DREAMPlace - optimizer step 22.422 ms
[INFO   ] DREAMPlace - iteration  638, ( 638,  0,  0), Obj 6.670059E+07, DensityWeight 2.472895E-02, wHPWL 7.032316E+07, Overflow 1.038202E-01, MaxDensity 2.286E+00, gamma 1.719046E+01, time 5.133ms
[INFO   ] DREAMPlace - full step 34.823 ms
[INFO   ] DREAMPlace - optimizer step 21.210 ms
[INFO   ] DREAMPlace - iteration  639, ( 639,  0,  0), Obj 6.675121E+07, DensityWeight 2.596086E-02, wHPWL 7.032465E+07, Overflow 1.017606E-01, MaxDensity 2.255E+00, gamma 1.702647E+01, time 5.143ms
[INFO   ] DREAMPlace - full step 33.556 ms
[INFO   ] DREAMPlace - plotting to shrink_results/s001/adaptec1/plot/iter0640.png takes 1.285 seconds
[INFO   ] DREAMPlace - optimizer step 18.447 ms
[INFO   ] DREAMPlace - iteration  640, ( 640,  0,  0), Obj 6.679014E+07, DensityWeight 2.725324E-02, wHPWL 7.032565E+07, Overflow 9.963099E-02, MaxDensity 2.177E+00, gamma 1.684797E+01, time 4.871ms
[INFO   ] DREAMPlace - full step 1319.679 ms
[INFO   ] DREAMPlace - optimizer step 22.461 ms
[INFO   ] DREAMPlace - iteration  641, ( 641,  0,  0), Obj 6.683259E+07, DensityWeight 2.861191E-02, wHPWL 7.032790E+07, Overflow 9.736864E-02, MaxDensity 2.221E+00, gamma 1.666538E+01, time 63.541ms
[INFO   ] DREAMPlace - full step 93.324 ms
[INFO   ] DREAMPlace - optimizer step 22.993 ms
[INFO   ] DREAMPlace - iteration  642, ( 642,  0,  0), Obj 6.687573E+07, DensityWeight 3.003306E-02, wHPWL 7.033103E+07, Overflow 9.504938E-02, MaxDensity 2.225E+00, gamma 1.647357E+01, time 6.729ms
[INFO   ] DREAMPlace - full step 37.025 ms
[INFO   ] DREAMPlace - optimizer step 22.831 ms
[INFO   ] DREAMPlace - iteration  643, ( 643,  0,  0), Obj 6.692026E+07, DensityWeight 3.152097E-02, wHPWL 7.033310E+07, Overflow 9.282367E-02, MaxDensity 2.137E+00, gamma 1.627923E+01, time 3.711ms
[INFO   ] DREAMPlace - full step 33.830 ms
[INFO   ] DREAMPlace - optimizer step 18.349 ms
[INFO   ] DREAMPlace - iteration  644, ( 644,  0,  0), Obj 6.696487E+07, DensityWeight 3.308749E-02, wHPWL 7.033518E+07, Overflow 9.081261E-02, MaxDensity 2.130E+00, gamma 1.609488E+01, time 5.116ms
[INFO   ] DREAMPlace - full step 30.710 ms
[INFO   ] DREAMPlace - optimizer step 22.493 ms
[INFO   ] DREAMPlace - iteration  645, ( 645,  0,  0), Obj 6.700813E+07, DensityWeight 3.473175E-02, wHPWL 7.033700E+07, Overflow 8.887218E-02, MaxDensity 2.135E+00, gamma 1.593011E+01, time 5.137ms
[INFO   ] DREAMPlace - full step 34.839 ms
[INFO   ] DREAMPlace - optimizer step 22.504 ms
[INFO   ] DREAMPlace - iteration  646, ( 646,  0,  0), Obj 6.704781E+07, DensityWeight 3.645911E-02, wHPWL 7.033945E+07, Overflow 8.697567E-02, MaxDensity 2.142E+00, gamma 1.577272E+01, time 5.119ms
[INFO   ] DREAMPlace - full step 34.874 ms
[INFO   ] DREAMPlace - optimizer step 20.567 ms
[INFO   ] DREAMPlace - iteration  647, ( 647,  0,  0), Obj 6.708636E+07, DensityWeight 3.826901E-02, wHPWL 7.034214E+07, Overflow 8.504504E-02, MaxDensity 2.137E+00, gamma 1.562040E+01, time 7.072ms
[INFO   ] DREAMPlace - full step 34.922 ms
[INFO   ] DREAMPlace - optimizer step 19.909 ms
[INFO   ] DREAMPlace - iteration  648, ( 648,  0,  0), Obj 6.712410E+07, DensityWeight 4.016735E-02, wHPWL 7.034574E+07, Overflow 8.313809E-02, MaxDensity 2.119E+00, gamma 1.546685E+01, time 5.113ms
[INFO   ] DREAMPlace - full step 32.313 ms
[INFO   ] DREAMPlace - optimizer step 22.489 ms
[INFO   ] DREAMPlace - iteration  649, ( 649,  0,  0), Obj 6.716270E+07, DensityWeight 4.215456E-02, wHPWL 7.035022E+07, Overflow 8.133584E-02, MaxDensity 2.101E+00, gamma 1.531667E+01, time 5.138ms
[INFO   ] DREAMPlace - full step 34.878 ms
[INFO   ] DREAMPlace - optimizer step 20.946 ms
[INFO   ] DREAMPlace - iteration  650, ( 650,  0,  0), Obj 6.720034E+07, DensityWeight 4.423470E-02, wHPWL 7.035481E+07, Overflow 7.964980E-02, MaxDensity 2.092E+00, gamma 1.517607E+01, time 6.667ms
[INFO   ] DREAMPlace - full step 34.889 ms
[INFO   ] DREAMPlace - optimizer step 22.340 ms
[INFO   ] DREAMPlace - iteration  651, ( 651,  0,  0), Obj 6.723689E+07, DensityWeight 4.641672E-02, wHPWL 7.036026E+07, Overflow 7.793323E-02, MaxDensity 2.074E+00, gamma 1.504571E+01, time 5.145ms
[INFO   ] DREAMPlace - full step 34.769 ms
[INFO   ] DREAMPlace - optimizer step 19.866 ms
[INFO   ] DREAMPlace - iteration  652, ( 652,  0,  0), Obj 6.727147E+07, DensityWeight 4.870055E-02, wHPWL 7.036584E+07, Overflow 7.624399E-02, MaxDensity 2.043E+00, gamma 1.491413E+01, time 5.116ms
[INFO   ] DREAMPlace - full step 32.270 ms
[INFO   ] DREAMPlace - optimizer step 22.369 ms
[INFO   ] DREAMPlace - iteration  653, ( 653,  0,  0), Obj 6.730710E+07, DensityWeight 5.109579E-02, wHPWL 7.037246E+07, Overflow 7.454548E-02, MaxDensity 2.007E+00, gamma 1.478578E+01, time 5.111ms
[INFO   ] DREAMPlace - full step 34.729 ms
[INFO   ] DREAMPlace - optimizer step 22.443 ms
[INFO   ] DREAMPlace - iteration  654, ( 654,  0,  0), Obj 6.734141E+07, DensityWeight 5.360105E-02, wHPWL 7.037862E+07, Overflow 7.293219E-02, MaxDensity 1.975E+00, gamma 1.465782E+01, time 5.114ms
[INFO   ] DREAMPlace - full step 34.824 ms
[INFO   ] DREAMPlace - optimizer step 35.365 ms
[INFO   ] DREAMPlace - iteration  655, ( 655,  0,  0), Obj 6.737621E+07, DensityWeight 5.623279E-02, wHPWL 7.038555E+07, Overflow 7.138912E-02, MaxDensity 1.944E+00, gamma 1.453732E+01, time 63.428ms
[INFO   ] DREAMPlace - full step 106.076 ms
[INFO   ] DREAMPlace - optimizer step 22.412 ms
[INFO   ] DREAMPlace - iteration  656, ( 656,  0,  0), Obj 6.740870E+07, DensityWeight 5.898743E-02, wHPWL 7.039166E+07, Overflow 6.996121E-02, MaxDensity 1.926E+00, gamma 1.442299E+01, time 11.744ms
[INFO   ] DREAMPlace - full step 41.442 ms
[INFO   ] DREAMPlace - optimizer nesterov takes 46.341 seconds
[INFO   ] DREAMPlace - plotting to shrink_results/s001/adaptec1/plot/iter0657.png takes 1.278 seconds
[INFO   ] DREAMPlace - Start legalization
[WARNING] DEF input file not specified, cannot output DEF file; set to DEFSIMPLE
[INFO   ] lef_input = 
[INFO   ] def_input = 
[INFO   ] verilog_input = 
[INFO   ] bookshelf_aux_input = benchmarks/ispd2005/adaptec1/adaptec1.aux
[INFO   ] bookshelf_pl_input = 
[INFO   ] def_size_input = 
[INFO   ] def_output = -out.def
[INFO   ] rpt_output = 
[INFO   ] target_util = 0
[INFO   ] max_displace = 0
[INFO   ] bin size = (10, 10) #rows
[INFO   ] sbin size = (5, 5) #rows
[INFO   ] bin_space_threshold = 0.2
[INFO   ] abu = 2,10 5,5 10,2 20,1 
[INFO   ] def_ignore_cells = 
[INFO   ] macro_obs_aware_layers = 
[INFO   ] enable_place = true
[INFO   ] enable_legalize = true
[INFO   ] evaluate_overlap = false
[INFO   ] move_multi_row_cell = true
[INFO   ] align_power_line = true
[INFO   ] cluster_cell = false
[INFO   ] sort_nets_by_degree = false
[INFO   ] file_format = BOOKSHELF
[INFO   ] max_iters = 6
[WARNING] no DEF file specified
[WARNING] no Verilog file specified
[INFO   ] reading benchmarks/ispd2005/adaptec1/adaptec1.aux
[WARNING] no additional Bookshelf .pl file specified
[WARNING] 20285 nets with 24352 pins from same nodes
[WARNING] 4210 nets should be ignored due to not enough pins
[INFO   ] sort nodes in the order of movable and fixed
[INFO   ] Group cells for fence regions
[INFO   ] Construct 0 groups
[INFO   ] Fence region groups done
[DEBUG  ] num_terminals 543, numFixed 543, numPlaceBlockages 0, num_terminal_NIs 0
[INFO   ] -- Converting Node Orientation --
[INFO   ] ---------------------------------
[INFO   ] -------- Area Statistics --------
[INFO   ] fixed area overlap = 4.91641e+07
[INFO   ] fixed area total = 6.4094e+07
[INFO   ] space area = 6.50265e+07
[INFO   ] ---------------------------------
[DEBUG  ] deterministic mode: integer 32 bits, fraction 32 bits, scale factor 4294967296
[DEBUG  ] deterministic mode: integer 32 bits, fraction 32 bits, scale factor 4294967296
[INFO   ] writing placement to shrink_results/s001/adaptec1/plot/iter0000.png
[INFO   ] writing placement to shrink_results/s001/adaptec1/plot/iter0040.png
[INFO   ] writing placement to shrink_results/s001/adaptec1/plot/iter0080.png
[INFO   ] writing placement to shrink_results/s001/adaptec1/plot/iter0120.png
[INFO   ] writing placement to shrink_results/s001/adaptec1/plot/iter0160.png
[INFO   ] writing placement to shrink_results/s001/adaptec1/plot/iter0200.png
[INFO   ] writing placement to shrink_results/s001/adaptec1/plot/iter0240.png
[INFO   ] writing placement to shrink_results/s001/adaptec1/plot/iter0280.png
[INFO   ] writing placement to shrink_results/s001/adaptec1/plot/iter0320.png
[INFO   ] writing placement to shrink_results/s001/adaptec1/plot/iter0360.png
[INFO   ] writing placement to shrink_results/s001/adaptec1/plot/iter0400.png
[INFO   ] writing placement to shrink_results/s001/adaptec1/plot/iter0440.png
[INFO   ] writing placement to shrink_results/s001/adaptec1/plot/iter0480.png
[INFO   ] writing placement to shrink_results/s001/adaptec1/plot/iter0520.png
[INFO   ] writing placement to shrink_results/s001/adaptec1/plot/iter0560.png
[INFO   ] writing placement to shrink_results/s001/adaptec1/plot/iter0600.png
[INFO   ] writing placement to shrink_results/s001/adaptec1/plot/iter0640.png
[INFO   ] writing placement to shrink_results/s001/adaptec1/plot/iter0657.png
[INFO   ] Macro legalization: regard 0 cells as dummy fixed (movable macros)
[INFO   ] Macro legalization takes 0.632065 ms
[DEBUG  ] Standard cell legalization blank_num_bins_y = 890
[DEBUG  ] Standard cell legalization iteration 0 with 1x1 bins
[DEBUG  ] Standard cell legalization #bin_blanks
[DEBUG  ] #bin_objs = 10792
[INFO   ] Standard cell legalization legalizeBin takes 203.868 ms
[DEBUG  ] Standard cell legalization num_unplaced_cells = 0
[DEBUG  ] Standard cell legalization blank_num_bins_y = 890
[DEBUG  ] Standard cell legalization iteration 0 with 1x1 bins
[DEBUG  ] Standard cell legalization #bin_blanks
[DEBUG  ] #bin_objs = 10792
[INFO   ] Standard cell legalization legalizeBin takes 171.424 ms
[DEBUG  ] Standard cell legalization num_unplaced_cells = 0
[INFO   ] Greedy legalization takes 353.604 ms
[INFO   ] Legality check takes 16.6411 ms
[DEBUG  ] average displace = 13.7494
[INFO   ] Abacus legalization takes 29.6892 ms
[INFO   ] DREAMPlace - legalization takes 0.427 seconds
[INFO   ] DREAMPlace - iteration  657, wHPWL 7.395638E+07, time 0.521ms
[INFO   ] DREAMPlace - plotting to shrink_results/s001/adaptec1/plot/iter0658.png takes 1.272 seconds
[INFO   ] DREAMPlace - Start ABCDPlace for refinement
[INFO   ] Legality check takes 16.287 ms
[INFO   ] writing placement to shrink_results/s001/adaptec1/plot/iter0658.png
[INFO   ] DREAMPlace - ABCDPlace input legal flag = 1
[INFO   ] Legality check takes 16.7644 ms
[DEBUG  ] 4-reorder
[DEBUG  ] 24 permutations
[DEBUG  ] initializing CPU DB takes 19.909 ms
[DEBUG  ] computing independent rows takes 48.2926 ms
[DEBUG  ] computing reorder instances takes 0.82786 ms
[DEBUG  ] initializing CUDA state takes 9.32482 ms
[INFO   ] initial hpwl = 74040776.000
[DEBUG  ] enumeration takes 745.465 ms for 218 runs, average 3.41956 ms
[DEBUG  ] apply_reorder takes 497.887 ms for 218 runs, average 2.28388 ms
[INFO   ] Iteration time(ms) 	 1243.39
[INFO   ] iteration 0: hpwl 74040776.000 => 73816944.000 (imp. 0.302309%)
[DEBUG  ] enumeration takes 752.756 ms for 218 runs, average 3.45301 ms
[DEBUG  ] apply_reorder takes 516.909 ms for 218 runs, average 2.37114 ms
[INFO   ] Iteration time(ms) 	 1269.69
[INFO   ] iteration 1: hpwl 74040776.000 => 73774848.000 (imp. 0.359164%)
[DEBUG  ] destroying CUDA state takes 0.868268 ms
[DEBUG  ] destroying CPU state takes 0.007204 ms
[INFO   ] Kernel time: 2523.23 ms
[INFO   ] K-reorder time: 2602.56 ms
[INFO   ] DREAMPlace - K-Reorder legal flag = 1
[INFO   ] Legality check takes 17.0709 ms
[INFO   ] diamond search grid size 64, sequence length 2048
[INFO   ] initializing GPU memory takes 13.6013 ms
[INFO   ] initial hpwl 7.37748e+07
[DEBUG  ] allocate 1719807 bytes in shuffler for length 210904*(4+4)
[DEBUG  ] from 53678 nodes, collect 419 sets, avg 108 nodes, min/max 19/128 nodes
[INFO   ] iteration 0, target hpwl 7.37007e+07, delta -74168(-0.100533%), 419 independent sets, moved 3.34275% cells, runtime 117.592 ms
[DEBUG  ] from 53907 nodes, collect 421 sets, avg 107 nodes, min/max 25/128 nodes
[DEBUG  ] from 53704 nodes, collect 419 sets, avg 107 nodes, min/max 5/128 nodes
[DEBUG  ] from 53797 nodes, collect 420 sets, avg 107 nodes, min/max 8/128 nodes
[DEBUG  ] from 53620 nodes, collect 418 sets, avg 109 nodes, min/max 12/128 nodes
[DEBUG  ] from 53573 nodes, collect 418 sets, avg 108 nodes, min/max 27/128 nodes
[INFO   ] iteration 5, target hpwl 7.353e+07, delta -244816(-0.331842%), 418 independent sets, moved 15.5848% cells, runtime 78.7105 ms
[DEBUG  ] from 53543 nodes, collect 418 sets, avg 108 nodes, min/max 14/128 nodes
[DEBUG  ] from 53773 nodes, collect 420 sets, avg 108 nodes, min/max 11/128 nodes
[DEBUG  ] from 53679 nodes, collect 419 sets, avg 107 nodes, min/max 22/128 nodes
[DEBUG  ] from 53454 nodes, collect 417 sets, avg 106 nodes, min/max 9/128 nodes
[DEBUG  ] from 53467 nodes, collect 417 sets, avg 105 nodes, min/max 14/128 nodes
[INFO   ] iteration 10, target hpwl 7.34544e+07, delta -320408(-0.434305%), 417 independent sets, moved 25.6823% cells, runtime 77.8907 ms
[DEBUG  ] from 53638 nodes, collect 419 sets, avg 107 nodes, min/max 15/128 nodes
[DEBUG  ] from 53719 nodes, collect 419 sets, avg 110 nodes, min/max 24/128 nodes
[DEBUG  ] from 53546 nodes, collect 418 sets, avg 107 nodes, min/max 16/128 nodes
[DEBUG  ] from 53586 nodes, collect 418 sets, avg 108 nodes, min/max 15/128 nodes
[DEBUG  ] from 53567 nodes, collect 418 sets, avg 108 nodes, min/max 16/128 nodes
[INFO   ] iteration 15, target hpwl 7.33968e+07, delta -378016(-0.512391%), 418 independent sets, moved 35.0752% cells, runtime 139.869 ms
[DEBUG  ] from 53690 nodes, collect 419 sets, avg 108 nodes, min/max 12/128 nodes
[DEBUG  ] from 53555 nodes, collect 418 sets, avg 107 nodes, min/max 23/128 nodes
[DEBUG  ] from 53674 nodes, collect 419 sets, avg 107 nodes, min/max 16/128 nodes
[DEBUG  ] from 53549 nodes, collect 418 sets, avg 107 nodes, min/max 9/128 nodes
[DEBUG  ] from 53646 nodes, collect 419 sets, avg 107 nodes, min/max 11/128 nodes
[INFO   ] iteration 20, target hpwl 7.33596e+07, delta -415224(-0.562826%), 419 independent sets, moved 44.0086% cells, runtime 88.0403 ms
[DEBUG  ] from 53702 nodes, collect 419 sets, avg 109 nodes, min/max 22/128 nodes
[DEBUG  ] from 53691 nodes, collect 419 sets, avg 107 nodes, min/max 26/128 nodes
[DEBUG  ] from 53641 nodes, collect 419 sets, avg 108 nodes, min/max 14/128 nodes
[DEBUG  ] from 53495 nodes, collect 417 sets, avg 106 nodes, min/max 22/128 nodes
[DEBUG  ] from 53637 nodes, collect 419 sets, avg 108 nodes, min/max 17/128 nodes
[INFO   ] iteration 25, target hpwl 7.33267e+07, delta -448192(-0.607513%), 419 independent sets, moved 52.7036% cells, runtime 75.3696 ms
[DEBUG  ] from 53635 nodes, collect 419 sets, avg 107 nodes, min/max 7/128 nodes
[DEBUG  ] from 53590 nodes, collect 418 sets, avg 108 nodes, min/max 12/128 nodes
[DEBUG  ] from 53653 nodes, collect 419 sets, avg 108 nodes, min/max 29/128 nodes
[DEBUG  ] from 53594 nodes, collect 418 sets, avg 107 nodes, min/max 17/128 nodes
[DEBUG  ] from 53641 nodes, collect 419 sets, avg 108 nodes, min/max 0/128 nodes
[INFO   ] iteration 30, target hpwl 7.33037e+07, delta -471160(-0.638646%), 419 independent sets, moved 61.0904% cells, runtime 94.4359 ms
[DEBUG  ] from 53453 nodes, collect 417 sets, avg 109 nodes, min/max 33/128 nodes
[DEBUG  ] from 53654 nodes, collect 419 sets, avg 108 nodes, min/max 13/128 nodes
[DEBUG  ] from 53654 nodes, collect 419 sets, avg 107 nodes, min/max 12/128 nodes
[DEBUG  ] from 53572 nodes, collect 418 sets, avg 107 nodes, min/max 8/128 nodes
[DEBUG  ] from 53678 nodes, collect 419 sets, avg 109 nodes, min/max 14/128 nodes
[INFO   ] iteration 35, target hpwl 7.32861e+07, delta -488792(-0.662546%), 419 independent sets, moved 69.3638% cells, runtime 81.9154 ms
[DEBUG  ] from 53707 nodes, collect 419 sets, avg 108 nodes, min/max 20/128 nodes
[DEBUG  ] from 53544 nodes, collect 418 sets, avg 109 nodes, min/max 28/128 nodes
[DEBUG  ] from 53652 nodes, collect 419 sets, avg 107 nodes, min/max 21/128 nodes
[DEBUG  ] from 53633 nodes, collect 419 sets, avg 107 nodes, min/max 12/128 nodes
[DEBUG  ] from 53633 nodes, collect 419 sets, avg 106 nodes, min/max 13/128 nodes
[INFO   ] iteration 40, target hpwl 7.32733e+07, delta -501528(-0.679809%), 419 independent sets, moved 77.2252% cells, runtime 71.5509 ms
[DEBUG  ] from 53868 nodes, collect 420 sets, avg 106 nodes, min/max 8/128 nodes
[DEBUG  ] from 53612 nodes, collect 418 sets, avg 109 nodes, min/max 35/128 nodes
[DEBUG  ] from 53542 nodes, collect 418 sets, avg 107 nodes, min/max 21/128 nodes
[DEBUG  ] from 53591 nodes, collect 418 sets, avg 107 nodes, min/max 25/128 nodes
[DEBUG  ] from 53778 nodes, collect 420 sets, avg 107 nodes, min/max 23/128 nodes
[INFO   ] iteration 45, target hpwl 7.32587e+07, delta -516192(-0.699686%), 420 independent sets, moved 85.1411% cells, runtime 89.6671 ms
[DEBUG  ] from 53442 nodes, collect 417 sets, avg 107 nodes, min/max 8/128 nodes
[DEBUG  ] from 53641 nodes, collect 419 sets, avg 106 nodes, min/max 25/128 nodes
[DEBUG  ] from 53765 nodes, collect 420 sets, avg 107 nodes, min/max 23/128 nodes
[DEBUG  ] from 53556 nodes, collect 418 sets, avg 108 nodes, min/max 19/128 nodes
[INFO   ] iteration 49, target hpwl 7.32518e+07, delta -523064(-0.709%), 418 independent sets, moved 91.2847% cells, runtime 94.4835 ms
[DEBUG  ] random_shuffle takes 127.472 ms, 50 runs, average 2.54944 ms
[DEBUG  ] maximal_independent_set takes 1107.83 ms, 50 runs, average 22.1566 ms
[DEBUG  ] collect_independent_sets takes 246.113 ms, 50 runs, average 4.92226 ms
[DEBUG  ] cost_matrix_construction takes 136.675 ms, 50 runs, average 2.73351 ms
[DEBUG  ] independent_sets_solving takes 2767.8 ms, 50 runs, average 55.3561 ms
[DEBUG  ] apply_solution takes 109.467 ms, 50 runs, average 2.18934 ms
[INFO   ] destroying GPU memory takes 1.48028 ms
[INFO   ] Kernel time 4617.93 ms
[INFO   ] Independent set matching time 4653.02 ms
[INFO   ] DREAMPlace - Independent set matching legal flag = 1
[INFO   ] Legality check takes 16.8443 ms
[DEBUG  ] bins 256x256, bin sizes 41.7656x41.7188, die size 0, 0, 10692, 10680
[DEBUG  ] batch_size = 256, max_num_nodes_per_bin = 25, max_num_candidates = 125, max_num_candidates_all = 32000
[DEBUG  ] estimate_memory_usage = 370742960, use fast pair HPWL computation strategy requires additional memory
[INFO   ] initial hpwl = 73251784.000
[DEBUG  ] compute_search_bins takes 2.56883 ms
[INFO   ] Iteration time(ms) 	 220.506
[INFO   ] iteration 0: hpwl 73251784.000 => 73206928.000 (imp. 0.0612354%)
[DEBUG  ] compute_search_bins takes 2.41482 ms
[INFO   ] Iteration time(ms) 	 305.727
[INFO   ] iteration 1: hpwl 73251784.000 => 73043808.000 (imp. 0.283919%)
[INFO   ] Kernel time: 534.345 ms
[INFO   ] Global swap time: 583.491 ms
[INFO   ] DREAMPlace - Global swap legal flag = 1
[INFO   ] Legality check takes 16.4289 ms
[DEBUG  ] 4-reorder
[DEBUG  ] 24 permutations
[DEBUG  ] initializing CPU DB takes 18.8088 ms
[DEBUG  ] computing independent rows takes 47.8964 ms
[DEBUG  ] computing reorder instances takes 0.792515 ms
[DEBUG  ] initializing CUDA state takes 9.21924 ms
[INFO   ] initial hpwl = 73043808.000
[DEBUG  ] enumeration takes 673.803 ms for 216 runs, average 3.11946 ms
[DEBUG  ] apply_reorder takes 458.673 ms for 216 runs, average 2.12348 ms
[INFO   ] Iteration time(ms) 	 1132.5
[INFO   ] iteration 0: hpwl 73043808.000 => 72984128.000 (imp. 0.0817044%)
[DEBUG  ] enumeration takes 726.004 ms for 216 runs, average 3.36113 ms
[DEBUG  ] apply_reorder takes 491.715 ms for 216 runs, average 2.27646 ms
[INFO   ] Iteration time(ms) 	 1217.75
[INFO   ] iteration 1: hpwl 73043808.000 => 72973384.000 (imp. 0.0964134%)
[DEBUG  ] destroying CUDA state takes 0.780932 ms
[DEBUG  ] destroying CPU state takes 0.002403 ms
[INFO   ] Kernel time: 2358.19 ms
[INFO   ] K-reorder time: 2435.78 ms
[INFO   ] DREAMPlace - K-Reorder legal flag = 1
[INFO   ] DREAMPlace - detailed placement takes 10.369 seconds
[INFO   ] DREAMPlace - iteration  658, wHPWL 7.288899E+07, time 0.687ms
[INFO   ] DREAMPlace - plotting to shrink_results/s001/adaptec1/plot/iter0659.png takes 1.527 seconds
[INFO   ] DREAMPlace - non-linear placement takes 62.66 seconds
[INFO   ] DREAMPlace - writing to shrink_results/s001/adaptec1/adaptec1.gp.pl
[INFO   ] DREAMPlace - write SolutionFileFormat.BOOKSHELF takes 0.085 seconds
[INFO   ] DREAMPlace - placement takes 70.887 seconds
[INFO   ] Legality check takes 16.5636 ms
[INFO   ] writing placement to shrink_results/s001/adaptec1/plot/iter0659.png
[INFO   ] writing placement to shrink_results/s001/adaptec1/adaptec1.gp.pl
