========================================================
                       DREAMPlace
            Yibo Lin (http://yibolin.com)
   David Z. Pan (http://users.ece.utexas.edu/~dpan)
========================================================
[INFO   ] DREAMPlace - parameters = {'aux_input': 'benchmarks/ispd2005/bigblue1/bigblue1.aux', 'lef_input': '', 'def_input': '', 'verilog_input': '', 'gpu': 1, 'num_bins_x': 512, 'num_bins_y': 512, 'global_place_stages': [{'num_bins_x': 512, 'num_bins_y': 512, 'iteration': 1000, 'learning_rate': 0.01, 'wirelength': 'weighted_average', 'optimizer': 'nesterov', 'Llambda_density_weight_iteration': 1, 'Lsub_iteration': 1}], 'target_density': 1.0, 'density_weight': 8e-05, 'random_seed': 1000, 'result_dir': 'fix_obsspread_results', 'scale_factor': 1.0, 'shift_factor': [0.0, 0.0], 'ignore_net_degree': 100, 'gp_noise_ratio': 0.025, 'enable_fillers': 1, 'global_place_flag': 1, 'legalize_flag': 1, 'abacus_legalize_flag': 1, 'detailed_place_flag': 1, 'stop_overflow': 0.07, 'dtype': 'float32', 'detailed_place_engine': '', 'detailed_place_command': '', 'plot_flag': 1, 'connectivity_grid_init_flag': 1, 'conn_init_sweeps': 32, 'conn_init_damping': 0.7, 'conn_capacity_spread_flag': 1, 'conn_spread_leaf_size': 16, 'conn_spread_density_slack': 1.5, 'conn_obstacle_project_flag': 1, 'conn_shrink_scale': 0, 'gamma_warmup_iters': 0, 'gamma_monotone_flag': 0, 'density_weight_warmup_iters': 0, 'random_uniform_init_flag': 0, 'plot_iteration_interval': 45, 'RePlAce_ref_hpwl': 350000, 'RePlAce_LOWER_PCOF': 0.95, 'RePlAce_UPPER_PCOF': 1.05, 'gamma': 4.0, 'RePlAce_skip_energy_flag': 0, 'random_center_init_flag': 0, 'gift_init_flag': 0, 'gift_init_scale': 0.7, 'sort_nets_by_degree': 0, 'num_threads': 8, 'dump_global_place_solution_flag': 0, 'dump_legalize_solution_flag': 0, 'routability_opt_flag': 0, 'route_num_bins_x': 512, 'route_num_bins_y': 512, 'node_area_adjust_overflow': 0.15, 'max_num_area_adjust': 3, 'adjust_nctugr_area_flag': 0, 'adjust_rudy_area_flag': 1, 'adjust_pin_area_flag': 1, 'area_adjust_stop_ratio': 0.01, 'route_area_adjust_stop_ratio': 0.01, 'pin_area_adjust_stop_ratio': 0.05, 'unit_horizontal_capacity': 1.5625, 'unit_vertical_capacity': 1.45, 'unit_pin_capacity': 0.058, 'max_route_opt_adjust_rate': 2.0, 'route_opt_adjust_exponent': 2.0, 'pin_stretch_ratio': 1.414213562, 'max_pin_opt_adjust_rate': 1.5, 'deterministic_flag': 1, 'timing_opt_flag': 0, 'early_lib_input': '', 'late_lib_input': '', 'lib_input': '', 'sdc_input': '', 'wire_resistance_per_micron': 0, 'wire_capacitance_per_micron': 0, 'net_weighting_scheme': 'lilith', 'momentum_decay_factor': 0.5, 'enable_net_weighting': 1, 'max_net_weight': 'inf', 'use_bb': 'auto', 'macro_place_flag': 'auto', 'two_stage_density_scaler': 1000, 'macro_halo_x': 0, 'macro_halo_y': 0}
[INFO   ] DREAMPlace - set shift_factor = (459, 459), as original row bbox = (459, 459, 11151, 11139)
[INFO   ] DREAMPlace - set scale_factor = 1, as site_width = 1
[INFO   ] DREAMPlace - shift coordinate system by (459, 459), scale coordinate system by 1
[INFO   ] DREAMPlace - 
================================= Benchmark Statistics =================================
#nodes = 278164, #terminals = 560, # terminal_NIs = 0, #movable = 277604, #nets = 284479
die area = (0, 0, 10692, 10680) 1.14191e+08
row height = 12, site width = 1
#pins = 1127634, #movable_pins = 1116535
total_movable_node_area = 4.22383e+07, total_fixed_node_area = 1.96398e+07, total_space_area = 9.45507e+07
total_movable_cell_area = 4.22383e+07, total_movable_macro_area = 0
utilization = 0.446726, cell utilization = 0.446726, target_density = 1
use placeable_area = 9.45507e+07 to compute fillers
total_filler_node_area = 5.23125e+07, #fillers = 358038, filler sizes = 12.1757x12
num_bins = 512x512, bin sizes = 1.74023x1.73828
========================================================================================
[INFO   ] DREAMPlace - reading benchmark takes 10.7369 seconds
[INFO   ] DREAMPlace - reading database takes 10.74 seconds
[INFO   ] DREAMPlace - connectivity grid init: obstacle projection enabled
[INFO   ] DREAMPlace - connectivity grid init: 32 sweeps done
[INFO   ] DREAMPlace - connectivity grid init: capacity spread, fill 0.445, cap_frac 0.668, 653150 free anchors, 277604 std cells, 0 movable macros kept at field
[INFO   ] DREAMPlace - connectivity grid init: 653150 feasible anchors
[INFO   ] DREAMPlace - non-linear placement initialization takes 23.02 seconds
[INFO   ] DREAMPlace - Global placement: 512x512 bins by default
[INFO   ] DREAMPlace - 512x512 bins #bins 512x512, bin sizes 1.74023x1.73828, max_num_bins = 5, padding = 0
[INFO   ] dreamplace.ops.electric_potential.electric_potential - regard 0 cells as movable macros in global placement
[WARNING] DREAMPlace - quadratic density penalty is disabled, density weight update is forced to be based on HPWL
[INFO   ] DREAMPlace - Optimizer 'nesterov' does not rebuild the model. Every training epoch calls the function 'step()'.
[INFO   ] DREAMPlace - use nesterov optimizer
[INFO   ] DREAMPlace - add 2.5% noise
[INFO   ] dreamplace.ops.electric_potential.electric_potential - fixed density map: average 74.9201, max 435.602, bin area 435.602
[INFO   ] DREAMPlace - nesterov initialization takes 0.209622 seconds
[INFO   ] DREAMPlace - density_weight = 3.431155E-09
[INFO   ] DREAMPlace - plotting to fix_obsspread_results/bigblue1/plot/iter0000.png takes 4.496 seconds
[INFO   ] DREAMPlace - optimizer step 101.955 ms
[INFO   ] DREAMPlace - iteration    0, (   0,  0,  0), Obj 1.441900E+08, DensityWeight 0.000000E+00, wHPWL 3.988500E+08, Overflow 4.171382E-01, MaxDensity 9.218E+00, gamma 1.669688E+03, time 1.463ms
[INFO   ] DREAMPlace - full step 4621.686 ms
[INFO   ] DREAMPlace - optimizer step 43.352 ms
[INFO   ] DREAMPlace - iteration    1, (   1,  0,  0), Obj 7.601806E+07, DensityWeight 3.431155E-09, wHPWL 2.975364E+08, Overflow 3.492487E-01, MaxDensity 8.680E+00, gamma 8.460321E+01, time 0.941ms
[INFO   ] DREAMPlace - full step 45.171 ms
[INFO   ] DREAMPlace - optimizer step 30.886 ms
[INFO   ] DREAMPlace - iteration    2, (   2,  0,  0), Obj 2.772614E+08, DensityWeight 3.601992E-09, wHPWL 2.975210E+08, Overflow 3.492489E-01, MaxDensity 8.680E+00, gamma 5.977524E+01, time 50.051ms
[INFO   ] DREAMPlace - full step 81.841 ms
[INFO   ] DREAMPlace - optimizer step 3.531 ms
[INFO   ] DREAMPlace - iteration    3, (   3,  0,  0), Obj 2.850946E+08, DensityWeight 3.780957E-09, wHPWL 2.974316E+08, Overflow 3.492891E-01, MaxDensity 8.675E+00, gamma 5.977528E+01, time 0.911ms
[INFO   ] DREAMPlace - full step 5.294 ms
[INFO   ] DREAMPlace - optimizer step 7.675 ms
[INFO   ] DREAMPlace - iteration    4, (   4,  0,  0), Obj 2.839660E+08, DensityWeight 3.968417E-09, wHPWL 2.963282E+08, Overflow 3.497812E-01, MaxDensity 8.528E+00, gamma 5.978757E+01, time 0.794ms
[INFO   ] DREAMPlace - full step 9.047 ms
[INFO   ] DREAMPlace - optimizer step 7.613 ms
[INFO   ] DREAMPlace - iteration    5, (   5,  0,  0), Obj 2.560844E+08, DensityWeight 4.164755E-09, wHPWL 2.696438E+08, Overflow 3.653727E-01, MaxDensity 1.150E+01, gamma 5.993831E+01, time 0.853ms
[INFO   ] DREAMPlace - full step 9.067 ms
[INFO   ] DREAMPlace - optimizer step 54.187 ms
[INFO   ] DREAMPlace - iteration    6, (   6,  0,  0), Obj 2.344579E+08, DensityWeight 4.370369E-09, wHPWL 2.492088E+08, Overflow 3.783813E-01, MaxDensity 1.674E+01, gamma 6.491610E+01, time 0.776ms
[INFO   ] DREAMPlace - full step 56.182 ms
[INFO   ] DREAMPlace - optimizer step 4.761 ms
[INFO   ] DREAMPlace - iteration    7, (   7,  0,  0), Obj 2.164651E+08, DensityWeight 4.585677E-09, wHPWL 2.331232E+08, Overflow 3.904488E-01, MaxDensity 2.068E+01, gamma 6.938417E+01, time 3.185ms
[INFO   ] DREAMPlace - full step 8.568 ms
[INFO   ] DREAMPlace - optimizer step 2.412 ms
[INFO   ] DREAMPlace - iteration    8, (   8,  0,  0), Obj 2.012764E+08, DensityWeight 4.811110E-09, wHPWL 2.194279E+08, Overflow 4.024483E-01, MaxDensity 3.154E+01, gamma 7.380351E+01, time 0.875ms
[INFO   ] DREAMPlace - full step 3.817 ms
[INFO   ] DREAMPlace - optimizer step 2.602 ms
[INFO   ] DREAMPlace - iteration    9, (   9,  0,  0), Obj 1.902923E+08, DensityWeight 5.047120E-09, wHPWL 2.096472E+08, Overflow 4.128318E-01, MaxDensity 3.462E+01, gamma 7.847702E+01, time 0.732ms
[INFO   ] DREAMPlace - full step 3.806 ms
[INFO   ] DREAMPlace - optimizer step 2.369 ms
[INFO   ] DREAMPlace - iteration   10, (  10,  0,  0), Obj 1.800512E+08, DensityWeight 5.294179E-09, wHPWL 2.005670E+08, Overflow 4.224132E-01, MaxDensity 3.877E+01, gamma 8.275935E+01, time 0.724ms
[INFO   ] DREAMPlace - full step 3.552 ms
[INFO   ] DREAMPlace - optimizer step 59.222 ms
[INFO   ] DREAMPlace - iteration   11, (  11,  0,  0), Obj 1.703936E+08, DensityWeight 5.552776E-09, wHPWL 1.915144E+08, Overflow 4.337491E-01, MaxDensity 5.133E+01, gamma 8.691788E+01, time 7.813ms
[INFO   ] DREAMPlace - full step 67.669 ms
[INFO   ] DREAMPlace - optimizer step 6.505 ms
[INFO   ] DREAMPlace - iteration   12, (  12,  0,  0), Obj 1.623546E+08, DensityWeight 5.823423E-09, wHPWL 1.841641E+08, Overflow 4.413733E-01, MaxDensity 6.362E+01, gamma 9.210853E+01, time 0.976ms
[INFO   ] DREAMPlace - full step 8.189 ms
[INFO   ] DREAMPlace - optimizer step 2.917 ms
[INFO   ] DREAMPlace - iteration   13, (  13,  0,  0), Obj 1.549749E+08, DensityWeight 6.106650E-09, wHPWL 1.776073E+08, Overflow 4.495946E-01, MaxDensity 1.016E+02, gamma 9.577289E+01, time 0.935ms
[INFO   ] DREAMPlace - full step 4.470 ms
[INFO   ] DREAMPlace - optimizer step 5.992 ms
[INFO   ] DREAMPlace - iteration   14, (  14,  0,  0), Obj 1.484392E+08, DensityWeight 6.403012E-09, wHPWL 1.717181E+08, Overflow 4.550440E-01, MaxDensity 1.338E+02, gamma 9.988772E+01, time 2.977ms
[INFO   ] DREAMPlace - full step 9.749 ms
[INFO   ] DREAMPlace - optimizer step 2.663 ms
[INFO   ] DREAMPlace - iteration   15, (  15,  0,  0), Obj 1.423774E+08, DensityWeight 6.713085E-09, wHPWL 1.663149E+08, Overflow 4.621778E-01, MaxDensity 1.718E+02, gamma 1.027122E+02, time 1.076ms
[INFO   ] DREAMPlace - full step 4.303 ms
[INFO   ] DREAMPlace - optimizer step 3.714 ms
[INFO   ] DREAMPlace - iteration   16, (  16,  0,  0), Obj 1.368934E+08, DensityWeight 7.037470E-09, wHPWL 1.613737E+08, Overflow 4.680811E-01, MaxDensity 2.124E+02, gamma 1.065307E+02, time 0.787ms
[INFO   ] DREAMPlace - full step 5.005 ms
[INFO   ] DREAMPlace - optimizer step 2.633 ms
[INFO   ] DREAMPlace - iteration   17, (  17,  0,  0), Obj 1.315521E+08, DensityWeight 7.376792E-09, wHPWL 1.566351E+08, Overflow 4.758424E-01, MaxDensity 2.638E+02, gamma 1.097977E+02, time 0.777ms
[INFO   ] DREAMPlace - full step 4.065 ms
[INFO   ] DREAMPlace - optimizer step 8.169 ms
[INFO   ] DREAMPlace - iteration   18, (  18,  0,  0), Obj 1.265280E+08, DensityWeight 7.731701E-09, wHPWL 1.521763E+08, Overflow 4.830825E-01, MaxDensity 2.634E+02, gamma 1.142459E+02, time 0.817ms
[INFO   ] DREAMPlace - full step 9.795 ms
[INFO   ] DREAMPlace - optimizer step 2.388 ms
[INFO   ] DREAMPlace - iteration   19, (  19,  0,  0), Obj 1.215875E+08, DensityWeight 8.102875E-09, wHPWL 1.479184E+08, Overflow 4.905371E-01, MaxDensity 2.798E+02, gamma 1.185577E+02, time 0.758ms
[INFO   ] DREAMPlace - full step 3.669 ms
[INFO   ] DREAMPlace - optimizer step 2.649 ms
[INFO   ] DREAMPlace - iteration   20, (  20,  0,  0), Obj 1.168787E+08, DensityWeight 8.491019E-09, wHPWL 1.439281E+08, Overflow 4.970833E-01, MaxDensity 2.739E+02, gamma 1.231673E+02, time 0.771ms
[INFO   ] DREAMPlace - full step 3.911 ms
[INFO   ] DREAMPlace - optimizer step 3.520 ms
[INFO   ] DREAMPlace - iteration   21, (  21,  0,  0), Obj 1.123596E+08, DensityWeight 8.896865E-09, wHPWL 1.401476E+08, Overflow 5.050648E-01, MaxDensity 2.826E+02, gamma 1.273628E+02, time 0.824ms
[INFO   ] DREAMPlace - full step 4.854 ms
[INFO   ] DREAMPlace - optimizer step 34.254 ms
[INFO   ] DREAMPlace - iteration   22, (  22,  0,  0), Obj 1.081815E+08, DensityWeight 9.321178E-09, wHPWL 1.366997E+08, Overflow 5.127827E-01, MaxDensity 2.896E+02, gamma 1.326720E+02, time 2.361ms
[INFO   ] DREAMPlace - full step 37.221 ms
[INFO   ] DREAMPlace - optimizer step 2.830 ms
[INFO   ] DREAMPlace - iteration   23, (  23,  0,  0), Obj 1.040191E+08, DensityWeight 9.764752E-09, wHPWL 1.333611E+08, Overflow 5.204868E-01, MaxDensity 2.889E+02, gamma 1.380162E+02, time 0.962ms
[INFO   ] DREAMPlace - full step 4.431 ms
[INFO   ] DREAMPlace - optimizer step 7.878 ms
[INFO   ] DREAMPlace - iteration   24, (  24,  0,  0), Obj 9.997926E+07, DensityWeight 1.022841E-08, wHPWL 1.301177E+08, Overflow 5.284318E-01, MaxDensity 2.808E+02, gamma 1.435656E+02, time 15.858ms
[INFO   ] DREAMPlace - full step 24.469 ms
[INFO   ] DREAMPlace - optimizer step 3.008 ms
[INFO   ] DREAMPlace - iteration   25, (  25,  0,  0), Obj 9.607814E+07, DensityWeight 1.071301E-08, wHPWL 1.270119E+08, Overflow 5.362107E-01, MaxDensity 2.783E+02, gamma 1.495223E+02, time 1.655ms
[INFO   ] DREAMPlace - full step 5.460 ms
[INFO   ] DREAMPlace - optimizer step 3.566 ms
[INFO   ] DREAMPlace - iteration   26, (  26,  0,  0), Obj 9.236816E+07, DensityWeight 1.121945E-08, wHPWL 1.241831E+08, Overflow 5.426728E-01, MaxDensity 2.656E+02, gamma 1.555938E+02, time 0.736ms
[INFO   ] DREAMPlace - full step 4.942 ms
[INFO   ] DREAMPlace - optimizer step 4.943 ms
[INFO   ] DREAMPlace - iteration   27, (  27,  0,  0), Obj 8.875603E+07, DensityWeight 1.174866E-08, wHPWL 1.214294E+08, Overflow 5.503989E-01, MaxDensity 2.550E+02, gamma 1.608246E+02, time 0.794ms
[INFO   ] DREAMPlace - full step 6.320 ms
[INFO   ] DREAMPlace - optimizer step 2.842 ms
[INFO   ] DREAMPlace - iteration   28, (  28,  0,  0), Obj 8.541110E+07, DensityWeight 1.230160E-08, wHPWL 1.188385E+08, Overflow 5.588967E-01, MaxDensity 2.353E+02, gamma 1.673100E+02, time 0.897ms
[INFO   ] DREAMPlace - full step 4.301 ms
[INFO   ] DREAMPlace - optimizer step 2.724 ms
[INFO   ] DREAMPlace - iteration   29, (  29,  0,  0), Obj 8.212506E+07, DensityWeight 1.287927E-08, wHPWL 1.164424E+08, Overflow 5.662559E-01, MaxDensity 2.100E+02, gamma 1.747454E+02, time 0.787ms
[INFO   ] DREAMPlace - full step 4.444 ms
[INFO   ] DREAMPlace - optimizer step 34.339 ms
[INFO   ] DREAMPlace - iteration   30, (  30,  0,  0), Obj 7.880250E+07, DensityWeight 1.348273E-08, wHPWL 1.140240E+08, Overflow 5.748347E-01, MaxDensity 2.215E+02, gamma 1.814511E+02, time 4.034ms
[INFO   ] DREAMPlace - full step 39.075 ms
[INFO   ] DREAMPlace - optimizer step 2.795 ms
[INFO   ] DREAMPlace - iteration   31, (  31,  0,  0), Obj 7.563102E+07, DensityWeight 1.411304E-08, wHPWL 1.116233E+08, Overflow 5.833237E-01, MaxDensity 2.269E+02, gamma 1.895935E+02, time 0.940ms
[INFO   ] DREAMPlace - full step 4.466 ms
[INFO   ] DREAMPlace - optimizer step 4.661 ms
[INFO   ] DREAMPlace - iteration   32, (  32,  0,  0), Obj 7.256713E+07, DensityWeight 1.477135E-08, wHPWL 1.094530E+08, Overflow 5.904863E-01, MaxDensity 2.125E+02, gamma 1.980103E+02, time 0.793ms
[INFO   ] DREAMPlace - full step 6.013 ms
[INFO   ] DREAMPlace - optimizer step 2.562 ms
[INFO   ] DREAMPlace - iteration   33, (  33,  0,  0), Obj 6.959874E+07, DensityWeight 1.545881E-08, wHPWL 1.073855E+08, Overflow 5.976960E-01, MaxDensity 1.969E+02, gamma 2.054020E+02, time 0.807ms
[INFO   ] DREAMPlace - full step 3.928 ms
[INFO   ] DREAMPlace - optimizer step 2.749 ms
[INFO   ] DREAMPlace - iteration   34, (  34,  0,  0), Obj 6.684753E+07, DensityWeight 1.617666E-08, wHPWL 1.053422E+08, Overflow 6.054718E-01, MaxDensity 2.110E+02, gamma 2.131210E+02, time 0.837ms
[INFO   ] DREAMPlace - full step 4.093 ms
[INFO   ] DREAMPlace - optimizer step 3.960 ms
[INFO   ] DREAMPlace - iteration   35, (  35,  0,  0), Obj 6.425902E+07, DensityWeight 1.692614E-08, wHPWL 1.035109E+08, Overflow 6.124813E-01, MaxDensity 2.077E+02, gamma 2.217715E+02, time 0.786ms
[INFO   ] DREAMPlace - full step 5.249 ms
[INFO   ] DREAMPlace - optimizer step 3.263 ms
[INFO   ] DREAMPlace - iteration   36, (  36,  0,  0), Obj 6.171762E+07, DensityWeight 1.770858E-08, wHPWL 1.017291E+08, Overflow 6.193634E-01, MaxDensity 2.278E+02, gamma 2.298701E+02, time 1.403ms
[INFO   ] DREAMPlace - full step 5.160 ms
[INFO   ] DREAMPlace - optimizer step 67.723 ms
[INFO   ] DREAMPlace - iteration   37, (  37,  0,  0), Obj 5.929268E+07, DensityWeight 1.852534E-08, wHPWL 9.996128E+07, Overflow 6.268026E-01, MaxDensity 2.378E+02, gamma 2.381092E+02, time 0.809ms
[INFO   ] DREAMPlace - full step 69.125 ms
[INFO   ] DREAMPlace - optimizer step 8.379 ms
[INFO   ] DREAMPlace - iteration   38, (  38,  0,  0), Obj 5.701961E+07, DensityWeight 1.937782E-08, wHPWL 9.830920E+07, Overflow 6.333812E-01, MaxDensity 2.087E+02, gamma 2.473475E+02, time 2.369ms
[INFO   ] DREAMPlace - full step 11.420 ms
[INFO   ] DREAMPlace - optimizer step 2.581 ms
[INFO   ] DREAMPlace - iteration   39, (  39,  0,  0), Obj 5.482148E+07, DensityWeight 2.026751E-08, wHPWL 9.684716E+07, Overflow 6.394995E-01, MaxDensity 2.288E+02, gamma 2.558155E+02, time 0.803ms
[INFO   ] DREAMPlace - full step 3.916 ms
[INFO   ] DREAMPlace - optimizer step 10.539 ms
[INFO   ] DREAMPlace - iteration   40, (  40,  0,  0), Obj 5.278388E+07, DensityWeight 2.119593E-08, wHPWL 9.538902E+07, Overflow 6.452355E-01, MaxDensity 2.036E+02, gamma 2.639508E+02, time 1.242ms
[INFO   ] DREAMPlace - full step 12.339 ms
[INFO   ] DREAMPlace - optimizer step 2.720 ms
[INFO   ] DREAMPlace - iteration   41, (  41,  0,  0), Obj 5.090593E+07, DensityWeight 2.216466E-08, wHPWL 9.405598E+07, Overflow 6.509144E-01, MaxDensity 2.316E+02, gamma 2.718125E+02, time 0.825ms
[INFO   ] DREAMPlace - full step 4.054 ms
[INFO   ] DREAMPlace - optimizer step 5.868 ms
[INFO   ] DREAMPlace - iteration   42, (  42,  0,  0), Obj 4.919794E+07, DensityWeight 2.317535E-08, wHPWL 9.279577E+07, Overflow 6.576605E-01, MaxDensity 2.259E+02, gamma 2.798269E+02, time 0.764ms
[INFO   ] DREAMPlace - full step 7.112 ms
[INFO   ] DREAMPlace - optimizer step 2.384 ms
[INFO   ] DREAMPlace - iteration   43, (  43,  0,  0), Obj 4.759097E+07, DensityWeight 2.422970E-08, wHPWL 9.159914E+07, Overflow 6.647527E-01, MaxDensity 2.369E+02, gamma 2.896549E+02, time 0.768ms
[INFO   ] DREAMPlace - full step 3.610 ms
[INFO   ] DREAMPlace - optimizer step 2.900 ms
[INFO   ] DREAMPlace - iteration   44, (  44,  0,  0), Obj 4.595847E+07, DensityWeight 2.532948E-08, wHPWL 9.038292E+07, Overflow 6.716989E-01, MaxDensity 2.160E+02, gamma 3.003593E+02, time 3.436ms
[INFO   ] DREAMPlace - full step 6.803 ms
[INFO   ] DREAMPlace - plotting to fix_obsspread_results/bigblue1/plot/iter0045.png takes 5.259 seconds
[INFO   ] DREAMPlace - optimizer step 5.713 ms
[INFO   ] DREAMPlace - iteration   45, (  45,  0,  0), Obj 4.433997E+07, DensityWeight 2.647653E-08, wHPWL 8.918650E+07, Overflow 6.774711E-01, MaxDensity 1.909E+02, gamma 3.112269E+02, time 0.803ms
[INFO   ] DREAMPlace - full step 5276.108 ms
[INFO   ] DREAMPlace - optimizer step 2.719 ms
[INFO   ] DREAMPlace - iteration   46, (  46,  0,  0), Obj 4.282624E+07, DensityWeight 2.767277E-08, wHPWL 8.809101E+07, Overflow 6.820750E-01, MaxDensity 2.166E+02, gamma 3.205562E+02, time 0.921ms
[INFO   ] DREAMPlace - full step 4.459 ms
[INFO   ] DREAMPlace - optimizer step 2.927 ms
[INFO   ] DREAMPlace - iteration   47, (  47,  0,  0), Obj 4.150913E+07, DensityWeight 2.892015E-08, wHPWL 8.717461E+07, Overflow 6.854771E-01, MaxDensity 2.174E+02, gamma 3.281975E+02, time 0.848ms
[INFO   ] DREAMPlace - full step 4.400 ms
[INFO   ] DREAMPlace - optimizer step 4.501 ms
[INFO   ] DREAMPlace - iteration   48, (  48,  0,  0), Obj 4.037250E+07, DensityWeight 3.022075E-08, wHPWL 8.633430E+07, Overflow 6.888043E-01, MaxDensity 1.913E+02, gamma 3.339608E+02, time 0.864ms
[INFO   ] DREAMPlace - full step 5.885 ms
[INFO   ] DREAMPlace - optimizer step 3.108 ms
[INFO   ] DREAMPlace - iteration   49, (  49,  0,  0), Obj 3.936994E+07, DensityWeight 3.157667E-08, wHPWL 8.549379E+07, Overflow 6.931412E-01, MaxDensity 1.957E+02, gamma 3.396949E+02, time 0.757ms
[INFO   ] DREAMPlace - full step 4.407 ms
[INFO   ] DREAMPlace - optimizer step 2.656 ms
[INFO   ] DREAMPlace - iteration   50, (  50,  0,  0), Obj 3.840092E+07, DensityWeight 3.299013E-08, wHPWL 8.457934E+07, Overflow 6.987131E-01, MaxDensity 1.970E+02, gamma 3.473174E+02, time 0.757ms
[INFO   ] DREAMPlace - full step 3.959 ms
[INFO   ] DREAMPlace - optimizer step 40.454 ms
[INFO   ] DREAMPlace - iteration   51, (  51,  0,  0), Obj 3.736922E+07, DensityWeight 3.446342E-08, wHPWL 8.363212E+07, Overflow 7.039232E-01, MaxDensity 1.976E+02, gamma 3.573622E+02, time 0.794ms
[INFO   ] DREAMPlace - full step 41.798 ms
[INFO   ] DREAMPlace - optimizer step 3.843 ms
[INFO   ] DREAMPlace - iteration   52, (  52,  0,  0), Obj 3.626823E+07, DensityWeight 3.599889E-08, wHPWL 8.267459E+07, Overflow 7.077961E-01, MaxDensity 1.773E+02, gamma 3.670173E+02, time 0.805ms
[INFO   ] DREAMPlace - full step 5.187 ms
[INFO   ] DREAMPlace - optimizer step 3.078 ms
[INFO   ] DREAMPlace - iteration   53, (  53,  0,  0), Obj 3.524495E+07, DensityWeight 3.759903E-08, wHPWL 8.178277E+07, Overflow 7.112441E-01, MaxDensity 1.783E+02, gamma 3.743633E+02, time 0.849ms
[INFO   ] DREAMPlace - full step 4.478 ms
[INFO   ] DREAMPlace - optimizer step 2.519 ms
[INFO   ] DREAMPlace - iteration   54, (  54,  0,  0), Obj 3.441662E+07, DensityWeight 3.926636E-08, wHPWL 8.105166E+07, Overflow 7.143162E-01, MaxDensity 2.049E+02, gamma 3.810267E+02, time 0.784ms
[INFO   ] DREAMPlace - full step 3.788 ms
[INFO   ] DREAMPlace - optimizer step 2.703 ms
[INFO   ] DREAMPlace - iteration   55, (  55,  0,  0), Obj 3.369482E+07, DensityWeight 4.100352E-08, wHPWL 8.044154E+07, Overflow 7.169294E-01, MaxDensity 2.349E+02, gamma 3.870636E+02, time 0.752ms
[INFO   ] DREAMPlace - full step 3.960 ms
[INFO   ] DREAMPlace - optimizer step 7.350 ms
[INFO   ] DREAMPlace - iteration   56, (  56,  0,  0), Obj 3.302089E+07, DensityWeight 4.281326E-08, wHPWL 7.980120E+07, Overflow 7.186645E-01, MaxDensity 2.075E+02, gamma 3.922738E+02, time 0.844ms
[INFO   ] DREAMPlace - full step 8.725 ms
[INFO   ] DREAMPlace - optimizer step 2.660 ms
[INFO   ] DREAMPlace - iteration   57, (  57,  0,  0), Obj 3.239038E+07, DensityWeight 4.469840E-08, wHPWL 7.909030E+07, Overflow 7.202402E-01, MaxDensity 2.293E+02, gamma 3.957720E+02, time 0.800ms
[INFO   ] DREAMPlace - full step 3.933 ms
[INFO   ] DREAMPlace - optimizer step 12.561 ms
[INFO   ] DREAMPlace - iteration   58, (  58,  0,  0), Obj 3.187186E+07, DensityWeight 4.666189E-08, wHPWL 7.841122E+07, Overflow 7.223123E-01, MaxDensity 2.126E+02, gamma 3.989760E+02, time 20.205ms
[INFO   ] DREAMPlace - full step 33.378 ms
[INFO   ] DREAMPlace - optimizer step 2.883 ms
[INFO   ] DREAMPlace - iteration   59, (  59,  0,  0), Obj 3.141958E+07, DensityWeight 4.870674E-08, wHPWL 7.780254E+07, Overflow 7.243811E-01, MaxDensity 2.326E+02, gamma 4.032287E+02, time 1.090ms
[INFO   ] DREAMPlace - full step 4.848 ms
[INFO   ] DREAMPlace - optimizer step 2.618 ms
[INFO   ] DREAMPlace - iteration   60, (  60,  0,  0), Obj 3.095352E+07, DensityWeight 5.083613E-08, wHPWL 7.720442E+07, Overflow 7.273241E-01, MaxDensity 2.237E+02, gamma 4.075199E+02, time 0.825ms
[INFO   ] DREAMPlace - full step 3.983 ms
[INFO   ] DREAMPlace - optimizer step 7.510 ms
[INFO   ] DREAMPlace - iteration   61, (  61,  0,  0), Obj 3.048729E+07, DensityWeight 5.305331E-08, wHPWL 7.654470E+07, Overflow 7.304135E-01, MaxDensity 2.267E+02, gamma 4.137030E+02, time 0.799ms
[INFO   ] DREAMPlace - full step 8.860 ms
[INFO   ] DREAMPlace - optimizer step 2.964 ms
[INFO   ] DREAMPlace - iteration   62, (  62,  0,  0), Obj 2.997725E+07, DensityWeight 5.536165E-08, wHPWL 7.589704E+07, Overflow 7.347287E-01, MaxDensity 2.271E+02, gamma 4.202949E+02, time 0.798ms
[INFO   ] DREAMPlace - full step 4.782 ms
[INFO   ] DREAMPlace - optimizer step 2.943 ms
[INFO   ] DREAMPlace - iteration   63, (  63,  0,  0), Obj 2.948220E+07, DensityWeight 5.776464E-08, wHPWL 7.526423E+07, Overflow 7.379881E-01, MaxDensity 2.122E+02, gamma 4.296782E+02, time 0.921ms
[INFO   ] DREAMPlace - full step 4.624 ms
[INFO   ] DREAMPlace - optimizer step 2.805 ms
[INFO   ] DREAMPlace - iteration   64, (  64,  0,  0), Obj 2.892733E+07, DensityWeight 6.026591E-08, wHPWL 7.468344E+07, Overflow 7.419890E-01, MaxDensity 2.147E+02, gamma 4.369045E+02, time 0.770ms
[INFO   ] DREAMPlace - full step 4.074 ms
[INFO   ] DREAMPlace - optimizer step 2.695 ms
[INFO   ] DREAMPlace - iteration   65, (  65,  0,  0), Obj 2.846385E+07, DensityWeight 6.286920E-08, wHPWL 7.408598E+07, Overflow 7.455920E-01, MaxDensity 2.039E+02, gamma 4.459410E+02, time 1.290ms
[INFO   ] DREAMPlace - full step 4.500 ms
[INFO   ] DREAMPlace - optimizer step 6.189 ms
[INFO   ] DREAMPlace - iteration   66, (  66,  0,  0), Obj 2.797796E+07, DensityWeight 6.557840E-08, wHPWL 7.353814E+07, Overflow 7.500290E-01, MaxDensity 1.984E+02, gamma 4.542386E+02, time 0.812ms
[INFO   ] DREAMPlace - full step 7.498 ms
[INFO   ] DREAMPlace - optimizer step 2.713 ms
[INFO   ] DREAMPlace - iteration   67, (  67,  0,  0), Obj 2.753264E+07, DensityWeight 6.839749E-08, wHPWL 7.297755E+07, Overflow 7.541150E-01, MaxDensity 1.931E+02, gamma 4.646693E+02, time 0.854ms
[INFO   ] DREAMPlace - full step 4.078 ms
[INFO   ] DREAMPlace - optimizer step 2.626 ms
[INFO   ] DREAMPlace - iteration   68, (  68,  0,  0), Obj 2.704626E+07, DensityWeight 7.133064E-08, wHPWL 7.244322E+07, Overflow 7.578200E-01, MaxDensity 1.857E+02, gamma 4.744867E+02, time 0.760ms
[INFO   ] DREAMPlace - full step 3.898 ms
[INFO   ] DREAMPlace - optimizer step 2.671 ms
[INFO   ] DREAMPlace - iteration   69, (  69,  0,  0), Obj 2.659744E+07, DensityWeight 7.438214E-08, wHPWL 7.190690E+07, Overflow 7.615584E-01, MaxDensity 1.854E+02, gamma 4.835677E+02, time 0.801ms
[INFO   ] DREAMPlace - full step 3.956 ms
[INFO   ] DREAMPlace - optimizer step 2.618 ms
[INFO   ] DREAMPlace - iteration   70, (  70,  0,  0), Obj 2.619864E+07, DensityWeight 7.755641E-08, wHPWL 7.142349E+07, Overflow 7.654030E-01, MaxDensity 1.844E+02, gamma 4.929068E+02, time 0.780ms
[INFO   ] DREAMPlace - full step 3.856 ms
[INFO   ] DREAMPlace - optimizer step 3.345 ms
[INFO   ] DREAMPlace - iteration   71, (  71,  0,  0), Obj 2.581747E+07, DensityWeight 8.085807E-08, wHPWL 7.096337E+07, Overflow 7.695535E-01, MaxDensity 1.962E+02, gamma 5.026995E+02, time 15.598ms
[INFO   ] DREAMPlace - full step 19.969 ms
[INFO   ] DREAMPlace - optimizer step 4.444 ms
[INFO   ] DREAMPlace - iteration   72, (  72,  0,  0), Obj 2.543596E+07, DensityWeight 8.429186E-08, wHPWL 7.050685E+07, Overflow 7.738836E-01, MaxDensity 1.931E+02, gamma 5.134899E+02, time 7.738ms
[INFO   ] DREAMPlace - full step 12.785 ms
[INFO   ] DREAMPlace - optimizer step 2.749 ms
[INFO   ] DREAMPlace - iteration   73, (  73,  0,  0), Obj 2.503910E+07, DensityWeight 8.786267E-08, wHPWL 7.003577E+07, Overflow 7.776852E-01, MaxDensity 2.064E+02, gamma 5.249938E+02, time 0.824ms
[INFO   ] DREAMPlace - full step 4.131 ms
[INFO   ] DREAMPlace - optimizer step 4.949 ms
[INFO   ] DREAMPlace - iteration   74, (  74,  0,  0), Obj 2.464260E+07, DensityWeight 9.157560E-08, wHPWL 6.959326E+07, Overflow 7.815191E-01, MaxDensity 2.226E+02, gamma 5.353063E+02, time 0.780ms
[INFO   ] DREAMPlace - full step 6.307 ms
[INFO   ] DREAMPlace - optimizer step 2.827 ms
[INFO   ] DREAMPlace - iteration   75, (  75,  0,  0), Obj 2.429543E+07, DensityWeight 9.543589E-08, wHPWL 6.918422E+07, Overflow 7.853931E-01, MaxDensity 2.519E+02, gamma 5.459113E+02, time 2.711ms
[INFO   ] DREAMPlace - full step 6.171 ms
[INFO   ] DREAMPlace - optimizer step 2.833 ms
[INFO   ] DREAMPlace - iteration   76, (  76,  0,  0), Obj 2.395970E+07, DensityWeight 9.944895E-08, wHPWL 6.881736E+07, Overflow 7.887585E-01, MaxDensity 2.850E+02, gamma 5.568407E+02, time 0.826ms
[INFO   ] DREAMPlace - full step 4.187 ms
[INFO   ] DREAMPlace - optimizer step 2.746 ms
[INFO   ] DREAMPlace - iteration   77, (  77,  0,  0), Obj 2.362620E+07, DensityWeight 1.036204E-07, wHPWL 6.845029E+07, Overflow 7.916566E-01, MaxDensity 2.764E+02, gamma 5.665125E+02, time 0.887ms
[INFO   ] DREAMPlace - full step 4.199 ms
[INFO   ] DREAMPlace - optimizer step 2.994 ms
[INFO   ] DREAMPlace - iteration   78, (  78,  0,  0), Obj 2.332569E+07, DensityWeight 1.079560E-07, wHPWL 6.807768E+07, Overflow 7.941700E-01, MaxDensity 2.845E+02, gamma 5.749761E+02, time 0.844ms
[INFO   ] DREAMPlace - full step 4.388 ms
[INFO   ] DREAMPlace - optimizer step 3.108 ms
[INFO   ] DREAMPlace - iteration   79, (  79,  0,  0), Obj 2.306338E+07, DensityWeight 1.124618E-07, wHPWL 6.772510E+07, Overflow 7.973527E-01, MaxDensity 2.620E+02, gamma 5.824185E+02, time 1.161ms
[INFO   ] DREAMPlace - full step 5.216 ms
[INFO   ] DREAMPlace - optimizer step 8.763 ms
[INFO   ] DREAMPlace - iteration   80, (  80,  0,  0), Obj 2.283351E+07, DensityWeight 1.171440E-07, wHPWL 6.739739E+07, Overflow 8.004290E-01, MaxDensity 2.556E+02, gamma 5.919812E+02, time 0.922ms
[INFO   ] DREAMPlace - full step 10.372 ms
[INFO   ] DREAMPlace - optimizer step 3.784 ms
[INFO   ] DREAMPlace - iteration   81, (  81,  0,  0), Obj 2.256725E+07, DensityWeight 1.220088E-07, wHPWL 6.707957E+07, Overflow 8.026900E-01, MaxDensity 2.447E+02, gamma 6.013730E+02, time 0.803ms
[INFO   ] DREAMPlace - full step 5.179 ms
[INFO   ] DREAMPlace - optimizer step 4.030 ms
[INFO   ] DREAMPlace - iteration   82, (  82,  0,  0), Obj 2.230458E+07, DensityWeight 1.270630E-07, wHPWL 6.675018E+07, Overflow 8.046433E-01, MaxDensity 2.873E+02, gamma 6.083708E+02, time 0.779ms
[INFO   ] DREAMPlace - full step 5.311 ms
[INFO   ] DREAMPlace - optimizer step 2.529 ms
[INFO   ] DREAMPlace - iteration   83, (  83,  0,  0), Obj 2.209680E+07, DensityWeight 1.323133E-07, wHPWL 6.644826E+07, Overflow 8.066627E-01, MaxDensity 2.721E+02, gamma 6.144819E+02, time 0.825ms
[INFO   ] DREAMPlace - full step 3.847 ms
[INFO   ] DREAMPlace - optimizer step 4.822 ms
[INFO   ] DREAMPlace - iteration   84, (  84,  0,  0), Obj 2.191820E+07, DensityWeight 1.377668E-07, wHPWL 6.619812E+07, Overflow 8.084744E-01, MaxDensity 2.463E+02, gamma 6.208643E+02, time 7.312ms
[INFO   ] DREAMPlace - full step 12.671 ms
[INFO   ] DREAMPlace - optimizer step 7.774 ms
[INFO   ] DREAMPlace - iteration   85, (  85,  0,  0), Obj 2.174089E+07, DensityWeight 1.434308E-07, wHPWL 6.598958E+07, Overflow 8.100348E-01, MaxDensity 2.404E+02, gamma 6.266467E+02, time 1.027ms
[INFO   ] DREAMPlace - full step 9.318 ms
[INFO   ] DREAMPlace - optimizer step 22.920 ms
[INFO   ] DREAMPlace - iteration   86, (  86,  0,  0), Obj 2.157367E+07, DensityWeight 1.493126E-07, wHPWL 6.577994E+07, Overflow 8.110302E-01, MaxDensity 2.271E+02, gamma 6.316701E+02, time 44.222ms
[INFO   ] DREAMPlace - full step 67.845 ms
[INFO   ] DREAMPlace - optimizer step 2.780 ms
[INFO   ] DREAMPlace - iteration   87, (  87,  0,  0), Obj 2.142330E+07, DensityWeight 1.554201E-07, wHPWL 6.559279E+07, Overflow 8.121909E-01, MaxDensity 1.976E+02, gamma 6.348956E+02, time 2.122ms
[INFO   ] DREAMPlace - full step 6.325 ms
[INFO   ] DREAMPlace - optimizer step 3.016 ms
[INFO   ] DREAMPlace - iteration   88, (  88,  0,  0), Obj 2.131290E+07, DensityWeight 1.617613E-07, wHPWL 6.543701E+07, Overflow 8.130032E-01, MaxDensity 2.322E+02, gamma 6.386774E+02, time 1.018ms
[INFO   ] DREAMPlace - full step 4.731 ms
[INFO   ] DREAMPlace - optimizer step 17.484 ms
[INFO   ] DREAMPlace - iteration   89, (  89,  0,  0), Obj 2.119953E+07, DensityWeight 1.683443E-07, wHPWL 6.532574E+07, Overflow 8.137906E-01, MaxDensity 2.295E+02, gamma 6.413375E+02, time 0.815ms
[INFO   ] DREAMPlace - full step 18.837 ms
[INFO   ] DREAMPlace - plotting to fix_obsspread_results/bigblue1/plot/iter0090.png takes 5.062 seconds
[INFO   ] DREAMPlace - optimizer step 24.110 ms
[INFO   ] DREAMPlace - iteration   90, (  90,  0,  0), Obj 2.110788E+07, DensityWeight 1.751777E-07, wHPWL 6.522828E+07, Overflow 8.152145E-01, MaxDensity 2.182E+02, gamma 6.439268E+02, time 0.825ms
[INFO   ] DREAMPlace - full step 5097.872 ms
[INFO   ] DREAMPlace - optimizer step 80.052 ms
[INFO   ] DREAMPlace - iteration   91, (  91,  0,  0), Obj 2.101886E+07, DensityWeight 1.822703E-07, wHPWL 6.514669E+07, Overflow 8.167651E-01, MaxDensity 2.371E+02, gamma 6.486354E+02, time 59.008ms
[INFO   ] DREAMPlace - full step 146.391 ms
[INFO   ] DREAMPlace - optimizer step 43.271 ms
[INFO   ] DREAMPlace - iteration   92, (  92,  0,  0), Obj 2.089417E+07, DensityWeight 1.896311E-07, wHPWL 6.508266E+07, Overflow 8.181966E-01, MaxDensity 2.431E+02, gamma 6.538025E+02, time 80.913ms
[INFO   ] DREAMPlace - full step 131.330 ms
[INFO   ] DREAMPlace - optimizer step 19.667 ms
[INFO   ] DREAMPlace - iteration   93, (  93,  0,  0), Obj 2.076414E+07, DensityWeight 1.972694E-07, wHPWL 6.504237E+07, Overflow 8.192203E-01, MaxDensity 2.094E+02, gamma 6.586090E+02, time 31.751ms
[INFO   ] DREAMPlace - full step 58.650 ms
[INFO   ] DREAMPlace - optimizer step 22.545 ms
[INFO   ] DREAMPlace - iteration   94, (  94,  0,  0), Obj 2.064525E+07, DensityWeight 2.051948E-07, wHPWL 6.502922E+07, Overflow 8.203017E-01, MaxDensity 2.022E+02, gamma 6.620677E+02, time 5.201ms
[INFO   ] DREAMPlace - full step 65.431 ms
[INFO   ] DREAMPlace - optimizer step 22.240 ms
[INFO   ] DREAMPlace - iteration   95, (  95,  0,  0), Obj 2.055543E+07, DensityWeight 2.134174E-07, wHPWL 6.504762E+07, Overflow 8.216829E-01, MaxDensity 1.657E+02, gamma 6.657415E+02, time 8.750ms
[INFO   ] DREAMPlace - full step 44.019 ms
[INFO   ] DREAMPlace - optimizer step 22.507 ms
[INFO   ] DREAMPlace - iteration   96, (  96,  0,  0), Obj 2.046555E+07, DensityWeight 2.235140E-07, wHPWL 6.508580E+07, Overflow 8.226501E-01, MaxDensity 1.613E+02, gamma 6.704633E+02, time 4.351ms
[INFO   ] DREAMPlace - full step 72.955 ms
[INFO   ] DREAMPlace - optimizer step 53.221 ms
[INFO   ] DREAMPlace - iteration   97, (  97,  0,  0), Obj 2.035766E+07, DensityWeight 2.334442E-07, wHPWL 6.513438E+07, Overflow 8.232051E-01, MaxDensity 1.448E+02, gamma 6.737894E+02, time 17.330ms
[INFO   ] DREAMPlace - full step 77.752 ms
[INFO   ] DREAMPlace - optimizer step 17.110 ms
[INFO   ] DREAMPlace - iteration   98, (  98,  0,  0), Obj 2.027509E+07, DensityWeight 2.434620E-07, wHPWL 6.519263E+07, Overflow 8.235398E-01, MaxDensity 1.694E+02, gamma 6.757057E+02, time 6.019ms
[INFO   ] DREAMPlace - full step 30.388 ms
[INFO   ] DREAMPlace - optimizer step 79.130 ms
[INFO   ] DREAMPlace - iteration   99, (  99,  0,  0), Obj 2.022244E+07, DensityWeight 2.535676E-07, wHPWL 6.527814E+07, Overflow 8.235042E-01, MaxDensity 1.743E+02, gamma 6.768639E+02, time 24.969ms
[INFO   ] DREAMPlace - full step 104.886 ms
[INFO   ] DREAMPlace - optimizer step 23.446 ms
[INFO   ] DREAMPlace - iteration  100, ( 100,  0,  0), Obj 2.018911E+07, DensityWeight 2.630913E-07, wHPWL 6.539027E+07, Overflow 8.234130E-01, MaxDensity 1.600E+02, gamma 6.767405E+02, time 5.019ms
[INFO   ] DREAMPlace - full step 36.155 ms
[INFO   ] DREAMPlace - optimizer step 65.256 ms
[INFO   ] DREAMPlace - iteration  101, ( 101,  0,  0), Obj 2.017952E+07, DensityWeight 2.719614E-07, wHPWL 6.551098E+07, Overflow 8.232188E-01, MaxDensity 1.521E+02, gamma 6.764250E+02, time 5.219ms
[INFO   ] DREAMPlace - full step 77.651 ms
[INFO   ] DREAMPlace - optimizer step 51.188 ms
[INFO   ] DREAMPlace - iteration  102, ( 102,  0,  0), Obj 2.017391E+07, DensityWeight 2.807943E-07, wHPWL 6.563284E+07, Overflow 8.227718E-01, MaxDensity 1.570E+02, gamma 6.757529E+02, time 12.724ms
[INFO   ] DREAMPlace - full step 68.943 ms
[INFO   ] DREAMPlace - optimizer step 22.466 ms
[INFO   ] DREAMPlace - iteration  103, ( 103,  0,  0), Obj 2.017574E+07, DensityWeight 2.898678E-07, wHPWL 6.575867E+07, Overflow 8.221727E-01, MaxDensity 1.712E+02, gamma 6.742092E+02, time 5.231ms
[INFO   ] DREAMPlace - full step 34.645 ms
[INFO   ] DREAMPlace - optimizer step 24.129 ms
[INFO   ] DREAMPlace - iteration  104, ( 104,  0,  0), Obj 2.019694E+07, DensityWeight 2.990691E-07, wHPWL 6.589615E+07, Overflow 8.215201E-01, MaxDensity 1.832E+02, gamma 6.721458E+02, time 41.838ms
[INFO   ] DREAMPlace - full step 73.252 ms
[INFO   ] DREAMPlace - optimizer step 52.793 ms
[INFO   ] DREAMPlace - iteration  105, ( 105,  0,  0), Obj 2.023150E+07, DensityWeight 3.080617E-07, wHPWL 6.604719E+07, Overflow 8.205632E-01, MaxDensity 1.653E+02, gamma 6.699051E+02, time 5.192ms
[INFO   ] DREAMPlace - full step 64.338 ms
[INFO   ] DREAMPlace - optimizer step 58.566 ms
[INFO   ] DREAMPlace - iteration  106, ( 106,  0,  0), Obj 2.027178E+07, DensityWeight 3.167254E-07, wHPWL 6.620348E+07, Overflow 8.196139E-01, MaxDensity 1.743E+02, gamma 6.666328E+02, time 16.103ms
[INFO   ] DREAMPlace - full step 81.969 ms
[INFO   ] DREAMPlace - optimizer step 19.068 ms
[INFO   ] DREAMPlace - iteration  107, ( 107,  0,  0), Obj 2.033110E+07, DensityWeight 3.253948E-07, wHPWL 6.635826E+07, Overflow 8.187532E-01, MaxDensity 1.639E+02, gamma 6.634024E+02, time 9.511ms
[INFO   ] DREAMPlace - full step 35.802 ms
[INFO   ] DREAMPlace - optimizer step 19.580 ms
[INFO   ] DREAMPlace - iteration  108, ( 108,  0,  0), Obj 2.039269E+07, DensityWeight 3.343712E-07, wHPWL 6.651683E+07, Overflow 8.176852E-01, MaxDensity 1.568E+02, gamma 6.604876E+02, time 9.768ms
[INFO   ] DREAMPlace - full step 36.497 ms
[INFO   ] DREAMPlace - optimizer step 19.571 ms
[INFO   ] DREAMPlace - iteration  109, ( 109,  0,  0), Obj 2.045097E+07, DensityWeight 3.434145E-07, wHPWL 6.667710E+07, Overflow 8.162859E-01, MaxDensity 1.670E+02, gamma 6.568879E+02, time 5.583ms
[INFO   ] DREAMPlace - full step 47.546 ms
[INFO   ] DREAMPlace - optimizer step 62.202 ms
[INFO   ] DREAMPlace - iteration  110, ( 110,  0,  0), Obj 2.052361E+07, DensityWeight 3.526185E-07, wHPWL 6.683863E+07, Overflow 8.147868E-01, MaxDensity 1.667E+02, gamma 6.522012E+02, time 27.211ms
[INFO   ] DREAMPlace - full step 94.670 ms
[INFO   ] DREAMPlace - optimizer step 16.980 ms
[INFO   ] DREAMPlace - iteration  111, ( 111,  0,  0), Obj 2.061926E+07, DensityWeight 3.620054E-07, wHPWL 6.700010E+07, Overflow 8.133967E-01, MaxDensity 1.560E+02, gamma 6.472175E+02, time 21.302ms
[INFO   ] DREAMPlace - full step 77.384 ms
[INFO   ] DREAMPlace - optimizer step 22.180 ms
[INFO   ] DREAMPlace - iteration  112, ( 112,  0,  0), Obj 2.072429E+07, DensityWeight 3.716456E-07, wHPWL 6.716557E+07, Overflow 8.121791E-01, MaxDensity 1.668E+02, gamma 6.426300E+02, time 11.331ms
[INFO   ] DREAMPlace - full step 40.622 ms
[INFO   ] DREAMPlace - optimizer step 40.964 ms
[INFO   ] DREAMPlace - iteration  113, ( 113,  0,  0), Obj 2.082312E+07, DensityWeight 3.813295E-07, wHPWL 6.732378E+07, Overflow 8.107666E-01, MaxDensity 1.696E+02, gamma 6.386390E+02, time 5.242ms
[INFO   ] DREAMPlace - full step 53.605 ms
[INFO   ] DREAMPlace - optimizer step 91.290 ms
[INFO   ] DREAMPlace - iteration  114, ( 114,  0,  0), Obj 2.091000E+07, DensityWeight 3.916622E-07, wHPWL 6.747330E+07, Overflow 8.095809E-01, MaxDensity 1.674E+02, gamma 6.340397E+02, time 4.337ms
[INFO   ] DREAMPlace - full step 102.791 ms
[INFO   ] DREAMPlace - optimizer step 46.315 ms
[INFO   ] DREAMPlace - iteration  115, ( 115,  0,  0), Obj 2.100957E+07, DensityWeight 4.027623E-07, wHPWL 6.761802E+07, Overflow 8.083100E-01, MaxDensity 1.648E+02, gamma 6.302048E+02, time 7.432ms
[INFO   ] DREAMPlace - full step 59.251 ms
[INFO   ] DREAMPlace - optimizer step 21.771 ms
[INFO   ] DREAMPlace - iteration  116, ( 116,  0,  0), Obj 2.109870E+07, DensityWeight 4.144543E-07, wHPWL 6.776797E+07, Overflow 8.074089E-01, MaxDensity 1.618E+02, gamma 6.261199E+02, time 26.972ms
[INFO   ] DREAMPlace - full step 53.207 ms
[INFO   ] DREAMPlace - optimizer step 22.426 ms
[INFO   ] DREAMPlace - iteration  117, ( 117,  0,  0), Obj 2.119428E+07, DensityWeight 4.261748E-07, wHPWL 6.791626E+07, Overflow 8.061544E-01, MaxDensity 1.606E+02, gamma 6.232396E+02, time 5.173ms
[INFO   ] DREAMPlace - full step 35.090 ms
[INFO   ] DREAMPlace - optimizer step 19.730 ms
[INFO   ] DREAMPlace - iteration  118, ( 118,  0,  0), Obj 2.126634E+07, DensityWeight 4.383283E-07, wHPWL 6.806042E+07, Overflow 8.047581E-01, MaxDensity 1.588E+02, gamma 6.192515E+02, time 5.129ms
[INFO   ] DREAMPlace - full step 32.345 ms
[INFO   ] DREAMPlace - optimizer step 26.263 ms
[INFO   ] DREAMPlace - iteration  119, ( 119,  0,  0), Obj 2.135947E+07, DensityWeight 4.510879E-07, wHPWL 6.819998E+07, Overflow 8.034276E-01, MaxDensity 1.564E+02, gamma 6.148431E+02, time 7.567ms
[INFO   ] DREAMPlace - full step 41.255 ms
[INFO   ] DREAMPlace - optimizer step 55.947 ms
[INFO   ] DREAMPlace - iteration  120, ( 120,  0,  0), Obj 2.146461E+07, DensityWeight 4.645167E-07, wHPWL 6.834483E+07, Overflow 8.022166E-01, MaxDensity 1.504E+02, gamma 6.106715E+02, time 3.106ms
[INFO   ] DREAMPlace - full step 64.247 ms
[INFO   ] DREAMPlace - optimizer step 25.298 ms
[INFO   ] DREAMPlace - iteration  121, ( 121,  0,  0), Obj 2.156887E+07, DensityWeight 4.779923E-07, wHPWL 6.849490E+07, Overflow 8.009822E-01, MaxDensity 1.370E+02, gamma 6.068991E+02, time 8.487ms
[INFO   ] DREAMPlace - full step 40.892 ms
[INFO   ] DREAMPlace - optimizer step 19.721 ms
[INFO   ] DREAMPlace - iteration  122, ( 122,  0,  0), Obj 2.166284E+07, DensityWeight 4.915019E-07, wHPWL 6.863440E+07, Overflow 7.996793E-01, MaxDensity 1.402E+02, gamma 6.030777E+02, time 5.220ms
[INFO   ] DREAMPlace - full step 32.328 ms
[INFO   ] DREAMPlace - optimizer step 16.289 ms
[INFO   ] DREAMPlace - iteration  123, ( 123,  0,  0), Obj 2.175658E+07, DensityWeight 5.061378E-07, wHPWL 6.876643E+07, Overflow 7.982291E-01, MaxDensity 1.408E+02, gamma 5.990708E+02, time 9.999ms
[INFO   ] DREAMPlace - full step 53.421 ms
[INFO   ] DREAMPlace - optimizer step 17.124 ms
[INFO   ] DREAMPlace - iteration  124, ( 124,  0,  0), Obj 2.185548E+07, DensityWeight 5.217527E-07, wHPWL 6.889853E+07, Overflow 7.966955E-01, MaxDensity 1.337E+02, gamma 5.946416E+02, time 5.375ms
[INFO   ] DREAMPlace - full step 29.005 ms
[INFO   ] DREAMPlace - optimizer step 50.921 ms
[INFO   ] DREAMPlace - iteration  125, ( 125,  0,  0), Obj 2.196728E+07, DensityWeight 5.378446E-07, wHPWL 6.903691E+07, Overflow 7.952603E-01, MaxDensity 1.310E+02, gamma 5.899938E+02, time 5.239ms
[INFO   ] DREAMPlace - full step 62.258 ms
[INFO   ] DREAMPlace - optimizer step 8.520 ms
[INFO   ] DREAMPlace - iteration  126, ( 126,  0,  0), Obj 2.208452E+07, DensityWeight 5.539470E-07, wHPWL 6.917152E+07, Overflow 7.939734E-01, MaxDensity 1.284E+02, gamma 5.856767E+02, time 10.412ms
[INFO   ] DREAMPlace - full step 21.709 ms
[INFO   ] DREAMPlace - optimizer step 76.948 ms
[INFO   ] DREAMPlace - iteration  127, ( 127,  0,  0), Obj 2.219486E+07, DensityWeight 5.708318E-07, wHPWL 6.929997E+07, Overflow 7.925465E-01, MaxDensity 1.251E+02, gamma 5.818331E+02, time 18.193ms
[INFO   ] DREAMPlace - full step 100.657 ms
[INFO   ] DREAMPlace - optimizer step 44.956 ms
[INFO   ] DREAMPlace - iteration  128, ( 128,  0,  0), Obj 2.229263E+07, DensityWeight 5.887366E-07, wHPWL 6.941522E+07, Overflow 7.912499E-01, MaxDensity 1.221E+02, gamma 5.776003E+02, time 34.432ms
[INFO   ] DREAMPlace - full step 86.425 ms
[INFO   ] DREAMPlace - optimizer step 18.307 ms
[INFO   ] DREAMPlace - iteration  129, ( 129,  0,  0), Obj 2.239980E+07, DensityWeight 6.083207E-07, wHPWL 6.952718E+07, Overflow 7.900561E-01, MaxDensity 1.195E+02, gamma 5.737807E+02, time 41.381ms
[INFO   ] DREAMPlace - full step 67.086 ms
[INFO   ] DREAMPlace - optimizer step 62.085 ms
[INFO   ] DREAMPlace - iteration  130, ( 130,  0,  0), Obj 2.250094E+07, DensityWeight 6.288452E-07, wHPWL 6.963989E+07, Overflow 7.887961E-01, MaxDensity 1.245E+02, gamma 5.702866E+02, time 12.539ms
[INFO   ] DREAMPlace - full step 84.753 ms
[INFO   ] DREAMPlace - optimizer step 23.870 ms
[INFO   ] DREAMPlace - iteration  131, ( 131,  0,  0), Obj 2.259604E+07, DensityWeight 6.499947E-07, wHPWL 6.975043E+07, Overflow 7.874069E-01, MaxDensity 1.219E+02, gamma 5.666216E+02, time 8.984ms
[INFO   ] DREAMPlace - full step 75.757 ms
[INFO   ] DREAMPlace - optimizer step 19.275 ms
[INFO   ] DREAMPlace - iteration  132, ( 132,  0,  0), Obj 2.269239E+07, DensityWeight 6.720578E-07, wHPWL 6.985047E+07, Overflow 7.862087E-01, MaxDensity 1.106E+02, gamma 5.626083E+02, time 19.603ms
[INFO   ] DREAMPlace - full step 44.285 ms
[INFO   ] DREAMPlace - optimizer step 17.503 ms
[INFO   ] DREAMPlace - iteration  133, ( 133,  0,  0), Obj 2.279856E+07, DensityWeight 6.958880E-07, wHPWL 6.995058E+07, Overflow 7.850088E-01, MaxDensity 1.169E+02, gamma 5.591694E+02, time 34.443ms
[INFO   ] DREAMPlace - full step 57.112 ms
[INFO   ] DREAMPlace - optimizer step 21.605 ms
[INFO   ] DREAMPlace - iteration  134, ( 134,  0,  0), Obj 2.289366E+07, DensityWeight 7.205568E-07, wHPWL 7.004909E+07, Overflow 7.838637E-01, MaxDensity 1.174E+02, gamma 5.557468E+02, time 2.080ms
[INFO   ] DREAMPlace - full step 28.769 ms
[INFO   ] DREAMPlace - plotting to fix_obsspread_results/bigblue1/plot/iter0135.png takes 5.001 seconds
[INFO   ] DREAMPlace - optimizer step 22.955 ms
[INFO   ] DREAMPlace - iteration  135, ( 135,  0,  0), Obj 2.298744E+07, DensityWeight 7.462658E-07, wHPWL 7.014240E+07, Overflow 7.825212E-01, MaxDensity 1.168E+02, gamma 5.525000E+02, time 3.098ms
[INFO   ] DREAMPlace - full step 5056.666 ms
[INFO   ] DREAMPlace - optimizer step 46.760 ms
[INFO   ] DREAMPlace - iteration  136, ( 136,  0,  0), Obj 2.307603E+07, DensityWeight 7.734524E-07, wHPWL 7.022776E+07, Overflow 7.811258E-01, MaxDensity 1.110E+02, gamma 5.487178E+02, time 2.147ms
[INFO   ] DREAMPlace - full step 53.512 ms
[INFO   ] DREAMPlace - optimizer step 36.074 ms
[INFO   ] DREAMPlace - iteration  137, ( 137,  0,  0), Obj 2.317892E+07, DensityWeight 8.025186E-07, wHPWL 7.031584E+07, Overflow 7.798975E-01, MaxDensity 1.075E+02, gamma 5.448136E+02, time 5.203ms
[INFO   ] DREAMPlace - full step 48.427 ms
[INFO   ] DREAMPlace - optimizer step 22.862 ms
[INFO   ] DREAMPlace - iteration  138, ( 138,  0,  0), Obj 2.328732E+07, DensityWeight 8.323614E-07, wHPWL 7.040341E+07, Overflow 7.786839E-01, MaxDensity 1.069E+02, gamma 5.414003E+02, time 5.272ms
[INFO   ] DREAMPlace - full step 33.218 ms
[INFO   ] DREAMPlace - optimizer step 51.273 ms
[INFO   ] DREAMPlace - iteration  139, ( 139,  0,  0), Obj 2.338503E+07, DensityWeight 8.633756E-07, wHPWL 7.049062E+07, Overflow 7.775161E-01, MaxDensity 1.002E+02, gamma 5.380486E+02, time 28.801ms
[INFO   ] DREAMPlace - full step 87.249 ms
[INFO   ] DREAMPlace - optimizer step 60.272 ms
[INFO   ] DREAMPlace - iteration  140, ( 140,  0,  0), Obj 2.347766E+07, DensityWeight 8.955894E-07, wHPWL 7.056366E+07, Overflow 7.762680E-01, MaxDensity 1.009E+02, gamma 5.348432E+02, time 11.111ms
[INFO   ] DREAMPlace - full step 78.674 ms
[INFO   ] DREAMPlace - optimizer step 56.531 ms
[INFO   ] DREAMPlace - iteration  141, ( 141,  0,  0), Obj 2.356796E+07, DensityWeight 9.308428E-07, wHPWL 7.063917E+07, Overflow 7.748073E-01, MaxDensity 9.371E+01, gamma 5.314384E+02, time 7.667ms
[INFO   ] DREAMPlace - full step 71.353 ms
[INFO   ] DREAMPlace - optimizer step 22.638 ms
[INFO   ] DREAMPlace - iteration  142, ( 142,  0,  0), Obj 2.366565E+07, DensityWeight 9.671515E-07, wHPWL 7.071544E+07, Overflow 7.735745E-01, MaxDensity 9.413E+01, gamma 5.274812E+02, time 2.881ms
[INFO   ] DREAMPlace - full step 32.661 ms
[INFO   ] DREAMPlace - optimizer step 26.387 ms
[INFO   ] DREAMPlace - iteration  143, ( 143,  0,  0), Obj 2.378002E+07, DensityWeight 1.004769E-06, wHPWL 7.079985E+07, Overflow 7.722603E-01, MaxDensity 8.995E+01, gamma 5.241643E+02, time 37.839ms
[INFO   ] DREAMPlace - full step 71.450 ms
[INFO   ] DREAMPlace - optimizer step 42.158 ms
[INFO   ] DREAMPlace - iteration  144, ( 144,  0,  0), Obj 2.388043E+07, DensityWeight 1.042666E-06, wHPWL 7.088086E+07, Overflow 7.708047E-01, MaxDensity 9.238E+01, gamma 5.206512E+02, time 5.235ms
[INFO   ] DREAMPlace - full step 53.009 ms
[INFO   ] DREAMPlace - optimizer step 19.670 ms
[INFO   ] DREAMPlace - iteration  145, ( 145,  0,  0), Obj 2.398289E+07, DensityWeight 1.082506E-06, wHPWL 7.095784E+07, Overflow 7.694448E-01, MaxDensity 8.369E+01, gamma 5.167878E+02, time 16.518ms
[INFO   ] DREAMPlace - full step 43.470 ms
[INFO   ] DREAMPlace - optimizer step 31.849 ms
[INFO   ] DREAMPlace - iteration  146, ( 146,  0,  0), Obj 2.409570E+07, DensityWeight 1.124499E-06, wHPWL 7.103096E+07, Overflow 7.682797E-01, MaxDensity 9.053E+01, gamma 5.132042E+02, time 5.250ms
[INFO   ] DREAMPlace - full step 45.992 ms
[INFO   ] DREAMPlace - optimizer step 23.624 ms
[INFO   ] DREAMPlace - iteration  147, ( 147,  0,  0), Obj 2.420717E+07, DensityWeight 1.168750E-06, wHPWL 7.111702E+07, Overflow 7.671683E-01, MaxDensity 7.907E+01, gamma 5.101540E+02, time 33.976ms
[INFO   ] DREAMPlace - full step 64.946 ms
[INFO   ] DREAMPlace - optimizer step 26.161 ms
[INFO   ] DREAMPlace - iteration  148, ( 148,  0,  0), Obj 2.430562E+07, DensityWeight 1.212552E-06, wHPWL 7.119864E+07, Overflow 7.659405E-01, MaxDensity 8.112E+01, gamma 5.072610E+02, time 5.224ms
[INFO   ] DREAMPlace - full step 34.641 ms
[INFO   ] DREAMPlace - optimizer step 33.290 ms
[INFO   ] DREAMPlace - iteration  149, ( 149,  0,  0), Obj 2.439849E+07, DensityWeight 1.258776E-06, wHPWL 7.128118E+07, Overflow 7.646867E-01, MaxDensity 7.851E+01, gamma 5.040841E+02, time 0.827ms
[INFO   ] DREAMPlace - full step 34.717 ms
[INFO   ] DREAMPlace - optimizer step 22.130 ms
[INFO   ] DREAMPlace - iteration  150, ( 150,  0,  0), Obj 2.450147E+07, DensityWeight 1.306594E-06, wHPWL 7.136608E+07, Overflow 7.631788E-01, MaxDensity 8.105E+01, gamma 5.008604E+02, time 23.949ms
[INFO   ] DREAMPlace - full step 53.363 ms
[INFO   ] DREAMPlace - optimizer step 22.867 ms
[INFO   ] DREAMPlace - iteration  151, ( 151,  0,  0), Obj 2.461212E+07, DensityWeight 1.355783E-06, wHPWL 7.146899E+07, Overflow 7.617772E-01, MaxDensity 7.083E+01, gamma 4.970108E+02, time 27.624ms
[INFO   ] DREAMPlace - full step 51.684 ms
[INFO   ] DREAMPlace - optimizer step 29.386 ms
[INFO   ] DREAMPlace - iteration  152, ( 152,  0,  0), Obj 2.474234E+07, DensityWeight 1.403296E-06, wHPWL 7.157409E+07, Overflow 7.602077E-01, MaxDensity 7.840E+01, gamma 4.934590E+02, time 3.299ms
[INFO   ] DREAMPlace - full step 35.887 ms
[INFO   ] DREAMPlace - optimizer step 18.259 ms
[INFO   ] DREAMPlace - iteration  153, ( 153,  0,  0), Obj 2.486746E+07, DensityWeight 1.452031E-06, wHPWL 7.168711E+07, Overflow 7.586074E-01, MaxDensity 7.148E+01, gamma 4.895120E+02, time 5.206ms
[INFO   ] DREAMPlace - full step 29.682 ms
[INFO   ] DREAMPlace - optimizer step 43.400 ms
[INFO   ] DREAMPlace - iteration  154, ( 154,  0,  0), Obj 2.500332E+07, DensityWeight 1.500799E-06, wHPWL 7.179378E+07, Overflow 7.569296E-01, MaxDensity 7.219E+01, gamma 4.855202E+02, time 5.383ms
[INFO   ] DREAMPlace - full step 55.934 ms
[INFO   ] DREAMPlace - optimizer step 19.983 ms
[INFO   ] DREAMPlace - iteration  155, ( 155,  0,  0), Obj 2.514473E+07, DensityWeight 1.552579E-06, wHPWL 7.191051E+07, Overflow 7.551702E-01, MaxDensity 6.511E+01, gamma 4.813697E+02, time 3.185ms
[INFO   ] DREAMPlace - full step 30.430 ms
[INFO   ] DREAMPlace - optimizer step 55.748 ms
[INFO   ] DREAMPlace - iteration  156, ( 156,  0,  0), Obj 2.529565E+07, DensityWeight 1.603896E-06, wHPWL 7.203030E+07, Overflow 7.533052E-01, MaxDensity 7.133E+01, gamma 4.770555E+02, time 5.786ms
[INFO   ] DREAMPlace - full step 64.797 ms
[INFO   ] DREAMPlace - optimizer step 47.527 ms
[INFO   ] DREAMPlace - iteration  157, ( 157,  0,  0), Obj 2.545490E+07, DensityWeight 1.656202E-06, wHPWL 7.215877E+07, Overflow 7.513775E-01, MaxDensity 7.061E+01, gamma 4.725246E+02, time 17.816ms
[INFO   ] DREAMPlace - full step 71.699 ms
[INFO   ] DREAMPlace - optimizer step 20.176 ms
[INFO   ] DREAMPlace - iteration  158, ( 158,  0,  0), Obj 2.562434E+07, DensityWeight 1.708147E-06, wHPWL 7.228667E+07, Overflow 7.494430E-01, MaxDensity 6.659E+01, gamma 4.678868E+02, time 9.372ms
[INFO   ] DREAMPlace - full step 36.804 ms
[INFO   ] DREAMPlace - optimizer step 55.465 ms
[INFO   ] DREAMPlace - iteration  159, ( 159,  0,  0), Obj 2.580130E+07, DensityWeight 1.761858E-06, wHPWL 7.242202E+07, Overflow 7.477084E-01, MaxDensity 6.361E+01, gamma 4.632781E+02, time 44.075ms
[INFO   ] DREAMPlace - full step 106.811 ms
[INFO   ] DREAMPlace - optimizer step 74.394 ms
[INFO   ] DREAMPlace - iteration  160, ( 160,  0,  0), Obj 2.598227E+07, DensityWeight 1.815373E-06, wHPWL 7.255726E+07, Overflow 7.457724E-01, MaxDensity 6.208E+01, gamma 4.591845E+02, time 29.418ms
[INFO   ] DREAMPlace - full step 109.605 ms
[INFO   ] DREAMPlace - optimizer step 168.678 ms
[INFO   ] DREAMPlace - iteration  161, ( 161,  0,  0), Obj 2.615162E+07, DensityWeight 1.870543E-06, wHPWL 7.269747E+07, Overflow 7.438728E-01, MaxDensity 6.628E+01, gamma 4.546581E+02, time 32.752ms
[INFO   ] DREAMPlace - full step 209.042 ms
[INFO   ] DREAMPlace - optimizer step 20.427 ms
[INFO   ] DREAMPlace - iteration  162, ( 162,  0,  0), Obj 2.633686E+07, DensityWeight 1.926055E-06, wHPWL 7.283642E+07, Overflow 7.417324E-01, MaxDensity 6.439E+01, gamma 4.502602E+02, time 55.465ms
[INFO   ] DREAMPlace - full step 83.040 ms
[INFO   ] DREAMPlace - optimizer step 81.076 ms
[INFO   ] DREAMPlace - iteration  163, ( 163,  0,  0), Obj 2.652627E+07, DensityWeight 1.983563E-06, wHPWL 7.298881E+07, Overflow 7.399833E-01, MaxDensity 5.983E+01, gamma 4.453559E+02, time 15.895ms
[INFO   ] DREAMPlace - full step 104.166 ms
[INFO   ] DREAMPlace - optimizer step 2.694 ms
[INFO   ] DREAMPlace - iteration  164, ( 164,  0,  0), Obj 2.673767E+07, DensityWeight 2.038963E-06, wHPWL 7.314525E+07, Overflow 7.381739E-01, MaxDensity 5.927E+01, gamma 4.413877E+02, time 0.966ms
[INFO   ] DREAMPlace - full step 4.296 ms
[INFO   ] DREAMPlace - optimizer step 2.627 ms
[INFO   ] DREAMPlace - iteration  165, ( 165,  0,  0), Obj 2.692516E+07, DensityWeight 2.094728E-06, wHPWL 7.330806E+07, Overflow 7.362605E-01, MaxDensity 6.234E+01, gamma 4.373200E+02, time 0.788ms
[INFO   ] DREAMPlace - full step 3.961 ms
[INFO   ] DREAMPlace - optimizer step 6.737 ms
[INFO   ] DREAMPlace - iteration  166, ( 166,  0,  0), Obj 2.711520E+07, DensityWeight 2.150106E-06, wHPWL 7.346269E+07, Overflow 7.344330E-01, MaxDensity 5.885E+01, gamma 4.330594E+02, time 0.919ms
[INFO   ] DREAMPlace - full step 49.030 ms
[INFO   ] DREAMPlace - optimizer step 17.688 ms
[INFO   ] DREAMPlace - iteration  167, ( 167,  0,  0), Obj 2.731741E+07, DensityWeight 2.209470E-06, wHPWL 7.362702E+07, Overflow 7.325904E-01, MaxDensity 5.803E+01, gamma 4.290286E+02, time 15.839ms
[INFO   ] DREAMPlace - full step 37.337 ms
[INFO   ] DREAMPlace - optimizer step 21.346 ms
[INFO   ] DREAMPlace - iteration  168, ( 168,  0,  0), Obj 2.752249E+07, DensityWeight 2.267404E-06, wHPWL 7.380457E+07, Overflow 7.305690E-01, MaxDensity 5.468E+01, gamma 4.250026E+02, time 13.165ms
[INFO   ] DREAMPlace - full step 40.230 ms
[INFO   ] DREAMPlace - optimizer step 18.915 ms
[INFO   ] DREAMPlace - iteration  169, ( 169,  0,  0), Obj 2.773054E+07, DensityWeight 2.322571E-06, wHPWL 7.398690E+07, Overflow 7.285423E-01, MaxDensity 5.810E+01, gamma 4.206294E+02, time 38.757ms
[INFO   ] DREAMPlace - full step 63.838 ms
[INFO   ] DREAMPlace - optimizer step 60.636 ms
[INFO   ] DREAMPlace - iteration  170, ( 170,  0,  0), Obj 2.795333E+07, DensityWeight 2.377497E-06, wHPWL 7.416802E+07, Overflow 7.264957E-01, MaxDensity 6.048E+01, gamma 4.162898E+02, time 5.265ms
[INFO   ] DREAMPlace - full step 71.251 ms
[INFO   ] DREAMPlace - optimizer step 38.699 ms
[INFO   ] DREAMPlace - iteration  171, ( 171,  0,  0), Obj 2.818153E+07, DensityWeight 2.434129E-06, wHPWL 7.435546E+07, Overflow 7.244293E-01, MaxDensity 5.280E+01, gamma 4.119532E+02, time 93.832ms
[INFO   ] DREAMPlace - full step 139.755 ms
[INFO   ] DREAMPlace - optimizer step 35.820 ms
[INFO   ] DREAMPlace - iteration  172, ( 172,  0,  0), Obj 2.841461E+07, DensityWeight 2.489918E-06, wHPWL 7.454475E+07, Overflow 7.224436E-01, MaxDensity 6.402E+01, gamma 4.076203E+02, time 51.773ms
[INFO   ] DREAMPlace - full step 92.868 ms
[INFO   ] DREAMPlace - optimizer step 44.338 ms
[INFO   ] DREAMPlace - iteration  173, ( 173,  0,  0), Obj 2.865018E+07, DensityWeight 2.546330E-06, wHPWL 7.473078E+07, Overflow 7.204931E-01, MaxDensity 5.845E+01, gamma 4.034996E+02, time 5.156ms
[INFO   ] DREAMPlace - full step 55.409 ms
[INFO   ] DREAMPlace - optimizer step 75.342 ms
[INFO   ] DREAMPlace - iteration  174, ( 174,  0,  0), Obj 2.888200E+07, DensityWeight 2.605203E-06, wHPWL 7.491704E+07, Overflow 7.182924E-01, MaxDensity 5.663E+01, gamma 3.994926E+02, time 31.102ms
[INFO   ] DREAMPlace - full step 113.595 ms
[INFO   ] DREAMPlace - optimizer step 93.802 ms
[INFO   ] DREAMPlace - iteration  175, ( 175,  0,  0), Obj 2.911201E+07, DensityWeight 2.665353E-06, wHPWL 7.509928E+07, Overflow 7.163856E-01, MaxDensity 6.346E+01, gamma 3.950192E+02, time 81.797ms
[INFO   ] DREAMPlace - full step 181.515 ms
[INFO   ] DREAMPlace - optimizer step 88.830 ms
[INFO   ] DREAMPlace - iteration  176, ( 176,  0,  0), Obj 2.936299E+07, DensityWeight 2.728419E-06, wHPWL 7.528388E+07, Overflow 7.145402E-01, MaxDensity 5.629E+01, gamma 3.911838E+02, time 15.680ms
[INFO   ] DREAMPlace - full step 111.790 ms
[INFO   ] DREAMPlace - optimizer step 85.728 ms
[INFO   ] DREAMPlace - iteration  177, ( 177,  0,  0), Obj 2.959600E+07, DensityWeight 2.792058E-06, wHPWL 7.546706E+07, Overflow 7.127469E-01, MaxDensity 5.341E+01, gamma 3.875075E+02, time 79.270ms
[INFO   ] DREAMPlace - full step 170.216 ms
[INFO   ] DREAMPlace - optimizer step 88.375 ms
[INFO   ] DREAMPlace - iteration  178, ( 178,  0,  0), Obj 2.981979E+07, DensityWeight 2.857746E-06, wHPWL 7.564255E+07, Overflow 7.109597E-01, MaxDensity 5.985E+01, gamma 3.839678E+02, time 108.608ms
[INFO   ] DREAMPlace - full step 204.396 ms
[INFO   ] DREAMPlace - optimizer step 55.465 ms
[INFO   ] DREAMPlace - iteration  179, ( 179,  0,  0), Obj 3.003706E+07, DensityWeight 2.928119E-06, wHPWL 7.580550E+07, Overflow 7.092392E-01, MaxDensity 5.188E+01, gamma 3.804727E+02, time 62.426ms
[INFO   ] DREAMPlace - full step 124.992 ms
[INFO   ] DREAMPlace - plotting to fix_obsspread_results/bigblue1/plot/iter0180.png takes 4.897 seconds
[INFO   ] DREAMPlace - optimizer step 22.521 ms
[INFO   ] DREAMPlace - iteration  180, ( 180,  0,  0), Obj 3.025626E+07, DensityWeight 3.005475E-06, wHPWL 7.597431E+07, Overflow 7.072862E-01, MaxDensity 4.754E+01, gamma 3.771377E+02, time 12.161ms
[INFO   ] DREAMPlace - full step 4948.312 ms
[INFO   ] DREAMPlace - optimizer step 27.834 ms
[INFO   ] DREAMPlace - iteration  181, ( 181,  0,  0), Obj 3.047085E+07, DensityWeight 3.082351E-06, wHPWL 7.613768E+07, Overflow 7.056810E-01, MaxDensity 4.990E+01, gamma 3.733877E+02, time 53.019ms
[INFO   ] DREAMPlace - full step 88.139 ms
[INFO   ] DREAMPlace - optimizer step 22.562 ms
[INFO   ] DREAMPlace - iteration  182, ( 182,  0,  0), Obj 3.070065E+07, DensityWeight 3.163596E-06, wHPWL 7.629705E+07, Overflow 7.038295E-01, MaxDensity 4.741E+01, gamma 3.703334E+02, time 3.405ms
[INFO   ] DREAMPlace - full step 31.307 ms
[INFO   ] DREAMPlace - optimizer step 50.866 ms
[INFO   ] DREAMPlace - iteration  183, ( 183,  0,  0), Obj 3.090293E+07, DensityWeight 3.248793E-06, wHPWL 7.644744E+07, Overflow 7.020463E-01, MaxDensity 4.612E+01, gamma 3.668415E+02, time 6.446ms
[INFO   ] DREAMPlace - full step 64.597 ms
[INFO   ] DREAMPlace - optimizer step 22.536 ms
[INFO   ] DREAMPlace - iteration  184, ( 184,  0,  0), Obj 3.111659E+07, DensityWeight 3.340461E-06, wHPWL 7.658418E+07, Overflow 7.001081E-01, MaxDensity 4.483E+01, gamma 3.635095E+02, time 5.203ms
[INFO   ] DREAMPlace - full step 35.022 ms
[INFO   ] DREAMPlace - optimizer step 37.382 ms
[INFO   ] DREAMPlace - iteration  185, ( 185,  0,  0), Obj 3.132532E+07, DensityWeight 3.441261E-06, wHPWL 7.671323E+07, Overflow 6.981832E-01, MaxDensity 4.242E+01, gamma 3.599222E+02, time 39.450ms
[INFO   ] DREAMPlace - full step 83.947 ms
[INFO   ] DREAMPlace - optimizer step 31.883 ms
[INFO   ] DREAMPlace - iteration  186, ( 186,  0,  0), Obj 3.154435E+07, DensityWeight 3.548899E-06, wHPWL 7.683722E+07, Overflow 6.962510E-01, MaxDensity 4.456E+01, gamma 3.563947E+02, time 32.026ms
[INFO   ] DREAMPlace - full step 71.115 ms
[INFO   ] DREAMPlace - optimizer step 23.350 ms
[INFO   ] DREAMPlace - iteration  187, ( 187,  0,  0), Obj 3.175884E+07, DensityWeight 3.662494E-06, wHPWL 7.694579E+07, Overflow 6.944357E-01, MaxDensity 4.358E+01, gamma 3.528884E+02, time 60.418ms
[INFO   ] DREAMPlace - full step 91.016 ms
[INFO   ] DREAMPlace - optimizer step 56.878 ms
[INFO   ] DREAMPlace - iteration  188, ( 188,  0,  0), Obj 3.196814E+07, DensityWeight 3.787851E-06, wHPWL 7.703914E+07, Overflow 6.925123E-01, MaxDensity 4.501E+01, gamma 3.496257E+02, time 8.157ms
[INFO   ] DREAMPlace - full step 72.209 ms
[INFO   ] DREAMPlace - optimizer step 80.830 ms
[INFO   ] DREAMPlace - iteration  189, ( 189,  0,  0), Obj 3.216306E+07, DensityWeight 3.925826E-06, wHPWL 7.711570E+07, Overflow 6.906852E-01, MaxDensity 4.132E+01, gamma 3.462017E+02, time 79.469ms
[INFO   ] DREAMPlace - full step 165.713 ms
[INFO   ] DREAMPlace - optimizer step 26.682 ms
[INFO   ] DREAMPlace - iteration  190, ( 190,  0,  0), Obj 3.236168E+07, DensityWeight 4.078358E-06, wHPWL 7.717874E+07, Overflow 6.890204E-01, MaxDensity 4.438E+01, gamma 3.429801E+02, time 5.169ms
[INFO   ] DREAMPlace - full step 36.538 ms
[INFO   ] DREAMPlace - optimizer step 80.919 ms
[INFO   ] DREAMPlace - iteration  191, ( 191,  0,  0), Obj 3.255184E+07, DensityWeight 4.244808E-06, wHPWL 7.723586E+07, Overflow 6.874959E-01, MaxDensity 4.009E+01, gamma 3.400707E+02, time 45.988ms
[INFO   ] DREAMPlace - full step 139.989 ms
[INFO   ] DREAMPlace - optimizer step 24.302 ms
[INFO   ] DREAMPlace - iteration  192, ( 192,  0,  0), Obj 3.272467E+07, DensityWeight 4.421695E-06, wHPWL 7.728066E+07, Overflow 6.858882E-01, MaxDensity 4.287E+01, gamma 3.374284E+02, time 5.913ms
[INFO   ] DREAMPlace - full step 34.519 ms
[INFO   ] DREAMPlace - optimizer step 58.252 ms
[INFO   ] DREAMPlace - iteration  193, ( 193,  0,  0), Obj 3.288103E+07, DensityWeight 4.613880E-06, wHPWL 7.731526E+07, Overflow 6.843693E-01, MaxDensity 3.895E+01, gamma 3.346640E+02, time 37.148ms
[INFO   ] DREAMPlace - full step 100.293 ms
[INFO   ] DREAMPlace - optimizer step 20.208 ms
[INFO   ] DREAMPlace - iteration  194, ( 194,  0,  0), Obj 3.304164E+07, DensityWeight 4.821258E-06, wHPWL 7.734222E+07, Overflow 6.826581E-01, MaxDensity 4.016E+01, gamma 3.320730E+02, time 5.255ms
[INFO   ] DREAMPlace - full step 32.920 ms
[INFO   ] DREAMPlace - optimizer step 49.842 ms
[INFO   ] DREAMPlace - iteration  195, ( 195,  0,  0), Obj 3.319841E+07, DensityWeight 5.043331E-06, wHPWL 7.737589E+07, Overflow 6.810159E-01, MaxDensity 3.805E+01, gamma 3.291781E+02, time 6.922ms
[INFO   ] DREAMPlace - full step 63.970 ms
[INFO   ] DREAMPlace - optimizer step 21.423 ms
[INFO   ] DREAMPlace - iteration  196, ( 196,  0,  0), Obj 3.337010E+07, DensityWeight 5.270706E-06, wHPWL 7.740435E+07, Overflow 6.790968E-01, MaxDensity 3.857E+01, gamma 3.264236E+02, time 5.152ms
[INFO   ] DREAMPlace - full step 33.815 ms
[INFO   ] DREAMPlace - optimizer step 22.454 ms
[INFO   ] DREAMPlace - iteration  197, ( 197,  0,  0), Obj 3.353845E+07, DensityWeight 5.512325E-06, wHPWL 7.743522E+07, Overflow 6.773183E-01, MaxDensity 3.850E+01, gamma 3.232339E+02, time 28.224ms
[INFO   ] DREAMPlace - full step 58.165 ms
[INFO   ] DREAMPlace - optimizer step 53.534 ms
[INFO   ] DREAMPlace - iteration  198, ( 198,  0,  0), Obj 3.372920E+07, DensityWeight 5.763085E-06, wHPWL 7.746012E+07, Overflow 6.749645E-01, MaxDensity 3.556E+01, gamma 3.203057E+02, time 24.614ms
[INFO   ] DREAMPlace - full step 85.452 ms
[INFO   ] DREAMPlace - optimizer step 57.571 ms
[INFO   ] DREAMPlace - iteration  199, ( 199,  0,  0), Obj 3.391521E+07, DensityWeight 6.030275E-06, wHPWL 7.749242E+07, Overflow 6.729226E-01, MaxDensity 3.368E+01, gamma 3.164711E+02, time 7.633ms
[INFO   ] DREAMPlace - full step 65.978 ms
[INFO   ] DREAMPlace - optimizer step 22.504 ms
[INFO   ] DREAMPlace - iteration  200, ( 200,  0,  0), Obj 3.415122E+07, DensityWeight 6.303346E-06, wHPWL 7.752485E+07, Overflow 6.705888E-01, MaxDensity 3.467E+01, gamma 3.131819E+02, time 4.696ms
[INFO   ] DREAMPlace - full step 34.408 ms
[INFO   ] DREAMPlace - optimizer step 41.147 ms
[INFO   ] DREAMPlace - iteration  201, ( 201,  0,  0), Obj 3.437423E+07, DensityWeight 6.588658E-06, wHPWL 7.757173E+07, Overflow 6.683635E-01, MaxDensity 3.441E+01, gamma 3.094641E+02, time 5.329ms
[INFO   ] DREAMPlace - full step 54.003 ms
[INFO   ] DREAMPlace - optimizer step 28.797 ms
[INFO   ] DREAMPlace - iteration  202, ( 202,  0,  0), Obj 3.462527E+07, DensityWeight 6.873027E-06, wHPWL 7.761832E+07, Overflow 6.658226E-01, MaxDensity 3.306E+01, gamma 3.059602E+02, time 13.207ms
[INFO   ] DREAMPlace - full step 48.698 ms
[INFO   ] DREAMPlace - optimizer step 20.576 ms
[INFO   ] DREAMPlace - iteration  203, ( 203,  0,  0), Obj 3.487985E+07, DensityWeight 7.169958E-06, wHPWL 7.768147E+07, Overflow 6.633350E-01, MaxDensity 3.128E+01, gamma 3.020082E+02, time 3.839ms
[INFO   ] DREAMPlace - full step 31.597 ms
[INFO   ] DREAMPlace - optimizer step 21.642 ms
[INFO   ] DREAMPlace - iteration  204, ( 204,  0,  0), Obj 3.517299E+07, DensityWeight 7.462470E-06, wHPWL 7.775901E+07, Overflow 6.605253E-01, MaxDensity 2.920E+01, gamma 2.981884E+02, time 77.452ms
[INFO   ] DREAMPlace - full step 106.280 ms
[INFO   ] DREAMPlace - optimizer step 22.502 ms
[INFO   ] DREAMPlace - iteration  205, ( 205,  0,  0), Obj 3.547972E+07, DensityWeight 7.751357E-06, wHPWL 7.786621E+07, Overflow 6.577259E-01, MaxDensity 2.779E+01, gamma 2.939321E+02, time 29.812ms
[INFO   ] DREAMPlace - full step 59.375 ms
[INFO   ] DREAMPlace - optimizer step 70.951 ms
[INFO   ] DREAMPlace - iteration  206, ( 206,  0,  0), Obj 3.582706E+07, DensityWeight 8.018203E-06, wHPWL 7.798687E+07, Overflow 6.546276E-01, MaxDensity 2.836E+01, gamma 2.897517E+02, time 15.913ms
[INFO   ] DREAMPlace - full step 92.790 ms
[INFO   ] DREAMPlace - optimizer step 48.055 ms
[INFO   ] DREAMPlace - iteration  207, ( 207,  0,  0), Obj 3.619211E+07, DensityWeight 8.278682E-06, wHPWL 7.813768E+07, Overflow 6.515290E-01, MaxDensity 2.816E+01, gamma 2.851944E+02, time 3.411ms
[INFO   ] DREAMPlace - full step 57.525 ms
[INFO   ] DREAMPlace - optimizer step 18.829 ms
[INFO   ] DREAMPlace - iteration  208, ( 208,  0,  0), Obj 3.659726E+07, DensityWeight 8.511782E-06, wHPWL 7.830051E+07, Overflow 6.481664E-01, MaxDensity 2.804E+01, gamma 2.807082E+02, time 9.967ms
[INFO   ] DREAMPlace - full step 40.145 ms
[INFO   ] DREAMPlace - optimizer step 53.025 ms
[INFO   ] DREAMPlace - iteration  209, ( 209,  0,  0), Obj 3.702119E+07, DensityWeight 8.736788E-06, wHPWL 7.849132E+07, Overflow 6.446496E-01, MaxDensity 2.702E+01, gamma 2.759197E+02, time 0.791ms
[INFO   ] DREAMPlace - full step 58.856 ms
[INFO   ] DREAMPlace - optimizer step 66.915 ms
[INFO   ] DREAMPlace - iteration  210, ( 210,  0,  0), Obj 3.748050E+07, DensityWeight 8.932837E-06, wHPWL 7.868706E+07, Overflow 6.411779E-01, MaxDensity 2.743E+01, gamma 2.709990E+02, time 5.288ms
[INFO   ] DREAMPlace - full step 77.210 ms
[INFO   ] DREAMPlace - optimizer step 24.305 ms
[INFO   ] DREAMPlace - iteration  211, ( 211,  0,  0), Obj 3.796788E+07, DensityWeight 9.127013E-06, wHPWL 7.889923E+07, Overflow 6.378136E-01, MaxDensity 2.714E+01, gamma 2.662273E+02, time 5.167ms
[INFO   ] DREAMPlace - full step 36.677 ms
[INFO   ] DREAMPlace - optimizer step 46.070 ms
[INFO   ] DREAMPlace - iteration  212, ( 212,  0,  0), Obj 3.846078E+07, DensityWeight 9.304063E-06, wHPWL 7.910442E+07, Overflow 6.347226E-01, MaxDensity 2.802E+01, gamma 2.616836E+02, time 27.861ms
[INFO   ] DREAMPlace - full step 81.087 ms
[INFO   ] DREAMPlace - optimizer step 3.329 ms
[INFO   ] DREAMPlace - iteration  213, ( 213,  0,  0), Obj 3.895184E+07, DensityWeight 9.493785E-06, wHPWL 7.930902E+07, Overflow 6.317836E-01, MaxDensity 2.865E+01, gamma 2.575773E+02, time 35.330ms
[INFO   ] DREAMPlace - full step 41.520 ms
[INFO   ] DREAMPlace - optimizer step 4.646 ms
[INFO   ] DREAMPlace - iteration  214, ( 214,  0,  0), Obj 3.942111E+07, DensityWeight 9.688176E-06, wHPWL 7.949647E+07, Overflow 6.290183E-01, MaxDensity 2.742E+01, gamma 2.537328E+02, time 0.824ms
[INFO   ] DREAMPlace - full step 6.106 ms
[INFO   ] DREAMPlace - optimizer step 4.432 ms
[INFO   ] DREAMPlace - iteration  215, ( 215,  0,  0), Obj 3.988115E+07, DensityWeight 9.910214E-06, wHPWL 7.968243E+07, Overflow 6.264563E-01, MaxDensity 2.791E+01, gamma 2.501678E+02, time 18.827ms
[INFO   ] DREAMPlace - full step 24.046 ms
[INFO   ] DREAMPlace - optimizer step 21.757 ms
[INFO   ] DREAMPlace - iteration  216, ( 216,  0,  0), Obj 4.032556E+07, DensityWeight 1.013944E-05, wHPWL 7.985606E+07, Overflow 6.243496E-01, MaxDensity 2.891E+01, gamma 2.469096E+02, time 6.233ms
[INFO   ] DREAMPlace - full step 32.150 ms
[INFO   ] DREAMPlace - optimizer step 53.584 ms
[INFO   ] DREAMPlace - iteration  217, ( 217,  0,  0), Obj 4.075443E+07, DensityWeight 1.039183E-05, wHPWL 8.003006E+07, Overflow 6.226755E-01, MaxDensity 3.004E+01, gamma 2.442624E+02, time 12.844ms
[INFO   ] DREAMPlace - full step 99.074 ms
[INFO   ] DREAMPlace - optimizer step 20.560 ms
[INFO   ] DREAMPlace - iteration  218, ( 218,  0,  0), Obj 4.113763E+07, DensityWeight 1.064993E-05, wHPWL 8.018928E+07, Overflow 6.206244E-01, MaxDensity 3.008E+01, gamma 2.421789E+02, time 9.024ms
[INFO   ] DREAMPlace - full step 35.180 ms
[INFO   ] DREAMPlace - optimizer step 38.893 ms
[INFO   ] DREAMPlace - iteration  219, ( 219,  0,  0), Obj 4.147954E+07, DensityWeight 1.093697E-05, wHPWL 8.034550E+07, Overflow 6.188434E-01, MaxDensity 2.765E+01, gamma 2.396505E+02, time 48.007ms
[INFO   ] DREAMPlace - full step 94.116 ms
[INFO   ] DREAMPlace - optimizer step 19.451 ms
[INFO   ] DREAMPlace - iteration  220, ( 220,  0,  0), Obj 4.184338E+07, DensityWeight 1.123643E-05, wHPWL 8.049382E+07, Overflow 6.171617E-01, MaxDensity 2.862E+01, gamma 2.374764E+02, time 34.217ms
[INFO   ] DREAMPlace - full step 59.919 ms
[INFO   ] DREAMPlace - optimizer step 60.419 ms
[INFO   ] DREAMPlace - iteration  221, ( 221,  0,  0), Obj 4.219138E+07, DensityWeight 1.155681E-05, wHPWL 8.065601E+07, Overflow 6.157330E-01, MaxDensity 2.926E+01, gamma 2.354417E+02, time 6.562ms
[INFO   ] DREAMPlace - full step 74.244 ms
[INFO   ] DREAMPlace - optimizer step 38.168 ms
[INFO   ] DREAMPlace - iteration  222, ( 222,  0,  0), Obj 4.251750E+07, DensityWeight 1.186339E-05, wHPWL 8.080254E+07, Overflow 6.143073E-01, MaxDensity 2.902E+01, gamma 2.337267E+02, time 9.828ms
[INFO   ] DREAMPlace - full step 53.362 ms
[INFO   ] DREAMPlace - optimizer step 21.381 ms
[INFO   ] DREAMPlace - iteration  223, ( 223,  0,  0), Obj 4.281322E+07, DensityWeight 1.220468E-05, wHPWL 8.093712E+07, Overflow 6.128810E-01, MaxDensity 2.839E+01, gamma 2.320279E+02, time 5.140ms
[INFO   ] DREAMPlace - full step 32.448 ms
[INFO   ] DREAMPlace - optimizer step 57.455 ms
[INFO   ] DREAMPlace - iteration  224, ( 224,  0,  0), Obj 4.309598E+07, DensityWeight 1.257675E-05, wHPWL 8.105915E+07, Overflow 6.112279E-01, MaxDensity 2.846E+01, gamma 2.303407E+02, time 2.173ms
[INFO   ] DREAMPlace - full step 65.153 ms
[INFO   ] DREAMPlace - plotting to fix_obsspread_results/bigblue1/plot/iter0225.png takes 5.044 seconds
[INFO   ] DREAMPlace - optimizer step 88.731 ms
[INFO   ] DREAMPlace - iteration  225, ( 225,  0,  0), Obj 4.337964E+07, DensityWeight 1.298285E-05, wHPWL 8.118762E+07, Overflow 6.096976E-01, MaxDensity 2.789E+01, gamma 2.284006E+02, time 80.620ms
[INFO   ] DREAMPlace - full step 5223.880 ms
[INFO   ] DREAMPlace - optimizer step 90.493 ms
[INFO   ] DREAMPlace - iteration  226, ( 226,  0,  0), Obj 4.367412E+07, DensityWeight 1.339004E-05, wHPWL 8.131119E+07, Overflow 6.079855E-01, MaxDensity 2.723E+01, gamma 2.266192E+02, time 30.818ms
[INFO   ] DREAMPlace - full step 165.617 ms
[INFO   ] DREAMPlace - optimizer step 118.698 ms
[INFO   ] DREAMPlace - iteration  227, ( 227,  0,  0), Obj 4.395805E+07, DensityWeight 1.381942E-05, wHPWL 8.143328E+07, Overflow 6.061096E-01, MaxDensity 2.683E+01, gamma 2.246425E+02, time 75.983ms
[INFO   ] DREAMPlace - full step 201.954 ms
[INFO   ] DREAMPlace - optimizer step 69.852 ms
[INFO   ] DREAMPlace - iteration  228, ( 228,  0,  0), Obj 4.424398E+07, DensityWeight 1.426552E-05, wHPWL 8.153741E+07, Overflow 6.040928E-01, MaxDensity 2.742E+01, gamma 2.224965E+02, time 68.739ms
[INFO   ] DREAMPlace - full step 142.292 ms
[INFO   ] DREAMPlace - optimizer step 30.987 ms
[INFO   ] DREAMPlace - iteration  229, ( 229,  0,  0), Obj 4.454382E+07, DensityWeight 1.476294E-05, wHPWL 8.163900E+07, Overflow 6.020229E-01, MaxDensity 2.718E+01, gamma 2.202122E+02, time 12.840ms
[INFO   ] DREAMPlace - full step 51.078 ms
[INFO   ] DREAMPlace - optimizer step 38.748 ms
[INFO   ] DREAMPlace - iteration  230, ( 230,  0,  0), Obj 4.485058E+07, DensityWeight 1.528311E-05, wHPWL 8.173334E+07, Overflow 5.998308E-01, MaxDensity 2.809E+01, gamma 2.178922E+02, time 13.539ms
[INFO   ] DREAMPlace - full step 80.341 ms
[INFO   ] DREAMPlace - optimizer step 29.004 ms
[INFO   ] DREAMPlace - iteration  231, ( 231,  0,  0), Obj 4.516286E+07, DensityWeight 1.583762E-05, wHPWL 8.182526E+07, Overflow 5.977790E-01, MaxDensity 2.725E+01, gamma 2.154619E+02, time 32.692ms
[INFO   ] DREAMPlace - full step 74.111 ms
[INFO   ] DREAMPlace - optimizer step 95.513 ms
[INFO   ] DREAMPlace - iteration  232, ( 232,  0,  0), Obj 4.547900E+07, DensityWeight 1.641775E-05, wHPWL 8.190674E+07, Overflow 5.955834E-01, MaxDensity 2.629E+01, gamma 2.132116E+02, time 67.354ms
[INFO   ] DREAMPlace - full step 170.012 ms
[INFO   ] DREAMPlace - optimizer step 45.008 ms
[INFO   ] DREAMPlace - iteration  233, ( 233,  0,  0), Obj 4.578781E+07, DensityWeight 1.704396E-05, wHPWL 8.198954E+07, Overflow 5.932948E-01, MaxDensity 2.590E+01, gamma 2.108296E+02, time 62.275ms
[INFO   ] DREAMPlace - full step 113.541 ms
[INFO   ] DREAMPlace - optimizer step 88.337 ms
[INFO   ] DREAMPlace - iteration  234, ( 234,  0,  0), Obj 4.610554E+07, DensityWeight 1.769076E-05, wHPWL 8.207000E+07, Overflow 5.910503E-01, MaxDensity 2.476E+01, gamma 2.083751E+02, time 61.779ms
[INFO   ] DREAMPlace - full step 157.353 ms
[INFO   ] DREAMPlace - optimizer step 64.733 ms
[INFO   ] DREAMPlace - iteration  235, ( 235,  0,  0), Obj 4.643847E+07, DensityWeight 1.836813E-05, wHPWL 8.215921E+07, Overflow 5.886189E-01, MaxDensity 2.612E+01, gamma 2.059957E+02, time 26.637ms
[INFO   ] DREAMPlace - full step 98.627 ms
[INFO   ] DREAMPlace - optimizer step 47.450 ms
[INFO   ] DREAMPlace - iteration  236, ( 236,  0,  0), Obj 4.677015E+07, DensityWeight 1.904818E-05, wHPWL 8.225358E+07, Overflow 5.865765E-01, MaxDensity 2.511E+01, gamma 2.034488E+02, time 49.993ms
[INFO   ] DREAMPlace - full step 104.603 ms
[INFO   ] DREAMPlace - optimizer step 35.903 ms
[INFO   ] DREAMPlace - iteration  237, ( 237,  0,  0), Obj 4.712257E+07, DensityWeight 1.973920E-05, wHPWL 8.235408E+07, Overflow 5.842437E-01, MaxDensity 2.623E+01, gamma 2.013336E+02, time 56.225ms
[INFO   ] DREAMPlace - full step 99.334 ms
[INFO   ] DREAMPlace - optimizer step 32.290 ms
[INFO   ] DREAMPlace - iteration  238, ( 238,  0,  0), Obj 4.744778E+07, DensityWeight 2.043781E-05, wHPWL 8.246187E+07, Overflow 5.818906E-01, MaxDensity 2.440E+01, gamma 1.989447E+02, time 6.007ms
[INFO   ] DREAMPlace - full step 45.460 ms
[INFO   ] DREAMPlace - optimizer step 56.227 ms
[INFO   ] DREAMPlace - iteration  239, ( 239,  0,  0), Obj 4.780110E+07, DensityWeight 2.113965E-05, wHPWL 8.257779E+07, Overflow 5.796729E-01, MaxDensity 2.490E+01, gamma 1.965637E+02, time 5.733ms
[INFO   ] DREAMPlace - full step 69.234 ms
[INFO   ] DREAMPlace - optimizer step 78.853 ms
[INFO   ] DREAMPlace - iteration  240, ( 240,  0,  0), Obj 4.816368E+07, DensityWeight 2.184083E-05, wHPWL 8.270915E+07, Overflow 5.776389E-01, MaxDensity 2.514E+01, gamma 1.943458E+02, time 5.221ms
[INFO   ] DREAMPlace - full step 91.256 ms
[INFO   ] DREAMPlace - optimizer step 49.839 ms
[INFO   ] DREAMPlace - iteration  241, ( 241,  0,  0), Obj 4.852506E+07, DensityWeight 2.251675E-05, wHPWL 8.285415E+07, Overflow 5.750490E-01, MaxDensity 2.396E+01, gamma 1.923335E+02, time 5.136ms
[INFO   ] DREAMPlace - full step 62.215 ms
[INFO   ] DREAMPlace - optimizer step 22.607 ms
[INFO   ] DREAMPlace - iteration  242, ( 242,  0,  0), Obj 4.887162E+07, DensityWeight 2.316950E-05, wHPWL 8.300244E+07, Overflow 5.726688E-01, MaxDensity 2.466E+01, gamma 1.898015E+02, time 5.183ms
[INFO   ] DREAMPlace - full step 35.006 ms
[INFO   ] DREAMPlace - optimizer step 2.683 ms
[INFO   ] DREAMPlace - iteration  243, ( 243,  0,  0), Obj 4.926534E+07, DensityWeight 2.383024E-05, wHPWL 8.315644E+07, Overflow 5.704527E-01, MaxDensity 2.391E+01, gamma 1.875039E+02, time 0.985ms
[INFO   ] DREAMPlace - full step 33.252 ms
[INFO   ] DREAMPlace - optimizer step 21.196 ms
[INFO   ] DREAMPlace - iteration  244, ( 244,  0,  0), Obj 4.965028E+07, DensityWeight 2.449031E-05, wHPWL 8.332042E+07, Overflow 5.684134E-01, MaxDensity 2.497E+01, gamma 1.853897E+02, time 1.123ms
[INFO   ] DREAMPlace - full step 27.288 ms
[INFO   ] DREAMPlace - optimizer step 48.692 ms
[INFO   ] DREAMPlace - iteration  245, ( 245,  0,  0), Obj 5.002141E+07, DensityWeight 2.513370E-05, wHPWL 8.348095E+07, Overflow 5.660661E-01, MaxDensity 2.395E+01, gamma 1.834653E+02, time 5.401ms
[INFO   ] DREAMPlace - full step 56.955 ms
[INFO   ] DREAMPlace - optimizer step 21.075 ms
[INFO   ] DREAMPlace - iteration  246, ( 246,  0,  0), Obj 5.037036E+07, DensityWeight 2.580636E-05, wHPWL 8.362668E+07, Overflow 5.640684E-01, MaxDensity 2.404E+01, gamma 1.812749E+02, time 1.133ms
[INFO   ] DREAMPlace - full step 27.160 ms
[INFO   ] DREAMPlace - optimizer step 70.976 ms
[INFO   ] DREAMPlace - iteration  247, ( 247,  0,  0), Obj 5.074157E+07, DensityWeight 2.655177E-05, wHPWL 8.377038E+07, Overflow 5.618701E-01, MaxDensity 2.329E+01, gamma 1.794313E+02, time 5.529ms
[INFO   ] DREAMPlace - full step 83.695 ms
[INFO   ] DREAMPlace - optimizer step 63.442 ms
[INFO   ] DREAMPlace - iteration  248, ( 248,  0,  0), Obj 5.109071E+07, DensityWeight 2.732642E-05, wHPWL 8.392142E+07, Overflow 5.598683E-01, MaxDensity 2.216E+01, gamma 1.774244E+02, time 5.172ms
[INFO   ] DREAMPlace - full step 75.765 ms
[INFO   ] DREAMPlace - optimizer step 22.511 ms
[INFO   ] DREAMPlace - iteration  249, ( 249,  0,  0), Obj 5.145314E+07, DensityWeight 2.809496E-05, wHPWL 8.407282E+07, Overflow 5.577331E-01, MaxDensity 2.216E+01, gamma 1.756163E+02, time 5.159ms
[INFO   ] DREAMPlace - full step 34.967 ms
[INFO   ] DREAMPlace - optimizer step 95.386 ms
[INFO   ] DREAMPlace - iteration  250, ( 250,  0,  0), Obj 5.179560E+07, DensityWeight 2.888364E-05, wHPWL 8.421596E+07, Overflow 5.556766E-01, MaxDensity 2.216E+01, gamma 1.737080E+02, time 53.516ms
[INFO   ] DREAMPlace - full step 154.728 ms
[INFO   ] DREAMPlace - optimizer step 35.069 ms
[INFO   ] DREAMPlace - iteration  251, ( 251,  0,  0), Obj 5.214318E+07, DensityWeight 2.972865E-05, wHPWL 8.435349E+07, Overflow 5.537460E-01, MaxDensity 2.270E+01, gamma 1.718897E+02, time 14.678ms
[INFO   ] DREAMPlace - full step 55.135 ms
[INFO   ] DREAMPlace - optimizer step 23.828 ms
[INFO   ] DREAMPlace - iteration  252, ( 252,  0,  0), Obj 5.247977E+07, DensityWeight 3.062234E-05, wHPWL 8.448306E+07, Overflow 5.514126E-01, MaxDensity 2.091E+01, gamma 1.702001E+02, time 23.806ms
[INFO   ] DREAMPlace - full step 52.076 ms
[INFO   ] DREAMPlace - optimizer step 51.319 ms
[INFO   ] DREAMPlace - iteration  253, ( 253,  0,  0), Obj 5.280113E+07, DensityWeight 3.157789E-05, wHPWL 8.460527E+07, Overflow 5.491320E-01, MaxDensity 2.152E+01, gamma 1.681800E+02, time 5.229ms
[INFO   ] DREAMPlace - full step 63.776 ms
[INFO   ] DREAMPlace - optimizer step 24.655 ms
[INFO   ] DREAMPlace - iteration  254, ( 254,  0,  0), Obj 5.314336E+07, DensityWeight 3.259670E-05, wHPWL 8.471325E+07, Overflow 5.468733E-01, MaxDensity 2.187E+01, gamma 1.662288E+02, time 3.414ms
[INFO   ] DREAMPlace - full step 33.423 ms
[INFO   ] DREAMPlace - optimizer step 16.594 ms
[INFO   ] DREAMPlace - iteration  255, ( 255,  0,  0), Obj 5.347867E+07, DensityWeight 3.371522E-05, wHPWL 8.481474E+07, Overflow 5.447854E-01, MaxDensity 2.102E+01, gamma 1.643187E+02, time 5.164ms
[INFO   ] DREAMPlace - full step 29.045 ms
[INFO   ] DREAMPlace - optimizer step 12.429 ms
[INFO   ] DREAMPlace - iteration  256, ( 256,  0,  0), Obj 5.380036E+07, DensityWeight 3.490367E-05, wHPWL 8.489610E+07, Overflow 5.427418E-01, MaxDensity 1.991E+01, gamma 1.625726E+02, time 6.607ms
[INFO   ] DREAMPlace - full step 26.297 ms
[INFO   ] DREAMPlace - optimizer step 13.835 ms
[INFO   ] DREAMPlace - iteration  257, ( 257,  0,  0), Obj 5.409653E+07, DensityWeight 3.623551E-05, wHPWL 8.495680E+07, Overflow 5.406610E-01, MaxDensity 1.925E+01, gamma 1.608814E+02, time 23.628ms
[INFO   ] DREAMPlace - full step 43.138 ms
[INFO   ] DREAMPlace - optimizer step 54.372 ms
[INFO   ] DREAMPlace - iteration  258, ( 258,  0,  0), Obj 5.437816E+07, DensityWeight 3.772672E-05, wHPWL 8.500088E+07, Overflow 5.386011E-01, MaxDensity 2.078E+01, gamma 1.591776E+02, time 3.290ms
[INFO   ] DREAMPlace - full step 64.868 ms
[INFO   ] DREAMPlace - optimizer step 99.489 ms
[INFO   ] DREAMPlace - iteration  259, ( 259,  0,  0), Obj 5.465734E+07, DensityWeight 3.937038E-05, wHPWL 8.503857E+07, Overflow 5.362305E-01, MaxDensity 2.009E+01, gamma 1.575086E+02, time 5.160ms
[INFO   ] DREAMPlace - full step 111.877 ms
[INFO   ] DREAMPlace - optimizer step 67.510 ms
[INFO   ] DREAMPlace - iteration  260, ( 260,  0,  0), Obj 5.493097E+07, DensityWeight 4.112228E-05, wHPWL 8.507336E+07, Overflow 5.337733E-01, MaxDensity 1.948E+01, gamma 1.556096E+02, time 3.320ms
[INFO   ] DREAMPlace - full step 78.055 ms
[INFO   ] DREAMPlace - optimizer step 51.362 ms
[INFO   ] DREAMPlace - iteration  261, ( 261,  0,  0), Obj 5.522386E+07, DensityWeight 4.296948E-05, wHPWL 8.510299E+07, Overflow 5.311927E-01, MaxDensity 1.961E+01, gamma 1.536653E+02, time 18.106ms
[INFO   ] DREAMPlace - full step 76.671 ms
[INFO   ] DREAMPlace - optimizer step 19.063 ms
[INFO   ] DREAMPlace - iteration  262, ( 262,  0,  0), Obj 5.552310E+07, DensityWeight 4.493197E-05, wHPWL 8.513362E+07, Overflow 5.286967E-01, MaxDensity 2.050E+01, gamma 1.516496E+02, time 3.456ms
[INFO   ] DREAMPlace - full step 29.677 ms
[INFO   ] DREAMPlace - optimizer step 77.697 ms
[INFO   ] DREAMPlace - iteration  263, ( 263,  0,  0), Obj 5.583592E+07, DensityWeight 4.697759E-05, wHPWL 8.516975E+07, Overflow 5.262283E-01, MaxDensity 1.898E+01, gamma 1.497251E+02, time 19.155ms
[INFO   ] DREAMPlace - full step 102.822 ms
[INFO   ] DREAMPlace - optimizer step 16.123 ms
[INFO   ] DREAMPlace - iteration  264, ( 264,  0,  0), Obj 5.615027E+07, DensityWeight 4.907862E-05, wHPWL 8.522130E+07, Overflow 5.235124E-01, MaxDensity 1.832E+01, gamma 1.478459E+02, time 5.192ms
[INFO   ] DREAMPlace - full step 28.421 ms
[INFO   ] DREAMPlace - optimizer step 23.345 ms
[INFO   ] DREAMPlace - iteration  265, ( 265,  0,  0), Obj 5.647126E+07, DensityWeight 5.116360E-05, wHPWL 8.528782E+07, Overflow 5.205010E-01, MaxDensity 1.909E+01, gamma 1.458055E+02, time 37.353ms
[INFO   ] DREAMPlace - full step 68.041 ms
[INFO   ] DREAMPlace - optimizer step 13.838 ms
[INFO   ] DREAMPlace - iteration  266, ( 266,  0,  0), Obj 5.681988E+07, DensityWeight 5.322586E-05, wHPWL 8.537757E+07, Overflow 5.172598E-01, MaxDensity 1.853E+01, gamma 1.435760E+02, time 5.187ms
[INFO   ] DREAMPlace - full step 26.252 ms
[INFO   ] DREAMPlace - optimizer step 25.188 ms
[INFO   ] DREAMPlace - iteration  267, ( 267,  0,  0), Obj 5.720367E+07, DensityWeight 5.519234E-05, wHPWL 8.548945E+07, Overflow 5.140079E-01, MaxDensity 1.711E+01, gamma 1.412145E+02, time 5.269ms
[INFO   ] DREAMPlace - full step 37.646 ms
[INFO   ] DREAMPlace - optimizer step 55.844 ms
[INFO   ] DREAMPlace - iteration  268, ( 268,  0,  0), Obj 5.761472E+07, DensityWeight 5.705513E-05, wHPWL 8.562209E+07, Overflow 5.105579E-01, MaxDensity 1.729E+01, gamma 1.388841E+02, time 3.553ms
[INFO   ] DREAMPlace - full step 64.683 ms
[INFO   ] DREAMPlace - optimizer step 93.875 ms
[INFO   ] DREAMPlace - iteration  269, ( 269,  0,  0), Obj 5.803298E+07, DensityWeight 5.881036E-05, wHPWL 8.575898E+07, Overflow 5.072757E-01, MaxDensity 1.698E+01, gamma 1.364540E+02, time 5.049ms
[INFO   ] DREAMPlace - full step 106.247 ms
[INFO   ] DREAMPlace - plotting to fix_obsspread_results/bigblue1/plot/iter0270.png takes 4.946 seconds
[INFO   ] DREAMPlace - optimizer step 57.198 ms
[INFO   ] DREAMPlace - iteration  270, ( 270,  0,  0), Obj 5.846526E+07, DensityWeight 6.058370E-05, wHPWL 8.589651E+07, Overflow 5.041208E-01, MaxDensity 1.584E+01, gamma 1.341814E+02, time 54.699ms
[INFO   ] DREAMPlace - full step 5068.208 ms
[INFO   ] DREAMPlace - optimizer step 29.846 ms
[INFO   ] DREAMPlace - iteration  271, ( 271,  0,  0), Obj 5.888430E+07, DensityWeight 6.240488E-05, wHPWL 8.602494E+07, Overflow 5.009638E-01, MaxDensity 1.564E+01, gamma 1.320327E+02, time 59.360ms
[INFO   ] DREAMPlace - full step 96.521 ms
[INFO   ] DREAMPlace - optimizer step 56.013 ms
[INFO   ] DREAMPlace - iteration  272, ( 272,  0,  0), Obj 5.928410E+07, DensityWeight 6.436244E-05, wHPWL 8.613906E+07, Overflow 4.987140E-01, MaxDensity 1.531E+01, gamma 1.299170E+02, time 5.245ms
[INFO   ] DREAMPlace - full step 68.508 ms
[INFO   ] DREAMPlace - optimizer step 59.441 ms
[INFO   ] DREAMPlace - iteration  273, ( 273,  0,  0), Obj 5.966982E+07, DensityWeight 6.651397E-05, wHPWL 8.622821E+07, Overflow 4.962676E-01, MaxDensity 1.507E+01, gamma 1.284299E+02, time 19.479ms
[INFO   ] DREAMPlace - full step 86.087 ms
[INFO   ] DREAMPlace - optimizer step 22.474 ms
[INFO   ] DREAMPlace - iteration  274, ( 274,  0,  0), Obj 5.997779E+07, DensityWeight 6.897716E-05, wHPWL 8.629731E+07, Overflow 4.943422E-01, MaxDensity 1.522E+01, gamma 1.268323E+02, time 5.212ms
[INFO   ] DREAMPlace - full step 34.894 ms
[INFO   ] DREAMPlace - optimizer step 24.402 ms
[INFO   ] DREAMPlace - iteration  275, ( 275,  0,  0), Obj 6.027732E+07, DensityWeight 7.173167E-05, wHPWL 8.633995E+07, Overflow 4.927114E-01, MaxDensity 1.480E+01, gamma 1.255889E+02, time 20.291ms
[INFO   ] DREAMPlace - full step 52.167 ms
[INFO   ] DREAMPlace - optimizer step 46.432 ms
[INFO   ] DREAMPlace - iteration  276, ( 276,  0,  0), Obj 6.053057E+07, DensityWeight 7.487188E-05, wHPWL 8.637382E+07, Overflow 4.910087E-01, MaxDensity 1.478E+01, gamma 1.245453E+02, time 86.268ms
[INFO   ] DREAMPlace - full step 140.167 ms
[INFO   ] DREAMPlace - optimizer step 22.345 ms
[INFO   ] DREAMPlace - iteration  277, ( 277,  0,  0), Obj 6.075404E+07, DensityWeight 7.824515E-05, wHPWL 8.640272E+07, Overflow 4.892544E-01, MaxDensity 1.439E+01, gamma 1.234649E+02, time 5.183ms
[INFO   ] DREAMPlace - full step 34.731 ms
[INFO   ] DREAMPlace - optimizer step 20.987 ms
[INFO   ] DREAMPlace - iteration  278, ( 278,  0,  0), Obj 6.097124E+07, DensityWeight 8.182712E-05, wHPWL 8.642818E+07, Overflow 4.872066E-01, MaxDensity 1.420E+01, gamma 1.223615E+02, time 6.821ms
[INFO   ] DREAMPlace - full step 34.783 ms
[INFO   ] DREAMPlace - optimizer step 47.569 ms
[INFO   ] DREAMPlace - iteration  279, ( 279,  0,  0), Obj 6.119289E+07, DensityWeight 8.561412E-05, wHPWL 8.646481E+07, Overflow 4.849589E-01, MaxDensity 1.303E+01, gamma 1.210861E+02, time 5.198ms
[INFO   ] DREAMPlace - full step 59.908 ms
[INFO   ] DREAMPlace - optimizer step 105.474 ms
[INFO   ] DREAMPlace - iteration  280, ( 280,  0,  0), Obj 6.143514E+07, DensityWeight 8.943694E-05, wHPWL 8.651526E+07, Overflow 4.824771E-01, MaxDensity 1.254E+01, gamma 1.197015E+02, time 88.313ms
[INFO   ] DREAMPlace - full step 200.908 ms
[INFO   ] DREAMPlace - optimizer step 57.308 ms
[INFO   ] DREAMPlace - iteration  281, ( 281,  0,  0), Obj 6.169756E+07, DensityWeight 9.325069E-05, wHPWL 8.658275E+07, Overflow 4.794063E-01, MaxDensity 1.273E+01, gamma 1.181910E+02, time 5.206ms
[INFO   ] DREAMPlace - full step 68.775 ms
[INFO   ] DREAMPlace - optimizer step 21.415 ms
[INFO   ] DREAMPlace - iteration  282, ( 282,  0,  0), Obj 6.197812E+07, DensityWeight 9.699628E-05, wHPWL 8.666097E+07, Overflow 4.764172E-01, MaxDensity 1.256E+01, gamma 1.163484E+02, time 21.030ms
[INFO   ] DREAMPlace - full step 49.695 ms
[INFO   ] DREAMPlace - optimizer step 22.519 ms
[INFO   ] DREAMPlace - iteration  283, ( 283,  0,  0), Obj 6.230298E+07, DensityWeight 1.007417E-04, wHPWL 8.675055E+07, Overflow 4.729423E-01, MaxDensity 1.220E+01, gamma 1.145824E+02, time 5.166ms
[INFO   ] DREAMPlace - full step 34.846 ms
[INFO   ] DREAMPlace - optimizer step 23.428 ms
[INFO   ] DREAMPlace - iteration  284, ( 284,  0,  0), Obj 6.262381E+07, DensityWeight 1.044660E-04, wHPWL 8.683922E+07, Overflow 4.698298E-01, MaxDensity 1.153E+01, gamma 1.125630E+02, time 65.736ms
[INFO   ] DREAMPlace - full step 96.369 ms
[INFO   ] DREAMPlace - optimizer step 22.337 ms
[INFO   ] DREAMPlace - iteration  285, ( 285,  0,  0), Obj 6.297080E+07, DensityWeight 1.083417E-04, wHPWL 8.691764E+07, Overflow 4.663766E-01, MaxDensity 1.100E+01, gamma 1.107845E+02, time 39.347ms
[INFO   ] DREAMPlace - full step 68.913 ms
[INFO   ] DREAMPlace - optimizer step 48.495 ms
[INFO   ] DREAMPlace - iteration  286, ( 286,  0,  0), Obj 6.328340E+07, DensityWeight 1.125221E-04, wHPWL 8.697186E+07, Overflow 4.632620E-01, MaxDensity 1.068E+01, gamma 1.088442E+02, time 13.820ms
[INFO   ] DREAMPlace - full step 69.501 ms
[INFO   ] DREAMPlace - optimizer step 37.128 ms
[INFO   ] DREAMPlace - iteration  287, ( 287,  0,  0), Obj 6.360432E+07, DensityWeight 1.172586E-04, wHPWL 8.700313E+07, Overflow 4.602003E-01, MaxDensity 1.052E+01, gamma 1.071233E+02, time 75.241ms
[INFO   ] DREAMPlace - full step 119.554 ms
[INFO   ] DREAMPlace - optimizer step 46.199 ms
[INFO   ] DREAMPlace - iteration  288, ( 288,  0,  0), Obj 6.389065E+07, DensityWeight 1.225860E-04, wHPWL 8.701051E+07, Overflow 4.572986E-01, MaxDensity 1.165E+01, gamma 1.054582E+02, time 5.185ms
[INFO   ] DREAMPlace - full step 58.642 ms
[INFO   ] DREAMPlace - optimizer step 22.484 ms
[INFO   ] DREAMPlace - iteration  289, ( 289,  0,  0), Obj 6.416435E+07, DensityWeight 1.285828E-04, wHPWL 8.700376E+07, Overflow 4.541537E-01, MaxDensity 1.208E+01, gamma 1.039040E+02, time 5.183ms
[INFO   ] DREAMPlace - full step 34.953 ms
[INFO   ] DREAMPlace - optimizer step 21.285 ms
[INFO   ] DREAMPlace - iteration  290, ( 290,  0,  0), Obj 6.441912E+07, DensityWeight 1.323117E-04, wHPWL 8.698704E+07, Overflow 4.510306E-01, MaxDensity 1.107E+01, gamma 1.022453E+02, time 15.077ms
[INFO   ] DREAMPlace - full step 43.651 ms
[INFO   ] DREAMPlace - optimizer step 22.421 ms
[INFO   ] DREAMPlace - iteration  291, ( 291,  0,  0), Obj 6.469150E+07, DensityWeight 1.361488E-04, wHPWL 8.697770E+07, Overflow 4.477216E-01, MaxDensity 9.881E+00, gamma 1.006244E+02, time 36.734ms
[INFO   ] DREAMPlace - full step 66.265 ms
[INFO   ] DREAMPlace - optimizer step 69.822 ms
[INFO   ] DREAMPlace - iteration  292, ( 292,  0,  0), Obj 6.496235E+07, DensityWeight 1.400971E-04, wHPWL 8.697339E+07, Overflow 4.448229E-01, MaxDensity 1.099E+01, gamma 9.893499E+01, time 5.178ms
[INFO   ] DREAMPlace - full step 82.209 ms
[INFO   ] DREAMPlace - optimizer step 55.708 ms
[INFO   ] DREAMPlace - iteration  293, ( 293,  0,  0), Obj 6.524528E+07, DensityWeight 1.441599E-04, wHPWL 8.697058E+07, Overflow 4.418410E-01, MaxDensity 1.216E+01, gamma 9.747837E+01, time 5.232ms
[INFO   ] DREAMPlace - full step 66.623 ms
[INFO   ] DREAMPlace - optimizer step 24.126 ms
[INFO   ] DREAMPlace - iteration  294, ( 294,  0,  0), Obj 6.550121E+07, DensityWeight 1.483406E-04, wHPWL 8.697166E+07, Overflow 4.394378E-01, MaxDensity 1.170E+01, gamma 9.600237E+01, time 20.692ms
[INFO   ] DREAMPlace - full step 84.190 ms
[INFO   ] DREAMPlace - optimizer step 22.538 ms
[INFO   ] DREAMPlace - iteration  295, ( 295,  0,  0), Obj 6.576143E+07, DensityWeight 1.557342E-04, wHPWL 8.697629E+07, Overflow 4.368299E-01, MaxDensity 1.131E+01, gamma 9.482906E+01, time 5.153ms
[INFO   ] DREAMPlace - full step 34.973 ms
[INFO   ] DREAMPlace - optimizer step 22.475 ms
[INFO   ] DREAMPlace - iteration  296, ( 296,  0,  0), Obj 6.598486E+07, DensityWeight 1.634153E-04, wHPWL 8.698866E+07, Overflow 4.347281E-01, MaxDensity 9.755E+00, gamma 9.357204E+01, time 45.531ms
[INFO   ] DREAMPlace - full step 75.226 ms
[INFO   ] DREAMPlace - optimizer step 54.278 ms
[INFO   ] DREAMPlace - iteration  297, ( 297,  0,  0), Obj 6.622001E+07, DensityWeight 1.712903E-04, wHPWL 8.700822E+07, Overflow 4.321567E-01, MaxDensity 1.055E+01, gamma 9.257108E+01, time 5.180ms
[INFO   ] DREAMPlace - full step 66.694 ms
[INFO   ] DREAMPlace - optimizer step 53.565 ms
[INFO   ] DREAMPlace - iteration  298, ( 298,  0,  0), Obj 6.642862E+07, DensityWeight 1.793652E-04, wHPWL 8.704346E+07, Overflow 4.295355E-01, MaxDensity 1.147E+01, gamma 9.136105E+01, time 45.960ms
[INFO   ] DREAMPlace - full step 106.934 ms
[INFO   ] DREAMPlace - optimizer step 45.313 ms
[INFO   ] DREAMPlace - iteration  299, ( 299,  0,  0), Obj 6.666494E+07, DensityWeight 1.874106E-04, wHPWL 8.708524E+07, Overflow 4.264615E-01, MaxDensity 1.187E+01, gamma 9.014389E+01, time 16.719ms
[INFO   ] DREAMPlace - full step 69.248 ms
[INFO   ] DREAMPlace - optimizer step 22.394 ms
[INFO   ] DREAMPlace - iteration  300, ( 300,  0,  0), Obj 6.690568E+07, DensityWeight 1.956383E-04, wHPWL 8.713409E+07, Overflow 4.233821E-01, MaxDensity 1.173E+01, gamma 8.873711E+01, time 5.322ms
[INFO   ] DREAMPlace - full step 34.906 ms
[INFO   ] DREAMPlace - optimizer step 27.078 ms
[INFO   ] DREAMPlace - iteration  301, ( 301,  0,  0), Obj 6.717348E+07, DensityWeight 2.040261E-04, wHPWL 8.718104E+07, Overflow 4.195992E-01, MaxDensity 1.109E+01, gamma 8.734982E+01, time 5.240ms
[INFO   ] DREAMPlace - full step 39.416 ms
[INFO   ] DREAMPlace - optimizer step 48.141 ms
[INFO   ] DREAMPlace - iteration  302, ( 302,  0,  0), Obj 6.744242E+07, DensityWeight 2.128298E-04, wHPWL 8.722573E+07, Overflow 4.158105E-01, MaxDensity 1.096E+01, gamma 8.567530E+01, time 9.043ms
[INFO   ] DREAMPlace - full step 64.243 ms
[INFO   ] DREAMPlace - optimizer step 22.247 ms
[INFO   ] DREAMPlace - iteration  303, ( 303,  0,  0), Obj 6.775318E+07, DensityWeight 2.220835E-04, wHPWL 8.726632E+07, Overflow 4.115822E-01, MaxDensity 1.096E+01, gamma 8.403036E+01, time 5.104ms
[INFO   ] DREAMPlace - full step 34.479 ms
[INFO   ] DREAMPlace - optimizer step 21.653 ms
[INFO   ] DREAMPlace - iteration  304, ( 304,  0,  0), Obj 6.807078E+07, DensityWeight 2.318719E-04, wHPWL 8.730938E+07, Overflow 4.079146E-01, MaxDensity 1.065E+01, gamma 8.223185E+01, time 16.356ms
[INFO   ] DREAMPlace - full step 45.289 ms
[INFO   ] DREAMPlace - optimizer step 45.207 ms
[INFO   ] DREAMPlace - iteration  305, ( 305,  0,  0), Obj 6.841861E+07, DensityWeight 2.420086E-04, wHPWL 8.735457E+07, Overflow 4.038270E-01, MaxDensity 1.010E+01, gamma 8.070305E+01, time 5.108ms
[INFO   ] DREAMPlace - full step 57.405 ms
[INFO   ] DREAMPlace - optimizer step 65.594 ms
[INFO   ] DREAMPlace - iteration  306, ( 306,  0,  0), Obj 6.873988E+07, DensityWeight 2.525132E-04, wHPWL 8.740106E+07, Overflow 4.000002E-01, MaxDensity 1.005E+01, gamma 7.903259E+01, time 23.432ms
[INFO   ] DREAMPlace - full step 96.213 ms
[INFO   ] DREAMPlace - optimizer step 22.185 ms
[INFO   ] DREAMPlace - iteration  307, ( 307,  0,  0), Obj 6.908515E+07, DensityWeight 2.634262E-04, wHPWL 8.744838E+07, Overflow 3.958521E-01, MaxDensity 1.039E+01, gamma 7.750013E+01, time 5.101ms
[INFO   ] DREAMPlace - full step 34.431 ms
[INFO   ] DREAMPlace - optimizer step 24.395 ms
[INFO   ] DREAMPlace - iteration  308, ( 308,  0,  0), Obj 6.941974E+07, DensityWeight 2.747786E-04, wHPWL 8.749781E+07, Overflow 3.918812E-01, MaxDensity 1.051E+01, gamma 7.587250E+01, time 18.141ms
[INFO   ] DREAMPlace - full step 49.643 ms
[INFO   ] DREAMPlace - optimizer step 22.194 ms
[INFO   ] DREAMPlace - iteration  309, ( 309,  0,  0), Obj 6.977294E+07, DensityWeight 2.865366E-04, wHPWL 8.755054E+07, Overflow 3.881887E-01, MaxDensity 1.041E+01, gamma 7.434642E+01, time 26.128ms
[INFO   ] DREAMPlace - full step 55.322 ms
[INFO   ] DREAMPlace - optimizer step 46.841 ms
[INFO   ] DREAMPlace - iteration  310, ( 310,  0,  0), Obj 7.011545E+07, DensityWeight 2.986597E-04, wHPWL 8.759878E+07, Overflow 3.842838E-01, MaxDensity 1.040E+01, gamma 7.295493E+01, time 18.475ms
[INFO   ] DREAMPlace - full step 72.517 ms
[INFO   ] DREAMPlace - optimizer step 24.478 ms
[INFO   ] DREAMPlace - iteration  311, ( 311,  0,  0), Obj 7.044064E+07, DensityWeight 3.114912E-04, wHPWL 8.764795E+07, Overflow 3.802596E-01, MaxDensity 1.052E+01, gamma 7.151169E+01, time 4.874ms
[INFO   ] DREAMPlace - full step 40.946 ms
[INFO   ] DREAMPlace - optimizer step 21.757 ms
[INFO   ] DREAMPlace - iteration  312, ( 312,  0,  0), Obj 7.077377E+07, DensityWeight 3.248313E-04, wHPWL 8.769557E+07, Overflow 3.770047E-01, MaxDensity 1.027E+01, gamma 7.005421E+01, time 14.218ms
[INFO   ] DREAMPlace - full step 43.057 ms
[INFO   ] DREAMPlace - optimizer step 53.905 ms
[INFO   ] DREAMPlace - iteration  313, ( 313,  0,  0), Obj 7.111670E+07, DensityWeight 3.388165E-04, wHPWL 8.775552E+07, Overflow 3.735686E-01, MaxDensity 9.647E+00, gamma 6.889713E+01, time 5.130ms
[INFO   ] DREAMPlace - full step 66.157 ms
[INFO   ] DREAMPlace - optimizer step 49.118 ms
[INFO   ] DREAMPlace - iteration  314, ( 314,  0,  0), Obj 7.141666E+07, DensityWeight 3.527964E-04, wHPWL 8.781309E+07, Overflow 3.702426E-01, MaxDensity 9.401E+00, gamma 6.769638E+01, time 14.387ms
[INFO   ] DREAMPlace - full step 70.623 ms
[INFO   ] DREAMPlace - plotting to fix_obsspread_results/bigblue1/plot/iter0315.png takes 4.633 seconds
[INFO   ] DREAMPlace - optimizer step 29.460 ms
[INFO   ] DREAMPlace - iteration  315, ( 315,  0,  0), Obj 7.171418E+07, DensityWeight 3.674754E-04, wHPWL 8.786781E+07, Overflow 3.664742E-01, MaxDensity 9.995E+00, gamma 6.655402E+01, time 5.121ms
[INFO   ] DREAMPlace - full step 4684.642 ms
[INFO   ] DREAMPlace - optimizer step 22.190 ms
[INFO   ] DREAMPlace - iteration  316, ( 316,  0,  0), Obj 7.199870E+07, DensityWeight 3.829171E-04, wHPWL 8.791492E+07, Overflow 3.633304E-01, MaxDensity 1.034E+01, gamma 6.528300E+01, time 4.967ms
[INFO   ] DREAMPlace - full step 34.303 ms
[INFO   ] DREAMPlace - optimizer step 45.324 ms
[INFO   ] DREAMPlace - iteration  317, ( 317,  0,  0), Obj 7.229918E+07, DensityWeight 3.994310E-04, wHPWL 8.796528E+07, Overflow 3.598824E-01, MaxDensity 1.003E+01, gamma 6.424123E+01, time 5.128ms
[INFO   ] DREAMPlace - full step 57.513 ms
[INFO   ] DREAMPlace - optimizer step 57.765 ms
[INFO   ] DREAMPlace - iteration  318, ( 318,  0,  0), Obj 7.255853E+07, DensityWeight 4.164685E-04, wHPWL 8.800030E+07, Overflow 3.567672E-01, MaxDensity 8.875E+00, gamma 6.311776E+01, time 18.417ms
[INFO   ] DREAMPlace - full step 83.310 ms
[INFO   ] DREAMPlace - optimizer step 23.601 ms
[INFO   ] DREAMPlace - iteration  319, ( 319,  0,  0), Obj 7.281683E+07, DensityWeight 4.351621E-04, wHPWL 8.802578E+07, Overflow 3.534673E-01, MaxDensity 9.043E+00, gamma 6.211964E+01, time 12.632ms
[INFO   ] DREAMPlace - full step 74.904 ms
[INFO   ] DREAMPlace - optimizer step 53.204 ms
[INFO   ] DREAMPlace - iteration  320, ( 320,  0,  0), Obj 7.305098E+07, DensityWeight 4.553007E-04, wHPWL 8.804067E+07, Overflow 3.503765E-01, MaxDensity 9.526E+00, gamma 6.107954E+01, time 89.719ms
[INFO   ] DREAMPlace - full step 150.170 ms
[INFO   ] DREAMPlace - optimizer step 22.165 ms
[INFO   ] DREAMPlace - iteration  321, ( 321,  0,  0), Obj 7.328831E+07, DensityWeight 4.770740E-04, wHPWL 8.806016E+07, Overflow 3.468756E-01, MaxDensity 8.762E+00, gamma 6.012118E+01, time 5.125ms
[INFO   ] DREAMPlace - full step 34.441 ms
[INFO   ] DREAMPlace - optimizer step 42.402 ms
[INFO   ] DREAMPlace - iteration  322, ( 322,  0,  0), Obj 7.351218E+07, DensityWeight 4.995687E-04, wHPWL 8.807645E+07, Overflow 3.435164E-01, MaxDensity 9.287E+00, gamma 5.905377E+01, time 21.202ms
[INFO   ] DREAMPlace - full step 70.925 ms
[INFO   ] DREAMPlace - optimizer step 24.240 ms
[INFO   ] DREAMPlace - iteration  323, ( 323,  0,  0), Obj 7.375105E+07, DensityWeight 5.233575E-04, wHPWL 8.809758E+07, Overflow 3.396050E-01, MaxDensity 9.081E+00, gamma 5.804739E+01, time 5.169ms
[INFO   ] DREAMPlace - full step 36.548 ms
[INFO   ] DREAMPlace - optimizer step 68.035 ms
[INFO   ] DREAMPlace - iteration  324, ( 324,  0,  0), Obj 7.398161E+07, DensityWeight 5.479087E-04, wHPWL 8.811496E+07, Overflow 3.357221E-01, MaxDensity 8.138E+00, gamma 5.689718E+01, time 19.492ms
[INFO   ] DREAMPlace - full step 93.893 ms
[INFO   ] DREAMPlace - optimizer step 24.512 ms
[INFO   ] DREAMPlace - iteration  325, ( 325,  0,  0), Obj 7.423334E+07, DensityWeight 5.739122E-04, wHPWL 8.813326E+07, Overflow 3.315864E-01, MaxDensity 8.166E+00, gamma 5.577788E+01, time 5.139ms
[INFO   ] DREAMPlace - full step 36.927 ms
[INFO   ] DREAMPlace - optimizer step 26.230 ms
[INFO   ] DREAMPlace - iteration  326, ( 326,  0,  0), Obj 7.448153E+07, DensityWeight 6.010721E-04, wHPWL 8.814466E+07, Overflow 3.279708E-01, MaxDensity 8.598E+00, gamma 5.460993E+01, time 24.625ms
[INFO   ] DREAMPlace - full step 57.945 ms
[INFO   ] DREAMPlace - optimizer step 32.765 ms
[INFO   ] DREAMPlace - iteration  327, ( 327,  0,  0), Obj 7.473557E+07, DensityWeight 6.301242E-04, wHPWL 8.815176E+07, Overflow 3.239927E-01, MaxDensity 8.310E+00, gamma 5.360891E+01, time 5.244ms
[INFO   ] DREAMPlace - full step 45.139 ms
[INFO   ] DREAMPlace - optimizer step 22.170 ms
[INFO   ] DREAMPlace - iteration  328, ( 328,  0,  0), Obj 7.496184E+07, DensityWeight 6.609756E-04, wHPWL 8.814958E+07, Overflow 3.207572E-01, MaxDensity 7.906E+00, gamma 5.252872E+01, time 36.883ms
[INFO   ] DREAMPlace - full step 66.237 ms
[INFO   ] DREAMPlace - optimizer step 53.892 ms
[INFO   ] DREAMPlace - iteration  329, ( 329,  0,  0), Obj 7.519822E+07, DensityWeight 6.801439E-04, wHPWL 8.814830E+07, Overflow 3.171833E-01, MaxDensity 8.510E+00, gamma 5.166623E+01, time 5.149ms
[INFO   ] DREAMPlace - full step 66.182 ms
[INFO   ] DREAMPlace - optimizer step 26.560 ms
[INFO   ] DREAMPlace - iteration  330, ( 330,  0,  0), Obj 7.540670E+07, DensityWeight 6.998681E-04, wHPWL 8.815246E+07, Overflow 3.138275E-01, MaxDensity 8.441E+00, gamma 5.072998E+01, time 5.205ms
[INFO   ] DREAMPlace - full step 38.932 ms
[INFO   ] DREAMPlace - optimizer step 22.122 ms
[INFO   ] DREAMPlace - iteration  331, ( 331,  0,  0), Obj 7.562274E+07, DensityWeight 7.344354E-04, wHPWL 8.815852E+07, Overflow 3.105531E-01, MaxDensity 7.785E+00, gamma 4.986633E+01, time 5.121ms
[INFO   ] DREAMPlace - full step 34.402 ms
[INFO   ] DREAMPlace - optimizer step 21.810 ms
[INFO   ] DREAMPlace - iteration  332, ( 332,  0,  0), Obj 7.582370E+07, DensityWeight 7.705064E-04, wHPWL 8.815747E+07, Overflow 3.079669E-01, MaxDensity 7.045E+00, gamma 4.903781E+01, time 45.486ms
[INFO   ] DREAMPlace - full step 74.664 ms
[INFO   ] DREAMPlace - optimizer step 22.237 ms
[INFO   ] DREAMPlace - iteration  333, ( 333,  0,  0), Obj 7.601657E+07, DensityWeight 7.928511E-04, wHPWL 8.816008E+07, Overflow 3.048395E-01, MaxDensity 7.502E+00, gamma 4.839316E+01, time 5.134ms
[INFO   ] DREAMPlace - full step 34.517 ms
[INFO   ] DREAMPlace - optimizer step 32.810 ms
[INFO   ] DREAMPlace - iteration  334, ( 334,  0,  0), Obj 7.618077E+07, DensityWeight 8.321911E-04, wHPWL 8.816466E+07, Overflow 3.015675E-01, MaxDensity 7.242E+00, gamma 4.762490E+01, time 18.186ms
[INFO   ] DREAMPlace - full step 58.105 ms
[INFO   ] DREAMPlace - optimizer step 29.212 ms
[INFO   ] DREAMPlace - iteration  335, ( 335,  0,  0), Obj 7.635978E+07, DensityWeight 8.732424E-04, wHPWL 8.817136E+07, Overflow 2.984800E-01, MaxDensity 6.560E+00, gamma 4.683418E+01, time 19.541ms
[INFO   ] DREAMPlace - full step 56.030 ms
[INFO   ] DREAMPlace - optimizer step 22.080 ms
[INFO   ] DREAMPlace - iteration  336, ( 336,  0,  0), Obj 7.654520E+07, DensityWeight 9.160491E-04, wHPWL 8.817950E+07, Overflow 2.955136E-01, MaxDensity 6.919E+00, gamma 4.610011E+01, time 5.145ms
[INFO   ] DREAMPlace - full step 34.404 ms
[INFO   ] DREAMPlace - optimizer step 21.966 ms
[INFO   ] DREAMPlace - iteration  337, ( 337,  0,  0), Obj 7.672226E+07, DensityWeight 9.607601E-04, wHPWL 8.819160E+07, Overflow 2.922909E-01, MaxDensity 7.101E+00, gamma 4.540565E+01, time 39.180ms
[INFO   ] DREAMPlace - full step 68.297 ms
[INFO   ] DREAMPlace - optimizer step 22.161 ms
[INFO   ] DREAMPlace - iteration  338, ( 338,  0,  0), Obj 7.689197E+07, DensityWeight 1.007098E-03, wHPWL 8.820047E+07, Overflow 2.890953E-01, MaxDensity 6.545E+00, gamma 4.466304E+01, time 5.073ms
[INFO   ] DREAMPlace - full step 57.577 ms
[INFO   ] DREAMPlace - optimizer step 32.711 ms
[INFO   ] DREAMPlace - iteration  339, ( 339,  0,  0), Obj 7.707147E+07, DensityWeight 1.056146E-03, wHPWL 8.821675E+07, Overflow 2.855154E-01, MaxDensity 6.705E+00, gamma 4.393869E+01, time 5.112ms
[INFO   ] DREAMPlace - full step 44.949 ms
[INFO   ] DREAMPlace - optimizer step 22.207 ms
[INFO   ] DREAMPlace - iteration  340, ( 340,  0,  0), Obj 7.725307E+07, DensityWeight 1.106440E-03, wHPWL 8.823502E+07, Overflow 2.815697E-01, MaxDensity 7.007E+00, gamma 4.314113E+01, time 4.433ms
[INFO   ] DREAMPlace - full step 55.499 ms
[INFO   ] DREAMPlace - optimizer step 46.566 ms
[INFO   ] DREAMPlace - iteration  341, ( 341,  0,  0), Obj 7.744775E+07, DensityWeight 1.158806E-03, wHPWL 8.825777E+07, Overflow 2.775969E-01, MaxDensity 6.925E+00, gamma 4.227888E+01, time 5.145ms
[INFO   ] DREAMPlace - full step 57.481 ms
[INFO   ] DREAMPlace - optimizer step 92.131 ms
[INFO   ] DREAMPlace - iteration  342, ( 342,  0,  0), Obj 7.765418E+07, DensityWeight 1.212895E-03, wHPWL 8.827442E+07, Overflow 2.737869E-01, MaxDensity 6.444E+00, gamma 4.142810E+01, time 5.127ms
[INFO   ] DREAMPlace - full step 104.354 ms
[INFO   ] DREAMPlace - optimizer step 62.323 ms
[INFO   ] DREAMPlace - iteration  343, ( 343,  0,  0), Obj 7.785882E+07, DensityWeight 1.270586E-03, wHPWL 8.829035E+07, Overflow 2.700748E-01, MaxDensity 6.878E+00, gamma 4.062826E+01, time 5.121ms
[INFO   ] DREAMPlace - full step 74.506 ms
[INFO   ] DREAMPlace - optimizer step 22.195 ms
[INFO   ] DREAMPlace - iteration  344, ( 344,  0,  0), Obj 7.805217E+07, DensityWeight 1.331156E-03, wHPWL 8.829837E+07, Overflow 2.664092E-01, MaxDensity 6.416E+00, gamma 3.986383E+01, time 5.175ms
[INFO   ] DREAMPlace - full step 34.509 ms
[INFO   ] DREAMPlace - optimizer step 24.533 ms
[INFO   ] DREAMPlace - iteration  345, ( 345,  0,  0), Obj 7.823733E+07, DensityWeight 1.396153E-03, wHPWL 8.830615E+07, Overflow 2.629941E-01, MaxDensity 6.468E+00, gamma 3.912312E+01, time 5.121ms
[INFO   ] DREAMPlace - full step 36.713 ms
[INFO   ] DREAMPlace - optimizer step 6.154 ms
[INFO   ] DREAMPlace - iteration  346, ( 346,  0,  0), Obj 7.841818E+07, DensityWeight 1.464371E-03, wHPWL 8.831371E+07, Overflow 2.595425E-01, MaxDensity 6.488E+00, gamma 3.844540E+01, time 0.933ms
[INFO   ] DREAMPlace - full step 8.276 ms
[INFO   ] DREAMPlace - optimizer step 2.714 ms
[INFO   ] DREAMPlace - iteration  347, ( 347,  0,  0), Obj 7.858778E+07, DensityWeight 1.535970E-03, wHPWL 8.832412E+07, Overflow 2.562805E-01, MaxDensity 6.882E+00, gamma 3.777235E+01, time 0.846ms
[INFO   ] DREAMPlace - full step 4.162 ms
[INFO   ] DREAMPlace - optimizer step 2.412 ms
[INFO   ] DREAMPlace - iteration  348, ( 348,  0,  0), Obj 7.875238E+07, DensityWeight 1.610430E-03, wHPWL 8.833093E+07, Overflow 2.530061E-01, MaxDensity 6.900E+00, gamma 3.714712E+01, time 0.762ms
[INFO   ] DREAMPlace - full step 3.646 ms
[INFO   ] DREAMPlace - optimizer step 2.253 ms
[INFO   ] DREAMPlace - iteration  349, ( 349,  0,  0), Obj 7.890595E+07, DensityWeight 1.689347E-03, wHPWL 8.833688E+07, Overflow 2.496107E-01, MaxDensity 6.055E+00, gamma 3.652992E+01, time 0.703ms
[INFO   ] DREAMPlace - full step 3.421 ms
[INFO   ] DREAMPlace - optimizer step 2.418 ms
[INFO   ] DREAMPlace - iteration  350, ( 350,  0,  0), Obj 7.905408E+07, DensityWeight 1.772344E-03, wHPWL 8.833941E+07, Overflow 2.465017E-01, MaxDensity 5.684E+00, gamma 3.590074E+01, time 0.726ms
[INFO   ] DREAMPlace - full step 3.726 ms
[INFO   ] DREAMPlace - optimizer step 2.503 ms
[INFO   ] DREAMPlace - iteration  351, ( 351,  0,  0), Obj 7.920247E+07, DensityWeight 1.860305E-03, wHPWL 8.834099E+07, Overflow 2.433924E-01, MaxDensity 5.406E+00, gamma 3.533414E+01, time 0.984ms
[INFO   ] DREAMPlace - full step 4.216 ms
[INFO   ] DREAMPlace - optimizer step 4.751 ms
[INFO   ] DREAMPlace - iteration  352, ( 352,  0,  0), Obj 7.933901E+07, DensityWeight 1.952889E-03, wHPWL 8.834105E+07, Overflow 2.399188E-01, MaxDensity 5.171E+00, gamma 3.477642E+01, time 2.066ms
[INFO   ] DREAMPlace - full step 18.283 ms
[INFO   ] DREAMPlace - optimizer step 3.150 ms
[INFO   ] DREAMPlace - iteration  353, ( 353,  0,  0), Obj 7.947174E+07, DensityWeight 2.050517E-03, wHPWL 8.834119E+07, Overflow 2.364022E-01, MaxDensity 5.109E+00, gamma 3.416377E+01, time 0.832ms
[INFO   ] DREAMPlace - full step 4.566 ms
[INFO   ] DREAMPlace - optimizer step 3.135 ms
[INFO   ] DREAMPlace - iteration  354, ( 354,  0,  0), Obj 7.961526E+07, DensityWeight 2.153000E-03, wHPWL 8.834226E+07, Overflow 2.326652E-01, MaxDensity 5.137E+00, gamma 3.355452E+01, time 1.062ms
[INFO   ] DREAMPlace - full step 5.013 ms
[INFO   ] DREAMPlace - optimizer step 2.515 ms
[INFO   ] DREAMPlace - iteration  355, ( 355,  0,  0), Obj 7.976079E+07, DensityWeight 2.260314E-03, wHPWL 8.834810E+07, Overflow 2.288544E-01, MaxDensity 5.352E+00, gamma 3.291901E+01, time 0.821ms
[INFO   ] DREAMPlace - full step 3.885 ms
[INFO   ] DREAMPlace - optimizer step 2.666 ms
[INFO   ] DREAMPlace - iteration  356, ( 356,  0,  0), Obj 7.990872E+07, DensityWeight 2.371398E-03, wHPWL 8.834770E+07, Overflow 2.256781E-01, MaxDensity 4.948E+00, gamma 3.228333E+01, time 0.780ms
[INFO   ] DREAMPlace - full step 3.971 ms
[INFO   ] DREAMPlace - optimizer step 5.049 ms
[INFO   ] DREAMPlace - iteration  357, ( 357,  0,  0), Obj 8.005447E+07, DensityWeight 2.440169E-03, wHPWL 8.834539E+07, Overflow 2.224360E-01, MaxDensity 5.093E+00, gamma 3.176287E+01, time 1.491ms
[INFO   ] DREAMPlace - full step 7.439 ms
[INFO   ] DREAMPlace - optimizer step 2.533 ms
[INFO   ] DREAMPlace - iteration  358, ( 358,  0,  0), Obj 8.017791E+07, DensityWeight 2.510934E-03, wHPWL 8.833854E+07, Overflow 2.196274E-01, MaxDensity 4.802E+00, gamma 3.124030E+01, time 0.748ms
[INFO   ] DREAMPlace - full step 3.810 ms
[INFO   ] DREAMPlace - optimizer step 2.516 ms
[INFO   ] DREAMPlace - iteration  359, ( 359,  0,  0), Obj 8.029157E+07, DensityWeight 2.583751E-03, wHPWL 8.832426E+07, Overflow 2.170685E-01, MaxDensity 4.639E+00, gamma 3.079455E+01, time 0.787ms
[INFO   ] DREAMPlace - full step 3.809 ms
[INFO   ] DREAMPlace - plotting to fix_obsspread_results/bigblue1/plot/iter0360.png takes 4.618 seconds
[INFO   ] DREAMPlace - optimizer step 39.668 ms
[INFO   ] DREAMPlace - iteration  360, ( 360,  0,  0), Obj 8.038421E+07, DensityWeight 2.658680E-03, wHPWL 8.830026E+07, Overflow 2.156934E-01, MaxDensity 4.544E+00, gamma 3.039397E+01, time 0.755ms
[INFO   ] DREAMPlace - full step 4660.746 ms
[INFO   ] DREAMPlace - optimizer step 2.923 ms
[INFO   ] DREAMPlace - iteration  361, ( 361,  0,  0), Obj 8.046038E+07, DensityWeight 2.735782E-03, wHPWL 8.827269E+07, Overflow 2.141860E-01, MaxDensity 4.762E+00, gamma 3.018085E+01, time 0.900ms
[INFO   ] DREAMPlace - full step 4.664 ms
[INFO   ] DREAMPlace - optimizer step 8.542 ms
[INFO   ] DREAMPlace - iteration  362, ( 362,  0,  0), Obj 8.049936E+07, DensityWeight 2.815120E-03, wHPWL 8.824374E+07, Overflow 2.128889E-01, MaxDensity 4.597E+00, gamma 2.994897E+01, time 0.872ms
[INFO   ] DREAMPlace - full step 9.959 ms
[INFO   ] DREAMPlace - optimizer step 4.116 ms
[INFO   ] DREAMPlace - iteration  363, ( 363,  0,  0), Obj 8.053714E+07, DensityWeight 2.896758E-03, wHPWL 8.822006E+07, Overflow 2.112142E-01, MaxDensity 4.488E+00, gamma 2.975086E+01, time 0.946ms
[INFO   ] DREAMPlace - full step 5.637 ms
[INFO   ] DREAMPlace - optimizer step 8.679 ms
[INFO   ] DREAMPlace - iteration  364, ( 364,  0,  0), Obj 8.057390E+07, DensityWeight 2.980764E-03, wHPWL 8.820422E+07, Overflow 2.097646E-01, MaxDensity 4.699E+00, gamma 2.949700E+01, time 0.814ms
[INFO   ] DREAMPlace - full step 10.011 ms
[INFO   ] DREAMPlace - optimizer step 6.595 ms
[INFO   ] DREAMPlace - iteration  365, ( 365,  0,  0), Obj 8.062278E+07, DensityWeight 3.067207E-03, wHPWL 8.819694E+07, Overflow 2.078876E-01, MaxDensity 4.681E+00, gamma 2.927901E+01, time 0.802ms
[INFO   ] DREAMPlace - full step 7.923 ms
[INFO   ] DREAMPlace - optimizer step 59.354 ms
[INFO   ] DREAMPlace - iteration  366, ( 366,  0,  0), Obj 8.066645E+07, DensityWeight 3.156156E-03, wHPWL 8.818803E+07, Overflow 2.060878E-01, MaxDensity 4.477E+00, gamma 2.899916E+01, time 1.425ms
[INFO   ] DREAMPlace - full step 61.475 ms
[INFO   ] DREAMPlace - optimizer step 3.717 ms
[INFO   ] DREAMPlace - iteration  367, ( 367,  0,  0), Obj 8.071983E+07, DensityWeight 3.247685E-03, wHPWL 8.817909E+07, Overflow 2.039274E-01, MaxDensity 4.549E+00, gamma 2.873332E+01, time 1.041ms
[INFO   ] DREAMPlace - full step 5.605 ms
[INFO   ] DREAMPlace - optimizer step 3.858 ms
[INFO   ] DREAMPlace - iteration  368, ( 368,  0,  0), Obj 8.077467E+07, DensityWeight 3.341868E-03, wHPWL 8.817089E+07, Overflow 2.018048E-01, MaxDensity 4.456E+00, gamma 2.841745E+01, time 0.979ms
[INFO   ] DREAMPlace - full step 5.494 ms
[INFO   ] DREAMPlace - optimizer step 3.019 ms
[INFO   ] DREAMPlace - iteration  369, ( 369,  0,  0), Obj 8.084035E+07, DensityWeight 3.438782E-03, wHPWL 8.816486E+07, Overflow 1.996490E-01, MaxDensity 4.523E+00, gamma 2.811047E+01, time 0.907ms
[INFO   ] DREAMPlace - full step 4.556 ms
[INFO   ] DREAMPlace - optimizer step 2.597 ms
[INFO   ] DREAMPlace - iteration  370, ( 370,  0,  0), Obj 8.090712E+07, DensityWeight 3.538507E-03, wHPWL 8.815739E+07, Overflow 1.976717E-01, MaxDensity 4.478E+00, gamma 2.780209E+01, time 0.827ms
[INFO   ] DREAMPlace - full step 3.955 ms
[INFO   ] DREAMPlace - optimizer step 6.862 ms
[INFO   ] DREAMPlace - iteration  371, ( 371,  0,  0), Obj 8.097343E+07, DensityWeight 3.641124E-03, wHPWL 8.814933E+07, Overflow 1.957453E-01, MaxDensity 4.382E+00, gamma 2.752221E+01, time 21.355ms
[INFO   ] DREAMPlace - full step 28.897 ms
[INFO   ] DREAMPlace - optimizer step 5.921 ms
[INFO   ] DREAMPlace - iteration  372, ( 372,  0,  0), Obj 8.103550E+07, DensityWeight 3.746717E-03, wHPWL 8.814045E+07, Overflow 1.939911E-01, MaxDensity 4.253E+00, gamma 2.725227E+01, time 0.854ms
[INFO   ] DREAMPlace - full step 7.342 ms
[INFO   ] DREAMPlace - optimizer step 5.223 ms
[INFO   ] DREAMPlace - iteration  373, ( 373,  0,  0), Obj 8.109525E+07, DensityWeight 3.855371E-03, wHPWL 8.813363E+07, Overflow 1.922195E-01, MaxDensity 4.185E+00, gamma 2.700875E+01, time 0.928ms
[INFO   ] DREAMPlace - full step 6.743 ms
[INFO   ] DREAMPlace - optimizer step 2.762 ms
[INFO   ] DREAMPlace - iteration  374, ( 374,  0,  0), Obj 8.114964E+07, DensityWeight 3.967177E-03, wHPWL 8.812474E+07, Overflow 1.903393E-01, MaxDensity 4.147E+00, gamma 2.676501E+01, time 0.830ms
[INFO   ] DREAMPlace - full step 4.113 ms
[INFO   ] DREAMPlace - optimizer step 4.255 ms
[INFO   ] DREAMPlace - iteration  375, ( 375,  0,  0), Obj 8.120282E+07, DensityWeight 4.082225E-03, wHPWL 8.811786E+07, Overflow 1.885056E-01, MaxDensity 4.154E+00, gamma 2.650874E+01, time 0.984ms
[INFO   ] DREAMPlace - full step 5.737 ms
[INFO   ] DREAMPlace - optimizer step 7.385 ms
[INFO   ] DREAMPlace - iteration  376, ( 376,  0,  0), Obj 8.125786E+07, DensityWeight 4.200610E-03, wHPWL 8.810853E+07, Overflow 1.867820E-01, MaxDensity 4.185E+00, gamma 2.626119E+01, time 27.671ms
[INFO   ] DREAMPlace - full step 35.725 ms
[INFO   ] DREAMPlace - optimizer step 3.419 ms
[INFO   ] DREAMPlace - iteration  377, ( 377,  0,  0), Obj 8.131184E+07, DensityWeight 4.322428E-03, wHPWL 8.810227E+07, Overflow 1.849413E-01, MaxDensity 4.164E+00, gamma 2.603060E+01, time 0.940ms
[INFO   ] DREAMPlace - full step 4.981 ms
[INFO   ] DREAMPlace - optimizer step 12.787 ms
[INFO   ] DREAMPlace - iteration  378, ( 378,  0,  0), Obj 8.136245E+07, DensityWeight 4.447778E-03, wHPWL 8.809464E+07, Overflow 1.830988E-01, MaxDensity 4.094E+00, gamma 2.578657E+01, time 43.677ms
[INFO   ] DREAMPlace - full step 57.016 ms
[INFO   ] DREAMPlace - optimizer step 3.999 ms
[INFO   ] DREAMPlace - iteration  379, ( 379,  0,  0), Obj 8.141474E+07, DensityWeight 4.576764E-03, wHPWL 8.808808E+07, Overflow 1.811403E-01, MaxDensity 4.104E+00, gamma 2.554461E+01, time 0.842ms
[INFO   ] DREAMPlace - full step 5.451 ms
[INFO   ] DREAMPlace - optimizer step 2.645 ms
[INFO   ] DREAMPlace - iteration  380, ( 380,  0,  0), Obj 8.146691E+07, DensityWeight 4.709491E-03, wHPWL 8.808092E+07, Overflow 1.792228E-01, MaxDensity 4.123E+00, gamma 2.528989E+01, time 0.834ms
[INFO   ] DREAMPlace - full step 4.102 ms
[INFO   ] DREAMPlace - optimizer step 2.684 ms
[INFO   ] DREAMPlace - iteration  381, ( 381,  0,  0), Obj 8.152288E+07, DensityWeight 4.846066E-03, wHPWL 8.807638E+07, Overflow 1.775180E-01, MaxDensity 3.990E+00, gamma 2.504297E+01, time 0.788ms
[INFO   ] DREAMPlace - full step 3.975 ms
[INFO   ] DREAMPlace - optimizer step 3.142 ms
[INFO   ] DREAMPlace - iteration  382, ( 382,  0,  0), Obj 8.157686E+07, DensityWeight 4.986602E-03, wHPWL 8.806968E+07, Overflow 1.759143E-01, MaxDensity 4.020E+00, gamma 2.482547E+01, time 0.778ms
[INFO   ] DREAMPlace - full step 4.421 ms
[INFO   ] DREAMPlace - optimizer step 13.570 ms
[INFO   ] DREAMPlace - iteration  383, ( 383,  0,  0), Obj 8.162526E+07, DensityWeight 5.131214E-03, wHPWL 8.806413E+07, Overflow 1.742413E-01, MaxDensity 3.939E+00, gamma 2.462259E+01, time 0.756ms
[INFO   ] DREAMPlace - full step 14.843 ms
[INFO   ] DREAMPlace - optimizer step 2.973 ms
[INFO   ] DREAMPlace - iteration  384, ( 384,  0,  0), Obj 8.167023E+07, DensityWeight 5.280019E-03, wHPWL 8.805749E+07, Overflow 1.724654E-01, MaxDensity 3.888E+00, gamma 2.441270E+01, time 0.822ms
[INFO   ] DREAMPlace - full step 4.589 ms
[INFO   ] DREAMPlace - optimizer step 2.614 ms
[INFO   ] DREAMPlace - iteration  385, ( 385,  0,  0), Obj 8.171597E+07, DensityWeight 5.433140E-03, wHPWL 8.805134E+07, Overflow 1.705925E-01, MaxDensity 3.884E+00, gamma 2.419187E+01, time 0.812ms
[INFO   ] DREAMPlace - full step 4.015 ms
[INFO   ] DREAMPlace - optimizer step 37.029 ms
[INFO   ] DREAMPlace - iteration  386, ( 386,  0,  0), Obj 8.176256E+07, DensityWeight 5.590701E-03, wHPWL 8.804242E+07, Overflow 1.687863E-01, MaxDensity 4.067E+00, gamma 2.396114E+01, time 0.769ms
[INFO   ] DREAMPlace - full step 38.331 ms
[INFO   ] DREAMPlace - optimizer step 3.749 ms
[INFO   ] DREAMPlace - iteration  387, ( 387,  0,  0), Obj 8.180941E+07, DensityWeight 5.752832E-03, wHPWL 8.803182E+07, Overflow 1.670607E-01, MaxDensity 4.072E+00, gamma 2.374070E+01, time 0.836ms
[INFO   ] DREAMPlace - full step 5.133 ms
[INFO   ] DREAMPlace - optimizer step 2.573 ms
[INFO   ] DREAMPlace - iteration  388, ( 388,  0,  0), Obj 8.185479E+07, DensityWeight 5.919664E-03, wHPWL 8.802011E+07, Overflow 1.655289E-01, MaxDensity 3.994E+00, gamma 2.353200E+01, time 0.786ms
[INFO   ] DREAMPlace - full step 3.896 ms
[INFO   ] DREAMPlace - optimizer step 5.366 ms
[INFO   ] DREAMPlace - iteration  389, ( 389,  0,  0), Obj 8.189825E+07, DensityWeight 6.091335E-03, wHPWL 8.801011E+07, Overflow 1.637325E-01, MaxDensity 3.696E+00, gamma 2.334828E+01, time 0.804ms
[INFO   ] DREAMPlace - full step 6.881 ms
[INFO   ] DREAMPlace - optimizer step 3.031 ms
[INFO   ] DREAMPlace - iteration  390, ( 390,  0,  0), Obj 8.193975E+07, DensityWeight 6.267984E-03, wHPWL 8.800250E+07, Overflow 1.620430E-01, MaxDensity 3.618E+00, gamma 2.313465E+01, time 1.116ms
[INFO   ] DREAMPlace - full step 4.880 ms
[INFO   ] DREAMPlace - optimizer step 8.268 ms
[INFO   ] DREAMPlace - iteration  391, ( 391,  0,  0), Obj 8.198874E+07, DensityWeight 6.449756E-03, wHPWL 8.799995E+07, Overflow 1.603009E-01, MaxDensity 3.720E+00, gamma 2.293552E+01, time 12.718ms
[INFO   ] DREAMPlace - full step 21.615 ms
[INFO   ] DREAMPlace - optimizer step 57.411 ms
[INFO   ] DREAMPlace - iteration  392, ( 392,  0,  0), Obj 8.203734E+07, DensityWeight 6.636799E-03, wHPWL 8.799795E+07, Overflow 1.585323E-01, MaxDensity 3.709E+00, gamma 2.273198E+01, time 1.224ms
[INFO   ] DREAMPlace - full step 59.549 ms
[INFO   ] DREAMPlace - optimizer step 3.625 ms
[INFO   ] DREAMPlace - iteration  393, ( 393,  0,  0), Obj 8.208533E+07, DensityWeight 6.829266E-03, wHPWL 8.799658E+07, Overflow 1.568167E-01, MaxDensity 3.823E+00, gamma 2.252719E+01, time 3.272ms
[INFO   ] DREAMPlace - full step 7.654 ms
[INFO   ] DREAMPlace - optimizer step 4.897 ms
[INFO   ] DREAMPlace - iteration  394, ( 394,  0,  0), Obj 8.213126E+07, DensityWeight 7.027315E-03, wHPWL 8.798943E+07, Overflow 1.551349E-01, MaxDensity 3.962E+00, gamma 2.233030E+01, time 2.129ms
[INFO   ] DREAMPlace - full step 7.617 ms
[INFO   ] DREAMPlace - optimizer step 2.783 ms
[INFO   ] DREAMPlace - iteration  395, ( 395,  0,  0), Obj 8.217318E+07, DensityWeight 7.231108E-03, wHPWL 8.798182E+07, Overflow 1.536134E-01, MaxDensity 3.982E+00, gamma 2.213896E+01, time 0.774ms
[INFO   ] DREAMPlace - full step 4.096 ms
[INFO   ] DREAMPlace - optimizer step 2.628 ms
[INFO   ] DREAMPlace - iteration  396, ( 396,  0,  0), Obj 8.221241E+07, DensityWeight 7.440811E-03, wHPWL 8.796917E+07, Overflow 1.520161E-01, MaxDensity 3.872E+00, gamma 2.196727E+01, time 0.801ms
[INFO   ] DREAMPlace - full step 3.985 ms
[INFO   ] DREAMPlace - optimizer step 4.766 ms
[INFO   ] DREAMPlace - iteration  397, ( 397,  0,  0), Obj 8.224970E+07, DensityWeight 7.656594E-03, wHPWL 8.796285E+07, Overflow 1.503591E-01, MaxDensity 3.654E+00, gamma 2.178846E+01, time 0.829ms
[INFO   ] DREAMPlace - full step 6.138 ms
[INFO   ] DREAMPlace - optimizer step 2.669 ms
[INFO   ] DREAMPlace - iteration  398, ( 398,  0,  0), Obj 8.229195E+07, DensityWeight 7.878636E-03, wHPWL 8.795886E+07, Overflow 1.486786E-01, MaxDensity 3.435E+00, gamma 2.160450E+01, time 0.807ms
[INFO   ] DREAMPlace - full step 3.989 ms
[INFO   ] DREAMPlace - optimizer step 52.323 ms
[INFO   ] DREAMPlace - iteration  399, ( 399,  0,  0), Obj 8.233369E+07, DensityWeight 8.107116E-03, wHPWL 8.795654E+07, Overflow 1.469693E-01, MaxDensity 3.344E+00, gamma 2.141952E+01, time 3.060ms
[INFO   ] DREAMPlace - full step 56.133 ms
[INFO   ] DREAMPlace - optimizer step 4.330 ms
[INFO   ] DREAMPlace - iteration  400, ( 400,  0,  0), Obj 8.237311E+07, DensityWeight 8.342223E-03, wHPWL 8.794699E+07, Overflow 1.453707E-01, MaxDensity 3.376E+00, gamma 2.123300E+01, time 0.948ms
[INFO   ] DREAMPlace - full step 5.942 ms
[INFO   ] DREAMPlace - optimizer step 5.204 ms
[INFO   ] DREAMPlace - iteration  401, ( 401,  0,  0), Obj 8.241532E+07, DensityWeight 8.584148E-03, wHPWL 8.794432E+07, Overflow 1.436403E-01, MaxDensity 3.375E+00, gamma 2.106003E+01, time 0.781ms
[INFO   ] DREAMPlace - full step 6.502 ms
[INFO   ] DREAMPlace - optimizer step 2.517 ms
[INFO   ] DREAMPlace - iteration  402, ( 402,  0,  0), Obj 8.246082E+07, DensityWeight 8.833089E-03, wHPWL 8.794515E+07, Overflow 1.420652E-01, MaxDensity 3.533E+00, gamma 2.087438E+01, time 0.786ms
[INFO   ] DREAMPlace - full step 3.868 ms
[INFO   ] DREAMPlace - optimizer step 8.940 ms
[INFO   ] DREAMPlace - iteration  403, ( 403,  0,  0), Obj 8.250815E+07, DensityWeight 9.273667E-03, wHPWL 8.794952E+07, Overflow 1.403328E-01, MaxDensity 3.386E+00, gamma 2.070682E+01, time 0.938ms
[INFO   ] DREAMPlace - full step 10.496 ms
[INFO   ] DREAMPlace - optimizer step 14.489 ms
[INFO   ] DREAMPlace - iteration  404, ( 404,  0,  0), Obj 8.254618E+07, DensityWeight 9.731422E-03, wHPWL 8.794206E+07, Overflow 1.386813E-01, MaxDensity 3.350E+00, gamma 2.052408E+01, time 12.437ms
[INFO   ] DREAMPlace - full step 27.537 ms
[INFO   ] DREAMPlace - plotting to fix_obsspread_results/bigblue1/plot/iter0405.png takes 5.295 seconds
[INFO   ] DREAMPlace - optimizer step 5.706 ms
[INFO   ] DREAMPlace - iteration  405, ( 405,  0,  0), Obj 8.258558E+07, DensityWeight 1.001363E-02, wHPWL 8.793613E+07, Overflow 1.363557E-01, MaxDensity 3.154E+00, gamma 2.035136E+01, time 0.876ms
[INFO   ] DREAMPlace - full step 5339.150 ms
[INFO   ] DREAMPlace - optimizer step 22.485 ms
[INFO   ] DREAMPlace - iteration  406, ( 406,  0,  0), Obj 8.263238E+07, DensityWeight 1.030403E-02, wHPWL 8.793697E+07, Overflow 1.335806E-01, MaxDensity 3.112E+00, gamma 2.011063E+01, time 22.711ms
[INFO   ] DREAMPlace - full step 46.239 ms
[INFO   ] DREAMPlace - optimizer step 18.080 ms
[INFO   ] DREAMPlace - iteration  407, ( 407,  0,  0), Obj 8.269371E+07, DensityWeight 1.081796E-02, wHPWL 8.794330E+07, Overflow 1.312160E-01, MaxDensity 3.081E+00, gamma 1.982707E+01, time 51.528ms
[INFO   ] DREAMPlace - full step 70.364 ms
[INFO   ] DREAMPlace - optimizer step 2.522 ms
[INFO   ] DREAMPlace - iteration  408, ( 408,  0,  0), Obj 8.275766E+07, DensityWeight 1.134883E-02, wHPWL 8.793645E+07, Overflow 1.295759E-01, MaxDensity 3.072E+00, gamma 1.958863E+01, time 0.825ms
[INFO   ] DREAMPlace - full step 3.891 ms
[INFO   ] DREAMPlace - optimizer step 7.416 ms
[INFO   ] DREAMPlace - iteration  409, ( 409,  0,  0), Obj 8.281097E+07, DensityWeight 1.167795E-02, wHPWL 8.792867E+07, Overflow 1.275489E-01, MaxDensity 3.054E+00, gamma 1.942493E+01, time 0.774ms
[INFO   ] DREAMPlace - full step 8.698 ms
[INFO   ] DREAMPlace - optimizer step 8.079 ms
[INFO   ] DREAMPlace - iteration  410, ( 410,  0,  0), Obj 8.285582E+07, DensityWeight 1.201661E-02, wHPWL 8.792654E+07, Overflow 1.253126E-01, MaxDensity 3.024E+00, gamma 1.922449E+01, time 1.315ms
[INFO   ] DREAMPlace - full step 9.929 ms
[INFO   ] DREAMPlace - optimizer step 2.495 ms
[INFO   ] DREAMPlace - iteration  411, ( 411,  0,  0), Obj 8.291007E+07, DensityWeight 1.236509E-02, wHPWL 8.793198E+07, Overflow 1.233723E-01, MaxDensity 3.014E+00, gamma 1.900577E+01, time 0.819ms
[INFO   ] DREAMPlace - full step 3.804 ms
[INFO   ] DREAMPlace - optimizer step 4.662 ms
[INFO   ] DREAMPlace - iteration  412, ( 412,  0,  0), Obj 8.296039E+07, DensityWeight 1.297350E-02, wHPWL 8.792598E+07, Overflow 1.219321E-01, MaxDensity 2.991E+00, gamma 1.881800E+01, time 0.785ms
[INFO   ] DREAMPlace - full step 6.500 ms
[INFO   ] DREAMPlace - optimizer step 2.708 ms
[INFO   ] DREAMPlace - iteration  413, ( 413,  0,  0), Obj 8.299504E+07, DensityWeight 1.334974E-02, wHPWL 8.790930E+07, Overflow 1.208163E-01, MaxDensity 2.968E+00, gamma 1.867985E+01, time 3.311ms
[INFO   ] DREAMPlace - full step 6.546 ms
[INFO   ] DREAMPlace - optimizer step 2.491 ms
[INFO   ] DREAMPlace - iteration  414, ( 414,  0,  0), Obj 8.302132E+07, DensityWeight 1.373688E-02, wHPWL 8.789265E+07, Overflow 1.189913E-01, MaxDensity 2.916E+00, gamma 1.857350E+01, time 0.787ms
[INFO   ] DREAMPlace - full step 3.791 ms
[INFO   ] DREAMPlace - optimizer step 2.534 ms
[INFO   ] DREAMPlace - iteration  415, ( 415,  0,  0), Obj 8.304981E+07, DensityWeight 1.413525E-02, wHPWL 8.789131E+07, Overflow 1.172829E-01, MaxDensity 2.903E+00, gamma 1.840086E+01, time 33.452ms
[INFO   ] DREAMPlace - full step 36.529 ms
[INFO   ] DREAMPlace - optimizer step 2.927 ms
[INFO   ] DREAMPlace - iteration  416, ( 416,  0,  0), Obj 8.309549E+07, DensityWeight 1.454517E-02, wHPWL 8.789498E+07, Overflow 1.157100E-01, MaxDensity 2.880E+00, gamma 1.824070E+01, time 0.759ms
[INFO   ] DREAMPlace - full step 4.198 ms
[INFO   ] DREAMPlace - optimizer step 7.794 ms
[INFO   ] DREAMPlace - iteration  417, ( 417,  0,  0), Obj 8.313551E+07, DensityWeight 1.526462E-02, wHPWL 8.789571E+07, Overflow 1.143438E-01, MaxDensity 2.935E+00, gamma 1.809449E+01, time 0.790ms
[INFO   ] DREAMPlace - full step 9.087 ms
[INFO   ] DREAMPlace - optimizer step 2.627 ms
[INFO   ] DREAMPlace - iteration  418, ( 418,  0,  0), Obj 8.316499E+07, DensityWeight 1.602622E-02, wHPWL 8.788450E+07, Overflow 1.130651E-01, MaxDensity 2.847E+00, gamma 1.796844E+01, time 0.777ms
[INFO   ] DREAMPlace - full step 3.905 ms
[INFO   ] DREAMPlace - optimizer step 2.671 ms
[INFO   ] DREAMPlace - iteration  419, ( 419,  0,  0), Obj 8.319093E+07, DensityWeight 1.649098E-02, wHPWL 8.787573E+07, Overflow 1.110473E-01, MaxDensity 2.797E+00, gamma 1.785125E+01, time 0.853ms
[INFO   ] DREAMPlace - full step 4.000 ms
[INFO   ] DREAMPlace - optimizer step 2.643 ms
[INFO   ] DREAMPlace - iteration  420, ( 420,  0,  0), Obj 8.322462E+07, DensityWeight 1.696922E-02, wHPWL 8.787675E+07, Overflow 1.086210E-01, MaxDensity 2.732E+00, gamma 1.766789E+01, time 0.791ms
[INFO   ] DREAMPlace - full step 3.989 ms
[INFO   ] DREAMPlace - optimizer step 9.395 ms
[INFO   ] DREAMPlace - iteration  421, ( 421,  0,  0), Obj 8.327190E+07, DensityWeight 1.781514E-02, wHPWL 8.788210E+07, Overflow 1.066384E-01, MaxDensity 2.676E+00, gamma 1.744990E+01, time 22.676ms
[INFO   ] DREAMPlace - full step 32.696 ms
[INFO   ] DREAMPlace - optimizer step 37.574 ms
[INFO   ] DREAMPlace - iteration  422, ( 422,  0,  0), Obj 8.331658E+07, DensityWeight 1.869196E-02, wHPWL 8.787032E+07, Overflow 1.055109E-01, MaxDensity 2.638E+00, gamma 1.727378E+01, time 0.799ms
[INFO   ] DREAMPlace - full step 38.958 ms
[INFO   ] DREAMPlace - optimizer step 2.686 ms
[INFO   ] DREAMPlace - iteration  423, ( 423,  0,  0), Obj 8.334900E+07, DensityWeight 1.923403E-02, wHPWL 8.785384E+07, Overflow 1.037904E-01, MaxDensity 2.591E+00, gamma 1.717440E+01, time 0.845ms
[INFO   ] DREAMPlace - full step 4.052 ms
[INFO   ] DREAMPlace - optimizer step 2.662 ms
[INFO   ] DREAMPlace - iteration  424, ( 424,  0,  0), Obj 8.337345E+07, DensityWeight 1.979182E-02, wHPWL 8.784429E+07, Overflow 1.019649E-01, MaxDensity 2.636E+00, gamma 1.702387E+01, time 0.816ms
[INFO   ] DREAMPlace - full step 3.976 ms
[INFO   ] DREAMPlace - optimizer step 2.488 ms
[INFO   ] DREAMPlace - iteration  425, ( 425,  0,  0), Obj 8.341558E+07, DensityWeight 2.036578E-02, wHPWL 8.784982E+07, Overflow 1.003036E-01, MaxDensity 2.592E+00, gamma 1.686559E+01, time 0.773ms
[INFO   ] DREAMPlace - full step 3.748 ms
[INFO   ] DREAMPlace - optimizer step 2.609 ms
[INFO   ] DREAMPlace - iteration  426, ( 426,  0,  0), Obj 8.345614E+07, DensityWeight 2.136757E-02, wHPWL 8.784894E+07, Overflow 9.918591E-02, MaxDensity 2.616E+00, gamma 1.672284E+01, time 0.741ms
[INFO   ] DREAMPlace - full step 3.840 ms
[INFO   ] DREAMPlace - optimizer step 2.709 ms
[INFO   ] DREAMPlace - iteration  427, ( 427,  0,  0), Obj 8.348506E+07, DensityWeight 2.198724E-02, wHPWL 8.783926E+07, Overflow 9.802440E-02, MaxDensity 2.556E+00, gamma 1.662747E+01, time 0.804ms
[INFO   ] DREAMPlace - full step 4.044 ms
[INFO   ] DREAMPlace - optimizer step 2.534 ms
[INFO   ] DREAMPlace - iteration  428, ( 428,  0,  0), Obj 8.349923E+07, DensityWeight 2.262487E-02, wHPWL 8.781933E+07, Overflow 9.643680E-02, MaxDensity 2.515E+00, gamma 1.652894E+01, time 0.847ms
[INFO   ] DREAMPlace - full step 3.938 ms
[INFO   ] DREAMPlace - optimizer step 2.739 ms
[INFO   ] DREAMPlace - iteration  429, ( 429,  0,  0), Obj 8.351485E+07, DensityWeight 2.328099E-02, wHPWL 8.780478E+07, Overflow 9.496240E-02, MaxDensity 2.447E+00, gamma 1.639521E+01, time 0.790ms
[INFO   ] DREAMPlace - full step 4.009 ms
[INFO   ] DREAMPlace - optimizer step 2.637 ms
[INFO   ] DREAMPlace - iteration  430, ( 430,  0,  0), Obj 8.354116E+07, DensityWeight 2.395614E-02, wHPWL 8.779310E+07, Overflow 9.377963E-02, MaxDensity 2.411E+00, gamma 1.627198E+01, time 0.813ms
[INFO   ] DREAMPlace - full step 3.969 ms
[INFO   ] DREAMPlace - optimizer step 3.210 ms
[INFO   ] DREAMPlace - iteration  431, ( 431,  0,  0), Obj 8.356888E+07, DensityWeight 2.465087E-02, wHPWL 8.778867E+07, Overflow 9.252971E-02, MaxDensity 2.427E+00, gamma 1.617381E+01, time 0.759ms
[INFO   ] DREAMPlace - full step 4.496 ms
[INFO   ] DREAMPlace - optimizer step 2.625 ms
[INFO   ] DREAMPlace - iteration  432, ( 432,  0,  0), Obj 8.359156E+07, DensityWeight 2.536574E-02, wHPWL 8.778143E+07, Overflow 9.143400E-02, MaxDensity 2.342E+00, gamma 1.607069E+01, time 0.781ms
[INFO   ] DREAMPlace - full step 3.905 ms
[INFO   ] DREAMPlace - optimizer step 4.098 ms
[INFO   ] DREAMPlace - iteration  433, ( 433,  0,  0), Obj 8.361221E+07, DensityWeight 2.610135E-02, wHPWL 8.777370E+07, Overflow 9.031291E-02, MaxDensity 2.409E+00, gamma 1.598084E+01, time 1.089ms
[INFO   ] DREAMPlace - full step 6.077 ms
[INFO   ] DREAMPlace - optimizer step 4.466 ms
[INFO   ] DREAMPlace - iteration  434, ( 434,  0,  0), Obj 8.362806E+07, DensityWeight 2.685829E-02, wHPWL 8.776022E+07, Overflow 8.922490E-02, MaxDensity 2.454E+00, gamma 1.588943E+01, time 0.803ms
[INFO   ] DREAMPlace - full step 5.800 ms
[INFO   ] DREAMPlace - optimizer step 2.601 ms
[INFO   ] DREAMPlace - iteration  435, ( 435,  0,  0), Obj 8.364388E+07, DensityWeight 2.763718E-02, wHPWL 8.774914E+07, Overflow 8.806518E-02, MaxDensity 2.437E+00, gamma 1.580122E+01, time 0.795ms
[INFO   ] DREAMPlace - full step 3.965 ms
[INFO   ] DREAMPlace - optimizer step 14.863 ms
[INFO   ] DREAMPlace - iteration  436, ( 436,  0,  0), Obj 8.365918E+07, DensityWeight 2.843866E-02, wHPWL 8.773572E+07, Overflow 8.695669E-02, MaxDensity 2.421E+00, gamma 1.570773E+01, time 46.740ms
[INFO   ] DREAMPlace - full step 62.409 ms
[INFO   ] DREAMPlace - optimizer step 2.664 ms
[INFO   ] DREAMPlace - iteration  437, ( 437,  0,  0), Obj 8.367409E+07, DensityWeight 2.926338E-02, wHPWL 8.772227E+07, Overflow 8.582172E-02, MaxDensity 2.385E+00, gamma 1.561889E+01, time 0.756ms
[INFO   ] DREAMPlace - full step 3.932 ms
[INFO   ] DREAMPlace - optimizer step 7.165 ms
[INFO   ] DREAMPlace - iteration  438, ( 438,  0,  0), Obj 8.368681E+07, DensityWeight 3.011202E-02, wHPWL 8.770451E+07, Overflow 8.481615E-02, MaxDensity 2.326E+00, gamma 1.552845E+01, time 0.832ms
[INFO   ] DREAMPlace - full step 8.515 ms
[INFO   ] DREAMPlace - optimizer step 2.521 ms
[INFO   ] DREAMPlace - iteration  439, ( 439,  0,  0), Obj 8.370125E+07, DensityWeight 3.098527E-02, wHPWL 8.769043E+07, Overflow 8.377960E-02, MaxDensity 2.246E+00, gamma 1.544875E+01, time 0.793ms
[INFO   ] DREAMPlace - full step 3.829 ms
[INFO   ] DREAMPlace - optimizer step 2.763 ms
[INFO   ] DREAMPlace - iteration  440, ( 440,  0,  0), Obj 8.371525E+07, DensityWeight 3.188384E-02, wHPWL 8.767719E+07, Overflow 8.271191E-02, MaxDensity 2.215E+00, gamma 1.536703E+01, time 5.569ms
[INFO   ] DREAMPlace - full step 8.829 ms
[INFO   ] DREAMPlace - optimizer step 4.501 ms
[INFO   ] DREAMPlace - iteration  441, ( 441,  0,  0), Obj 8.373018E+07, DensityWeight 3.280848E-02, wHPWL 8.766624E+07, Overflow 8.160378E-02, MaxDensity 2.184E+00, gamma 1.528330E+01, time 0.756ms
[INFO   ] DREAMPlace - full step 5.790 ms
[INFO   ] DREAMPlace - optimizer step 2.680 ms
[INFO   ] DREAMPlace - iteration  442, ( 442,  0,  0), Obj 8.374368E+07, DensityWeight 3.375992E-02, wHPWL 8.765164E+07, Overflow 8.057983E-02, MaxDensity 2.132E+00, gamma 1.519689E+01, time 0.798ms
[INFO   ] DREAMPlace - full step 3.985 ms
[INFO   ] DREAMPlace - optimizer step 2.650 ms
[INFO   ] DREAMPlace - iteration  443, ( 443,  0,  0), Obj 8.375723E+07, DensityWeight 3.473896E-02, wHPWL 8.763682E+07, Overflow 7.957515E-02, MaxDensity 2.119E+00, gamma 1.511748E+01, time 0.761ms
[INFO   ] DREAMPlace - full step 3.936 ms
[INFO   ] DREAMPlace - optimizer step 2.674 ms
[INFO   ] DREAMPlace - iteration  444, ( 444,  0,  0), Obj 8.377051E+07, DensityWeight 3.574639E-02, wHPWL 8.762298E+07, Overflow 7.867806E-02, MaxDensity 2.127E+00, gamma 1.503996E+01, time 0.785ms
[INFO   ] DREAMPlace - full step 3.963 ms
[INFO   ] DREAMPlace - optimizer step 2.661 ms
[INFO   ] DREAMPlace - iteration  445, ( 445,  0,  0), Obj 8.378562E+07, DensityWeight 3.678304E-02, wHPWL 8.761377E+07, Overflow 7.764176E-02, MaxDensity 2.140E+00, gamma 1.497108E+01, time 0.754ms
[INFO   ] DREAMPlace - full step 3.953 ms
[INFO   ] DREAMPlace - optimizer step 2.918 ms
[INFO   ] DREAMPlace - iteration  446, ( 446,  0,  0), Obj 8.379854E+07, DensityWeight 3.784975E-02, wHPWL 8.760306E+07, Overflow 7.670508E-02, MaxDensity 2.158E+00, gamma 1.489190E+01, time 0.967ms
[INFO   ] DREAMPlace - full step 4.537 ms
[INFO   ] DREAMPlace - optimizer step 2.736 ms
[INFO   ] DREAMPlace - iteration  447, ( 447,  0,  0), Obj 8.381353E+07, DensityWeight 3.894740E-02, wHPWL 8.759232E+07, Overflow 7.571478E-02, MaxDensity 2.200E+00, gamma 1.482070E+01, time 0.836ms
[INFO   ] DREAMPlace - full step 4.114 ms
[INFO   ] DREAMPlace - optimizer step 2.644 ms
[INFO   ] DREAMPlace - iteration  448, ( 448,  0,  0), Obj 8.382761E+07, DensityWeight 4.007687E-02, wHPWL 8.758147E+07, Overflow 7.479966E-02, MaxDensity 2.214E+00, gamma 1.474579E+01, time 0.772ms
[INFO   ] DREAMPlace - full step 3.916 ms
[INFO   ] DREAMPlace - optimizer step 2.561 ms
[INFO   ] DREAMPlace - iteration  449, ( 449,  0,  0), Obj 8.384366E+07, DensityWeight 4.123910E-02, wHPWL 8.757347E+07, Overflow 7.385361E-02, MaxDensity 2.190E+00, gamma 1.467690E+01, time 0.755ms
[INFO   ] DREAMPlace - full step 3.825 ms
[INFO   ] DREAMPlace - plotting to fix_obsspread_results/bigblue1/plot/iter0450.png takes 4.736 seconds
[INFO   ] DREAMPlace - optimizer step 41.742 ms
[INFO   ] DREAMPlace - iteration  450, ( 450,  0,  0), Obj 8.385836E+07, DensityWeight 4.243504E-02, wHPWL 8.756526E+07, Overflow 7.288777E-02, MaxDensity 2.142E+00, gamma 1.460603E+01, time 0.779ms
[INFO   ] DREAMPlace - full step 4782.524 ms
[INFO   ] DREAMPlace - optimizer step 3.475 ms
[INFO   ] DREAMPlace - iteration  451, ( 451,  0,  0), Obj 8.387256E+07, DensityWeight 4.366566E-02, wHPWL 8.755666E+07, Overflow 7.193981E-02, MaxDensity 2.049E+00, gamma 1.453402E+01, time 1.140ms
[INFO   ] DREAMPlace - full step 5.646 ms
[INFO   ] DREAMPlace - optimizer step 4.268 ms
[INFO   ] DREAMPlace - iteration  452, ( 452,  0,  0), Obj 8.388726E+07, DensityWeight 4.493196E-02, wHPWL 8.754766E+07, Overflow 7.104249E-02, MaxDensity 1.983E+00, gamma 1.446369E+01, time 20.288ms
[INFO   ] DREAMPlace - full step 25.277 ms
[INFO   ] DREAMPlace - optimizer step 2.964 ms
[INFO   ] DREAMPlace - iteration  453, ( 453,  0,  0), Obj 8.390201E+07, DensityWeight 4.623499E-02, wHPWL 8.753888E+07, Overflow 7.026474E-02, MaxDensity 1.961E+00, gamma 1.439744E+01, time 0.847ms
[INFO   ] DREAMPlace - full step 4.411 ms
[INFO   ] DREAMPlace - optimizer step 2.708 ms
[INFO   ] DREAMPlace - iteration  454, ( 454,  0,  0), Obj 8.391780E+07, DensityWeight 4.757581E-02, wHPWL 8.753261E+07, Overflow 6.947982E-02, MaxDensity 1.953E+00, gamma 1.434026E+01, time 0.808ms
[INFO   ] DREAMPlace - full step 4.059 ms
[INFO   ] DREAMPlace - optimizer step 2.557 ms
[INFO   ] DREAMPlace - iteration  455, ( 455,  0,  0), Obj 8.393297E+07, DensityWeight 4.895551E-02, wHPWL 8.752861E+07, Overflow 6.865076E-02, MaxDensity 1.946E+00, gamma 1.428278E+01, time 0.746ms
[INFO   ] DREAMPlace - full step 3.832 ms
[INFO   ] DREAMPlace - optimizer step 2.582 ms
[INFO   ] DREAMPlace - iteration  456, ( 456,  0,  0), Obj 8.394918E+07, DensityWeight 5.037522E-02, wHPWL 8.752672E+07, Overflow 6.781496E-02, MaxDensity 1.964E+00, gamma 1.422231E+01, time 0.768ms
[INFO   ] DREAMPlace - full step 3.890 ms
[INFO   ] DREAMPlace - optimizer step 2.722 ms
[INFO   ] DREAMPlace - iteration  457, ( 457,  0,  0), Obj 8.396593E+07, DensityWeight 5.183611E-02, wHPWL 8.752523E+07, Overflow 6.704477E-02, MaxDensity 1.951E+00, gamma 1.416162E+01, time 0.737ms
[INFO   ] DREAMPlace - full step 3.970 ms
[INFO   ] DREAMPlace - optimizer step 2.724 ms
[INFO   ] DREAMPlace - iteration  458, ( 458,  0,  0), Obj 8.398306E+07, DensityWeight 5.333935E-02, wHPWL 8.752434E+07, Overflow 6.614824E-02, MaxDensity 1.926E+00, gamma 1.410592E+01, time 0.790ms
[INFO   ] DREAMPlace - full step 4.021 ms
[INFO   ] DREAMPlace - optimizer step 3.333 ms
[INFO   ] DREAMPlace - iteration  459, ( 459,  0,  0), Obj 8.399996E+07, DensityWeight 5.488620E-02, wHPWL 8.752481E+07, Overflow 6.517963E-02, MaxDensity 1.941E+00, gamma 1.404136E+01, time 0.838ms
[INFO   ] DREAMPlace - full step 4.845 ms
[INFO   ] DREAMPlace - optimizer nesterov takes 78.392 seconds
[INFO   ] DREAMPlace - plotting to fix_obsspread_results/bigblue1/plot/iter0460.png takes 5.031 seconds
[INFO   ] DREAMPlace - Start legalization
[WARNING] DEF input file not specified, cannot output DEF file; set to DEFSIMPLE
[INFO   ] lef_input = 
[INFO   ] def_input = 
[INFO   ] verilog_input = 
[INFO   ] bookshelf_aux_input = benchmarks/ispd2005/bigblue1/bigblue1.aux
[INFO   ] bookshelf_pl_input = 
[INFO   ] def_size_input = 
[INFO   ] def_output = -out.def
[INFO   ] rpt_output = 
[INFO   ] target_util = 0
[INFO   ] max_displace = 0
[INFO   ] bin size = (10, 10) #rows
[INFO   ] sbin size = (5, 5) #rows
[INFO   ] bin_space_threshold = 0.2
[INFO   ] abu = 2,10 5,5 10,2 20,1 
[INFO   ] def_ignore_cells = 
[INFO   ] macro_obs_aware_layers = 
[INFO   ] enable_place = true
[INFO   ] enable_legalize = true
[INFO   ] evaluate_overlap = false
[INFO   ] move_multi_row_cell = true
[INFO   ] align_power_line = true
[INFO   ] cluster_cell = false
[INFO   ] sort_nets_by_degree = false
[INFO   ] file_format = BOOKSHELF
[INFO   ] max_iters = 6
[WARNING] no DEF file specified
[WARNING] no Verilog file specified
[INFO   ] reading benchmarks/ispd2005/bigblue1/bigblue1.aux
[WARNING] no additional Bookshelf .pl file specified
[WARNING] 14016 nets with 17057 pins from same nodes
[WARNING] 1709 nets should be ignored due to not enough pins
[INFO   ] sort nodes in the order of movable and fixed
[INFO   ] Group cells for fence regions
[INFO   ] Construct 0 groups
[INFO   ] Fence region groups done
[DEBUG  ] num_terminals 560, numFixed 560, numPlaceBlockages 0, num_terminal_NIs 0
[INFO   ] -- Converting Node Orientation --
[INFO   ] ---------------------------------
[INFO   ] -------- Area Statistics --------
[INFO   ] fixed area overlap = 1.96398e+07
[INFO   ] fixed area total = 3.60628e+07
[INFO   ] space area = 9.45507e+07
[INFO   ] ---------------------------------
[DEBUG  ] deterministic mode: integer 32 bits, fraction 32 bits, scale factor 4294967296
[DEBUG  ] deterministic mode: integer 32 bits, fraction 32 bits, scale factor 4294967296
[INFO   ] writing placement to fix_obsspread_results/bigblue1/plot/iter0000.png
[INFO   ] writing placement to fix_obsspread_results/bigblue1/plot/iter0045.png
[INFO   ] writing placement to fix_obsspread_results/bigblue1/plot/iter0090.png
[INFO   ] writing placement to fix_obsspread_results/bigblue1/plot/iter0135.png
[INFO   ] writing placement to fix_obsspread_results/bigblue1/plot/iter0180.png
[INFO   ] writing placement to fix_obsspread_results/bigblue1/plot/iter0225.png
[INFO   ] writing placement to fix_obsspread_results/bigblue1/plot/iter0270.png
[INFO   ] writing placement to fix_obsspread_results/bigblue1/plot/iter0315.png
[INFO   ] writing placement to fix_obsspread_results/bigblue1/plot/iter0360.png
[INFO   ] writing placement to fix_obsspread_results/bigblue1/plot/iter0405.png
[INFO   ] writing placement to fix_obsspread_results/bigblue1/plot/iter0450.png
[INFO   ] writing placement to fix_obsspread_results/bigblue1/plot/iter0460.png
[INFO   ] Macro legalization: regard 0 cells as dummy fixed (movable macros)
[INFO   ] Macro legalization takes 0.891687 ms
[DEBUG  ] Standard cell legalization blank_num_bins_y = 890
[DEBUG  ] Standard cell legalization iteration 0 with 1x1 bins
[DEBUG  ] Standard cell legalization #bin_blanks
[DEBUG  ] #bin_objs = 5248
[INFO   ] Standard cell legalization legalizeBin takes 142.136 ms
[DEBUG  ] Standard cell legalization num_unplaced_cells = 0
[DEBUG  ] Standard cell legalization blank_num_bins_y = 890
[DEBUG  ] Standard cell legalization iteration 0 with 1x1 bins
[DEBUG  ] Standard cell legalization #bin_blanks
[DEBUG  ] #bin_objs = 5248
[INFO   ] Standard cell legalization legalizeBin takes 167.824 ms
[DEBUG  ] Standard cell legalization num_unplaced_cells = 0
[INFO   ] Greedy legalization takes 426.362 ms
[INFO   ] Legality check takes 26.5902 ms
[DEBUG  ] average displace = 6.45104
[INFO   ] Abacus legalization takes 52.4144 ms
[INFO   ] DREAMPlace - legalization takes 0.609 seconds
[INFO   ] DREAMPlace - iteration  460, wHPWL 9.006358E+07, time 0.746ms
[INFO   ] DREAMPlace - plotting to fix_obsspread_results/bigblue1/plot/iter0461.png takes 4.932 seconds
[INFO   ] DREAMPlace - Start ABCDPlace for refinement
[INFO   ] Legality check takes 56.2278 ms
[INFO   ] writing placement to fix_obsspread_results/bigblue1/plot/iter0461.png
[INFO   ] DREAMPlace - ABCDPlace input legal flag = 1
[INFO   ] Legality check takes 26.9897 ms
[DEBUG  ] 4-reorder
[DEBUG  ] 24 permutations
[DEBUG  ] initializing CPU DB takes 27.8384 ms
[DEBUG  ] computing independent rows takes 91.2866 ms
[DEBUG  ] computing reorder instances takes 1.56429 ms
[DEBUG  ] initializing CUDA state takes 4.64256 ms
[INFO   ] initial hpwl = 90158448.000
[DEBUG  ] enumeration takes 1408.72 ms for 288 runs, average 4.89138 ms
[DEBUG  ] apply_reorder takes 933.79 ms for 288 runs, average 3.24233 ms
[INFO   ] Iteration time(ms) 	 2342.6
[INFO   ] iteration 0: hpwl 90158448.000 => 89917960.000 (imp. 0.266739%)
[DEBUG  ] enumeration takes 1147.21 ms for 288 runs, average 3.98336 ms
[DEBUG  ] apply_reorder takes 973.006 ms for 288 runs, average 3.37849 ms
[INFO   ] Iteration time(ms) 	 2120.29
[INFO   ] iteration 1: hpwl 90158448.000 => 89886640.000 (imp. 0.301478%)
[DEBUG  ] destroying CUDA state takes 20.3826 ms
[DEBUG  ] destroying CPU state takes 0.014033 ms
[INFO   ] Kernel time: 4471.4 ms
[INFO   ] K-reorder time: 4617.37 ms
[INFO   ] DREAMPlace - K-Reorder legal flag = 1
[INFO   ] Legality check takes 26.5083 ms
[INFO   ] diamond search grid size 64, sequence length 2048
[INFO   ] initializing GPU memory takes 16.2039 ms
[INFO   ] initial hpwl 8.98866e+07
[DEBUG  ] allocate 2261503 bytes in shuffler for length 277604*(4+4)
[DEBUG  ] from 77409 nodes, collect 604 sets, avg 109 nodes, min/max 15/128 nodes
[INFO   ] iteration 0, target hpwl 8.98548e+07, delta -31792(-0.035369%), 604 independent sets, moved 2.32525% cells, runtime 83.7367 ms
[DEBUG  ] from 77364 nodes, collect 604 sets, avg 108 nodes, min/max 20/128 nodes
[DEBUG  ] from 77219 nodes, collect 603 sets, avg 108 nodes, min/max 18/128 nodes
[DEBUG  ] from 77403 nodes, collect 604 sets, avg 107 nodes, min/max 13/128 nodes
[DEBUG  ] from 77301 nodes, collect 603 sets, avg 108 nodes, min/max 22/128 nodes
[DEBUG  ] from 77319 nodes, collect 604 sets, avg 109 nodes, min/max 22/128 nodes
[INFO   ] iteration 5, target hpwl 8.97994e+07, delta -87272(-0.0970912%), 604 independent sets, moved 11.0114% cells, runtime 44.0592 ms
[DEBUG  ] from 77335 nodes, collect 604 sets, avg 107 nodes, min/max 18/128 nodes
[DEBUG  ] from 77514 nodes, collect 605 sets, avg 109 nodes, min/max 24/128 nodes
[DEBUG  ] from 77321 nodes, collect 604 sets, avg 109 nodes, min/max 12/128 nodes
[DEBUG  ] from 77307 nodes, collect 603 sets, avg 108 nodes, min/max 1/128 nodes
[DEBUG  ] from 77481 nodes, collect 605 sets, avg 109 nodes, min/max 17/128 nodes
[INFO   ] iteration 10, target hpwl 8.9763e+07, delta -123672(-0.137587%), 605 independent sets, moved 18.0938% cells, runtime 118.813 ms
[DEBUG  ] from 77456 nodes, collect 605 sets, avg 108 nodes, min/max 3/128 nodes
[DEBUG  ] from 77327 nodes, collect 604 sets, avg 110 nodes, min/max 0/128 nodes
[DEBUG  ] from 77498 nodes, collect 605 sets, avg 110 nodes, min/max 15/128 nodes
[DEBUG  ] from 77451 nodes, collect 605 sets, avg 108 nodes, min/max 19/128 nodes
[DEBUG  ] from 77670 nodes, collect 606 sets, avg 110 nodes, min/max 30/128 nodes
[INFO   ] iteration 15, target hpwl 8.9749e+07, delta -137592(-0.153073%), 606 independent sets, moved 24.5468% cells, runtime 79.2552 ms
[DEBUG  ] from 77426 nodes, collect 604 sets, avg 110 nodes, min/max 23/128 nodes
[DEBUG  ] from 77293 nodes, collect 603 sets, avg 108 nodes, min/max 18/128 nodes
[DEBUG  ] from 77389 nodes, collect 604 sets, avg 107 nodes, min/max 11/128 nodes
[DEBUG  ] from 77303 nodes, collect 603 sets, avg 110 nodes, min/max 26/128 nodes
[DEBUG  ] from 77398 nodes, collect 604 sets, avg 107 nodes, min/max 23/128 nodes
[INFO   ] iteration 20, target hpwl 8.97362e+07, delta -150480(-0.167411%), 604 independent sets, moved 30.5568% cells, runtime 60.004 ms
[DEBUG  ] from 77259 nodes, collect 603 sets, avg 109 nodes, min/max 24/128 nodes
[DEBUG  ] from 77473 nodes, collect 605 sets, avg 108 nodes, min/max 16/128 nodes
[DEBUG  ] from 77439 nodes, collect 604 sets, avg 108 nodes, min/max 27/128 nodes
[DEBUG  ] from 77433 nodes, collect 604 sets, avg 109 nodes, min/max 26/128 nodes
[DEBUG  ] from 77287 nodes, collect 603 sets, avg 108 nodes, min/max 18/128 nodes
[INFO   ] iteration 25, target hpwl 8.97304e+07, delta -156240(-0.173819%), 603 independent sets, moved 36.4998% cells, runtime 137.477 ms
[DEBUG  ] from 77419 nodes, collect 604 sets, avg 110 nodes, min/max 25/128 nodes
[DEBUG  ] from 77275 nodes, collect 603 sets, avg 108 nodes, min/max 16/128 nodes
[DEBUG  ] from 77350 nodes, collect 604 sets, avg 109 nodes, min/max 0/128 nodes
[DEBUG  ] from 77384 nodes, collect 604 sets, avg 109 nodes, min/max 9/128 nodes
[DEBUG  ] from 77478 nodes, collect 605 sets, avg 109 nodes, min/max 9/128 nodes
[INFO   ] iteration 30, target hpwl 8.97232e+07, delta -163424(-0.181811%), 605 independent sets, moved 42.3041% cells, runtime 54.5498 ms
[DEBUG  ] from 77442 nodes, collect 605 sets, avg 108 nodes, min/max 10/128 nodes
[DEBUG  ] from 77491 nodes, collect 605 sets, avg 108 nodes, min/max 4/128 nodes
[DEBUG  ] from 77401 nodes, collect 604 sets, avg 110 nodes, min/max 25/128 nodes
[DEBUG  ] from 77377 nodes, collect 604 sets, avg 108 nodes, min/max 22/128 nodes
[DEBUG  ] from 77260 nodes, collect 603 sets, avg 108 nodes, min/max 13/128 nodes
[INFO   ] iteration 35, target hpwl 8.97137e+07, delta -172960(-0.19242%), 603 independent sets, moved 47.9568% cells, runtime 56.621 ms
[DEBUG  ] from 77624 nodes, collect 606 sets, avg 109 nodes, min/max 26/128 nodes
[DEBUG  ] from 77335 nodes, collect 604 sets, avg 107 nodes, min/max 13/128 nodes
[DEBUG  ] from 77259 nodes, collect 603 sets, avg 109 nodes, min/max 28/128 nodes
[DEBUG  ] from 77409 nodes, collect 604 sets, avg 108 nodes, min/max 18/128 nodes
[DEBUG  ] from 77446 nodes, collect 605 sets, avg 106 nodes, min/max 9/128 nodes
[INFO   ] iteration 40, target hpwl 8.97113e+07, delta -175384(-0.195117%), 605 independent sets, moved 53.5471% cells, runtime 78.7138 ms
[DEBUG  ] from 77463 nodes, collect 605 sets, avg 109 nodes, min/max 13/128 nodes
[DEBUG  ] from 77387 nodes, collect 604 sets, avg 110 nodes, min/max 4/128 nodes
[DEBUG  ] from 77284 nodes, collect 603 sets, avg 111 nodes, min/max 19/128 nodes
[DEBUG  ] from 77268 nodes, collect 603 sets, avg 108 nodes, min/max 22/128 nodes
[DEBUG  ] from 77485 nodes, collect 605 sets, avg 108 nodes, min/max 13/128 nodes
[INFO   ] iteration 45, target hpwl 8.97166e+07, delta -170032(-0.189163%), 605 independent sets, moved 59.1036% cells, runtime 83.7722 ms
[DEBUG  ] from 77523 nodes, collect 605 sets, avg 108 nodes, min/max 25/128 nodes
[DEBUG  ] from 77589 nodes, collect 606 sets, avg 110 nodes, min/max 19/128 nodes
[DEBUG  ] from 77313 nodes, collect 604 sets, avg 110 nodes, min/max 2/128 nodes
[DEBUG  ] from 77458 nodes, collect 605 sets, avg 108 nodes, min/max 8/128 nodes
[INFO   ] iteration 49, target hpwl 8.97107e+07, delta -175984(-0.195784%), 605 independent sets, moved 63.6126% cells, runtime 67.4006 ms
[DEBUG  ] random_shuffle takes 100.564 ms, 50 runs, average 2.01128 ms
[DEBUG  ] maximal_independent_set takes 1013.97 ms, 50 runs, average 20.2795 ms
[DEBUG  ] collect_independent_sets takes 211.302 ms, 50 runs, average 4.22603 ms
[DEBUG  ] cost_matrix_construction takes 134.884 ms, 50 runs, average 2.69767 ms
[DEBUG  ] independent_sets_solving takes 2145.12 ms, 50 runs, average 42.9025 ms
[DEBUG  ] apply_solution takes 91.015 ms, 50 runs, average 1.8203 ms
[INFO   ] destroying GPU memory takes 2.09846 ms
[INFO   ] Kernel time 3804.7 ms
[INFO   ] Independent set matching time 3851.02 ms
[INFO   ] DREAMPlace - Independent set matching legal flag = 1
[INFO   ] Legality check takes 26.9806 ms
[DEBUG  ] bins 256x256, bin sizes 41.7656x41.7188, die size 0, 0, 10692, 10680
[DEBUG  ] batch_size = 256, max_num_nodes_per_bin = 27, max_num_candidates = 135, max_num_candidates_all = 34560
[DEBUG  ] estimate_memory_usage = 477419520, use fast pair HPWL computation strategy requires additional memory
[INFO   ] initial hpwl = 89710656.000
[DEBUG  ] compute_search_bins takes 0.435432 ms
[INFO   ] Iteration time(ms) 	 268.983
[INFO   ] iteration 0: hpwl 89710656.000 => 89671064.000 (imp. 0.044133%)
[DEBUG  ] compute_search_bins takes 2.42141 ms
[INFO   ] Iteration time(ms) 	 335.775
[INFO   ] iteration 1: hpwl 89710656.000 => 89592504.000 (imp. 0.131703%)
[INFO   ] Kernel time: 613.005 ms
[INFO   ] Global swap time: 700.31 ms
[INFO   ] DREAMPlace - Global swap legal flag = 1
[INFO   ] Legality check takes 41.3571 ms
[DEBUG  ] 4-reorder
[DEBUG  ] 24 permutations
[DEBUG  ] initializing CPU DB takes 28.2005 ms
[DEBUG  ] computing independent rows takes 60.1015 ms
[DEBUG  ] computing reorder instances takes 5.61863 ms
[DEBUG  ] initializing CUDA state takes 12.6298 ms
[INFO   ] initial hpwl = 89592504.000
[DEBUG  ] enumeration takes 1104.73 ms for 302 runs, average 3.65804 ms
[DEBUG  ] apply_reorder takes 742.462 ms for 302 runs, average 2.45848 ms
[INFO   ] Iteration time(ms) 	 1847.26
[INFO   ] iteration 0: hpwl 89592504.000 => 89553200.000 (imp. 0.0438697%)
[DEBUG  ] enumeration takes 946.515 ms for 302 runs, average 3.13415 ms
[DEBUG  ] apply_reorder takes 655.669 ms for 302 runs, average 2.17109 ms
[INFO   ] Iteration time(ms) 	 1602.27
[INFO   ] iteration 1: hpwl 89592504.000 => 89546656.000 (imp. 0.0511739%)
[DEBUG  ] destroying CUDA state takes 3.01903 ms
[DEBUG  ] destroying CPU state takes 0.022761 ms
[INFO   ] Kernel time: 3454.97 ms
[INFO   ] K-reorder time: 3565.08 ms
[INFO   ] DREAMPlace - K-Reorder legal flag = 1
[INFO   ] DREAMPlace - detailed placement takes 12.931 seconds
[INFO   ] DREAMPlace - iteration  461, wHPWL 8.945179E+07, time 0.763ms
[INFO   ] DREAMPlace - plotting to fix_obsspread_results/bigblue1/plot/iter0462.png takes 3.299 seconds
[INFO   ] DREAMPlace - non-linear placement takes 128.25 seconds
[INFO   ] DREAMPlace - writing to fix_obsspread_results/bigblue1/bigblue1.gp.pl
[INFO   ] DREAMPlace - write SolutionFileFormat.BOOKSHELF takes 0.165 seconds
[INFO   ] DREAMPlace - placement takes 139.161 seconds
[INFO   ] Legality check takes 27.1496 ms
[INFO   ] writing placement to fix_obsspread_results/bigblue1/plot/iter0462.png
[INFO   ] writing placement to fix_obsspread_results/bigblue1/bigblue1.gp.pl
