========================================================
                       DREAMPlace
            Yibo Lin (http://yibolin.com)
   David Z. Pan (http://users.ece.utexas.edu/~dpan)
========================================================
[INFO   ] DREAMPlace - parameters = {'aux_input': 'benchmarks/ispd2005/bigblue2/bigblue2.aux', 'lef_input': '', 'def_input': '', 'verilog_input': '', 'gpu': 1, 'num_bins_x': 1024, 'num_bins_y': 1024, 'global_place_stages': [{'num_bins_x': 1024, 'num_bins_y': 1024, 'iteration': 2000, 'learning_rate': 0.01, 'wirelength': 'weighted_average', 'optimizer': 'nesterov', 'Llambda_density_weight_iteration': 1, 'Lsub_iteration': 1}], 'target_density': 1.0, 'density_weight': 8e-05, 'random_seed': 1000, 'result_dir': 'lambdaentry_results/entry', 'scale_factor': 1.0, 'shift_factor': [0.0, 0.0], 'ignore_net_degree': 100, 'gp_noise_ratio': 0.025, 'enable_fillers': 1, 'global_place_flag': 1, 'legalize_flag': 1, 'abacus_legalize_flag': 1, 'detailed_place_flag': 1, 'stop_overflow': 0.07, 'dtype': 'float32', 'detailed_place_engine': '', 'detailed_place_command': '', 'plot_flag': 1, 'connectivity_grid_init_flag': 0, 'conn_init_sweeps': 32, 'conn_init_damping': 0.7, 'conn_capacity_spread_flag': 0, 'conn_spread_leaf_size': 16, 'conn_spread_density_slack': 1.5, 'conn_obstacle_project_flag': 0, 'conn_shrink_scale': 0, 'gamma_warmup_iters': 0, 'gamma_monotone_flag': 0, 'density_weight_warmup_iters': 0, 'random_uniform_init_flag': 0, 'filler_init_density_aware_flag': 0, 'initial_density_weight_absolute': 3.838958e-09, 'density_weight_ramp_scale': 1.0, 'plot_iteration_interval': 40, 'RePlAce_ref_hpwl': 350000, 'RePlAce_LOWER_PCOF': 0.95, 'RePlAce_UPPER_PCOF': 1.05, 'gamma': 4.0, 'RePlAce_skip_energy_flag': 0, 'random_center_init_flag': 1, 'gift_init_flag': 0, 'gift_init_scale': 0.7, 'sort_nets_by_degree': 0, 'num_threads': 8, 'dump_global_place_solution_flag': 0, 'dump_legalize_solution_flag': 0, 'routability_opt_flag': 0, 'route_num_bins_x': 512, 'route_num_bins_y': 512, 'node_area_adjust_overflow': 0.15, 'max_num_area_adjust': 3, 'adjust_nctugr_area_flag': 0, 'adjust_rudy_area_flag': 1, 'adjust_pin_area_flag': 1, 'area_adjust_stop_ratio': 0.01, 'route_area_adjust_stop_ratio': 0.01, 'pin_area_adjust_stop_ratio': 0.05, 'unit_horizontal_capacity': 1.5625, 'unit_vertical_capacity': 1.45, 'unit_pin_capacity': 0.058, 'max_route_opt_adjust_rate': 2.0, 'route_opt_adjust_exponent': 2.0, 'pin_stretch_ratio': 1.414213562, 'max_pin_opt_adjust_rate': 1.5, 'deterministic_flag': 1, 'timing_opt_flag': 0, 'early_lib_input': '', 'late_lib_input': '', 'lib_input': '', 'sdc_input': '', 'wire_resistance_per_micron': 0, 'wire_capacitance_per_micron': 0, 'net_weighting_scheme': 'lilith', 'momentum_decay_factor': 0.5, 'enable_net_weighting': 1, 'max_net_weight': 'inf', 'use_bb': 'auto', 'macro_place_flag': 'auto', 'two_stage_density_scaler': 1000, 'macro_halo_x': 0, 'macro_halo_y': 0}
[INFO   ] DREAMPlace - set shift_factor = (36, 76), as original row bbox = (36, 76, 18726, 18868)
[INFO   ] DREAMPlace - set scale_factor = 1, as site_width = 1
[INFO   ] DREAMPlace - shift coordinate system by (36, 76), scale coordinate system by 1
[INFO   ] DREAMPlace - 
================================= Benchmark Statistics =================================
#nodes = 557866, #terminals = 23084, # terminal_NIs = 0, #movable = 534782, #nets = 577235
die area = (0, 0, 18690, 18792) 3.51222e+08
row height = 12, site width = 1
#pins = 2105014, #movable_pins = 1963577
total_movable_node_area = 8.18049e+07, total_fixed_node_area = 1.34717e+08, total_space_area = 2.16505e+08
total_movable_cell_area = 8.18049e+07, total_movable_macro_area = 0
utilization = 0.377843, cell utilization = 0.377843, target_density = 1
use placeable_area = 2.16505e+08 to compute fillers
total_filler_node_area = 1.347e+08, #fillers = 939031, filler sizes = 11.9538x12
num_bins = 1024x1024, bin sizes = 1.521x1.5293
========================================================================================
[INFO   ] DREAMPlace - reading benchmark takes 14.1882 seconds
[INFO   ] DREAMPlace - reading database takes 14.19 seconds
[INFO   ] DREAMPlace - move cells to the center of layout with random noise
[INFO   ] DREAMPlace - non-linear placement initialization takes 0.81 seconds
[INFO   ] DREAMPlace - Global placement: 1024x1024 bins by default
[INFO   ] DREAMPlace - 1024x1024 bins #bins 1024x1024, bin sizes 1.521x1.5293, max_num_bins = 8, padding = 0
[INFO   ] dreamplace.ops.electric_potential.electric_potential - regard 0 cells as movable macros in global placement
[WARNING] DREAMPlace - quadratic density penalty is disabled, density weight update is forced to be based on HPWL
[INFO   ] DREAMPlace - Optimizer 'nesterov' does not rebuild the model. Every training epoch calls the function 'step()'.
[INFO   ] DREAMPlace - use nesterov optimizer
[INFO   ] DREAMPlace - add 2.5% noise
[INFO   ] dreamplace.ops.electric_potential.electric_potential - fixed density map: average 128.475, max 334.952, bin area 334.952
[INFO   ] DREAMPlace - nesterov initialization takes 0.202502 seconds
[INFO   ] DREAMPlace - state-aligned initial density weight = 3.838958E-09
[INFO   ] DREAMPlace - density_weight = 3.838958E-09
[INFO   ] DREAMPlace - plotting to lambdaentry_results/entry/bigblue2/plot/iter0000.png takes 5.578 seconds
[INFO   ] DREAMPlace - optimizer step 65.960 ms
[INFO   ] DREAMPlace - iteration    0, (   0,  0,  0), Obj 2.999209E+08, DensityWeight 0.000000E+00, wHPWL 3.774054E+08, Overflow 9.996300E-01, MaxDensity 2.827E+04, gamma 1.464141E+03, time 12.840ms
[INFO   ] DREAMPlace - full step 5682.558 ms
[INFO   ] DREAMPlace - optimizer step 45.340 ms
[INFO   ] DREAMPlace - iteration    1, (   1,  0,  0), Obj 2.288345E+08, DensityWeight 3.838958E-09, wHPWL 3.524433E+08, Overflow 9.760593E-01, MaxDensity 2.788E+04, gamma 1.461371E+03, time 5.954ms
[INFO   ] DREAMPlace - full step 58.859 ms
[INFO   ] DREAMPlace - optimizer step 42.566 ms
[INFO   ] DREAMPlace - iteration    2, (   2,  0,  0), Obj 1.938884E+08, DensityWeight 4.030100E-09, wHPWL 3.456639E+08, Overflow 9.589177E-01, MaxDensity 2.080E+04, gamma 1.295333E+03, time 8.401ms
[INFO   ] DREAMPlace - full step 58.376 ms
[INFO   ] DREAMPlace - optimizer step 42.882 ms
[INFO   ] DREAMPlace - iteration    3, (   3,  0,  0), Obj 1.807427E+08, DensityWeight 4.230335E-09, wHPWL 3.328178E+08, Overflow 9.468079E-01, MaxDensity 1.924E+04, gamma 1.186557E+03, time 6.070ms
[INFO   ] DREAMPlace - full step 56.441 ms
[INFO   ] DREAMPlace - optimizer step 43.388 ms
[INFO   ] DREAMPlace - iteration    4, (   4,  0,  0), Obj 1.707537E+08, DensityWeight 4.440075E-09, wHPWL 3.204526E+08, Overflow 9.386338E-01, MaxDensity 1.594E+04, gamma 1.115265E+03, time 6.000ms
[INFO   ] DREAMPlace - full step 53.550 ms
[INFO   ] DREAMPlace - optimizer step 44.898 ms
[INFO   ] DREAMPlace - iteration    5, (   5,  0,  0), Obj 1.625274E+08, DensityWeight 4.659749E-09, wHPWL 3.069820E+08, Overflow 9.312112E-01, MaxDensity 1.438E+04, gamma 1.069580E+03, time 6.040ms
[INFO   ] DREAMPlace - full step 58.390 ms
[INFO   ] DREAMPlace - optimizer step 45.333 ms
[INFO   ] DREAMPlace - iteration    6, (   6,  0,  0), Obj 1.557209E+08, DensityWeight 4.889801E-09, wHPWL 2.969279E+08, Overflow 9.247718E-01, MaxDensity 1.204E+04, gamma 1.029719E+03, time 8.963ms
[INFO   ] DREAMPlace - full step 61.758 ms
[INFO   ] DREAMPlace - optimizer step 50.516 ms
[INFO   ] DREAMPlace - iteration    7, (   7,  0,  0), Obj 1.501755E+08, DensityWeight 5.130699E-09, wHPWL 2.882248E+08, Overflow 9.178042E-01, MaxDensity 1.000E+04, gamma 9.963434E+02, time 17.308ms
[INFO   ] DREAMPlace - full step 75.287 ms
[INFO   ] DREAMPlace - optimizer step 43.063 ms
[INFO   ] DREAMPlace - iteration    8, (   8,  0,  0), Obj 1.453469E+08, DensityWeight 5.382925E-09, wHPWL 2.815911E+08, Overflow 9.093733E-01, MaxDensity 8.586E+03, gamma 9.614474E+02, time 6.026ms
[INFO   ] DREAMPlace - full step 56.490 ms
[INFO   ] DREAMPlace - optimizer step 63.791 ms
[INFO   ] DREAMPlace - iteration    9, (   9,  0,  0), Obj 1.412621E+08, DensityWeight 5.646986E-09, wHPWL 2.761700E+08, Overflow 9.022362E-01, MaxDensity 7.364E+03, gamma 9.208526E+02, time 8.232ms
[INFO   ] DREAMPlace - full step 79.502 ms
[INFO   ] DREAMPlace - optimizer step 56.697 ms
[INFO   ] DREAMPlace - iteration   10, (  10,  0,  0), Obj 1.381324E+08, DensityWeight 5.923408E-09, wHPWL 2.709338E+08, Overflow 8.959761E-01, MaxDensity 6.347E+03, gamma 8.878300E+02, time 8.471ms
[INFO   ] DREAMPlace - full step 72.592 ms
[INFO   ] DREAMPlace - optimizer step 21.738 ms
[INFO   ] DREAMPlace - iteration   11, (  11,  0,  0), Obj 1.350050E+08, DensityWeight 6.212741E-09, wHPWL 2.665593E+08, Overflow 8.915554E-01, MaxDensity 5.371E+03, gamma 8.598419E+02, time 6.234ms
[INFO   ] DREAMPlace - full step 35.427 ms
[INFO   ] DREAMPlace - optimizer step 44.875 ms
[INFO   ] DREAMPlace - iteration   12, (  12,  0,  0), Obj 1.325202E+08, DensityWeight 6.515554E-09, wHPWL 2.643739E+08, Overflow 8.869761E-01, MaxDensity 4.435E+03, gamma 8.406104E+02, time 6.834ms
[INFO   ] DREAMPlace - full step 59.202 ms
[INFO   ] DREAMPlace - optimizer step 19.053 ms
[INFO   ] DREAMPlace - iteration   13, (  13,  0,  0), Obj 1.286799E+08, DensityWeight 6.832444E-09, wHPWL 2.591263E+08, Overflow 8.828983E-01, MaxDensity 3.650E+03, gamma 8.211424E+02, time 9.112ms
[INFO   ] DREAMPlace - full step 35.648 ms
[INFO   ] DREAMPlace - optimizer step 22.670 ms
[INFO   ] DREAMPlace - iteration   14, (  14,  0,  0), Obj 1.256470E+08, DensityWeight 7.164029E-09, wHPWL 2.552306E+08, Overflow 8.776799E-01, MaxDensity 2.907E+03, gamma 8.041863E+02, time 5.973ms
[INFO   ] DREAMPlace - full step 36.138 ms
[INFO   ] DREAMPlace - optimizer step 20.436 ms
[INFO   ] DREAMPlace - iteration   15, (  15,  0,  0), Obj 1.230669E+08, DensityWeight 7.510955E-09, wHPWL 2.527206E+08, Overflow 8.710804E-01, MaxDensity 2.287E+03, gamma 7.829974E+02, time 7.747ms
[INFO   ] DREAMPlace - full step 35.537 ms
[INFO   ] DREAMPlace - optimizer step 28.171 ms
[INFO   ] DREAMPlace - iteration   16, (  16,  0,  0), Obj 1.205975E+08, DensityWeight 7.873894E-09, wHPWL 2.493519E+08, Overflow 8.633829E-01, MaxDensity 1.839E+03, gamma 7.569983E+02, time 17.597ms
[INFO   ] DREAMPlace - full step 53.110 ms
[INFO   ] DREAMPlace - optimizer step 22.761 ms
[INFO   ] DREAMPlace - iteration   17, (  17,  0,  0), Obj 1.183852E+08, DensityWeight 8.253545E-09, wHPWL 2.455198E+08, Overflow 8.572598E-01, MaxDensity 1.529E+03, gamma 7.277617E+02, time 5.943ms
[INFO   ] DREAMPlace - full step 36.226 ms
[INFO   ] DREAMPlace - optimizer step 26.251 ms
[INFO   ] DREAMPlace - iteration   18, (  18,  0,  0), Obj 1.167102E+08, DensityWeight 8.650637E-09, wHPWL 2.418144E+08, Overflow 8.522647E-01, MaxDensity 1.470E+03, gamma 7.053137E+02, time 9.284ms
[INFO   ] DREAMPlace - full step 43.061 ms
[INFO   ] DREAMPlace - optimizer step 22.716 ms
[INFO   ] DREAMPlace - iteration   19, (  19,  0,  0), Obj 1.149616E+08, DensityWeight 9.065926E-09, wHPWL 2.386547E+08, Overflow 8.486925E-01, MaxDensity 1.337E+03, gamma 6.875149E+02, time 5.958ms
[INFO   ] DREAMPlace - full step 36.149 ms
[INFO   ] DREAMPlace - optimizer step 17.968 ms
[INFO   ] DREAMPlace - iteration   20, (  20,  0,  0), Obj 1.130897E+08, DensityWeight 9.500202E-09, wHPWL 2.352912E+08, Overflow 8.453908E-01, MaxDensity 1.371E+03, gamma 6.750625E+02, time 5.942ms
[INFO   ] DREAMPlace - full step 31.355 ms
[INFO   ] DREAMPlace - optimizer step 22.729 ms
[INFO   ] DREAMPlace - iteration   21, (  21,  0,  0), Obj 1.110477E+08, DensityWeight 9.954285E-09, wHPWL 2.318773E+08, Overflow 8.399857E-01, MaxDensity 1.282E+03, gamma 6.637535E+02, time 5.925ms
[INFO   ] DREAMPlace - full step 36.089 ms
[INFO   ] DREAMPlace - optimizer step 22.735 ms
[INFO   ] DREAMPlace - iteration   22, (  22,  0,  0), Obj 1.091890E+08, DensityWeight 1.042903E-08, wHPWL 2.285772E+08, Overflow 8.349110E-01, MaxDensity 1.261E+03, gamma 6.456475E+02, time 5.904ms
[INFO   ] DREAMPlace - full step 33.054 ms
[INFO   ] DREAMPlace - optimizer step 22.697 ms
[INFO   ] DREAMPlace - iteration   23, (  23,  0,  0), Obj 1.080954E+08, DensityWeight 1.092532E-08, wHPWL 2.257437E+08, Overflow 8.294894E-01, MaxDensity 1.199E+03, gamma 6.290981E+02, time 5.945ms
[INFO   ] DREAMPlace - full step 36.107 ms
[INFO   ] DREAMPlace - optimizer step 22.656 ms
[INFO   ] DREAMPlace - iteration   24, (  24,  0,  0), Obj 1.071027E+08, DensityWeight 1.144409E-08, wHPWL 2.232111E+08, Overflow 8.244173E-01, MaxDensity 1.149E+03, gamma 6.118856E+02, time 5.970ms
[INFO   ] DREAMPlace - full step 36.041 ms
[INFO   ] DREAMPlace - optimizer step 22.995 ms
[INFO   ] DREAMPlace - iteration   25, (  25,  0,  0), Obj 1.061834E+08, DensityWeight 1.198629E-08, wHPWL 2.207108E+08, Overflow 8.190223E-01, MaxDensity 1.110E+03, gamma 5.962097E+02, time 4.257ms
[INFO   ] DREAMPlace - full step 34.688 ms
[INFO   ] DREAMPlace - optimizer step 22.688 ms
[INFO   ] DREAMPlace - iteration   26, (  26,  0,  0), Obj 1.051868E+08, DensityWeight 1.255292E-08, wHPWL 2.181760E+08, Overflow 8.140297E-01, MaxDensity 1.044E+03, gamma 5.799761E+02, time 6.004ms
[INFO   ] DREAMPlace - full step 36.087 ms
[INFO   ] DREAMPlace - optimizer step 17.622 ms
[INFO   ] DREAMPlace - iteration   27, (  27,  0,  0), Obj 1.043799E+08, DensityWeight 1.314502E-08, wHPWL 2.157956E+08, Overflow 8.096285E-01, MaxDensity 1.021E+03, gamma 5.653474E+02, time 5.963ms
[INFO   ] DREAMPlace - full step 31.098 ms
[INFO   ] DREAMPlace - optimizer step 22.673 ms
[INFO   ] DREAMPlace - iteration   28, (  28,  0,  0), Obj 1.036493E+08, DensityWeight 1.376368E-08, wHPWL 2.136418E+08, Overflow 8.056784E-01, MaxDensity 9.697E+02, gamma 5.527581E+02, time 5.970ms
[INFO   ] DREAMPlace - full step 36.111 ms
[INFO   ] DREAMPlace - optimizer step 22.636 ms
[INFO   ] DREAMPlace - iteration   29, (  29,  0,  0), Obj 1.028868E+08, DensityWeight 1.441001E-08, wHPWL 2.116268E+08, Overflow 8.016291E-01, MaxDensity 9.450E+02, gamma 5.416978E+02, time 5.935ms
[INFO   ] DREAMPlace - full step 36.081 ms
[INFO   ] DREAMPlace - optimizer step 22.647 ms
[INFO   ] DREAMPlace - iteration   30, (  30,  0,  0), Obj 1.020576E+08, DensityWeight 1.508519E-08, wHPWL 2.096374E+08, Overflow 7.987285E-01, MaxDensity 9.379E+02, gamma 5.305893E+02, time 5.952ms
[INFO   ] DREAMPlace - full step 36.099 ms
[INFO   ] DREAMPlace - optimizer step 24.736 ms
[INFO   ] DREAMPlace - iteration   31, (  31,  0,  0), Obj 1.012961E+08, DensityWeight 1.579042E-08, wHPWL 2.077241E+08, Overflow 7.960819E-01, MaxDensity 8.785E+02, gamma 5.227727E+02, time 5.917ms
[INFO   ] DREAMPlace - full step 38.134 ms
[INFO   ] DREAMPlace - optimizer step 25.478 ms
[INFO   ] DREAMPlace - iteration   32, (  32,  0,  0), Obj 1.003667E+08, DensityWeight 1.652697E-08, wHPWL 2.059689E+08, Overflow 7.930148E-01, MaxDensity 8.968E+02, gamma 5.157408E+02, time 12.821ms
[INFO   ] DREAMPlace - full step 45.893 ms
[INFO   ] DREAMPlace - optimizer step 22.586 ms
[INFO   ] DREAMPlace - iteration   33, (  33,  0,  0), Obj 9.940294E+07, DensityWeight 1.729614E-08, wHPWL 2.042634E+08, Overflow 7.895516E-01, MaxDensity 8.256E+02, gamma 5.077101E+02, time 5.901ms
[INFO   ] DREAMPlace - full step 35.947 ms
[INFO   ] DREAMPlace - optimizer step 21.162 ms
[INFO   ] DREAMPlace - iteration   34, (  34,  0,  0), Obj 9.856131E+07, DensityWeight 1.809930E-08, wHPWL 2.026309E+08, Overflow 7.862336E-01, MaxDensity 8.502E+02, gamma 4.987921E+02, time 5.787ms
[INFO   ] DREAMPlace - full step 34.429 ms
[INFO   ] DREAMPlace - optimizer step 22.652 ms
[INFO   ] DREAMPlace - iteration   35, (  35,  0,  0), Obj 9.787679E+07, DensityWeight 1.893786E-08, wHPWL 2.011278E+08, Overflow 7.816330E-01, MaxDensity 7.839E+02, gamma 4.903953E+02, time 5.938ms
[INFO   ] DREAMPlace - full step 36.050 ms
[INFO   ] DREAMPlace - optimizer step 18.540 ms
[INFO   ] DREAMPlace - iteration   36, (  36,  0,  0), Obj 9.721162E+07, DensityWeight 1.981330E-08, wHPWL 1.997116E+08, Overflow 7.777154E-01, MaxDensity 7.973E+02, gamma 4.789859E+02, time 6.137ms
[INFO   ] DREAMPlace - full step 32.167 ms
[INFO   ] DREAMPlace - optimizer step 21.650 ms
[INFO   ] DREAMPlace - iteration   37, (  37,  0,  0), Obj 9.680089E+07, DensityWeight 2.072712E-08, wHPWL 1.982591E+08, Overflow 7.737995E-01, MaxDensity 7.754E+02, gamma 4.694800E+02, time 6.945ms
[INFO   ] DREAMPlace - full step 36.068 ms
[INFO   ] DREAMPlace - optimizer step 22.573 ms
[INFO   ] DREAMPlace - iteration   38, (  38,  0,  0), Obj 9.630128E+07, DensityWeight 2.168093E-08, wHPWL 1.968593E+08, Overflow 7.698837E-01, MaxDensity 7.552E+02, gamma 4.601665E+02, time 5.929ms
[INFO   ] DREAMPlace - full step 35.759 ms
[INFO   ] DREAMPlace - optimizer step 22.682 ms
[INFO   ] DREAMPlace - iteration   39, (  39,  0,  0), Obj 9.579401E+07, DensityWeight 2.267636E-08, wHPWL 1.953882E+08, Overflow 7.665705E-01, MaxDensity 7.663E+02, gamma 4.510381E+02, time 5.845ms
[INFO   ] DREAMPlace - full step 36.059 ms
[INFO   ] DREAMPlace - plotting to lambdaentry_results/entry/bigblue2/plot/iter0040.png takes 4.841 seconds
[INFO   ] DREAMPlace - optimizer step 24.549 ms
[INFO   ] DREAMPlace - iteration   40, (  40,  0,  0), Obj 9.529855E+07, DensityWeight 2.371513E-08, wHPWL 1.938717E+08, Overflow 7.635283E-01, MaxDensity 7.543E+02, gamma 4.434559E+02, time 5.986ms
[INFO   ] DREAMPlace - full step 4884.933 ms
[INFO   ] DREAMPlace - optimizer step 22.715 ms
[INFO   ] DREAMPlace - iteration   41, (  41,  0,  0), Obj 9.472939E+07, DensityWeight 2.479899E-08, wHPWL 1.923695E+08, Overflow 7.602818E-01, MaxDensity 7.453E+02, gamma 4.366066E+02, time 5.802ms
[INFO   ] DREAMPlace - full step 36.175 ms
[INFO   ] DREAMPlace - optimizer step 22.727 ms
[INFO   ] DREAMPlace - iteration   42, (  42,  0,  0), Obj 9.412823E+07, DensityWeight 2.592980E-08, wHPWL 1.908418E+08, Overflow 7.571349E-01, MaxDensity 7.644E+02, gamma 4.294134E+02, time 5.936ms
[INFO   ] DREAMPlace - full step 34.485 ms
[INFO   ] DREAMPlace - optimizer step 22.247 ms
[INFO   ] DREAMPlace - iteration   43, (  43,  0,  0), Obj 9.359378E+07, DensityWeight 2.710946E-08, wHPWL 1.892974E+08, Overflow 7.541732E-01, MaxDensity 7.366E+02, gamma 4.225541E+02, time 8.511ms
[INFO   ] DREAMPlace - full step 38.208 ms
[INFO   ] DREAMPlace - optimizer step 22.619 ms
[INFO   ] DREAMPlace - iteration   44, (  44,  0,  0), Obj 9.309239E+07, DensityWeight 2.833996E-08, wHPWL 1.877849E+08, Overflow 7.504563E-01, MaxDensity 7.590E+02, gamma 4.161989E+02, time 5.924ms
[INFO   ] DREAMPlace - full step 33.821 ms
[INFO   ] DREAMPlace - optimizer step 22.747 ms
[INFO   ] DREAMPlace - iteration   45, (  45,  0,  0), Obj 9.258468E+07, DensityWeight 2.962334E-08, wHPWL 1.862684E+08, Overflow 7.466553E-01, MaxDensity 7.174E+02, gamma 4.083580E+02, time 5.949ms
[INFO   ] DREAMPlace - full step 36.111 ms
[INFO   ] DREAMPlace - optimizer step 20.411 ms
[INFO   ] DREAMPlace - iteration   46, (  46,  0,  0), Obj 9.223329E+07, DensityWeight 3.096175E-08, wHPWL 1.847194E+08, Overflow 7.432143E-01, MaxDensity 7.308E+02, gamma 4.004927E+02, time 6.024ms
[INFO   ] DREAMPlace - full step 31.722 ms
[INFO   ] DREAMPlace - optimizer step 22.753 ms
[INFO   ] DREAMPlace - iteration   47, (  47,  0,  0), Obj 9.194811E+07, DensityWeight 3.235739E-08, wHPWL 1.832177E+08, Overflow 7.400686E-01, MaxDensity 6.833E+02, gamma 3.935028E+02, time 5.940ms
[INFO   ] DREAMPlace - full step 36.112 ms
[INFO   ] DREAMPlace - optimizer step 20.480 ms
[INFO   ] DREAMPlace - iteration   48, (  48,  0,  0), Obj 9.161714E+07, DensityWeight 3.381257E-08, wHPWL 1.817125E+08, Overflow 7.369974E-01, MaxDensity 6.826E+02, gamma 3.872196E+02, time 5.991ms
[INFO   ] DREAMPlace - full step 31.750 ms
[INFO   ] DREAMPlace - optimizer step 22.680 ms
[INFO   ] DREAMPlace - iteration   49, (  49,  0,  0), Obj 9.121781E+07, DensityWeight 3.532964E-08, wHPWL 1.801444E+08, Overflow 7.350839E-01, MaxDensity 6.435E+02, gamma 3.811820E+02, time 5.929ms
[INFO   ] DREAMPlace - full step 36.021 ms
[INFO   ] DREAMPlace - optimizer step 20.341 ms
[INFO   ] DREAMPlace - iteration   50, (  50,  0,  0), Obj 9.081731E+07, DensityWeight 3.691110E-08, wHPWL 1.785686E+08, Overflow 7.328833E-01, MaxDensity 6.267E+02, gamma 3.774682E+02, time 5.918ms
[INFO   ] DREAMPlace - full step 33.674 ms
[INFO   ] DREAMPlace - optimizer step 22.367 ms
[INFO   ] DREAMPlace - iteration   51, (  51,  0,  0), Obj 9.024534E+07, DensityWeight 3.855949E-08, wHPWL 1.770595E+08, Overflow 7.315508E-01, MaxDensity 6.299E+02, gamma 3.732417E+02, time 8.329ms
[INFO   ] DREAMPlace - full step 37.964 ms
[INFO   ] DREAMPlace - optimizer step 20.258 ms
[INFO   ] DREAMPlace - iteration   52, (  52,  0,  0), Obj 8.972225E+07, DensityWeight 4.027746E-08, wHPWL 1.755446E+08, Overflow 7.296842E-01, MaxDensity 5.771E+02, gamma 3.707055E+02, time 5.982ms
[INFO   ] DREAMPlace - full step 33.525 ms
[INFO   ] DREAMPlace - optimizer step 22.693 ms
[INFO   ] DREAMPlace - iteration   53, (  53,  0,  0), Obj 8.908669E+07, DensityWeight 4.206778E-08, wHPWL 1.741206E+08, Overflow 7.287457E-01, MaxDensity 5.660E+02, gamma 3.671818E+02, time 5.905ms
[INFO   ] DREAMPlace - full step 35.861 ms
[INFO   ] DREAMPlace - optimizer step 22.441 ms
[INFO   ] DREAMPlace - iteration   54, (  54,  0,  0), Obj 8.855674E+07, DensityWeight 4.393327E-08, wHPWL 1.727264E+08, Overflow 7.272921E-01, MaxDensity 5.425E+02, gamma 3.654226E+02, time 48.645ms
[INFO   ] DREAMPlace - full step 78.423 ms
[INFO   ] DREAMPlace - optimizer step 22.712 ms
[INFO   ] DREAMPlace - iteration   55, (  55,  0,  0), Obj 8.790438E+07, DensityWeight 4.587691E-08, wHPWL 1.714181E+08, Overflow 7.260088E-01, MaxDensity 5.317E+02, gamma 3.627148E+02, time 5.913ms
[INFO   ] DREAMPlace - full step 35.936 ms
[INFO   ] DREAMPlace - optimizer step 22.685 ms
[INFO   ] DREAMPlace - iteration   56, (  56,  0,  0), Obj 8.733529E+07, DensityWeight 4.790174E-08, wHPWL 1.700996E+08, Overflow 7.253936E-01, MaxDensity 5.610E+02, gamma 3.603408E+02, time 5.890ms
[INFO   ] DREAMPlace - full step 33.245 ms
[INFO   ] DREAMPlace - optimizer step 22.619 ms
[INFO   ] DREAMPlace - iteration   57, (  57,  0,  0), Obj 8.676980E+07, DensityWeight 5.001093E-08, wHPWL 1.688507E+08, Overflow 7.246969E-01, MaxDensity 4.973E+02, gamma 3.592082E+02, time 5.999ms
[INFO   ] DREAMPlace - full step 35.957 ms
[INFO   ] DREAMPlace - optimizer step 20.987 ms
[INFO   ] DREAMPlace - iteration   58, (  58,  0,  0), Obj 8.611618E+07, DensityWeight 5.220778E-08, wHPWL 1.676537E+08, Overflow 7.241868E-01, MaxDensity 4.969E+02, gamma 3.579301E+02, time 18.012ms
[INFO   ] DREAMPlace - full step 46.311 ms
[INFO   ] DREAMPlace - optimizer step 22.621 ms
[INFO   ] DREAMPlace - iteration   59, (  59,  0,  0), Obj 8.546612E+07, DensityWeight 5.449567E-08, wHPWL 1.664396E+08, Overflow 7.237366E-01, MaxDensity 5.371E+02, gamma 3.569969E+02, time 5.897ms
[INFO   ] DREAMPlace - full step 35.797 ms
[INFO   ] DREAMPlace - optimizer step 25.022 ms
[INFO   ] DREAMPlace - iteration   60, (  60,  0,  0), Obj 8.481408E+07, DensityWeight 5.687815E-08, wHPWL 1.652883E+08, Overflow 7.234305E-01, MaxDensity 4.959E+02, gamma 3.561756E+02, time 6.957ms
[INFO   ] DREAMPlace - full step 39.291 ms
[INFO   ] DREAMPlace - optimizer step 25.068 ms
[INFO   ] DREAMPlace - iteration   61, (  61,  0,  0), Obj 8.418177E+07, DensityWeight 5.935884E-08, wHPWL 1.642042E+08, Overflow 7.232043E-01, MaxDensity 4.520E+02, gamma 3.556182E+02, time 5.936ms
[INFO   ] DREAMPlace - full step 37.858 ms
[INFO   ] DREAMPlace - optimizer step 22.682 ms
[INFO   ] DREAMPlace - iteration   62, (  62,  0,  0), Obj 8.354385E+07, DensityWeight 6.194153E-08, wHPWL 1.631706E+08, Overflow 7.226338E-01, MaxDensity 4.532E+02, gamma 3.552068E+02, time 5.902ms
[INFO   ] DREAMPlace - full step 35.880 ms
[INFO   ] DREAMPlace - optimizer step 21.964 ms
[INFO   ] DREAMPlace - iteration   63, (  63,  0,  0), Obj 8.290134E+07, DensityWeight 6.463014E-08, wHPWL 1.621553E+08, Overflow 7.217941E-01, MaxDensity 4.770E+02, gamma 3.541712E+02, time 5.887ms
[INFO   ] DREAMPlace - full step 33.002 ms
[INFO   ] DREAMPlace - optimizer step 22.703 ms
[INFO   ] DREAMPlace - iteration   64, (  64,  0,  0), Obj 8.233054E+07, DensityWeight 6.742869E-08, wHPWL 1.611839E+08, Overflow 7.210858E-01, MaxDensity 4.792E+02, gamma 3.526528E+02, time 5.929ms
[INFO   ] DREAMPlace - full step 36.284 ms
[INFO   ] DREAMPlace - optimizer step 20.197 ms
[INFO   ] DREAMPlace - iteration   65, (  65,  0,  0), Obj 8.183487E+07, DensityWeight 7.034140E-08, wHPWL 1.602754E+08, Overflow 7.201028E-01, MaxDensity 4.633E+02, gamma 3.513772E+02, time 5.862ms
[INFO   ] DREAMPlace - full step 33.403 ms
[INFO   ] DREAMPlace - optimizer step 22.699 ms
[INFO   ] DREAMPlace - iteration   66, (  66,  0,  0), Obj 8.133892E+07, DensityWeight 7.337259E-08, wHPWL 1.594171E+08, Overflow 7.196675E-01, MaxDensity 4.129E+02, gamma 3.496142E+02, time 5.945ms
[INFO   ] DREAMPlace - full step 35.891 ms
[INFO   ] DREAMPlace - optimizer step 22.574 ms
[INFO   ] DREAMPlace - iteration   67, (  67,  0,  0), Obj 8.088106E+07, DensityWeight 7.652675E-08, wHPWL 1.585294E+08, Overflow 7.188114E-01, MaxDensity 4.253E+02, gamma 3.488363E+02, time 5.960ms
[INFO   ] DREAMPlace - full step 35.858 ms
[INFO   ] DREAMPlace - optimizer step 22.528 ms
[INFO   ] DREAMPlace - iteration   68, (  68,  0,  0), Obj 8.035076E+07, DensityWeight 7.980851E-08, wHPWL 1.576672E+08, Overflow 7.185206E-01, MaxDensity 4.093E+02, gamma 3.473115E+02, time 5.935ms
[INFO   ] DREAMPlace - full step 35.698 ms
[INFO   ] DREAMPlace - optimizer step 22.644 ms
[INFO   ] DREAMPlace - iteration   69, (  69,  0,  0), Obj 7.989034E+07, DensityWeight 8.322268E-08, wHPWL 1.567958E+08, Overflow 7.181154E-01, MaxDensity 4.185E+02, gamma 3.467953E+02, time 3.288ms
[INFO   ] DREAMPlace - full step 33.270 ms
[INFO   ] DREAMPlace - optimizer step 22.551 ms
[INFO   ] DREAMPlace - iteration   70, (  70,  0,  0), Obj 7.937466E+07, DensityWeight 8.677423E-08, wHPWL 1.559953E+08, Overflow 7.192726E-01, MaxDensity 4.379E+02, gamma 3.460768E+02, time 5.920ms
[INFO   ] DREAMPlace - full step 35.763 ms
[INFO   ] DREAMPlace - optimizer step 22.691 ms
[INFO   ] DREAMPlace - iteration   71, (  71,  0,  0), Obj 7.888102E+07, DensityWeight 9.046830E-08, wHPWL 1.551890E+08, Overflow 7.192987E-01, MaxDensity 4.193E+02, gamma 3.481321E+02, time 5.923ms
[INFO   ] DREAMPlace - full step 33.815 ms
[INFO   ] DREAMPlace - optimizer step 22.616 ms
[INFO   ] DREAMPlace - iteration   72, (  72,  0,  0), Obj 7.815898E+07, DensityWeight 9.431020E-08, wHPWL 1.544137E+08, Overflow 7.202601E-01, MaxDensity 4.081E+02, gamma 3.481787E+02, time 5.918ms
[INFO   ] DREAMPlace - full step 35.808 ms
[INFO   ] DREAMPlace - optimizer step 22.652 ms
[INFO   ] DREAMPlace - iteration   73, (  73,  0,  0), Obj 7.759398E+07, DensityWeight 9.830542E-08, wHPWL 1.535882E+08, Overflow 7.205912E-01, MaxDensity 4.172E+02, gamma 3.498957E+02, time 5.928ms
[INFO   ] DREAMPlace - full step 34.122 ms
[INFO   ] DREAMPlace - optimizer step 22.533 ms
[INFO   ] DREAMPlace - iteration   74, (  74,  0,  0), Obj 7.695400E+07, DensityWeight 1.024596E-07, wHPWL 1.529142E+08, Overflow 7.222087E-01, MaxDensity 3.779E+02, gamma 3.504889E+02, time 5.933ms
[INFO   ] DREAMPlace - full step 35.772 ms
[INFO   ] DREAMPlace - optimizer step 22.308 ms
[INFO   ] DREAMPlace - iteration   75, (  75,  0,  0), Obj 7.642181E+07, DensityWeight 1.067787E-07, wHPWL 1.522575E+08, Overflow 7.233055E-01, MaxDensity 4.151E+02, gamma 3.534018E+02, time 6.288ms
[INFO   ] DREAMPlace - full step 34.095 ms
[INFO   ] DREAMPlace - optimizer step 22.703 ms
[INFO   ] DREAMPlace - iteration   76, (  76,  0,  0), Obj 7.570900E+07, DensityWeight 1.112688E-07, wHPWL 1.516240E+08, Overflow 7.242909E-01, MaxDensity 3.869E+02, gamma 3.553908E+02, time 5.922ms
[INFO   ] DREAMPlace - full step 35.898 ms
[INFO   ] DREAMPlace - optimizer step 22.685 ms
[INFO   ] DREAMPlace - iteration   77, (  77,  0,  0), Obj 7.505620E+07, DensityWeight 1.159360E-07, wHPWL 1.509255E+08, Overflow 7.249501E-01, MaxDensity 3.744E+02, gamma 3.571873E+02, time 5.842ms
[INFO   ] DREAMPlace - full step 34.107 ms
[INFO   ] DREAMPlace - optimizer step 22.611 ms
[INFO   ] DREAMPlace - iteration   78, (  78,  0,  0), Obj 7.446155E+07, DensityWeight 1.207869E-07, wHPWL 1.503097E+08, Overflow 7.256398E-01, MaxDensity 3.923E+02, gamma 3.583941E+02, time 5.933ms
[INFO   ] DREAMPlace - full step 35.834 ms
[INFO   ] DREAMPlace - optimizer step 26.402 ms
[INFO   ] DREAMPlace - iteration   79, (  79,  0,  0), Obj 7.395900E+07, DensityWeight 1.258283E-07, wHPWL 1.497757E+08, Overflow 7.264332E-01, MaxDensity 3.395E+02, gamma 3.596612E+02, time 6.684ms
[INFO   ] DREAMPlace - full step 38.581 ms
[INFO   ] DREAMPlace - plotting to lambdaentry_results/entry/bigblue2/plot/iter0080.png takes 4.915 seconds
[INFO   ] DREAMPlace - optimizer step 20.870 ms
[INFO   ] DREAMPlace - iteration   80, (  80,  0,  0), Obj 7.346386E+07, DensityWeight 1.310669E-07, wHPWL 1.492593E+08, Overflow 7.273001E-01, MaxDensity 3.871E+02, gamma 3.611241E+02, time 5.954ms
[INFO   ] DREAMPlace - full step 4953.471 ms
[INFO   ] DREAMPlace - optimizer step 19.358 ms
[INFO   ] DREAMPlace - iteration   81, (  81,  0,  0), Obj 7.294438E+07, DensityWeight 1.365100E-07, wHPWL 1.486947E+08, Overflow 7.279432E-01, MaxDensity 3.258E+02, gamma 3.627296E+02, time 5.814ms
[INFO   ] DREAMPlace - full step 31.945 ms
[INFO   ] DREAMPlace - optimizer step 19.191 ms
[INFO   ] DREAMPlace - iteration   82, (  82,  0,  0), Obj 7.241854E+07, DensityWeight 1.421649E-07, wHPWL 1.481282E+08, Overflow 7.282600E-01, MaxDensity 3.440E+02, gamma 3.639251E+02, time 5.961ms
[INFO   ] DREAMPlace - full step 31.803 ms
[INFO   ] DREAMPlace - optimizer step 26.037 ms
[INFO   ] DREAMPlace - iteration   83, (  83,  0,  0), Obj 7.194952E+07, DensityWeight 1.480392E-07, wHPWL 1.475990E+08, Overflow 7.281217E-01, MaxDensity 3.510E+02, gamma 3.645154E+02, time 12.240ms
[INFO   ] DREAMPlace - full step 42.961 ms
[INFO   ] DREAMPlace - optimizer step 2.547 ms
[INFO   ] DREAMPlace - iteration   84, (  84,  0,  0), Obj 7.155724E+07, DensityWeight 1.541409E-07, wHPWL 1.471322E+08, Overflow 7.275414E-01, MaxDensity 3.118E+02, gamma 3.642577E+02, time 1.504ms
[INFO   ] DREAMPlace - full step 4.610 ms
[INFO   ] DREAMPlace - optimizer step 2.486 ms
[INFO   ] DREAMPlace - iteration   85, (  85,  0,  0), Obj 7.124606E+07, DensityWeight 1.604780E-07, wHPWL 1.466788E+08, Overflow 7.263744E-01, MaxDensity 3.354E+02, gamma 3.631779E+02, time 1.461ms
[INFO   ] DREAMPlace - full step 4.452 ms
[INFO   ] DREAMPlace - optimizer step 2.764 ms
[INFO   ] DREAMPlace - iteration   86, (  86,  0,  0), Obj 7.100607E+07, DensityWeight 1.670589E-07, wHPWL 1.462212E+08, Overflow 7.260827E-01, MaxDensity 2.998E+02, gamma 3.610157E+02, time 1.448ms
[INFO   ] DREAMPlace - full step 4.715 ms
[INFO   ] DREAMPlace - optimizer step 2.439 ms
[INFO   ] DREAMPlace - iteration   87, (  87,  0,  0), Obj 7.085984E+07, DensityWeight 1.738923E-07, wHPWL 1.457478E+08, Overflow 7.249482E-01, MaxDensity 3.216E+02, gamma 3.604770E+02, time 1.503ms
[INFO   ] DREAMPlace - full step 4.416 ms
[INFO   ] DREAMPlace - optimizer step 4.097 ms
[INFO   ] DREAMPlace - iteration   88, (  88,  0,  0), Obj 7.059955E+07, DensityWeight 1.809871E-07, wHPWL 1.452851E+08, Overflow 7.243189E-01, MaxDensity 2.860E+02, gamma 3.583906E+02, time 5.882ms
[INFO   ] DREAMPlace - full step 13.143 ms
[INFO   ] DREAMPlace - optimizer step 4.262 ms
[INFO   ] DREAMPlace - iteration   89, (  89,  0,  0), Obj 7.044511E+07, DensityWeight 1.883526E-07, wHPWL 1.447564E+08, Overflow 7.237556E-01, MaxDensity 3.335E+02, gamma 3.572383E+02, time 1.618ms
[INFO   ] DREAMPlace - full step 6.801 ms
[INFO   ] DREAMPlace - optimizer step 3.980 ms
[INFO   ] DREAMPlace - iteration   90, (  90,  0,  0), Obj 7.024535E+07, DensityWeight 1.959982E-07, wHPWL 1.442817E+08, Overflow 7.237872E-01, MaxDensity 2.887E+02, gamma 3.562101E+02, time 1.612ms
[INFO   ] DREAMPlace - full step 6.499 ms
[INFO   ] DREAMPlace - optimizer step 21.552 ms
[INFO   ] DREAMPlace - iteration   91, (  91,  0,  0), Obj 7.004526E+07, DensityWeight 2.039337E-07, wHPWL 1.438144E+08, Overflow 7.231961E-01, MaxDensity 3.166E+02, gamma 3.562679E+02, time 4.127ms
[INFO   ] DREAMPlace - full step 30.886 ms
[INFO   ] DREAMPlace - optimizer step 20.323 ms
[INFO   ] DREAMPlace - iteration   92, (  92,  0,  0), Obj 6.976146E+07, DensityWeight 2.121693E-07, wHPWL 1.433562E+08, Overflow 7.225193E-01, MaxDensity 3.243E+02, gamma 3.551918E+02, time 5.902ms
[INFO   ] DREAMPlace - full step 33.474 ms
[INFO   ] DREAMPlace - optimizer step 20.462 ms
[INFO   ] DREAMPlace - iteration   93, (  93,  0,  0), Obj 6.956865E+07, DensityWeight 2.207155E-07, wHPWL 1.428857E+08, Overflow 7.213159E-01, MaxDensity 2.799E+02, gamma 3.539638E+02, time 4.089ms
[INFO   ] DREAMPlace - full step 31.421 ms
[INFO   ] DREAMPlace - optimizer step 22.133 ms
[INFO   ] DREAMPlace - iteration   94, (  94,  0,  0), Obj 6.942052E+07, DensityWeight 2.295829E-07, wHPWL 1.424914E+08, Overflow 7.202671E-01, MaxDensity 3.285E+02, gamma 3.517910E+02, time 5.906ms
[INFO   ] DREAMPlace - full step 35.243 ms
[INFO   ] DREAMPlace - optimizer step 22.489 ms
[INFO   ] DREAMPlace - iteration   95, (  95,  0,  0), Obj 6.936545E+07, DensityWeight 2.387827E-07, wHPWL 1.421177E+08, Overflow 7.198041E-01, MaxDensity 2.744E+02, gamma 3.499082E+02, time 5.945ms
[INFO   ] DREAMPlace - full step 35.737 ms
[INFO   ] DREAMPlace - optimizer step 20.445 ms
[INFO   ] DREAMPlace - iteration   96, (  96,  0,  0), Obj 6.929529E+07, DensityWeight 2.483263E-07, wHPWL 1.417480E+08, Overflow 7.194364E-01, MaxDensity 3.025E+02, gamma 3.490802E+02, time 5.895ms
[INFO   ] DREAMPlace - full step 33.606 ms
[INFO   ] DREAMPlace - optimizer step 22.137 ms
[INFO   ] DREAMPlace - iteration   97, (  97,  0,  0), Obj 6.913710E+07, DensityWeight 2.582255E-07, wHPWL 1.413365E+08, Overflow 7.191343E-01, MaxDensity 2.953E+02, gamma 3.484240E+02, time 4.089ms
[INFO   ] DREAMPlace - full step 33.086 ms
[INFO   ] DREAMPlace - optimizer step 22.527 ms
[INFO   ] DREAMPlace - iteration   98, (  98,  0,  0), Obj 6.896442E+07, DensityWeight 2.684924E-07, wHPWL 1.409098E+08, Overflow 7.192571E-01, MaxDensity 2.600E+02, gamma 3.478858E+02, time 5.831ms
[INFO   ] DREAMPlace - full step 35.598 ms
[INFO   ] DREAMPlace - optimizer step 22.530 ms
[INFO   ] DREAMPlace - iteration   99, (  99,  0,  0), Obj 6.880998E+07, DensityWeight 2.791397E-07, wHPWL 1.405200E+08, Overflow 7.192360E-01, MaxDensity 2.859E+02, gamma 3.481046E+02, time 5.933ms
[INFO   ] DREAMPlace - full step 35.649 ms
[INFO   ] DREAMPlace - optimizer step 20.583 ms
[INFO   ] DREAMPlace - iteration  100, ( 100,  0,  0), Obj 6.862502E+07, DensityWeight 2.901802E-07, wHPWL 1.401929E+08, Overflow 7.189199E-01, MaxDensity 2.391E+02, gamma 3.480670E+02, time 5.927ms
[INFO   ] DREAMPlace - full step 33.787 ms
[INFO   ] DREAMPlace - optimizer step 20.413 ms
[INFO   ] DREAMPlace - iteration  101, ( 101,  0,  0), Obj 6.846722E+07, DensityWeight 3.016272E-07, wHPWL 1.398599E+08, Overflow 7.196375E-01, MaxDensity 2.517E+02, gamma 3.475043E+02, time 5.893ms
[INFO   ] DREAMPlace - full step 33.572 ms
[INFO   ] DREAMPlace - optimizer step 20.452 ms
[INFO   ] DREAMPlace - iteration  102, ( 102,  0,  0), Obj 6.836436E+07, DensityWeight 3.134944E-07, wHPWL 1.395504E+08, Overflow 7.203621E-01, MaxDensity 2.287E+02, gamma 3.487826E+02, time 5.900ms
[INFO   ] DREAMPlace - full step 33.633 ms
[INFO   ] DREAMPlace - optimizer step 20.755 ms
[INFO   ] DREAMPlace - iteration  103, ( 103,  0,  0), Obj 6.814311E+07, DensityWeight 3.257960E-07, wHPWL 1.392689E+08, Overflow 7.207313E-01, MaxDensity 2.536E+02, gamma 3.500782E+02, time 5.904ms
[INFO   ] DREAMPlace - full step 33.964 ms
[INFO   ] DREAMPlace - optimizer step 22.296 ms
[INFO   ] DREAMPlace - iteration  104, ( 104,  0,  0), Obj 6.791728E+07, DensityWeight 3.385463E-07, wHPWL 1.389785E+08, Overflow 7.207099E-01, MaxDensity 2.061E+02, gamma 3.507402E+02, time 5.897ms
[INFO   ] DREAMPlace - full step 33.709 ms
[INFO   ] DREAMPlace - optimizer step 20.664 ms
[INFO   ] DREAMPlace - iteration  105, ( 105,  0,  0), Obj 6.775754E+07, DensityWeight 3.517605E-07, wHPWL 1.387126E+08, Overflow 7.205836E-01, MaxDensity 2.429E+02, gamma 3.507019E+02, time 5.935ms
[INFO   ] DREAMPlace - full step 33.917 ms
[INFO   ] DREAMPlace - optimizer step 20.703 ms
[INFO   ] DREAMPlace - iteration  106, ( 106,  0,  0), Obj 6.768342E+07, DensityWeight 3.654539E-07, wHPWL 1.385297E+08, Overflow 7.201962E-01, MaxDensity 2.229E+02, gamma 3.504754E+02, time 5.908ms
[INFO   ] DREAMPlace - full step 33.927 ms
[INFO   ] DREAMPlace - optimizer step 20.731 ms
[INFO   ] DREAMPlace - iteration  107, ( 107,  0,  0), Obj 6.764018E+07, DensityWeight 3.796424E-07, wHPWL 1.383752E+08, Overflow 7.195112E-01, MaxDensity 2.104E+02, gamma 3.497814E+02, time 5.868ms
[INFO   ] DREAMPlace - full step 33.899 ms
[INFO   ] DREAMPlace - optimizer step 18.535 ms
[INFO   ] DREAMPlace - iteration  108, ( 108,  0,  0), Obj 6.762840E+07, DensityWeight 3.943424E-07, wHPWL 1.382068E+08, Overflow 7.185521E-01, MaxDensity 2.165E+02, gamma 3.485574E+02, time 5.891ms
[INFO   ] DREAMPlace - full step 25.736 ms
[INFO   ] DREAMPlace - optimizer step 4.124 ms
[INFO   ] DREAMPlace - iteration  109, ( 109,  0,  0), Obj 6.766007E+07, DensityWeight 4.095705E-07, wHPWL 1.380281E+08, Overflow 7.173657E-01, MaxDensity 1.706E+02, gamma 3.468509E+02, time 1.585ms
[INFO   ] DREAMPlace - full step 6.683 ms
[INFO   ] DREAMPlace - optimizer step 10.153 ms
[INFO   ] DREAMPlace - iteration  110, ( 110,  0,  0), Obj 6.774295E+07, DensityWeight 4.253442E-07, wHPWL 1.378793E+08, Overflow 7.164112E-01, MaxDensity 1.881E+02, gamma 3.447520E+02, time 1.612ms
[INFO   ] DREAMPlace - full step 14.823 ms
[INFO   ] DREAMPlace - optimizer step 19.955 ms
[INFO   ] DREAMPlace - iteration  111, ( 111,  0,  0), Obj 6.786804E+07, DensityWeight 4.416812E-07, wHPWL 1.377481E+08, Overflow 7.157601E-01, MaxDensity 1.721E+02, gamma 3.430721E+02, time 5.911ms
[INFO   ] DREAMPlace - full step 33.176 ms
[INFO   ] DREAMPlace - optimizer step 20.575 ms
[INFO   ] DREAMPlace - iteration  112, ( 112,  0,  0), Obj 6.796462E+07, DensityWeight 4.585998E-07, wHPWL 1.376209E+08, Overflow 7.151705E-01, MaxDensity 1.574E+02, gamma 3.419311E+02, time 5.998ms
[INFO   ] DREAMPlace - full step 33.878 ms
[INFO   ] DREAMPlace - optimizer step 22.943 ms
[INFO   ] DREAMPlace - iteration  113, ( 113,  0,  0), Obj 6.801458E+07, DensityWeight 4.761188E-07, wHPWL 1.374735E+08, Overflow 7.144908E-01, MaxDensity 1.604E+02, gamma 3.409011E+02, time 5.000ms
[INFO   ] DREAMPlace - full step 35.224 ms
[INFO   ] DREAMPlace - optimizer step 22.639 ms
[INFO   ] DREAMPlace - iteration  114, ( 114,  0,  0), Obj 6.805556E+07, DensityWeight 4.942577E-07, wHPWL 1.373348E+08, Overflow 7.139218E-01, MaxDensity 1.619E+02, gamma 3.397175E+02, time 5.908ms
[INFO   ] DREAMPlace - full step 35.849 ms
[INFO   ] DREAMPlace - optimizer step 22.629 ms
[INFO   ] DREAMPlace - iteration  115, ( 115,  0,  0), Obj 6.811878E+07, DensityWeight 5.130364E-07, wHPWL 1.372271E+08, Overflow 7.132971E-01, MaxDensity 1.479E+02, gamma 3.387298E+02, time 5.923ms
[INFO   ] DREAMPlace - full step 33.176 ms
[INFO   ] DREAMPlace - optimizer step 19.986 ms
[INFO   ] DREAMPlace - iteration  116, ( 116,  0,  0), Obj 6.817670E+07, DensityWeight 5.324752E-07, wHPWL 1.371595E+08, Overflow 7.127351E-01, MaxDensity 1.732E+02, gamma 3.376487E+02, time 5.916ms
[INFO   ] DREAMPlace - full step 33.180 ms
[INFO   ] DREAMPlace - optimizer step 20.007 ms
[INFO   ] DREAMPlace - iteration  117, ( 117,  0,  0), Obj 6.823950E+07, DensityWeight 5.525953E-07, wHPWL 1.370896E+08, Overflow 7.121785E-01, MaxDensity 1.521E+02, gamma 3.366792E+02, time 5.887ms
[INFO   ] DREAMPlace - full step 33.204 ms
[INFO   ] DREAMPlace - optimizer step 21.448 ms
[INFO   ] DREAMPlace - iteration  118, ( 118,  0,  0), Obj 6.829085E+07, DensityWeight 5.734183E-07, wHPWL 1.370245E+08, Overflow 7.119528E-01, MaxDensity 1.621E+02, gamma 3.357216E+02, time 6.993ms
[INFO   ] DREAMPlace - full step 35.763 ms
[INFO   ] DREAMPlace - optimizer step 22.669 ms
[INFO   ] DREAMPlace - iteration  119, ( 119,  0,  0), Obj 6.834138E+07, DensityWeight 5.949665E-07, wHPWL 1.369636E+08, Overflow 7.115803E-01, MaxDensity 1.563E+02, gamma 3.353342E+02, time 5.913ms
[INFO   ] DREAMPlace - full step 33.810 ms
[INFO   ] DREAMPlace - plotting to lambdaentry_results/entry/bigblue2/plot/iter0120.png takes 4.993 seconds
[INFO   ] DREAMPlace - optimizer step 20.419 ms
[INFO   ] DREAMPlace - iteration  120, ( 120,  0,  0), Obj 6.835009E+07, DensityWeight 6.172626E-07, wHPWL 1.369263E+08, Overflow 7.112972E-01, MaxDensity 1.417E+02, gamma 3.346957E+02, time 5.903ms
[INFO   ] DREAMPlace - full step 5030.864 ms
[INFO   ] DREAMPlace - optimizer step 19.736 ms
[INFO   ] DREAMPlace - iteration  121, ( 121,  0,  0), Obj 6.837505E+07, DensityWeight 6.403303E-07, wHPWL 1.368916E+08, Overflow 7.108300E-01, MaxDensity 1.471E+02, gamma 3.342112E+02, time 5.844ms
[INFO   ] DREAMPlace - full step 32.991 ms
[INFO   ] DREAMPlace - optimizer step 17.937 ms
[INFO   ] DREAMPlace - iteration  122, ( 122,  0,  0), Obj 6.839083E+07, DensityWeight 6.641936E-07, wHPWL 1.368819E+08, Overflow 7.099829E-01, MaxDensity 1.323E+02, gamma 3.334133E+02, time 5.915ms
[INFO   ] DREAMPlace - full step 31.240 ms
[INFO   ] DREAMPlace - optimizer step 17.457 ms
[INFO   ] DREAMPlace - iteration  123, ( 123,  0,  0), Obj 6.843118E+07, DensityWeight 6.888774E-07, wHPWL 1.368797E+08, Overflow 7.093440E-01, MaxDensity 1.411E+02, gamma 3.319712E+02, time 5.896ms
[INFO   ] DREAMPlace - full step 30.698 ms
[INFO   ] DREAMPlace - optimizer step 17.658 ms
[INFO   ] DREAMPlace - iteration  124, ( 124,  0,  0), Obj 6.852249E+07, DensityWeight 7.144070E-07, wHPWL 1.368931E+08, Overflow 7.086822E-01, MaxDensity 1.489E+02, gamma 3.308876E+02, time 5.932ms
[INFO   ] DREAMPlace - full step 30.867 ms
[INFO   ] DREAMPlace - optimizer step 17.206 ms
[INFO   ] DREAMPlace - iteration  125, ( 125,  0,  0), Obj 6.858917E+07, DensityWeight 7.487266E-07, wHPWL 1.369126E+08, Overflow 7.080011E-01, MaxDensity 1.395E+02, gamma 3.297691E+02, time 5.920ms
[INFO   ] DREAMPlace - full step 30.377 ms
[INFO   ] DREAMPlace - optimizer step 17.214 ms
[INFO   ] DREAMPlace - iteration  126, ( 126,  0,  0), Obj 6.865145E+07, DensityWeight 7.840335E-07, wHPWL 1.369243E+08, Overflow 7.073587E-01, MaxDensity 1.501E+02, gamma 3.286219E+02, time 5.308ms
[INFO   ] DREAMPlace - full step 30.438 ms
[INFO   ] DREAMPlace - optimizer step 17.298 ms
[INFO   ] DREAMPlace - iteration  127, ( 127,  0,  0), Obj 6.871369E+07, DensityWeight 8.218904E-07, wHPWL 1.369305E+08, Overflow 7.065228E-01, MaxDensity 1.358E+02, gamma 3.275434E+02, time 5.947ms
[INFO   ] DREAMPlace - full step 30.595 ms
[INFO   ] DREAMPlace - optimizer step 20.332 ms
[INFO   ] DREAMPlace - iteration  128, ( 128,  0,  0), Obj 6.877630E+07, DensityWeight 8.622461E-07, wHPWL 1.369601E+08, Overflow 7.057951E-01, MaxDensity 1.352E+02, gamma 3.261454E+02, time 10.402ms
[INFO   ] DREAMPlace - full step 38.074 ms
[INFO   ] DREAMPlace - optimizer step 18.827 ms
[INFO   ] DREAMPlace - iteration  129, ( 129,  0,  0), Obj 6.886808E+07, DensityWeight 9.016202E-07, wHPWL 1.370037E+08, Overflow 7.050032E-01, MaxDensity 1.411E+02, gamma 3.249332E+02, time 5.973ms
[INFO   ] DREAMPlace - full step 32.136 ms
[INFO   ] DREAMPlace - optimizer step 21.902 ms
[INFO   ] DREAMPlace - iteration  130, ( 130,  0,  0), Obj 6.894878E+07, DensityWeight 9.409752E-07, wHPWL 1.370627E+08, Overflow 7.043681E-01, MaxDensity 1.261E+02, gamma 3.236192E+02, time 5.960ms
[INFO   ] DREAMPlace - full step 35.159 ms
[INFO   ] DREAMPlace - optimizer step 22.596 ms
[INFO   ] DREAMPlace - iteration  131, ( 131,  0,  0), Obj 6.903538E+07, DensityWeight 9.799278E-07, wHPWL 1.371176E+08, Overflow 7.035421E-01, MaxDensity 1.328E+02, gamma 3.225692E+02, time 2.813ms
[INFO   ] DREAMPlace - full step 32.823 ms
[INFO   ] DREAMPlace - optimizer step 22.354 ms
[INFO   ] DREAMPlace - iteration  132, ( 132,  0,  0), Obj 6.910123E+07, DensityWeight 1.021073E-06, wHPWL 1.371791E+08, Overflow 7.025884E-01, MaxDensity 1.250E+02, gamma 3.212087E+02, time 24.478ms
[INFO   ] DREAMPlace - full step 52.821 ms
[INFO   ] DREAMPlace - optimizer step 24.651 ms
[INFO   ] DREAMPlace - iteration  133, ( 133,  0,  0), Obj 6.919277E+07, DensityWeight 1.062981E-06, wHPWL 1.372482E+08, Overflow 7.018267E-01, MaxDensity 1.109E+02, gamma 3.196452E+02, time 5.948ms
[INFO   ] DREAMPlace - full step 37.907 ms
[INFO   ] DREAMPlace - optimizer step 18.889 ms
[INFO   ] DREAMPlace - iteration  134, ( 134,  0,  0), Obj 6.930830E+07, DensityWeight 1.105435E-06, wHPWL 1.373396E+08, Overflow 7.011876E-01, MaxDensity 1.216E+02, gamma 3.184017E+02, time 5.939ms
[INFO   ] DREAMPlace - full step 32.149 ms
[INFO   ] DREAMPlace - optimizer step 21.799 ms
[INFO   ] DREAMPlace - iteration  135, ( 135,  0,  0), Obj 6.940322E+07, DensityWeight 1.146003E-06, wHPWL 1.374432E+08, Overflow 7.005337E-01, MaxDensity 1.098E+02, gamma 3.173621E+02, time 5.945ms
[INFO   ] DREAMPlace - full step 34.976 ms
[INFO   ] DREAMPlace - optimizer step 22.622 ms
[INFO   ] DREAMPlace - iteration  136, ( 136,  0,  0), Obj 6.947445E+07, DensityWeight 1.186053E-06, wHPWL 1.375375E+08, Overflow 7.001148E-01, MaxDensity 1.022E+02, gamma 3.163022E+02, time 3.409ms
[INFO   ] DREAMPlace - full step 33.356 ms
[INFO   ] DREAMPlace - optimizer step 22.606 ms
[INFO   ] DREAMPlace - iteration  137, ( 137,  0,  0), Obj 6.954517E+07, DensityWeight 1.229094E-06, wHPWL 1.376308E+08, Overflow 6.996593E-01, MaxDensity 1.055E+02, gamma 3.156248E+02, time 3.764ms
[INFO   ] DREAMPlace - full step 32.159 ms
[INFO   ] DREAMPlace - optimizer step 22.608 ms
[INFO   ] DREAMPlace - iteration  138, ( 138,  0,  0), Obj 6.959219E+07, DensityWeight 1.273873E-06, wHPWL 1.377453E+08, Overflow 6.991782E-01, MaxDensity 9.556E+01, gamma 3.148903E+02, time 5.895ms
[INFO   ] DREAMPlace - full step 33.835 ms
[INFO   ] DREAMPlace - optimizer step 22.107 ms
[INFO   ] DREAMPlace - iteration  139, ( 139,  0,  0), Obj 6.964466E+07, DensityWeight 1.316381E-06, wHPWL 1.378684E+08, Overflow 6.988714E-01, MaxDensity 9.307E+01, gamma 3.141158E+02, time 6.457ms
[INFO   ] DREAMPlace - full step 35.973 ms
[INFO   ] DREAMPlace - optimizer step 22.622 ms
[INFO   ] DREAMPlace - iteration  140, ( 140,  0,  0), Obj 6.970261E+07, DensityWeight 1.358683E-06, wHPWL 1.379996E+08, Overflow 6.984782E-01, MaxDensity 9.113E+01, gamma 3.136231E+02, time 5.909ms
[INFO   ] DREAMPlace - full step 35.804 ms
[INFO   ] DREAMPlace - optimizer step 22.558 ms
[INFO   ] DREAMPlace - iteration  141, ( 141,  0,  0), Obj 6.974035E+07, DensityWeight 1.400775E-06, wHPWL 1.381386E+08, Overflow 6.983868E-01, MaxDensity 8.962E+01, gamma 3.129929E+02, time 5.901ms
[INFO   ] DREAMPlace - full step 35.708 ms
[INFO   ] DREAMPlace - optimizer step 22.582 ms
[INFO   ] DREAMPlace - iteration  142, ( 142,  0,  0), Obj 6.978426E+07, DensityWeight 1.442580E-06, wHPWL 1.382696E+08, Overflow 6.985160E-01, MaxDensity 8.770E+01, gamma 3.128464E+02, time 5.892ms
[INFO   ] DREAMPlace - full step 35.802 ms
[INFO   ] DREAMPlace - optimizer step 22.576 ms
[INFO   ] DREAMPlace - iteration  143, ( 143,  0,  0), Obj 6.979059E+07, DensityWeight 1.487298E-06, wHPWL 1.384051E+08, Overflow 6.982758E-01, MaxDensity 8.648E+01, gamma 3.130533E+02, time 5.885ms
[INFO   ] DREAMPlace - full step 36.077 ms
[INFO   ] DREAMPlace - optimizer step 22.582 ms
[INFO   ] DREAMPlace - iteration  144, ( 144,  0,  0), Obj 6.976253E+07, DensityWeight 1.532434E-06, wHPWL 1.385356E+08, Overflow 6.981589E-01, MaxDensity 8.512E+01, gamma 3.126688E+02, time 5.914ms
[INFO   ] DREAMPlace - full step 35.822 ms
[INFO   ] DREAMPlace - optimizer step 22.798 ms
[INFO   ] DREAMPlace - iteration  145, ( 145,  0,  0), Obj 6.978037E+07, DensityWeight 1.580063E-06, wHPWL 1.386629E+08, Overflow 6.977141E-01, MaxDensity 8.375E+01, gamma 3.124818E+02, time 10.534ms
[INFO   ] DREAMPlace - full step 40.755 ms
[INFO   ] DREAMPlace - optimizer step 22.647 ms
[INFO   ] DREAMPlace - iteration  146, ( 146,  0,  0), Obj 6.979851E+07, DensityWeight 1.629886E-06, wHPWL 1.388259E+08, Overflow 6.975335E-01, MaxDensity 8.222E+01, gamma 3.117715E+02, time 6.007ms
[INFO   ] DREAMPlace - full step 36.027 ms
[INFO   ] DREAMPlace - optimizer step 22.908 ms
[INFO   ] DREAMPlace - iteration  147, ( 147,  0,  0), Obj 6.985647E+07, DensityWeight 1.672926E-06, wHPWL 1.389821E+08, Overflow 6.971830E-01, MaxDensity 8.015E+01, gamma 3.114834E+02, time 5.964ms
[INFO   ] DREAMPlace - full step 35.888 ms
[INFO   ] DREAMPlace - optimizer step 24.754 ms
[INFO   ] DREAMPlace - iteration  148, ( 148,  0,  0), Obj 6.987734E+07, DensityWeight 1.718736E-06, wHPWL 1.391308E+08, Overflow 6.969423E-01, MaxDensity 7.932E+01, gamma 3.109254E+02, time 5.900ms
[INFO   ] DREAMPlace - full step 38.015 ms
[INFO   ] DREAMPlace - optimizer step 22.543 ms
[INFO   ] DREAMPlace - iteration  149, ( 149,  0,  0), Obj 6.990906E+07, DensityWeight 1.767652E-06, wHPWL 1.392517E+08, Overflow 6.964989E-01, MaxDensity 7.664E+01, gamma 3.105427E+02, time 5.952ms
[INFO   ] DREAMPlace - full step 35.768 ms
[INFO   ] DREAMPlace - optimizer step 22.625 ms
[INFO   ] DREAMPlace - iteration  150, ( 150,  0,  0), Obj 6.992849E+07, DensityWeight 1.825009E-06, wHPWL 1.393719E+08, Overflow 6.963317E-01, MaxDensity 7.618E+01, gamma 3.098389E+02, time 5.866ms
[INFO   ] DREAMPlace - full step 35.944 ms
[INFO   ] DREAMPlace - optimizer step 22.634 ms
[INFO   ] DREAMPlace - iteration  151, ( 151,  0,  0), Obj 6.997609E+07, DensityWeight 1.884412E-06, wHPWL 1.394917E+08, Overflow 6.959351E-01, MaxDensity 7.402E+01, gamma 3.095738E+02, time 5.889ms
[INFO   ] DREAMPlace - full step 35.754 ms
[INFO   ] DREAMPlace - optimizer step 22.367 ms
[INFO   ] DREAMPlace - iteration  152, ( 152,  0,  0), Obj 6.998993E+07, DensityWeight 1.945882E-06, wHPWL 1.396155E+08, Overflow 6.950611E-01, MaxDensity 7.863E+01, gamma 3.089463E+02, time 6.424ms
[INFO   ] DREAMPlace - full step 35.329 ms
[INFO   ] DREAMPlace - optimizer step 21.156 ms
[INFO   ] DREAMPlace - iteration  153, ( 153,  0,  0), Obj 7.002377E+07, DensityWeight 2.008198E-06, wHPWL 1.397174E+08, Overflow 6.938702E-01, MaxDensity 7.128E+01, gamma 3.075677E+02, time 9.410ms
[INFO   ] DREAMPlace - full step 37.803 ms
[INFO   ] DREAMPlace - optimizer step 22.502 ms
[INFO   ] DREAMPlace - iteration  154, ( 154,  0,  0), Obj 7.012720E+07, DensityWeight 2.078880E-06, wHPWL 1.398238E+08, Overflow 6.929309E-01, MaxDensity 6.680E+01, gamma 3.056992E+02, time 3.873ms
[INFO   ] DREAMPlace - full step 33.300 ms
[INFO   ] DREAMPlace - optimizer step 26.004 ms
[INFO   ] DREAMPlace - iteration  155, ( 155,  0,  0), Obj 7.029194E+07, DensityWeight 2.150686E-06, wHPWL 1.399580E+08, Overflow 6.921051E-01, MaxDensity 6.667E+01, gamma 3.042334E+02, time 13.344ms
[INFO   ] DREAMPlace - full step 46.665 ms
[INFO   ] DREAMPlace - optimizer step 22.624 ms
[INFO   ] DREAMPlace - iteration  156, ( 156,  0,  0), Obj 7.041744E+07, DensityWeight 2.216350E-06, wHPWL 1.400723E+08, Overflow 6.909483E-01, MaxDensity 7.483E+01, gamma 3.029504E+02, time 5.865ms
[INFO   ] DREAMPlace - full step 35.823 ms
[INFO   ] DREAMPlace - optimizer step 22.494 ms
[INFO   ] DREAMPlace - iteration  157, ( 157,  0,  0), Obj 7.049843E+07, DensityWeight 2.290406E-06, wHPWL 1.401201E+08, Overflow 6.900901E-01, MaxDensity 7.446E+01, gamma 3.011628E+02, time 12.246ms
[INFO   ] DREAMPlace - full step 41.984 ms
[INFO   ] DREAMPlace - optimizer step 22.615 ms
[INFO   ] DREAMPlace - iteration  158, ( 158,  0,  0), Obj 7.061680E+07, DensityWeight 2.388941E-06, wHPWL 1.401421E+08, Overflow 6.892148E-01, MaxDensity 7.526E+01, gamma 2.998432E+02, time 5.930ms
[INFO   ] DREAMPlace - full step 35.881 ms
[INFO   ] DREAMPlace - optimizer step 22.505 ms
[INFO   ] DREAMPlace - iteration  159, ( 159,  0,  0), Obj 7.072099E+07, DensityWeight 2.500701E-06, wHPWL 1.402071E+08, Overflow 6.887284E-01, MaxDensity 6.717E+01, gamma 2.985032E+02, time 6.004ms
[INFO   ] DREAMPlace - full step 35.803 ms
[INFO   ] DREAMPlace - plotting to lambdaentry_results/entry/bigblue2/plot/iter0160.png takes 4.703 seconds
[INFO   ] DREAMPlace - optimizer step 22.721 ms
[INFO   ] DREAMPlace - iteration  160, ( 160,  0,  0), Obj 7.081561E+07, DensityWeight 2.602060E-06, wHPWL 1.402490E+08, Overflow 6.882214E-01, MaxDensity 6.120E+01, gamma 2.977612E+02, time 3.755ms
[INFO   ] DREAMPlace - full step 4740.456 ms
[INFO   ] DREAMPlace - optimizer step 22.568 ms
[INFO   ] DREAMPlace - iteration  161, ( 161,  0,  0), Obj 7.084893E+07, DensityWeight 2.716244E-06, wHPWL 1.402707E+08, Overflow 6.880236E-01, MaxDensity 5.976E+01, gamma 2.969897E+02, time 5.823ms
[INFO   ] DREAMPlace - full step 35.869 ms
[INFO   ] DREAMPlace - optimizer step 22.669 ms
[INFO   ] DREAMPlace - iteration  162, ( 162,  0,  0), Obj 7.087453E+07, DensityWeight 2.843456E-06, wHPWL 1.402708E+08, Overflow 6.873928E-01, MaxDensity 6.537E+01, gamma 2.966893E+02, time 5.841ms
[INFO   ] DREAMPlace - full step 34.251 ms
[INFO   ] DREAMPlace - optimizer step 21.129 ms
[INFO   ] DREAMPlace - iteration  163, ( 163,  0,  0), Obj 7.086823E+07, DensityWeight 2.985596E-06, wHPWL 1.402900E+08, Overflow 6.869307E-01, MaxDensity 6.029E+01, gamma 2.957332E+02, time 5.873ms
[INFO   ] DREAMPlace - full step 32.140 ms
[INFO   ] DREAMPlace - optimizer step 18.950 ms
[INFO   ] DREAMPlace - iteration  164, ( 164,  0,  0), Obj 7.091606E+07, DensityWeight 3.126475E-06, wHPWL 1.403050E+08, Overflow 6.864758E-01, MaxDensity 6.073E+01, gamma 2.950348E+02, time 5.895ms
[INFO   ] DREAMPlace - full step 32.167 ms
[INFO   ] DREAMPlace - optimizer step 18.992 ms
[INFO   ] DREAMPlace - iteration  165, ( 165,  0,  0), Obj 7.095783E+07, DensityWeight 3.275967E-06, wHPWL 1.403527E+08, Overflow 6.859756E-01, MaxDensity 5.543E+01, gamma 2.943488E+02, time 5.922ms
[INFO   ] DREAMPlace - full step 32.201 ms
[INFO   ] DREAMPlace - optimizer step 21.490 ms
[INFO   ] DREAMPlace - iteration  166, ( 166,  0,  0), Obj 7.098686E+07, DensityWeight 3.416962E-06, wHPWL 1.403769E+08, Overflow 6.849172E-01, MaxDensity 5.789E+01, gamma 2.935964E+02, time 5.926ms
[INFO   ] DREAMPlace - full step 34.713 ms
[INFO   ] DREAMPlace - optimizer step 22.964 ms
[INFO   ] DREAMPlace - iteration  167, ( 167,  0,  0), Obj 7.101258E+07, DensityWeight 3.575715E-06, wHPWL 1.403806E+08, Overflow 6.835510E-01, MaxDensity 5.958E+01, gamma 2.920106E+02, time 4.429ms
[INFO   ] DREAMPlace - full step 34.695 ms
[INFO   ] DREAMPlace - optimizer step 22.646 ms
[INFO   ] DREAMPlace - iteration  168, ( 168,  0,  0), Obj 7.111514E+07, DensityWeight 3.752575E-06, wHPWL 1.403770E+08, Overflow 6.821041E-01, MaxDensity 5.842E+01, gamma 2.899764E+02, time 5.890ms
[INFO   ] DREAMPlace - full step 33.833 ms
[INFO   ] DREAMPlace - optimizer step 22.665 ms
[INFO   ] DREAMPlace - iteration  169, ( 169,  0,  0), Obj 7.128086E+07, DensityWeight 3.874170E-06, wHPWL 1.404108E+08, Overflow 6.805433E-01, MaxDensity 5.461E+01, gamma 2.878376E+02, time 5.864ms
[INFO   ] DREAMPlace - full step 35.861 ms
[INFO   ] DREAMPlace - optimizer step 22.630 ms
[INFO   ] DREAMPlace - iteration  170, ( 170,  0,  0), Obj 7.145119E+07, DensityWeight 4.048726E-06, wHPWL 1.404172E+08, Overflow 6.789196E-01, MaxDensity 5.616E+01, gamma 2.855479E+02, time 5.894ms
[INFO   ] DREAMPlace - full step 34.312 ms
[INFO   ] DREAMPlace - optimizer step 20.551 ms
[INFO   ] DREAMPlace - iteration  171, ( 171,  0,  0), Obj 7.161834E+07, DensityWeight 4.247371E-06, wHPWL 1.403750E+08, Overflow 6.776263E-01, MaxDensity 5.169E+01, gamma 2.831852E+02, time 6.562ms
[INFO   ] DREAMPlace - full step 32.245 ms
[INFO   ] DREAMPlace - optimizer step 22.702 ms
[INFO   ] DREAMPlace - iteration  172, ( 172,  0,  0), Obj 7.178414E+07, DensityWeight 4.383684E-06, wHPWL 1.402914E+08, Overflow 6.763290E-01, MaxDensity 4.884E+01, gamma 2.813174E+02, time 5.889ms
[INFO   ] DREAMPlace - full step 35.894 ms
[INFO   ] DREAMPlace - optimizer step 23.216 ms
[INFO   ] DREAMPlace - iteration  173, ( 173,  0,  0), Obj 7.191392E+07, DensityWeight 4.523919E-06, wHPWL 1.402195E+08, Overflow 6.751500E-01, MaxDensity 4.720E+01, gamma 2.794562E+02, time 5.983ms
[INFO   ] DREAMPlace - full step 36.594 ms
[INFO   ] DREAMPlace - optimizer step 22.786 ms
[INFO   ] DREAMPlace - iteration  174, ( 174,  0,  0), Obj 7.203458E+07, DensityWeight 4.668174E-06, wHPWL 1.401135E+08, Overflow 6.736810E-01, MaxDensity 4.803E+01, gamma 2.777755E+02, time 5.908ms
[INFO   ] DREAMPlace - full step 36.040 ms
[INFO   ] DREAMPlace - optimizer step 18.269 ms
[INFO   ] DREAMPlace - iteration  175, ( 175,  0,  0), Obj 7.214337E+07, DensityWeight 4.816548E-06, wHPWL 1.400126E+08, Overflow 6.725654E-01, MaxDensity 4.614E+01, gamma 2.756953E+02, time 5.867ms
[INFO   ] DREAMPlace - full step 31.481 ms
[INFO   ] DREAMPlace - optimizer step 23.173 ms
[INFO   ] DREAMPlace - iteration  176, ( 176,  0,  0), Obj 7.229068E+07, DensityWeight 4.969140E-06, wHPWL 1.398976E+08, Overflow 6.713271E-01, MaxDensity 4.547E+01, gamma 2.741260E+02, time 7.936ms
[INFO   ] DREAMPlace - full step 38.450 ms
[INFO   ] DREAMPlace - optimizer step 17.031 ms
[INFO   ] DREAMPlace - iteration  177, ( 177,  0,  0), Obj 7.240412E+07, DensityWeight 5.126053E-06, wHPWL 1.398055E+08, Overflow 6.702615E-01, MaxDensity 4.403E+01, gamma 2.723945E+02, time 5.900ms
[INFO   ] DREAMPlace - full step 30.226 ms
[INFO   ] DREAMPlace - optimizer step 22.666 ms
[INFO   ] DREAMPlace - iteration  178, ( 178,  0,  0), Obj 7.252063E+07, DensityWeight 5.287393E-06, wHPWL 1.396757E+08, Overflow 6.688876E-01, MaxDensity 4.178E+01, gamma 2.709135E+02, time 5.939ms
[INFO   ] DREAMPlace - full step 35.936 ms
[INFO   ] DREAMPlace - optimizer step 17.246 ms
[INFO   ] DREAMPlace - iteration  179, ( 179,  0,  0), Obj 7.262033E+07, DensityWeight 5.453265E-06, wHPWL 1.395542E+08, Overflow 6.678213E-01, MaxDensity 4.124E+01, gamma 2.690156E+02, time 5.923ms
[INFO   ] DREAMPlace - full step 30.478 ms
[INFO   ] DREAMPlace - optimizer step 22.644 ms
[INFO   ] DREAMPlace - iteration  180, ( 180,  0,  0), Obj 7.276470E+07, DensityWeight 5.623778E-06, wHPWL 1.394342E+08, Overflow 6.664941E-01, MaxDensity 3.810E+01, gamma 2.675519E+02, time 8.341ms
[INFO   ] DREAMPlace - full step 38.306 ms
[INFO   ] DREAMPlace - optimizer step 19.659 ms
[INFO   ] DREAMPlace - iteration  181, ( 181,  0,  0), Obj 7.288668E+07, DensityWeight 5.799043E-06, wHPWL 1.393501E+08, Overflow 6.653920E-01, MaxDensity 4.141E+01, gamma 2.657410E+02, time 5.852ms
[INFO   ] DREAMPlace - full step 32.825 ms
[INFO   ] DREAMPlace - optimizer step 24.724 ms
[INFO   ] DREAMPlace - iteration  182, ( 182,  0,  0), Obj 7.303825E+07, DensityWeight 5.979172E-06, wHPWL 1.392541E+08, Overflow 6.639799E-01, MaxDensity 3.696E+01, gamma 2.642466E+02, time 12.837ms
[INFO   ] DREAMPlace - full step 44.873 ms
[INFO   ] DREAMPlace - optimizer step 22.603 ms
[INFO   ] DREAMPlace - iteration  183, ( 183,  0,  0), Obj 7.317302E+07, DensityWeight 6.164280E-06, wHPWL 1.391816E+08, Overflow 6.629931E-01, MaxDensity 3.982E+01, gamma 2.623442E+02, time 3.864ms
[INFO   ] DREAMPlace - full step 31.946 ms
[INFO   ] DREAMPlace - optimizer step 24.657 ms
[INFO   ] DREAMPlace - iteration  184, ( 184,  0,  0), Obj 7.335261E+07, DensityWeight 6.354483E-06, wHPWL 1.391178E+08, Overflow 6.614558E-01, MaxDensity 3.461E+01, gamma 2.610228E+02, time 5.933ms
[INFO   ] DREAMPlace - full step 37.848 ms
[INFO   ] DREAMPlace - optimizer step 22.632 ms
[INFO   ] DREAMPlace - iteration  185, ( 185,  0,  0), Obj 7.349641E+07, DensityWeight 6.549900E-06, wHPWL 1.390950E+08, Overflow 6.599697E-01, MaxDensity 3.519E+01, gamma 2.589776E+02, time 5.882ms
[INFO   ] DREAMPlace - full step 34.117 ms
[INFO   ] DREAMPlace - optimizer step 22.637 ms
[INFO   ] DREAMPlace - iteration  186, ( 186,  0,  0), Obj 7.371157E+07, DensityWeight 6.750652E-06, wHPWL 1.390754E+08, Overflow 6.582078E-01, MaxDensity 3.414E+01, gamma 2.570158E+02, time 5.891ms
[INFO   ] DREAMPlace - full step 35.838 ms
[INFO   ] DREAMPlace - optimizer step 22.638 ms
[INFO   ] DREAMPlace - iteration  187, ( 187,  0,  0), Obj 7.394493E+07, DensityWeight 6.956860E-06, wHPWL 1.391044E+08, Overflow 6.567851E-01, MaxDensity 3.413E+01, gamma 2.547092E+02, time 5.877ms
[INFO   ] DREAMPlace - full step 34.103 ms
[INFO   ] DREAMPlace - optimizer step 35.608 ms
[INFO   ] DREAMPlace - iteration  188, ( 188,  0,  0), Obj 7.422307E+07, DensityWeight 7.275289E-06, wHPWL 1.391531E+08, Overflow 6.550721E-01, MaxDensity 3.273E+01, gamma 2.528617E+02, time 5.909ms
[INFO   ] DREAMPlace - full step 44.935 ms
[INFO   ] DREAMPlace - optimizer step 21.247 ms
[INFO   ] DREAMPlace - iteration  189, ( 189,  0,  0), Obj 7.446774E+07, DensityWeight 7.587330E-06, wHPWL 1.392206E+08, Overflow 6.538008E-01, MaxDensity 3.376E+01, gamma 2.506549E+02, time 72.446ms
[INFO   ] DREAMPlace - full step 101.046 ms
[INFO   ] DREAMPlace - optimizer step 21.620 ms
[INFO   ] DREAMPlace - iteration  190, ( 190,  0,  0), Obj 7.474679E+07, DensityWeight 7.892063E-06, wHPWL 1.392878E+08, Overflow 6.521741E-01, MaxDensity 3.406E+01, gamma 2.490297E+02, time 9.233ms
[INFO   ] DREAMPlace - full step 38.172 ms
[INFO   ] DREAMPlace - optimizer step 22.600 ms
[INFO   ] DREAMPlace - iteration  191, ( 191,  0,  0), Obj 7.499366E+07, DensityWeight 8.209457E-06, wHPWL 1.394083E+08, Overflow 6.504216E-01, MaxDensity 3.186E+01, gamma 2.469655E+02, time 5.947ms
[INFO   ] DREAMPlace - full step 35.893 ms
[INFO   ] DREAMPlace - optimizer step 22.652 ms
[INFO   ] DREAMPlace - iteration  192, ( 192,  0,  0), Obj 7.529394E+07, DensityWeight 8.476311E-06, wHPWL 1.395534E+08, Overflow 6.484145E-01, MaxDensity 3.145E+01, gamma 2.447607E+02, time 5.805ms
[INFO   ] DREAMPlace - full step 35.746 ms
[INFO   ] DREAMPlace - optimizer step 20.770 ms
[INFO   ] DREAMPlace - iteration  193, ( 193,  0,  0), Obj 7.563142E+07, DensityWeight 8.721926E-06, wHPWL 1.397418E+08, Overflow 6.467390E-01, MaxDensity 3.433E+01, gamma 2.422600E+02, time 7.750ms
[INFO   ] DREAMPlace - full step 35.844 ms
[INFO   ] DREAMPlace - optimizer step 22.644 ms
[INFO   ] DREAMPlace - iteration  194, ( 194,  0,  0), Obj 7.601076E+07, DensityWeight 8.920654E-06, wHPWL 1.399465E+08, Overflow 6.444812E-01, MaxDensity 3.101E+01, gamma 2.401919E+02, time 5.877ms
[INFO   ] DREAMPlace - full step 35.773 ms
[INFO   ] DREAMPlace - optimizer step 22.596 ms
[INFO   ] DREAMPlace - iteration  195, ( 195,  0,  0), Obj 7.634853E+07, DensityWeight 9.103157E-06, wHPWL 1.401493E+08, Overflow 6.431971E-01, MaxDensity 2.995E+01, gamma 2.374330E+02, time 5.938ms
[INFO   ] DREAMPlace - full step 35.838 ms
[INFO   ] DREAMPlace - optimizer step 22.507 ms
[INFO   ] DREAMPlace - iteration  196, ( 196,  0,  0), Obj 7.674123E+07, DensityWeight 9.291943E-06, wHPWL 1.403067E+08, Overflow 6.415368E-01, MaxDensity 3.034E+01, gamma 2.358780E+02, time 5.974ms
[INFO   ] DREAMPlace - full step 35.759 ms
[INFO   ] DREAMPlace - optimizer step 22.583 ms
[INFO   ] DREAMPlace - iteration  197, ( 197,  0,  0), Obj 7.701970E+07, DensityWeight 9.544743E-06, wHPWL 1.404789E+08, Overflow 6.402968E-01, MaxDensity 3.111E+01, gamma 2.338826E+02, time 5.951ms
[INFO   ] DREAMPlace - full step 35.777 ms
[INFO   ] DREAMPlace - optimizer step 22.649 ms
[INFO   ] DREAMPlace - iteration  198, ( 198,  0,  0), Obj 7.731248E+07, DensityWeight 9.784258E-06, wHPWL 1.405903E+08, Overflow 6.389526E-01, MaxDensity 2.963E+01, gamma 2.324033E+02, time 5.819ms
[INFO   ] DREAMPlace - full step 35.813 ms
[INFO   ] DREAMPlace - optimizer step 25.397 ms
[INFO   ] DREAMPlace - iteration  199, ( 199,  0,  0), Obj 7.755642E+07, DensityWeight 1.011517E-05, wHPWL 1.407076E+08, Overflow 6.378083E-01, MaxDensity 3.354E+01, gamma 2.308103E+02, time 18.195ms
[INFO   ] DREAMPlace - full step 50.952 ms
[INFO   ] DREAMPlace - plotting to lambdaentry_results/entry/bigblue2/plot/iter0200.png takes 4.734 seconds
[INFO   ] DREAMPlace - optimizer step 23.265 ms
[INFO   ] DREAMPlace - iteration  200, ( 200,  0,  0), Obj 7.780543E+07, DensityWeight 1.044870E-05, wHPWL 1.408158E+08, Overflow 6.365945E-01, MaxDensity 2.927E+01, gamma 2.294627E+02, time 5.912ms
[INFO   ] DREAMPlace - full step 4774.431 ms
[INFO   ] DREAMPlace - optimizer step 22.577 ms
[INFO   ] DREAMPlace - iteration  201, ( 201,  0,  0), Obj 7.802123E+07, DensityWeight 1.080686E-05, wHPWL 1.409096E+08, Overflow 6.352290E-01, MaxDensity 3.108E+01, gamma 2.280420E+02, time 5.807ms
[INFO   ] DREAMPlace - full step 35.772 ms
[INFO   ] DREAMPlace - optimizer step 22.624 ms
[INFO   ] DREAMPlace - iteration  202, ( 202,  0,  0), Obj 7.822846E+07, DensityWeight 1.119976E-05, wHPWL 1.409787E+08, Overflow 6.339453E-01, MaxDensity 3.300E+01, gamma 2.264543E+02, time 5.914ms
[INFO   ] DREAMPlace - full step 35.797 ms
[INFO   ] DREAMPlace - optimizer step 22.678 ms
[INFO   ] DREAMPlace - iteration  203, ( 203,  0,  0), Obj 7.844929E+07, DensityWeight 1.164704E-05, wHPWL 1.410316E+08, Overflow 6.329328E-01, MaxDensity 2.791E+01, gamma 2.249717E+02, time 5.882ms
[INFO   ] DREAMPlace - full step 35.854 ms
[INFO   ] DREAMPlace - optimizer step 22.551 ms
[INFO   ] DREAMPlace - iteration  204, ( 204,  0,  0), Obj 7.865502E+07, DensityWeight 1.213949E-05, wHPWL 1.410820E+08, Overflow 6.316535E-01, MaxDensity 2.890E+01, gamma 2.238092E+02, time 10.441ms
[INFO   ] DREAMPlace - full step 40.274 ms
[INFO   ] DREAMPlace - optimizer step 22.557 ms
[INFO   ] DREAMPlace - iteration  205, ( 205,  0,  0), Obj 7.881142E+07, DensityWeight 1.265728E-05, wHPWL 1.411030E+08, Overflow 6.304912E-01, MaxDensity 3.181E+01, gamma 2.223490E+02, time 5.965ms
[INFO   ] DREAMPlace - full step 35.787 ms
[INFO   ] DREAMPlace - optimizer step 20.776 ms
[INFO   ] DREAMPlace - iteration  206, ( 206,  0,  0), Obj 7.898198E+07, DensityWeight 1.325125E-05, wHPWL 1.410962E+08, Overflow 6.289769E-01, MaxDensity 3.213E+01, gamma 2.210304E+02, time 14.402ms
[INFO   ] DREAMPlace - full step 42.452 ms
[INFO   ] DREAMPlace - optimizer step 22.633 ms
[INFO   ] DREAMPlace - iteration  207, ( 207,  0,  0), Obj 7.915099E+07, DensityWeight 1.363554E-05, wHPWL 1.411092E+08, Overflow 6.271745E-01, MaxDensity 2.934E+01, gamma 2.193244E+02, time 5.902ms
[INFO   ] DREAMPlace - full step 35.756 ms
[INFO   ] DREAMPlace - optimizer step 22.558 ms
[INFO   ] DREAMPlace - iteration  208, ( 208,  0,  0), Obj 7.936351E+07, DensityWeight 1.429137E-05, wHPWL 1.411317E+08, Overflow 6.255193E-01, MaxDensity 2.866E+01, gamma 2.173110E+02, time 5.899ms
[INFO   ] DREAMPlace - full step 35.741 ms
[INFO   ] DREAMPlace - optimizer step 22.539 ms
[INFO   ] DREAMPlace - iteration  209, ( 209,  0,  0), Obj 7.961963E+07, DensityWeight 1.495886E-05, wHPWL 1.411540E+08, Overflow 6.240212E-01, MaxDensity 2.726E+01, gamma 2.154783E+02, time 5.885ms
[INFO   ] DREAMPlace - full step 35.694 ms
[INFO   ] DREAMPlace - optimizer step 22.615 ms
[INFO   ] DREAMPlace - iteration  210, ( 210,  0,  0), Obj 7.985575E+07, DensityWeight 1.565804E-05, wHPWL 1.411798E+08, Overflow 6.219936E-01, MaxDensity 3.035E+01, gamma 2.138327E+02, time 5.834ms
[INFO   ] DREAMPlace - full step 35.751 ms
[INFO   ] DREAMPlace - optimizer step 22.582 ms
[INFO   ] DREAMPlace - iteration  211, ( 211,  0,  0), Obj 8.005975E+07, DensityWeight 1.638193E-05, wHPWL 1.411766E+08, Overflow 6.202992E-01, MaxDensity 3.027E+01, gamma 2.116258E+02, time 5.831ms
[INFO   ] DREAMPlace - full step 35.807 ms
[INFO   ] DREAMPlace - optimizer step 22.645 ms
[INFO   ] DREAMPlace - iteration  212, ( 212,  0,  0), Obj 8.033126E+07, DensityWeight 1.685701E-05, wHPWL 1.411798E+08, Overflow 6.177890E-01, MaxDensity 2.400E+01, gamma 2.097988E+02, time 5.852ms
[INFO   ] DREAMPlace - full step 35.818 ms
[INFO   ] DREAMPlace - optimizer step 22.637 ms
[INFO   ] DREAMPlace - iteration  213, ( 213,  0,  0), Obj 8.059440E+07, DensityWeight 1.769189E-05, wHPWL 1.412384E+08, Overflow 6.150964E-01, MaxDensity 2.453E+01, gamma 2.071213E+02, time 5.864ms
[INFO   ] DREAMPlace - full step 35.809 ms
[INFO   ] DREAMPlace - optimizer step 22.627 ms
[INFO   ] DREAMPlace - iteration  214, ( 214,  0,  0), Obj 8.095361E+07, DensityWeight 1.842529E-05, wHPWL 1.412860E+08, Overflow 6.121876E-01, MaxDensity 2.214E+01, gamma 2.042874E+02, time 5.871ms
[INFO   ] DREAMPlace - full step 35.799 ms
[INFO   ] DREAMPlace - optimizer step 22.651 ms
[INFO   ] DREAMPlace - iteration  215, ( 215,  0,  0), Obj 8.134994E+07, DensityWeight 1.921861E-05, wHPWL 1.413458E+08, Overflow 6.099139E-01, MaxDensity 2.306E+01, gamma 2.012692E+02, time 5.870ms
[INFO   ] DREAMPlace - full step 35.822 ms
[INFO   ] DREAMPlace - optimizer step 22.643 ms
[INFO   ] DREAMPlace - iteration  216, ( 216,  0,  0), Obj 8.177536E+07, DensityWeight 2.001204E-05, wHPWL 1.414019E+08, Overflow 6.073368E-01, MaxDensity 2.082E+01, gamma 1.989413E+02, time 5.910ms
[INFO   ] DREAMPlace - full step 35.822 ms
[INFO   ] DREAMPlace - optimizer step 22.640 ms
[INFO   ] DREAMPlace - iteration  217, ( 217,  0,  0), Obj 8.211166E+07, DensityWeight 2.084906E-05, wHPWL 1.414272E+08, Overflow 6.047401E-01, MaxDensity 2.133E+01, gamma 1.963351E+02, time 5.889ms
[INFO   ] DREAMPlace - full step 35.815 ms
[INFO   ] DREAMPlace - optimizer step 22.566 ms
[INFO   ] DREAMPlace - iteration  218, ( 218,  0,  0), Obj 8.245928E+07, DensityWeight 2.181420E-05, wHPWL 1.414024E+08, Overflow 6.021406E-01, MaxDensity 2.022E+01, gamma 1.937436E+02, time 5.917ms
[INFO   ] DREAMPlace - full step 35.736 ms
[INFO   ] DREAMPlace - optimizer step 22.665 ms
[INFO   ] DREAMPlace - iteration  219, ( 219,  0,  0), Obj 8.282850E+07, DensityWeight 2.244682E-05, wHPWL 1.414009E+08, Overflow 5.996861E-01, MaxDensity 2.038E+01, gamma 1.911837E+02, time 5.884ms
[INFO   ] DREAMPlace - full step 35.852 ms
[INFO   ] DREAMPlace - optimizer step 22.637 ms
[INFO   ] DREAMPlace - iteration  220, ( 220,  0,  0), Obj 8.321097E+07, DensityWeight 2.309778E-05, wHPWL 1.414262E+08, Overflow 5.969881E-01, MaxDensity 1.972E+01, gamma 1.887975E+02, time 5.895ms
[INFO   ] DREAMPlace - full step 35.810 ms
[INFO   ] DREAMPlace - optimizer step 22.604 ms
[INFO   ] DREAMPlace - iteration  221, ( 221,  0,  0), Obj 8.356409E+07, DensityWeight 2.416751E-05, wHPWL 1.414202E+08, Overflow 5.945585E-01, MaxDensity 1.854E+01, gamma 1.862091E+02, time 5.869ms
[INFO   ] DREAMPlace - full step 35.788 ms
[INFO   ] DREAMPlace - optimizer step 22.647 ms
[INFO   ] DREAMPlace - iteration  222, ( 222,  0,  0), Obj 8.392663E+07, DensityWeight 2.486837E-05, wHPWL 1.413711E+08, Overflow 5.922531E-01, MaxDensity 1.886E+01, gamma 1.839084E+02, time 5.906ms
[INFO   ] DREAMPlace - full step 35.830 ms
[INFO   ] DREAMPlace - optimizer step 22.639 ms
[INFO   ] DREAMPlace - iteration  223, ( 223,  0,  0), Obj 8.426023E+07, DensityWeight 2.558955E-05, wHPWL 1.413227E+08, Overflow 5.900052E-01, MaxDensity 1.913E+01, gamma 1.817518E+02, time 5.875ms
[INFO   ] DREAMPlace - full step 35.834 ms
[INFO   ] DREAMPlace - optimizer step 22.652 ms
[INFO   ] DREAMPlace - iteration  224, ( 224,  0,  0), Obj 8.457495E+07, DensityWeight 2.633165E-05, wHPWL 1.412670E+08, Overflow 5.876630E-01, MaxDensity 1.809E+01, gamma 1.796732E+02, time 5.868ms
[INFO   ] DREAMPlace - full step 35.848 ms
[INFO   ] DREAMPlace - optimizer step 23.725 ms
[INFO   ] DREAMPlace - iteration  225, ( 225,  0,  0), Obj 8.487423E+07, DensityWeight 2.709527E-05, wHPWL 1.411903E+08, Overflow 5.852746E-01, MaxDensity 1.767E+01, gamma 1.775327E+02, time 8.918ms
[INFO   ] DREAMPlace - full step 39.981 ms
[INFO   ] DREAMPlace - optimizer step 22.547 ms
[INFO   ] DREAMPlace - iteration  226, ( 226,  0,  0), Obj 8.518382E+07, DensityWeight 2.788103E-05, wHPWL 1.411124E+08, Overflow 5.829596E-01, MaxDensity 1.651E+01, gamma 1.753763E+02, time 29.316ms
[INFO   ] DREAMPlace - full step 59.199 ms
[INFO   ] DREAMPlace - optimizer step 22.623 ms
[INFO   ] DREAMPlace - iteration  227, ( 227,  0,  0), Obj 8.550223E+07, DensityWeight 2.868958E-05, wHPWL 1.410327E+08, Overflow 5.805378E-01, MaxDensity 1.771E+01, gamma 1.733111E+02, time 5.888ms
[INFO   ] DREAMPlace - full step 35.779 ms
[INFO   ] DREAMPlace - optimizer step 22.596 ms
[INFO   ] DREAMPlace - iteration  228, ( 228,  0,  0), Obj 8.581003E+07, DensityWeight 2.952158E-05, wHPWL 1.409535E+08, Overflow 5.784346E-01, MaxDensity 1.766E+01, gamma 1.711767E+02, time 5.951ms
[INFO   ] DREAMPlace - full step 35.818 ms
[INFO   ] DREAMPlace - optimizer step 22.676 ms
[INFO   ] DREAMPlace - iteration  229, ( 229,  0,  0), Obj 8.612310E+07, DensityWeight 3.037771E-05, wHPWL 1.408529E+08, Overflow 5.769151E-01, MaxDensity 1.610E+01, gamma 1.693445E+02, time 5.879ms
[INFO   ] DREAMPlace - full step 35.826 ms
[INFO   ] DREAMPlace - optimizer step 21.414 ms
[INFO   ] DREAMPlace - iteration  230, ( 230,  0,  0), Obj 8.639970E+07, DensityWeight 3.125866E-05, wHPWL 1.407615E+08, Overflow 5.752649E-01, MaxDensity 1.681E+01, gamma 1.680329E+02, time 7.088ms
[INFO   ] DREAMPlace - full step 35.776 ms
[INFO   ] DREAMPlace - optimizer step 22.671 ms
[INFO   ] DREAMPlace - iteration  231, ( 231,  0,  0), Obj 8.659730E+07, DensityWeight 3.216517E-05, wHPWL 1.406534E+08, Overflow 5.736080E-01, MaxDensity 1.659E+01, gamma 1.666200E+02, time 5.894ms
[INFO   ] DREAMPlace - full step 35.848 ms
[INFO   ] DREAMPlace - optimizer step 22.416 ms
[INFO   ] DREAMPlace - iteration  232, ( 232,  0,  0), Obj 8.679766E+07, DensityWeight 3.309796E-05, wHPWL 1.405384E+08, Overflow 5.716935E-01, MaxDensity 1.662E+01, gamma 1.652133E+02, time 65.154ms
[INFO   ] DREAMPlace - full step 94.872 ms
[INFO   ] DREAMPlace - optimizer step 22.529 ms
[INFO   ] DREAMPlace - iteration  233, ( 233,  0,  0), Obj 8.701862E+07, DensityWeight 3.405780E-05, wHPWL 1.404596E+08, Overflow 5.699473E-01, MaxDensity 1.710E+01, gamma 1.636027E+02, time 5.869ms
[INFO   ] DREAMPlace - full step 35.714 ms
[INFO   ] DREAMPlace - optimizer step 22.613 ms
[INFO   ] DREAMPlace - iteration  234, ( 234,  0,  0), Obj 8.728011E+07, DensityWeight 3.504548E-05, wHPWL 1.404123E+08, Overflow 5.684375E-01, MaxDensity 1.570E+01, gamma 1.621475E+02, time 5.842ms
[INFO   ] DREAMPlace - full step 35.729 ms
[INFO   ] DREAMPlace - optimizer step 22.595 ms
[INFO   ] DREAMPlace - iteration  235, ( 235,  0,  0), Obj 8.751810E+07, DensityWeight 3.606180E-05, wHPWL 1.403571E+08, Overflow 5.668300E-01, MaxDensity 1.629E+01, gamma 1.608997E+02, time 5.884ms
[INFO   ] DREAMPlace - full step 35.788 ms
[INFO   ] DREAMPlace - optimizer step 22.625 ms
[INFO   ] DREAMPlace - iteration  236, ( 236,  0,  0), Obj 8.770617E+07, DensityWeight 3.710759E-05, wHPWL 1.402713E+08, Overflow 5.650108E-01, MaxDensity 1.634E+01, gamma 1.595815E+02, time 5.880ms
[INFO   ] DREAMPlace - full step 35.789 ms
[INFO   ] DREAMPlace - optimizer step 22.600 ms
[INFO   ] DREAMPlace - iteration  237, ( 237,  0,  0), Obj 8.789242E+07, DensityWeight 3.818372E-05, wHPWL 1.401607E+08, Overflow 5.630940E-01, MaxDensity 1.677E+01, gamma 1.581030E+02, time 5.904ms
[INFO   ] DREAMPlace - full step 35.757 ms
[INFO   ] DREAMPlace - optimizer step 24.761 ms
[INFO   ] DREAMPlace - iteration  238, ( 238,  0,  0), Obj 8.811083E+07, DensityWeight 3.929104E-05, wHPWL 1.400726E+08, Overflow 5.609339E-01, MaxDensity 1.703E+01, gamma 1.565599E+02, time 5.885ms
[INFO   ] DREAMPlace - full step 37.937 ms
[INFO   ] DREAMPlace - optimizer step 24.332 ms
[INFO   ] DREAMPlace - iteration  239, ( 239,  0,  0), Obj 8.834721E+07, DensityWeight 4.043048E-05, wHPWL 1.399911E+08, Overflow 5.592300E-01, MaxDensity 1.733E+01, gamma 1.548390E+02, time 61.095ms
[INFO   ] DREAMPlace - full step 92.765 ms
[INFO   ] DREAMPlace - plotting to lambdaentry_results/entry/bigblue2/plot/iter0240.png takes 4.744 seconds
[INFO   ] DREAMPlace - optimizer step 8.967 ms
[INFO   ] DREAMPlace - iteration  240, ( 240,  0,  0), Obj 8.859540E+07, DensityWeight 4.160297E-05, wHPWL 1.398890E+08, Overflow 5.571517E-01, MaxDensity 1.561E+01, gamma 1.534949E+02, time 5.871ms
[INFO   ] DREAMPlace - full step 4766.296 ms
[INFO   ] DREAMPlace - optimizer step 2.431 ms
[INFO   ] DREAMPlace - iteration  241, ( 241,  0,  0), Obj 8.878126E+07, DensityWeight 4.280946E-05, wHPWL 1.397557E+08, Overflow 5.554882E-01, MaxDensity 1.477E+01, gamma 1.518712E+02, time 1.612ms
[INFO   ] DREAMPlace - full step 4.831 ms
[INFO   ] DREAMPlace - optimizer step 2.466 ms
[INFO   ] DREAMPlace - iteration  242, ( 242,  0,  0), Obj 8.898693E+07, DensityWeight 4.405093E-05, wHPWL 1.395938E+08, Overflow 5.536975E-01, MaxDensity 1.650E+01, gamma 1.505840E+02, time 1.425ms
[INFO   ] DREAMPlace - full step 4.399 ms
[INFO   ] DREAMPlace - optimizer step 2.306 ms
[INFO   ] DREAMPlace - iteration  243, ( 243,  0,  0), Obj 8.916151E+07, DensityWeight 4.532841E-05, wHPWL 1.394501E+08, Overflow 5.523891E-01, MaxDensity 1.600E+01, gamma 1.492105E+02, time 1.424ms
[INFO   ] DREAMPlace - full step 4.230 ms
[INFO   ] DREAMPlace - optimizer step 2.296 ms
[INFO   ] DREAMPlace - iteration  244, ( 244,  0,  0), Obj 8.934420E+07, DensityWeight 4.664294E-05, wHPWL 1.393116E+08, Overflow 5.507007E-01, MaxDensity 1.529E+01, gamma 1.482149E+02, time 3.414ms
[INFO   ] DREAMPlace - full step 6.180 ms
[INFO   ] DREAMPlace - optimizer step 2.303 ms
[INFO   ] DREAMPlace - iteration  245, ( 245,  0,  0), Obj 8.947746E+07, DensityWeight 4.799559E-05, wHPWL 1.391760E+08, Overflow 5.491175E-01, MaxDensity 1.599E+01, gamma 1.469400E+02, time 1.406ms
[INFO   ] DREAMPlace - full step 4.181 ms
[INFO   ] DREAMPlace - optimizer step 2.495 ms
[INFO   ] DREAMPlace - iteration  246, ( 246,  0,  0), Obj 8.964405E+07, DensityWeight 4.938746E-05, wHPWL 1.390400E+08, Overflow 5.469582E-01, MaxDensity 1.408E+01, gamma 1.457544E+02, time 1.427ms
[INFO   ] DREAMPlace - full step 4.414 ms
[INFO   ] DREAMPlace - optimizer step 2.290 ms
[INFO   ] DREAMPlace - iteration  247, ( 247,  0,  0), Obj 8.982011E+07, DensityWeight 5.081970E-05, wHPWL 1.389370E+08, Overflow 5.450258E-01, MaxDensity 1.501E+01, gamma 1.441529E+02, time 1.777ms
[INFO   ] DREAMPlace - full step 4.554 ms
[INFO   ] DREAMPlace - optimizer step 2.294 ms
[INFO   ] DREAMPlace - iteration  248, ( 248,  0,  0), Obj 9.006229E+07, DensityWeight 5.229347E-05, wHPWL 1.388504E+08, Overflow 5.429615E-01, MaxDensity 1.465E+01, gamma 1.427345E+02, time 1.431ms
[INFO   ] DREAMPlace - full step 4.215 ms
[INFO   ] DREAMPlace - optimizer step 2.267 ms
[INFO   ] DREAMPlace - iteration  249, ( 249,  0,  0), Obj 9.029130E+07, DensityWeight 5.380998E-05, wHPWL 1.387766E+08, Overflow 5.410875E-01, MaxDensity 1.446E+01, gamma 1.412348E+02, time 1.411ms
[INFO   ] DREAMPlace - full step 4.155 ms
[INFO   ] DREAMPlace - optimizer step 2.313 ms
[INFO   ] DREAMPlace - iteration  250, ( 250,  0,  0), Obj 9.052022E+07, DensityWeight 5.537048E-05, wHPWL 1.386853E+08, Overflow 5.390448E-01, MaxDensity 1.520E+01, gamma 1.398870E+02, time 1.402ms
[INFO   ] DREAMPlace - full step 4.187 ms
[INFO   ] DREAMPlace - optimizer step 2.276 ms
[INFO   ] DREAMPlace - iteration  251, ( 251,  0,  0), Obj 9.073098E+07, DensityWeight 5.697622E-05, wHPWL 1.385902E+08, Overflow 5.368986E-01, MaxDensity 1.490E+01, gamma 1.384324E+02, time 1.416ms
[INFO   ] DREAMPlace - full step 4.176 ms
[INFO   ] DREAMPlace - optimizer step 2.785 ms
[INFO   ] DREAMPlace - iteration  252, ( 252,  0,  0), Obj 9.095922E+07, DensityWeight 5.862854E-05, wHPWL 1.385033E+08, Overflow 5.348182E-01, MaxDensity 1.523E+01, gamma 1.369205E+02, time 1.541ms
[INFO   ] DREAMPlace - full step 4.797 ms
[INFO   ] DREAMPlace - optimizer step 3.052 ms
[INFO   ] DREAMPlace - iteration  253, ( 253,  0,  0), Obj 9.120946E+07, DensityWeight 6.032877E-05, wHPWL 1.384317E+08, Overflow 5.324032E-01, MaxDensity 1.473E+01, gamma 1.354707E+02, time 3.145ms
[INFO   ] DREAMPlace - full step 6.712 ms
[INFO   ] DREAMPlace - optimizer step 2.287 ms
[INFO   ] DREAMPlace - iteration  254, ( 254,  0,  0), Obj 9.145198E+07, DensityWeight 6.207830E-05, wHPWL 1.383647E+08, Overflow 5.301663E-01, MaxDensity 1.388E+01, gamma 1.338070E+02, time 1.662ms
[INFO   ] DREAMPlace - full step 4.441 ms
[INFO   ] DREAMPlace - optimizer step 2.342 ms
[INFO   ] DREAMPlace - iteration  255, ( 255,  0,  0), Obj 9.172645E+07, DensityWeight 6.387858E-05, wHPWL 1.382875E+08, Overflow 5.278397E-01, MaxDensity 1.358E+01, gamma 1.322842E+02, time 1.406ms
[INFO   ] DREAMPlace - full step 4.248 ms
[INFO   ] DREAMPlace - optimizer step 2.249 ms
[INFO   ] DREAMPlace - iteration  256, ( 256,  0,  0), Obj 9.198693E+07, DensityWeight 6.573106E-05, wHPWL 1.382205E+08, Overflow 5.255789E-01, MaxDensity 1.557E+01, gamma 1.307187E+02, time 1.427ms
[INFO   ] DREAMPlace - full step 4.153 ms
[INFO   ] DREAMPlace - optimizer step 2.281 ms
[INFO   ] DREAMPlace - iteration  257, ( 257,  0,  0), Obj 9.225665E+07, DensityWeight 6.763727E-05, wHPWL 1.381500E+08, Overflow 5.234824E-01, MaxDensity 1.437E+01, gamma 1.292152E+02, time 1.411ms
[INFO   ] DREAMPlace - full step 4.173 ms
[INFO   ] DREAMPlace - optimizer step 2.287 ms
[INFO   ] DREAMPlace - iteration  258, ( 258,  0,  0), Obj 9.251873E+07, DensityWeight 6.959875E-05, wHPWL 1.380828E+08, Overflow 5.211984E-01, MaxDensity 1.364E+01, gamma 1.278365E+02, time 1.821ms
[INFO   ] DREAMPlace - full step 4.591 ms
[INFO   ] DREAMPlace - optimizer step 2.280 ms
[INFO   ] DREAMPlace - iteration  259, ( 259,  0,  0), Obj 9.276730E+07, DensityWeight 7.161711E-05, wHPWL 1.380181E+08, Overflow 5.191144E-01, MaxDensity 1.442E+01, gamma 1.263512E+02, time 1.400ms
[INFO   ] DREAMPlace - full step 4.159 ms
[INFO   ] DREAMPlace - optimizer step 2.248 ms
[INFO   ] DREAMPlace - iteration  260, ( 260,  0,  0), Obj 9.303343E+07, DensityWeight 7.369401E-05, wHPWL 1.379582E+08, Overflow 5.166405E-01, MaxDensity 1.341E+01, gamma 1.250110E+02, time 1.420ms
[INFO   ] DREAMPlace - full step 4.141 ms
[INFO   ] DREAMPlace - optimizer step 2.267 ms
[INFO   ] DREAMPlace - iteration  261, ( 261,  0,  0), Obj 9.328874E+07, DensityWeight 7.583114E-05, wHPWL 1.379096E+08, Overflow 5.145558E-01, MaxDensity 1.385E+01, gamma 1.234385E+02, time 1.404ms
[INFO   ] DREAMPlace - full step 4.135 ms
[INFO   ] DREAMPlace - optimizer step 2.283 ms
[INFO   ] DREAMPlace - iteration  262, ( 262,  0,  0), Obj 9.357993E+07, DensityWeight 7.803025E-05, wHPWL 1.378615E+08, Overflow 5.121974E-01, MaxDensity 1.333E+01, gamma 1.221288E+02, time 1.414ms
[INFO   ] DREAMPlace - full step 4.199 ms
[INFO   ] DREAMPlace - optimizer step 2.244 ms
[INFO   ] DREAMPlace - iteration  263, ( 263,  0,  0), Obj 9.383744E+07, DensityWeight 8.029313E-05, wHPWL 1.378152E+08, Overflow 5.100288E-01, MaxDensity 1.405E+01, gamma 1.206638E+02, time 1.406ms
[INFO   ] DREAMPlace - full step 4.119 ms
[INFO   ] DREAMPlace - optimizer step 5.180 ms
[INFO   ] DREAMPlace - iteration  264, ( 264,  0,  0), Obj 9.410937E+07, DensityWeight 8.262163E-05, wHPWL 1.377548E+08, Overflow 5.078409E-01, MaxDensity 1.304E+01, gamma 1.193323E+02, time 1.432ms
[INFO   ] DREAMPlace - full step 7.117 ms
[INFO   ] DREAMPlace - optimizer step 2.380 ms
[INFO   ] DREAMPlace - iteration  265, ( 265,  0,  0), Obj 9.436601E+07, DensityWeight 8.501767E-05, wHPWL 1.376929E+08, Overflow 5.055705E-01, MaxDensity 1.211E+01, gamma 1.180038E+02, time 1.429ms
[INFO   ] DREAMPlace - full step 4.293 ms
[INFO   ] DREAMPlace - optimizer step 2.276 ms
[INFO   ] DREAMPlace - iteration  266, ( 266,  0,  0), Obj 9.462187E+07, DensityWeight 8.748318E-05, wHPWL 1.376361E+08, Overflow 5.036380E-01, MaxDensity 1.377E+01, gamma 1.166408E+02, time 1.406ms
[INFO   ] DREAMPlace - full step 4.146 ms
[INFO   ] DREAMPlace - optimizer step 2.262 ms
[INFO   ] DREAMPlace - iteration  267, ( 267,  0,  0), Obj 9.488694E+07, DensityWeight 9.002020E-05, wHPWL 1.375742E+08, Overflow 5.014711E-01, MaxDensity 1.411E+01, gamma 1.154931E+02, time 1.390ms
[INFO   ] DREAMPlace - full step 4.130 ms
[INFO   ] DREAMPlace - optimizer step 2.299 ms
[INFO   ] DREAMPlace - iteration  268, ( 268,  0,  0), Obj 9.511923E+07, DensityWeight 9.263079E-05, wHPWL 1.375233E+08, Overflow 4.995493E-01, MaxDensity 1.344E+01, gamma 1.142196E+02, time 1.416ms
[INFO   ] DREAMPlace - full step 4.218 ms
[INFO   ] DREAMPlace - optimizer step 2.261 ms
[INFO   ] DREAMPlace - iteration  269, ( 269,  0,  0), Obj 9.537018E+07, DensityWeight 9.531709E-05, wHPWL 1.374604E+08, Overflow 4.972401E-01, MaxDensity 1.304E+01, gamma 1.131019E+02, time 1.401ms
[INFO   ] DREAMPlace - full step 4.139 ms
[INFO   ] DREAMPlace - optimizer step 2.345 ms
[INFO   ] DREAMPlace - iteration  270, ( 270,  0,  0), Obj 9.560370E+07, DensityWeight 9.808129E-05, wHPWL 1.374199E+08, Overflow 4.951966E-01, MaxDensity 1.314E+01, gamma 1.117734E+02, time 1.421ms
[INFO   ] DREAMPlace - full step 4.270 ms
[INFO   ] DREAMPlace - optimizer step 2.345 ms
[INFO   ] DREAMPlace - iteration  271, ( 271,  0,  0), Obj 9.587662E+07, DensityWeight 1.009257E-04, wHPWL 1.373766E+08, Overflow 4.928390E-01, MaxDensity 1.337E+01, gamma 1.106108E+02, time 1.433ms
[INFO   ] DREAMPlace - full step 4.266 ms
[INFO   ] DREAMPlace - optimizer step 2.308 ms
[INFO   ] DREAMPlace - iteration  272, ( 272,  0,  0), Obj 9.612817E+07, DensityWeight 1.038525E-04, wHPWL 1.373503E+08, Overflow 4.905607E-01, MaxDensity 1.288E+01, gamma 1.092845E+02, time 1.410ms
[INFO   ] DREAMPlace - full step 4.230 ms
[INFO   ] DREAMPlace - optimizer step 2.349 ms
[INFO   ] DREAMPlace - iteration  273, ( 273,  0,  0), Obj 9.640457E+07, DensityWeight 1.068642E-04, wHPWL 1.373068E+08, Overflow 4.885297E-01, MaxDensity 1.201E+01, gamma 1.080178E+02, time 1.424ms
[INFO   ] DREAMPlace - full step 4.253 ms
[INFO   ] DREAMPlace - optimizer step 2.326 ms
[INFO   ] DREAMPlace - iteration  274, ( 274,  0,  0), Obj 9.667502E+07, DensityWeight 1.099633E-04, wHPWL 1.372737E+08, Overflow 4.864082E-01, MaxDensity 1.212E+01, gamma 1.069011E+02, time 1.416ms
[INFO   ] DREAMPlace - full step 4.217 ms
[INFO   ] DREAMPlace - optimizer step 2.285 ms
[INFO   ] DREAMPlace - iteration  275, ( 275,  0,  0), Obj 9.691859E+07, DensityWeight 1.131522E-04, wHPWL 1.372282E+08, Overflow 4.841954E-01, MaxDensity 1.240E+01, gamma 1.057469E+02, time 1.391ms
[INFO   ] DREAMPlace - full step 4.185 ms
[INFO   ] DREAMPlace - optimizer step 2.407 ms
[INFO   ] DREAMPlace - iteration  276, ( 276,  0,  0), Obj 9.716033E+07, DensityWeight 1.164337E-04, wHPWL 1.371762E+08, Overflow 4.820462E-01, MaxDensity 1.282E+01, gamma 1.045563E+02, time 1.472ms
[INFO   ] DREAMPlace - full step 4.380 ms
[INFO   ] DREAMPlace - optimizer step 2.367 ms
[INFO   ] DREAMPlace - iteration  277, ( 277,  0,  0), Obj 9.741378E+07, DensityWeight 1.198102E-04, wHPWL 1.371214E+08, Overflow 4.793284E-01, MaxDensity 1.160E+01, gamma 1.034128E+02, time 1.427ms
[INFO   ] DREAMPlace - full step 4.267 ms
[INFO   ] DREAMPlace - optimizer step 2.632 ms
[INFO   ] DREAMPlace - iteration  278, ( 278,  0,  0), Obj 9.766406E+07, DensityWeight 1.232847E-04, wHPWL 1.370810E+08, Overflow 4.768193E-01, MaxDensity 1.246E+01, gamma 1.019846E+02, time 1.429ms
[INFO   ] DREAMPlace - full step 4.536 ms
[INFO   ] DREAMPlace - optimizer step 2.410 ms
[INFO   ] DREAMPlace - iteration  279, ( 279,  0,  0), Obj 9.796522E+07, DensityWeight 1.268600E-04, wHPWL 1.370277E+08, Overflow 4.740626E-01, MaxDensity 1.169E+01, gamma 1.006837E+02, time 1.409ms
[INFO   ] DREAMPlace - full step 4.301 ms
[INFO   ] DREAMPlace - plotting to lambdaentry_results/entry/bigblue2/plot/iter0280.png takes 5.008 seconds
[INFO   ] DREAMPlace - optimizer step 37.714 ms
[INFO   ] DREAMPlace - iteration  280, ( 280,  0,  0), Obj 9.825124E+07, DensityWeight 1.305389E-04, wHPWL 1.369832E+08, Overflow 4.714659E-01, MaxDensity 1.122E+01, gamma 9.927340E+01, time 1.410ms
[INFO   ] DREAMPlace - full step 5053.542 ms
[INFO   ] DREAMPlace - optimizer step 22.645 ms
[INFO   ] DREAMPlace - iteration  281, ( 281,  0,  0), Obj 9.855185E+07, DensityWeight 1.343246E-04, wHPWL 1.369174E+08, Overflow 4.689348E-01, MaxDensity 1.149E+01, gamma 9.796310E+01, time 5.802ms
[INFO   ] DREAMPlace - full step 33.864 ms
[INFO   ] DREAMPlace - optimizer step 24.307 ms
[INFO   ] DREAMPlace - iteration  282, ( 282,  0,  0), Obj 9.883482E+07, DensityWeight 1.382200E-04, wHPWL 1.368504E+08, Overflow 4.663783E-01, MaxDensity 1.083E+01, gamma 9.670252E+01, time 6.366ms
[INFO   ] DREAMPlace - full step 36.499 ms
[INFO   ] DREAMPlace - optimizer step 21.015 ms
[INFO   ] DREAMPlace - iteration  283, ( 283,  0,  0), Obj 9.911090E+07, DensityWeight 1.422284E-04, wHPWL 1.367779E+08, Overflow 4.639504E-01, MaxDensity 1.145E+01, gamma 9.544580E+01, time 6.482ms
[INFO   ] DREAMPlace - full step 34.859 ms
[INFO   ] DREAMPlace - optimizer step 25.452 ms
[INFO   ] DREAMPlace - iteration  284, ( 284,  0,  0), Obj 9.938731E+07, DensityWeight 1.463530E-04, wHPWL 1.367095E+08, Overflow 4.613543E-01, MaxDensity 1.204E+01, gamma 9.426741E+01, time 9.281ms
[INFO   ] DREAMPlace - full step 42.045 ms
[INFO   ] DREAMPlace - optimizer step 26.834 ms
[INFO   ] DREAMPlace - iteration  285, ( 285,  0,  0), Obj 9.965309E+07, DensityWeight 1.505972E-04, wHPWL 1.366406E+08, Overflow 4.587956E-01, MaxDensity 1.112E+01, gamma 9.302342E+01, time 6.646ms
[INFO   ] DREAMPlace - full step 39.138 ms
[INFO   ] DREAMPlace - optimizer step 68.038 ms
[INFO   ] DREAMPlace - iteration  286, ( 286,  0,  0), Obj 9.993110E+07, DensityWeight 1.549646E-04, wHPWL 1.365739E+08, Overflow 4.570183E-01, MaxDensity 1.040E+01, gamma 9.181348E+01, time 6.666ms
[INFO   ] DREAMPlace - full step 81.976 ms
[INFO   ] DREAMPlace - optimizer step 21.027 ms
[INFO   ] DREAMPlace - iteration  287, ( 287,  0,  0), Obj 1.002059E+08, DensityWeight 1.594585E-04, wHPWL 1.365056E+08, Overflow 4.543846E-01, MaxDensity 1.115E+01, gamma 9.098228E+01, time 13.074ms
[INFO   ] DREAMPlace - full step 41.435 ms
[INFO   ] DREAMPlace - optimizer step 39.141 ms
[INFO   ] DREAMPlace - iteration  288, ( 288,  0,  0), Obj 1.004045E+08, DensityWeight 1.640829E-04, wHPWL 1.364372E+08, Overflow 4.526119E-01, MaxDensity 1.120E+01, gamma 8.976441E+01, time 5.921ms
[INFO   ] DREAMPlace - full step 52.467 ms
[INFO   ] DREAMPlace - optimizer step 39.691 ms
[INFO   ] DREAMPlace - iteration  289, ( 289,  0,  0), Obj 1.006655E+08, DensityWeight 1.688413E-04, wHPWL 1.363486E+08, Overflow 4.506666E-01, MaxDensity 1.111E+01, gamma 8.895387E+01, time 8.190ms
[INFO   ] DREAMPlace - full step 53.363 ms
[INFO   ] DREAMPlace - optimizer step 22.901 ms
[INFO   ] DREAMPlace - iteration  290, ( 290,  0,  0), Obj 1.008681E+08, DensityWeight 1.737377E-04, wHPWL 1.362981E+08, Overflow 4.489233E-01, MaxDensity 1.114E+01, gamma 8.807280E+01, time 6.021ms
[INFO   ] DREAMPlace - full step 36.285 ms
[INFO   ] DREAMPlace - optimizer step 22.576 ms
[INFO   ] DREAMPlace - iteration  291, ( 291,  0,  0), Obj 1.010762E+08, DensityWeight 1.787761E-04, wHPWL 1.362346E+08, Overflow 4.467764E-01, MaxDensity 1.103E+01, gamma 8.729070E+01, time 6.025ms
[INFO   ] DREAMPlace - full step 35.881 ms
[INFO   ] DREAMPlace - optimizer step 21.294 ms
[INFO   ] DREAMPlace - iteration  292, ( 292,  0,  0), Obj 1.012636E+08, DensityWeight 1.839606E-04, wHPWL 1.361821E+08, Overflow 4.448818E-01, MaxDensity 1.118E+01, gamma 8.633700E+01, time 4.055ms
[INFO   ] DREAMPlace - full step 32.688 ms
[INFO   ] DREAMPlace - optimizer step 22.693 ms
[INFO   ] DREAMPlace - iteration  293, ( 293,  0,  0), Obj 1.014910E+08, DensityWeight 1.892954E-04, wHPWL 1.361325E+08, Overflow 4.424938E-01, MaxDensity 1.040E+01, gamma 8.550407E+01, time 5.908ms
[INFO   ] DREAMPlace - full step 35.863 ms
[INFO   ] DREAMPlace - optimizer step 21.153 ms
[INFO   ] DREAMPlace - iteration  294, ( 294,  0,  0), Obj 1.017043E+08, DensityWeight 1.947850E-04, wHPWL 1.361091E+08, Overflow 4.403492E-01, MaxDensity 1.005E+01, gamma 8.446565E+01, time 11.983ms
[INFO   ] DREAMPlace - full step 38.349 ms
[INFO   ] DREAMPlace - optimizer step 22.598 ms
[INFO   ] DREAMPlace - iteration  295, ( 295,  0,  0), Obj 1.019549E+08, DensityWeight 2.004338E-04, wHPWL 1.360698E+08, Overflow 4.377001E-01, MaxDensity 9.744E+00, gamma 8.354382E+01, time 5.923ms
[INFO   ] DREAMPlace - full step 35.833 ms
[INFO   ] DREAMPlace - optimizer step 22.647 ms
[INFO   ] DREAMPlace - iteration  296, ( 296,  0,  0), Obj 1.021858E+08, DensityWeight 2.062464E-04, wHPWL 1.360399E+08, Overflow 4.355522E-01, MaxDensity 1.009E+01, gamma 8.241901E+01, time 5.969ms
[INFO   ] DREAMPlace - full step 35.892 ms
[INFO   ] DREAMPlace - optimizer step 22.676 ms
[INFO   ] DREAMPlace - iteration  297, ( 297,  0,  0), Obj 1.024561E+08, DensityWeight 2.122275E-04, wHPWL 1.359953E+08, Overflow 4.328589E-01, MaxDensity 9.914E+00, gamma 8.151817E+01, time 5.889ms
[INFO   ] DREAMPlace - full step 32.223 ms
[INFO   ] DREAMPlace - optimizer step 22.723 ms
[INFO   ] DREAMPlace - iteration  298, ( 298,  0,  0), Obj 1.026878E+08, DensityWeight 2.183821E-04, wHPWL 1.359636E+08, Overflow 4.306581E-01, MaxDensity 9.668E+00, gamma 8.040244E+01, time 5.939ms
[INFO   ] DREAMPlace - full step 35.948 ms
[INFO   ] DREAMPlace - optimizer step 21.397 ms
[INFO   ] DREAMPlace - iteration  299, ( 299,  0,  0), Obj 1.029575E+08, DensityWeight 2.247152E-04, wHPWL 1.359128E+08, Overflow 4.277802E-01, MaxDensity 9.809E+00, gamma 7.950210E+01, time 5.883ms
[INFO   ] DREAMPlace - full step 34.585 ms
[INFO   ] DREAMPlace - optimizer step 22.604 ms
[INFO   ] DREAMPlace - iteration  300, ( 300,  0,  0), Obj 1.031909E+08, DensityWeight 2.312320E-04, wHPWL 1.358754E+08, Overflow 4.254113E-01, MaxDensity 9.662E+00, gamma 7.833994E+01, time 5.886ms
[INFO   ] DREAMPlace - full step 35.766 ms
[INFO   ] DREAMPlace - optimizer step 25.904 ms
[INFO   ] DREAMPlace - iteration  301, ( 301,  0,  0), Obj 1.034763E+08, DensityWeight 2.379377E-04, wHPWL 1.358258E+08, Overflow 4.230015E-01, MaxDensity 9.797E+00, gamma 7.739610E+01, time 9.094ms
[INFO   ] DREAMPlace - full step 42.327 ms
[INFO   ] DREAMPlace - optimizer step 22.583 ms
[INFO   ] DREAMPlace - iteration  302, ( 302,  0,  0), Obj 1.037260E+08, DensityWeight 2.448379E-04, wHPWL 1.357914E+08, Overflow 4.209934E-01, MaxDensity 1.011E+01, gamma 7.644761E+01, time 5.914ms
[INFO   ] DREAMPlace - full step 35.778 ms
[INFO   ] DREAMPlace - optimizer step 22.599 ms
[INFO   ] DREAMPlace - iteration  303, ( 303,  0,  0), Obj 1.039691E+08, DensityWeight 2.519382E-04, wHPWL 1.357379E+08, Overflow 4.186887E-01, MaxDensity 9.212E+00, gamma 7.566611E+01, time 5.848ms
[INFO   ] DREAMPlace - full step 33.851 ms
[INFO   ] DREAMPlace - optimizer step 23.688 ms
[INFO   ] DREAMPlace - iteration  304, ( 304,  0,  0), Obj 1.041746E+08, DensityWeight 2.592445E-04, wHPWL 1.356874E+08, Overflow 4.165812E-01, MaxDensity 9.744E+00, gamma 7.477907E+01, time 9.330ms
[INFO   ] DREAMPlace - full step 40.308 ms
[INFO   ] DREAMPlace - optimizer step 22.666 ms
[INFO   ] DREAMPlace - iteration  305, ( 305,  0,  0), Obj 1.044043E+08, DensityWeight 2.667626E-04, wHPWL 1.356360E+08, Overflow 4.142492E-01, MaxDensity 9.668E+00, gamma 7.397699E+01, time 5.956ms
[INFO   ] DREAMPlace - full step 35.894 ms
[INFO   ] DREAMPlace - optimizer step 22.638 ms
[INFO   ] DREAMPlace - iteration  306, ( 306,  0,  0), Obj 1.046259E+08, DensityWeight 2.744987E-04, wHPWL 1.356071E+08, Overflow 4.119178E-01, MaxDensity 9.430E+00, gamma 7.309947E+01, time 5.821ms
[INFO   ] DREAMPlace - full step 31.987 ms
[INFO   ] DREAMPlace - optimizer step 22.639 ms
[INFO   ] DREAMPlace - iteration  307, ( 307,  0,  0), Obj 1.048627E+08, DensityWeight 2.824592E-04, wHPWL 1.355706E+08, Overflow 4.093692E-01, MaxDensity 1.028E+01, gamma 7.223263E+01, time 5.911ms
[INFO   ] DREAMPlace - full step 35.863 ms
[INFO   ] DREAMPlace - optimizer step 18.801 ms
[INFO   ] DREAMPlace - iteration  308, ( 308,  0,  0), Obj 1.050970E+08, DensityWeight 2.906505E-04, wHPWL 1.355379E+08, Overflow 4.067693E-01, MaxDensity 9.834E+00, gamma 7.129678E+01, time 5.896ms
[INFO   ] DREAMPlace - full step 31.965 ms
[INFO   ] DREAMPlace - optimizer step 22.571 ms
[INFO   ] DREAMPlace - iteration  309, ( 309,  0,  0), Obj 1.053469E+08, DensityWeight 2.990794E-04, wHPWL 1.354969E+08, Overflow 4.043087E-01, MaxDensity 9.391E+00, gamma 7.035459E+01, time 5.920ms
[INFO   ] DREAMPlace - full step 35.789 ms
[INFO   ] DREAMPlace - optimizer step 17.474 ms
[INFO   ] DREAMPlace - iteration  310, ( 310,  0,  0), Obj 1.056013E+08, DensityWeight 3.077527E-04, wHPWL 1.354643E+08, Overflow 4.017783E-01, MaxDensity 8.753E+00, gamma 6.947432E+01, time 5.837ms
[INFO   ] DREAMPlace - full step 30.569 ms
[INFO   ] DREAMPlace - optimizer step 22.645 ms
[INFO   ] DREAMPlace - iteration  311, ( 311,  0,  0), Obj 1.058405E+08, DensityWeight 3.166775E-04, wHPWL 1.354186E+08, Overflow 3.996179E-01, MaxDensity 8.996E+00, gamma 6.858060E+01, time 5.939ms
[INFO   ] DREAMPlace - full step 35.898 ms
[INFO   ] DREAMPlace - optimizer step 19.459 ms
[INFO   ] DREAMPlace - iteration  312, ( 312,  0,  0), Obj 1.060787E+08, DensityWeight 3.258612E-04, wHPWL 1.353737E+08, Overflow 3.971372E-01, MaxDensity 8.414E+00, gamma 6.782667E+01, time 5.906ms
[INFO   ] DREAMPlace - full step 32.725 ms
[INFO   ] DREAMPlace - optimizer step 22.646 ms
[INFO   ] DREAMPlace - iteration  313, ( 313,  0,  0), Obj 1.062873E+08, DensityWeight 3.353112E-04, wHPWL 1.353209E+08, Overflow 3.947347E-01, MaxDensity 7.992E+00, gamma 6.697115E+01, time 5.887ms
[INFO   ] DREAMPlace - full step 35.815 ms
[INFO   ] DREAMPlace - optimizer step 21.144 ms
[INFO   ] DREAMPlace - iteration  314, ( 314,  0,  0), Obj 1.065176E+08, DensityWeight 3.450352E-04, wHPWL 1.352788E+08, Overflow 3.924518E-01, MaxDensity 8.212E+00, gamma 6.615290E+01, time 4.211ms
[INFO   ] DREAMPlace - full step 32.694 ms
[INFO   ] DREAMPlace - optimizer step 22.619 ms
[INFO   ] DREAMPlace - iteration  315, ( 315,  0,  0), Obj 1.067455E+08, DensityWeight 3.550412E-04, wHPWL 1.352345E+08, Overflow 3.901190E-01, MaxDensity 7.879E+00, gamma 6.538464E+01, time 5.885ms
[INFO   ] DREAMPlace - full step 35.783 ms
[INFO   ] DREAMPlace - optimizer step 22.599 ms
[INFO   ] DREAMPlace - iteration  316, ( 316,  0,  0), Obj 1.069629E+08, DensityWeight 3.653374E-04, wHPWL 1.352028E+08, Overflow 3.879359E-01, MaxDensity 7.947E+00, gamma 6.460881E+01, time 5.913ms
[INFO   ] DREAMPlace - full step 33.821 ms
[INFO   ] DREAMPlace - optimizer step 22.475 ms
[INFO   ] DREAMPlace - iteration  317, ( 317,  0,  0), Obj 1.071773E+08, DensityWeight 3.759323E-04, wHPWL 1.351527E+08, Overflow 3.855182E-01, MaxDensity 8.264E+00, gamma 6.389111E+01, time 6.008ms
[INFO   ] DREAMPlace - full step 35.810 ms
[INFO   ] DREAMPlace - optimizer step 22.653 ms
[INFO   ] DREAMPlace - iteration  318, ( 318,  0,  0), Obj 1.073800E+08, DensityWeight 3.868343E-04, wHPWL 1.351162E+08, Overflow 3.832991E-01, MaxDensity 8.364E+00, gamma 6.310557E+01, time 5.987ms
[INFO   ] DREAMPlace - full step 35.949 ms
[INFO   ] DREAMPlace - optimizer step 22.589 ms
[INFO   ] DREAMPlace - iteration  319, ( 319,  0,  0), Obj 1.075991E+08, DensityWeight 3.980525E-04, wHPWL 1.350712E+08, Overflow 3.806127E-01, MaxDensity 8.659E+00, gamma 6.239309E+01, time 10.451ms
[INFO   ] DREAMPlace - full step 36.784 ms
[INFO   ] DREAMPlace - plotting to lambdaentry_results/entry/bigblue2/plot/iter0320.png takes 4.726 seconds
[INFO   ] DREAMPlace - optimizer step 18.314 ms
[INFO   ] DREAMPlace - iteration  320, ( 320,  0,  0), Obj 1.078051E+08, DensityWeight 4.095961E-04, wHPWL 1.350419E+08, Overflow 3.781191E-01, MaxDensity 8.650E+00, gamma 6.154129E+01, time 5.907ms
[INFO   ] DREAMPlace - full step 4761.409 ms
[INFO   ] DREAMPlace - optimizer step 22.603 ms
[INFO   ] DREAMPlace - iteration  321, ( 321,  0,  0), Obj 1.080403E+08, DensityWeight 4.214744E-04, wHPWL 1.349964E+08, Overflow 3.756486E-01, MaxDensity 8.717E+00, gamma 6.076103E+01, time 5.793ms
[INFO   ] DREAMPlace - full step 35.795 ms
[INFO   ] DREAMPlace - optimizer step 22.492 ms
[INFO   ] DREAMPlace - iteration  322, ( 322,  0,  0), Obj 1.082643E+08, DensityWeight 4.336971E-04, wHPWL 1.349635E+08, Overflow 3.733827E-01, MaxDensity 8.534E+00, gamma 5.999778E+01, time 8.419ms
[INFO   ] DREAMPlace - full step 38.249 ms
[INFO   ] DREAMPlace - optimizer step 22.645 ms
[INFO   ] DREAMPlace - iteration  323, ( 323,  0,  0), Obj 1.084806E+08, DensityWeight 4.462744E-04, wHPWL 1.349151E+08, Overflow 3.712225E-01, MaxDensity 8.169E+00, gamma 5.930619E+01, time 5.900ms
[INFO   ] DREAMPlace - full step 34.358 ms
[INFO   ] DREAMPlace - optimizer step 22.672 ms
[INFO   ] DREAMPlace - iteration  324, ( 324,  0,  0), Obj 1.086792E+08, DensityWeight 4.592164E-04, wHPWL 1.348724E+08, Overflow 3.687499E-01, MaxDensity 8.439E+00, gamma 5.865425E+01, time 5.903ms
[INFO   ] DREAMPlace - full step 35.560 ms
[INFO   ] DREAMPlace - optimizer step 17.722 ms
[INFO   ] DREAMPlace - iteration  325, ( 325,  0,  0), Obj 1.088691E+08, DensityWeight 4.725337E-04, wHPWL 1.348258E+08, Overflow 3.662759E-01, MaxDensity 8.535E+00, gamma 5.791682E+01, time 5.923ms
[INFO   ] DREAMPlace - full step 30.946 ms
[INFO   ] DREAMPlace - optimizer step 22.627 ms
[INFO   ] DREAMPlace - iteration  326, ( 326,  0,  0), Obj 1.090818E+08, DensityWeight 4.862372E-04, wHPWL 1.347915E+08, Overflow 3.636950E-01, MaxDensity 9.183E+00, gamma 5.718828E+01, time 5.906ms
[INFO   ] DREAMPlace - full step 35.849 ms
[INFO   ] DREAMPlace - optimizer step 22.523 ms
[INFO   ] DREAMPlace - iteration  327, ( 327,  0,  0), Obj 1.092973E+08, DensityWeight 5.003381E-04, wHPWL 1.347566E+08, Overflow 3.613945E-01, MaxDensity 8.358E+00, gamma 5.643801E+01, time 8.394ms
[INFO   ] DREAMPlace - full step 38.194 ms
[INFO   ] DREAMPlace - optimizer step 22.504 ms
[INFO   ] DREAMPlace - iteration  328, ( 328,  0,  0), Obj 1.095181E+08, DensityWeight 5.148479E-04, wHPWL 1.347241E+08, Overflow 3.589672E-01, MaxDensity 7.653E+00, gamma 5.577755E+01, time 5.947ms
[INFO   ] DREAMPlace - full step 33.784 ms
[INFO   ] DREAMPlace - optimizer step 22.645 ms
[INFO   ] DREAMPlace - iteration  329, ( 329,  0,  0), Obj 1.097147E+08, DensityWeight 5.297785E-04, wHPWL 1.346813E+08, Overflow 3.566202E-01, MaxDensity 7.283E+00, gamma 5.508906E+01, time 5.907ms
[INFO   ] DREAMPlace - full step 35.831 ms
[INFO   ] DREAMPlace - optimizer step 17.552 ms
[INFO   ] DREAMPlace - iteration  330, ( 330,  0,  0), Obj 1.099157E+08, DensityWeight 5.451422E-04, wHPWL 1.346387E+08, Overflow 3.542026E-01, MaxDensity 7.102E+00, gamma 5.443145E+01, time 11.023ms
[INFO   ] DREAMPlace - full step 35.856 ms
[INFO   ] DREAMPlace - optimizer step 22.599 ms
[INFO   ] DREAMPlace - iteration  331, ( 331,  0,  0), Obj 1.101130E+08, DensityWeight 5.609513E-04, wHPWL 1.345980E+08, Overflow 3.521412E-01, MaxDensity 7.003E+00, gamma 5.376226E+01, time 5.934ms
[INFO   ] DREAMPlace - full step 35.871 ms
[INFO   ] DREAMPlace - optimizer step 22.198 ms
[INFO   ] DREAMPlace - iteration  332, ( 332,  0,  0), Obj 1.103160E+08, DensityWeight 5.772189E-04, wHPWL 1.345657E+08, Overflow 3.498785E-01, MaxDensity 6.837E+00, gamma 5.319817E+01, time 6.268ms
[INFO   ] DREAMPlace - full step 35.609 ms
[INFO   ] DREAMPlace - optimizer step 22.678 ms
[INFO   ] DREAMPlace - iteration  333, ( 333,  0,  0), Obj 1.104931E+08, DensityWeight 5.939582E-04, wHPWL 1.345312E+08, Overflow 3.477097E-01, MaxDensity 6.880E+00, gamma 5.258577E+01, time 5.849ms
[INFO   ] DREAMPlace - full step 34.139 ms
[INFO   ] DREAMPlace - optimizer step 22.680 ms
[INFO   ] DREAMPlace - iteration  334, ( 334,  0,  0), Obj 1.106781E+08, DensityWeight 6.111831E-04, wHPWL 1.344963E+08, Overflow 3.453750E-01, MaxDensity 6.692E+00, gamma 5.200546E+01, time 5.875ms
[INFO   ] DREAMPlace - full step 35.861 ms
[INFO   ] DREAMPlace - optimizer step 17.147 ms
[INFO   ] DREAMPlace - iteration  335, ( 335,  0,  0), Obj 1.108585E+08, DensityWeight 6.289074E-04, wHPWL 1.344645E+08, Overflow 3.430423E-01, MaxDensity 6.948E+00, gamma 5.138787E+01, time 5.822ms
[INFO   ] DREAMPlace - full step 30.229 ms
[INFO   ] DREAMPlace - optimizer step 22.688 ms
[INFO   ] DREAMPlace - iteration  336, ( 336,  0,  0), Obj 1.110511E+08, DensityWeight 6.471457E-04, wHPWL 1.344412E+08, Overflow 3.404575E-01, MaxDensity 6.852E+00, gamma 5.077814E+01, time 5.859ms
[INFO   ] DREAMPlace - full step 35.822 ms
[INFO   ] DREAMPlace - optimizer step 22.569 ms
[INFO   ] DREAMPlace - iteration  337, ( 337,  0,  0), Obj 1.112411E+08, DensityWeight 6.659130E-04, wHPWL 1.344143E+08, Overflow 3.380013E-01, MaxDensity 6.339E+00, gamma 5.011097E+01, time 5.910ms
[INFO   ] DREAMPlace - full step 35.799 ms
[INFO   ] DREAMPlace - optimizer step 22.613 ms
[INFO   ] DREAMPlace - iteration  338, ( 338,  0,  0), Obj 1.114442E+08, DensityWeight 6.852245E-04, wHPWL 1.343855E+08, Overflow 3.356542E-01, MaxDensity 5.967E+00, gamma 4.948510E+01, time 3.742ms
[INFO   ] DREAMPlace - full step 31.999 ms
[INFO   ] DREAMPlace - optimizer step 22.773 ms
[INFO   ] DREAMPlace - iteration  339, ( 339,  0,  0), Obj 1.116364E+08, DensityWeight 7.050960E-04, wHPWL 1.343519E+08, Overflow 3.333338E-01, MaxDensity 6.563E+00, gamma 4.889437E+01, time 5.874ms
[INFO   ] DREAMPlace - full step 35.984 ms
[INFO   ] DREAMPlace - optimizer step 20.137 ms
[INFO   ] DREAMPlace - iteration  340, ( 340,  0,  0), Obj 1.118176E+08, DensityWeight 7.255438E-04, wHPWL 1.343165E+08, Overflow 3.310331E-01, MaxDensity 6.527E+00, gamma 4.831727E+01, time 5.904ms
[INFO   ] DREAMPlace - full step 33.313 ms
[INFO   ] DREAMPlace - optimizer step 22.686 ms
[INFO   ] DREAMPlace - iteration  341, ( 341,  0,  0), Obj 1.119929E+08, DensityWeight 7.465846E-04, wHPWL 1.342765E+08, Overflow 3.290598E-01, MaxDensity 6.569E+00, gamma 4.775178E+01, time 5.889ms
[INFO   ] DREAMPlace - full step 35.860 ms
[INFO   ] DREAMPlace - optimizer step 22.767 ms
[INFO   ] DREAMPlace - iteration  342, ( 342,  0,  0), Obj 1.121670E+08, DensityWeight 7.682356E-04, wHPWL 1.342416E+08, Overflow 3.269844E-01, MaxDensity 6.322E+00, gamma 4.727206E+01, time 5.901ms
[INFO   ] DREAMPlace - full step 35.924 ms
[INFO   ] DREAMPlace - optimizer step 22.666 ms
[INFO   ] DREAMPlace - iteration  343, ( 343,  0,  0), Obj 1.123187E+08, DensityWeight 7.905145E-04, wHPWL 1.342048E+08, Overflow 3.252837E-01, MaxDensity 6.462E+00, gamma 4.677273E+01, time 2.848ms
[INFO   ] DREAMPlace - full step 32.833 ms
[INFO   ] DREAMPlace - optimizer step 22.017 ms
[INFO   ] DREAMPlace - iteration  344, ( 344,  0,  0), Obj 1.124733E+08, DensityWeight 8.134394E-04, wHPWL 1.341694E+08, Overflow 3.232508E-01, MaxDensity 6.710E+00, gamma 4.636745E+01, time 6.540ms
[INFO   ] DREAMPlace - full step 35.891 ms
[INFO   ] DREAMPlace - optimizer step 22.142 ms
[INFO   ] DREAMPlace - iteration  345, ( 345,  0,  0), Obj 1.126046E+08, DensityWeight 8.370292E-04, wHPWL 1.341352E+08, Overflow 3.211351E-01, MaxDensity 6.634E+00, gamma 4.588764E+01, time 5.880ms
[INFO   ] DREAMPlace - full step 33.196 ms
[INFO   ] DREAMPlace - optimizer step 22.700 ms
[INFO   ] DREAMPlace - iteration  346, ( 346,  0,  0), Obj 1.127551E+08, DensityWeight 8.613031E-04, wHPWL 1.341068E+08, Overflow 3.188415E-01, MaxDensity 6.948E+00, gamma 4.539356E+01, time 5.874ms
[INFO   ] DREAMPlace - full step 35.877 ms
[INFO   ] DREAMPlace - optimizer step 22.596 ms
[INFO   ] DREAMPlace - iteration  347, ( 347,  0,  0), Obj 1.129139E+08, DensityWeight 8.862809E-04, wHPWL 1.340831E+08, Overflow 3.165089E-01, MaxDensity 6.573E+00, gamma 4.486392E+01, time 5.888ms
[INFO   ] DREAMPlace - full step 35.787 ms
[INFO   ] DREAMPlace - optimizer step 22.577 ms
[INFO   ] DREAMPlace - iteration  348, ( 348,  0,  0), Obj 1.130841E+08, DensityWeight 9.119831E-04, wHPWL 1.340632E+08, Overflow 3.140113E-01, MaxDensity 7.288E+00, gamma 4.433162E+01, time 5.754ms
[INFO   ] DREAMPlace - full step 35.661 ms
[INFO   ] DREAMPlace - optimizer step 22.656 ms
[INFO   ] DREAMPlace - iteration  349, ( 349,  0,  0), Obj 1.132524E+08, DensityWeight 9.384306E-04, wHPWL 1.340358E+08, Overflow 3.117981E-01, MaxDensity 6.630E+00, gamma 4.376868E+01, time 5.858ms
[INFO   ] DREAMPlace - full step 35.831 ms
[INFO   ] DREAMPlace - optimizer step 17.816 ms
[INFO   ] DREAMPlace - iteration  350, ( 350,  0,  0), Obj 1.134279E+08, DensityWeight 9.656451E-04, wHPWL 1.340044E+08, Overflow 3.093279E-01, MaxDensity 5.842E+00, gamma 4.327582E+01, time 12.578ms
[INFO   ] DREAMPlace - full step 37.698 ms
[INFO   ] DREAMPlace - optimizer step 22.688 ms
[INFO   ] DREAMPlace - iteration  351, ( 351,  0,  0), Obj 1.135855E+08, DensityWeight 9.936489E-04, wHPWL 1.339702E+08, Overflow 3.071500E-01, MaxDensity 5.614E+00, gamma 4.273226E+01, time 5.896ms
[INFO   ] DREAMPlace - full step 35.901 ms
[INFO   ] DREAMPlace - optimizer step 22.654 ms
[INFO   ] DREAMPlace - iteration  352, ( 352,  0,  0), Obj 1.137551E+08, DensityWeight 1.022465E-03, wHPWL 1.339342E+08, Overflow 3.049350E-01, MaxDensity 5.553E+00, gamma 4.225871E+01, time 5.895ms
[INFO   ] DREAMPlace - full step 35.872 ms
[INFO   ] DREAMPlace - optimizer step 22.606 ms
[INFO   ] DREAMPlace - iteration  353, ( 353,  0,  0), Obj 1.139085E+08, DensityWeight 1.052116E-03, wHPWL 1.338994E+08, Overflow 3.030297E-01, MaxDensity 5.851E+00, gamma 4.178244E+01, time 5.935ms
[INFO   ] DREAMPlace - full step 34.232 ms
[INFO   ] DREAMPlace - optimizer step 22.712 ms
[INFO   ] DREAMPlace - iteration  354, ( 354,  0,  0), Obj 1.140616E+08, DensityWeight 1.082628E-03, wHPWL 1.338652E+08, Overflow 3.006307E-01, MaxDensity 5.774E+00, gamma 4.137709E+01, time 5.889ms
[INFO   ] DREAMPlace - full step 35.833 ms
[INFO   ] DREAMPlace - optimizer step 17.594 ms
[INFO   ] DREAMPlace - iteration  355, ( 355,  0,  0), Obj 1.141955E+08, DensityWeight 1.114024E-03, wHPWL 1.338310E+08, Overflow 2.986945E-01, MaxDensity 5.798E+00, gamma 4.087227E+01, time 5.855ms
[INFO   ] DREAMPlace - full step 30.744 ms
[INFO   ] DREAMPlace - optimizer step 22.696 ms
[INFO   ] DREAMPlace - iteration  356, ( 356,  0,  0), Obj 1.143563E+08, DensityWeight 1.146331E-03, wHPWL 1.338008E+08, Overflow 2.962205E-01, MaxDensity 5.437E+00, gamma 4.046935E+01, time 5.864ms
[INFO   ] DREAMPlace - full step 35.831 ms
[INFO   ] DREAMPlace - optimizer step 22.557 ms
[INFO   ] DREAMPlace - iteration  357, ( 357,  0,  0), Obj 1.144932E+08, DensityWeight 1.179574E-03, wHPWL 1.337750E+08, Overflow 2.941962E-01, MaxDensity 6.192E+00, gamma 3.996027E+01, time 5.901ms
[INFO   ] DREAMPlace - full step 35.841 ms
[INFO   ] DREAMPlace - optimizer step 22.613 ms
[INFO   ] DREAMPlace - iteration  358, ( 358,  0,  0), Obj 1.146550E+08, DensityWeight 1.213782E-03, wHPWL 1.337465E+08, Overflow 2.919317E-01, MaxDensity 5.273E+00, gamma 3.954849E+01, time 3.740ms
[INFO   ] DREAMPlace - full step 32.477 ms
[INFO   ] DREAMPlace - optimizer step 22.706 ms
[INFO   ] DREAMPlace - iteration  359, ( 359,  0,  0), Obj 1.147911E+08, DensityWeight 1.248982E-03, wHPWL 1.337175E+08, Overflow 2.900511E-01, MaxDensity 5.289E+00, gamma 3.909287E+01, time 5.875ms
[INFO   ] DREAMPlace - full step 35.832 ms
[INFO   ] DREAMPlace - plotting to lambdaentry_results/entry/bigblue2/plot/iter0360.png takes 4.722 seconds
[INFO   ] DREAMPlace - optimizer step 63.952 ms
[INFO   ] DREAMPlace - iteration  360, ( 360,  0,  0), Obj 1.149361E+08, DensityWeight 1.285202E-03, wHPWL 1.336869E+08, Overflow 2.878660E-01, MaxDensity 5.383E+00, gamma 3.871851E+01, time 5.899ms
[INFO   ] DREAMPlace - full step 4803.459 ms
[INFO   ] DREAMPlace - optimizer step 16.244 ms
[INFO   ] DREAMPlace - iteration  361, ( 361,  0,  0), Obj 1.150582E+08, DensityWeight 1.322473E-03, wHPWL 1.336537E+08, Overflow 2.860276E-01, MaxDensity 5.280E+00, gamma 3.828801E+01, time 5.381ms
[INFO   ] DREAMPlace - full step 24.484 ms
[INFO   ] DREAMPlace - optimizer step 2.393 ms
[INFO   ] DREAMPlace - iteration  362, ( 362,  0,  0), Obj 1.151943E+08, DensityWeight 1.360825E-03, wHPWL 1.336229E+08, Overflow 2.839667E-01, MaxDensity 5.176E+00, gamma 3.792954E+01, time 2.068ms
[INFO   ] DREAMPlace - full step 4.984 ms
[INFO   ] DREAMPlace - optimizer step 2.360 ms
[INFO   ] DREAMPlace - iteration  363, ( 363,  0,  0), Obj 1.153123E+08, DensityWeight 1.400289E-03, wHPWL 1.335928E+08, Overflow 2.819343E-01, MaxDensity 5.167E+00, gamma 3.753165E+01, time 1.409ms
[INFO   ] DREAMPlace - full step 4.255 ms
[INFO   ] DREAMPlace - optimizer step 2.295 ms
[INFO   ] DREAMPlace - iteration  364, ( 364,  0,  0), Obj 1.154402E+08, DensityWeight 1.440897E-03, wHPWL 1.335652E+08, Overflow 2.797221E-01, MaxDensity 5.158E+00, gamma 3.714336E+01, time 1.420ms
[INFO   ] DREAMPlace - full step 4.219 ms
[INFO   ] DREAMPlace - optimizer step 2.267 ms
[INFO   ] DREAMPlace - iteration  365, ( 365,  0,  0), Obj 1.155656E+08, DensityWeight 1.482684E-03, wHPWL 1.335350E+08, Overflow 2.777104E-01, MaxDensity 5.118E+00, gamma 3.672528E+01, time 1.400ms
[INFO   ] DREAMPlace - full step 4.145 ms
[INFO   ] DREAMPlace - optimizer step 8.043 ms
[INFO   ] DREAMPlace - iteration  366, ( 366,  0,  0), Obj 1.156999E+08, DensityWeight 1.525681E-03, wHPWL 1.335086E+08, Overflow 2.755722E-01, MaxDensity 5.272E+00, gamma 3.634921E+01, time 1.398ms
[INFO   ] DREAMPlace - full step 10.234 ms
[INFO   ] DREAMPlace - optimizer step 3.761 ms
[INFO   ] DREAMPlace - iteration  367, ( 367,  0,  0), Obj 1.158226E+08, DensityWeight 1.569926E-03, wHPWL 1.334780E+08, Overflow 2.735025E-01, MaxDensity 5.129E+00, gamma 3.595367E+01, time 1.599ms
[INFO   ] DREAMPlace - full step 6.276 ms
[INFO   ] DREAMPlace - optimizer step 3.968 ms
[INFO   ] DREAMPlace - iteration  368, ( 368,  0,  0), Obj 1.159505E+08, DensityWeight 1.615454E-03, wHPWL 1.334503E+08, Overflow 2.713065E-01, MaxDensity 5.047E+00, gamma 3.557491E+01, time 1.589ms
[INFO   ] DREAMPlace - full step 6.480 ms
[INFO   ] DREAMPlace - optimizer step 11.842 ms
[INFO   ] DREAMPlace - iteration  369, ( 369,  0,  0), Obj 1.160754E+08, DensityWeight 1.662302E-03, wHPWL 1.334211E+08, Overflow 2.694237E-01, MaxDensity 6.060E+00, gamma 3.517742E+01, time 1.592ms
[INFO   ] DREAMPlace - full step 18.662 ms
[INFO   ] DREAMPlace - optimizer step 20.638 ms
[INFO   ] DREAMPlace - iteration  370, ( 370,  0,  0), Obj 1.162066E+08, DensityWeight 1.710509E-03, wHPWL 1.333968E+08, Overflow 2.673092E-01, MaxDensity 5.427E+00, gamma 3.484013E+01, time 5.847ms
[INFO   ] DREAMPlace - full step 33.781 ms
[INFO   ] DREAMPlace - optimizer step 18.639 ms
[INFO   ] DREAMPlace - iteration  371, ( 371,  0,  0), Obj 1.163216E+08, DensityWeight 1.760114E-03, wHPWL 1.333696E+08, Overflow 2.652191E-01, MaxDensity 4.696E+00, gamma 3.446522E+01, time 5.872ms
[INFO   ] DREAMPlace - full step 29.889 ms
[INFO   ] DREAMPlace - optimizer step 20.835 ms
[INFO   ] DREAMPlace - iteration  372, ( 372,  0,  0), Obj 1.164461E+08, DensityWeight 1.811157E-03, wHPWL 1.333455E+08, Overflow 2.629740E-01, MaxDensity 5.083E+00, gamma 3.409859E+01, time 5.728ms
[INFO   ] DREAMPlace - full step 33.875 ms
[INFO   ] DREAMPlace - optimizer step 20.707 ms
[INFO   ] DREAMPlace - iteration  373, ( 373,  0,  0), Obj 1.165714E+08, DensityWeight 1.863681E-03, wHPWL 1.333224E+08, Overflow 2.607348E-01, MaxDensity 5.114E+00, gamma 3.370910E+01, time 5.832ms
[INFO   ] DREAMPlace - full step 33.837 ms
[INFO   ] DREAMPlace - optimizer step 20.593 ms
[INFO   ] DREAMPlace - iteration  374, ( 374,  0,  0), Obj 1.167035E+08, DensityWeight 1.917728E-03, wHPWL 1.333021E+08, Overflow 2.584091E-01, MaxDensity 4.823E+00, gamma 3.332508E+01, time 5.895ms
[INFO   ] DREAMPlace - full step 31.922 ms
[INFO   ] DREAMPlace - optimizer step 20.736 ms
[INFO   ] DREAMPlace - iteration  375, ( 375,  0,  0), Obj 1.168341E+08, DensityWeight 1.973342E-03, wHPWL 1.332771E+08, Overflow 2.562215E-01, MaxDensity 4.453E+00, gamma 3.293085E+01, time 5.865ms
[INFO   ] DREAMPlace - full step 32.096 ms
[INFO   ] DREAMPlace - optimizer step 18.615 ms
[INFO   ] DREAMPlace - iteration  376, ( 376,  0,  0), Obj 1.169667E+08, DensityWeight 2.030569E-03, wHPWL 1.332521E+08, Overflow 2.540219E-01, MaxDensity 4.475E+00, gamma 3.256430E+01, time 3.925ms
[INFO   ] DREAMPlace - full step 29.753 ms
[INFO   ] DREAMPlace - optimizer step 20.686 ms
[INFO   ] DREAMPlace - iteration  377, ( 377,  0,  0), Obj 1.170922E+08, DensityWeight 2.089456E-03, wHPWL 1.332251E+08, Overflow 2.520310E-01, MaxDensity 4.577E+00, gamma 3.219984E+01, time 5.863ms
[INFO   ] DREAMPlace - full step 33.857 ms
[INFO   ] DREAMPlace - optimizer step 22.997 ms
[INFO   ] DREAMPlace - iteration  378, ( 378,  0,  0), Obj 1.172163E+08, DensityWeight 2.150050E-03, wHPWL 1.331996E+08, Overflow 2.500067E-01, MaxDensity 4.577E+00, gamma 3.187348E+01, time 5.872ms
[INFO   ] DREAMPlace - full step 36.247 ms
[INFO   ] DREAMPlace - optimizer step 20.890 ms
[INFO   ] DREAMPlace - iteration  379, ( 379,  0,  0), Obj 1.173292E+08, DensityWeight 2.212402E-03, wHPWL 1.331727E+08, Overflow 2.482248E-01, MaxDensity 4.690E+00, gamma 3.154504E+01, time 5.858ms
[INFO   ] DREAMPlace - full step 34.000 ms
[INFO   ] DREAMPlace - optimizer step 20.485 ms
[INFO   ] DREAMPlace - iteration  380, ( 380,  0,  0), Obj 1.174410E+08, DensityWeight 2.276561E-03, wHPWL 1.331469E+08, Overflow 2.462096E-01, MaxDensity 4.714E+00, gamma 3.125871E+01, time 5.900ms
[INFO   ] DREAMPlace - full step 31.641 ms
[INFO   ] DREAMPlace - optimizer step 5.424 ms
[INFO   ] DREAMPlace - iteration  381, ( 381,  0,  0), Obj 1.175414E+08, DensityWeight 2.342582E-03, wHPWL 1.331225E+08, Overflow 2.442795E-01, MaxDensity 4.511E+00, gamma 3.093806E+01, time 2.011ms
[INFO   ] DREAMPlace - full step 9.028 ms
[INFO   ] DREAMPlace - optimizer step 4.012 ms
[INFO   ] DREAMPlace - iteration  382, ( 382,  0,  0), Obj 1.176517E+08, DensityWeight 2.410517E-03, wHPWL 1.331018E+08, Overflow 2.422280E-01, MaxDensity 4.308E+00, gamma 3.063401E+01, time 1.627ms
[INFO   ] DREAMPlace - full step 6.803 ms
[INFO   ] DREAMPlace - optimizer step 28.653 ms
[INFO   ] DREAMPlace - iteration  383, ( 383,  0,  0), Obj 1.177594E+08, DensityWeight 2.480422E-03, wHPWL 1.330824E+08, Overflow 2.402781E-01, MaxDensity 4.192E+00, gamma 3.031412E+01, time 5.931ms
[INFO   ] DREAMPlace - full step 41.918 ms
[INFO   ] DREAMPlace - optimizer step 20.166 ms
[INFO   ] DREAMPlace - iteration  384, ( 384,  0,  0), Obj 1.178710E+08, DensityWeight 2.552354E-03, wHPWL 1.330643E+08, Overflow 2.383098E-01, MaxDensity 4.113E+00, gamma 3.001317E+01, time 5.898ms
[INFO   ] DREAMPlace - full step 33.365 ms
[INFO   ] DREAMPlace - optimizer step 22.633 ms
[INFO   ] DREAMPlace - iteration  385, ( 385,  0,  0), Obj 1.179767E+08, DensityWeight 2.626373E-03, wHPWL 1.330430E+08, Overflow 2.364721E-01, MaxDensity 4.188E+00, gamma 2.971241E+01, time 5.898ms
[INFO   ] DREAMPlace - full step 35.262 ms
[INFO   ] DREAMPlace - optimizer step 19.727 ms
[INFO   ] DREAMPlace - iteration  386, ( 386,  0,  0), Obj 1.180820E+08, DensityWeight 2.702537E-03, wHPWL 1.330240E+08, Overflow 2.345194E-01, MaxDensity 4.280E+00, gamma 2.943433E+01, time 5.831ms
[INFO   ] DREAMPlace - full step 32.846 ms
[INFO   ] DREAMPlace - optimizer step 22.433 ms
[INFO   ] DREAMPlace - iteration  387, ( 387,  0,  0), Obj 1.181810E+08, DensityWeight 2.780911E-03, wHPWL 1.330038E+08, Overflow 2.324814E-01, MaxDensity 4.056E+00, gamma 2.914169E+01, time 5.905ms
[INFO   ] DREAMPlace - full step 35.628 ms
[INFO   ] DREAMPlace - optimizer step 22.602 ms
[INFO   ] DREAMPlace - iteration  388, ( 388,  0,  0), Obj 1.182841E+08, DensityWeight 2.861558E-03, wHPWL 1.329866E+08, Overflow 2.304171E-01, MaxDensity 4.120E+00, gamma 2.883938E+01, time 5.881ms
[INFO   ] DREAMPlace - full step 33.025 ms
[INFO   ] DREAMPlace - optimizer step 26.769 ms
[INFO   ] DREAMPlace - iteration  389, ( 389,  0,  0), Obj 1.183917E+08, DensityWeight 2.944543E-03, wHPWL 1.329698E+08, Overflow 2.283321E-01, MaxDensity 4.170E+00, gamma 2.853636E+01, time 5.896ms
[INFO   ] DREAMPlace - full step 39.931 ms
[INFO   ] DREAMPlace - optimizer step 22.494 ms
[INFO   ] DREAMPlace - iteration  390, ( 390,  0,  0), Obj 1.185002E+08, DensityWeight 3.029935E-03, wHPWL 1.329554E+08, Overflow 2.263598E-01, MaxDensity 4.307E+00, gamma 2.823353E+01, time 5.961ms
[INFO   ] DREAMPlace - full step 33.746 ms
[INFO   ] DREAMPlace - optimizer step 19.875 ms
[INFO   ] DREAMPlace - iteration  391, ( 391,  0,  0), Obj 1.186081E+08, DensityWeight 3.117803E-03, wHPWL 1.329380E+08, Overflow 2.243088E-01, MaxDensity 4.242E+00, gamma 2.795004E+01, time 5.876ms
[INFO   ] DREAMPlace - full step 33.062 ms
[INFO   ] DREAMPlace - optimizer step 20.042 ms
[INFO   ] DREAMPlace - iteration  392, ( 392,  0,  0), Obj 1.187095E+08, DensityWeight 3.208219E-03, wHPWL 1.329206E+08, Overflow 2.224348E-01, MaxDensity 4.438E+00, gamma 2.765825E+01, time 5.898ms
[INFO   ] DREAMPlace - full step 33.259 ms
[INFO   ] DREAMPlace - optimizer step 22.676 ms
[INFO   ] DREAMPlace - iteration  393, ( 393,  0,  0), Obj 1.188140E+08, DensityWeight 3.301258E-03, wHPWL 1.329036E+08, Overflow 2.204377E-01, MaxDensity 4.360E+00, gamma 2.739429E+01, time 5.891ms
[INFO   ] DREAMPlace - full step 33.829 ms
[INFO   ] DREAMPlace - optimizer step 19.909 ms
[INFO   ] DREAMPlace - iteration  394, ( 394,  0,  0), Obj 1.189109E+08, DensityWeight 3.396994E-03, wHPWL 1.328889E+08, Overflow 2.184485E-01, MaxDensity 4.104E+00, gamma 2.711579E+01, time 5.908ms
[INFO   ] DREAMPlace - full step 33.125 ms
[INFO   ] DREAMPlace - optimizer step 32.102 ms
[INFO   ] DREAMPlace - iteration  395, ( 395,  0,  0), Obj 1.190128E+08, DensityWeight 3.495507E-03, wHPWL 1.328753E+08, Overflow 2.164505E-01, MaxDensity 4.168E+00, gamma 2.684119E+01, time 8.363ms
[INFO   ] DREAMPlace - full step 45.909 ms
[INFO   ] DREAMPlace - optimizer step 22.012 ms
[INFO   ] DREAMPlace - iteration  396, ( 396,  0,  0), Obj 1.191140E+08, DensityWeight 3.596877E-03, wHPWL 1.328619E+08, Overflow 2.144868E-01, MaxDensity 5.242E+00, gamma 2.656817E+01, time 5.883ms
[INFO   ] DREAMPlace - full step 35.215 ms
[INFO   ] DREAMPlace - optimizer step 22.916 ms
[INFO   ] DREAMPlace - iteration  397, ( 397,  0,  0), Obj 1.192145E+08, DensityWeight 3.701187E-03, wHPWL 1.328478E+08, Overflow 2.125251E-01, MaxDensity 5.192E+00, gamma 2.630255E+01, time 5.454ms
[INFO   ] DREAMPlace - full step 35.693 ms
[INFO   ] DREAMPlace - optimizer step 18.954 ms
[INFO   ] DREAMPlace - iteration  398, ( 398,  0,  0), Obj 1.193123E+08, DensityWeight 3.808521E-03, wHPWL 1.328329E+08, Overflow 2.106344E-01, MaxDensity 4.337E+00, gamma 2.603985E+01, time 14.766ms
[INFO   ] DREAMPlace - full step 41.047 ms
[INFO   ] DREAMPlace - optimizer step 31.694 ms
[INFO   ] DREAMPlace - iteration  399, ( 399,  0,  0), Obj 1.194097E+08, DensityWeight 3.918969E-03, wHPWL 1.328186E+08, Overflow 2.087059E-01, MaxDensity 3.936E+00, gamma 2.578914E+01, time 8.015ms
[INFO   ] DREAMPlace - full step 44.185 ms
[INFO   ] DREAMPlace - plotting to lambdaentry_results/entry/bigblue2/plot/iter0400.png takes 4.679 seconds
[INFO   ] DREAMPlace - optimizer step 23.923 ms
[INFO   ] DREAMPlace - iteration  400, ( 400,  0,  0), Obj 1.195039E+08, DensityWeight 4.032619E-03, wHPWL 1.328057E+08, Overflow 2.068038E-01, MaxDensity 4.195E+00, gamma 2.553592E+01, time 5.847ms
[INFO   ] DREAMPlace - full step 4716.523 ms
[INFO   ] DREAMPlace - optimizer step 22.630 ms
[INFO   ] DREAMPlace - iteration  401, ( 401,  0,  0), Obj 1.195986E+08, DensityWeight 4.149565E-03, wHPWL 1.327926E+08, Overflow 2.048696E-01, MaxDensity 4.825E+00, gamma 2.528858E+01, time 5.776ms
[INFO   ] DREAMPlace - full step 35.800 ms
[INFO   ] DREAMPlace - optimizer step 20.226 ms
[INFO   ] DREAMPlace - iteration  402, ( 402,  0,  0), Obj 1.196914E+08, DensityWeight 4.269903E-03, wHPWL 1.327794E+08, Overflow 2.030191E-01, MaxDensity 4.308E+00, gamma 2.503954E+01, time 5.899ms
[INFO   ] DREAMPlace - full step 33.450 ms
[INFO   ] DREAMPlace - optimizer step 22.701 ms
[INFO   ] DREAMPlace - iteration  403, ( 403,  0,  0), Obj 1.197852E+08, DensityWeight 4.393730E-03, wHPWL 1.327677E+08, Overflow 2.010197E-01, MaxDensity 4.038E+00, gamma 2.480357E+01, time 5.921ms
[INFO   ] DREAMPlace - full step 35.964 ms
[INFO   ] DREAMPlace - optimizer step 28.827 ms
[INFO   ] DREAMPlace - iteration  404, ( 404,  0,  0), Obj 1.198751E+08, DensityWeight 4.521148E-03, wHPWL 1.327549E+08, Overflow 1.991184E-01, MaxDensity 3.871E+00, gamma 2.455111E+01, time 49.076ms
[INFO   ] DREAMPlace - full step 85.224 ms
[INFO   ] DREAMPlace - optimizer step 22.654 ms
[INFO   ] DREAMPlace - iteration  405, ( 405,  0,  0), Obj 1.199697E+08, DensityWeight 4.652262E-03, wHPWL 1.327433E+08, Overflow 1.972381E-01, MaxDensity 3.678E+00, gamma 2.431341E+01, time 5.858ms
[INFO   ] DREAMPlace - full step 35.817 ms
[INFO   ] DREAMPlace - optimizer step 22.642 ms
[INFO   ] DREAMPlace - iteration  406, ( 406,  0,  0), Obj 1.200602E+08, DensityWeight 4.787177E-03, wHPWL 1.327300E+08, Overflow 1.955156E-01, MaxDensity 3.616E+00, gamma 2.408061E+01, time 5.897ms
[INFO   ] DREAMPlace - full step 33.169 ms
[INFO   ] DREAMPlace - optimizer step 22.683 ms
[INFO   ] DREAMPlace - iteration  407, ( 407,  0,  0), Obj 1.201493E+08, DensityWeight 4.926006E-03, wHPWL 1.327192E+08, Overflow 1.936889E-01, MaxDensity 3.645E+00, gamma 2.386930E+01, time 5.880ms
[INFO   ] DREAMPlace - full step 35.824 ms
[INFO   ] DREAMPlace - optimizer step 19.862 ms
[INFO   ] DREAMPlace - iteration  408, ( 408,  0,  0), Obj 1.202316E+08, DensityWeight 5.068860E-03, wHPWL 1.327068E+08, Overflow 1.919863E-01, MaxDensity 3.706E+00, gamma 2.364723E+01, time 5.857ms
[INFO   ] DREAMPlace - full step 33.019 ms
[INFO   ] DREAMPlace - optimizer step 22.483 ms
[INFO   ] DREAMPlace - iteration  409, ( 409,  0,  0), Obj 1.203169E+08, DensityWeight 5.215857E-03, wHPWL 1.326964E+08, Overflow 1.900706E-01, MaxDensity 3.746E+00, gamma 2.344212E+01, time 12.726ms
[INFO   ] DREAMPlace - full step 42.500 ms
[INFO   ] DREAMPlace - optimizer step 20.767 ms
[INFO   ] DREAMPlace - iteration  410, ( 410,  0,  0), Obj 1.203980E+08, DensityWeight 5.367117E-03, wHPWL 1.326860E+08, Overflow 1.882602E-01, MaxDensity 3.767E+00, gamma 2.321345E+01, time 3.203ms
[INFO   ] DREAMPlace - full step 31.227 ms
[INFO   ] DREAMPlace - optimizer step 22.607 ms
[INFO   ] DREAMPlace - iteration  411, ( 411,  0,  0), Obj 1.204869E+08, DensityWeight 5.522764E-03, wHPWL 1.326786E+08, Overflow 1.864159E-01, MaxDensity 3.814E+00, gamma 2.299940E+01, time 5.858ms
[INFO   ] DREAMPlace - full step 35.774 ms
[INFO   ] DREAMPlace - optimizer step 22.679 ms
[INFO   ] DREAMPlace - iteration  412, ( 412,  0,  0), Obj 1.205725E+08, DensityWeight 5.682925E-03, wHPWL 1.326700E+08, Overflow 1.846323E-01, MaxDensity 3.713E+00, gamma 2.278338E+01, time 5.925ms
[INFO   ] DREAMPlace - full step 35.947 ms
[INFO   ] DREAMPlace - optimizer step 22.648 ms
[INFO   ] DREAMPlace - iteration  413, ( 413,  0,  0), Obj 1.206578E+08, DensityWeight 5.847730E-03, wHPWL 1.326630E+08, Overflow 1.828749E-01, MaxDensity 3.699E+00, gamma 2.257640E+01, time 5.929ms
[INFO   ] DREAMPlace - full step 35.851 ms
[INFO   ] DREAMPlace - optimizer step 22.730 ms
[INFO   ] DREAMPlace - iteration  414, ( 414,  0,  0), Obj 1.207396E+08, DensityWeight 6.017314E-03, wHPWL 1.326519E+08, Overflow 1.811126E-01, MaxDensity 3.530E+00, gamma 2.237429E+01, time 5.901ms
[INFO   ] DREAMPlace - full step 35.920 ms
[INFO   ] DREAMPlace - optimizer step 21.540 ms
[INFO   ] DREAMPlace - iteration  415, ( 415,  0,  0), Obj 1.208194E+08, DensityWeight 6.191817E-03, wHPWL 1.326447E+08, Overflow 1.793933E-01, MaxDensity 3.802E+00, gamma 2.217344E+01, time 5.892ms
[INFO   ] DREAMPlace - full step 32.588 ms
[INFO   ] DREAMPlace - optimizer step 22.641 ms
[INFO   ] DREAMPlace - iteration  416, ( 416,  0,  0), Obj 1.209008E+08, DensityWeight 6.371380E-03, wHPWL 1.326369E+08, Overflow 1.776171E-01, MaxDensity 3.955E+00, gamma 2.197922E+01, time 5.937ms
[INFO   ] DREAMPlace - full step 35.892 ms
[INFO   ] DREAMPlace - optimizer step 18.026 ms
[INFO   ] DREAMPlace - iteration  417, ( 417,  0,  0), Obj 1.209799E+08, DensityWeight 6.556150E-03, wHPWL 1.326337E+08, Overflow 1.758794E-01, MaxDensity 3.830E+00, gamma 2.178037E+01, time 5.873ms
[INFO   ] DREAMPlace - full step 31.232 ms
[INFO   ] DREAMPlace - optimizer step 22.672 ms
[INFO   ] DREAMPlace - iteration  418, ( 418,  0,  0), Obj 1.210610E+08, DensityWeight 6.746279E-03, wHPWL 1.326275E+08, Overflow 1.741292E-01, MaxDensity 3.831E+00, gamma 2.158756E+01, time 5.907ms
[INFO   ] DREAMPlace - full step 35.878 ms
[INFO   ] DREAMPlace - optimizer step 19.728 ms
[INFO   ] DREAMPlace - iteration  419, ( 419,  0,  0), Obj 1.211395E+08, DensityWeight 6.941921E-03, wHPWL 1.326237E+08, Overflow 1.724260E-01, MaxDensity 3.590E+00, gamma 2.139510E+01, time 5.894ms
[INFO   ] DREAMPlace - full step 32.594 ms
[INFO   ] DREAMPlace - optimizer step 21.395 ms
[INFO   ] DREAMPlace - iteration  420, ( 420,  0,  0), Obj 1.212185E+08, DensityWeight 7.143237E-03, wHPWL 1.326176E+08, Overflow 1.707161E-01, MaxDensity 3.502E+00, gamma 2.120945E+01, time 7.119ms
[INFO   ] DREAMPlace - full step 35.745 ms
[INFO   ] DREAMPlace - optimizer step 22.646 ms
[INFO   ] DREAMPlace - iteration  421, ( 421,  0,  0), Obj 1.212953E+08, DensityWeight 7.350391E-03, wHPWL 1.326145E+08, Overflow 1.690338E-01, MaxDensity 3.256E+00, gamma 2.102469E+01, time 3.750ms
[INFO   ] DREAMPlace - full step 33.000 ms
[INFO   ] DREAMPlace - optimizer step 22.531 ms
[INFO   ] DREAMPlace - iteration  422, ( 422,  0,  0), Obj 1.213727E+08, DensityWeight 7.563553E-03, wHPWL 1.326096E+08, Overflow 1.673762E-01, MaxDensity 3.176E+00, gamma 2.084449E+01, time 5.883ms
[INFO   ] DREAMPlace - full step 35.751 ms
[INFO   ] DREAMPlace - optimizer step 22.665 ms
[INFO   ] DREAMPlace - iteration  423, ( 423,  0,  0), Obj 1.214475E+08, DensityWeight 7.782896E-03, wHPWL 1.326058E+08, Overflow 1.656747E-01, MaxDensity 3.295E+00, gamma 2.066844E+01, time 5.863ms
[INFO   ] DREAMPlace - full step 35.814 ms
[INFO   ] DREAMPlace - optimizer step 22.558 ms
[INFO   ] DREAMPlace - iteration  424, ( 424,  0,  0), Obj 1.215209E+08, DensityWeight 8.008600E-03, wHPWL 1.325994E+08, Overflow 1.639535E-01, MaxDensity 3.451E+00, gamma 2.048927E+01, time 5.863ms
[INFO   ] DREAMPlace - full step 34.601 ms
[INFO   ] DREAMPlace - optimizer step 22.620 ms
[INFO   ] DREAMPlace - iteration  425, ( 425,  0,  0), Obj 1.215956E+08, DensityWeight 8.240850E-03, wHPWL 1.325959E+08, Overflow 1.622056E-01, MaxDensity 3.568E+00, gamma 2.030961E+01, time 5.864ms
[INFO   ] DREAMPlace - full step 35.843 ms
[INFO   ] DREAMPlace - optimizer step 19.766 ms
[INFO   ] DREAMPlace - iteration  426, ( 426,  0,  0), Obj 1.216716E+08, DensityWeight 8.479835E-03, wHPWL 1.325920E+08, Overflow 1.605154E-01, MaxDensity 3.640E+00, gamma 2.012877E+01, time 5.879ms
[INFO   ] DREAMPlace - full step 32.976 ms
[INFO   ] DREAMPlace - optimizer step 22.680 ms
[INFO   ] DREAMPlace - iteration  427, ( 427,  0,  0), Obj 1.217480E+08, DensityWeight 8.725750E-03, wHPWL 1.325897E+08, Overflow 1.587790E-01, MaxDensity 3.675E+00, gamma 1.995544E+01, time 5.906ms
[INFO   ] DREAMPlace - full step 35.897 ms
[INFO   ] DREAMPlace - optimizer step 20.108 ms
[INFO   ] DREAMPlace - iteration  428, ( 428,  0,  0), Obj 1.218222E+08, DensityWeight 8.978797E-03, wHPWL 1.325855E+08, Overflow 1.571169E-01, MaxDensity 3.673E+00, gamma 1.977893E+01, time 5.903ms
[INFO   ] DREAMPlace - full step 33.314 ms
[INFO   ] DREAMPlace - optimizer step 22.652 ms
[INFO   ] DREAMPlace - iteration  429, ( 429,  0,  0), Obj 1.218971E+08, DensityWeight 9.239183E-03, wHPWL 1.325826E+08, Overflow 1.554220E-01, MaxDensity 3.657E+00, gamma 1.961143E+01, time 5.897ms
[INFO   ] DREAMPlace - full step 35.844 ms
[INFO   ] DREAMPlace - optimizer step 22.963 ms
[INFO   ] DREAMPlace - iteration  430, ( 430,  0,  0), Obj 1.219694E+08, DensityWeight 9.507120E-03, wHPWL 1.325787E+08, Overflow 1.538683E-01, MaxDensity 3.606E+00, gamma 1.944209E+01, time 5.432ms
[INFO   ] DREAMPlace - full step 35.726 ms
[INFO   ] DREAMPlace - optimizer step 29.215 ms
[INFO   ] DREAMPlace - iteration  431, ( 431,  0,  0), Obj 1.220422E+08, DensityWeight 9.782827E-03, wHPWL 1.325760E+08, Overflow 1.521545E-01, MaxDensity 3.520E+00, gamma 1.928814E+01, time 5.875ms
[INFO   ] DREAMPlace - full step 42.450 ms
[INFO   ] DREAMPlace - optimizer step 22.671 ms
[INFO   ] DREAMPlace - iteration  432, ( 432,  0,  0), Obj 1.221100E+08, DensityWeight 1.006653E-02, wHPWL 1.325727E+08, Overflow 1.505937E-01, MaxDensity 3.345E+00, gamma 1.911973E+01, time 5.907ms
[INFO   ] DREAMPlace - full step 35.849 ms
[INFO   ] DREAMPlace - optimizer step 21.260 ms
[INFO   ] DREAMPlace - iteration  433, ( 433,  0,  0), Obj 1.221822E+08, DensityWeight 1.035846E-02, wHPWL 1.325705E+08, Overflow 1.489676E-01, MaxDensity 3.152E+00, gamma 1.896764E+01, time 6.407ms
[INFO   ] DREAMPlace - full step 34.977 ms
[INFO   ] DREAMPlace - optimizer step 22.696 ms
[INFO   ] DREAMPlace - iteration  434, ( 434,  0,  0), Obj 1.222494E+08, DensityWeight 1.065885E-02, wHPWL 1.325678E+08, Overflow 1.474534E-01, MaxDensity 3.144E+00, gamma 1.881047E+01, time 5.904ms
[INFO   ] DREAMPlace - full step 35.867 ms
[INFO   ] DREAMPlace - optimizer step 17.999 ms
[INFO   ] DREAMPlace - iteration  435, ( 435,  0,  0), Obj 1.223184E+08, DensityWeight 1.096796E-02, wHPWL 1.325665E+08, Overflow 1.458973E-01, MaxDensity 3.102E+00, gamma 1.866529E+01, time 5.868ms
[INFO   ] DREAMPlace - full step 31.137 ms
[INFO   ] DREAMPlace - optimizer step 22.585 ms
[INFO   ] DREAMPlace - iteration  436, ( 436,  0,  0), Obj 1.223831E+08, DensityWeight 1.128603E-02, wHPWL 1.325637E+08, Overflow 1.443574E-01, MaxDensity 3.083E+00, gamma 1.851726E+01, time 5.961ms
[INFO   ] DREAMPlace - full step 35.827 ms
[INFO   ] DREAMPlace - optimizer step 21.891 ms
[INFO   ] DREAMPlace - iteration  437, ( 437,  0,  0), Obj 1.224486E+08, DensityWeight 1.161333E-02, wHPWL 1.325617E+08, Overflow 1.427747E-01, MaxDensity 3.027E+00, gamma 1.837193E+01, time 5.978ms
[INFO   ] DREAMPlace - full step 35.140 ms
[INFO   ] DREAMPlace - optimizer step 22.588 ms
[INFO   ] DREAMPlace - iteration  438, ( 438,  0,  0), Obj 1.225135E+08, DensityWeight 1.195011E-02, wHPWL 1.325595E+08, Overflow 1.412593E-01, MaxDensity 3.000E+00, gamma 1.822375E+01, time 5.907ms
[INFO   ] DREAMPlace - full step 35.819 ms
[INFO   ] DREAMPlace - optimizer step 22.590 ms
[INFO   ] DREAMPlace - iteration  439, ( 439,  0,  0), Obj 1.225800E+08, DensityWeight 1.229667E-02, wHPWL 1.325588E+08, Overflow 1.398400E-01, MaxDensity 2.937E+00, gamma 1.808298E+01, time 5.887ms
[INFO   ] DREAMPlace - full step 33.979 ms
[INFO   ] DREAMPlace - plotting to lambdaentry_results/entry/bigblue2/plot/iter0440.png takes 4.659 seconds
[INFO   ] DREAMPlace - optimizer step 23.774 ms
[INFO   ] DREAMPlace - iteration  440, ( 440,  0,  0), Obj 1.226438E+08, DensityWeight 1.265327E-02, wHPWL 1.325578E+08, Overflow 1.384183E-01, MaxDensity 2.904E+00, gamma 1.795213E+01, time 5.918ms
[INFO   ] DREAMPlace - full step 4699.831 ms
[INFO   ] DREAMPlace - optimizer step 22.547 ms
[INFO   ] DREAMPlace - iteration  441, ( 441,  0,  0), Obj 1.227037E+08, DensityWeight 1.302022E-02, wHPWL 1.325568E+08, Overflow 1.369820E-01, MaxDensity 2.882E+00, gamma 1.782202E+01, time 5.764ms
[INFO   ] DREAMPlace - full step 35.751 ms
[INFO   ] DREAMPlace - optimizer step 21.443 ms
[INFO   ] DREAMPlace - iteration  442, ( 442,  0,  0), Obj 1.227633E+08, DensityWeight 1.339780E-02, wHPWL 1.325561E+08, Overflow 1.354764E-01, MaxDensity 2.918E+00, gamma 1.769151E+01, time 6.781ms
[INFO   ] DREAMPlace - full step 33.669 ms
[INFO   ] DREAMPlace - optimizer step 22.683 ms
[INFO   ] DREAMPlace - iteration  443, ( 443,  0,  0), Obj 1.228243E+08, DensityWeight 1.378634E-02, wHPWL 1.325577E+08, Overflow 1.339236E-01, MaxDensity 2.911E+00, gamma 1.755575E+01, time 5.896ms
[INFO   ] DREAMPlace - full step 35.874 ms
[INFO   ] DREAMPlace - optimizer step 22.635 ms
[INFO   ] DREAMPlace - iteration  444, ( 444,  0,  0), Obj 1.228880E+08, DensityWeight 1.447236E-02, wHPWL 1.325605E+08, Overflow 1.324058E-01, MaxDensity 2.990E+00, gamma 1.741681E+01, time 5.936ms
[INFO   ] DREAMPlace - full step 35.914 ms
[INFO   ] DREAMPlace - optimizer step 22.596 ms
[INFO   ] DREAMPlace - iteration  445, ( 445,  0,  0), Obj 1.229530E+08, DensityWeight 1.518998E-02, wHPWL 1.325631E+08, Overflow 1.309011E-01, MaxDensity 3.046E+00, gamma 1.728206E+01, time 5.905ms
[INFO   ] DREAMPlace - full step 35.821 ms
[INFO   ] DREAMPlace - optimizer step 22.673 ms
[INFO   ] DREAMPlace - iteration  446, ( 446,  0,  0), Obj 1.230231E+08, DensityWeight 1.594367E-02, wHPWL 1.325725E+08, Overflow 1.287908E-01, MaxDensity 2.852E+00, gamma 1.714951E+01, time 5.869ms
[INFO   ] DREAMPlace - full step 35.888 ms
[INFO   ] DREAMPlace - optimizer step 22.417 ms
[INFO   ] DREAMPlace - iteration  447, ( 447,  0,  0), Obj 1.230982E+08, DensityWeight 1.671896E-02, wHPWL 1.325889E+08, Overflow 1.263411E-01, MaxDensity 2.653E+00, gamma 1.696533E+01, time 8.271ms
[INFO   ] DREAMPlace - full step 38.005 ms
[INFO   ] DREAMPlace - optimizer step 22.475 ms
[INFO   ] DREAMPlace - iteration  448, ( 448,  0,  0), Obj 1.231954E+08, DensityWeight 1.751494E-02, wHPWL 1.326092E+08, Overflow 1.237778E-01, MaxDensity 2.636E+00, gamma 1.675400E+01, time 8.058ms
[INFO   ] DREAMPlace - full step 37.868 ms
[INFO   ] DREAMPlace - optimizer step 21.956 ms
[INFO   ] DREAMPlace - iteration  449, ( 449,  0,  0), Obj 1.233018E+08, DensityWeight 1.833871E-02, wHPWL 1.326258E+08, Overflow 1.213179E-01, MaxDensity 2.637E+00, gamma 1.653569E+01, time 5.881ms
[INFO   ] DREAMPlace - full step 32.986 ms
[INFO   ] DREAMPlace - optimizer step 22.635 ms
[INFO   ] DREAMPlace - iteration  450, ( 450,  0,  0), Obj 1.234075E+08, DensityWeight 1.921101E-02, wHPWL 1.326352E+08, Overflow 1.189907E-01, MaxDensity 2.608E+00, gamma 1.632886E+01, time 5.904ms
[INFO   ] DREAMPlace - full step 35.839 ms
[INFO   ] DREAMPlace - optimizer step 19.421 ms
[INFO   ] DREAMPlace - iteration  451, ( 451,  0,  0), Obj 1.235054E+08, DensityWeight 2.014527E-02, wHPWL 1.326371E+08, Overflow 1.168041E-01, MaxDensity 2.592E+00, gamma 1.613557E+01, time 5.823ms
[INFO   ] DREAMPlace - full step 32.548 ms
[INFO   ] DREAMPlace - optimizer step 22.573 ms
[INFO   ] DREAMPlace - iteration  452, ( 452,  0,  0), Obj 1.235972E+08, DensityWeight 2.114683E-02, wHPWL 1.326377E+08, Overflow 1.147473E-01, MaxDensity 2.534E+00, gamma 1.595604E+01, time 5.905ms
[INFO   ] DREAMPlace - full step 35.789 ms
[INFO   ] DREAMPlace - optimizer step 11.076 ms
[INFO   ] DREAMPlace - iteration  453, ( 453,  0,  0), Obj 1.236853E+08, DensityWeight 2.220251E-02, wHPWL 1.326397E+08, Overflow 1.126794E-01, MaxDensity 2.550E+00, gamma 1.578899E+01, time 5.432ms
[INFO   ] DREAMPlace - full step 24.131 ms
[INFO   ] DREAMPlace - optimizer step 21.978 ms
[INFO   ] DREAMPlace - iteration  454, ( 454,  0,  0), Obj 1.237706E+08, DensityWeight 2.330598E-02, wHPWL 1.326455E+08, Overflow 1.105731E-01, MaxDensity 2.541E+00, gamma 1.562281E+01, time 5.906ms
[INFO   ] DREAMPlace - full step 35.315 ms
[INFO   ] DREAMPlace - optimizer step 22.609 ms
[INFO   ] DREAMPlace - iteration  455, ( 455,  0,  0), Obj 1.238561E+08, DensityWeight 2.445155E-02, wHPWL 1.326523E+08, Overflow 1.083958E-01, MaxDensity 2.491E+00, gamma 1.545534E+01, time 5.901ms
[INFO   ] DREAMPlace - full step 35.858 ms
[INFO   ] DREAMPlace - optimizer step 22.626 ms
[INFO   ] DREAMPlace - iteration  456, ( 456,  0,  0), Obj 1.239418E+08, DensityWeight 2.564969E-02, wHPWL 1.326596E+08, Overflow 1.062820E-01, MaxDensity 2.382E+00, gamma 1.528411E+01, time 4.593ms
[INFO   ] DREAMPlace - full step 34.486 ms
[INFO   ] DREAMPlace - optimizer step 19.588 ms
[INFO   ] DREAMPlace - iteration  457, ( 457,  0,  0), Obj 1.240286E+08, DensityWeight 2.690495E-02, wHPWL 1.326661E+08, Overflow 1.042205E-01, MaxDensity 2.271E+00, gamma 1.511969E+01, time 5.867ms
[INFO   ] DREAMPlace - full step 32.994 ms
[INFO   ] DREAMPlace - optimizer step 20.347 ms
[INFO   ] DREAMPlace - iteration  458, ( 458,  0,  0), Obj 1.241125E+08, DensityWeight 2.822465E-02, wHPWL 1.326723E+08, Overflow 1.022729E-01, MaxDensity 2.293E+00, gamma 1.496103E+01, time 5.888ms
[INFO   ] DREAMPlace - full step 33.544 ms
[INFO   ] DREAMPlace - optimizer step 19.964 ms
[INFO   ] DREAMPlace - iteration  459, ( 459,  0,  0), Obj 1.241935E+08, DensityWeight 2.961002E-02, wHPWL 1.326772E+08, Overflow 1.003216E-01, MaxDensity 2.239E+00, gamma 1.481268E+01, time 5.888ms
[INFO   ] DREAMPlace - full step 33.140 ms
[INFO   ] DREAMPlace - optimizer step 23.876 ms
[INFO   ] DREAMPlace - iteration  460, ( 460,  0,  0), Obj 1.242709E+08, DensityWeight 3.106948E-02, wHPWL 1.326836E+08, Overflow 9.841615E-02, MaxDensity 2.192E+00, gamma 1.466552E+01, time 5.891ms
[INFO   ] DREAMPlace - full step 37.036 ms
[INFO   ] DREAMPlace - optimizer step 22.589 ms
[INFO   ] DREAMPlace - iteration  461, ( 461,  0,  0), Obj 1.243483E+08, DensityWeight 3.259360E-02, wHPWL 1.326900E+08, Overflow 9.655381E-02, MaxDensity 2.206E+00, gamma 1.452323E+01, time 5.876ms
[INFO   ] DREAMPlace - full step 35.769 ms
[INFO   ] DREAMPlace - optimizer step 21.374 ms
[INFO   ] DREAMPlace - iteration  462, ( 462,  0,  0), Obj 1.244244E+08, DensityWeight 3.419276E-02, wHPWL 1.326983E+08, Overflow 9.470855E-02, MaxDensity 2.164E+00, gamma 1.438548E+01, time 5.909ms
[INFO   ] DREAMPlace - full step 34.545 ms
[INFO   ] DREAMPlace - optimizer step 19.650 ms
[INFO   ] DREAMPlace - iteration  463, ( 463,  0,  0), Obj 1.244974E+08, DensityWeight 3.586099E-02, wHPWL 1.327038E+08, Overflow 9.292611E-02, MaxDensity 2.195E+00, gamma 1.425030E+01, time 5.844ms
[INFO   ] DREAMPlace - full step 33.048 ms
[INFO   ] DREAMPlace - optimizer step 20.701 ms
[INFO   ] DREAMPlace - iteration  464, ( 464,  0,  0), Obj 1.245691E+08, DensityWeight 3.762536E-02, wHPWL 1.327101E+08, Overflow 9.115552E-02, MaxDensity 2.150E+00, gamma 1.412092E+01, time 5.902ms
[INFO   ] DREAMPlace - full step 33.923 ms
[INFO   ] DREAMPlace - optimizer step 20.001 ms
[INFO   ] DREAMPlace - iteration  465, ( 465,  0,  0), Obj 1.246383E+08, DensityWeight 3.947179E-02, wHPWL 1.327150E+08, Overflow 8.944900E-02, MaxDensity 2.183E+00, gamma 1.399357E+01, time 5.861ms
[INFO   ] DREAMPlace - full step 33.113 ms
[INFO   ] DREAMPlace - optimizer step 21.690 ms
[INFO   ] DREAMPlace - iteration  466, ( 466,  0,  0), Obj 1.247076E+08, DensityWeight 4.141733E-02, wHPWL 1.327226E+08, Overflow 8.771887E-02, MaxDensity 2.138E+00, gamma 1.387190E+01, time 5.897ms
[INFO   ] DREAMPlace - full step 34.945 ms
[INFO   ] DREAMPlace - optimizer step 22.575 ms
[INFO   ] DREAMPlace - iteration  467, ( 467,  0,  0), Obj 1.247746E+08, DensityWeight 4.344220E-02, wHPWL 1.327290E+08, Overflow 8.603630E-02, MaxDensity 2.175E+00, gamma 1.374964E+01, time 5.860ms
[INFO   ] DREAMPlace - full step 35.858 ms
[INFO   ] DREAMPlace - optimizer step 21.346 ms
[INFO   ] DREAMPlace - iteration  468, ( 468,  0,  0), Obj 1.248427E+08, DensityWeight 4.557332E-02, wHPWL 1.327381E+08, Overflow 8.432707E-02, MaxDensity 2.132E+00, gamma 1.363177E+01, time 5.885ms
[INFO   ] DREAMPlace - full step 34.512 ms
[INFO   ] DREAMPlace - optimizer step 19.569 ms
[INFO   ] DREAMPlace - iteration  469, ( 469,  0,  0), Obj 1.249088E+08, DensityWeight 4.779119E-02, wHPWL 1.327460E+08, Overflow 8.269321E-02, MaxDensity 2.175E+00, gamma 1.351307E+01, time 5.855ms
[INFO   ] DREAMPlace - full step 32.999 ms
[INFO   ] DREAMPlace - optimizer step 20.462 ms
[INFO   ] DREAMPlace - iteration  470, ( 470,  0,  0), Obj 1.249755E+08, DensityWeight 5.012588E-02, wHPWL 1.327555E+08, Overflow 8.102199E-02, MaxDensity 2.130E+00, gamma 1.340057E+01, time 5.872ms
[INFO   ] DREAMPlace - full step 33.646 ms
[INFO   ] DREAMPlace - optimizer step 19.797 ms
[INFO   ] DREAMPlace - iteration  471, ( 471,  0,  0), Obj 1.250385E+08, DensityWeight 5.256231E-02, wHPWL 1.327619E+08, Overflow 7.942358E-02, MaxDensity 2.161E+00, gamma 1.328646E+01, time 5.854ms
[INFO   ] DREAMPlace - full step 32.975 ms
[INFO   ] DREAMPlace - optimizer step 21.837 ms
[INFO   ] DREAMPlace - iteration  472, ( 472,  0,  0), Obj 1.251027E+08, DensityWeight 5.514090E-02, wHPWL 1.327707E+08, Overflow 7.785582E-02, MaxDensity 2.113E+00, gamma 1.317824E+01, time 8.331ms
[INFO   ] DREAMPlace - full step 37.438 ms
[INFO   ] DREAMPlace - optimizer step 24.733 ms
[INFO   ] DREAMPlace - iteration  473, ( 473,  0,  0), Obj 1.251636E+08, DensityWeight 5.782767E-02, wHPWL 1.327764E+08, Overflow 7.633019E-02, MaxDensity 2.137E+00, gamma 1.307295E+01, time 5.861ms
[INFO   ] DREAMPlace - full step 36.945 ms
[INFO   ] DREAMPlace - optimizer step 21.458 ms
[INFO   ] DREAMPlace - iteration  474, ( 474,  0,  0), Obj 1.252232E+08, DensityWeight 6.067058E-02, wHPWL 1.327836E+08, Overflow 7.484350E-02, MaxDensity 2.091E+00, gamma 1.297129E+01, time 5.818ms
[INFO   ] DREAMPlace - full step 34.547 ms
[INFO   ] DREAMPlace - optimizer step 21.381 ms
[INFO   ] DREAMPlace - iteration  475, ( 475,  0,  0), Obj 1.252776E+08, DensityWeight 6.364006E-02, wHPWL 1.327842E+08, Overflow 7.338002E-02, MaxDensity 2.099E+00, gamma 1.287299E+01, time 5.885ms
[INFO   ] DREAMPlace - full step 32.389 ms
[INFO   ] DREAMPlace - optimizer step 20.893 ms
[INFO   ] DREAMPlace - iteration  476, ( 476,  0,  0), Obj 1.253255E+08, DensityWeight 6.681676E-02, wHPWL 1.327784E+08, Overflow 7.195921E-02, MaxDensity 2.051E+00, gamma 1.277695E+01, time 5.955ms
[INFO   ] DREAMPlace - full step 34.144 ms
[INFO   ] DREAMPlace - optimizer step 19.628 ms
[INFO   ] DREAMPlace - iteration  477, ( 477,  0,  0), Obj 1.253612E+08, DensityWeight 6.875445E-02, wHPWL 1.327543E+08, Overflow 7.055958E-02, MaxDensity 2.050E+00, gamma 1.268440E+01, time 6.113ms
[INFO   ] DREAMPlace - full step 33.050 ms
[INFO   ] DREAMPlace - optimizer step 46.296 ms
[INFO   ] DREAMPlace - iteration  478, ( 478,  0,  0), Obj 1.253827E+08, DensityWeight 7.074833E-02, wHPWL 1.327084E+08, Overflow 6.922781E-02, MaxDensity 2.009E+00, gamma 1.259388E+01, time 5.853ms
[INFO   ] DREAMPlace - full step 59.433 ms
[INFO   ] DREAMPlace - optimizer step 19.803 ms
[INFO   ] DREAMPlace - iteration  479, ( 479,  0,  0), Obj 1.253794E+08, DensityWeight 7.280003E-02, wHPWL 1.326133E+08, Overflow 6.826002E-02, MaxDensity 2.011E+00, gamma 1.250835E+01, time 4.938ms
[INFO   ] DREAMPlace - full step 32.027 ms
[INFO   ] DREAMPlace - plotting to lambdaentry_results/entry/bigblue2/plot/iter0480.png takes 4.634 seconds
[INFO   ] DREAMPlace - optimizer step 24.628 ms
[INFO   ] DREAMPlace - iteration  480, ( 480,  0,  0), Obj 1.254105E+08, DensityWeight 7.491124E-02, wHPWL 1.325790E+08, Overflow 6.743118E-02, MaxDensity 2.005E+00, gamma 1.244657E+01, time 5.892ms
[INFO   ] DREAMPlace - full step 4672.613 ms
[INFO   ] DREAMPlace - optimizer step 19.599 ms
[INFO   ] DREAMPlace - iteration  481, ( 481,  0,  0), Obj 1.254427E+08, DensityWeight 7.708367E-02, wHPWL 1.325673E+08, Overflow 6.660669E-02, MaxDensity 2.009E+00, gamma 1.239389E+01, time 5.840ms
[INFO   ] DREAMPlace - full step 32.753 ms
[INFO   ] DREAMPlace - optimizer step 22.127 ms
[INFO   ] DREAMPlace - iteration  482, ( 482,  0,  0), Obj 1.254715E+08, DensityWeight 7.931910E-02, wHPWL 1.325569E+08, Overflow 6.584571E-02, MaxDensity 2.003E+00, gamma 1.234171E+01, time 4.377ms
[INFO   ] DREAMPlace - full step 33.081 ms
[INFO   ] DREAMPlace - optimizer step 18.631 ms
[INFO   ] DREAMPlace - iteration  483, ( 483,  0,  0), Obj 1.255022E+08, DensityWeight 8.161935E-02, wHPWL 1.325530E+08, Overflow 6.502488E-02, MaxDensity 1.993E+00, gamma 1.229375E+01, time 6.752ms
[INFO   ] DREAMPlace - full step 32.658 ms
[INFO   ] DREAMPlace - optimizer step 21.949 ms
[INFO   ] DREAMPlace - iteration  484, ( 484,  0,  0), Obj 1.255329E+08, DensityWeight 8.398632E-02, wHPWL 1.325549E+08, Overflow 6.423783E-02, MaxDensity 1.973E+00, gamma 1.224222E+01, time 5.887ms
[INFO   ] DREAMPlace - full step 35.099 ms
[INFO   ] DREAMPlace - optimizer nesterov takes 84.688 seconds
[INFO   ] DREAMPlace - plotting to lambdaentry_results/entry/bigblue2/plot/iter0485.png takes 4.876 seconds
[INFO   ] DREAMPlace - Start legalization
[WARNING] DEF input file not specified, cannot output DEF file; set to DEFSIMPLE
[INFO   ] lef_input = 
[INFO   ] def_input = 
[INFO   ] verilog_input = 
[INFO   ] bookshelf_aux_input = benchmarks/ispd2005/bigblue2/bigblue2.aux
[INFO   ] bookshelf_pl_input = 
[INFO   ] def_size_input = 
[INFO   ] def_output = -out.def
[INFO   ] rpt_output = 
[INFO   ] target_util = 0
[INFO   ] max_displace = 0
[INFO   ] bin size = (10, 10) #rows
[INFO   ] sbin size = (5, 5) #rows
[INFO   ] bin_space_threshold = 0.2
[INFO   ] abu = 2,10 5,5 10,2 20,1 
[INFO   ] def_ignore_cells = 
[INFO   ] macro_obs_aware_layers = 
[INFO   ] enable_place = true
[INFO   ] enable_legalize = true
[INFO   ] evaluate_overlap = false
[INFO   ] move_multi_row_cell = true
[INFO   ] align_power_line = true
[INFO   ] cluster_cell = false
[INFO   ] sort_nets_by_degree = false
[INFO   ] file_format = BOOKSHELF
[INFO   ] max_iters = 6
[WARNING] no DEF file specified
[WARNING] no Verilog file specified
[INFO   ] reading benchmarks/ispd2005/bigblue2/bigblue2.aux
[WARNING] no additional Bookshelf .pl file specified
[WARNING] 8990 nets with 17268 pins from same nodes
[WARNING] 1230 nets should be ignored due to not enough pins
[INFO   ] sort nodes in the order of movable and fixed
[INFO   ] Group cells for fence regions
[INFO   ] Construct 0 groups
[INFO   ] Fence region groups done
[DEBUG  ] num_terminals 23084, numFixed 23084, numPlaceBlockages 0, num_terminal_NIs 0
[INFO   ] -- Converting Node Orientation --
[INFO   ] ---------------------------------
[INFO   ] -------- Area Statistics --------
[INFO   ] fixed area overlap = 1.34717e+08
[INFO   ] fixed area total = 1.34717e+08
[INFO   ] space area = 2.16505e+08
[INFO   ] ---------------------------------
[DEBUG  ] deterministic mode: integer 32 bits, fraction 32 bits, scale factor 4294967296
[DEBUG  ] deterministic mode: integer 32 bits, fraction 32 bits, scale factor 4294967296
[INFO   ] writing placement to lambdaentry_results/entry/bigblue2/plot/iter0000.png
[INFO   ] writing placement to lambdaentry_results/entry/bigblue2/plot/iter0040.png
[INFO   ] writing placement to lambdaentry_results/entry/bigblue2/plot/iter0080.png
[INFO   ] writing placement to lambdaentry_results/entry/bigblue2/plot/iter0120.png
[INFO   ] writing placement to lambdaentry_results/entry/bigblue2/plot/iter0160.png
[INFO   ] writing placement to lambdaentry_results/entry/bigblue2/plot/iter0200.png
[INFO   ] writing placement to lambdaentry_results/entry/bigblue2/plot/iter0240.png
[INFO   ] writing placement to lambdaentry_results/entry/bigblue2/plot/iter0280.png
[INFO   ] writing placement to lambdaentry_results/entry/bigblue2/plot/iter0320.png
[INFO   ] writing placement to lambdaentry_results/entry/bigblue2/plot/iter0360.png
[INFO   ] writing placement to lambdaentry_results/entry/bigblue2/plot/iter0400.png
[INFO   ] writing placement to lambdaentry_results/entry/bigblue2/plot/iter0440.png
[INFO   ] writing placement to lambdaentry_results/entry/bigblue2/plot/iter0480.png
[INFO   ] writing placement to lambdaentry_results/entry/bigblue2/plot/iter0485.png
[INFO   ] Macro legalization: regard 0 cells as dummy fixed (movable macros)
[INFO   ] Macro legalization takes 0.97407 ms
[DEBUG  ] Standard cell legalization blank_num_bins_y = 1566
[DEBUG  ] Standard cell legalization iteration 0 with 1x1 bins
[DEBUG  ] Standard cell legalization #bin_blanks
[DEBUG  ] #bin_objs = 65779
[INFO   ] Standard cell legalization legalizeBin takes 1019.480 ms
[DEBUG  ] Standard cell legalization num_unplaced_cells = 0
[DEBUG  ] Standard cell legalization blank_num_bins_y = 1566
[DEBUG  ] Standard cell legalization iteration 0 with 1x1 bins
[DEBUG  ] Standard cell legalization #bin_blanks
[DEBUG  ] #bin_objs = 65779
[INFO   ] Standard cell legalization legalizeBin takes 1119.184 ms
[DEBUG  ] Standard cell legalization num_unplaced_cells = 0
[INFO   ] Greedy legalization takes 2198.88 ms
[INFO   ] Legality check takes 50.7009 ms
[DEBUG  ] average displace = 15.2744
[INFO   ] Abacus legalization takes 84.0051 ms
[INFO   ] DREAMPlace - legalization takes 2.421 seconds
[INFO   ] DREAMPlace - iteration  485, wHPWL 1.417758E+08, time 0.779ms
[INFO   ] DREAMPlace - plotting to lambdaentry_results/entry/bigblue2/plot/iter0486.png takes 5.321 seconds
[INFO   ] DREAMPlace - Start ABCDPlace for refinement
[INFO   ] Legality check takes 54.012 ms
[INFO   ] writing placement to lambdaentry_results/entry/bigblue2/plot/iter0486.png
[INFO   ] DREAMPlace - ABCDPlace input legal flag = 1
[INFO   ] Legality check takes 56.0076 ms
[DEBUG  ] 4-reorder
[DEBUG  ] 24 permutations
[DEBUG  ] initializing CPU DB takes 60.334 ms
[DEBUG  ] computing independent rows takes 114.938 ms
[DEBUG  ] computing reorder instances takes 4.25682 ms
[DEBUG  ] initializing CUDA state takes 12.9962 ms
[INFO   ] initial hpwl = 141775760.000
[DEBUG  ] enumeration takes 280.13 ms for 288 runs, average 0.972675 ms
[DEBUG  ] apply_reorder takes 5.4466 ms for 288 runs, average 0.0189118 ms
[INFO   ] Iteration time(ms) 	 285.629
[INFO   ] iteration 0: hpwl 141775760.000 => 140977424.000 (imp. 0.563098%)
[DEBUG  ] enumeration takes 285.106 ms for 288 runs, average 0.989952 ms
[DEBUG  ] apply_reorder takes 5.32288 ms for 288 runs, average 0.0184822 ms
[INFO   ] Iteration time(ms) 	 290.49
[INFO   ] iteration 1: hpwl 141775760.000 => 140829536.000 (imp. 0.667409%)
[DEBUG  ] destroying CUDA state takes 1.14425 ms
[DEBUG  ] destroying CPU state takes 0.014475 ms
[INFO   ] Kernel time: 581.678 ms
[INFO   ] K-reorder time: 775.622 ms
[INFO   ] DREAMPlace - K-Reorder legal flag = 1
[INFO   ] Legality check takes 51.9263 ms
[INFO   ] diamond search grid size 128, sequence length 8192
[INFO   ] initializing GPU memory takes 19.6856 ms
[INFO   ] initial hpwl 1.4083e+08
[DEBUG  ] allocate 4351487 bytes in shuffler for length 534782*(4+4)
[DEBUG  ] from 150968 nodes, collect 1179 sets, avg 106 nodes, min/max 8/128 nodes
[INFO   ] iteration 0, target hpwl 1.4064e+08, delta -189056(-0.134245%), 1179 independent sets, moved 3.68225% cells, runtime 38.6673 ms
[DEBUG  ] from 151134 nodes, collect 1180 sets, avg 106 nodes, min/max 6/128 nodes
[DEBUG  ] from 150886 nodes, collect 1178 sets, avg 105 nodes, min/max 6/128 nodes
[DEBUG  ] from 150949 nodes, collect 1179 sets, avg 105 nodes, min/max 9/128 nodes
[DEBUG  ] from 151278 nodes, collect 1181 sets, avg 107 nodes, min/max 16/128 nodes
[DEBUG  ] from 151143 nodes, collect 1180 sets, avg 107 nodes, min/max 13/128 nodes
[INFO   ] iteration 5, target hpwl 1.40226e+08, delta -603232(-0.428342%), 1180 independent sets, moved 17.2678% cells, runtime 24.3567 ms
[DEBUG  ] from 151099 nodes, collect 1180 sets, avg 106 nodes, min/max 6/128 nodes
[DEBUG  ] from 151442 nodes, collect 1183 sets, avg 106 nodes, min/max 4/128 nodes
[DEBUG  ] from 151355 nodes, collect 1182 sets, avg 106 nodes, min/max 11/128 nodes
[DEBUG  ] from 151310 nodes, collect 1182 sets, avg 106 nodes, min/max 14/128 nodes
[DEBUG  ] from 151177 nodes, collect 1181 sets, avg 105 nodes, min/max 7/128 nodes
[INFO   ] iteration 10, target hpwl 1.4003e+08, delta -799456(-0.567676%), 1181 independent sets, moved 28.4364% cells, runtime 28.4214 ms
[DEBUG  ] from 151283 nodes, collect 1181 sets, avg 106 nodes, min/max 1/128 nodes
[DEBUG  ] from 151076 nodes, collect 1180 sets, avg 106 nodes, min/max 17/128 nodes
[DEBUG  ] from 151265 nodes, collect 1181 sets, avg 106 nodes, min/max 19/128 nodes
[DEBUG  ] from 151246 nodes, collect 1181 sets, avg 104 nodes, min/max 14/128 nodes
[DEBUG  ] from 151290 nodes, collect 1181 sets, avg 106 nodes, min/max 8/128 nodes
[INFO   ] iteration 15, target hpwl 1.39907e+08, delta -922448(-0.65501%), 1181 independent sets, moved 39.0211% cells, runtime 37.0074 ms
[DEBUG  ] from 151314 nodes, collect 1182 sets, avg 107 nodes, min/max 5/128 nodes
[DEBUG  ] from 151418 nodes, collect 1182 sets, avg 106 nodes, min/max 12/128 nodes
[DEBUG  ] from 151553 nodes, collect 1184 sets, avg 106 nodes, min/max 9/128 nodes
[DEBUG  ] from 151390 nodes, collect 1182 sets, avg 106 nodes, min/max 13/128 nodes
[DEBUG  ] from 151588 nodes, collect 1184 sets, avg 105 nodes, min/max 16/128 nodes
[INFO   ] iteration 20, target hpwl 1.3983e+08, delta -999904(-0.71001%), 1184 independent sets, moved 48.8485% cells, runtime 23.8742 ms
[DEBUG  ] from 151356 nodes, collect 1182 sets, avg 106 nodes, min/max 4/128 nodes
[DEBUG  ] from 151261 nodes, collect 1181 sets, avg 106 nodes, min/max 11/128 nodes
[DEBUG  ] from 151361 nodes, collect 1182 sets, avg 105 nodes, min/max 10/128 nodes
[DEBUG  ] from 151351 nodes, collect 1182 sets, avg 106 nodes, min/max 11/128 nodes
[DEBUG  ] from 151374 nodes, collect 1182 sets, avg 105 nodes, min/max 10/128 nodes
[INFO   ] iteration 25, target hpwl 1.39767e+08, delta -1.06269e+06(-0.754592%), 1182 independent sets, moved 58.2847% cells, runtime 29.1997 ms
[DEBUG  ] from 151390 nodes, collect 1182 sets, avg 107 nodes, min/max 18/128 nodes
[DEBUG  ] from 151571 nodes, collect 1184 sets, avg 106 nodes, min/max 6/128 nodes
[DEBUG  ] from 151506 nodes, collect 1183 sets, avg 105 nodes, min/max 9/128 nodes
[DEBUG  ] from 151609 nodes, collect 1184 sets, avg 105 nodes, min/max 12/128 nodes
[DEBUG  ] from 151529 nodes, collect 1183 sets, avg 105 nodes, min/max 13/128 nodes
[INFO   ] iteration 30, target hpwl 1.39712e+08, delta -1.11792e+06(-0.793811%), 1183 independent sets, moved 67.6812% cells, runtime 22.7148 ms
[DEBUG  ] from 151445 nodes, collect 1183 sets, avg 105 nodes, min/max 12/128 nodes
[DEBUG  ] from 151625 nodes, collect 1184 sets, avg 105 nodes, min/max 11/128 nodes
[DEBUG  ] from 151383 nodes, collect 1182 sets, avg 106 nodes, min/max 7/128 nodes
[DEBUG  ] from 151601 nodes, collect 1184 sets, avg 104 nodes, min/max 5/128 nodes
[DEBUG  ] from 151337 nodes, collect 1182 sets, avg 106 nodes, min/max 3/128 nodes
[INFO   ] iteration 35, target hpwl 1.39672e+08, delta -1.15802e+06(-0.822282%), 1182 independent sets, moved 76.7006% cells, runtime 24.8345 ms
[DEBUG  ] from 151460 nodes, collect 1183 sets, avg 105 nodes, min/max 3/128 nodes
[DEBUG  ] from 151577 nodes, collect 1184 sets, avg 107 nodes, min/max 9/128 nodes
[DEBUG  ] from 151447 nodes, collect 1183 sets, avg 107 nodes, min/max 8/128 nodes
[DEBUG  ] from 151510 nodes, collect 1183 sets, avg 105 nodes, min/max 7/128 nodes
[DEBUG  ] from 151649 nodes, collect 1184 sets, avg 106 nodes, min/max 10/128 nodes
[INFO   ] iteration 40, target hpwl 1.39628e+08, delta -1.20147e+06(-0.853139%), 1184 independent sets, moved 85.7103% cells, runtime 18.6475 ms
[DEBUG  ] from 151497 nodes, collect 1183 sets, avg 105 nodes, min/max 11/128 nodes
[DEBUG  ] from 151668 nodes, collect 1184 sets, avg 104 nodes, min/max 5/128 nodes
[DEBUG  ] from 151615 nodes, collect 1184 sets, avg 105 nodes, min/max 2/128 nodes
[DEBUG  ] from 151779 nodes, collect 1185 sets, avg 106 nodes, min/max 9/128 nodes
[DEBUG  ] from 151955 nodes, collect 1187 sets, avg 106 nodes, min/max 2/128 nodes
[INFO   ] iteration 45, target hpwl 1.39607e+08, delta -1.22288e+06(-0.868341%), 1187 independent sets, moved 94.6178% cells, runtime 21.1453 ms
[DEBUG  ] from 151508 nodes, collect 1183 sets, avg 107 nodes, min/max 13/128 nodes
[DEBUG  ] from 151559 nodes, collect 1184 sets, avg 107 nodes, min/max 7/128 nodes
[DEBUG  ] from 151753 nodes, collect 1185 sets, avg 106 nodes, min/max 19/128 nodes
[DEBUG  ] from 151468 nodes, collect 1183 sets, avg 106 nodes, min/max 9/128 nodes
[INFO   ] iteration 49, target hpwl 1.39581e+08, delta -1.24866e+06(-0.886644%), 1183 independent sets, moved 101.633% cells, runtime 21.3067 ms
[DEBUG  ] random_shuffle takes 8.05716 ms, 50 runs, average 0.161143 ms
[DEBUG  ] maximal_independent_set takes 66.4379 ms, 50 runs, average 1.32876 ms
[DEBUG  ] collect_independent_sets takes 82.7957 ms, 50 runs, average 1.65591 ms
[DEBUG  ] cost_matrix_construction takes 42.3717 ms, 50 runs, average 0.847433 ms
[DEBUG  ] independent_sets_solving takes 1261.7 ms, 50 runs, average 25.234 ms
[DEBUG  ] apply_solution takes 2.92641 ms, 50 runs, average 0.0585282 ms
[INFO   ] destroying GPU memory takes 2.65602 ms
[INFO   ] Kernel time 1549.45 ms
[INFO   ] Independent set matching time 1630.21 ms
[INFO   ] DREAMPlace - Independent set matching legal flag = 1
[INFO   ] Legality check takes 59.2061 ms
[DEBUG  ] bins 512x512, bin sizes 36.5039x36.7031, die size 0, 0, 18690, 18792
[DEBUG  ] batch_size = 256, max_num_nodes_per_bin = 28, max_num_candidates = 140, max_num_candidates_all = 35840
[DEBUG  ] estimate_memory_usage = 968205280, use fast pair HPWL computation strategy requires additional memory
[INFO   ] initial hpwl = 139580880.000
[DEBUG  ] compute_search_bins takes 0.300162 ms
[INFO   ] Iteration time(ms) 	 262.949
[INFO   ] iteration 0: hpwl 139580880.000 => 139463216.000 (imp. 0.0842981%)
[DEBUG  ] compute_search_bins takes 0.019365 ms
[INFO   ] Iteration time(ms) 	 326.234
[INFO   ] iteration 1: hpwl 139580880.000 => 139191616.000 (imp. 0.278881%)
[INFO   ] Kernel time: 594.42 ms
[INFO   ] Global swap time: 751.958 ms
[INFO   ] DREAMPlace - Global swap legal flag = 1
[INFO   ] Legality check takes 52.5079 ms
[DEBUG  ] 4-reorder
[DEBUG  ] 24 permutations
[DEBUG  ] initializing CPU DB takes 55.142 ms
[DEBUG  ] computing independent rows takes 116.405 ms
[DEBUG  ] computing reorder instances takes 2.86163 ms
[DEBUG  ] initializing CUDA state takes 4.45833 ms
[INFO   ] initial hpwl = 139191616.000
[DEBUG  ] enumeration takes 286.222 ms for 294 runs, average 0.973544 ms
[DEBUG  ] apply_reorder takes 5.6643 ms for 294 runs, average 0.0192663 ms
[INFO   ] Iteration time(ms) 	 291.94
[INFO   ] iteration 0: hpwl 139191616.000 => 139020400.000 (imp. 0.123007%)
[DEBUG  ] enumeration takes 283.159 ms for 294 runs, average 0.963124 ms
[DEBUG  ] apply_reorder takes 5.36375 ms for 294 runs, average 0.018244 ms
[INFO   ] Iteration time(ms) 	 288.582
[INFO   ] iteration 1: hpwl 139191616.000 => 138988800.000 (imp. 0.14571%)
[DEBUG  ] destroying CUDA state takes 1.14411 ms
[DEBUG  ] destroying CPU state takes 0.015766 ms
[INFO   ] Kernel time: 585.558 ms
[INFO   ] K-reorder time: 765.824 ms
[INFO   ] DREAMPlace - K-Reorder legal flag = 1
[INFO   ] DREAMPlace - detailed placement takes 4.238 seconds
[INFO   ] DREAMPlace - iteration  486, wHPWL 1.389888E+08, time 0.764ms
[INFO   ] DREAMPlace - plotting to lambdaentry_results/entry/bigblue2/plot/iter0487.png takes 4.826 seconds
[INFO   ] DREAMPlace - non-linear placement takes 107.20 seconds
[INFO   ] DREAMPlace - writing to lambdaentry_results/entry/bigblue2/bigblue2.gp.pl
[INFO   ] DREAMPlace - write SolutionFileFormat.BOOKSHELF takes 0.217 seconds
[INFO   ] DREAMPlace - placement takes 121.616 seconds
[INFO   ] Legality check takes 51.582 ms
[INFO   ] writing placement to lambdaentry_results/entry/bigblue2/plot/iter0487.png
[INFO   ] writing placement to lambdaentry_results/entry/bigblue2/bigblue2.gp.pl
