========================================================
                       DREAMPlace
            Yibo Lin (http://yibolin.com)
   David Z. Pan (http://users.ece.utexas.edu/~dpan)
========================================================
[INFO   ] DREAMPlace - parameters = {'aux_input': 'benchmarks/ispd2005/bigblue4/bigblue4.aux', 'lef_input': '', 'def_input': '', 'verilog_input': '', 'gpu': 1, 'num_bins_x': 2048, 'num_bins_y': 2048, 'global_place_stages': [{'num_bins_x': 2048, 'num_bins_y': 2048, 'iteration': 1000, 'learning_rate': 0.01, 'wirelength': 'weighted_average', 'optimizer': 'nesterov', 'Llambda_density_weight_iteration': 1, 'Lsub_iteration': 1}], 'target_density': 1.0, 'density_weight': 8e-05, 'random_seed': 1000, 'result_dir': 'conn_results', 'scale_factor': 1.0, 'shift_factor': [0.0, 0.0], 'ignore_net_degree': 100, 'gp_noise_ratio': 0.025, 'enable_fillers': 1, 'global_place_flag': 1, 'legalize_flag': 1, 'abacus_legalize_flag': 1, 'detailed_place_flag': 1, 'stop_overflow': 0.07, 'dtype': 'float32', 'detailed_place_engine': '', 'detailed_place_command': '', 'plot_flag': 1, 'connectivity_grid_init_flag': 1, 'conn_init_sweeps': 32, 'conn_init_damping': 0.7, 'conn_capacity_spread_flag': 0, 'conn_spread_leaf_size': 16, 'conn_spread_density_slack': 1.5, 'conn_obstacle_project_flag': 0, 'gamma_warmup_iters': 0, 'gamma_monotone_flag': 0, 'density_weight_warmup_iters': 0, 'random_uniform_init_flag': 0, 'plot_iteration_interval': 56, 'RePlAce_ref_hpwl': 350000, 'RePlAce_LOWER_PCOF': 0.95, 'RePlAce_UPPER_PCOF': 1.05, 'gamma': 4.0, 'RePlAce_skip_energy_flag': 0, 'random_center_init_flag': 0, 'gift_init_flag': 0, 'gift_init_scale': 0.7, 'sort_nets_by_degree': 0, 'num_threads': 8, 'dump_global_place_solution_flag': 0, 'dump_legalize_solution_flag': 0, 'routability_opt_flag': 0, 'route_num_bins_x': 512, 'route_num_bins_y': 512, 'node_area_adjust_overflow': 0.15, 'max_num_area_adjust': 3, 'adjust_nctugr_area_flag': 0, 'adjust_rudy_area_flag': 1, 'adjust_pin_area_flag': 1, 'area_adjust_stop_ratio': 0.01, 'route_area_adjust_stop_ratio': 0.01, 'pin_area_adjust_stop_ratio': 0.05, 'unit_horizontal_capacity': 1.5625, 'unit_vertical_capacity': 1.45, 'unit_pin_capacity': 0.058, 'max_route_opt_adjust_rate': 2.0, 'route_opt_adjust_exponent': 2.0, 'pin_stretch_ratio': 1.414213562, 'max_pin_opt_adjust_rate': 1.5, 'deterministic_flag': 1, 'timing_opt_flag': 0, 'early_lib_input': '', 'late_lib_input': '', 'lib_input': '', 'sdc_input': '', 'wire_resistance_per_micron': 0, 'wire_capacitance_per_micron': 0, 'net_weighting_scheme': 'lilith', 'momentum_decay_factor': 0.5, 'enable_net_weighting': 1, 'max_net_weight': 'inf', 'use_bb': 'auto', 'macro_place_flag': 'auto', 'two_stage_density_scaler': 1000, 'macro_halo_x': 0, 'macro_halo_y': 0}
[INFO   ] DREAMPlace - set shift_factor = (36, 58), as original row bbox = (36, 58, 32226, 32386)
[INFO   ] DREAMPlace - set scale_factor = 1, as site_width = 1
[INFO   ] DREAMPlace - shift coordinate system by (36, 58), scale coordinate system by 1
[INFO   ] DREAMPlace - 
================================= Benchmark Statistics =================================
#nodes = 2177353, #terminals = 8170, # terminal_NIs = 0, #movable = 2169183, #nets = 2229886
die area = (0, 0, 32190, 32328) 1.04064e+09
row height = 12, site width = 1
#pins = 8731365, #movable_pins = 8560784
total_movable_node_area = 2.87504e+08, total_fixed_node_area = 3.9144e+08, total_space_area = 6.49199e+08
total_movable_cell_area = 2.87504e+08, total_movable_macro_area = 0
utilization = 0.44286, cell utilization = 0.44286, target_density = 1
use placeable_area = 6.49199e+08 to compute fillers
total_filler_node_area = 3.61695e+08, #fillers = 2885580, filler sizes = 10.4455x12
num_bins = 2048x2048, bin sizes = 1.30981x1.31543
========================================================================================
[INFO   ] DREAMPlace - reading benchmark takes 109.981 seconds
[INFO   ] DREAMPlace - reading database takes 109.98 seconds
[INFO   ] DREAMPlace - connectivity grid init: 32 sweeps done
[INFO   ] DREAMPlace - connectivity grid init: 7851301 feasible anchors
[INFO   ] DREAMPlace - non-linear placement initialization takes 23.00 seconds
[INFO   ] DREAMPlace - Global placement: 2048x2048 bins by default
[INFO   ] DREAMPlace - 2048x2048 bins #bins 2048x2048, bin sizes 1.30981x1.31543, max_num_bins = 9, padding = 0
[INFO   ] dreamplace.ops.electric_potential.electric_potential - regard 0 cells as movable macros in global placement
[WARNING] DREAMPlace - quadratic density penalty is disabled, density weight update is forced to be based on HPWL
[INFO   ] DREAMPlace - Optimizer 'nesterov' does not rebuild the model. Every training epoch calls the function 'step()'.
[INFO   ] DREAMPlace - use nesterov optimizer
[INFO   ] DREAMPlace - add 2.5% noise
[INFO   ] dreamplace.ops.electric_potential.electric_potential - fixed density map: average 93.3267, max 248.108, bin area 248.108
[INFO   ] DREAMPlace - nesterov initialization takes 0.672309 seconds
[INFO   ] DREAMPlace - density_weight = 7.012036E-12
[I] plotting to conn_results/bigblue4/plot/iter0000.png takes 57.350 seconds
[INFO   ] DREAMPlace - plotting to conn_results/bigblue4/plot/iter0000.png takes 57.747 seconds
[INFO   ] DREAMPlace - optimizer step 73.990 ms
[INFO   ] DREAMPlace - iteration    0, (   0,  0,  0), Obj 1.100383E+09, DensityWeight 0.000000E+00, wHPWL 1.448412E+09, Overflow 7.656413E-01, MaxDensity 1.564E+05, gamma 1.260117E+03, time 65.057ms
[INFO   ] DREAMPlace - full step 57970.735 ms
[INFO   ] DREAMPlace - optimizer step 48.647 ms
[INFO   ] DREAMPlace - iteration    1, (   1,  0,  0), Obj 1.048765E+09, DensityWeight 7.012036E-12, wHPWL 1.406474E+09, Overflow 8.495964E-01, MaxDensity 8.805E+04, gamma 3.798514E+02, time 6.726ms
[INFO   ] DREAMPlace - full step 63.050 ms
[INFO   ] DREAMPlace - optimizer step 25.101 ms
[INFO   ] DREAMPlace - iteration    2, (   2,  0,  0), Obj 1.176958E+09, DensityWeight 7.361165E-12, wHPWL 1.379325E+09, Overflow 8.699179E-01, MaxDensity 6.556E+04, gamma 5.836879E+02, time 4.734ms
[INFO   ] DREAMPlace - full step 35.547 ms
[INFO   ] DREAMPlace - optimizer step 46.638 ms
[INFO   ] DREAMPlace - iteration    3, (   3,  0,  0), Obj 1.110546E+09, DensityWeight 7.726905E-12, wHPWL 1.335278E+09, Overflow 9.071696E-01, MaxDensity 4.321E+04, gamma 6.476487E+02, time 6.840ms
[INFO   ] DREAMPlace - full step 58.840 ms
[INFO   ] DREAMPlace - optimizer step 21.552 ms
[INFO   ] DREAMPlace - iteration    4, (   4,  0,  0), Obj 1.086038E+09, DensityWeight 8.110006E-12, wHPWL 1.325556E+09, Overflow 9.260742E-01, MaxDensity 3.149E+04, gamma 7.836486E+02, time 6.762ms
[INFO   ] DREAMPlace - full step 35.921 ms
[INFO   ] DREAMPlace - optimizer step 23.623 ms
[INFO   ] DREAMPlace - iteration    5, (   5,  0,  0), Obj 1.053906E+09, DensityWeight 8.511249E-12, wHPWL 1.309525E+09, Overflow 9.319103E-01, MaxDensity 2.685E+04, gamma 8.632398E+02, time 6.867ms
[INFO   ] DREAMPlace - full step 38.025 ms
[INFO   ] DREAMPlace - optimizer step 25.095 ms
[INFO   ] DREAMPlace - iteration    6, (   6,  0,  0), Obj 1.029553E+09, DensityWeight 8.931451E-12, wHPWL 1.294651E+09, Overflow 9.386474E-01, MaxDensity 2.234E+04, gamma 8.894066E+02, time 2.967ms
[INFO   ] DREAMPlace - full step 35.580 ms
[INFO   ] DREAMPlace - optimizer step 25.057 ms
[INFO   ] DREAMPlace - iteration    7, (   7,  0,  0), Obj 1.012496E+09, DensityWeight 9.371461E-12, wHPWL 1.285107E+09, Overflow 9.410916E-01, MaxDensity 1.717E+04, gamma 9.206017E+02, time 4.715ms
[INFO   ] DREAMPlace - full step 35.497 ms
[INFO   ] DREAMPlace - optimizer step 46.403 ms
[INFO   ] DREAMPlace - iteration    8, (   8,  0,  0), Obj 9.972180E+08, DensityWeight 9.832165E-12, wHPWL 1.287604E+09, Overflow 9.437033E-01, MaxDensity 1.309E+04, gamma 9.321875E+02, time 6.815ms
[INFO   ] DREAMPlace - full step 58.544 ms
[INFO   ] DREAMPlace - optimizer step 21.282 ms
[INFO   ] DREAMPlace - iteration    9, (   9,  0,  0), Obj 9.813769E+08, DensityWeight 9.807584E-12, wHPWL 1.280030E+09, Overflow 9.444317E-01, MaxDensity 1.112E+04, gamma 9.447287E+02, time 6.794ms
[INFO   ] DREAMPlace - full step 35.598 ms
[INFO   ] DREAMPlace - optimizer step 23.500 ms
[INFO   ] DREAMPlace - iteration   10, (  10,  0,  0), Obj 9.644259E+08, DensityWeight 1.028767E-11, wHPWL 1.270864E+09, Overflow 9.445283E-01, MaxDensity 9.647E+03, gamma 9.482565E+02, time 6.897ms
[INFO   ] DREAMPlace - full step 37.918 ms
[INFO   ] DREAMPlace - optimizer step 24.918 ms
[INFO   ] DREAMPlace - iteration   11, (  11,  0,  0), Obj 9.498810E+08, DensityWeight 1.079018E-11, wHPWL 1.262331E+09, Overflow 9.438275E-01, MaxDensity 8.207E+03, gamma 9.487255E+02, time 11.597ms
[INFO   ] DREAMPlace - full step 41.871 ms
[INFO   ] DREAMPlace - optimizer step 21.100 ms
[INFO   ] DREAMPlace - iteration   12, (  12,  0,  0), Obj 9.359226E+08, DensityWeight 1.131610E-11, wHPWL 1.254571E+09, Overflow 9.424016E-01, MaxDensity 6.924E+03, gamma 9.453292E+02, time 6.794ms
[INFO   ] DREAMPlace - full step 35.396 ms
[INFO   ] DREAMPlace - optimizer step 21.058 ms
[INFO   ] DREAMPlace - iteration   13, (  13,  0,  0), Obj 9.218201E+08, DensityWeight 1.186647E-11, wHPWL 1.244762E+09, Overflow 9.406476E-01, MaxDensity 5.726E+03, gamma 9.384572E+02, time 6.783ms
[INFO   ] DREAMPlace - full step 35.358 ms
[INFO   ] DREAMPlace - optimizer step 23.112 ms
[INFO   ] DREAMPlace - iteration   14, (  14,  0,  0), Obj 9.087329E+08, DensityWeight 1.244236E-11, wHPWL 1.236022E+09, Overflow 9.391854E-01, MaxDensity 4.944E+03, gamma 9.300723E+02, time 6.799ms
[INFO   ] DREAMPlace - full step 37.403 ms
[INFO   ] DREAMPlace - optimizer step 19.290 ms
[INFO   ] DREAMPlace - iteration   15, (  15,  0,  0), Obj 8.970205E+08, DensityWeight 1.304489E-11, wHPWL 1.228266E+09, Overflow 9.369303E-01, MaxDensity 4.698E+03, gamma 9.231397E+02, time 6.762ms
[INFO   ] DREAMPlace - full step 33.555 ms
[INFO   ] DREAMPlace - optimizer step 22.924 ms
[INFO   ] DREAMPlace - iteration   16, (  16,  0,  0), Obj 8.844381E+08, DensityWeight 1.367524E-11, wHPWL 1.219410E+09, Overflow 9.349007E-01, MaxDensity 4.277E+03, gamma 9.125486E+02, time 6.788ms
[INFO   ] DREAMPlace - full step 37.227 ms
[INFO   ] DREAMPlace - optimizer step 21.306 ms
[INFO   ] DREAMPlace - iteration   17, (  17,  0,  0), Obj 8.722345E+08, DensityWeight 1.433461E-11, wHPWL 1.209358E+09, Overflow 9.326012E-01, MaxDensity 4.037E+03, gamma 9.031207E+02, time 6.851ms
[INFO   ] DREAMPlace - full step 35.608 ms
[INFO   ] DREAMPlace - optimizer step 28.680 ms
[INFO   ] DREAMPlace - iteration   18, (  18,  0,  0), Obj 8.609775E+08, DensityWeight 1.502427E-11, wHPWL 1.201562E+09, Overflow 9.302276E-01, MaxDensity 3.854E+03, gamma 8.925567E+02, time 8.416ms
[INFO   ] DREAMPlace - full step 44.604 ms
[INFO   ] DREAMPlace - optimizer step 25.035 ms
[INFO   ] DREAMPlace - iteration   19, (  19,  0,  0), Obj 8.509804E+08, DensityWeight 1.574554E-11, wHPWL 1.194658E+09, Overflow 9.278277E-01, MaxDensity 3.569E+03, gamma 8.817819E+02, time 6.778ms
[INFO   ] DREAMPlace - full step 37.651 ms
[INFO   ] DREAMPlace - optimizer step 22.300 ms
[INFO   ] DREAMPlace - iteration   20, (  20,  0,  0), Obj 8.413938E+08, DensityWeight 1.649978E-11, wHPWL 1.187785E+09, Overflow 9.255201E-01, MaxDensity 3.434E+03, gamma 8.710197E+02, time 12.255ms
[INFO   ] DREAMPlace - full step 42.058 ms
[INFO   ] DREAMPlace - optimizer step 25.025 ms
[INFO   ] DREAMPlace - iteration   21, (  21,  0,  0), Obj 8.321618E+08, DensityWeight 1.728842E-11, wHPWL 1.179335E+09, Overflow 9.231982E-01, MaxDensity 3.254E+03, gamma 8.607953E+02, time 6.763ms
[INFO   ] DREAMPlace - full step 39.300 ms
[INFO   ] DREAMPlace - optimizer step 28.934 ms
[INFO   ] DREAMPlace - iteration   22, (  22,  0,  0), Obj 8.234556E+08, DensityWeight 1.811295E-11, wHPWL 1.170879E+09, Overflow 9.215999E-01, MaxDensity 3.162E+03, gamma 8.506288E+02, time 12.382ms
[INFO   ] DREAMPlace - full step 48.845 ms
[INFO   ] DREAMPlace - optimizer step 25.062 ms
[INFO   ] DREAMPlace - iteration   23, (  23,  0,  0), Obj 8.151631E+08, DensityWeight 1.897490E-11, wHPWL 1.161586E+09, Overflow 9.197945E-01, MaxDensity 3.041E+03, gamma 8.437008E+02, time 6.835ms
[INFO   ] DREAMPlace - full step 39.382 ms
[INFO   ] DREAMPlace - optimizer step 21.895 ms
[INFO   ] DREAMPlace - iteration   24, (  24,  0,  0), Obj 8.068573E+08, DensityWeight 1.987588E-11, wHPWL 1.153080E+09, Overflow 9.181056E-01, MaxDensity 2.908E+03, gamma 8.359427E+02, time 6.800ms
[INFO   ] DREAMPlace - full step 36.219 ms
[INFO   ] DREAMPlace - optimizer step 33.711 ms
[INFO   ] DREAMPlace - iteration   25, (  25,  0,  0), Obj 7.992553E+08, DensityWeight 2.081757E-11, wHPWL 1.144931E+09, Overflow 9.160869E-01, MaxDensity 2.798E+03, gamma 8.287497E+02, time 11.082ms
[INFO   ] DREAMPlace - full step 48.311 ms
[INFO   ] DREAMPlace - optimizer step 37.949 ms
[INFO   ] DREAMPlace - iteration   26, (  26,  0,  0), Obj 7.924678E+08, DensityWeight 2.180168E-11, wHPWL 1.138468E+09, Overflow 9.145219E-01, MaxDensity 2.833E+03, gamma 8.202332E+02, time 11.381ms
[INFO   ] DREAMPlace - full step 56.829 ms
[INFO   ] DREAMPlace - optimizer step 25.826 ms
[INFO   ] DREAMPlace - iteration   27, (  27,  0,  0), Obj 7.864247E+08, DensityWeight 2.283004E-11, wHPWL 1.132062E+09, Overflow 9.127469E-01, MaxDensity 2.893E+03, gamma 8.136913E+02, time 8.049ms
[INFO   ] DREAMPlace - full step 41.401 ms
[INFO   ] DREAMPlace - optimizer step 23.134 ms
[INFO   ] DREAMPlace - iteration   28, (  28,  0,  0), Obj 7.802767E+08, DensityWeight 2.390451E-11, wHPWL 1.125927E+09, Overflow 9.115422E-01, MaxDensity 2.871E+03, gamma 8.063345E+02, time 13.211ms
[INFO   ] DREAMPlace - full step 43.895 ms
[INFO   ] DREAMPlace - optimizer step 26.489 ms
[INFO   ] DREAMPlace - iteration   29, (  29,  0,  0), Obj 7.742273E+08, DensityWeight 2.502705E-11, wHPWL 1.119155E+09, Overflow 9.107438E-01, MaxDensity 2.897E+03, gamma 8.013789E+02, time 18.263ms
[INFO   ] DREAMPlace - full step 52.278 ms
[INFO   ] DREAMPlace - optimizer step 30.575 ms
[INFO   ] DREAMPlace - iteration   30, (  30,  0,  0), Obj 7.681716E+08, DensityWeight 2.619969E-11, wHPWL 1.113152E+09, Overflow 9.097208E-01, MaxDensity 2.817E+03, gamma 7.981121E+02, time 12.065ms
[INFO   ] DREAMPlace - full step 50.107 ms
[INFO   ] DREAMPlace - optimizer step 40.136 ms
[INFO   ] DREAMPlace - iteration   31, (  31,  0,  0), Obj 7.622967E+08, DensityWeight 2.742452E-11, wHPWL 1.107611E+09, Overflow 9.084381E-01, MaxDensity 2.677E+03, gamma 7.939452E+02, time 18.687ms
[INFO   ] DREAMPlace - full step 66.335 ms
[INFO   ] DREAMPlace - optimizer step 24.946 ms
[INFO   ] DREAMPlace - iteration   32, (  32,  0,  0), Obj 7.568388E+08, DensityWeight 2.870374E-11, wHPWL 1.102664E+09, Overflow 9.069728E-01, MaxDensity 2.707E+03, gamma 7.887513E+02, time 40.189ms
[INFO   ] DREAMPlace - full step 72.663 ms
[INFO   ] DREAMPlace - optimizer step 31.839 ms
[INFO   ] DREAMPlace - iteration   33, (  33,  0,  0), Obj 7.517574E+08, DensityWeight 3.003963E-11, wHPWL 1.097698E+09, Overflow 9.057774E-01, MaxDensity 2.640E+03, gamma 7.828595E+02, time 20.906ms
[INFO   ] DREAMPlace - full step 60.236 ms
[INFO   ] DREAMPlace - optimizer step 40.110 ms
[INFO   ] DREAMPlace - iteration   34, (  34,  0,  0), Obj 7.470275E+08, DensityWeight 3.143454E-11, wHPWL 1.093225E+09, Overflow 9.045135E-01, MaxDensity 2.659E+03, gamma 7.780855E+02, time 13.933ms
[INFO   ] DREAMPlace - full step 61.552 ms
[INFO   ] DREAMPlace - optimizer step 24.844 ms
[INFO   ] DREAMPlace - iteration   35, (  35,  0,  0), Obj 7.422134E+08, DensityWeight 3.289095E-11, wHPWL 1.088572E+09, Overflow 9.032393E-01, MaxDensity 2.667E+03, gamma 7.730696E+02, time 6.941ms
[INFO   ] DREAMPlace - full step 39.296 ms
[INFO   ] DREAMPlace - optimizer step 38.529 ms
[INFO   ] DREAMPlace - iteration   36, (  36,  0,  0), Obj 7.374811E+08, DensityWeight 3.441138E-11, wHPWL 1.084058E+09, Overflow 9.018289E-01, MaxDensity 2.672E+03, gamma 7.680457E+02, time 20.884ms
[INFO   ] DREAMPlace - full step 66.873 ms
[INFO   ] DREAMPlace - optimizer step 27.835 ms
[INFO   ] DREAMPlace - iteration   37, (  37,  0,  0), Obj 7.328707E+08, DensityWeight 3.599850E-11, wHPWL 1.079583E+09, Overflow 9.008647E-01, MaxDensity 2.781E+03, gamma 7.625231E+02, time 21.279ms
[INFO   ] DREAMPlace - full step 56.615 ms
[INFO   ] DREAMPlace - optimizer step 24.971 ms
[INFO   ] DREAMPlace - iteration   38, (  38,  0,  0), Obj 7.286598E+08, DensityWeight 3.765506E-11, wHPWL 1.075750E+09, Overflow 9.000757E-01, MaxDensity 2.742E+03, gamma 7.587698E+02, time 6.816ms
[INFO   ] DREAMPlace - full step 39.016 ms
[INFO   ] DREAMPlace - optimizer step 27.117 ms
[INFO   ] DREAMPlace - iteration   39, (  39,  0,  0), Obj 7.245066E+08, DensityWeight 3.938391E-11, wHPWL 1.072176E+09, Overflow 8.994119E-01, MaxDensity 2.821E+03, gamma 7.557128E+02, time 9.191ms
[INFO   ] DREAMPlace - full step 43.812 ms
[INFO   ] DREAMPlace - optimizer step 22.385 ms
[INFO   ] DREAMPlace - iteration   40, (  40,  0,  0), Obj 7.204455E+08, DensityWeight 4.118801E-11, wHPWL 1.068766E+09, Overflow 8.987210E-01, MaxDensity 2.869E+03, gamma 7.531505E+02, time 6.756ms
[INFO   ] DREAMPlace - full step 36.657 ms
[INFO   ] DREAMPlace - optimizer step 25.054 ms
[INFO   ] DREAMPlace - iteration   41, (  41,  0,  0), Obj 7.164444E+08, DensityWeight 4.307045E-11, wHPWL 1.065153E+09, Overflow 8.981716E-01, MaxDensity 2.832E+03, gamma 7.504928E+02, time 6.776ms
[INFO   ] DREAMPlace - full step 39.330 ms
[INFO   ] DREAMPlace - optimizer step 22.653 ms
[INFO   ] DREAMPlace - iteration   42, (  42,  0,  0), Obj 7.126774E+08, DensityWeight 4.503442E-11, wHPWL 1.061910E+09, Overflow 8.971698E-01, MaxDensity 2.887E+03, gamma 7.483859E+02, time 6.874ms
[INFO   ] DREAMPlace - full step 37.030 ms
[INFO   ] DREAMPlace - optimizer step 25.079 ms
[INFO   ] DREAMPlace - iteration   43, (  43,  0,  0), Obj 7.090903E+08, DensityWeight 4.708324E-11, wHPWL 1.058956E+09, Overflow 8.964302E-01, MaxDensity 2.908E+03, gamma 7.445594E+02, time 6.747ms
[INFO   ] DREAMPlace - full step 39.359 ms
[INFO   ] DREAMPlace - optimizer step 22.790 ms
[INFO   ] DREAMPlace - iteration   44, (  44,  0,  0), Obj 7.060822E+08, DensityWeight 4.922034E-11, wHPWL 1.056374E+09, Overflow 8.953851E-01, MaxDensity 2.889E+03, gamma 7.417468E+02, time 6.742ms
[INFO   ] DREAMPlace - full step 37.032 ms
[INFO   ] DREAMPlace - optimizer step 25.096 ms
[INFO   ] DREAMPlace - iteration   45, (  45,  0,  0), Obj 7.031256E+08, DensityWeight 5.144930E-11, wHPWL 1.053864E+09, Overflow 8.945326E-01, MaxDensity 3.025E+03, gamma 7.377910E+02, time 6.756ms
[INFO   ] DREAMPlace - full step 39.285 ms
[INFO   ] DREAMPlace - optimizer step 22.704 ms
[INFO   ] DREAMPlace - iteration   46, (  46,  0,  0), Obj 7.003583E+08, DensityWeight 5.377382E-11, wHPWL 1.051300E+09, Overflow 8.934101E-01, MaxDensity 3.087E+03, gamma 7.345795E+02, time 6.723ms
[INFO   ] DREAMPlace - full step 36.980 ms
[INFO   ] DREAMPlace - optimizer step 25.086 ms
[INFO   ] DREAMPlace - iteration   47, (  47,  0,  0), Obj 6.974380E+08, DensityWeight 5.619775E-11, wHPWL 1.048545E+09, Overflow 8.924197E-01, MaxDensity 3.051E+03, gamma 7.303726E+02, time 6.769ms
[INFO   ] DREAMPlace - full step 39.361 ms
[INFO   ] DREAMPlace - optimizer step 22.494 ms
[INFO   ] DREAMPlace - iteration   48, (  48,  0,  0), Obj 6.947496E+08, DensityWeight 5.872507E-11, wHPWL 1.046026E+09, Overflow 8.910550E-01, MaxDensity 2.932E+03, gamma 7.266805E+02, time 6.769ms
[INFO   ] DREAMPlace - full step 36.772 ms
[INFO   ] DREAMPlace - optimizer step 25.064 ms
[INFO   ] DREAMPlace - iteration   49, (  49,  0,  0), Obj 6.920692E+08, DensityWeight 6.135990E-11, wHPWL 1.043583E+09, Overflow 8.897612E-01, MaxDensity 2.867E+03, gamma 7.216240E+02, time 6.773ms
[INFO   ] DREAMPlace - full step 39.331 ms
[INFO   ] DREAMPlace - optimizer step 22.457 ms
[INFO   ] DREAMPlace - iteration   50, (  50,  0,  0), Obj 6.897165E+08, DensityWeight 6.410655E-11, wHPWL 1.041295E+09, Overflow 8.889549E-01, MaxDensity 2.778E+03, gamma 7.168623E+02, time 6.803ms
[INFO   ] DREAMPlace - full step 36.699 ms
[INFO   ] DREAMPlace - optimizer step 24.977 ms
[INFO   ] DREAMPlace - iteration   51, (  51,  0,  0), Obj 6.874020E+08, DensityWeight 6.696944E-11, wHPWL 1.038934E+09, Overflow 8.883131E-01, MaxDensity 2.746E+03, gamma 7.139111E+02, time 6.806ms
[INFO   ] DREAMPlace - full step 39.114 ms
[INFO   ] DREAMPlace - optimizer step 29.528 ms
[INFO   ] DREAMPlace - iteration   52, (  52,  0,  0), Obj 6.848723E+08, DensityWeight 6.995319E-11, wHPWL 1.036655E+09, Overflow 8.870782E-01, MaxDensity 2.731E+03, gamma 7.115701E+02, time 6.789ms
[INFO   ] DREAMPlace - full step 41.678 ms
[INFO   ] DREAMPlace - optimizer step 24.534 ms
[INFO   ] DREAMPlace - iteration   53, (  53,  0,  0), Obj 6.822655E+08, DensityWeight 7.306257E-11, wHPWL 1.034194E+09, Overflow 8.856134E-01, MaxDensity 2.664E+03, gamma 7.070880E+02, time 6.778ms
[INFO   ] DREAMPlace - full step 36.535 ms
[INFO   ] DREAMPlace - optimizer step 25.018 ms
[INFO   ] DREAMPlace - iteration   54, (  54,  0,  0), Obj 6.801533E+08, DensityWeight 7.630253E-11, wHPWL 1.031993E+09, Overflow 8.844525E-01, MaxDensity 2.580E+03, gamma 7.018085E+02, time 6.775ms
[INFO   ] DREAMPlace - full step 39.140 ms
[INFO   ] DREAMPlace - optimizer step 22.172 ms
[INFO   ] DREAMPlace - iteration   55, (  55,  0,  0), Obj 6.783263E+08, DensityWeight 7.967820E-11, wHPWL 1.030002E+09, Overflow 8.836610E-01, MaxDensity 2.513E+03, gamma 6.976517E+02, time 9.502ms
[INFO   ] DREAMPlace - full step 39.052 ms
[I] plotting to conn_results/bigblue4/plot/iter0056.png takes 75.766 seconds
[INFO   ] DREAMPlace - plotting to conn_results/bigblue4/plot/iter0056.png takes 75.869 seconds
[INFO   ] DREAMPlace - optimizer step 25.729 ms
[INFO   ] DREAMPlace - iteration   56, (  56,  0,  0), Obj 6.763366E+08, DensityWeight 8.319489E-11, wHPWL 1.028087E+09, Overflow 8.822684E-01, MaxDensity 2.486E+03, gamma 6.948318E+02, time 6.760ms
[INFO   ] DREAMPlace - full step 75923.672 ms
[INFO   ] DREAMPlace - optimizer step 25.332 ms
[INFO   ] DREAMPlace - iteration   57, (  57,  0,  0), Obj 6.739898E+08, DensityWeight 8.685810E-11, wHPWL 1.025781E+09, Overflow 8.809967E-01, MaxDensity 2.442E+03, gamma 6.898986E+02, time 6.440ms
[INFO   ] DREAMPlace - full step 39.214 ms
[INFO   ] DREAMPlace - optimizer step 25.006 ms
[INFO   ] DREAMPlace - iteration   58, (  58,  0,  0), Obj 6.720200E+08, DensityWeight 9.067355E-11, wHPWL 1.023461E+09, Overflow 8.797655E-01, MaxDensity 2.370E+03, gamma 6.854238E+02, time 6.799ms
[INFO   ] DREAMPlace - full step 39.189 ms
[INFO   ] DREAMPlace - optimizer step 27.419 ms
[INFO   ] DREAMPlace - iteration   59, (  59,  0,  0), Obj 6.701011E+08, DensityWeight 9.464712E-11, wHPWL 1.021318E+09, Overflow 8.786495E-01, MaxDensity 2.316E+03, gamma 6.811190E+02, time 4.985ms
[INFO   ] DREAMPlace - full step 39.773 ms
[INFO   ] DREAMPlace - optimizer step 25.027 ms
[INFO   ] DREAMPlace - iteration   60, (  60,  0,  0), Obj 6.682124E+08, DensityWeight 9.878496E-11, wHPWL 1.019347E+09, Overflow 8.776231E-01, MaxDensity 2.327E+03, gamma 6.772406E+02, time 6.788ms
[INFO   ] DREAMPlace - full step 39.206 ms
[INFO   ] DREAMPlace - optimizer step 25.016 ms
[INFO   ] DREAMPlace - iteration   61, (  61,  0,  0), Obj 6.661936E+08, DensityWeight 1.030934E-10, wHPWL 1.017114E+09, Overflow 8.763327E-01, MaxDensity 2.335E+03, gamma 6.736934E+02, time 2.766ms
[INFO   ] DREAMPlace - full step 35.177 ms
[INFO   ] DREAMPlace - optimizer step 31.633 ms
[INFO   ] DREAMPlace - iteration   62, (  62,  0,  0), Obj 6.641688E+08, DensityWeight 1.075790E-10, wHPWL 1.014917E+09, Overflow 8.749709E-01, MaxDensity 2.313E+03, gamma 6.692597E+02, time 10.988ms
[INFO   ] DREAMPlace - full step 50.013 ms
[INFO   ] DREAMPlace - optimizer step 25.046 ms
[INFO   ] DREAMPlace - iteration   63, (  63,  0,  0), Obj 6.624358E+08, DensityWeight 1.122485E-10, wHPWL 1.012836E+09, Overflow 8.740714E-01, MaxDensity 2.307E+03, gamma 6.646122E+02, time 6.682ms
[INFO   ] DREAMPlace - full step 39.089 ms
[INFO   ] DREAMPlace - optimizer step 27.438 ms
[INFO   ] DREAMPlace - iteration   64, (  64,  0,  0), Obj 6.608847E+08, DensityWeight 1.171089E-10, wHPWL 1.011010E+09, Overflow 8.732246E-01, MaxDensity 2.336E+03, gamma 6.615605E+02, time 6.782ms
[INFO   ] DREAMPlace - full step 41.592 ms
[INFO   ] DREAMPlace - optimizer step 24.998 ms
[INFO   ] DREAMPlace - iteration   65, (  65,  0,  0), Obj 6.590115E+08, DensityWeight 1.221677E-10, wHPWL 1.008997E+09, Overflow 8.720068E-01, MaxDensity 2.399E+03, gamma 6.587001E+02, time 9.182ms
[INFO   ] DREAMPlace - full step 41.548 ms
[INFO   ] DREAMPlace - optimizer step 24.945 ms
[INFO   ] DREAMPlace - iteration   66, (  66,  0,  0), Obj 6.570515E+08, DensityWeight 1.274322E-10, wHPWL 1.006855E+09, Overflow 8.709029E-01, MaxDensity 2.448E+03, gamma 6.546085E+02, time 6.727ms
[INFO   ] DREAMPlace - full step 38.943 ms
[INFO   ] DREAMPlace - optimizer step 25.043 ms
[INFO   ] DREAMPlace - iteration   67, (  67,  0,  0), Obj 6.553501E+08, DensityWeight 1.329103E-10, wHPWL 1.004678E+09, Overflow 8.695220E-01, MaxDensity 2.443E+03, gamma 6.509213E+02, time 6.743ms
[INFO   ] DREAMPlace - full step 39.144 ms
[INFO   ] DREAMPlace - optimizer step 23.838 ms
[INFO   ] DREAMPlace - iteration   68, (  68,  0,  0), Obj 6.537316E+08, DensityWeight 1.386100E-10, wHPWL 1.002857E+09, Overflow 8.686960E-01, MaxDensity 2.361E+03, gamma 6.463381E+02, time 6.702ms
[INFO   ] DREAMPlace - full step 35.012 ms
[INFO   ] DREAMPlace - optimizer step 28.024 ms
[INFO   ] DREAMPlace - iteration   69, (  69,  0,  0), Obj 6.523110E+08, DensityWeight 1.445396E-10, wHPWL 1.001009E+09, Overflow 8.676526E-01, MaxDensity 2.319E+03, gamma 6.436124E+02, time 5.986ms
[INFO   ] DREAMPlace - full step 41.380 ms
[INFO   ] DREAMPlace - optimizer step 25.113 ms
[INFO   ] DREAMPlace - iteration   70, (  70,  0,  0), Obj 6.505521E+08, DensityWeight 1.507079E-10, wHPWL 9.991622E+08, Overflow 8.664801E-01, MaxDensity 2.268E+03, gamma 6.401850E+02, time 6.847ms
[INFO   ] DREAMPlace - full step 35.243 ms
[INFO   ] DREAMPlace - optimizer step 25.016 ms
[INFO   ] DREAMPlace - iteration   71, (  71,  0,  0), Obj 6.488644E+08, DensityWeight 1.571237E-10, wHPWL 9.970470E+08, Overflow 8.649679E-01, MaxDensity 2.197E+03, gamma 6.363558E+02, time 6.115ms
[INFO   ] DREAMPlace - full step 38.487 ms
[INFO   ] DREAMPlace - optimizer step 24.370 ms
[INFO   ] DREAMPlace - iteration   72, (  72,  0,  0), Obj 6.473446E+08, DensityWeight 1.637962E-10, wHPWL 9.951081E+08, Overflow 8.638552E-01, MaxDensity 2.156E+03, gamma 6.314509E+02, time 6.854ms
[INFO   ] DREAMPlace - full step 38.702 ms
[INFO   ] DREAMPlace - optimizer step 24.348 ms
[INFO   ] DREAMPlace - iteration   73, (  73,  0,  0), Obj 6.461059E+08, DensityWeight 1.707351E-10, wHPWL 9.932300E+08, Overflow 8.625628E-01, MaxDensity 2.157E+03, gamma 6.278659E+02, time 6.976ms
[INFO   ] DREAMPlace - full step 37.502 ms
[INFO   ] DREAMPlace - optimizer step 24.360 ms
[INFO   ] DREAMPlace - iteration   74, (  74,  0,  0), Obj 6.446569E+08, DensityWeight 1.779500E-10, wHPWL 9.914580E+08, Overflow 8.612188E-01, MaxDensity 2.089E+03, gamma 6.237276E+02, time 5.603ms
[INFO   ] DREAMPlace - full step 37.321 ms
[INFO   ] DREAMPlace - optimizer step 24.244 ms
[INFO   ] DREAMPlace - iteration   75, (  75,  0,  0), Obj 6.432269E+08, DensityWeight 1.854513E-10, wHPWL 9.894095E+08, Overflow 8.600433E-01, MaxDensity 1.981E+03, gamma 6.194528E+02, time 5.542ms
[INFO   ] DREAMPlace - full step 37.137 ms
[INFO   ] DREAMPlace - optimizer step 23.125 ms
[INFO   ] DREAMPlace - iteration   76, (  76,  0,  0), Obj 6.418688E+08, DensityWeight 1.932496E-10, wHPWL 9.874652E+08, Overflow 8.588076E-01, MaxDensity 1.996E+03, gamma 6.157379E+02, time 6.531ms
[INFO   ] DREAMPlace - full step 37.276 ms
[INFO   ] DREAMPlace - optimizer step 23.172 ms
[INFO   ] DREAMPlace - iteration   77, (  77,  0,  0), Obj 6.404433E+08, DensityWeight 2.013555E-10, wHPWL 9.855619E+08, Overflow 8.575149E-01, MaxDensity 1.967E+03, gamma 6.118572E+02, time 6.753ms
[INFO   ] DREAMPlace - full step 37.257 ms
[INFO   ] DREAMPlace - optimizer step 23.461 ms
[INFO   ] DREAMPlace - iteration   78, (  78,  0,  0), Obj 6.391028E+08, DensityWeight 2.097806E-10, wHPWL 9.837727E+08, Overflow 8.561190E-01, MaxDensity 1.923E+03, gamma 6.078233E+02, time 6.785ms
[INFO   ] DREAMPlace - full step 37.562 ms
[INFO   ] DREAMPlace - optimizer step 23.865 ms
[INFO   ] DREAMPlace - iteration   79, (  79,  0,  0), Obj 6.377767E+08, DensityWeight 2.185362E-10, wHPWL 9.818532E+08, Overflow 8.546855E-01, MaxDensity 1.835E+03, gamma 6.034973E+02, time 6.704ms
[INFO   ] DREAMPlace - full step 37.244 ms
[INFO   ] DREAMPlace - optimizer step 19.193 ms
[INFO   ] DREAMPlace - iteration   80, (  80,  0,  0), Obj 6.365592E+08, DensityWeight 2.276346E-10, wHPWL 9.800080E+08, Overflow 8.531552E-01, MaxDensity 1.784E+03, gamma 5.990869E+02, time 6.784ms
[INFO   ] DREAMPlace - full step 33.372 ms
[INFO   ] DREAMPlace - optimizer step 21.477 ms
[INFO   ] DREAMPlace - iteration   81, (  81,  0,  0), Obj 6.353729E+08, DensityWeight 2.370880E-10, wHPWL 9.780824E+08, Overflow 8.515071E-01, MaxDensity 1.762E+03, gamma 5.944141E+02, time 6.726ms
[INFO   ] DREAMPlace - full step 35.572 ms
[INFO   ] DREAMPlace - optimizer step 25.031 ms
[INFO   ] DREAMPlace - iteration   82, (  82,  0,  0), Obj 6.342994E+08, DensityWeight 2.469093E-10, wHPWL 9.762519E+08, Overflow 8.504184E-01, MaxDensity 1.781E+03, gamma 5.894224E+02, time 6.710ms
[INFO   ] DREAMPlace - full step 34.950 ms
[INFO   ] DREAMPlace - optimizer step 25.022 ms
[INFO   ] DREAMPlace - iteration   83, (  83,  0,  0), Obj 6.332838E+08, DensityWeight 2.571118E-10, wHPWL 9.742836E+08, Overflow 8.496989E-01, MaxDensity 1.812E+03, gamma 5.861481E+02, time 6.070ms
[INFO   ] DREAMPlace - full step 38.467 ms
[INFO   ] DREAMPlace - optimizer step 24.345 ms
[INFO   ] DREAMPlace - iteration   84, (  84,  0,  0), Obj 6.319466E+08, DensityWeight 2.677090E-10, wHPWL 9.723795E+08, Overflow 8.489825E-01, MaxDensity 1.679E+03, gamma 5.839941E+02, time 6.819ms
[INFO   ] DREAMPlace - full step 38.646 ms
[INFO   ] DREAMPlace - optimizer step 24.333 ms
[INFO   ] DREAMPlace - iteration   85, (  85,  0,  0), Obj 6.303009E+08, DensityWeight 2.787152E-10, wHPWL 9.702495E+08, Overflow 8.485047E-01, MaxDensity 1.592E+03, gamma 5.818572E+02, time 6.949ms
[INFO   ] DREAMPlace - full step 37.441 ms
[INFO   ] DREAMPlace - optimizer step 26.377 ms
[INFO   ] DREAMPlace - iteration   86, (  86,  0,  0), Obj 6.286976E+08, DensityWeight 2.901448E-10, wHPWL 9.682051E+08, Overflow 8.476965E-01, MaxDensity 1.596E+03, gamma 5.804365E+02, time 5.568ms
[INFO   ] DREAMPlace - full step 39.329 ms
[INFO   ] DREAMPlace - optimizer step 22.656 ms
[INFO   ] DREAMPlace - iteration   87, (  87,  0,  0), Obj 6.269933E+08, DensityWeight 3.020129E-10, wHPWL 9.662086E+08, Overflow 8.468634E-01, MaxDensity 1.581E+03, gamma 5.780411E+02, time 5.595ms
[INFO   ] DREAMPlace - full step 35.606 ms
[INFO   ] DREAMPlace - optimizer step 22.904 ms
[INFO   ] DREAMPlace - iteration   88, (  88,  0,  0), Obj 6.255661E+08, DensityWeight 3.143351E-10, wHPWL 9.643926E+08, Overflow 8.461677E-01, MaxDensity 1.475E+03, gamma 5.755821E+02, time 6.753ms
[INFO   ] DREAMPlace - full step 36.999 ms
[INFO   ] DREAMPlace - optimizer step 23.360 ms
[INFO   ] DREAMPlace - iteration   89, (  89,  0,  0), Obj 6.241513E+08, DensityWeight 3.271272E-10, wHPWL 9.625177E+08, Overflow 8.450949E-01, MaxDensity 1.417E+03, gamma 5.735369E+02, time 6.697ms
[INFO   ] DREAMPlace - full step 37.428 ms
[INFO   ] DREAMPlace - optimizer step 23.277 ms
[INFO   ] DREAMPlace - iteration   90, (  90,  0,  0), Obj 6.226740E+08, DensityWeight 3.404060E-10, wHPWL 9.607126E+08, Overflow 8.441539E-01, MaxDensity 1.415E+03, gamma 5.703969E+02, time 6.759ms
[INFO   ] DREAMPlace - full step 37.372 ms
[INFO   ] DREAMPlace - optimizer step 23.972 ms
[INFO   ] DREAMPlace - iteration   91, (  91,  0,  0), Obj 6.213786E+08, DensityWeight 3.541883E-10, wHPWL 9.587237E+08, Overflow 8.430685E-01, MaxDensity 1.408E+03, gamma 5.676574E+02, time 6.734ms
[INFO   ] DREAMPlace - full step 37.347 ms
[INFO   ] DREAMPlace - optimizer step 19.275 ms
[INFO   ] DREAMPlace - iteration   92, (  92,  0,  0), Obj 6.200844E+08, DensityWeight 3.684918E-10, wHPWL 9.569420E+08, Overflow 8.420141E-01, MaxDensity 1.366E+03, gamma 5.645134E+02, time 6.733ms
[INFO   ] DREAMPlace - full step 33.414 ms
[INFO   ] DREAMPlace - optimizer step 21.395 ms
[INFO   ] DREAMPlace - iteration   93, (  93,  0,  0), Obj 6.188524E+08, DensityWeight 3.833345E-10, wHPWL 9.550506E+08, Overflow 8.414525E-01, MaxDensity 1.297E+03, gamma 5.614761E+02, time 6.684ms
[INFO   ] DREAMPlace - full step 35.466 ms
[INFO   ] DREAMPlace - optimizer step 24.923 ms
[INFO   ] DREAMPlace - iteration   94, (  94,  0,  0), Obj 6.176326E+08, DensityWeight 3.987353E-10, wHPWL 9.532425E+08, Overflow 8.407232E-01, MaxDensity 1.338E+03, gamma 5.598647E+02, time 6.746ms
[INFO   ] DREAMPlace - full step 34.878 ms
[INFO   ] DREAMPlace - optimizer step 24.954 ms
[INFO   ] DREAMPlace - iteration   95, (  95,  0,  0), Obj 6.160493E+08, DensityWeight 4.147133E-10, wHPWL 9.512808E+08, Overflow 8.398751E-01, MaxDensity 1.299E+03, gamma 5.577794E+02, time 5.718ms
[INFO   ] DREAMPlace - full step 38.320 ms
[INFO   ] DREAMPlace - optimizer step 24.447 ms
[INFO   ] DREAMPlace - iteration   96, (  96,  0,  0), Obj 6.145790E+08, DensityWeight 4.312885E-10, wHPWL 9.493605E+08, Overflow 8.395132E-01, MaxDensity 1.201E+03, gamma 5.553641E+02, time 6.753ms
[INFO   ] DREAMPlace - full step 38.682 ms
[INFO   ] DREAMPlace - optimizer step 24.273 ms
[INFO   ] DREAMPlace - iteration   97, (  97,  0,  0), Obj 6.132111E+08, DensityWeight 4.484812E-10, wHPWL 9.474388E+08, Overflow 8.390075E-01, MaxDensity 1.203E+03, gamma 5.543366E+02, time 6.868ms
[INFO   ] DREAMPlace - full step 37.387 ms
[INFO   ] DREAMPlace - optimizer step 22.465 ms
[INFO   ] DREAMPlace - iteration   98, (  98,  0,  0), Obj 6.116310E+08, DensityWeight 4.663127E-10, wHPWL 9.457584E+08, Overflow 8.382161E-01, MaxDensity 1.203E+03, gamma 5.529041E+02, time 5.611ms
[INFO   ] DREAMPlace - full step 35.417 ms
[INFO   ] DREAMPlace - optimizer step 22.965 ms
[INFO   ] DREAMPlace - iteration   99, (  99,  0,  0), Obj 6.100569E+08, DensityWeight 4.848047E-10, wHPWL 9.438276E+08, Overflow 8.374617E-01, MaxDensity 1.160E+03, gamma 5.506694E+02, time 6.711ms
[INFO   ] DREAMPlace - full step 36.984 ms
[INFO   ] DREAMPlace - optimizer step 23.200 ms
[INFO   ] DREAMPlace - iteration  100, ( 100,  0,  0), Obj 6.087357E+08, DensityWeight 5.039796E-10, wHPWL 9.420427E+08, Overflow 8.367327E-01, MaxDensity 1.140E+03, gamma 5.485480E+02, time 6.754ms
[INFO   ] DREAMPlace - full step 37.324 ms
[INFO   ] DREAMPlace - optimizer step 23.300 ms
[INFO   ] DREAMPlace - iteration  101, ( 101,  0,  0), Obj 6.074369E+08, DensityWeight 5.238606E-10, wHPWL 9.402793E+08, Overflow 8.360607E-01, MaxDensity 1.227E+03, gamma 5.465058E+02, time 6.721ms
[INFO   ] DREAMPlace - full step 37.361 ms
[INFO   ] DREAMPlace - optimizer step 29.376 ms
[INFO   ] DREAMPlace - iteration  102, ( 102,  0,  0), Obj 6.061665E+08, DensityWeight 5.444713E-10, wHPWL 9.386286E+08, Overflow 8.353547E-01, MaxDensity 1.159E+03, gamma 5.446296E+02, time 6.742ms
[INFO   ] DREAMPlace - full step 43.446 ms
[INFO   ] DREAMPlace - optimizer step 5.072 ms
[INFO   ] DREAMPlace - iteration  103, ( 103,  0,  0), Obj 6.047891E+08, DensityWeight 5.658364E-10, wHPWL 9.367649E+08, Overflow 8.346607E-01, MaxDensity 1.189E+03, gamma 5.426658E+02, time 2.299ms
[INFO   ] DREAMPlace - full step 7.946 ms
[INFO   ] DREAMPlace - optimizer step 4.532 ms
[INFO   ] DREAMPlace - iteration  104, ( 104,  0,  0), Obj 6.034812E+08, DensityWeight 5.879810E-10, wHPWL 9.350228E+08, Overflow 8.335164E-01, MaxDensity 1.147E+03, gamma 5.407422E+02, time 2.265ms
[INFO   ] DREAMPlace - full step 7.318 ms
[INFO   ] DREAMPlace - optimizer step 9.178 ms
[INFO   ] DREAMPlace - iteration  105, ( 105,  0,  0), Obj 6.021648E+08, DensityWeight 6.109311E-10, wHPWL 9.332182E+08, Overflow 8.323579E-01, MaxDensity 1.082E+03, gamma 5.375853E+02, time 2.232ms
[INFO   ] DREAMPlace - full step 12.267 ms
[INFO   ] DREAMPlace - optimizer step 6.381 ms
[INFO   ] DREAMPlace - iteration  106, ( 106,  0,  0), Obj 6.012057E+08, DensityWeight 6.347136E-10, wHPWL 9.315803E+08, Overflow 8.313153E-01, MaxDensity 1.136E+03, gamma 5.344080E+02, time 2.425ms
[INFO   ] DREAMPlace - full step 9.815 ms
[INFO   ] DREAMPlace - optimizer step 6.399 ms
[INFO   ] DREAMPlace - iteration  107, ( 107,  0,  0), Obj 6.002502E+08, DensityWeight 6.593560E-10, wHPWL 9.298459E+08, Overflow 8.304383E-01, MaxDensity 1.124E+03, gamma 5.315644E+02, time 2.421ms
[INFO   ] DREAMPlace - full step 9.810 ms
[INFO   ] DREAMPlace - optimizer step 21.095 ms
[INFO   ] DREAMPlace - iteration  108, ( 108,  0,  0), Obj 5.992408E+08, DensityWeight 6.848865E-10, wHPWL 9.281558E+08, Overflow 8.298488E-01, MaxDensity 1.068E+03, gamma 5.291846E+02, time 9.494ms
[INFO   ] DREAMPlace - full step 36.029 ms
[INFO   ] DREAMPlace - optimizer step 22.333 ms
[INFO   ] DREAMPlace - iteration  109, ( 109,  0,  0), Obj 5.980421E+08, DensityWeight 7.113345E-10, wHPWL 9.261943E+08, Overflow 8.291268E-01, MaxDensity 1.079E+03, gamma 5.275908E+02, time 5.750ms
[INFO   ] DREAMPlace - full step 35.396 ms
[INFO   ] DREAMPlace - optimizer step 22.314 ms
[INFO   ] DREAMPlace - iteration  110, ( 110,  0,  0), Obj 5.967113E+08, DensityWeight 7.387299E-10, wHPWL 9.243585E+08, Overflow 8.284494E-01, MaxDensity 1.121E+03, gamma 5.256452E+02, time 6.022ms
[INFO   ] DREAMPlace - full step 35.693 ms
[INFO   ] DREAMPlace - optimizer step 23.210 ms
[INFO   ] DREAMPlace - iteration  111, ( 111,  0,  0), Obj 5.954424E+08, DensityWeight 7.671037E-10, wHPWL 9.224114E+08, Overflow 8.274364E-01, MaxDensity 1.110E+03, gamma 5.238264E+02, time 6.712ms
[INFO   ] DREAMPlace - full step 37.267 ms
[I] plotting to conn_results/bigblue4/plot/iter0112.png takes 45.758 seconds
[INFO   ] DREAMPlace - plotting to conn_results/bigblue4/plot/iter0112.png takes 45.864 seconds
[INFO   ] DREAMPlace - optimizer step 25.284 ms
[INFO   ] DREAMPlace - iteration  112, ( 112,  0,  0), Obj 5.942487E+08, DensityWeight 7.964877E-10, wHPWL 9.207196E+08, Overflow 8.266107E-01, MaxDensity 1.130E+03, gamma 5.211183E+02, time 6.024ms
[INFO   ] DREAMPlace - full step 45917.127 ms
[INFO   ] DREAMPlace - optimizer step 24.920 ms
[INFO   ] DREAMPlace - iteration  113, ( 113,  0,  0), Obj 5.932371E+08, DensityWeight 8.269144E-10, wHPWL 9.188909E+08, Overflow 8.257064E-01, MaxDensity 1.126E+03, gamma 5.189211E+02, time 6.578ms
[INFO   ] DREAMPlace - full step 38.954 ms
[INFO   ] DREAMPlace - optimizer step 25.006 ms
[INFO   ] DREAMPlace - iteration  114, ( 114,  0,  0), Obj 5.921745E+08, DensityWeight 8.584177E-10, wHPWL 9.172401E+08, Overflow 8.251425E-01, MaxDensity 1.180E+03, gamma 5.165255E+02, time 6.721ms
[INFO   ] DREAMPlace - full step 39.114 ms
[INFO   ] DREAMPlace - optimizer step 22.122 ms
[INFO   ] DREAMPlace - iteration  115, ( 115,  0,  0), Obj 5.910847E+08, DensityWeight 8.910321E-10, wHPWL 9.153611E+08, Overflow 8.243511E-01, MaxDensity 1.164E+03, gamma 5.150374E+02, time 6.742ms
[INFO   ] DREAMPlace - full step 36.230 ms
[INFO   ] DREAMPlace - optimizer step 24.947 ms
[INFO   ] DREAMPlace - iteration  116, ( 116,  0,  0), Obj 5.898324E+08, DensityWeight 9.247930E-10, wHPWL 9.136383E+08, Overflow 8.236138E-01, MaxDensity 1.185E+03, gamma 5.129561E+02, time 6.754ms
[INFO   ] DREAMPlace - full step 39.079 ms
[INFO   ] DREAMPlace - optimizer step 23.385 ms
[INFO   ] DREAMPlace - iteration  117, ( 117,  0,  0), Obj 5.886701E+08, DensityWeight 9.597373E-10, wHPWL 9.117379E+08, Overflow 8.227433E-01, MaxDensity 1.184E+03, gamma 5.110242E+02, time 8.295ms
[INFO   ] DREAMPlace - full step 39.074 ms
[INFO   ] DREAMPlace - optimizer step 24.925 ms
[INFO   ] DREAMPlace - iteration  118, ( 118,  0,  0), Obj 5.875693E+08, DensityWeight 9.959022E-10, wHPWL 9.100928E+08, Overflow 8.220733E-01, MaxDensity 1.159E+03, gamma 5.087531E+02, time 8.833ms
[INFO   ] DREAMPlace - full step 41.132 ms
[INFO   ] DREAMPlace - optimizer step 41.358 ms
[INFO   ] DREAMPlace - iteration  119, ( 119,  0,  0), Obj 5.865098E+08, DensityWeight 1.033327E-09, wHPWL 9.082874E+08, Overflow 8.212394E-01, MaxDensity 1.195E+03, gamma 5.070121E+02, time 13.402ms
[INFO   ] DREAMPlace - full step 62.182 ms
[INFO   ] DREAMPlace - optimizer step 24.938 ms
[INFO   ] DREAMPlace - iteration  120, ( 120,  0,  0), Obj 5.853638E+08, DensityWeight 1.072050E-09, wHPWL 9.066135E+08, Overflow 8.202900E-01, MaxDensity 1.128E+03, gamma 5.048531E+02, time 4.598ms
[INFO   ] DREAMPlace - full step 36.862 ms
[INFO   ] DREAMPlace - optimizer step 24.938 ms
[INFO   ] DREAMPlace - iteration  121, ( 121,  0,  0), Obj 5.842409E+08, DensityWeight 1.112114E-09, wHPWL 9.046968E+08, Overflow 8.195170E-01, MaxDensity 1.195E+03, gamma 5.024066E+02, time 6.781ms
[INFO   ] DREAMPlace - full step 39.087 ms
[INFO   ] DREAMPlace - optimizer step 25.008 ms
[INFO   ] DREAMPlace - iteration  122, ( 122,  0,  0), Obj 5.832713E+08, DensityWeight 1.153559E-09, wHPWL 9.029994E+08, Overflow 8.187611E-01, MaxDensity 1.104E+03, gamma 5.004232E+02, time 6.720ms
[INFO   ] DREAMPlace - full step 36.123 ms
[INFO   ] DREAMPlace - optimizer step 24.964 ms
[INFO   ] DREAMPlace - iteration  123, ( 123,  0,  0), Obj 5.821673E+08, DensityWeight 1.196430E-09, wHPWL 9.011821E+08, Overflow 8.182656E-01, MaxDensity 1.168E+03, gamma 4.984914E+02, time 6.720ms
[INFO   ] DREAMPlace - full step 39.091 ms
[INFO   ] DREAMPlace - optimizer step 24.898 ms
[INFO   ] DREAMPlace - iteration  124, ( 124,  0,  0), Obj 5.810730E+08, DensityWeight 1.240769E-09, wHPWL 8.994625E+08, Overflow 8.175988E-01, MaxDensity 1.017E+03, gamma 4.972293E+02, time 6.723ms
[INFO   ] DREAMPlace - full step 38.962 ms
[INFO   ] DREAMPlace - optimizer step 22.072 ms
[INFO   ] DREAMPlace - iteration  125, ( 125,  0,  0), Obj 5.797439E+08, DensityWeight 1.286623E-09, wHPWL 8.975282E+08, Overflow 8.169832E-01, MaxDensity 1.087E+03, gamma 4.955355E+02, time 6.716ms
[INFO   ] DREAMPlace - full step 36.156 ms
[INFO   ] DREAMPlace - optimizer step 28.052 ms
[INFO   ] DREAMPlace - iteration  126, ( 126,  0,  0), Obj 5.785741E+08, DensityWeight 1.334038E-09, wHPWL 8.957636E+08, Overflow 8.163595E-01, MaxDensity 8.929E+02, gamma 4.939773E+02, time 16.992ms
[INFO   ] DREAMPlace - full step 52.407 ms
[INFO   ] DREAMPlace - optimizer step 23.667 ms
[INFO   ] DREAMPlace - iteration  127, ( 127,  0,  0), Obj 5.773594E+08, DensityWeight 1.383062E-09, wHPWL 8.939111E+08, Overflow 8.158818E-01, MaxDensity 9.546E+02, gamma 4.924033E+02, time 7.260ms
[INFO   ] DREAMPlace - full step 36.155 ms
[INFO   ] DREAMPlace - optimizer step 21.199 ms
[INFO   ] DREAMPlace - iteration  128, ( 128,  0,  0), Obj 5.762102E+08, DensityWeight 1.433744E-09, wHPWL 8.922524E+08, Overflow 8.157378E-01, MaxDensity 9.187E+02, gamma 4.912011E+02, time 74.298ms
[INFO   ] DREAMPlace - full step 102.870 ms
[INFO   ] DREAMPlace - optimizer step 25.036 ms
[INFO   ] DREAMPlace - iteration  129, ( 129,  0,  0), Obj 5.748909E+08, DensityWeight 1.486135E-09, wHPWL 8.903653E+08, Overflow 8.153061E-01, MaxDensity 8.944E+02, gamma 4.908393E+02, time 6.704ms
[INFO   ] DREAMPlace - full step 39.069 ms
[INFO   ] DREAMPlace - optimizer step 24.970 ms
[INFO   ] DREAMPlace - iteration  130, ( 130,  0,  0), Obj 5.733994E+08, DensityWeight 1.540287E-09, wHPWL 8.886269E+08, Overflow 8.150813E-01, MaxDensity 7.905E+02, gamma 4.897562E+02, time 6.726ms
[INFO   ] DREAMPlace - full step 39.022 ms
[INFO   ] DREAMPlace - optimizer step 24.564 ms
[INFO   ] DREAMPlace - iteration  131, ( 131,  0,  0), Obj 5.720248E+08, DensityWeight 1.596251E-09, wHPWL 8.866970E+08, Overflow 8.151513E-01, MaxDensity 8.375E+02, gamma 4.891932E+02, time 6.702ms
[INFO   ] DREAMPlace - full step 38.655 ms
[INFO   ] DREAMPlace - optimizer step 25.138 ms
[INFO   ] DREAMPlace - iteration  132, ( 132,  0,  0), Obj 5.706535E+08, DensityWeight 1.654084E-09, wHPWL 8.851236E+08, Overflow 8.152314E-01, MaxDensity 7.913E+02, gamma 4.893686E+02, time 6.761ms
[INFO   ] DREAMPlace - full step 39.306 ms
[INFO   ] DREAMPlace - optimizer step 29.158 ms
[INFO   ] DREAMPlace - iteration  133, ( 133,  0,  0), Obj 5.690333E+08, DensityWeight 1.713841E-09, wHPWL 8.833822E+08, Overflow 8.152115E-01, MaxDensity 8.187E+02, gamma 4.895692E+02, time 9.512ms
[INFO   ] DREAMPlace - full step 41.753 ms
[INFO   ] DREAMPlace - optimizer step 24.955 ms
[INFO   ] DREAMPlace - iteration  134, ( 134,  0,  0), Obj 5.674113E+08, DensityWeight 1.775579E-09, wHPWL 8.817303E+08, Overflow 8.155133E-01, MaxDensity 7.747E+02, gamma 4.895193E+02, time 6.750ms
[INFO   ] DREAMPlace - full step 39.118 ms
[INFO   ] DREAMPlace - optimizer step 24.046 ms
[INFO   ] DREAMPlace - iteration  135, ( 135,  0,  0), Obj 5.658186E+08, DensityWeight 1.839357E-09, wHPWL 8.799525E+08, Overflow 8.153677E-01, MaxDensity 7.753E+02, gamma 4.902757E+02, time 7.586ms
[INFO   ] DREAMPlace - full step 39.011 ms
[INFO   ] DREAMPlace - optimizer step 22.062 ms
[INFO   ] DREAMPlace - iteration  136, ( 136,  0,  0), Obj 5.641429E+08, DensityWeight 1.905235E-09, wHPWL 8.785108E+08, Overflow 8.156308E-01, MaxDensity 7.407E+02, gamma 4.899108E+02, time 6.714ms
[INFO   ] DREAMPlace - full step 36.149 ms
[INFO   ] DREAMPlace - optimizer step 25.043 ms
[INFO   ] DREAMPlace - iteration  137, ( 137,  0,  0), Obj 5.626641E+08, DensityWeight 1.973276E-09, wHPWL 8.768440E+08, Overflow 8.158497E-01, MaxDensity 7.549E+02, gamma 4.905707E+02, time 6.672ms
[INFO   ] DREAMPlace - full step 39.097 ms
[INFO   ] DREAMPlace - optimizer step 24.977 ms
[INFO   ] DREAMPlace - iteration  138, ( 138,  0,  0), Obj 5.610252E+08, DensityWeight 2.043542E-09, wHPWL 8.754500E+08, Overflow 8.161381E-01, MaxDensity 7.255E+02, gamma 4.911204E+02, time 6.726ms
[INFO   ] DREAMPlace - full step 39.063 ms
[INFO   ] DREAMPlace - optimizer step 38.032 ms
[INFO   ] DREAMPlace - iteration  139, ( 139,  0,  0), Obj 5.593147E+08, DensityWeight 2.116098E-09, wHPWL 8.737879E+08, Overflow 8.163252E-01, MaxDensity 7.641E+02, gamma 4.918458E+02, time 13.238ms
[INFO   ] DREAMPlace - full step 58.661 ms
[INFO   ] DREAMPlace - optimizer step 24.956 ms
[INFO   ] DREAMPlace - iteration  140, ( 140,  0,  0), Obj 5.576250E+08, DensityWeight 2.191012E-09, wHPWL 8.723304E+08, Overflow 8.167292E-01, MaxDensity 7.340E+02, gamma 4.923169E+02, time 6.702ms
[INFO   ] DREAMPlace - full step 39.061 ms
[INFO   ] DREAMPlace - optimizer step 24.983 ms
[INFO   ] DREAMPlace - iteration  141, ( 141,  0,  0), Obj 5.559747E+08, DensityWeight 2.268350E-09, wHPWL 8.707565E+08, Overflow 8.167627E-01, MaxDensity 7.556E+02, gamma 4.933357E+02, time 3.204ms
[INFO   ] DREAMPlace - full step 35.581 ms
[INFO   ] DREAMPlace - optimizer step 25.022 ms
[INFO   ] DREAMPlace - iteration  142, ( 142,  0,  0), Obj 5.542770E+08, DensityWeight 2.348184E-09, wHPWL 8.694523E+08, Overflow 8.170621E-01, MaxDensity 7.277E+02, gamma 4.934203E+02, time 6.764ms
[INFO   ] DREAMPlace - full step 39.194 ms
[INFO   ] DREAMPlace - optimizer step 25.024 ms
[INFO   ] DREAMPlace - iteration  143, ( 143,  0,  0), Obj 5.527244E+08, DensityWeight 2.430584E-09, wHPWL 8.678966E+08, Overflow 8.168575E-01, MaxDensity 7.422E+02, gamma 4.941765E+02, time 6.673ms
[INFO   ] DREAMPlace - full step 38.672 ms
[INFO   ] DREAMPlace - optimizer step 24.958 ms
[INFO   ] DREAMPlace - iteration  144, ( 144,  0,  0), Obj 5.511011E+08, DensityWeight 2.515625E-09, wHPWL 8.666184E+08, Overflow 8.168357E-01, MaxDensity 7.383E+02, gamma 4.936596E+02, time 6.699ms
[INFO   ] DREAMPlace - full step 39.079 ms
[INFO   ] DREAMPlace - optimizer step 24.974 ms
[INFO   ] DREAMPlace - iteration  145, ( 145,  0,  0), Obj 5.497180E+08, DensityWeight 2.603380E-09, wHPWL 8.651090E+08, Overflow 8.167075E-01, MaxDensity 7.513E+02, gamma 4.936046E+02, time 6.685ms
[INFO   ] DREAMPlace - full step 39.011 ms
[INFO   ] DREAMPlace - optimizer step 20.371 ms
[INFO   ] DREAMPlace - iteration  146, ( 146,  0,  0), Obj 5.483294E+08, DensityWeight 2.693927E-09, wHPWL 8.638980E+08, Overflow 8.168505E-01, MaxDensity 7.880E+02, gamma 4.932809E+02, time 10.861ms
[INFO   ] DREAMPlace - full step 38.623 ms
[INFO   ] DREAMPlace - optimizer step 25.028 ms
[INFO   ] DREAMPlace - iteration  147, ( 147,  0,  0), Obj 5.469235E+08, DensityWeight 2.787345E-09, wHPWL 8.624338E+08, Overflow 8.166414E-01, MaxDensity 7.621E+02, gamma 4.936420E+02, time 6.669ms
[INFO   ] DREAMPlace - full step 39.050 ms
[INFO   ] DREAMPlace - optimizer step 24.970 ms
[INFO   ] DREAMPlace - iteration  148, ( 148,  0,  0), Obj 5.453921E+08, DensityWeight 2.883713E-09, wHPWL 8.611326E+08, Overflow 8.163325E-01, MaxDensity 8.598E+02, gamma 4.931142E+02, time 6.691ms
[INFO   ] DREAMPlace - full step 39.086 ms
[INFO   ] DREAMPlace - optimizer step 24.959 ms
[INFO   ] DREAMPlace - iteration  149, ( 149,  0,  0), Obj 5.440070E+08, DensityWeight 2.983116E-09, wHPWL 8.595907E+08, Overflow 8.159778E-01, MaxDensity 7.397E+02, gamma 4.923351E+02, time 6.678ms
[INFO   ] DREAMPlace - full step 39.011 ms
[INFO   ] DREAMPlace - optimizer step 25.039 ms
[INFO   ] DREAMPlace - iteration  150, ( 150,  0,  0), Obj 5.428140E+08, DensityWeight 3.085636E-09, wHPWL 8.583891E+08, Overflow 8.160596E-01, MaxDensity 6.808E+02, gamma 4.914423E+02, time 6.713ms
[INFO   ] DREAMPlace - full step 39.104 ms
[INFO   ] DREAMPlace - optimizer step 20.007 ms
[INFO   ] DREAMPlace - iteration  151, ( 151,  0,  0), Obj 5.416093E+08, DensityWeight 3.191360E-09, wHPWL 8.570148E+08, Overflow 8.162277E-01, MaxDensity 7.398E+02, gamma 4.916483E+02, time 6.698ms
[INFO   ] DREAMPlace - full step 34.073 ms
[INFO   ] DREAMPlace - optimizer step 23.320 ms
[INFO   ] DREAMPlace - iteration  152, ( 152,  0,  0), Obj 5.401512E+08, DensityWeight 3.300377E-09, wHPWL 8.557581E+08, Overflow 8.164699E-01, MaxDensity 8.068E+02, gamma 4.920714E+02, time 6.740ms
[INFO   ] DREAMPlace - full step 37.467 ms
[INFO   ] DREAMPlace - optimizer step 24.925 ms
[INFO   ] DREAMPlace - iteration  153, ( 153,  0,  0), Obj 5.385043E+08, DensityWeight 3.412776E-09, wHPWL 8.541276E+08, Overflow 8.171017E-01, MaxDensity 9.455E+02, gamma 4.926814E+02, time 6.730ms
[INFO   ] DREAMPlace - full step 38.295 ms
[INFO   ] DREAMPlace - optimizer step 25.722 ms
[INFO   ] DREAMPlace - iteration  154, ( 154,  0,  0), Obj 5.369066E+08, DensityWeight 3.528650E-09, wHPWL 8.527821E+08, Overflow 8.176982E-01, MaxDensity 8.292E+02, gamma 4.942768E+02, time 11.980ms
[INFO   ] DREAMPlace - full step 45.274 ms
[INFO   ] DREAMPlace - optimizer step 26.506 ms
[INFO   ] DREAMPlace - iteration  155, ( 155,  0,  0), Obj 5.350603E+08, DensityWeight 3.648094E-09, wHPWL 8.513736E+08, Overflow 8.180548E-01, MaxDensity 7.507E+02, gamma 4.957876E+02, time 10.920ms
[INFO   ] DREAMPlace - full step 44.819 ms
[INFO   ] DREAMPlace - optimizer step 38.877 ms
[INFO   ] DREAMPlace - iteration  156, ( 156,  0,  0), Obj 5.332709E+08, DensityWeight 3.771203E-09, wHPWL 8.501583E+08, Overflow 8.183122E-01, MaxDensity 7.632E+02, gamma 4.966932E+02, time 4.952ms
[INFO   ] DREAMPlace - full step 51.189 ms
[INFO   ] DREAMPlace - optimizer step 24.057 ms
[INFO   ] DREAMPlace - iteration  157, ( 157,  0,  0), Obj 5.315760E+08, DensityWeight 3.898077E-09, wHPWL 8.487580E+08, Overflow 8.183855E-01, MaxDensity 8.548E+02, gamma 4.973477E+02, time 6.876ms
[INFO   ] DREAMPlace - full step 36.346 ms
[INFO   ] DREAMPlace - optimizer step 23.315 ms
[INFO   ] DREAMPlace - iteration  158, ( 158,  0,  0), Obj 5.300596E+08, DensityWeight 4.028817E-09, wHPWL 8.477148E+08, Overflow 8.181354E-01, MaxDensity 8.764E+02, gamma 4.975345E+02, time 6.731ms
[INFO   ] DREAMPlace - full step 36.482 ms
[INFO   ] DREAMPlace - optimizer step 24.925 ms
[INFO   ] DREAMPlace - iteration  159, ( 159,  0,  0), Obj 5.286015E+08, DensityWeight 4.163525E-09, wHPWL 8.464678E+08, Overflow 8.179928E-01, MaxDensity 9.538E+02, gamma 4.968980E+02, time 7.071ms
[INFO   ] DREAMPlace - full step 39.332 ms
[INFO   ] DREAMPlace - optimizer step 24.368 ms
[INFO   ] DREAMPlace - iteration  160, ( 160,  0,  0), Obj 5.273998E+08, DensityWeight 4.302307E-09, wHPWL 8.454033E+08, Overflow 8.177338E-01, MaxDensity 9.381E+02, gamma 4.965357E+02, time 7.252ms
[INFO   ] DREAMPlace - full step 39.095 ms
[INFO   ] DREAMPlace - optimizer step 90.249 ms
[INFO   ] DREAMPlace - iteration  161, ( 161,  0,  0), Obj 5.260817E+08, DensityWeight 4.445270E-09, wHPWL 8.441138E+08, Overflow 8.179358E-01, MaxDensity 8.858E+02, gamma 4.958781E+02, time 7.090ms
[INFO   ] DREAMPlace - full step 104.718 ms
[INFO   ] DREAMPlace - optimizer step 24.007 ms
[INFO   ] DREAMPlace - iteration  162, ( 162,  0,  0), Obj 5.248795E+08, DensityWeight 4.592525E-09, wHPWL 8.429576E+08, Overflow 8.181118E-01, MaxDensity 8.386E+02, gamma 4.963908E+02, time 6.765ms
[INFO   ] DREAMPlace - full step 38.140 ms
[INFO   ] DREAMPlace - optimizer step 24.061 ms
[INFO   ] DREAMPlace - iteration  163, ( 163,  0,  0), Obj 5.233331E+08, DensityWeight 4.744184E-09, wHPWL 8.415492E+08, Overflow 8.180171E-01, MaxDensity 8.137E+02, gamma 4.968380E+02, time 6.871ms
[INFO   ] DREAMPlace - full step 36.518 ms
[INFO   ] DREAMPlace - optimizer step 23.308 ms
[INFO   ] DREAMPlace - iteration  164, ( 164,  0,  0), Obj 5.218441E+08, DensityWeight 4.900361E-09, wHPWL 8.402739E+08, Overflow 8.177574E-01, MaxDensity 8.714E+02, gamma 4.965973E+02, time 6.689ms
[INFO   ] DREAMPlace - full step 36.449 ms
[INFO   ] DREAMPlace - optimizer step 20.754 ms
[INFO   ] DREAMPlace - iteration  165, ( 165,  0,  0), Obj 5.205080E+08, DensityWeight 5.061172E-09, wHPWL 8.388312E+08, Overflow 8.175018E-01, MaxDensity 7.328E+02, gamma 4.959380E+02, time 6.728ms
[INFO   ] DREAMPlace - full step 34.848 ms
[INFO   ] DREAMPlace - optimizer step 24.950 ms
[INFO   ] DREAMPlace - iteration  166, ( 166,  0,  0), Obj 5.194285E+08, DensityWeight 5.226739E-09, wHPWL 8.377841E+08, Overflow 8.168398E-01, MaxDensity 6.919E+02, gamma 4.952896E+02, time 6.703ms
[INFO   ] DREAMPlace - full step 38.100 ms
[INFO   ] DREAMPlace - optimizer step 33.460 ms
[INFO   ] DREAMPlace - iteration  167, ( 167,  0,  0), Obj 5.183007E+08, DensityWeight 5.397181E-09, wHPWL 8.365297E+08, Overflow 8.161335E-01, MaxDensity 6.739E+02, gamma 4.936149E+02, time 10.476ms
[INFO   ] DREAMPlace - full step 51.476 ms
[I] plotting to conn_results/bigblue4/plot/iter0168.png takes 57.882 seconds
[INFO   ] DREAMPlace - plotting to conn_results/bigblue4/plot/iter0168.png takes 57.988 seconds
[INFO   ] DREAMPlace - optimizer step 67.640 ms
[INFO   ] DREAMPlace - iteration  168, ( 168,  0,  0), Obj 5.174641E+08, DensityWeight 5.572624E-09, wHPWL 8.353869E+08, Overflow 8.154627E-01, MaxDensity 7.186E+02, gamma 4.918342E+02, time 6.711ms
[INFO   ] DREAMPlace - full step 58087.129 ms
[INFO   ] DREAMPlace - optimizer step 57.380 ms
[INFO   ] DREAMPlace - iteration  169, ( 169,  0,  0), Obj 5.166328E+08, DensityWeight 5.753195E-09, wHPWL 8.340516E+08, Overflow 8.153879E-01, MaxDensity 7.132E+02, gamma 4.901489E+02, time 6.551ms
[INFO   ] DREAMPlace - full step 71.342 ms
[INFO   ] DREAMPlace - optimizer step 23.066 ms
[INFO   ] DREAMPlace - iteration  170, ( 170,  0,  0), Obj 5.158572E+08, DensityWeight 5.939023E-09, wHPWL 8.329373E+08, Overflow 8.151800E-01, MaxDensity 6.609E+02, gamma 4.899613E+02, time 6.672ms
[INFO   ] DREAMPlace - full step 71.040 ms
[INFO   ] DREAMPlace - optimizer step 29.917 ms
[INFO   ] DREAMPlace - iteration  171, ( 171,  0,  0), Obj 5.146025E+08, DensityWeight 6.130241E-09, wHPWL 8.315272E+08, Overflow 8.152133E-01, MaxDensity 6.555E+02, gamma 4.894403E+02, time 4.210ms
[INFO   ] DREAMPlace - full step 39.253 ms
[INFO   ] DREAMPlace - optimizer step 73.696 ms
[INFO   ] DREAMPlace - iteration  172, ( 172,  0,  0), Obj 5.134220E+08, DensityWeight 6.326982E-09, wHPWL 8.302052E+08, Overflow 8.152547E-01, MaxDensity 7.705E+02, gamma 4.895237E+02, time 6.700ms
[INFO   ] DREAMPlace - full step 85.200 ms
[INFO   ] DREAMPlace - optimizer step 83.159 ms
[INFO   ] DREAMPlace - iteration  173, ( 173,  0,  0), Obj 5.120811E+08, DensityWeight 6.529384E-09, wHPWL 8.288275E+08, Overflow 8.152013E-01, MaxDensity 7.654E+02, gamma 4.896276E+02, time 7.220ms
[INFO   ] DREAMPlace - full step 97.748 ms
[INFO   ] DREAMPlace - optimizer step 78.437 ms
[INFO   ] DREAMPlace - iteration  174, ( 174,  0,  0), Obj 5.108254E+08, DensityWeight 6.737587E-09, wHPWL 8.277920E+08, Overflow 8.152959E-01, MaxDensity 7.299E+02, gamma 4.894937E+02, time 83.169ms
[INFO   ] DREAMPlace - full step 169.394 ms
[INFO   ] DREAMPlace - optimizer step 50.321 ms
[INFO   ] DREAMPlace - iteration  175, ( 175,  0,  0), Obj 5.095462E+08, DensityWeight 6.951734E-09, wHPWL 8.265500E+08, Overflow 8.152186E-01, MaxDensity 7.374E+02, gamma 4.897307E+02, time 6.704ms
[INFO   ] DREAMPlace - full step 59.762 ms
[INFO   ] DREAMPlace - optimizer step 25.226 ms
[INFO   ] DREAMPlace - iteration  176, ( 176,  0,  0), Obj 5.082232E+08, DensityWeight 7.171971E-09, wHPWL 8.255418E+08, Overflow 8.149920E-01, MaxDensity 7.263E+02, gamma 4.895370E+02, time 2.308ms
[INFO   ] DREAMPlace - full step 32.725 ms
[INFO   ] DREAMPlace - optimizer step 56.930 ms
[INFO   ] DREAMPlace - iteration  177, ( 177,  0,  0), Obj 5.069107E+08, DensityWeight 7.398445E-09, wHPWL 8.242835E+08, Overflow 8.146273E-01, MaxDensity 7.821E+02, gamma 4.889697E+02, time 6.639ms
[INFO   ] DREAMPlace - full step 70.936 ms
[INFO   ] DREAMPlace - optimizer step 69.911 ms
[INFO   ] DREAMPlace - iteration  178, ( 178,  0,  0), Obj 5.057743E+08, DensityWeight 7.631306E-09, wHPWL 8.233146E+08, Overflow 8.137618E-01, MaxDensity 8.156E+02, gamma 4.880583E+02, time 6.733ms
[INFO   ] DREAMPlace - full step 83.930 ms
[INFO   ] DREAMPlace - optimizer step 24.958 ms
[INFO   ] DREAMPlace - iteration  179, ( 179,  0,  0), Obj 5.046786E+08, DensityWeight 7.870709E-09, wHPWL 8.222005E+08, Overflow 8.132613E-01, MaxDensity 8.178E+02, gamma 4.859015E+02, time 6.700ms
[INFO   ] DREAMPlace - full step 71.503 ms
[INFO   ] DREAMPlace - optimizer step 25.011 ms
[INFO   ] DREAMPlace - iteration  180, ( 180,  0,  0), Obj 5.039495E+08, DensityWeight 8.116812E-09, wHPWL 8.212834E+08, Overflow 8.125498E-01, MaxDensity 8.038E+02, gamma 4.846588E+02, time 6.688ms
[INFO   ] DREAMPlace - full step 39.045 ms
[INFO   ] DREAMPlace - optimizer step 29.199 ms
[INFO   ] DREAMPlace - iteration  181, ( 181,  0,  0), Obj 5.029376E+08, DensityWeight 8.369772E-09, wHPWL 8.201917E+08, Overflow 8.117632E-01, MaxDensity 7.594E+02, gamma 4.828974E+02, time 4.525ms
[INFO   ] DREAMPlace - full step 74.704 ms
[INFO   ] DREAMPlace - optimizer step 59.386 ms
[INFO   ] DREAMPlace - iteration  182, ( 182,  0,  0), Obj 5.020372E+08, DensityWeight 8.629754E-09, wHPWL 8.191297E+08, Overflow 8.112525E-01, MaxDensity 8.158E+02, gamma 4.809578E+02, time 6.858ms
[INFO   ] DREAMPlace - full step 73.615 ms
[INFO   ] DREAMPlace - optimizer step 55.152 ms
[INFO   ] DREAMPlace - iteration  183, ( 183,  0,  0), Obj 5.011301E+08, DensityWeight 8.896921E-09, wHPWL 8.178587E+08, Overflow 8.105119E-01, MaxDensity 8.223E+02, gamma 4.797026E+02, time 6.685ms
[INFO   ] DREAMPlace - full step 67.036 ms
[INFO   ] DREAMPlace - optimizer step 25.005 ms
[INFO   ] DREAMPlace - iteration  184, ( 184,  0,  0), Obj 5.001513E+08, DensityWeight 9.171440E-09, wHPWL 8.168803E+08, Overflow 8.096161E-01, MaxDensity 8.539E+02, gamma 4.778882E+02, time 6.703ms
[INFO   ] DREAMPlace - full step 39.003 ms
[INFO   ] DREAMPlace - optimizer step 29.513 ms
[INFO   ] DREAMPlace - iteration  185, ( 185,  0,  0), Obj 4.992173E+08, DensityWeight 9.453487E-09, wHPWL 8.156067E+08, Overflow 8.084269E-01, MaxDensity 8.421E+02, gamma 4.757027E+02, time 6.699ms
[INFO   ] DREAMPlace - full step 43.519 ms
[INFO   ] DREAMPlace - optimizer step 28.433 ms
[INFO   ] DREAMPlace - iteration  186, ( 186,  0,  0), Obj 4.984683E+08, DensityWeight 9.743232E-09, wHPWL 8.145605E+08, Overflow 8.073667E-01, MaxDensity 7.532E+02, gamma 4.728168E+02, time 48.122ms
[INFO   ] DREAMPlace - full step 83.837 ms
[INFO   ] DREAMPlace - optimizer step 144.867 ms
[INFO   ] DREAMPlace - iteration  187, ( 187,  0,  0), Obj 4.978834E+08, DensityWeight 1.004085E-08, wHPWL 8.133658E+08, Overflow 8.064522E-01, MaxDensity 7.501E+02, gamma 4.702588E+02, time 9.197ms
[INFO   ] DREAMPlace - full step 161.380 ms
[INFO   ] DREAMPlace - optimizer step 24.811 ms
[INFO   ] DREAMPlace - iteration  188, ( 188,  0,  0), Obj 4.972972E+08, DensityWeight 1.034653E-08, wHPWL 8.123797E+08, Overflow 8.054568E-01, MaxDensity 7.520E+02, gamma 4.680632E+02, time 6.791ms
[INFO   ] DREAMPlace - full step 38.941 ms
[INFO   ] DREAMPlace - optimizer step 29.545 ms
[INFO   ] DREAMPlace - iteration  189, ( 189,  0,  0), Obj 4.965014E+08, DensityWeight 1.066045E-08, wHPWL 8.110615E+08, Overflow 8.047851E-01, MaxDensity 7.971E+02, gamma 4.656854E+02, time 6.681ms
[INFO   ] DREAMPlace - full step 43.604 ms
[INFO   ] DREAMPlace - optimizer step 24.988 ms
[INFO   ] DREAMPlace - iteration  190, ( 190,  0,  0), Obj 4.957984E+08, DensityWeight 1.098279E-08, wHPWL 8.098541E+08, Overflow 8.042765E-01, MaxDensity 8.245E+02, gamma 4.640877E+02, time 6.739ms
[INFO   ] DREAMPlace - full step 37.323 ms
[INFO   ] DREAMPlace - optimizer step 141.946 ms
[INFO   ] DREAMPlace - iteration  191, ( 191,  0,  0), Obj 4.948849E+08, DensityWeight 1.131375E-08, wHPWL 8.085581E+08, Overflow 8.043752E-01, MaxDensity 7.973E+02, gamma 4.628816E+02, time 6.757ms
[INFO   ] DREAMPlace - full step 153.835 ms
[INFO   ] DREAMPlace - optimizer step 23.688 ms
[INFO   ] DREAMPlace - iteration  192, ( 192,  0,  0), Obj 4.939264E+08, DensityWeight 1.165352E-08, wHPWL 8.074518E+08, Overflow 8.042099E-01, MaxDensity 7.528E+02, gamma 4.631153E+02, time 16.663ms
[INFO   ] DREAMPlace - full step 47.682 ms
[INFO   ] DREAMPlace - optimizer step 25.050 ms
[INFO   ] DREAMPlace - iteration  193, ( 193,  0,  0), Obj 4.924973E+08, DensityWeight 1.200229E-08, wHPWL 8.061243E+08, Overflow 8.040776E-01, MaxDensity 8.052E+02, gamma 4.627237E+02, time 6.670ms
[INFO   ] DREAMPlace - full step 38.928 ms
[INFO   ] DREAMPlace - optimizer step 25.199 ms
[INFO   ] DREAMPlace - iteration  194, ( 194,  0,  0), Obj 4.912656E+08, DensityWeight 1.236026E-08, wHPWL 8.049207E+08, Overflow 8.038580E-01, MaxDensity 8.097E+02, gamma 4.624107E+02, time 45.445ms
[INFO   ] DREAMPlace - full step 78.019 ms
[INFO   ] DREAMPlace - optimizer step 61.692 ms
[INFO   ] DREAMPlace - iteration  195, ( 195,  0,  0), Obj 4.900590E+08, DensityWeight 1.272764E-08, wHPWL 8.037421E+08, Overflow 8.037032E-01, MaxDensity 8.034E+02, gamma 4.618912E+02, time 6.665ms
[INFO   ] DREAMPlace - full step 75.701 ms
[INFO   ] DREAMPlace - optimizer step 64.048 ms
[INFO   ] DREAMPlace - iteration  196, ( 196,  0,  0), Obj 4.890204E+08, DensityWeight 1.310462E-08, wHPWL 8.028815E+08, Overflow 8.031206E-01, MaxDensity 8.985E+02, gamma 4.615256E+02, time 6.724ms
[INFO   ] DREAMPlace - full step 78.137 ms
[INFO   ] DREAMPlace - optimizer step 24.954 ms
[INFO   ] DREAMPlace - iteration  197, ( 197,  0,  0), Obj 4.878505E+08, DensityWeight 1.349142E-08, wHPWL 8.017658E+08, Overflow 8.029077E-01, MaxDensity 8.960E+02, gamma 4.601517E+02, time 6.712ms
[INFO   ] DREAMPlace - full step 78.696 ms
[INFO   ] DREAMPlace - optimizer step 24.952 ms
[INFO   ] DREAMPlace - iteration  198, ( 198,  0,  0), Obj 4.869902E+08, DensityWeight 1.388825E-08, wHPWL 8.007774E+08, Overflow 8.022261E-01, MaxDensity 8.472E+02, gamma 4.596508E+02, time 6.707ms
[INFO   ] DREAMPlace - full step 38.995 ms
[INFO   ] DREAMPlace - optimizer step 35.308 ms
[INFO   ] DREAMPlace - iteration  199, ( 199,  0,  0), Obj 4.858976E+08, DensityWeight 1.429532E-08, wHPWL 7.997196E+08, Overflow 8.020445E-01, MaxDensity 7.965E+02, gamma 4.580505E+02, time 100.483ms
[INFO   ] DREAMPlace - full step 141.433 ms
[INFO   ] DREAMPlace - optimizer step 24.859 ms
[INFO   ] DREAMPlace - iteration  200, ( 200,  0,  0), Obj 4.851370E+08, DensityWeight 1.471285E-08, wHPWL 7.987896E+08, Overflow 8.019342E-01, MaxDensity 7.903E+02, gamma 4.576251E+02, time 49.177ms
[INFO   ] DREAMPlace - full step 81.378 ms
[INFO   ] DREAMPlace - optimizer step 62.785 ms
[INFO   ] DREAMPlace - iteration  201, ( 201,  0,  0), Obj 4.840317E+08, DensityWeight 1.514107E-08, wHPWL 7.977347E+08, Overflow 8.018519E-01, MaxDensity 8.322E+02, gamma 4.573670E+02, time 7.478ms
[INFO   ] DREAMPlace - full step 77.567 ms
[INFO   ] DREAMPlace - optimizer step 61.061 ms
[INFO   ] DREAMPlace - iteration  202, ( 202,  0,  0), Obj 4.828807E+08, DensityWeight 1.558018E-08, wHPWL 7.967681E+08, Overflow 8.018976E-01, MaxDensity 8.575E+02, gamma 4.571742E+02, time 6.709ms
[INFO   ] DREAMPlace - full step 75.107 ms
[INFO   ] DREAMPlace - optimizer step 24.923 ms
[INFO   ] DREAMPlace - iteration  203, ( 203,  0,  0), Obj 4.816417E+08, DensityWeight 1.603201E-08, wHPWL 7.955708E+08, Overflow 8.016863E-01, MaxDensity 8.569E+02, gamma 4.572812E+02, time 6.713ms
[INFO   ] DREAMPlace - full step 38.998 ms
[INFO   ] DREAMPlace - optimizer step 27.422 ms
[INFO   ] DREAMPlace - iteration  204, ( 204,  0,  0), Obj 4.804376E+08, DensityWeight 1.649694E-08, wHPWL 7.947114E+08, Overflow 8.011073E-01, MaxDensity 8.191E+02, gamma 4.567871E+02, time 6.557ms
[INFO   ] DREAMPlace - full step 41.314 ms
[INFO   ] DREAMPlace - optimizer step 24.899 ms
[INFO   ] DREAMPlace - iteration  205, ( 205,  0,  0), Obj 4.793504E+08, DensityWeight 1.697535E-08, wHPWL 7.936760E+08, Overflow 8.006188E-01, MaxDensity 7.878E+02, gamma 4.554359E+02, time 6.708ms
[INFO   ] DREAMPlace - full step 37.221 ms
[INFO   ] DREAMPlace - optimizer step 20.628 ms
[INFO   ] DREAMPlace - iteration  206, ( 206,  0,  0), Obj 4.785982E+08, DensityWeight 1.746764E-08, wHPWL 7.929154E+08, Overflow 7.999469E-01, MaxDensity 8.388E+02, gamma 4.542987E+02, time 48.065ms
[INFO   ] DREAMPlace - full step 76.002 ms
[INFO   ] DREAMPlace - optimizer step 64.743 ms
[INFO   ] DREAMPlace - iteration  207, ( 207,  0,  0), Obj 4.777558E+08, DensityWeight 1.797420E-08, wHPWL 7.920083E+08, Overflow 7.994394E-01, MaxDensity 8.565E+02, gamma 4.527396E+02, time 6.679ms
[INFO   ] DREAMPlace - full step 78.773 ms
[INFO   ] DREAMPlace - optimizer step 24.422 ms
[INFO   ] DREAMPlace - iteration  208, ( 208,  0,  0), Obj 4.770359E+08, DensityWeight 1.849545E-08, wHPWL 7.911745E+08, Overflow 7.991731E-01, MaxDensity 8.539E+02, gamma 4.515653E+02, time 6.561ms
[INFO   ] DREAMPlace - full step 38.290 ms
[INFO   ] DREAMPlace - optimizer step 23.759 ms
[INFO   ] DREAMPlace - iteration  209, ( 209,  0,  0), Obj 4.761416E+08, DensityWeight 1.903182E-08, wHPWL 7.901069E+08, Overflow 7.990925E-01, MaxDensity 8.207E+02, gamma 4.509504E+02, time 6.586ms
[INFO   ] DREAMPlace - full step 37.668 ms
[INFO   ] DREAMPlace - optimizer step 11.126 ms
[INFO   ] DREAMPlace - iteration  210, ( 210,  0,  0), Obj 4.751431E+08, DensityWeight 1.958374E-08, wHPWL 7.892289E+08, Overflow 7.993025E-01, MaxDensity 7.750E+02, gamma 4.507645E+02, time 50.898ms
[INFO   ] DREAMPlace - full step 67.176 ms
[INFO   ] DREAMPlace - optimizer step 63.334 ms
[INFO   ] DREAMPlace - iteration  211, ( 211,  0,  0), Obj 4.739408E+08, DensityWeight 2.015167E-08, wHPWL 7.881123E+08, Overflow 7.993498E-01, MaxDensity 7.997E+02, gamma 4.512492E+02, time 6.696ms
[INFO   ] DREAMPlace - full step 77.361 ms
[INFO   ] DREAMPlace - optimizer step 23.806 ms
[INFO   ] DREAMPlace - iteration  212, ( 212,  0,  0), Obj 4.726108E+08, DensityWeight 2.073607E-08, wHPWL 7.872244E+08, Overflow 7.992104E-01, MaxDensity 8.171E+02, gamma 4.513585E+02, time 6.401ms
[INFO   ] DREAMPlace - full step 78.600 ms
[INFO   ] DREAMPlace - optimizer step 24.915 ms
[INFO   ] DREAMPlace - iteration  213, ( 213,  0,  0), Obj 4.713297E+08, DensityWeight 2.133742E-08, wHPWL 7.861549E+08, Overflow 7.992610E-01, MaxDensity 8.126E+02, gamma 4.510367E+02, time 6.702ms
[INFO   ] DREAMPlace - full step 37.748 ms
[INFO   ] DREAMPlace - optimizer step 24.903 ms
[INFO   ] DREAMPlace - iteration  214, ( 214,  0,  0), Obj 4.702922E+08, DensityWeight 2.195621E-08, wHPWL 7.854238E+08, Overflow 7.991506E-01, MaxDensity 7.962E+02, gamma 4.511534E+02, time 45.569ms
[INFO   ] DREAMPlace - full step 77.815 ms
[INFO   ] DREAMPlace - optimizer step 60.397 ms
[INFO   ] DREAMPlace - iteration  215, ( 215,  0,  0), Obj 4.691005E+08, DensityWeight 2.259294E-08, wHPWL 7.845838E+08, Overflow 7.991769E-01, MaxDensity 7.468E+02, gamma 4.508987E+02, time 10.173ms
[INFO   ] DREAMPlace - full step 78.152 ms
[INFO   ] DREAMPlace - optimizer step 63.463 ms
[INFO   ] DREAMPlace - iteration  216, ( 216,  0,  0), Obj 4.680049E+08, DensityWeight 2.324813E-08, wHPWL 7.838067E+08, Overflow 7.992418E-01, MaxDensity 7.262E+02, gamma 4.509592E+02, time 9.478ms
[INFO   ] DREAMPlace - full step 79.931 ms
[INFO   ] DREAMPlace - optimizer step 25.748 ms
[INFO   ] DREAMPlace - iteration  217, ( 217,  0,  0), Obj 4.667641E+08, DensityWeight 2.392233E-08, wHPWL 7.828390E+08, Overflow 7.993842E-01, MaxDensity 7.421E+02, gamma 4.511090E+02, time 6.702ms
[INFO   ] DREAMPlace - full step 86.045 ms
[INFO   ] DREAMPlace - optimizer step 14.767 ms
[INFO   ] DREAMPlace - iteration  218, ( 218,  0,  0), Obj 4.655671E+08, DensityWeight 2.461608E-08, wHPWL 7.821021E+08, Overflow 7.995520E-01, MaxDensity 7.212E+02, gamma 4.514379E+02, time 2.460ms
[INFO   ] DREAMPlace - full step 22.415 ms
[INFO   ] DREAMPlace - optimizer step 62.147 ms
[INFO   ] DREAMPlace - iteration  219, ( 219,  0,  0), Obj 4.642690E+08, DensityWeight 2.532995E-08, wHPWL 7.811942E+08, Overflow 7.998825E-01, MaxDensity 7.590E+02, gamma 4.518258E+02, time 2.266ms
[INFO   ] DREAMPlace - full step 65.024 ms
[INFO   ] DREAMPlace - optimizer step 24.909 ms
[INFO   ] DREAMPlace - iteration  220, ( 220,  0,  0), Obj 4.630118E+08, DensityWeight 2.606452E-08, wHPWL 7.804965E+08, Overflow 7.998440E-01, MaxDensity 6.755E+02, gamma 4.525904E+02, time 5.534ms
[INFO   ] DREAMPlace - full step 37.798 ms
[INFO   ] DREAMPlace - optimizer step 66.011 ms
[INFO   ] DREAMPlace - iteration  221, ( 221,  0,  0), Obj 4.615904E+08, DensityWeight 2.682039E-08, wHPWL 7.796153E+08, Overflow 7.999349E-01, MaxDensity 6.140E+02, gamma 4.525012E+02, time 6.701ms
[INFO   ] DREAMPlace - full step 77.855 ms
[INFO   ] DREAMPlace - optimizer step 56.799 ms
[INFO   ] DREAMPlace - iteration  222, ( 222,  0,  0), Obj 4.604663E+08, DensityWeight 2.759818E-08, wHPWL 7.789176E+08, Overflow 7.998046E-01, MaxDensity 5.801E+02, gamma 4.527119E+02, time 6.894ms
[INFO   ] DREAMPlace - full step 66.563 ms
[INFO   ] DREAMPlace - optimizer step 24.941 ms
[INFO   ] DREAMPlace - iteration  223, ( 223,  0,  0), Obj 4.592700E+08, DensityWeight 2.839853E-08, wHPWL 7.781713E+08, Overflow 7.994698E-01, MaxDensity 6.893E+02, gamma 4.524099E+02, time 5.668ms
[INFO   ] DREAMPlace - full step 37.980 ms
[I] plotting to conn_results/bigblue4/plot/iter0224.png takes 100.636 seconds
[INFO   ] DREAMPlace - plotting to conn_results/bigblue4/plot/iter0224.png takes 101.484 seconds
[INFO   ] DREAMPlace - optimizer step 26.191 ms
[INFO   ] DREAMPlace - iteration  224, ( 224,  0,  0), Obj 4.582559E+08, DensityWeight 2.922209E-08, wHPWL 7.775785E+08, Overflow 7.991733E-01, MaxDensity 6.816E+02, gamma 4.516356E+02, time 46.550ms
[INFO   ] DREAMPlace - full step 101588.764 ms
[INFO   ] DREAMPlace - optimizer step 53.962 ms
[INFO   ] DREAMPlace - iteration  225, ( 225,  0,  0), Obj 4.573228E+08, DensityWeight 3.006953E-08, wHPWL 7.767670E+08, Overflow 7.990647E-01, MaxDensity 6.820E+02, gamma 4.509509E+02, time 6.415ms
[INFO   ] DREAMPlace - full step 67.751 ms
[INFO   ] DREAMPlace - optimizer step 60.332 ms
[INFO   ] DREAMPlace - iteration  226, ( 226,  0,  0), Obj 4.564473E+08, DensityWeight 3.094155E-08, wHPWL 7.761964E+08, Overflow 7.989233E-01, MaxDensity 6.316E+02, gamma 4.507004E+02, time 6.578ms
[INFO   ] DREAMPlace - full step 74.193 ms
[INFO   ] DREAMPlace - optimizer step 29.149 ms
[INFO   ] DREAMPlace - iteration  227, ( 227,  0,  0), Obj 4.553678E+08, DensityWeight 3.183885E-08, wHPWL 7.753715E+08, Overflow 7.986524E-01, MaxDensity 7.340E+02, gamma 4.503745E+02, time 6.645ms
[INFO   ] DREAMPlace - full step 43.018 ms
[INFO   ] DREAMPlace - optimizer step 29.335 ms
[INFO   ] DREAMPlace - iteration  228, ( 228,  0,  0), Obj 4.543283E+08, DensityWeight 3.276218E-08, wHPWL 7.746440E+08, Overflow 7.987982E-01, MaxDensity 7.096E+02, gamma 4.497505E+02, time 15.390ms
[INFO   ] DREAMPlace - full step 51.969 ms
[INFO   ] DREAMPlace - optimizer step 24.513 ms
[INFO   ] DREAMPlace - iteration  229, ( 229,  0,  0), Obj 4.533619E+08, DensityWeight 3.371229E-08, wHPWL 7.737804E+08, Overflow 7.987612E-01, MaxDensity 6.615E+02, gamma 4.500862E+02, time 6.685ms
[INFO   ] DREAMPlace - full step 38.451 ms
[INFO   ] DREAMPlace - optimizer step 24.523 ms
[INFO   ] DREAMPlace - iteration  230, ( 230,  0,  0), Obj 4.522195E+08, DensityWeight 3.468994E-08, wHPWL 7.732243E+08, Overflow 7.984877E-01, MaxDensity 5.909E+02, gamma 4.500011E+02, time 46.583ms
[INFO   ] DREAMPlace - full step 78.367 ms
[INFO   ] DREAMPlace - optimizer step 62.403 ms
[INFO   ] DREAMPlace - iteration  231, ( 231,  0,  0), Obj 4.510778E+08, DensityWeight 3.569595E-08, wHPWL 7.723192E+08, Overflow 7.983704E-01, MaxDensity 6.637E+02, gamma 4.493718E+02, time 6.572ms
[INFO   ] DREAMPlace - full step 76.213 ms
[INFO   ] DREAMPlace - optimizer step 60.619 ms
[INFO   ] DREAMPlace - iteration  232, ( 232,  0,  0), Obj 4.501860E+08, DensityWeight 3.673114E-08, wHPWL 7.716563E+08, Overflow 7.985106E-01, MaxDensity 6.661E+02, gamma 4.491022E+02, time 6.601ms
[INFO   ] DREAMPlace - full step 74.467 ms
[INFO   ] DREAMPlace - optimizer step 73.498 ms
[INFO   ] DREAMPlace - iteration  233, ( 233,  0,  0), Obj 4.492178E+08, DensityWeight 3.779634E-08, wHPWL 7.709578E+08, Overflow 7.986532E-01, MaxDensity 6.237E+02, gamma 4.494245E+02, time 6.577ms
[INFO   ] DREAMPlace - full step 85.946 ms
[INFO   ] DREAMPlace - optimizer step 24.630 ms
[INFO   ] DREAMPlace - iteration  234, ( 234,  0,  0), Obj 4.480809E+08, DensityWeight 3.889243E-08, wHPWL 7.703570E+08, Overflow 7.983164E-01, MaxDensity 5.607E+02, gamma 4.497526E+02, time 6.641ms
[INFO   ] DREAMPlace - full step 84.490 ms
[INFO   ] DREAMPlace - optimizer step 24.651 ms
[INFO   ] DREAMPlace - iteration  235, ( 235,  0,  0), Obj 4.468248E+08, DensityWeight 4.002032E-08, wHPWL 7.694068E+08, Overflow 7.983148E-01, MaxDensity 6.032E+02, gamma 4.489781E+02, time 6.540ms
[INFO   ] DREAMPlace - full step 38.506 ms
[INFO   ] DREAMPlace - optimizer step 24.608 ms
[INFO   ] DREAMPlace - iteration  236, ( 236,  0,  0), Obj 4.460085E+08, DensityWeight 4.118091E-08, wHPWL 7.687461E+08, Overflow 7.980264E-01, MaxDensity 6.303E+02, gamma 4.489744E+02, time 6.638ms
[INFO   ] DREAMPlace - full step 38.434 ms
[INFO   ] DREAMPlace - optimizer step 24.541 ms
[INFO   ] DREAMPlace - iteration  237, ( 237,  0,  0), Obj 4.450517E+08, DensityWeight 4.237516E-08, wHPWL 7.681916E+08, Overflow 7.976919E-01, MaxDensity 6.196E+02, gamma 4.483123E+02, time 44.431ms
[INFO   ] DREAMPlace - full step 76.220 ms
[INFO   ] DREAMPlace - optimizer step 66.584 ms
[INFO   ] DREAMPlace - iteration  238, ( 238,  0,  0), Obj 4.442624E+08, DensityWeight 4.360404E-08, wHPWL 7.676509E+08, Overflow 7.969877E-01, MaxDensity 5.691E+02, gamma 4.475457E+02, time 6.630ms
[INFO   ] DREAMPlace - full step 80.437 ms
[INFO   ] DREAMPlace - optimizer step 60.588 ms
[INFO   ] DREAMPlace - iteration  239, ( 239,  0,  0), Obj 4.434415E+08, DensityWeight 4.486855E-08, wHPWL 7.668659E+08, Overflow 7.965850E-01, MaxDensity 5.863E+02, gamma 4.459358E+02, time 6.583ms
[INFO   ] DREAMPlace - full step 74.442 ms
[INFO   ] DREAMPlace - optimizer step 24.542 ms
[INFO   ] DREAMPlace - iteration  240, ( 240,  0,  0), Obj 4.429687E+08, DensityWeight 4.616974E-08, wHPWL 7.663146E+08, Overflow 7.961144E-01, MaxDensity 6.167E+02, gamma 4.450179E+02, time 6.737ms
[INFO   ] DREAMPlace - full step 77.497 ms
[INFO   ] DREAMPlace - optimizer step 24.628 ms
[INFO   ] DREAMPlace - iteration  241, ( 241,  0,  0), Obj 4.423058E+08, DensityWeight 4.750867E-08, wHPWL 7.657061E+08, Overflow 7.959583E-01, MaxDensity 6.250E+02, gamma 4.439478E+02, time 6.108ms
[INFO   ] DREAMPlace - full step 42.659 ms
[INFO   ] DREAMPlace - optimizer step 24.627 ms
[INFO   ] DREAMPlace - iteration  242, ( 242,  0,  0), Obj 4.416630E+08, DensityWeight 4.888642E-08, wHPWL 7.650925E+08, Overflow 7.955064E-01, MaxDensity 5.807E+02, gamma 4.435934E+02, time 6.646ms
[INFO   ] DREAMPlace - full step 37.462 ms
[INFO   ] DREAMPlace - optimizer step 56.126 ms
[INFO   ] DREAMPlace - iteration  243, ( 243,  0,  0), Obj 4.407381E+08, DensityWeight 5.030413E-08, wHPWL 7.642481E+08, Overflow 7.954038E-01, MaxDensity 5.658E+02, gamma 4.425687E+02, time 6.585ms
[INFO   ] DREAMPlace - full step 69.948 ms
[INFO   ] DREAMPlace - optimizer step 79.437 ms
[INFO   ] DREAMPlace - iteration  244, ( 244,  0,  0), Obj 4.400705E+08, DensityWeight 5.176295E-08, wHPWL 7.635674E+08, Overflow 7.952264E-01, MaxDensity 5.968E+02, gamma 4.423364E+02, time 5.219ms
[INFO   ] DREAMPlace - full step 94.026 ms
[INFO   ] DREAMPlace - optimizer step 56.052 ms
[INFO   ] DREAMPlace - iteration  245, ( 245,  0,  0), Obj 4.392021E+08, DensityWeight 5.326408E-08, wHPWL 7.629048E+08, Overflow 7.950741E-01, MaxDensity 5.642E+02, gamma 4.419350E+02, time 6.648ms
[INFO   ] DREAMPlace - full step 69.957 ms
[INFO   ] DREAMPlace - optimizer step 24.540 ms
[INFO   ] DREAMPlace - iteration  246, ( 246,  0,  0), Obj 4.383861E+08, DensityWeight 5.480874E-08, wHPWL 7.623286E+08, Overflow 7.946708E-01, MaxDensity 5.621E+02, gamma 4.415908E+02, time 6.684ms
[INFO   ] DREAMPlace - full step 78.122 ms
[INFO   ] DREAMPlace - optimizer step 35.409 ms
[INFO   ] DREAMPlace - iteration  247, ( 247,  0,  0), Obj 4.374913E+08, DensityWeight 5.639819E-08, wHPWL 7.615508E+08, Overflow 7.944865E-01, MaxDensity 5.084E+02, gamma 4.406804E+02, time 6.623ms
[INFO   ] DREAMPlace - full step 89.874 ms
[INFO   ] DREAMPlace - optimizer step 24.616 ms
[INFO   ] DREAMPlace - iteration  248, ( 248,  0,  0), Obj 4.368458E+08, DensityWeight 5.803374E-08, wHPWL 7.609973E+08, Overflow 7.942302E-01, MaxDensity 5.390E+02, gamma 4.402651E+02, time 6.649ms
[INFO   ] DREAMPlace - full step 38.507 ms
[INFO   ] DREAMPlace - optimizer step 24.597 ms
[INFO   ] DREAMPlace - iteration  249, ( 249,  0,  0), Obj 4.360533E+08, DensityWeight 5.971673E-08, wHPWL 7.603999E+08, Overflow 7.940692E-01, MaxDensity 5.122E+02, gamma 4.396881E+02, time 38.100ms
[INFO   ] DREAMPlace - full step 69.931 ms
[INFO   ] DREAMPlace - optimizer step 60.289 ms
[INFO   ] DREAMPlace - iteration  250, ( 250,  0,  0), Obj 4.353006E+08, DensityWeight 6.144851E-08, wHPWL 7.598636E+08, Overflow 7.934966E-01, MaxDensity 5.251E+02, gamma 4.393261E+02, time 6.626ms
[INFO   ] DREAMPlace - full step 74.175 ms
[INFO   ] DREAMPlace - optimizer step 58.356 ms
[INFO   ] DREAMPlace - iteration  251, ( 251,  0,  0), Obj 4.344247E+08, DensityWeight 6.323052E-08, wHPWL 7.591379E+08, Overflow 7.931570E-01, MaxDensity 5.235E+02, gamma 4.380408E+02, time 11.197ms
[INFO   ] DREAMPlace - full step 76.825 ms
[INFO   ] DREAMPlace - optimizer step 33.575 ms
[INFO   ] DREAMPlace - iteration  252, ( 252,  0,  0), Obj 4.339015E+08, DensityWeight 6.506421E-08, wHPWL 7.586081E+08, Overflow 7.924009E-01, MaxDensity 4.774E+02, gamma 4.372802E+02, time 6.603ms
[INFO   ] DREAMPlace - full step 47.461 ms
[INFO   ] DREAMPlace - optimizer step 26.995 ms
[INFO   ] DREAMPlace - iteration  253, ( 253,  0,  0), Obj 4.332542E+08, DensityWeight 6.695108E-08, wHPWL 7.580896E+08, Overflow 7.915339E-01, MaxDensity 4.915E+02, gamma 4.355916E+02, time 6.613ms
[INFO   ] DREAMPlace - full step 40.864 ms
[INFO   ] DREAMPlace - optimizer step 24.745 ms
[INFO   ] DREAMPlace - iteration  254, ( 254,  0,  0), Obj 4.328837E+08, DensityWeight 6.889267E-08, wHPWL 7.576024E+08, Overflow 7.906600E-01, MaxDensity 4.781E+02, gamma 4.336634E+02, time 6.652ms
[INFO   ] DREAMPlace - full step 37.088 ms
[INFO   ] DREAMPlace - optimizer step 31.111 ms
[INFO   ] DREAMPlace - iteration  255, ( 255,  0,  0), Obj 4.325736E+08, DensityWeight 7.089056E-08, wHPWL 7.569867E+08, Overflow 7.898955E-01, MaxDensity 4.959E+02, gamma 4.317287E+02, time 48.846ms
[INFO   ] DREAMPlace - full step 87.280 ms
[INFO   ] DREAMPlace - optimizer step 24.448 ms
[INFO   ] DREAMPlace - iteration  256, ( 256,  0,  0), Obj 4.323368E+08, DensityWeight 7.294638E-08, wHPWL 7.565574E+08, Overflow 7.893100E-01, MaxDensity 4.666E+02, gamma 4.300430E+02, time 44.517ms
[INFO   ] DREAMPlace - full step 76.268 ms
[INFO   ] DREAMPlace - optimizer step 60.313 ms
[INFO   ] DREAMPlace - iteration  257, ( 257,  0,  0), Obj 4.319480E+08, DensityWeight 7.506183E-08, wHPWL 7.558883E+08, Overflow 7.886101E-01, MaxDensity 5.088E+02, gamma 4.287567E+02, time 6.585ms
[INFO   ] DREAMPlace - full step 74.155 ms
[INFO   ] DREAMPlace - optimizer step 62.959 ms
[INFO   ] DREAMPlace - iteration  258, ( 258,  0,  0), Obj 4.314453E+08, DensityWeight 7.723863E-08, wHPWL 7.552879E+08, Overflow 7.881784E-01, MaxDensity 5.102E+02, gamma 4.272239E+02, time 6.633ms
[INFO   ] DREAMPlace - full step 76.826 ms
[INFO   ] DREAMPlace - optimizer step 23.246 ms
[INFO   ] DREAMPlace - iteration  259, ( 259,  0,  0), Obj 4.309789E+08, DensityWeight 7.947855E-08, wHPWL 7.545100E+08, Overflow 7.880531E-01, MaxDensity 4.671E+02, gamma 4.262814E+02, time 12.199ms
[INFO   ] DREAMPlace - full step 80.445 ms
[INFO   ] DREAMPlace - optimizer step 71.055 ms
[INFO   ] DREAMPlace - iteration  260, ( 260,  0,  0), Obj 4.304316E+08, DensityWeight 8.178343E-08, wHPWL 7.540149E+08, Overflow 7.878434E-01, MaxDensity 4.492E+02, gamma 4.260080E+02, time 6.566ms
[INFO   ] DREAMPlace - full step 84.845 ms
[INFO   ] DREAMPlace - optimizer step 27.005 ms
[INFO   ] DREAMPlace - iteration  261, ( 261,  0,  0), Obj 4.295945E+08, DensityWeight 8.415515E-08, wHPWL 7.533162E+08, Overflow 7.874559E-01, MaxDensity 4.846E+02, gamma 4.255511E+02, time 6.597ms
[INFO   ] DREAMPlace - full step 40.836 ms
[INFO   ] DREAMPlace - optimizer step 29.119 ms
[INFO   ] DREAMPlace - iteration  262, ( 262,  0,  0), Obj 4.288055E+08, DensityWeight 8.659566E-08, wHPWL 7.526579E+08, Overflow 7.872496E-01, MaxDensity 4.524E+02, gamma 4.247083E+02, time 6.618ms
[INFO   ] DREAMPlace - full step 42.971 ms
[INFO   ] DREAMPlace - optimizer step 24.586 ms
[INFO   ] DREAMPlace - iteration  263, ( 263,  0,  0), Obj 4.281721E+08, DensityWeight 8.910693E-08, wHPWL 7.519925E+08, Overflow 7.869818E-01, MaxDensity 4.694E+02, gamma 4.242602E+02, time 6.594ms
[INFO   ] DREAMPlace - full step 34.580 ms
[INFO   ] DREAMPlace - optimizer step 46.378 ms
[INFO   ] DREAMPlace - iteration  264, ( 264,  0,  0), Obj 4.275241E+08, DensityWeight 9.169104E-08, wHPWL 7.516410E+08, Overflow 7.866475E-01, MaxDensity 4.665E+02, gamma 4.236791E+02, time 2.228ms
[INFO   ] DREAMPlace - full step 49.208 ms
[INFO   ] DREAMPlace - optimizer step 4.616 ms
[INFO   ] DREAMPlace - iteration  265, ( 265,  0,  0), Obj 4.268204E+08, DensityWeight 9.435008E-08, wHPWL 7.510327E+08, Overflow 7.862470E-01, MaxDensity 4.465E+02, gamma 4.229551E+02, time 2.227ms
[INFO   ] DREAMPlace - full step 7.403 ms
[INFO   ] DREAMPlace - optimizer step 4.570 ms
[INFO   ] DREAMPlace - iteration  266, ( 266,  0,  0), Obj 4.261910E+08, DensityWeight 9.708624E-08, wHPWL 7.505421E+08, Overflow 7.858824E-01, MaxDensity 4.493E+02, gamma 4.220891E+02, time 2.234ms
[INFO   ] DREAMPlace - full step 7.328 ms
[INFO   ] DREAMPlace - optimizer step 5.989 ms
[INFO   ] DREAMPlace - iteration  267, ( 267,  0,  0), Obj 4.256140E+08, DensityWeight 9.990174E-08, wHPWL 7.500008E+08, Overflow 7.854133E-01, MaxDensity 4.376E+02, gamma 4.213024E+02, time 2.203ms
[INFO   ] DREAMPlace - full step 8.693 ms
[INFO   ] DREAMPlace - optimizer step 6.922 ms
[INFO   ] DREAMPlace - iteration  268, ( 268,  0,  0), Obj 4.250810E+08, DensityWeight 1.027989E-07, wHPWL 7.496726E+08, Overflow 7.846190E-01, MaxDensity 4.379E+02, gamma 4.202924E+02, time 2.253ms
[INFO   ] DREAMPlace - full step 9.700 ms
[INFO   ] DREAMPlace - optimizer step 8.763 ms
[INFO   ] DREAMPlace - iteration  269, ( 269,  0,  0), Obj 4.245610E+08, DensityWeight 1.057801E-07, wHPWL 7.491537E+08, Overflow 7.839204E-01, MaxDensity 4.335E+02, gamma 4.185876E+02, time 2.206ms
[INFO   ] DREAMPlace - full step 11.511 ms
[INFO   ] DREAMPlace - optimizer step 51.044 ms
[INFO   ] DREAMPlace - iteration  270, ( 270,  0,  0), Obj 4.243286E+08, DensityWeight 1.088477E-07, wHPWL 7.487948E+08, Overflow 7.831263E-01, MaxDensity 4.613E+02, gamma 4.170941E+02, time 2.722ms
[INFO   ] DREAMPlace - full step 54.274 ms
[INFO   ] DREAMPlace - optimizer step 4.797 ms
[INFO   ] DREAMPlace - iteration  271, ( 271,  0,  0), Obj 4.240541E+08, DensityWeight 1.120043E-07, wHPWL 7.484132E+08, Overflow 7.824481E-01, MaxDensity 4.101E+02, gamma 4.154027E+02, time 2.208ms
[INFO   ] DREAMPlace - full step 7.588 ms
[INFO   ] DREAMPlace - optimizer step 10.805 ms
[INFO   ] DREAMPlace - iteration  272, ( 272,  0,  0), Obj 4.238474E+08, DensityWeight 1.152524E-07, wHPWL 7.480803E+08, Overflow 7.817804E-01, MaxDensity 4.048E+02, gamma 4.139635E+02, time 2.273ms
[INFO   ] DREAMPlace - full step 13.697 ms
[INFO   ] DREAMPlace - optimizer step 4.748 ms
[INFO   ] DREAMPlace - iteration  273, ( 273,  0,  0), Obj 4.234991E+08, DensityWeight 1.185947E-07, wHPWL 7.475462E+08, Overflow 7.811574E-01, MaxDensity 4.078E+02, gamma 4.125518E+02, time 13.665ms
[INFO   ] DREAMPlace - full step 18.944 ms
[INFO   ] DREAMPlace - optimizer step 4.638 ms
[INFO   ] DREAMPlace - iteration  274, ( 274,  0,  0), Obj 4.231855E+08, DensityWeight 1.220340E-07, wHPWL 7.471379E+08, Overflow 7.801684E-01, MaxDensity 4.202E+02, gamma 4.112386E+02, time 2.248ms
[INFO   ] DREAMPlace - full step 7.388 ms
[INFO   ] DREAMPlace - optimizer step 48.003 ms
[INFO   ] DREAMPlace - iteration  275, ( 275,  0,  0), Obj 4.228251E+08, DensityWeight 1.255730E-07, wHPWL 7.466289E+08, Overflow 7.792205E-01, MaxDensity 4.188E+02, gamma 4.091630E+02, time 2.188ms
[INFO   ] DREAMPlace - full step 50.713 ms
[INFO   ] DREAMPlace - optimizer step 9.764 ms
[INFO   ] DREAMPlace - iteration  276, ( 276,  0,  0), Obj 4.227902E+08, DensityWeight 1.292146E-07, wHPWL 7.462962E+08, Overflow 7.783635E-01, MaxDensity 3.746E+02, gamma 4.071831E+02, time 2.262ms
[INFO   ] DREAMPlace - full step 12.529 ms
[INFO   ] DREAMPlace - optimizer step 6.373 ms
[INFO   ] DREAMPlace - iteration  277, ( 277,  0,  0), Obj 4.227556E+08, DensityWeight 1.329618E-07, wHPWL 7.459503E+08, Overflow 7.775951E-01, MaxDensity 4.339E+02, gamma 4.054014E+02, time 2.208ms
[INFO   ] DREAMPlace - full step 9.231 ms
[INFO   ] DREAMPlace - optimizer step 10.092 ms
[INFO   ] DREAMPlace - iteration  278, ( 278,  0,  0), Obj 4.226590E+08, DensityWeight 1.368177E-07, wHPWL 7.456621E+08, Overflow 7.766918E-01, MaxDensity 4.227E+02, gamma 4.038107E+02, time 17.866ms
[INFO   ] DREAMPlace - full step 28.648 ms
[INFO   ] DREAMPlace - optimizer step 48.848 ms
[INFO   ] DREAMPlace - iteration  279, ( 279,  0,  0), Obj 4.223932E+08, DensityWeight 1.407854E-07, wHPWL 7.450796E+08, Overflow 7.765952E-01, MaxDensity 3.824E+02, gamma 4.019485E+02, time 2.192ms
[INFO   ] DREAMPlace - full step 51.602 ms
[I] plotting to conn_results/bigblue4/plot/iter0280.png takes 101.377 seconds
[INFO   ] DREAMPlace - plotting to conn_results/bigblue4/plot/iter0280.png takes 102.713 seconds
[INFO   ] DREAMPlace - optimizer step 64.192 ms
[INFO   ] DREAMPlace - iteration  280, ( 280,  0,  0), Obj 4.222857E+08, DensityWeight 1.448682E-07, wHPWL 7.446470E+08, Overflow 7.762029E-01, MaxDensity 3.877E+02, gamma 4.017498E+02, time 2.221ms
[INFO   ] DREAMPlace - full step 102795.691 ms
[INFO   ] DREAMPlace - optimizer step 12.234 ms
[INFO   ] DREAMPlace - iteration  281, ( 281,  0,  0), Obj 4.216322E+08, DensityWeight 1.490694E-07, wHPWL 7.442245E+08, Overflow 7.755653E-01, MaxDensity 4.174E+02, gamma 4.009442E+02, time 95.499ms
[INFO   ] DREAMPlace - full step 108.774 ms
[INFO   ] DREAMPlace - optimizer step 4.809 ms
[INFO   ] DREAMPlace - iteration  282, ( 282,  0,  0), Obj 4.210924E+08, DensityWeight 1.533924E-07, wHPWL 7.436689E+08, Overflow 7.749099E-01, MaxDensity 3.467E+02, gamma 3.996383E+02, time 7.895ms
[INFO   ] DREAMPlace - full step 13.331 ms
[INFO   ] DREAMPlace - optimizer step 9.585 ms
[INFO   ] DREAMPlace - iteration  283, ( 283,  0,  0), Obj 4.207921E+08, DensityWeight 1.578408E-07, wHPWL 7.431567E+08, Overflow 7.740398E-01, MaxDensity 3.293E+02, gamma 3.983002E+02, time 2.237ms
[INFO   ] DREAMPlace - full step 12.372 ms
[INFO   ] DREAMPlace - optimizer step 4.939 ms
[INFO   ] DREAMPlace - iteration  284, ( 284,  0,  0), Obj 4.206907E+08, DensityWeight 1.624182E-07, wHPWL 7.430917E+08, Overflow 7.730970E-01, MaxDensity 3.820E+02, gamma 3.965311E+02, time 2.253ms
[INFO   ] DREAMPlace - full step 7.718 ms
[INFO   ] DREAMPlace - optimizer step 4.799 ms
[INFO   ] DREAMPlace - iteration  285, ( 285,  0,  0), Obj 4.206447E+08, DensityWeight 1.671283E-07, wHPWL 7.427778E+08, Overflow 7.719976E-01, MaxDensity 3.903E+02, gamma 3.946227E+02, time 2.234ms
[INFO   ] DREAMPlace - full step 7.572 ms
[INFO   ] DREAMPlace - optimizer step 5.614 ms
[INFO   ] DREAMPlace - iteration  286, ( 286,  0,  0), Obj 4.206571E+08, DensityWeight 1.719750E-07, wHPWL 7.425233E+08, Overflow 7.711299E-01, MaxDensity 3.396E+02, gamma 3.924088E+02, time 45.506ms
[INFO   ] DREAMPlace - full step 51.682 ms
[INFO   ] DREAMPlace - optimizer step 8.738 ms
[INFO   ] DREAMPlace - iteration  287, ( 287,  0,  0), Obj 4.207514E+08, DensityWeight 1.769623E-07, wHPWL 7.421068E+08, Overflow 7.703553E-01, MaxDensity 3.262E+02, gamma 3.906706E+02, time 2.192ms
[INFO   ] DREAMPlace - full step 11.477 ms
[INFO   ] DREAMPlace - optimizer step 4.772 ms
[INFO   ] DREAMPlace - iteration  288, ( 288,  0,  0), Obj 4.207651E+08, DensityWeight 1.820942E-07, wHPWL 7.419076E+08, Overflow 7.696105E-01, MaxDensity 3.469E+02, gamma 3.891252E+02, time 2.290ms
[INFO   ] DREAMPlace - full step 7.588 ms
[INFO   ] DREAMPlace - optimizer step 4.827 ms
[INFO   ] DREAMPlace - iteration  289, ( 289,  0,  0), Obj 4.206175E+08, DensityWeight 1.873750E-07, wHPWL 7.414329E+08, Overflow 7.691864E-01, MaxDensity 3.731E+02, gamma 3.876451E+02, time 2.234ms
[INFO   ] DREAMPlace - full step 7.593 ms
[INFO   ] DREAMPlace - optimizer step 8.703 ms
[INFO   ] DREAMPlace - iteration  290, ( 290,  0,  0), Obj 4.204784E+08, DensityWeight 1.928088E-07, wHPWL 7.410538E+08, Overflow 7.685588E-01, MaxDensity 3.494E+02, gamma 3.868048E+02, time 2.311ms
[INFO   ] DREAMPlace - full step 11.684 ms
[INFO   ] DREAMPlace - optimizer step 4.665 ms
[INFO   ] DREAMPlace - iteration  291, ( 291,  0,  0), Obj 4.201172E+08, DensityWeight 1.984003E-07, wHPWL 7.406060E+08, Overflow 7.676921E-01, MaxDensity 2.965E+02, gamma 3.855646E+02, time 2.161ms
[INFO   ] DREAMPlace - full step 47.056 ms
[INFO   ] DREAMPlace - optimizer step 4.683 ms
[INFO   ] DREAMPlace - iteration  292, ( 292,  0,  0), Obj 4.199162E+08, DensityWeight 2.041539E-07, wHPWL 7.402412E+08, Overflow 7.670235E-01, MaxDensity 2.968E+02, gamma 3.838585E+02, time 2.242ms
[INFO   ] DREAMPlace - full step 7.444 ms
[INFO   ] DREAMPlace - optimizer step 4.660 ms
[INFO   ] DREAMPlace - iteration  293, ( 293,  0,  0), Obj 4.199233E+08, DensityWeight 2.100744E-07, wHPWL 7.398606E+08, Overflow 7.663453E-01, MaxDensity 3.085E+02, gamma 3.825475E+02, time 2.211ms
[INFO   ] DREAMPlace - full step 7.362 ms
[INFO   ] DREAMPlace - optimizer step 9.386 ms
[INFO   ] DREAMPlace - iteration  294, ( 294,  0,  0), Obj 4.198959E+08, DensityWeight 2.161666E-07, wHPWL 7.397568E+08, Overflow 7.656369E-01, MaxDensity 2.968E+02, gamma 3.812221E+02, time 2.247ms
[INFO   ] DREAMPlace - full step 12.203 ms
[INFO   ] DREAMPlace - optimizer step 9.059 ms
[INFO   ] DREAMPlace - iteration  295, ( 295,  0,  0), Obj 4.197368E+08, DensityWeight 2.224354E-07, wHPWL 7.393129E+08, Overflow 7.653013E-01, MaxDensity 2.732E+02, gamma 3.798430E+02, time 9.843ms
[INFO   ] DREAMPlace - full step 19.434 ms
[INFO   ] DREAMPlace - optimizer step 48.738 ms
[INFO   ] DREAMPlace - iteration  296, ( 296,  0,  0), Obj 4.196167E+08, DensityWeight 2.288860E-07, wHPWL 7.389416E+08, Overflow 7.649812E-01, MaxDensity 2.803E+02, gamma 3.791913E+02, time 2.222ms
[INFO   ] DREAMPlace - full step 51.490 ms
[INFO   ] DREAMPlace - optimizer step 9.324 ms
[INFO   ] DREAMPlace - iteration  297, ( 297,  0,  0), Obj 4.192552E+08, DensityWeight 2.355237E-07, wHPWL 7.385441E+08, Overflow 7.647700E-01, MaxDensity 2.927E+02, gamma 3.785706E+02, time 2.202ms
[INFO   ] DREAMPlace - full step 12.061 ms
[INFO   ] DREAMPlace - optimizer step 4.723 ms
[INFO   ] DREAMPlace - iteration  298, ( 298,  0,  0), Obj 4.188706E+08, DensityWeight 2.423539E-07, wHPWL 7.381925E+08, Overflow 7.642144E-01, MaxDensity 2.725E+02, gamma 3.781618E+02, time 2.239ms
[INFO   ] DREAMPlace - full step 7.496 ms
[INFO   ] DREAMPlace - optimizer step 10.031 ms
[INFO   ] DREAMPlace - iteration  299, ( 299,  0,  0), Obj 4.183982E+08, DensityWeight 2.493822E-07, wHPWL 7.377452E+08, Overflow 7.632999E-01, MaxDensity 2.889E+02, gamma 3.770881E+02, time 2.180ms
[INFO   ] DREAMPlace - full step 12.793 ms
[INFO   ] DREAMPlace - optimizer step 8.809 ms
[INFO   ] DREAMPlace - iteration  300, ( 300,  0,  0), Obj 4.182459E+08, DensityWeight 2.566143E-07, wHPWL 7.375082E+08, Overflow 7.620705E-01, MaxDensity 2.732E+02, gamma 3.753279E+02, time 2.410ms
[INFO   ] DREAMPlace - full step 11.864 ms
[INFO   ] DREAMPlace - optimizer step 5.027 ms
[INFO   ] DREAMPlace - iteration  301, ( 301,  0,  0), Obj 4.184160E+08, DensityWeight 2.640561E-07, wHPWL 7.373217E+08, Overflow 7.611086E-01, MaxDensity 2.610E+02, gamma 3.729741E+02, time 2.358ms
[INFO   ] DREAMPlace - full step 7.987 ms
[INFO   ] DREAMPlace - optimizer step 4.614 ms
[INFO   ] DREAMPlace - iteration  302, ( 302,  0,  0), Obj 4.188907E+08, DensityWeight 2.717138E-07, wHPWL 7.373539E+08, Overflow 7.599306E-01, MaxDensity 2.601E+02, gamma 3.711429E+02, time 2.290ms
[INFO   ] DREAMPlace - full step 43.359 ms
[INFO   ] DREAMPlace - optimizer step 6.027 ms
[INFO   ] DREAMPlace - iteration  303, ( 303,  0,  0), Obj 4.191016E+08, DensityWeight 2.840245E-07, wHPWL 7.371666E+08, Overflow 7.592793E-01, MaxDensity 2.559E+02, gamma 3.689125E+02, time 2.205ms
[INFO   ] DREAMPlace - full step 8.800 ms
[INFO   ] DREAMPlace - optimizer step 14.628 ms
[INFO   ] DREAMPlace - iteration  304, ( 304,  0,  0), Obj 4.193575E+08, DensityWeight 2.922613E-07, wHPWL 7.368055E+08, Overflow 7.585293E-01, MaxDensity 2.472E+02, gamma 3.676850E+02, time 2.232ms
[INFO   ] DREAMPlace - full step 17.401 ms
[INFO   ] DREAMPlace - optimizer step 9.308 ms
[INFO   ] DREAMPlace - iteration  305, ( 305,  0,  0), Obj 4.192715E+08, DensityWeight 3.007368E-07, wHPWL 7.364095E+08, Overflow 7.578583E-01, MaxDensity 2.463E+02, gamma 3.662768E+02, time 2.249ms
[INFO   ] DREAMPlace - full step 12.104 ms
[INFO   ] DREAMPlace - optimizer step 9.840 ms
[INFO   ] DREAMPlace - iteration  306, ( 306,  0,  0), Obj 4.192516E+08, DensityWeight 3.094582E-07, wHPWL 7.360664E+08, Overflow 7.572190E-01, MaxDensity 2.368E+02, gamma 3.650214E+02, time 2.233ms
[INFO   ] DREAMPlace - full step 12.636 ms
[INFO   ] DREAMPlace - optimizer step 54.159 ms
[INFO   ] DREAMPlace - iteration  307, ( 307,  0,  0), Obj 4.192084E+08, DensityWeight 3.184325E-07, wHPWL 7.356954E+08, Overflow 7.564121E-01, MaxDensity 2.496E+02, gamma 3.638292E+02, time 2.305ms
[INFO   ] DREAMPlace - full step 57.014 ms
[INFO   ] DREAMPlace - optimizer step 4.732 ms
[INFO   ] DREAMPlace - iteration  308, ( 308,  0,  0), Obj 4.191971E+08, DensityWeight 3.276671E-07, wHPWL 7.355081E+08, Overflow 7.557409E-01, MaxDensity 2.455E+02, gamma 3.623301E+02, time 2.240ms
[INFO   ] DREAMPlace - full step 7.531 ms
[INFO   ] DREAMPlace - optimizer step 4.646 ms
[INFO   ] DREAMPlace - iteration  309, ( 309,  0,  0), Obj 4.192600E+08, DensityWeight 3.371694E-07, wHPWL 7.351477E+08, Overflow 7.551666E-01, MaxDensity 2.393E+02, gamma 3.610880E+02, time 2.225ms
[INFO   ] DREAMPlace - full step 7.397 ms
[INFO   ] DREAMPlace - optimizer step 4.785 ms
[INFO   ] DREAMPlace - iteration  310, ( 310,  0,  0), Obj 4.192840E+08, DensityWeight 3.469474E-07, wHPWL 7.349737E+08, Overflow 7.548183E-01, MaxDensity 2.203E+02, gamma 3.600283E+02, time 2.256ms
[INFO   ] DREAMPlace - full step 7.576 ms
[INFO   ] DREAMPlace - optimizer step 4.600 ms
[INFO   ] DREAMPlace - iteration  311, ( 311,  0,  0), Obj 4.191766E+08, DensityWeight 3.570088E-07, wHPWL 7.346047E+08, Overflow 7.544388E-01, MaxDensity 2.536E+02, gamma 3.593872E+02, time 2.219ms
[INFO   ] DREAMPlace - full step 7.449 ms
[INFO   ] DREAMPlace - optimizer step 4.683 ms
[INFO   ] DREAMPlace - iteration  312, ( 312,  0,  0), Obj 4.189012E+08, DensityWeight 3.673621E-07, wHPWL 7.342886E+08, Overflow 7.542894E-01, MaxDensity 2.210E+02, gamma 3.586899E+02, time 2.347ms
[INFO   ] DREAMPlace - full step 7.631 ms
[INFO   ] DREAMPlace - optimizer step 46.700 ms
[INFO   ] DREAMPlace - iteration  313, ( 313,  0,  0), Obj 4.186186E+08, DensityWeight 3.780156E-07, wHPWL 7.338322E+08, Overflow 7.540342E-01, MaxDensity 2.585E+02, gamma 3.584160E+02, time 2.213ms
[INFO   ] DREAMPlace - full step 49.467 ms
[INFO   ] DREAMPlace - optimizer step 5.664 ms
[INFO   ] DREAMPlace - iteration  314, ( 314,  0,  0), Obj 4.182514E+08, DensityWeight 3.889781E-07, wHPWL 7.336050E+08, Overflow 7.541556E-01, MaxDensity 2.377E+02, gamma 3.579482E+02, time 2.256ms
[INFO   ] DREAMPlace - full step 8.471 ms
[INFO   ] DREAMPlace - optimizer step 4.575 ms
[INFO   ] DREAMPlace - iteration  315, ( 315,  0,  0), Obj 4.179198E+08, DensityWeight 4.002585E-07, wHPWL 7.332466E+08, Overflow 7.539731E-01, MaxDensity 2.685E+02, gamma 3.581706E+02, time 2.191ms
[INFO   ] DREAMPlace - full step 7.286 ms
[INFO   ] DREAMPlace - optimizer step 10.302 ms
[INFO   ] DREAMPlace - iteration  316, ( 316,  0,  0), Obj 4.173610E+08, DensityWeight 4.118660E-07, wHPWL 7.330452E+08, Overflow 7.538048E-01, MaxDensity 2.355E+02, gamma 3.578363E+02, time 2.187ms
[INFO   ] DREAMPlace - full step 13.083 ms
[INFO   ] DREAMPlace - optimizer step 6.049 ms
[INFO   ] DREAMPlace - iteration  317, ( 317,  0,  0), Obj 4.169351E+08, DensityWeight 4.238101E-07, wHPWL 7.326237E+08, Overflow 7.534853E-01, MaxDensity 2.465E+02, gamma 3.575284E+02, time 2.192ms
[INFO   ] DREAMPlace - full step 8.817 ms
[INFO   ] DREAMPlace - optimizer step 4.545 ms
[INFO   ] DREAMPlace - iteration  318, ( 318,  0,  0), Obj 4.166116E+08, DensityWeight 4.361006E-07, wHPWL 7.324845E+08, Overflow 7.533869E-01, MaxDensity 2.424E+02, gamma 3.569442E+02, time 2.221ms
[INFO   ] DREAMPlace - full step 7.278 ms
[INFO   ] DREAMPlace - optimizer step 47.123 ms
[INFO   ] DREAMPlace - iteration  319, ( 319,  0,  0), Obj 4.164068E+08, DensityWeight 4.487476E-07, wHPWL 7.323217E+08, Overflow 7.533801E-01, MaxDensity 2.633E+02, gamma 3.567646E+02, time 2.556ms
[INFO   ] DREAMPlace - full step 50.208 ms
[INFO   ] DREAMPlace - optimizer step 4.533 ms
[INFO   ] DREAMPlace - iteration  320, ( 320,  0,  0), Obj 4.160316E+08, DensityWeight 4.617613E-07, wHPWL 7.322061E+08, Overflow 7.535883E-01, MaxDensity 2.674E+02, gamma 3.567523E+02, time 2.188ms
[INFO   ] DREAMPlace - full step 7.215 ms
[INFO   ] DREAMPlace - optimizer step 4.571 ms
[INFO   ] DREAMPlace - iteration  321, ( 321,  0,  0), Obj 4.154971E+08, DensityWeight 4.751524E-07, wHPWL 7.318422E+08, Overflow 7.535819E-01, MaxDensity 2.273E+02, gamma 3.571324E+02, time 2.188ms
[INFO   ] DREAMPlace - full step 7.237 ms
[INFO   ] DREAMPlace - optimizer step 4.503 ms
[INFO   ] DREAMPlace - iteration  322, ( 322,  0,  0), Obj 4.148226E+08, DensityWeight 4.889318E-07, wHPWL 7.315508E+08, Overflow 7.537966E-01, MaxDensity 2.331E+02, gamma 3.571207E+02, time 2.192ms
[INFO   ] DREAMPlace - full step 7.227 ms
[INFO   ] DREAMPlace - optimizer step 4.705 ms
[INFO   ] DREAMPlace - iteration  323, ( 323,  0,  0), Obj 4.143238E+08, DensityWeight 5.031108E-07, wHPWL 7.312339E+08, Overflow 7.539157E-01, MaxDensity 2.459E+02, gamma 3.575134E+02, time 2.212ms
[INFO   ] DREAMPlace - full step 7.487 ms
[INFO   ] DREAMPlace - optimizer step 4.712 ms
[INFO   ] DREAMPlace - iteration  324, ( 324,  0,  0), Obj 4.137724E+08, DensityWeight 5.177010E-07, wHPWL 7.311908E+08, Overflow 7.541379E-01, MaxDensity 2.376E+02, gamma 3.577312E+02, time 2.269ms
[INFO   ] DREAMPlace - full step 7.511 ms
[INFO   ] DREAMPlace - optimizer step 4.683 ms
[INFO   ] DREAMPlace - iteration  325, ( 325,  0,  0), Obj 4.132236E+08, DensityWeight 5.327144E-07, wHPWL 7.309632E+08, Overflow 7.542282E-01, MaxDensity 2.379E+02, gamma 3.581382E+02, time 2.208ms
[INFO   ] DREAMPlace - full step 7.410 ms
[INFO   ] DREAMPlace - optimizer step 6.811 ms
[INFO   ] DREAMPlace - iteration  326, ( 326,  0,  0), Obj 4.126010E+08, DensityWeight 5.481631E-07, wHPWL 7.307889E+08, Overflow 7.543976E-01, MaxDensity 2.334E+02, gamma 3.583038E+02, time 2.252ms
[INFO   ] DREAMPlace - full step 9.599 ms
[INFO   ] DREAMPlace - optimizer step 8.921 ms
[INFO   ] DREAMPlace - iteration  327, ( 327,  0,  0), Obj 4.120793E+08, DensityWeight 5.640599E-07, wHPWL 7.305492E+08, Overflow 7.542547E-01, MaxDensity 2.346E+02, gamma 3.586144E+02, time 41.816ms
[INFO   ] DREAMPlace - full step 51.313 ms
[INFO   ] DREAMPlace - optimizer step 4.553 ms
[INFO   ] DREAMPlace - iteration  328, ( 328,  0,  0), Obj 4.115628E+08, DensityWeight 5.804177E-07, wHPWL 7.304824E+08, Overflow 7.542035E-01, MaxDensity 2.107E+02, gamma 3.583523E+02, time 2.249ms
[INFO   ] DREAMPlace - full step 7.372 ms
[INFO   ] DREAMPlace - optimizer step 4.697 ms
[INFO   ] DREAMPlace - iteration  329, ( 329,  0,  0), Obj 4.112529E+08, DensityWeight 5.972498E-07, wHPWL 7.302983E+08, Overflow 7.537628E-01, MaxDensity 2.130E+02, gamma 3.582585E+02, time 2.198ms
[INFO   ] DREAMPlace - full step 7.469 ms
[INFO   ] DREAMPlace - optimizer step 4.799 ms
[INFO   ] DREAMPlace - iteration  330, ( 330,  0,  0), Obj 4.109346E+08, DensityWeight 6.145701E-07, wHPWL 7.302742E+08, Overflow 7.532023E-01, MaxDensity 2.118E+02, gamma 3.574514E+02, time 2.282ms
[INFO   ] DREAMPlace - full step 7.611 ms
[INFO   ] DREAMPlace - optimizer step 4.533 ms
[INFO   ] DREAMPlace - iteration  331, ( 331,  0,  0), Obj 4.108522E+08, DensityWeight 6.323926E-07, wHPWL 7.300790E+08, Overflow 7.528359E-01, MaxDensity 2.112E+02, gamma 3.564278E+02, time 2.179ms
[INFO   ] DREAMPlace - full step 7.265 ms
[INFO   ] DREAMPlace - optimizer step 4.656 ms
[INFO   ] DREAMPlace - iteration  332, ( 332,  0,  0), Obj 4.109186E+08, DensityWeight 6.507320E-07, wHPWL 7.300378E+08, Overflow 7.526684E-01, MaxDensity 1.980E+02, gamma 3.557602E+02, time 2.234ms
[INFO   ] DREAMPlace - full step 7.592 ms
[INFO   ] DREAMPlace - optimizer step 46.099 ms
[INFO   ] DREAMPlace - iteration  333, ( 333,  0,  0), Obj 4.108517E+08, DensityWeight 6.696033E-07, wHPWL 7.299103E+08, Overflow 7.522410E-01, MaxDensity 1.946E+02, gamma 3.554554E+02, time 2.509ms
[INFO   ] DREAMPlace - full step 49.293 ms
[INFO   ] DREAMPlace - optimizer step 4.726 ms
[INFO   ] DREAMPlace - iteration  334, ( 334,  0,  0), Obj 4.105508E+08, DensityWeight 6.890218E-07, wHPWL 7.296271E+08, Overflow 7.516431E-01, MaxDensity 2.061E+02, gamma 3.546789E+02, time 2.257ms
[INFO   ] DREAMPlace - full step 7.550 ms
[INFO   ] DREAMPlace - optimizer step 7.164 ms
[INFO   ] DREAMPlace - iteration  335, ( 335,  0,  0), Obj 4.104096E+08, DensityWeight 7.090035E-07, wHPWL 7.291814E+08, Overflow 7.511854E-01, MaxDensity 2.088E+02, gamma 3.535955E+02, time 2.205ms
[INFO   ] DREAMPlace - full step 9.921 ms
[I] plotting to conn_results/bigblue4/plot/iter0336.png takes 85.494 seconds
[INFO   ] DREAMPlace - plotting to conn_results/bigblue4/plot/iter0336.png takes 86.214 seconds
[INFO   ] DREAMPlace - optimizer step 44.527 ms
[INFO   ] DREAMPlace - iteration  336, ( 336,  0,  0), Obj 4.105409E+08, DensityWeight 7.295646E-07, wHPWL 7.290605E+08, Overflow 7.505866E-01, MaxDensity 2.069E+02, gamma 3.527684E+02, time 2.225ms
[INFO   ] DREAMPlace - full step 86280.121 ms
[INFO   ] DREAMPlace - optimizer step 24.882 ms
[INFO   ] DREAMPlace - iteration  337, ( 337,  0,  0), Obj 4.106260E+08, DensityWeight 7.507220E-07, wHPWL 7.289740E+08, Overflow 7.500439E-01, MaxDensity 1.982E+02, gamma 3.516891E+02, time 6.503ms
[INFO   ] DREAMPlace - full step 38.880 ms
[INFO   ] DREAMPlace - optimizer step 19.638 ms
[INFO   ] DREAMPlace - iteration  338, ( 338,  0,  0), Obj 4.107038E+08, DensityWeight 7.724930E-07, wHPWL 7.286984E+08, Overflow 7.495914E-01, MaxDensity 1.823E+02, gamma 3.507138E+02, time 6.705ms
[INFO   ] DREAMPlace - full step 33.743 ms
[INFO   ] DREAMPlace - optimizer step 24.831 ms
[INFO   ] DREAMPlace - iteration  339, ( 339,  0,  0), Obj 4.107450E+08, DensityWeight 7.948953E-07, wHPWL 7.283209E+08, Overflow 7.489945E-01, MaxDensity 1.972E+02, gamma 3.499027E+02, time 6.646ms
[INFO   ] DREAMPlace - full step 38.847 ms
[INFO   ] DREAMPlace - optimizer step 24.918 ms
[INFO   ] DREAMPlace - iteration  340, ( 340,  0,  0), Obj 4.107635E+08, DensityWeight 8.179473E-07, wHPWL 7.280429E+08, Overflow 7.482425E-01, MaxDensity 2.114E+02, gamma 3.488357E+02, time 6.674ms
[INFO   ] DREAMPlace - full step 38.999 ms
[INFO   ] DREAMPlace - optimizer step 22.069 ms
[INFO   ] DREAMPlace - iteration  341, ( 341,  0,  0), Obj 4.108872E+08, DensityWeight 8.416678E-07, wHPWL 7.277012E+08, Overflow 7.472449E-01, MaxDensity 2.306E+02, gamma 3.474960E+02, time 6.616ms
[INFO   ] DREAMPlace - full step 36.075 ms
[INFO   ] DREAMPlace - optimizer step 24.860 ms
[INFO   ] DREAMPlace - iteration  342, ( 342,  0,  0), Obj 4.111661E+08, DensityWeight 8.660762E-07, wHPWL 7.274752E+08, Overflow 7.463537E-01, MaxDensity 2.391E+02, gamma 3.457267E+02, time 6.638ms
[INFO   ] DREAMPlace - full step 38.845 ms
[INFO   ] DREAMPlace - optimizer step 24.896 ms
[INFO   ] DREAMPlace - iteration  343, ( 343,  0,  0), Obj 4.116500E+08, DensityWeight 8.911925E-07, wHPWL 7.272460E+08, Overflow 7.457725E-01, MaxDensity 2.257E+02, gamma 3.441538E+02, time 6.623ms
[INFO   ] DREAMPlace - full step 38.948 ms
[INFO   ] DREAMPlace - optimizer step 22.183 ms
[INFO   ] DREAMPlace - iteration  344, ( 344,  0,  0), Obj 4.120789E+08, DensityWeight 9.170371E-07, wHPWL 7.270732E+08, Overflow 7.455540E-01, MaxDensity 2.475E+02, gamma 3.431317E+02, time 6.645ms
[INFO   ] DREAMPlace - full step 36.206 ms
[INFO   ] DREAMPlace - optimizer step 24.822 ms
[INFO   ] DREAMPlace - iteration  345, ( 345,  0,  0), Obj 4.122302E+08, DensityWeight 9.436312E-07, wHPWL 7.267016E+08, Overflow 7.454284E-01, MaxDensity 2.560E+02, gamma 3.427484E+02, time 6.618ms
[INFO   ] DREAMPlace - full step 38.867 ms
[INFO   ] DREAMPlace - optimizer step 24.927 ms
[INFO   ] DREAMPlace - iteration  346, ( 346,  0,  0), Obj 4.120694E+08, DensityWeight 9.709966E-07, wHPWL 7.262193E+08, Overflow 7.453052E-01, MaxDensity 2.491E+02, gamma 3.425281E+02, time 6.616ms
[INFO   ] DREAMPlace - full step 38.954 ms
[INFO   ] DREAMPlace - optimizer step 22.129 ms
[INFO   ] DREAMPlace - iteration  347, ( 347,  0,  0), Obj 4.118637E+08, DensityWeight 9.991555E-07, wHPWL 7.257027E+08, Overflow 7.452614E-01, MaxDensity 2.867E+02, gamma 3.423122E+02, time 6.595ms
[INFO   ] DREAMPlace - full step 36.135 ms
[INFO   ] DREAMPlace - optimizer step 24.846 ms
[INFO   ] DREAMPlace - iteration  348, ( 348,  0,  0), Obj 4.117572E+08, DensityWeight 1.028131E-06, wHPWL 7.254359E+08, Overflow 7.452806E-01, MaxDensity 2.733E+02, gamma 3.422355E+02, time 6.645ms
[INFO   ] DREAMPlace - full step 38.875 ms
[INFO   ] DREAMPlace - optimizer step 24.911 ms
[INFO   ] DREAMPlace - iteration  349, ( 349,  0,  0), Obj 4.116623E+08, DensityWeight 1.057947E-06, wHPWL 7.252728E+08, Overflow 7.455921E-01, MaxDensity 2.338E+02, gamma 3.422692E+02, time 6.608ms
[INFO   ] DREAMPlace - full step 38.901 ms
[INFO   ] DREAMPlace - optimizer step 21.783 ms
[INFO   ] DREAMPlace - iteration  350, ( 350,  0,  0), Obj 4.115044E+08, DensityWeight 1.088628E-06, wHPWL 7.251314E+08, Overflow 7.457685E-01, MaxDensity 2.276E+02, gamma 3.428152E+02, time 10.667ms
[INFO   ] DREAMPlace - full step 39.809 ms
[INFO   ] DREAMPlace - optimizer step 24.811 ms
[INFO   ] DREAMPlace - iteration  351, ( 351,  0,  0), Obj 4.111381E+08, DensityWeight 1.120198E-06, wHPWL 7.249315E+08, Overflow 7.459295E-01, MaxDensity 2.107E+02, gamma 3.431247E+02, time 6.621ms
[INFO   ] DREAMPlace - full step 38.785 ms
[INFO   ] DREAMPlace - optimizer step 33.580 ms
[INFO   ] DREAMPlace - iteration  352, ( 352,  0,  0), Obj 4.108684E+08, DensityWeight 1.152684E-06, wHPWL 7.247931E+08, Overflow 7.460285E-01, MaxDensity 1.974E+02, gamma 3.434074E+02, time 11.142ms
[INFO   ] DREAMPlace - full step 50.039 ms
[INFO   ] DREAMPlace - optimizer step 21.491 ms
[INFO   ] DREAMPlace - iteration  353, ( 353,  0,  0), Obj 4.107188E+08, DensityWeight 1.186111E-06, wHPWL 7.248447E+08, Overflow 7.460247E-01, MaxDensity 1.955E+02, gamma 3.435817E+02, time 6.608ms
[INFO   ] DREAMPlace - full step 35.451 ms
[INFO   ] DREAMPlace - optimizer step 27.291 ms
[INFO   ] DREAMPlace - iteration  354, ( 354,  0,  0), Obj 4.106733E+08, DensityWeight 1.236494E-06, wHPWL 7.251100E+08, Overflow 7.459353E-01, MaxDensity 1.765E+02, gamma 3.435748E+02, time 6.658ms
[INFO   ] DREAMPlace - full step 41.267 ms
[INFO   ] DREAMPlace - optimizer step 24.853 ms
[INFO   ] DREAMPlace - iteration  355, ( 355,  0,  0), Obj 4.107137E+08, DensityWeight 1.251172E-06, wHPWL 7.253617E+08, Overflow 7.456713E-01, MaxDensity 1.675E+02, gamma 3.434178E+02, time 6.605ms
[INFO   ] DREAMPlace - full step 38.843 ms
[INFO   ] DREAMPlace - optimizer step 21.558 ms
[INFO   ] DREAMPlace - iteration  356, ( 356,  0,  0), Obj 4.108420E+08, DensityWeight 1.268444E-06, wHPWL 7.257521E+08, Overflow 7.453644E-01, MaxDensity 1.767E+02, gamma 3.429542E+02, time 6.685ms
[INFO   ] DREAMPlace - full step 35.573 ms
[INFO   ] DREAMPlace - optimizer step 24.786 ms
[INFO   ] DREAMPlace - iteration  357, ( 357,  0,  0), Obj 4.111581E+08, DensityWeight 1.265273E-06, wHPWL 7.262146E+08, Overflow 7.451145E-01, MaxDensity 1.889E+02, gamma 3.424159E+02, time 6.618ms
[INFO   ] DREAMPlace - full step 38.741 ms
[INFO   ] DREAMPlace - optimizer step 24.880 ms
[INFO   ] DREAMPlace - iteration  358, ( 358,  0,  0), Obj 4.115614E+08, DensityWeight 1.262109E-06, wHPWL 7.268659E+08, Overflow 7.446380E-01, MaxDensity 1.736E+02, gamma 3.419783E+02, time 6.639ms
[INFO   ] DREAMPlace - full step 38.949 ms
[INFO   ] DREAMPlace - optimizer step 21.454 ms
[INFO   ] DREAMPlace - iteration  359, ( 359,  0,  0), Obj 4.119452E+08, DensityWeight 1.258954E-06, wHPWL 7.274776E+08, Overflow 7.441180E-01, MaxDensity 1.591E+02, gamma 3.411457E+02, time 6.614ms
[INFO   ] DREAMPlace - full step 35.693 ms
[INFO   ] DREAMPlace - optimizer step 24.842 ms
[INFO   ] DREAMPlace - iteration  360, ( 360,  0,  0), Obj 4.124787E+08, DensityWeight 1.255807E-06, wHPWL 7.281116E+08, Overflow 7.433084E-01, MaxDensity 1.831E+02, gamma 3.402392E+02, time 6.602ms
[INFO   ] DREAMPlace - full step 38.815 ms
[INFO   ] DREAMPlace - optimizer step 24.881 ms
[INFO   ] DREAMPlace - iteration  361, ( 361,  0,  0), Obj 4.131188E+08, DensityWeight 1.252667E-06, wHPWL 7.288064E+08, Overflow 7.423776E-01, MaxDensity 1.604E+02, gamma 3.388326E+02, time 6.592ms
[INFO   ] DREAMPlace - full step 39.082 ms
[INFO   ] DREAMPlace - optimizer step 21.586 ms
[INFO   ] DREAMPlace - iteration  362, ( 362,  0,  0), Obj 4.140020E+08, DensityWeight 1.249535E-06, wHPWL 7.296201E+08, Overflow 7.414863E-01, MaxDensity 1.841E+02, gamma 3.372226E+02, time 6.622ms
[INFO   ] DREAMPlace - full step 35.594 ms
[INFO   ] DREAMPlace - optimizer step 24.791 ms
[INFO   ] DREAMPlace - iteration  363, ( 363,  0,  0), Obj 4.150203E+08, DensityWeight 1.246411E-06, wHPWL 7.304316E+08, Overflow 7.405365E-01, MaxDensity 1.673E+02, gamma 3.356881E+02, time 6.603ms
[INFO   ] DREAMPlace - full step 38.799 ms
[INFO   ] DREAMPlace - optimizer step 24.876 ms
[INFO   ] DREAMPlace - iteration  364, ( 364,  0,  0), Obj 4.160118E+08, DensityWeight 1.243295E-06, wHPWL 7.312666E+08, Overflow 7.398930E-01, MaxDensity 1.670E+02, gamma 3.340607E+02, time 6.656ms
[INFO   ] DREAMPlace - full step 38.916 ms
[INFO   ] DREAMPlace - optimizer step 18.489 ms
[INFO   ] DREAMPlace - iteration  365, ( 365,  0,  0), Obj 4.170252E+08, DensityWeight 1.240187E-06, wHPWL 7.319546E+08, Overflow 7.392066E-01, MaxDensity 1.931E+02, gamma 3.329626E+02, time 6.594ms
[INFO   ] DREAMPlace - full step 31.517 ms
[INFO   ] DREAMPlace - optimizer step 22.793 ms
[INFO   ] DREAMPlace - iteration  366, ( 366,  0,  0), Obj 4.178451E+08, DensityWeight 1.237086E-06, wHPWL 7.327114E+08, Overflow 7.383525E-01, MaxDensity 1.808E+02, gamma 3.317952E+02, time 6.640ms
[INFO   ] DREAMPlace - full step 36.800 ms
[INFO   ] DREAMPlace - optimizer step 24.209 ms
[INFO   ] DREAMPlace - iteration  367, ( 367,  0,  0), Obj 4.186887E+08, DensityWeight 1.233994E-06, wHPWL 7.333646E+08, Overflow 7.377349E-01, MaxDensity 1.903E+02, gamma 3.303483E+02, time 7.754ms
[INFO   ] DREAMPlace - full step 39.308 ms
[INFO   ] DREAMPlace - optimizer step 24.747 ms
[INFO   ] DREAMPlace - iteration  368, ( 368,  0,  0), Obj 4.196925E+08, DensityWeight 1.230909E-06, wHPWL 7.341348E+08, Overflow 7.369274E-01, MaxDensity 1.915E+02, gamma 3.293060E+02, time 54.449ms
[INFO   ] DREAMPlace - full step 80.934 ms
[INFO   ] DREAMPlace - optimizer step 23.464 ms
[INFO   ] DREAMPlace - iteration  369, ( 369,  0,  0), Obj 4.206032E+08, DensityWeight 1.227831E-06, wHPWL 7.349811E+08, Overflow 7.364517E-01, MaxDensity 1.865E+02, gamma 3.279482E+02, time 6.044ms
[INFO   ] DREAMPlace - full step 37.499 ms
[INFO   ] DREAMPlace - optimizer step 23.500 ms
[INFO   ] DREAMPlace - iteration  370, ( 370,  0,  0), Obj 4.215794E+08, DensityWeight 1.224762E-06, wHPWL 7.357343E+08, Overflow 7.357919E-01, MaxDensity 1.953E+02, gamma 3.271508E+02, time 6.656ms
[INFO   ] DREAMPlace - full step 37.516 ms
[INFO   ] DREAMPlace - optimizer step 22.262 ms
[INFO   ] DREAMPlace - iteration  371, ( 371,  0,  0), Obj 4.223463E+08, DensityWeight 1.221700E-06, wHPWL 7.364655E+08, Overflow 7.354605E-01, MaxDensity 1.717E+02, gamma 3.260482E+02, time 11.321ms
[INFO   ] DREAMPlace - full step 41.092 ms
[INFO   ] DREAMPlace - optimizer step 21.099 ms
[INFO   ] DREAMPlace - iteration  372, ( 372,  0,  0), Obj 4.232007E+08, DensityWeight 1.218645E-06, wHPWL 7.371555E+08, Overflow 7.347898E-01, MaxDensity 1.866E+02, gamma 3.254957E+02, time 8.962ms
[INFO   ] DREAMPlace - full step 37.385 ms
[INFO   ] DREAMPlace - optimizer step 24.114 ms
[INFO   ] DREAMPlace - iteration  373, ( 373,  0,  0), Obj 4.238850E+08, DensityWeight 1.215599E-06, wHPWL 7.379073E+08, Overflow 7.343488E-01, MaxDensity 1.728E+02, gamma 3.243806E+02, time 4.900ms
[INFO   ] DREAMPlace - full step 36.393 ms
[INFO   ] DREAMPlace - optimizer step 24.078 ms
[INFO   ] DREAMPlace - iteration  374, ( 374,  0,  0), Obj 4.247610E+08, DensityWeight 1.212560E-06, wHPWL 7.386202E+08, Overflow 7.336347E-01, MaxDensity 1.791E+02, gamma 3.236494E+02, time 6.684ms
[INFO   ] DREAMPlace - full step 38.373 ms
[INFO   ] DREAMPlace - optimizer step 23.925 ms
[INFO   ] DREAMPlace - iteration  375, ( 375,  0,  0), Obj 4.255425E+08, DensityWeight 1.209528E-06, wHPWL 7.394019E+08, Overflow 7.332390E-01, MaxDensity 1.682E+02, gamma 3.224690E+02, time 42.505ms
[INFO   ] DREAMPlace - full step 73.993 ms
[INFO   ] DREAMPlace - optimizer step 24.090 ms
[INFO   ] DREAMPlace - iteration  376, ( 376,  0,  0), Obj 4.264587E+08, DensityWeight 1.206504E-06, wHPWL 7.401309E+08, Overflow 7.324424E-01, MaxDensity 1.865E+02, gamma 3.218168E+02, time 6.670ms
[INFO   ] DREAMPlace - full step 38.220 ms
[INFO   ] DREAMPlace - optimizer step 24.011 ms
[INFO   ] DREAMPlace - iteration  377, ( 377,  0,  0), Obj 4.271800E+08, DensityWeight 1.203488E-06, wHPWL 7.408486E+08, Overflow 7.319229E-01, MaxDensity 1.709E+02, gamma 3.205077E+02, time 6.763ms
[INFO   ] DREAMPlace - full step 36.145 ms
[INFO   ] DREAMPlace - optimizer step 24.026 ms
[INFO   ] DREAMPlace - iteration  378, ( 378,  0,  0), Obj 4.281053E+08, DensityWeight 1.200479E-06, wHPWL 7.414665E+08, Overflow 7.313260E-01, MaxDensity 1.701E+02, gamma 3.196567E+02, time 6.644ms
[INFO   ] DREAMPlace - full step 38.325 ms
[INFO   ] DREAMPlace - optimizer step 24.203 ms
[INFO   ] DREAMPlace - iteration  379, ( 379,  0,  0), Obj 4.289197E+08, DensityWeight 1.197478E-06, wHPWL 7.421704E+08, Overflow 7.308466E-01, MaxDensity 1.814E+02, gamma 3.186821E+02, time 6.614ms
[INFO   ] DREAMPlace - full step 38.377 ms
[INFO   ] DREAMPlace - optimizer step 22.936 ms
[INFO   ] DREAMPlace - iteration  380, ( 380,  0,  0), Obj 4.297081E+08, DensityWeight 1.194484E-06, wHPWL 7.427903E+08, Overflow 7.303712E-01, MaxDensity 1.651E+02, gamma 3.179013E+02, time 7.806ms
[INFO   ] DREAMPlace - full step 38.358 ms
[INFO   ] DREAMPlace - optimizer step 24.092 ms
[INFO   ] DREAMPlace - iteration  381, ( 381,  0,  0), Obj 4.304005E+08, DensityWeight 1.191498E-06, wHPWL 7.433057E+08, Overflow 7.298714E-01, MaxDensity 1.760E+02, gamma 3.171289E+02, time 6.646ms
[INFO   ] DREAMPlace - full step 35.920 ms
[INFO   ] DREAMPlace - optimizer step 24.074 ms
[INFO   ] DREAMPlace - iteration  382, ( 382,  0,  0), Obj 4.310546E+08, DensityWeight 1.188519E-06, wHPWL 7.438205E+08, Overflow 7.291933E-01, MaxDensity 1.865E+02, gamma 3.163188E+02, time 6.666ms
[INFO   ] DREAMPlace - full step 38.340 ms
[INFO   ] DREAMPlace - optimizer step 24.090 ms
[INFO   ] DREAMPlace - iteration  383, ( 383,  0,  0), Obj 4.317471E+08, DensityWeight 1.185548E-06, wHPWL 7.442988E+08, Overflow 7.287780E-01, MaxDensity 1.863E+02, gamma 3.152233E+02, time 6.645ms
[INFO   ] DREAMPlace - full step 38.327 ms
[INFO   ] DREAMPlace - optimizer step 24.072 ms
[INFO   ] DREAMPlace - iteration  384, ( 384,  0,  0), Obj 4.325447E+08, DensityWeight 1.182584E-06, wHPWL 7.448041E+08, Overflow 7.282946E-01, MaxDensity 1.796E+02, gamma 3.145541E+02, time 6.662ms
[INFO   ] DREAMPlace - full step 38.332 ms
[INFO   ] DREAMPlace - optimizer step 24.082 ms
[INFO   ] DREAMPlace - iteration  385, ( 385,  0,  0), Obj 4.331796E+08, DensityWeight 1.179627E-06, wHPWL 7.452803E+08, Overflow 7.280589E-01, MaxDensity 1.839E+02, gamma 3.137769E+02, time 6.624ms
[INFO   ] DREAMPlace - full step 38.330 ms
[INFO   ] DREAMPlace - optimizer step 24.055 ms
[INFO   ] DREAMPlace - iteration  386, ( 386,  0,  0), Obj 4.337300E+08, DensityWeight 1.176678E-06, wHPWL 7.455729E+08, Overflow 7.279192E-01, MaxDensity 1.909E+02, gamma 3.133989E+02, time 6.665ms
[INFO   ] DREAMPlace - full step 38.329 ms
[INFO   ] DREAMPlace - optimizer step 24.243 ms
[INFO   ] DREAMPlace - iteration  387, ( 387,  0,  0), Obj 4.341185E+08, DensityWeight 1.186130E-06, wHPWL 7.458018E+08, Overflow 7.280231E-01, MaxDensity 1.797E+02, gamma 3.131749E+02, time 6.645ms
[INFO   ] DREAMPlace - full step 38.458 ms
[INFO   ] DREAMPlace - optimizer step 24.151 ms
[INFO   ] DREAMPlace - iteration  388, ( 388,  0,  0), Obj 4.343828E+08, DensityWeight 1.206319E-06, wHPWL 7.460008E+08, Overflow 7.280331E-01, MaxDensity 1.697E+02, gamma 3.133413E+02, time 6.668ms
[INFO   ] DREAMPlace - full step 38.326 ms
[INFO   ] DREAMPlace - optimizer step 25.753 ms
[INFO   ] DREAMPlace - iteration  389, ( 389,  0,  0), Obj 4.344757E+08, DensityWeight 1.231984E-06, wHPWL 7.461363E+08, Overflow 7.281746E-01, MaxDensity 1.817E+02, gamma 3.133575E+02, time 76.301ms
[INFO   ] DREAMPlace - full step 109.681 ms
[INFO   ] DREAMPlace - optimizer step 24.045 ms
[INFO   ] DREAMPlace - iteration  390, ( 390,  0,  0), Obj 4.345785E+08, DensityWeight 1.269369E-06, wHPWL 7.462565E+08, Overflow 7.282980E-01, MaxDensity 1.860E+02, gamma 3.135843E+02, time 6.616ms
[INFO   ] DREAMPlace - full step 38.301 ms
[INFO   ] DREAMPlace - optimizer step 24.111 ms
[INFO   ] DREAMPlace - iteration  391, ( 391,  0,  0), Obj 4.346617E+08, DensityWeight 1.310692E-06, wHPWL 7.464622E+08, Overflow 7.285452E-01, MaxDensity 1.750E+02, gamma 3.137825E+02, time 6.619ms
[INFO   ] DREAMPlace - full step 38.318 ms
[I] plotting to conn_results/bigblue4/plot/iter0392.png takes 45.549 seconds
[INFO   ] DREAMPlace - plotting to conn_results/bigblue4/plot/iter0392.png takes 45.652 seconds
[INFO   ] DREAMPlace - optimizer step 20.442 ms
[INFO   ] DREAMPlace - iteration  392, ( 392,  0,  0), Obj 4.347099E+08, DensityWeight 1.337325E-06, wHPWL 7.466929E+08, Overflow 7.287763E-01, MaxDensity 1.745E+02, gamma 3.141797E+02, time 2.158ms
[INFO   ] DREAMPlace - full step 45692.119 ms
[INFO   ] DREAMPlace - optimizer step 23.226 ms
[INFO   ] DREAMPlace - iteration  393, ( 393,  0,  0), Obj 4.346774E+08, DensityWeight 1.359759E-06, wHPWL 7.468919E+08, Overflow 7.290156E-01, MaxDensity 1.776E+02, gamma 3.145513E+02, time 6.490ms
[INFO   ] DREAMPlace - full step 37.144 ms
[INFO   ] DREAMPlace - optimizer step 24.803 ms
[INFO   ] DREAMPlace - iteration  394, ( 394,  0,  0), Obj 4.346065E+08, DensityWeight 1.388677E-06, wHPWL 7.471028E+08, Overflow 7.289985E-01, MaxDensity 1.679E+02, gamma 3.149368E+02, time 6.628ms
[INFO   ] DREAMPlace - full step 35.273 ms
[INFO   ] DREAMPlace - optimizer step 24.809 ms
[INFO   ] DREAMPlace - iteration  395, ( 395,  0,  0), Obj 4.345575E+08, DensityWeight 1.415858E-06, wHPWL 7.473108E+08, Overflow 7.289819E-01, MaxDensity 1.757E+02, gamma 3.149092E+02, time 4.925ms
[INFO   ] DREAMPlace - full step 37.095 ms
[INFO   ] DREAMPlace - optimizer step 23.203 ms
[INFO   ] DREAMPlace - iteration  396, ( 396,  0,  0), Obj 4.346594E+08, DensityWeight 1.444164E-06, wHPWL 7.475631E+08, Overflow 7.290581E-01, MaxDensity 1.778E+02, gamma 3.148824E+02, time 6.659ms
[INFO   ] DREAMPlace - full step 37.266 ms
[INFO   ] DREAMPlace - optimizer step 23.212 ms
[INFO   ] DREAMPlace - iteration  397, ( 397,  0,  0), Obj 4.348257E+08, DensityWeight 1.463970E-06, wHPWL 7.478796E+08, Overflow 7.291670E-01, MaxDensity 1.717E+02, gamma 3.150052E+02, time 6.821ms
[INFO   ] DREAMPlace - full step 36.088 ms
[INFO   ] DREAMPlace - optimizer step 27.439 ms
[INFO   ] DREAMPlace - iteration  398, ( 398,  0,  0), Obj 4.348478E+08, DensityWeight 1.470827E-06, wHPWL 7.481557E+08, Overflow 7.290168E-01, MaxDensity 1.546E+02, gamma 3.151809E+02, time 10.283ms
[INFO   ] DREAMPlace - full step 45.087 ms
[INFO   ] DREAMPlace - optimizer step 21.885 ms
[INFO   ] DREAMPlace - iteration  399, ( 399,  0,  0), Obj 4.347926E+08, DensityWeight 1.486058E-06, wHPWL 7.482546E+08, Overflow 7.288666E-01, MaxDensity 1.760E+02, gamma 3.149388E+02, time 7.975ms
[INFO   ] DREAMPlace - full step 37.444 ms
[INFO   ] DREAMPlace - optimizer step 20.704 ms
[INFO   ] DREAMPlace - iteration  400, ( 400,  0,  0), Obj 4.348908E+08, DensityWeight 1.539000E-06, wHPWL 7.483670E+08, Overflow 7.286367E-01, MaxDensity 1.653E+02, gamma 3.146968E+02, time 30.799ms
[INFO   ] DREAMPlace - full step 57.621 ms
[INFO   ] DREAMPlace - optimizer step 19.965 ms
[INFO   ] DREAMPlace - iteration  401, ( 401,  0,  0), Obj 4.350881E+08, DensityWeight 1.590831E-06, wHPWL 7.485896E+08, Overflow 7.285057E-01, MaxDensity 1.422E+02, gamma 3.143268E+02, time 12.359ms
[INFO   ] DREAMPlace - full step 39.700 ms
[INFO   ] DREAMPlace - optimizer step 21.253 ms
[INFO   ] DREAMPlace - iteration  402, ( 402,  0,  0), Obj 4.352651E+08, DensityWeight 1.619338E-06, wHPWL 7.487736E+08, Overflow 7.281166E-01, MaxDensity 1.631E+02, gamma 3.141162E+02, time 6.643ms
[INFO   ] DREAMPlace - full step 35.264 ms
[INFO   ] DREAMPlace - optimizer step 24.842 ms
[INFO   ] DREAMPlace - iteration  403, ( 403,  0,  0), Obj 4.353599E+08, DensityWeight 1.657247E-06, wHPWL 7.488603E+08, Overflow 7.278084E-01, MaxDensity 1.625E+02, gamma 3.134914E+02, time 6.595ms
[INFO   ] DREAMPlace - full step 35.351 ms
[INFO   ] DREAMPlace - optimizer step 24.777 ms
[INFO   ] DREAMPlace - iteration  404, ( 404,  0,  0), Obj 4.355822E+08, DensityWeight 1.719200E-06, wHPWL 7.489187E+08, Overflow 7.274008E-01, MaxDensity 1.527E+02, gamma 3.129974E+02, time 6.635ms
[INFO   ] DREAMPlace - full step 35.901 ms
[INFO   ] DREAMPlace - optimizer step 24.822 ms
[INFO   ] DREAMPlace - iteration  405, ( 405,  0,  0), Obj 4.358331E+08, DensityWeight 1.790532E-06, wHPWL 7.490583E+08, Overflow 7.269185E-01, MaxDensity 1.499E+02, gamma 3.123453E+02, time 4.972ms
[INFO   ] DREAMPlace - full step 37.161 ms
[INFO   ] DREAMPlace - optimizer step 23.401 ms
[INFO   ] DREAMPlace - iteration  406, ( 406,  0,  0), Obj 4.360802E+08, DensityWeight 1.843813E-06, wHPWL 7.491640E+08, Overflow 7.263587E-01, MaxDensity 1.575E+02, gamma 3.115753E+02, time 6.648ms
[INFO   ] DREAMPlace - full step 37.450 ms
[INFO   ] DREAMPlace - optimizer step 23.229 ms
[INFO   ] DREAMPlace - iteration  407, ( 407,  0,  0), Obj 4.363998E+08, DensityWeight 1.907679E-06, wHPWL 7.492269E+08, Overflow 7.257206E-01, MaxDensity 1.409E+02, gamma 3.106841E+02, time 6.642ms
[INFO   ] DREAMPlace - full step 35.038 ms
[INFO   ] DREAMPlace - optimizer step 23.208 ms
[INFO   ] DREAMPlace - iteration  408, ( 408,  0,  0), Obj 4.367688E+08, DensityWeight 1.985591E-06, wHPWL 7.493763E+08, Overflow 7.250194E-01, MaxDensity 1.470E+02, gamma 3.096714E+02, time 6.823ms
[INFO   ] DREAMPlace - full step 36.186 ms
[INFO   ] DREAMPlace - optimizer step 23.239 ms
[INFO   ] DREAMPlace - iteration  409, ( 409,  0,  0), Obj 4.372258E+08, DensityWeight 2.041887E-06, wHPWL 7.495080E+08, Overflow 7.244195E-01, MaxDensity 1.385E+02, gamma 3.085623E+02, time 6.791ms
[INFO   ] DREAMPlace - full step 36.140 ms
[INFO   ] DREAMPlace - optimizer step 23.225 ms
[INFO   ] DREAMPlace - iteration  410, ( 410,  0,  0), Obj 4.376835E+08, DensityWeight 2.104994E-06, wHPWL 7.496604E+08, Overflow 7.238128E-01, MaxDensity 1.406E+02, gamma 3.076165E+02, time 4.371ms
[INFO   ] DREAMPlace - full step 33.726 ms
[INFO   ] DREAMPlace - optimizer step 23.142 ms
[INFO   ] DREAMPlace - iteration  411, ( 411,  0,  0), Obj 4.381020E+08, DensityWeight 2.163769E-06, wHPWL 7.497850E+08, Overflow 7.231142E-01, MaxDensity 1.350E+02, gamma 3.066631E+02, time 5.499ms
[INFO   ] DREAMPlace - full step 36.037 ms
[INFO   ] DREAMPlace - optimizer step 23.232 ms
[INFO   ] DREAMPlace - iteration  412, ( 412,  0,  0), Obj 4.384508E+08, DensityWeight 2.232833E-06, wHPWL 7.498634E+08, Overflow 7.222768E-01, MaxDensity 1.379E+02, gamma 3.055688E+02, time 5.455ms
[INFO   ] DREAMPlace - full step 36.077 ms
[INFO   ] DREAMPlace - optimizer step 4.348 ms
[INFO   ] DREAMPlace - iteration  413, ( 413,  0,  0), Obj 4.389090E+08, DensityWeight 2.318991E-06, wHPWL 7.499281E+08, Overflow 7.213391E-01, MaxDensity 1.254E+02, gamma 3.042624E+02, time 2.119ms
[INFO   ] DREAMPlace - full step 6.951 ms
[INFO   ] DREAMPlace - optimizer step 4.322 ms
[INFO   ] DREAMPlace - iteration  414, ( 414,  0,  0), Obj 4.394772E+08, DensityWeight 2.413099E-06, wHPWL 7.501036E+08, Overflow 7.205809E-01, MaxDensity 1.262E+02, gamma 3.028060E+02, time 2.145ms
[INFO   ] DREAMPlace - full step 6.957 ms
[INFO   ] DREAMPlace - optimizer step 4.367 ms
[INFO   ] DREAMPlace - iteration  415, ( 415,  0,  0), Obj 4.401765E+08, DensityWeight 2.472522E-06, wHPWL 7.503176E+08, Overflow 7.195784E-01, MaxDensity 1.052E+02, gamma 3.016335E+02, time 2.121ms
[INFO   ] DREAMPlace - full step 11.644 ms
[INFO   ] DREAMPlace - optimizer step 6.256 ms
[INFO   ] DREAMPlace - iteration  416, ( 416,  0,  0), Obj 4.406996E+08, DensityWeight 2.519839E-06, wHPWL 7.505379E+08, Overflow 7.186674E-01, MaxDensity 1.158E+02, gamma 3.000902E+02, time 2.337ms
[INFO   ] DREAMPlace - full step 9.627 ms
[INFO   ] DREAMPlace - optimizer step 6.249 ms
[INFO   ] DREAMPlace - iteration  417, ( 417,  0,  0), Obj 4.413672E+08, DensityWeight 2.565816E-06, wHPWL 7.506083E+08, Overflow 7.174737E-01, MaxDensity 1.158E+02, gamma 2.986947E+02, time 2.308ms
[INFO   ] DREAMPlace - full step 9.569 ms
[INFO   ] DREAMPlace - optimizer step 21.811 ms
[INFO   ] DREAMPlace - iteration  418, ( 418,  0,  0), Obj 4.420053E+08, DensityWeight 2.667797E-06, wHPWL 7.508054E+08, Overflow 7.165424E-01, MaxDensity 1.095E+02, gamma 2.968758E+02, time 6.636ms
[INFO   ] DREAMPlace - full step 35.136 ms
[INFO   ] DREAMPlace - optimizer step 24.321 ms
[INFO   ] DREAMPlace - iteration  419, ( 419,  0,  0), Obj 4.428677E+08, DensityWeight 2.725237E-06, wHPWL 7.509568E+08, Overflow 7.154921E-01, MaxDensity 1.042E+02, gamma 2.954643E+02, time 6.681ms
[INFO   ] DREAMPlace - full step 38.419 ms
[INFO   ] DREAMPlace - optimizer step 21.616 ms
[INFO   ] DREAMPlace - iteration  420, ( 420,  0,  0), Obj 4.435337E+08, DensityWeight 2.801755E-06, wHPWL 7.511709E+08, Overflow 7.146779E-01, MaxDensity 1.084E+02, gamma 2.938807E+02, time 7.369ms
[INFO   ] DREAMPlace - full step 36.356 ms
[INFO   ] DREAMPlace - optimizer step 23.544 ms
[INFO   ] DREAMPlace - iteration  421, ( 421,  0,  0), Obj 4.442448E+08, DensityWeight 2.855321E-06, wHPWL 7.512250E+08, Overflow 7.135737E-01, MaxDensity 1.041E+02, gamma 2.926590E+02, time 6.597ms
[INFO   ] DREAMPlace - full step 36.372 ms
[INFO   ] DREAMPlace - optimizer step 21.788 ms
[INFO   ] DREAMPlace - iteration  422, ( 422,  0,  0), Obj 4.447723E+08, DensityWeight 2.975596E-06, wHPWL 7.513055E+08, Overflow 7.126752E-01, MaxDensity 1.070E+02, gamma 2.910100E+02, time 5.227ms
[INFO   ] DREAMPlace - full step 34.440 ms
[INFO   ] DREAMPlace - optimizer step 22.503 ms
[INFO   ] DREAMPlace - iteration  423, ( 423,  0,  0), Obj 4.455215E+08, DensityWeight 3.089506E-06, wHPWL 7.513304E+08, Overflow 7.115898E-01, MaxDensity 1.103E+02, gamma 2.896752E+02, time 6.622ms
[INFO   ] DREAMPlace - full step 36.547 ms
[INFO   ] DREAMPlace - optimizer step 24.666 ms
[INFO   ] DREAMPlace - iteration  424, ( 424,  0,  0), Obj 4.461687E+08, DensityWeight 3.232713E-06, wHPWL 7.515091E+08, Overflow 7.105472E-01, MaxDensity 1.154E+02, gamma 2.880710E+02, time 6.658ms
[INFO   ] DREAMPlace - full step 38.704 ms
[INFO   ] DREAMPlace - optimizer step 23.699 ms
[INFO   ] DREAMPlace - iteration  425, ( 425,  0,  0), Obj 4.469360E+08, DensityWeight 3.310843E-06, wHPWL 7.516100E+08, Overflow 7.092936E-01, MaxDensity 1.219E+02, gamma 2.865381E+02, time 6.616ms
[INFO   ] DREAMPlace - full step 36.516 ms
[INFO   ] DREAMPlace - optimizer step 23.652 ms
[INFO   ] DREAMPlace - iteration  426, ( 426,  0,  0), Obj 4.476668E+08, DensityWeight 3.427816E-06, wHPWL 7.517655E+08, Overflow 7.081624E-01, MaxDensity 1.162E+02, gamma 2.847060E+02, time 6.627ms
[INFO   ] DREAMPlace - full step 36.597 ms
[INFO   ] DREAMPlace - optimizer step 23.572 ms
[INFO   ] DREAMPlace - iteration  427, ( 427,  0,  0), Obj 4.485913E+08, DensityWeight 3.522049E-06, wHPWL 7.519327E+08, Overflow 7.069604E-01, MaxDensity 1.193E+02, gamma 2.830629E+02, time 9.799ms
[INFO   ] DREAMPlace - full step 39.596 ms
[INFO   ] DREAMPlace - optimizer step 28.956 ms
[INFO   ] DREAMPlace - iteration  428, ( 428,  0,  0), Obj 4.494300E+08, DensityWeight 3.612968E-06, wHPWL 7.521572E+08, Overflow 7.055999E-01, MaxDensity 1.150E+02, gamma 2.813272E+02, time 6.540ms
[INFO   ] DREAMPlace - full step 41.698 ms
[INFO   ] DREAMPlace - optimizer step 24.911 ms
[INFO   ] DREAMPlace - iteration  429, ( 429,  0,  0), Obj 4.502967E+08, DensityWeight 3.676726E-06, wHPWL 7.522745E+08, Overflow 7.041885E-01, MaxDensity 1.164E+02, gamma 2.793756E+02, time 34.777ms
[INFO   ] DREAMPlace - full step 63.262 ms
[INFO   ] DREAMPlace - optimizer step 21.375 ms
[INFO   ] DREAMPlace - iteration  430, ( 430,  0,  0), Obj 4.512595E+08, DensityWeight 3.797942E-06, wHPWL 7.523864E+08, Overflow 7.027826E-01, MaxDensity 1.074E+02, gamma 2.773652E+02, time 6.643ms
[INFO   ] DREAMPlace - full step 35.407 ms
[INFO   ] DREAMPlace - optimizer step 21.809 ms
[INFO   ] DREAMPlace - iteration  431, ( 431,  0,  0), Obj 4.523439E+08, DensityWeight 3.926096E-06, wHPWL 7.525789E+08, Overflow 7.014151E-01, MaxDensity 1.096E+02, gamma 2.753770E+02, time 6.611ms
[INFO   ] DREAMPlace - full step 35.810 ms
[INFO   ] DREAMPlace - optimizer step 24.853 ms
[INFO   ] DREAMPlace - iteration  432, ( 432,  0,  0), Obj 4.533858E+08, DensityWeight 4.013242E-06, wHPWL 7.527361E+08, Overflow 7.000960E-01, MaxDensity 1.031E+02, gamma 2.734568E+02, time 4.492ms
[INFO   ] DREAMPlace - full step 35.558 ms
[INFO   ] DREAMPlace - optimizer step 24.880 ms
[INFO   ] DREAMPlace - iteration  433, ( 433,  0,  0), Obj 4.543893E+08, DensityWeight 4.122575E-06, wHPWL 7.528097E+08, Overflow 6.988701E-01, MaxDensity 1.068E+02, gamma 2.716174E+02, time 6.613ms
[INFO   ] DREAMPlace - full step 35.632 ms
[INFO   ] DREAMPlace - optimizer step 21.650 ms
[INFO   ] DREAMPlace - iteration  434, ( 434,  0,  0), Obj 4.553439E+08, DensityWeight 4.284519E-06, wHPWL 7.528618E+08, Overflow 6.975299E-01, MaxDensity 1.002E+02, gamma 2.699189E+02, time 6.655ms
[INFO   ] DREAMPlace - full step 35.690 ms
[INFO   ] DREAMPlace - optimizer step 21.780 ms
[INFO   ] DREAMPlace - iteration  435, ( 435,  0,  0), Obj 4.562630E+08, DensityWeight 4.466192E-06, wHPWL 7.529130E+08, Overflow 6.963843E-01, MaxDensity 9.915E+01, gamma 2.680742E+02, time 6.637ms
[INFO   ] DREAMPlace - full step 35.813 ms
[INFO   ] DREAMPlace - optimizer step 24.812 ms
[INFO   ] DREAMPlace - iteration  436, ( 436,  0,  0), Obj 4.572515E+08, DensityWeight 4.656150E-06, wHPWL 7.529686E+08, Overflow 6.953148E-01, MaxDensity 8.694E+01, gamma 2.665074E+02, time 4.500ms
[INFO   ] DREAMPlace - full step 35.563 ms
[INFO   ] DREAMPlace - optimizer step 24.888 ms
[INFO   ] DREAMPlace - iteration  437, ( 437,  0,  0), Obj 4.581852E+08, DensityWeight 4.851243E-06, wHPWL 7.531445E+08, Overflow 6.938415E-01, MaxDensity 9.368E+01, gamma 2.650529E+02, time 6.615ms
[INFO   ] DREAMPlace - full step 35.609 ms
[INFO   ] DREAMPlace - optimizer step 23.889 ms
[INFO   ] DREAMPlace - iteration  438, ( 438,  0,  0), Obj 4.590362E+08, DensityWeight 4.970396E-06, wHPWL 7.533009E+08, Overflow 6.925032E-01, MaxDensity 8.487E+01, gamma 2.630623E+02, time 6.655ms
[INFO   ] DREAMPlace - full step 37.931 ms
[INFO   ] DREAMPlace - optimizer step 24.004 ms
[INFO   ] DREAMPlace - iteration  439, ( 439,  0,  0), Obj 4.601941E+08, DensityWeight 5.106398E-06, wHPWL 7.534738E+08, Overflow 6.908103E-01, MaxDensity 8.558E+01, gamma 2.612671E+02, time 6.656ms
[INFO   ] DREAMPlace - full step 38.054 ms
[INFO   ] DREAMPlace - optimizer step 27.476 ms
[INFO   ] DREAMPlace - iteration  440, ( 440,  0,  0), Obj 4.614188E+08, DensityWeight 5.234012E-06, wHPWL 7.539475E+08, Overflow 6.891731E-01, MaxDensity 7.923E+01, gamma 2.590136E+02, time 9.034ms
[INFO   ] DREAMPlace - full step 41.754 ms
[INFO   ] DREAMPlace - optimizer step 30.595 ms
[INFO   ] DREAMPlace - iteration  441, ( 441,  0,  0), Obj 4.628422E+08, DensityWeight 5.220927E-06, wHPWL 7.543110E+08, Overflow 6.873739E-01, MaxDensity 8.281E+01, gamma 2.568529E+02, time 9.326ms
[INFO   ] DREAMPlace - full step 47.336 ms
[INFO   ] DREAMPlace - optimizer step 24.843 ms
[INFO   ] DREAMPlace - iteration  442, ( 442,  0,  0), Obj 4.642520E+08, DensityWeight 5.211096E-06, wHPWL 7.547044E+08, Overflow 6.855308E-01, MaxDensity 7.902E+01, gamma 2.544991E+02, time 6.630ms
[INFO   ] DREAMPlace - full step 38.876 ms
[INFO   ] DREAMPlace - optimizer step 21.714 ms
[INFO   ] DREAMPlace - iteration  443, ( 443,  0,  0), Obj 4.657584E+08, DensityWeight 5.198068E-06, wHPWL 7.549944E+08, Overflow 6.838684E-01, MaxDensity 7.678E+01, gamma 2.521102E+02, time 6.616ms
[INFO   ] DREAMPlace - full step 35.701 ms
[INFO   ] DREAMPlace - optimizer step 21.577 ms
[INFO   ] DREAMPlace - iteration  444, ( 444,  0,  0), Obj 4.672870E+08, DensityWeight 5.241692E-06, wHPWL 7.552263E+08, Overflow 6.823165E-01, MaxDensity 7.842E+01, gamma 2.499748E+02, time 6.625ms
[INFO   ] DREAMPlace - full step 35.575 ms
[INFO   ] DREAMPlace - optimizer step 25.165 ms
[INFO   ] DREAMPlace - iteration  445, ( 445,  0,  0), Obj 4.686625E+08, DensityWeight 5.328723E-06, wHPWL 7.553396E+08, Overflow 6.808367E-01, MaxDensity 7.725E+01, gamma 2.479977E+02, time 5.484ms
[INFO   ] DREAMPlace - full step 37.976 ms
[INFO   ] DREAMPlace - optimizer step 27.819 ms
[INFO   ] DREAMPlace - iteration  446, ( 446,  0,  0), Obj 4.698858E+08, DensityWeight 5.507497E-06, wHPWL 7.552887E+08, Overflow 6.796236E-01, MaxDensity 7.632E+01, gamma 2.461270E+02, time 6.634ms
[INFO   ] DREAMPlace - full step 39.637 ms
[INFO   ] DREAMPlace - optimizer step 21.717 ms
[INFO   ] DREAMPlace - iteration  447, ( 447,  0,  0), Obj 4.710433E+08, DensityWeight 5.667215E-06, wHPWL 7.551556E+08, Overflow 6.784739E-01, MaxDensity 7.968E+01, gamma 2.446039E+02, time 6.610ms
[INFO   ] DREAMPlace - full step 35.716 ms
[I] plotting to conn_results/bigblue4/plot/iter0448.png takes 47.387 seconds
[INFO   ] DREAMPlace - plotting to conn_results/bigblue4/plot/iter0448.png takes 47.499 seconds
[INFO   ] DREAMPlace - optimizer step 50.839 ms
[INFO   ] DREAMPlace - iteration  448, ( 448,  0,  0), Obj 4.720657E+08, DensityWeight 5.831565E-06, wHPWL 7.551213E+08, Overflow 6.773403E-01, MaxDensity 7.331E+01, gamma 2.431692E+02, time 6.657ms
[INFO   ] DREAMPlace - full step 47577.723 ms
[INFO   ] DREAMPlace - optimizer step 90.833 ms
[INFO   ] DREAMPlace - iteration  449, ( 449,  0,  0), Obj 4.730103E+08, DensityWeight 6.000680E-06, wHPWL 7.550118E+08, Overflow 6.761922E-01, MaxDensity 7.263E+01, gamma 2.417628E+02, time 15.457ms
[INFO   ] DREAMPlace - full step 113.657 ms
[INFO   ] DREAMPlace - optimizer step 69.698 ms
[INFO   ] DREAMPlace - iteration  450, ( 450,  0,  0), Obj 4.739825E+08, DensityWeight 6.174700E-06, wHPWL 7.549949E+08, Overflow 6.750900E-01, MaxDensity 7.141E+01, gamma 2.403466E+02, time 7.913ms
[INFO   ] DREAMPlace - full step 85.062 ms
[INFO   ] DREAMPlace - optimizer step 69.254 ms
[INFO   ] DREAMPlace - iteration  451, ( 451,  0,  0), Obj 4.749945E+08, DensityWeight 6.353767E-06, wHPWL 7.550220E+08, Overflow 6.739136E-01, MaxDensity 7.165E+01, gamma 2.389948E+02, time 11.214ms
[INFO   ] DREAMPlace - full step 87.844 ms
[INFO   ] DREAMPlace - optimizer step 57.249 ms
[INFO   ] DREAMPlace - iteration  452, ( 452,  0,  0), Obj 4.760193E+08, DensityWeight 6.646326E-06, wHPWL 7.551681E+08, Overflow 6.726880E-01, MaxDensity 6.967E+01, gamma 2.375607E+02, time 20.765ms
[INFO   ] DREAMPlace - full step 85.096 ms
[INFO   ] DREAMPlace - optimizer step 79.884 ms
[INFO   ] DREAMPlace - iteration  453, ( 453,  0,  0), Obj 4.770735E+08, DensityWeight 6.837938E-06, wHPWL 7.552677E+08, Overflow 6.716647E-01, MaxDensity 6.563E+01, gamma 2.360755E+02, time 14.897ms
[INFO   ] DREAMPlace - full step 102.168 ms
[INFO   ] DREAMPlace - optimizer step 57.239 ms
[INFO   ] DREAMPlace - iteration  454, ( 454,  0,  0), Obj 4.782285E+08, DensityWeight 7.080852E-06, wHPWL 7.555405E+08, Overflow 6.703331E-01, MaxDensity 6.636E+01, gamma 2.348425E+02, time 16.978ms
[INFO   ] DREAMPlace - full step 81.490 ms
[INFO   ] DREAMPlace - optimizer step 52.163 ms
[INFO   ] DREAMPlace - iteration  455, ( 455,  0,  0), Obj 4.792946E+08, DensityWeight 7.157498E-06, wHPWL 7.558980E+08, Overflow 6.690241E-01, MaxDensity 6.012E+01, gamma 2.332479E+02, time 5.783ms
[INFO   ] DREAMPlace - full step 65.317 ms
[INFO   ] DREAMPlace - optimizer step 21.943 ms
[INFO   ] DREAMPlace - iteration  456, ( 456,  0,  0), Obj 4.805798E+08, DensityWeight 7.149950E-06, wHPWL 7.563267E+08, Overflow 6.674423E-01, MaxDensity 6.311E+01, gamma 2.316909E+02, time 6.606ms
[INFO   ] DREAMPlace - full step 35.931 ms
[INFO   ] DREAMPlace - optimizer step 24.943 ms
[INFO   ] DREAMPlace - iteration  457, ( 457,  0,  0), Obj 4.819539E+08, DensityWeight 7.132075E-06, wHPWL 7.569156E+08, Overflow 6.659161E-01, MaxDensity 5.814E+01, gamma 2.298231E+02, time 6.668ms
[INFO   ] DREAMPlace - full step 38.932 ms
[INFO   ] DREAMPlace - optimizer step 46.512 ms
[INFO   ] DREAMPlace - iteration  458, ( 458,  0,  0), Obj 4.835514E+08, DensityWeight 7.114244E-06, wHPWL 7.575941E+08, Overflow 6.642323E-01, MaxDensity 5.983E+01, gamma 2.280354E+02, time 6.774ms
[INFO   ] DREAMPlace - full step 58.724 ms
[INFO   ] DREAMPlace - optimizer step 20.239 ms
[INFO   ] DREAMPlace - iteration  459, ( 459,  0,  0), Obj 4.850688E+08, DensityWeight 7.096458E-06, wHPWL 7.581562E+08, Overflow 6.626248E-01, MaxDensity 6.059E+01, gamma 2.260792E+02, time 10.412ms
[INFO   ] DREAMPlace - full step 37.992 ms
[INFO   ] DREAMPlace - optimizer step 23.142 ms
[INFO   ] DREAMPlace - iteration  460, ( 460,  0,  0), Obj 4.866598E+08, DensityWeight 7.078717E-06, wHPWL 7.586527E+08, Overflow 6.610814E-01, MaxDensity 5.930E+01, gamma 2.242271E+02, time 4.562ms
[INFO   ] DREAMPlace - full step 33.149 ms
[INFO   ] DREAMPlace - optimizer step 20.914 ms
[INFO   ] DREAMPlace - iteration  461, ( 461,  0,  0), Obj 4.881690E+08, DensityWeight 7.061019E-06, wHPWL 7.590391E+08, Overflow 6.598286E-01, MaxDensity 6.208E+01, gamma 2.224634E+02, time 6.657ms
[INFO   ] DREAMPlace - full step 65.418 ms
[INFO   ] DREAMPlace - optimizer step 21.001 ms
[INFO   ] DREAMPlace - iteration  462, ( 462,  0,  0), Obj 4.896316E+08, DensityWeight 7.043367E-06, wHPWL 7.594221E+08, Overflow 6.585808E-01, MaxDensity 6.078E+01, gamma 2.210418E+02, time 6.656ms
[INFO   ] DREAMPlace - full step 35.069 ms
[INFO   ] DREAMPlace - optimizer step 59.329 ms
[INFO   ] DREAMPlace - iteration  463, ( 463,  0,  0), Obj 4.908034E+08, DensityWeight 7.025758E-06, wHPWL 7.596012E+08, Overflow 6.576815E-01, MaxDensity 6.234E+01, gamma 2.196350E+02, time 6.644ms
[INFO   ] DREAMPlace - full step 71.601 ms
[INFO   ] DREAMPlace - optimizer step 23.419 ms
[INFO   ] DREAMPlace - iteration  464, ( 464,  0,  0), Obj 4.919182E+08, DensityWeight 7.195174E-06, wHPWL 7.596917E+08, Overflow 6.569577E-01, MaxDensity 6.274E+01, gamma 2.186266E+02, time 6.625ms
[INFO   ] DREAMPlace - full step 37.449 ms
[INFO   ] DREAMPlace - optimizer step 33.219 ms
[INFO   ] DREAMPlace - iteration  465, ( 465,  0,  0), Obj 4.927796E+08, DensityWeight 7.460157E-06, wHPWL 7.597163E+08, Overflow 6.564941E-01, MaxDensity 6.641E+01, gamma 2.178185E+02, time 6.583ms
[INFO   ] DREAMPlace - full step 47.441 ms
[INFO   ] DREAMPlace - optimizer step 21.020 ms
[INFO   ] DREAMPlace - iteration  466, ( 466,  0,  0), Obj 4.934846E+08, DensityWeight 7.806375E-06, wHPWL 7.597148E+08, Overflow 6.559561E-01, MaxDensity 7.008E+01, gamma 2.173023E+02, time 6.649ms
[INFO   ] DREAMPlace - full step 66.361 ms
[INFO   ] DREAMPlace - optimizer step 21.088 ms
[INFO   ] DREAMPlace - iteration  467, ( 467,  0,  0), Obj 4.939659E+08, DensityWeight 8.032760E-06, wHPWL 7.596424E+08, Overflow 6.556668E-01, MaxDensity 6.723E+01, gamma 2.167050E+02, time 6.629ms
[INFO   ] DREAMPlace - full step 35.167 ms
[INFO   ] DREAMPlace - optimizer step 63.511 ms
[INFO   ] DREAMPlace - iteration  468, ( 468,  0,  0), Obj 4.945534E+08, DensityWeight 8.265711E-06, wHPWL 7.597468E+08, Overflow 6.550264E-01, MaxDensity 6.942E+01, gamma 2.163845E+02, time 6.615ms
[INFO   ] DREAMPlace - full step 77.731 ms
[INFO   ] DREAMPlace - optimizer step 20.915 ms
[INFO   ] DREAMPlace - iteration  469, ( 469,  0,  0), Obj 4.950284E+08, DensityWeight 8.553620E-06, wHPWL 7.599807E+08, Overflow 6.545019E-01, MaxDensity 6.275E+01, gamma 2.156766E+02, time 6.657ms
[INFO   ] DREAMPlace - full step 59.767 ms
[INFO   ] DREAMPlace - optimizer step 21.134 ms
[INFO   ] DREAMPlace - iteration  470, ( 470,  0,  0), Obj 4.957125E+08, DensityWeight 8.693235E-06, wHPWL 7.602620E+08, Overflow 6.538867E-01, MaxDensity 6.323E+01, gamma 2.150984E+02, time 6.644ms
[INFO   ] DREAMPlace - full step 35.172 ms
[INFO   ] DREAMPlace - optimizer step 53.966 ms
[INFO   ] DREAMPlace - iteration  471, ( 471,  0,  0), Obj 4.963493E+08, DensityWeight 8.776913E-06, wHPWL 7.606237E+08, Overflow 6.531321E-01, MaxDensity 5.889E+01, gamma 2.144224E+02, time 6.654ms
[INFO   ] DREAMPlace - full step 68.254 ms
[INFO   ] DREAMPlace - optimizer step 25.247 ms
[INFO   ] DREAMPlace - iteration  472, ( 472,  0,  0), Obj 4.970611E+08, DensityWeight 8.762498E-06, wHPWL 7.610742E+08, Overflow 6.523437E-01, MaxDensity 5.804E+01, gamma 2.135961E+02, time 6.678ms
[INFO   ] DREAMPlace - full step 37.438 ms
[INFO   ] DREAMPlace - optimizer step 26.526 ms
[INFO   ] DREAMPlace - iteration  473, ( 473,  0,  0), Obj 4.977932E+08, DensityWeight 8.740591E-06, wHPWL 7.613992E+08, Overflow 6.515086E-01, MaxDensity 5.367E+01, gamma 2.127361E+02, time 21.393ms
[INFO   ] DREAMPlace - full step 55.462 ms
[INFO   ] DREAMPlace - optimizer step 50.626 ms
[INFO   ] DREAMPlace - iteration  474, ( 474,  0,  0), Obj 4.985995E+08, DensityWeight 8.771193E-06, wHPWL 7.618318E+08, Overflow 6.506377E-01, MaxDensity 5.141E+01, gamma 2.118291E+02, time 6.699ms
[INFO   ] DREAMPlace - full step 60.200 ms
[INFO   ] DREAMPlace - optimizer step 21.110 ms
[INFO   ] DREAMPlace - iteration  475, ( 475,  0,  0), Obj 4.993405E+08, DensityWeight 8.749264E-06, wHPWL 7.620723E+08, Overflow 6.497890E-01, MaxDensity 5.337E+01, gamma 2.108872E+02, time 6.664ms
[INFO   ] DREAMPlace - full step 32.990 ms
[INFO   ] DREAMPlace - optimizer step 23.250 ms
[INFO   ] DREAMPlace - iteration  476, ( 476,  0,  0), Obj 5.000875E+08, DensityWeight 8.883904E-06, wHPWL 7.622869E+08, Overflow 6.491480E-01, MaxDensity 5.305E+01, gamma 2.099734E+02, time 38.587ms
[INFO   ] DREAMPlace - full step 67.402 ms
[INFO   ] DREAMPlace - optimizer step 7.468 ms
[INFO   ] DREAMPlace - iteration  477, ( 477,  0,  0), Obj 5.007529E+08, DensityWeight 9.053108E-06, wHPWL 7.623439E+08, Overflow 6.484936E-01, MaxDensity 5.017E+01, gamma 2.092859E+02, time 6.573ms
[INFO   ] DREAMPlace - full step 16.764 ms
[INFO   ] DREAMPlace - optimizer step 4.329 ms
[INFO   ] DREAMPlace - iteration  478, ( 478,  0,  0), Obj 5.012728E+08, DensityWeight 9.430499E-06, wHPWL 7.623942E+08, Overflow 6.480439E-01, MaxDensity 5.016E+01, gamma 2.085862E+02, time 2.152ms
[INFO   ] DREAMPlace - full step 6.978 ms
[INFO   ] DREAMPlace - optimizer step 4.771 ms
[INFO   ] DREAMPlace - iteration  479, ( 479,  0,  0), Obj 5.016894E+08, DensityWeight 9.832828E-06, wHPWL 7.622342E+08, Overflow 6.474022E-01, MaxDensity 5.241E+01, gamma 2.081067E+02, time 4.649ms
[INFO   ] DREAMPlace - full step 9.901 ms
[INFO   ] DREAMPlace - optimizer step 7.839 ms
[INFO   ] DREAMPlace - iteration  480, ( 480,  0,  0), Obj 5.020348E+08, DensityWeight 1.011798E-05, wHPWL 7.622086E+08, Overflow 6.469054E-01, MaxDensity 4.751E+01, gamma 2.074246E+02, time 6.614ms
[INFO   ] DREAMPlace - full step 15.321 ms
[INFO   ] DREAMPlace - optimizer step 9.925 ms
[INFO   ] DREAMPlace - iteration  481, ( 481,  0,  0), Obj 5.024634E+08, DensityWeight 1.041140E-05, wHPWL 7.621416E+08, Overflow 6.461566E-01, MaxDensity 4.929E+01, gamma 2.068979E+02, time 2.302ms
[INFO   ] DREAMPlace - full step 13.128 ms
[INFO   ] DREAMPlace - optimizer step 15.571 ms
[INFO   ] DREAMPlace - iteration  482, ( 482,  0,  0), Obj 5.029106E+08, DensityWeight 1.071333E-05, wHPWL 7.623035E+08, Overflow 6.452663E-01, MaxDensity 5.086E+01, gamma 2.061068E+02, time 2.329ms
[INFO   ] DREAMPlace - full step 23.198 ms
[INFO   ] DREAMPlace - optimizer step 24.804 ms
[INFO   ] DREAMPlace - iteration  483, ( 483,  0,  0), Obj 5.034307E+08, DensityWeight 1.099803E-05, wHPWL 7.623398E+08, Overflow 6.442016E-01, MaxDensity 4.667E+01, gamma 2.051699E+02, time 6.856ms
[INFO   ] DREAMPlace - full step 39.037 ms
[INFO   ] DREAMPlace - optimizer step 22.593 ms
[INFO   ] DREAMPlace - iteration  484, ( 484,  0,  0), Obj 5.041092E+08, DensityWeight 1.148967E-05, wHPWL 7.625135E+08, Overflow 6.429838E-01, MaxDensity 5.052E+01, gamma 2.040553E+02, time 6.527ms
[INFO   ] DREAMPlace - full step 36.508 ms
[INFO   ] DREAMPlace - optimizer step 22.660 ms
[INFO   ] DREAMPlace - iteration  485, ( 485,  0,  0), Obj 5.048957E+08, DensityWeight 1.177544E-05, wHPWL 7.626917E+08, Overflow 6.418751E-01, MaxDensity 4.728E+01, gamma 2.027877E+02, time 6.580ms
[INFO   ] DREAMPlace - full step 36.615 ms
[INFO   ] DREAMPlace - optimizer step 25.719 ms
[INFO   ] DREAMPlace - iteration  486, ( 486,  0,  0), Obj 5.058099E+08, DensityWeight 1.206089E-05, wHPWL 7.629539E+08, Overflow 6.403396E-01, MaxDensity 4.986E+01, gamma 2.016406E+02, time 9.826ms
[INFO   ] DREAMPlace - full step 42.901 ms
[INFO   ] DREAMPlace - optimizer step 59.986 ms
[INFO   ] DREAMPlace - iteration  487, ( 487,  0,  0), Obj 5.066377E+08, DensityWeight 1.220940E-05, wHPWL 7.631806E+08, Overflow 6.386156E-01, MaxDensity 4.668E+01, gamma 2.000624E+02, time 6.551ms
[INFO   ] DREAMPlace - full step 73.994 ms
[INFO   ] DREAMPlace - optimizer step 24.350 ms
[INFO   ] DREAMPlace - iteration  488, ( 488,  0,  0), Obj 5.077160E+08, DensityWeight 1.242109E-05, wHPWL 7.633651E+08, Overflow 6.367358E-01, MaxDensity 4.470E+01, gamma 1.983054E+02, time 6.653ms
[INFO   ] DREAMPlace - full step 67.579 ms
[INFO   ] DREAMPlace - optimizer step 24.432 ms
[INFO   ] DREAMPlace - iteration  489, ( 489,  0,  0), Obj 5.089855E+08, DensityWeight 1.271097E-05, wHPWL 7.636376E+08, Overflow 6.352304E-01, MaxDensity 4.566E+01, gamma 1.964071E+02, time 6.641ms
[INFO   ] DREAMPlace - full step 38.340 ms
[INFO   ] DREAMPlace - optimizer step 49.201 ms
[INFO   ] DREAMPlace - iteration  490, ( 490,  0,  0), Obj 5.103968E+08, DensityWeight 1.284901E-05, wHPWL 7.639777E+08, Overflow 6.336212E-01, MaxDensity 4.468E+01, gamma 1.948999E+02, time 6.702ms
[INFO   ] DREAMPlace - full step 62.895 ms
[INFO   ] DREAMPlace - optimizer step 56.523 ms
[INFO   ] DREAMPlace - iteration  491, ( 491,  0,  0), Obj 5.114650E+08, DensityWeight 1.286677E-05, wHPWL 7.641135E+08, Overflow 6.320080E-01, MaxDensity 4.463E+01, gamma 1.933017E+02, time 6.647ms
[INFO   ] DREAMPlace - full step 70.555 ms
[INFO   ] DREAMPlace - optimizer step 22.848 ms
[INFO   ] DREAMPlace - iteration  492, ( 492,  0,  0), Obj 5.124897E+08, DensityWeight 1.325674E-05, wHPWL 7.640223E+08, Overflow 6.305785E-01, MaxDensity 4.274E+01, gamma 1.917127E+02, time 6.584ms
[INFO   ] DREAMPlace - full step 36.974 ms
[INFO   ] DREAMPlace - optimizer step 24.673 ms
[INFO   ] DREAMPlace - iteration  493, ( 493,  0,  0), Obj 5.135502E+08, DensityWeight 1.364119E-05, wHPWL 7.639261E+08, Overflow 6.291929E-01, MaxDensity 4.198E+01, gamma 1.903155E+02, time 5.719ms
[INFO   ] DREAMPlace - full step 37.637 ms
[INFO   ] DREAMPlace - optimizer step 47.454 ms
[INFO   ] DREAMPlace - iteration  494, ( 494,  0,  0), Obj 5.145678E+08, DensityWeight 1.403678E-05, wHPWL 7.639740E+08, Overflow 6.281174E-01, MaxDensity 4.091E+01, gamma 1.889710E+02, time 4.826ms
[INFO   ] DREAMPlace - full step 59.474 ms
[INFO   ] DREAMPlace - optimizer step 25.064 ms
[INFO   ] DREAMPlace - iteration  495, ( 495,  0,  0), Obj 5.154594E+08, DensityWeight 1.464046E-05, wHPWL 7.638486E+08, Overflow 6.269734E-01, MaxDensity 4.133E+01, gamma 1.879339E+02, time 6.573ms
[INFO   ] DREAMPlace - full step 39.006 ms
[INFO   ] DREAMPlace - optimizer step 22.316 ms
[INFO   ] DREAMPlace - iteration  496, ( 496,  0,  0), Obj 5.161786E+08, DensityWeight 1.506503E-05, wHPWL 7.637777E+08, Overflow 6.261107E-01, MaxDensity 4.162E+01, gamma 1.868370E+02, time 8.031ms
[INFO   ] DREAMPlace - full step 36.298 ms
[INFO   ] DREAMPlace - optimizer step 58.292 ms
[INFO   ] DREAMPlace - iteration  497, ( 497,  0,  0), Obj 5.168790E+08, DensityWeight 1.550192E-05, wHPWL 7.636029E+08, Overflow 6.248862E-01, MaxDensity 3.936E+01, gamma 1.860140E+02, time 6.647ms
[INFO   ] DREAMPlace - full step 72.381 ms
[INFO   ] DREAMPlace - optimizer step 24.643 ms
[INFO   ] DREAMPlace - iteration  498, ( 498,  0,  0), Obj 5.175339E+08, DensityWeight 1.595147E-05, wHPWL 7.636856E+08, Overflow 6.238101E-01, MaxDensity 4.212E+01, gamma 1.848522E+02, time 6.766ms
[INFO   ] DREAMPlace - full step 37.148 ms
[INFO   ] DREAMPlace - optimizer step 27.253 ms
[INFO   ] DREAMPlace - iteration  499, ( 499,  0,  0), Obj 5.183677E+08, DensityWeight 1.655724E-05, wHPWL 7.636998E+08, Overflow 6.223021E-01, MaxDensity 4.373E+01, gamma 1.838372E+02, time 4.487ms
[INFO   ] DREAMPlace - full step 38.114 ms
[INFO   ] DREAMPlace - optimizer step 64.187 ms
[INFO   ] DREAMPlace - iteration  500, ( 500,  0,  0), Obj 5.192501E+08, DensityWeight 1.735055E-05, wHPWL 7.639981E+08, Overflow 6.210015E-01, MaxDensity 3.671E+01, gamma 1.824241E+02, time 6.634ms
[INFO   ] DREAMPlace - full step 78.161 ms
[INFO   ] DREAMPlace - optimizer step 20.611 ms
[INFO   ] DREAMPlace - iteration  501, ( 501,  0,  0), Obj 5.203490E+08, DensityWeight 1.747619E-05, wHPWL 7.642218E+08, Overflow 6.192293E-01, MaxDensity 4.498E+01, gamma 1.812142E+02, time 6.762ms
[INFO   ] DREAMPlace - full step 58.089 ms
[INFO   ] DREAMPlace - optimizer step 24.909 ms
[INFO   ] DREAMPlace - iteration  502, ( 502,  0,  0), Obj 5.214516E+08, DensityWeight 1.778666E-05, wHPWL 7.647203E+08, Overflow 6.177062E-01, MaxDensity 3.875E+01, gamma 1.795783E+02, time 6.651ms
[INFO   ] DREAMPlace - full step 38.918 ms
[INFO   ] DREAMPlace - optimizer step 24.865 ms
[INFO   ] DREAMPlace - iteration  503, ( 503,  0,  0), Obj 5.228023E+08, DensityWeight 1.774219E-05, wHPWL 7.651159E+08, Overflow 6.157342E-01, MaxDensity 4.110E+01, gamma 1.781842E+02, time 11.169ms
[INFO   ] DREAMPlace - full step 39.467 ms
[I] plotting to conn_results/bigblue4/plot/iter0504.png takes 74.162 seconds
[INFO   ] DREAMPlace - plotting to conn_results/bigblue4/plot/iter0504.png takes 74.428 seconds
[INFO   ] DREAMPlace - optimizer step 27.171 ms
[INFO   ] DREAMPlace - iteration  504, ( 504,  0,  0), Obj 5.240995E+08, DensityWeight 1.769783E-05, wHPWL 7.656915E+08, Overflow 6.141101E-01, MaxDensity 3.709E+01, gamma 1.763952E+02, time 6.712ms
[INFO   ] DREAMPlace - full step 74511.098 ms
[INFO   ] DREAMPlace - optimizer step 24.846 ms
[INFO   ] DREAMPlace - iteration  505, ( 505,  0,  0), Obj 5.255502E+08, DensityWeight 1.765359E-05, wHPWL 7.660100E+08, Overflow 6.124125E-01, MaxDensity 3.906E+01, gamma 1.749355E+02, time 6.477ms
[INFO   ] DREAMPlace - full step 37.194 ms
[INFO   ] DREAMPlace - optimizer step 24.799 ms
[INFO   ] DREAMPlace - iteration  506, ( 506,  0,  0), Obj 5.268565E+08, DensityWeight 1.773137E-05, wHPWL 7.664172E+08, Overflow 6.113213E-01, MaxDensity 4.188E+01, gamma 1.734225E+02, time 6.623ms
[INFO   ] DREAMPlace - full step 38.760 ms
[INFO   ] DREAMPlace - optimizer step 29.339 ms
[INFO   ] DREAMPlace - iteration  507, ( 507,  0,  0), Obj 5.280502E+08, DensityWeight 1.768704E-05, wHPWL 7.665192E+08, Overflow 6.100875E-01, MaxDensity 4.128E+01, gamma 1.724569E+02, time 4.477ms
[INFO   ] DREAMPlace - full step 39.316 ms
[INFO   ] DREAMPlace - optimizer step 25.090 ms
[INFO   ] DREAMPlace - iteration  508, ( 508,  0,  0), Obj 5.288600E+08, DensityWeight 1.830899E-05, wHPWL 7.665826E+08, Overflow 6.093118E-01, MaxDensity 3.565E+01, gamma 1.713715E+02, time 6.622ms
[INFO   ] DREAMPlace - full step 38.835 ms
[INFO   ] DREAMPlace - optimizer step 22.459 ms
[INFO   ] DREAMPlace - iteration  509, ( 509,  0,  0), Obj 5.296092E+08, DensityWeight 1.905538E-05, wHPWL 7.663591E+08, Overflow 6.086038E-01, MaxDensity 4.115E+01, gamma 1.706927E+02, time 6.648ms
[INFO   ] DREAMPlace - full step 34.601 ms
[INFO   ] DREAMPlace - optimizer step 23.495 ms
[INFO   ] DREAMPlace - iteration  510, ( 510,  0,  0), Obj 5.301734E+08, DensityWeight 1.960799E-05, wHPWL 7.663177E+08, Overflow 6.081189E-01, MaxDensity 4.660E+01, gamma 1.700754E+02, time 5.561ms
[INFO   ] DREAMPlace - full step 36.403 ms
[INFO   ] DREAMPlace - optimizer step 21.981 ms
[INFO   ] DREAMPlace - iteration  511, ( 511,  0,  0), Obj 5.306558E+08, DensityWeight 2.017662E-05, wHPWL 7.662340E+08, Overflow 6.074401E-01, MaxDensity 4.034E+01, gamma 1.696539E+02, time 6.609ms
[INFO   ] DREAMPlace - full step 34.439 ms
[INFO   ] DREAMPlace - optimizer step 23.585 ms
[INFO   ] DREAMPlace - iteration  512, ( 512,  0,  0), Obj 5.310496E+08, DensityWeight 2.076175E-05, wHPWL 7.662761E+08, Overflow 6.066633E-01, MaxDensity 3.933E+01, gamma 1.690657E+02, time 6.618ms
[INFO   ] DREAMPlace - full step 37.605 ms
[INFO   ] DREAMPlace - optimizer step 24.849 ms
[INFO   ] DREAMPlace - iteration  513, ( 513,  0,  0), Obj 5.315316E+08, DensityWeight 2.167223E-05, wHPWL 7.662845E+08, Overflow 6.055473E-01, MaxDensity 4.055E+01, gamma 1.683951E+02, time 6.574ms
[INFO   ] DREAMPlace - full step 37.653 ms
[INFO   ] DREAMPlace - optimizer step 23.312 ms
[INFO   ] DREAMPlace - iteration  514, ( 514,  0,  0), Obj 5.321453E+08, DensityWeight 2.272926E-05, wHPWL 7.664621E+08, Overflow 6.042037E-01, MaxDensity 3.578E+01, gamma 1.674362E+02, time 6.644ms
[INFO   ] DREAMPlace - full step 37.344 ms
[INFO   ] DREAMPlace - optimizer step 21.581 ms
[INFO   ] DREAMPlace - iteration  515, ( 515,  0,  0), Obj 5.329684E+08, DensityWeight 2.328212E-05, wHPWL 7.666655E+08, Overflow 6.026870E-01, MaxDensity 4.533E+01, gamma 1.662890E+02, time 6.691ms
[INFO   ] DREAMPlace - full step 33.449 ms
[INFO   ] DREAMPlace - optimizer step 24.560 ms
[INFO   ] DREAMPlace - iteration  516, ( 516,  0,  0), Obj 5.339947E+08, DensityWeight 2.376284E-05, wHPWL 7.670255E+08, Overflow 6.006595E-01, MaxDensity 4.072E+01, gamma 1.650035E+02, time 6.619ms
[INFO   ] DREAMPlace - full step 38.537 ms
[INFO   ] DREAMPlace - optimizer step 24.115 ms
[INFO   ] DREAMPlace - iteration  517, ( 517,  0,  0), Obj 5.351316E+08, DensityWeight 2.372952E-05, wHPWL 7.673757E+08, Overflow 5.986983E-01, MaxDensity 4.332E+01, gamma 1.633005E+02, time 6.595ms
[INFO   ] DREAMPlace - full step 38.084 ms
[INFO   ] DREAMPlace - optimizer step 21.266 ms
[INFO   ] DREAMPlace - iteration  518, ( 518,  0,  0), Obj 5.365252E+08, DensityWeight 2.372883E-05, wHPWL 7.676279E+08, Overflow 5.967548E-01, MaxDensity 3.823E+01, gamma 1.616700E+02, time 6.657ms
[INFO   ] DREAMPlace - full step 35.265 ms
[INFO   ] DREAMPlace - optimizer step 24.827 ms
[INFO   ] DREAMPlace - iteration  519, ( 519,  0,  0), Obj 5.378986E+08, DensityWeight 2.405469E-05, wHPWL 7.678341E+08, Overflow 5.950318E-01, MaxDensity 4.174E+01, gamma 1.600702E+02, time 6.618ms
[INFO   ] DREAMPlace - full step 38.853 ms
[INFO   ] DREAMPlace - optimizer step 23.499 ms
[INFO   ] DREAMPlace - iteration  520, ( 520,  0,  0), Obj 5.391091E+08, DensityWeight 2.454172E-05, wHPWL 7.677459E+08, Overflow 5.936322E-01, MaxDensity 3.565E+01, gamma 1.586651E+02, time 6.654ms
[INFO   ] DREAMPlace - full step 37.501 ms
[INFO   ] DREAMPlace - optimizer step 30.457 ms
[INFO   ] DREAMPlace - iteration  521, ( 521,  0,  0), Obj 5.400556E+08, DensityWeight 2.525343E-05, wHPWL 7.673519E+08, Overflow 5.923879E-01, MaxDensity 4.065E+01, gamma 1.575330E+02, time 8.784ms
[INFO   ] DREAMPlace - full step 44.414 ms
[INFO   ] DREAMPlace - optimizer step 21.513 ms
[INFO   ] DREAMPlace - iteration  522, ( 522,  0,  0), Obj 5.407772E+08, DensityWeight 2.598578E-05, wHPWL 7.668726E+08, Overflow 5.912208E-01, MaxDensity 4.086E+01, gamma 1.565331E+02, time 6.582ms
[INFO   ] DREAMPlace - full step 35.649 ms
[INFO   ] DREAMPlace - optimizer step 23.476 ms
[INFO   ] DREAMPlace - iteration  523, ( 523,  0,  0), Obj 5.413765E+08, DensityWeight 2.673937E-05, wHPWL 7.663020E+08, Overflow 5.898535E-01, MaxDensity 3.741E+01, gamma 1.556012E+02, time 8.012ms
[INFO   ] DREAMPlace - full step 38.837 ms
[INFO   ] DREAMPlace - optimizer step 24.163 ms
[INFO   ] DREAMPlace - iteration  524, ( 524,  0,  0), Obj 5.419767E+08, DensityWeight 2.751481E-05, wHPWL 7.658176E+08, Overflow 5.885279E-01, MaxDensity 3.942E+01, gamma 1.545163E+02, time 6.612ms
[INFO   ] DREAMPlace - full step 36.643 ms
[INFO   ] DREAMPlace - optimizer step 23.596 ms
[INFO   ] DREAMPlace - iteration  525, ( 525,  0,  0), Obj 5.427366E+08, DensityWeight 2.831274E-05, wHPWL 7.653920E+08, Overflow 5.871925E-01, MaxDensity 3.853E+01, gamma 1.534718E+02, time 6.608ms
[INFO   ] DREAMPlace - full step 37.617 ms
[INFO   ] DREAMPlace - optimizer step 24.809 ms
[INFO   ] DREAMPlace - iteration  526, ( 526,  0,  0), Obj 5.435583E+08, DensityWeight 2.913381E-05, wHPWL 7.651375E+08, Overflow 5.854800E-01, MaxDensity 4.112E+01, gamma 1.524267E+02, time 6.627ms
[INFO   ] DREAMPlace - full step 37.212 ms
[INFO   ] DREAMPlace - optimizer step 25.910 ms
[INFO   ] DREAMPlace - iteration  527, ( 527,  0,  0), Obj 5.443665E+08, DensityWeight 2.997870E-05, wHPWL 7.648470E+08, Overflow 5.839667E-01, MaxDensity 3.874E+01, gamma 1.510969E+02, time 25.748ms
[INFO   ] DREAMPlace - full step 59.279 ms
[INFO   ] DREAMPlace - optimizer step 51.688 ms
[INFO   ] DREAMPlace - iteration  528, ( 528,  0,  0), Obj 5.454178E+08, DensityWeight 3.084808E-05, wHPWL 7.646080E+08, Overflow 5.823711E-01, MaxDensity 3.682E+01, gamma 1.499314E+02, time 6.618ms
[INFO   ] DREAMPlace - full step 63.934 ms
[INFO   ] DREAMPlace - optimizer step 24.851 ms
[INFO   ] DREAMPlace - iteration  529, ( 529,  0,  0), Obj 5.465081E+08, DensityWeight 3.174267E-05, wHPWL 7.646177E+08, Overflow 5.807884E-01, MaxDensity 3.381E+01, gamma 1.487122E+02, time 9.025ms
[INFO   ] DREAMPlace - full step 39.817 ms
[INFO   ] DREAMPlace - optimizer step 24.835 ms
[INFO   ] DREAMPlace - iteration  530, ( 530,  0,  0), Obj 5.476357E+08, DensityWeight 3.328464E-05, wHPWL 7.646452E+08, Overflow 5.790284E-01, MaxDensity 3.540E+01, gamma 1.475128E+02, time 6.682ms
[INFO   ] DREAMPlace - full step 38.889 ms
[INFO   ] DREAMPlace - optimizer step 43.803 ms
[INFO   ] DREAMPlace - iteration  531, ( 531,  0,  0), Obj 5.487972E+08, DensityWeight 3.481505E-05, wHPWL 7.647260E+08, Overflow 5.768641E-01, MaxDensity 3.674E+01, gamma 1.461903E+02, time 6.612ms
[INFO   ] DREAMPlace - full step 57.765 ms
[INFO   ] DREAMPlace - optimizer step 24.803 ms
[INFO   ] DREAMPlace - iteration  532, ( 532,  0,  0), Obj 5.501706E+08, DensityWeight 3.614653E-05, wHPWL 7.650250E+08, Overflow 5.744771E-01, MaxDensity 3.827E+01, gamma 1.445803E+02, time 6.648ms
[INFO   ] DREAMPlace - full step 38.889 ms
[INFO   ] DREAMPlace - optimizer step 25.115 ms
[INFO   ] DREAMPlace - iteration  533, ( 533,  0,  0), Obj 5.519328E+08, DensityWeight 3.640438E-05, wHPWL 7.655930E+08, Overflow 5.717988E-01, MaxDensity 3.734E+01, gamma 1.428251E+02, time 29.895ms
[INFO   ] DREAMPlace - full step 62.348 ms
[INFO   ] DREAMPlace - optimizer step 21.519 ms
[INFO   ] DREAMPlace - iteration  534, ( 534,  0,  0), Obj 5.539914E+08, DensityWeight 3.631337E-05, wHPWL 7.664682E+08, Overflow 5.689266E-01, MaxDensity 3.448E+01, gamma 1.408811E+02, time 6.675ms
[INFO   ] DREAMPlace - full step 33.373 ms
[INFO   ] DREAMPlace - optimizer step 21.527 ms
[INFO   ] DREAMPlace - iteration  535, ( 535,  0,  0), Obj 5.562166E+08, DensityWeight 3.622259E-05, wHPWL 7.673060E+08, Overflow 5.660421E-01, MaxDensity 3.990E+01, gamma 1.388258E+02, time 6.739ms
[INFO   ] DREAMPlace - full step 33.477 ms
[INFO   ] DREAMPlace - optimizer step 49.067 ms
[INFO   ] DREAMPlace - iteration  536, ( 536,  0,  0), Obj 5.584670E+08, DensityWeight 3.613203E-05, wHPWL 7.679578E+08, Overflow 5.637646E-01, MaxDensity 3.510E+01, gamma 1.367918E+02, time 6.644ms
[INFO   ] DREAMPlace - full step 63.034 ms
[INFO   ] DREAMPlace - optimizer step 24.263 ms
[INFO   ] DREAMPlace - iteration  537, ( 537,  0,  0), Obj 5.606131E+08, DensityWeight 3.604170E-05, wHPWL 7.683560E+08, Overflow 5.617402E-01, MaxDensity 3.877E+01, gamma 1.352069E+02, time 6.625ms
[INFO   ] DREAMPlace - full step 36.785 ms
[INFO   ] DREAMPlace - optimizer step 21.513 ms
[INFO   ] DREAMPlace - iteration  538, ( 538,  0,  0), Obj 5.622881E+08, DensityWeight 3.595159E-05, wHPWL 7.685014E+08, Overflow 5.603899E-01, MaxDensity 3.517E+01, gamma 1.338136E+02, time 6.657ms
[INFO   ] DREAMPlace - full step 35.790 ms
[INFO   ] DREAMPlace - optimizer step 40.131 ms
[INFO   ] DREAMPlace - iteration  539, ( 539,  0,  0), Obj 5.635752E+08, DensityWeight 3.699170E-05, wHPWL 7.682079E+08, Overflow 5.593966E-01, MaxDensity 3.298E+01, gamma 1.328922E+02, time 6.606ms
[INFO   ] DREAMPlace - full step 52.872 ms
[INFO   ] DREAMPlace - optimizer step 21.553 ms
[INFO   ] DREAMPlace - iteration  540, ( 540,  0,  0), Obj 5.644178E+08, DensityWeight 3.806446E-05, wHPWL 7.677738E+08, Overflow 5.587988E-01, MaxDensity 3.084E+01, gamma 1.322185E+02, time 6.643ms
[INFO   ] DREAMPlace - full step 33.405 ms
[INFO   ] DREAMPlace - optimizer step 40.148 ms
[INFO   ] DREAMPlace - iteration  541, ( 541,  0,  0), Obj 5.649572E+08, DensityWeight 3.916833E-05, wHPWL 7.671916E+08, Overflow 5.582638E-01, MaxDensity 3.392E+01, gamma 1.318147E+02, time 6.549ms
[INFO   ] DREAMPlace - full step 54.111 ms
[INFO   ] DREAMPlace - optimizer step 25.960 ms
[INFO   ] DREAMPlace - iteration  542, ( 542,  0,  0), Obj 5.652702E+08, DensityWeight 4.030421E-05, wHPWL 7.666266E+08, Overflow 5.576635E-01, MaxDensity 3.949E+01, gamma 1.314543E+02, time 5.413ms
[INFO   ] DREAMPlace - full step 38.741 ms
[INFO   ] DREAMPlace - optimizer step 21.025 ms
[INFO   ] DREAMPlace - iteration  543, ( 543,  0,  0), Obj 5.655542E+08, DensityWeight 4.147304E-05, wHPWL 7.661194E+08, Overflow 5.569813E-01, MaxDensity 3.487E+01, gamma 1.310512E+02, time 6.589ms
[INFO   ] DREAMPlace - full step 32.924 ms
[INFO   ] DREAMPlace - optimizer step 4.518 ms
[INFO   ] DREAMPlace - iteration  544, ( 544,  0,  0), Obj 5.659035E+08, DensityWeight 4.267576E-05, wHPWL 7.657088E+08, Overflow 5.561239E-01, MaxDensity 4.156E+01, gamma 1.305945E+02, time 2.337ms
[INFO   ] DREAMPlace - full step 8.378 ms
[INFO   ] DREAMPlace - optimizer step 4.467 ms
[INFO   ] DREAMPlace - iteration  545, ( 545,  0,  0), Obj 5.663288E+08, DensityWeight 4.391336E-05, wHPWL 7.653999E+08, Overflow 5.549550E-01, MaxDensity 3.580E+01, gamma 1.300228E+02, time 2.139ms
[INFO   ] DREAMPlace - full step 7.124 ms
[INFO   ] DREAMPlace - optimizer step 36.262 ms
[INFO   ] DREAMPlace - iteration  546, ( 546,  0,  0), Obj 5.668493E+08, DensityWeight 4.518685E-05, wHPWL 7.651340E+08, Overflow 5.534759E-01, MaxDensity 3.636E+01, gamma 1.292475E+02, time 5.827ms
[INFO   ] DREAMPlace - full step 46.585 ms
[INFO   ] DREAMPlace - optimizer step 7.873 ms
[INFO   ] DREAMPlace - iteration  547, ( 547,  0,  0), Obj 5.675617E+08, DensityWeight 4.649727E-05, wHPWL 7.649305E+08, Overflow 5.519189E-01, MaxDensity 3.548E+01, gamma 1.282730E+02, time 2.305ms
[INFO   ] DREAMPlace - full step 11.207 ms
[INFO   ] DREAMPlace - optimizer step 31.785 ms
[INFO   ] DREAMPlace - iteration  548, ( 548,  0,  0), Obj 5.685190E+08, DensityWeight 4.784569E-05, wHPWL 7.648783E+08, Overflow 5.501561E-01, MaxDensity 2.938E+01, gamma 1.272551E+02, time 2.354ms
[INFO   ] DREAMPlace - full step 39.454 ms
[INFO   ] DREAMPlace - optimizer step 27.168 ms
[INFO   ] DREAMPlace - iteration  549, ( 549,  0,  0), Obj 5.695624E+08, DensityWeight 4.923322E-05, wHPWL 7.649130E+08, Overflow 5.482068E-01, MaxDensity 3.362E+01, gamma 1.261124E+02, time 23.333ms
[INFO   ] DREAMPlace - full step 56.443 ms
[INFO   ] DREAMPlace - optimizer step 50.058 ms
[INFO   ] DREAMPlace - iteration  550, ( 550,  0,  0), Obj 5.706997E+08, DensityWeight 5.144551E-05, wHPWL 7.649283E+08, Overflow 5.462908E-01, MaxDensity 2.804E+01, gamma 1.248608E+02, time 5.328ms
[INFO   ] DREAMPlace - full step 64.001 ms
[INFO   ] DREAMPlace - optimizer step 23.242 ms
[INFO   ] DREAMPlace - iteration  551, ( 551,  0,  0), Obj 5.719640E+08, DensityWeight 5.390320E-05, wHPWL 7.649740E+08, Overflow 5.440009E-01, MaxDensity 3.091E+01, gamma 1.236427E+02, time 13.688ms
[INFO   ] DREAMPlace - full step 44.316 ms
[INFO   ] DREAMPlace - optimizer step 21.793 ms
[INFO   ] DREAMPlace - iteration  552, ( 552,  0,  0), Obj 5.732902E+08, DensityWeight 5.623898E-05, wHPWL 7.651562E+08, Overflow 5.415459E-01, MaxDensity 3.221E+01, gamma 1.222023E+02, time 6.602ms
[INFO   ] DREAMPlace - full step 35.737 ms
[INFO   ] DREAMPlace - optimizer step 45.637 ms
[INFO   ] DREAMPlace - iteration  553, ( 553,  0,  0), Obj 5.748260E+08, DensityWeight 5.756992E-05, wHPWL 7.653620E+08, Overflow 5.384970E-01, MaxDensity 3.062E+01, gamma 1.206768E+02, time 4.856ms
[INFO   ] DREAMPlace - full step 56.024 ms
[INFO   ] DREAMPlace - optimizer step 25.478 ms
[INFO   ] DREAMPlace - iteration  554, ( 554,  0,  0), Obj 5.765983E+08, DensityWeight 5.873815E-05, wHPWL 7.657987E+08, Overflow 5.353912E-01, MaxDensity 3.319E+01, gamma 1.188088E+02, time 6.637ms
[INFO   ] DREAMPlace - full step 39.564 ms
[INFO   ] DREAMPlace - optimizer step 25.636 ms
[INFO   ] DREAMPlace - iteration  555, ( 555,  0,  0), Obj 5.786988E+08, DensityWeight 5.859131E-05, wHPWL 7.662400E+08, Overflow 5.323604E-01, MaxDensity 3.705E+01, gamma 1.169356E+02, time 6.591ms
[INFO   ] DREAMPlace - full step 39.539 ms
[INFO   ] DREAMPlace - optimizer step 46.739 ms
[INFO   ] DREAMPlace - iteration  556, ( 556,  0,  0), Obj 5.808687E+08, DensityWeight 5.844482E-05, wHPWL 7.667023E+08, Overflow 5.294447E-01, MaxDensity 3.069E+01, gamma 1.151362E+02, time 8.947ms
[INFO   ] DREAMPlace - full step 63.056 ms
[INFO   ] DREAMPlace - optimizer step 23.042 ms
[INFO   ] DREAMPlace - iteration  557, ( 557,  0,  0), Obj 5.828273E+08, DensityWeight 5.829871E-05, wHPWL 7.668480E+08, Overflow 5.271810E-01, MaxDensity 3.420E+01, gamma 1.134312E+02, time 6.574ms
[INFO   ] DREAMPlace - full step 37.003 ms
[INFO   ] DREAMPlace - optimizer step 46.858 ms
[INFO   ] DREAMPlace - iteration  558, ( 558,  0,  0), Obj 5.845498E+08, DensityWeight 5.998266E-05, wHPWL 7.666628E+08, Overflow 5.255387E-01, MaxDensity 3.336E+01, gamma 1.121249E+02, time 5.208ms
[INFO   ] DREAMPlace - full step 59.429 ms
[INFO   ] DREAMPlace - optimizer step 13.535 ms
[INFO   ] DREAMPlace - iteration  559, ( 559,  0,  0), Obj 5.858107E+08, DensityWeight 6.172216E-05, wHPWL 7.662495E+08, Overflow 5.245133E-01, MaxDensity 3.101E+01, gamma 1.111866E+02, time 6.589ms
[INFO   ] DREAMPlace - full step 22.891 ms
[WARNING] DEF input file not specified, cannot output DEF file; set to DEFSIMPLE
[INFO   ] lef_input = 
[INFO   ] def_input = 
[INFO   ] verilog_input = 
[INFO   ] bookshelf_aux_input = benchmarks/ispd2005/bigblue4/bigblue4.aux
[INFO   ] bookshelf_pl_input = 
[INFO   ] def_size_input = 
[INFO   ] def_output = -out.def
[INFO   ] rpt_output = 
[INFO   ] target_util = 0
[INFO   ] max_displace = 0
[INFO   ] bin size = (10, 10) #rows
[INFO   ] sbin size = (5, 5) #rows
[INFO   ] bin_space_threshold = 0.2
[INFO   ] abu = 2,10 5,5 10,2 20,1 
[INFO   ] def_ignore_cells = 
[INFO   ] macro_obs_aware_layers = 
[INFO   ] enable_place = true
[INFO   ] enable_legalize = true
[INFO   ] evaluate_overlap = false
[INFO   ] move_multi_row_cell = true
[INFO   ] align_power_line = true
[INFO   ] cluster_cell = false
[INFO   ] sort_nets_by_degree = false
[INFO   ] file_format = BOOKSHELF
[INFO   ] max_iters = 6
[WARNING] no DEF file specified
[WARNING] no Verilog file specified
[INFO   ] reading benchmarks/ispd2005/bigblue4/bigblue4.aux
[WARNING] no additional Bookshelf .pl file specified
[WARNING] 135260 nets with 168713 pins from same nodes
[WARNING] 7335 nets should be ignored due to not enough pins
[INFO   ] sort nodes in the order of movable and fixed
[INFO   ] Group cells for fence regions
[INFO   ] Construct 0 groups
[INFO   ] Fence region groups done
[DEBUG  ] num_terminals 8170, numFixed 8170, numPlaceBlockages 0, num_terminal_NIs 0
[INFO   ] -- Converting Node Orientation --
[INFO   ] ---------------------------------
[INFO   ] -------- Area Statistics --------
[INFO   ] fixed area overlap = 3.9144e+08
[INFO   ] fixed area total = 3.9144e+08
[INFO   ] space area = 6.49199e+08
[INFO   ] ---------------------------------
[DEBUG  ] deterministic mode: integer 32 bits, fraction 32 bits, scale factor 4294967296
[DEBUG  ] deterministic mode: integer 32 bits, fraction 32 bits, scale factor 4294967296
[INFO   ] writing placement to conn_results/bigblue4/plot/iter0000.png
[WARNING] filename = conn_results/bigblue4/plot/iter0000.png, width = 797, height = 800, file format = 3 not used, as DRAWPLACE not enabled
[INFO   ] writing placement to conn_results/bigblue4/plot/iter0056.png
[WARNING] filename = conn_results/bigblue4/plot/iter0056.png, width = 797, height = 800, file format = 3 not used, as DRAWPLACE not enabled
[INFO   ] writing placement to conn_results/bigblue4/plot/iter0112.png
[WARNING] filename = conn_results/bigblue4/plot/iter0112.png, width = 797, height = 800, file format = 3 not used, as DRAWPLACE not enabled
[INFO   ] writing placement to conn_results/bigblue4/plot/iter0168.png
[WARNING] filename = conn_results/bigblue4/plot/iter0168.png, width = 797, height = 800, file format = 3 not used, as DRAWPLACE not enabled
[INFO   ] writing placement to conn_results/bigblue4/plot/iter0224.png
[WARNING] filename = conn_results/bigblue4/plot/iter0224.png, width = 797, height = 800, file format = 3 not used, as DRAWPLACE not enabled
[INFO   ] writing placement to conn_results/bigblue4/plot/iter0280.png
[WARNING] filename = conn_results/bigblue4/plot/iter0280.png, width = 797, height = 800, file format = 3 not used, as DRAWPLACE not enabled
[INFO   ] writing placement to conn_results/bigblue4/plot/iter0336.png
[WARNING] filename = conn_results/bigblue4/plot/iter0336.png, width = 797, height = 800, file format = 3 not used, as DRAWPLACE not enabled
[INFO   ] writing placement to conn_results/bigblue4/plot/iter0392.png
[WARNING] filename = conn_results/bigblue4/plot/iter0392.png, width = 797, height = 800, file format = 3 not used, as DRAWPLACE not enabled
[INFO   ] writing placement to conn_results/bigblue4/plot/iter0448.png
[WARNING] filename = conn_results/bigblue4/plot/iter0448.png, width = 797, height = 800, file format = 3 not used, as DRAWPLACE not enabled
[INFO   ] writing placement to conn_results/bigblue4/plot/iter0504.png
[WARNING] filename = conn_results/bigblue4/plot/iter0504.png, width = 797, height = 800, file format = 3 not used, as DRAWPLACE not enabled
[INFO   ] writing placement to conn_results/bigblue4/plot/iter0560.png
[[I] plotting to conn_results/bigblue4/plot/iter0560.png takes 71.156 seconds
[INFO   ] DREAMPlace - plotting to conn_results/bigblue4/plot/iter0560.png takes 71.558 seconds
[INFO   ] DREAMPlace - optimizer step 24.298 ms
[INFO   ] DREAMPlace - iteration  560, ( 560,  0,  0), Obj 5.866221E+08, DensityWeight 6.351210E-05, wHPWL 7.656431E+08, Overflow 5.236006E-01, MaxDensity 2.680E+01, gamma 1.106048E+02, time 103.015ms
[INFO   ] DREAMPlace - full step 71705.158 ms
[INFO   ] DREAMPlace - optimizer step 24.807 ms
[INFO   ] DREAMPlace - iteration  561, ( 561,  0,  0), Obj 5.870607E+08, DensityWeight 6.535395E-05, wHPWL 7.649648E+08, Overflow 5.226550E-01, MaxDensity 2.956E+01, gamma 1.100894E+02, time 6.339ms
[INFO   ] DREAMPlace - full step 38.599 ms
[INFO   ] DREAMPlace - optimizer step 24.658 ms
[INFO   ] DREAMPlace - iteration  562, ( 562,  0,  0), Obj 5.874986E+08, DensityWeight 6.724922E-05, wHPWL 7.644239E+08, Overflow 5.217461E-01, MaxDensity 3.088E+01, gamma 1.095581E+02, time 6.670ms
[INFO   ] DREAMPlace - full step 38.895 ms
[INFO   ] DREAMPlace - optimizer step 22.190 ms
[INFO   ] DREAMPlace - iteration  563, ( 563,  0,  0), Obj 5.880470E+08, DensityWeight 6.919946E-05, wHPWL 7.640815E+08, Overflow 5.205629E-01, MaxDensity 3.023E+01, gamma 1.090497E+02, time 4.543ms
[INFO   ] DREAMPlace - full step 33.916 ms
[INFO   ] DREAMPlace - optimizer step 25.159 ms
[INFO   ] DREAMPlace - iteration  564, ( 564,  0,  0), Obj 5.886636E+08, DensityWeight 7.120625E-05, wHPWL 7.639580E+08, Overflow 5.194140E-01, MaxDensity 2.927E+01, gamma 1.083915E+02, time 9.217ms
[INFO   ] DREAMPlace - full step 41.689 ms
[INFO   ] DREAMPlace - optimizer step 24.163 ms
[INFO   ] DREAMPlace - iteration  565, ( 565,  0,  0), Obj 5.893720E+08, DensityWeight 7.327123E-05, wHPWL 7.637998E+08, Overflow 5.179767E-01, MaxDensity 3.033E+01, gamma 1.077561E+02, time 6.591ms
[INFO   ] DREAMPlace - full step 38.136 ms
[INFO   ] DREAMPlace - optimizer step 24.740 ms
[INFO   ] DREAMPlace - iteration  566, ( 566,  0,  0), Obj 5.901403E+08, DensityWeight 7.539610E-05, wHPWL 7.638202E+08, Overflow 5.164806E-01, MaxDensity 2.830E+01, gamma 1.069666E+02, time 6.601ms
[INFO   ] DREAMPlace - full step 38.707 ms
[INFO   ] DREAMPlace - optimizer step 24.801 ms
[INFO   ] DREAMPlace - iteration  567, ( 567,  0,  0), Obj 5.910399E+08, DensityWeight 7.894162E-05, wHPWL 7.638291E+08, Overflow 5.144957E-01, MaxDensity 2.777E+01, gamma 1.061509E+02, time 6.621ms
[INFO   ] DREAMPlace - full step 38.716 ms
[INFO   ] DREAMPlace - optimizer step 24.602 ms
[INFO   ] DREAMPlace - iteration  568, ( 568,  0,  0), Obj 5.920406E+08, DensityWeight 8.278598E-05, wHPWL 7.639972E+08, Overflow 5.124237E-01, MaxDensity 3.062E+01, gamma 1.050781E+02, time 6.591ms
[INFO   ] DREAMPlace - full step 38.488 ms
[INFO   ] DREAMPlace - optimizer step 21.920 ms
[INFO   ] DREAMPlace - iteration  569, ( 569,  0,  0), Obj 5.932875E+08, DensityWeight 8.491168E-05, wHPWL 7.641669E+08, Overflow 5.095813E-01, MaxDensity 3.374E+01, gamma 1.039700E+02, time 6.611ms
[INFO   ] DREAMPlace - full step 35.943 ms
[INFO   ] DREAMPlace - optimizer step 24.235 ms
[INFO   ] DREAMPlace - iteration  570, ( 570,  0,  0), Obj 5.947052E+08, DensityWeight 8.707255E-05, wHPWL 7.645697E+08, Overflow 5.066699E-01, MaxDensity 3.141E+01, gamma 1.024688E+02, time 6.602ms
[INFO   ] DREAMPlace - full step 38.259 ms
[INFO   ] DREAMPlace - optimizer step 24.733 ms
[INFO   ] DREAMPlace - iteration  571, ( 571,  0,  0), Obj 5.965046E+08, DensityWeight 8.685486E-05, wHPWL 7.649366E+08, Overflow 5.033420E-01, MaxDensity 2.621E+01, gamma 1.009536E+02, time 6.261ms
[INFO   ] DREAMPlace - full step 37.111 ms
[INFO   ] DREAMPlace - optimizer step 24.861 ms
[INFO   ] DREAMPlace - iteration  572, ( 572,  0,  0), Obj 5.984001E+08, DensityWeight 8.665033E-05, wHPWL 7.653944E+08, Overflow 5.004227E-01, MaxDensity 2.334E+01, gamma 9.924911E+01, time 6.486ms
[INFO   ] DREAMPlace - full step 38.731 ms
[INFO   ] DREAMPlace - optimizer step 21.112 ms
[INFO   ] DREAMPlace - iteration  573, ( 573,  0,  0), Obj 6.003553E+08, DensityWeight 8.643370E-05, wHPWL 7.655575E+08, Overflow 4.977826E-01, MaxDensity 2.811E+01, gamma 9.777757E+01, time 6.585ms
[INFO   ] DREAMPlace - full step 35.300 ms
[INFO   ] DREAMPlace - optimizer step 24.647 ms
[INFO   ] DREAMPlace - iteration  574, ( 574,  0,  0), Obj 6.019855E+08, DensityWeight 8.871558E-05, wHPWL 7.654982E+08, Overflow 4.959501E-01, MaxDensity 2.777E+01, gamma 9.646554E+01, time 6.159ms
[INFO   ] DREAMPlace - full step 38.241 ms
[INFO   ] DREAMPlace - optimizer step 24.557 ms
[INFO   ] DREAMPlace - iteration  575, ( 575,  0,  0), Obj 6.032629E+08, DensityWeight 9.128833E-05, wHPWL 7.650436E+08, Overflow 4.945469E-01, MaxDensity 2.641E+01, gamma 9.556527E+01, time 6.586ms
[INFO   ] DREAMPlace - full step 38.520 ms
[INFO   ] DREAMPlace - optimizer step 24.601 ms
[INFO   ] DREAMPlace - iteration  576, ( 576,  0,  0), Obj 6.040511E+08, DensityWeight 9.393570E-05, wHPWL 7.644534E+08, Overflow 4.937353E-01, MaxDensity 3.008E+01, gamma 9.488159E+01, time 6.632ms
[INFO   ] DREAMPlace - full step 38.558 ms
[INFO   ] DREAMPlace - optimizer step 24.780 ms
[INFO   ] DREAMPlace - iteration  577, ( 577,  0,  0), Obj 6.045854E+08, DensityWeight 9.665984E-05, wHPWL 7.637677E+08, Overflow 4.927609E-01, MaxDensity 2.532E+01, gamma 9.448836E+01, time 6.586ms
[INFO   ] DREAMPlace - full step 38.608 ms
[INFO   ] DREAMPlace - optimizer step 24.648 ms
[INFO   ] DREAMPlace - iteration  578, ( 578,  0,  0), Obj 6.048885E+08, DensityWeight 9.946298E-05, wHPWL 7.632151E+08, Overflow 4.919855E-01, MaxDensity 2.984E+01, gamma 9.401842E+01, time 6.615ms
[INFO   ] DREAMPlace - full step 38.528 ms
[INFO   ] DREAMPlace - optimizer step 21.860 ms
[INFO   ] DREAMPlace - iteration  579, ( 579,  0,  0), Obj 6.052960E+08, DensityWeight 1.023474E-04, wHPWL 7.627316E+08, Overflow 4.906128E-01, MaxDensity 2.595E+01, gamma 9.364611E+01, time 6.652ms
[INFO   ] DREAMPlace - full step 35.903 ms
[INFO   ] DREAMPlace - optimizer step 13.131 ms
[INFO   ] DREAMPlace - iteration  580, ( 580,  0,  0), Obj 6.057363E+08, DensityWeight 1.053155E-04, wHPWL 7.625117E+08, Overflow 4.891927E-01, MaxDensity 2.905E+01, gamma 9.299069E+01, time 6.706ms
[INFO   ] DREAMPlace - full step 22.659 ms
[INFO   ] DREAMPlace - optimizer step 4.964 ms
[INFO   ] DREAMPlace - iteration  581, ( 581,  0,  0), Obj 6.064586E+08, DensityWeight 1.083696E-04, wHPWL 7.623401E+08, Overflow 4.871644E-01, MaxDensity 2.335E+01, gamma 9.231743E+01, time 2.237ms
[INFO   ] DREAMPlace - full step 8.084 ms
[INFO   ] DREAMPlace - optimizer step 6.106 ms
[INFO   ] DREAMPlace - iteration  582, ( 582,  0,  0), Obj 6.073172E+08, DensityWeight 1.115124E-04, wHPWL 7.623848E+08, Overflow 4.849641E-01, MaxDensity 2.751E+01, gamma 9.136423E+01, time 2.925ms
[INFO   ] DREAMPlace - full step 9.921 ms
[INFO   ] DREAMPlace - optimizer step 8.772 ms
[INFO   ] DREAMPlace - iteration  583, ( 583,  0,  0), Obj 6.084375E+08, DensityWeight 1.163611E-04, wHPWL 7.624218E+08, Overflow 4.824589E-01, MaxDensity 2.560E+01, gamma 9.034137E+01, time 4.445ms
[INFO   ] DREAMPlace - full step 14.150 ms
[INFO   ] DREAMPlace - optimizer step 6.225 ms
[INFO   ] DREAMPlace - iteration  584, ( 584,  0,  0), Obj 6.096957E+08, DensityWeight 1.215507E-04, wHPWL 7.625510E+08, Overflow 4.798872E-01, MaxDensity 2.381E+01, gamma 8.919070E+01, time 2.339ms
[INFO   ] DREAMPlace - full step 9.718 ms
[INFO   ] DREAMPlace - optimizer step 6.437 ms
[INFO   ] DREAMPlace - iteration  585, ( 585,  0,  0), Obj 6.110938E+08, DensityWeight 1.253488E-04, wHPWL 7.626821E+08, Overflow 4.769233E-01, MaxDensity 2.625E+01, gamma 8.802473E+01, time 2.295ms
[INFO   ] DREAMPlace - full step 9.806 ms
[INFO   ] DREAMPlace - optimizer step 21.413 ms
[INFO   ] DREAMPlace - iteration  586, ( 586,  0,  0), Obj 6.125660E+08, DensityWeight 1.292332E-04, wHPWL 7.628631E+08, Overflow 4.737113E-01, MaxDensity 2.353E+01, gamma 8.669983E+01, time 6.664ms
[INFO   ] DREAMPlace - full step 35.451 ms
[INFO   ] DREAMPlace - optimizer step 21.005 ms
[INFO   ] DREAMPlace - iteration  587, ( 587,  0,  0), Obj 6.142314E+08, DensityWeight 1.323141E-04, wHPWL 7.630540E+08, Overflow 4.704297E-01, MaxDensity 2.266E+01, gamma 8.528655E+01, time 6.569ms
[INFO   ] DREAMPlace - full step 33.114 ms
[INFO   ] DREAMPlace - optimizer step 26.767 ms
[INFO   ] DREAMPlace - iteration  588, ( 588,  0,  0), Obj 6.160607E+08, DensityWeight 1.352824E-04, wHPWL 7.632904E+08, Overflow 4.672851E-01, MaxDensity 2.351E+01, gamma 8.386642E+01, time 8.004ms
[INFO   ] DREAMPlace - full step 38.606 ms
[INFO   ] DREAMPlace - optimizer step 21.176 ms
[INFO   ] DREAMPlace - iteration  589, ( 589,  0,  0), Obj 6.178999E+08, DensityWeight 1.374414E-04, wHPWL 7.634789E+08, Overflow 4.644018E-01, MaxDensity 2.164E+01, gamma 8.252774E+01, time 6.611ms
[INFO   ] DREAMPlace - full step 33.257 ms
[INFO   ] DREAMPlace - optimizer step 21.230 ms
[INFO   ] DREAMPlace - iteration  590, ( 590,  0,  0), Obj 6.195889E+08, DensityWeight 1.405699E-04, wHPWL 7.635058E+08, Overflow 4.621442E-01, MaxDensity 2.103E+01, gamma 8.131914E+01, time 6.644ms
[INFO   ] DREAMPlace - full step 35.269 ms
[INFO   ] DREAMPlace - optimizer step 22.972 ms
[INFO   ] DREAMPlace - iteration  591, ( 591,  0,  0), Obj 6.210566E+08, DensityWeight 1.470464E-04, wHPWL 7.633596E+08, Overflow 4.598938E-01, MaxDensity 2.311E+01, gamma 8.038514E+01, time 6.501ms
[INFO   ] DREAMPlace - full step 35.286 ms
[INFO   ] DREAMPlace - optimizer step 20.968 ms
[INFO   ] DREAMPlace - iteration  592, ( 592,  0,  0), Obj 6.221806E+08, DensityWeight 1.513107E-04, wHPWL 7.630981E+08, Overflow 4.582362E-01, MaxDensity 2.061E+01, gamma 7.946482E+01, time 6.610ms
[INFO   ] DREAMPlace - full step 33.047 ms
[INFO   ] DREAMPlace - optimizer step 21.246 ms
[INFO   ] DREAMPlace - iteration  593, ( 593,  0,  0), Obj 6.232202E+08, DensityWeight 1.556987E-04, wHPWL 7.627466E+08, Overflow 4.561540E-01, MaxDensity 2.191E+01, gamma 7.879369E+01, time 6.584ms
[INFO   ] DREAMPlace - full step 35.233 ms
[INFO   ] DREAMPlace - optimizer step 22.989 ms
[INFO   ] DREAMPlace - iteration  594, ( 594,  0,  0), Obj 6.241400E+08, DensityWeight 1.602140E-04, wHPWL 7.625948E+08, Overflow 4.542970E-01, MaxDensity 2.202E+01, gamma 7.795865E+01, time 6.629ms
[INFO   ] DREAMPlace - full step 35.384 ms
[INFO   ] DREAMPlace - optimizer step 23.120 ms
[INFO   ] DREAMPlace - iteration  595, ( 595,  0,  0), Obj 6.251756E+08, DensityWeight 1.648602E-04, wHPWL 7.624045E+08, Overflow 4.521205E-01, MaxDensity 2.323E+01, gamma 7.722139E+01, time 6.641ms
[INFO   ] DREAMPlace - full step 35.539 ms
[INFO   ] DREAMPlace - optimizer step 21.197 ms
[INFO   ] DREAMPlace - iteration  596, ( 596,  0,  0), Obj 6.262090E+08, DensityWeight 1.696412E-04, wHPWL 7.623579E+08, Overflow 4.501220E-01, MaxDensity 2.358E+01, gamma 7.636617E+01, time 6.944ms
[INFO   ] DREAMPlace - full step 35.730 ms
[INFO   ] DREAMPlace - optimizer step 21.049 ms
[INFO   ] DREAMPlace - iteration  597, ( 597,  0,  0), Obj 6.273226E+08, DensityWeight 1.745608E-04, wHPWL 7.622762E+08, Overflow 4.477670E-01, MaxDensity 2.234E+01, gamma 7.558922E+01, time 6.729ms
[INFO   ] DREAMPlace - full step 33.001 ms
[INFO   ] DREAMPlace - optimizer step 6.022 ms
[INFO   ] DREAMPlace - iteration  598, ( 598,  0,  0), Obj 6.283718E+08, DensityWeight 1.796230E-04, wHPWL 7.622140E+08, Overflow 4.453949E-01, MaxDensity 1.956E+01, gamma 7.468384E+01, time 2.891ms
[INFO   ] DREAMPlace - full step 9.959 ms
[INFO   ] DREAMPlace - optimizer step 18.785 ms
[INFO   ] DREAMPlace - iteration  599, ( 599,  0,  0), Obj 6.295107E+08, DensityWeight 1.848321E-04, wHPWL 7.620931E+08, Overflow 4.429365E-01, MaxDensity 2.026E+01, gamma 7.378280E+01, time 2.322ms
[INFO   ] DREAMPlace - full step 26.495 ms
[INFO   ] DREAMPlace - optimizer step 24.789 ms
[INFO   ] DREAMPlace - iteration  600, ( 600,  0,  0), Obj 6.306998E+08, DensityWeight 1.901923E-04, wHPWL 7.620396E+08, Overflow 4.405861E-01, MaxDensity 1.762E+01, gamma 7.286050E+01, time 6.630ms
[INFO   ] DREAMPlace - full step 33.776 ms
[INFO   ] DREAMPlace - optimizer step 19.705 ms
[INFO   ] DREAMPlace - iteration  601, ( 601,  0,  0), Obj 6.319014E+08, DensityWeight 1.957078E-04, wHPWL 7.619709E+08, Overflow 4.380379E-01, MaxDensity 1.941E+01, gamma 7.198949E+01, time 6.613ms
[INFO   ] DREAMPlace - full step 33.752 ms
[INFO   ] DREAMPlace - optimizer step 24.713 ms
[INFO   ] DREAMPlace - iteration  602, ( 602,  0,  0), Obj 6.330109E+08, DensityWeight 2.013834E-04, wHPWL 7.618435E+08, Overflow 4.357508E-01, MaxDensity 1.916E+01, gamma 7.105690E+01, time 4.455ms
[INFO   ] DREAMPlace - full step 34.431 ms
[INFO   ] DREAMPlace - optimizer step 21.807 ms
[INFO   ] DREAMPlace - iteration  603, ( 603,  0,  0), Obj 6.341633E+08, DensityWeight 2.072235E-04, wHPWL 7.616722E+08, Overflow 4.333592E-01, MaxDensity 2.120E+01, gamma 7.023018E+01, time 6.572ms
[INFO   ] DREAMPlace - full step 35.728 ms
[INFO   ] DREAMPlace - optimizer step 24.819 ms
[INFO   ] DREAMPlace - iteration  604, ( 604,  0,  0), Obj 6.352412E+08, DensityWeight 2.132330E-04, wHPWL 7.615585E+08, Overflow 4.310742E-01, MaxDensity 2.230E+01, gamma 6.937599E+01, time 6.610ms
[INFO   ] DREAMPlace - full step 33.802 ms
[INFO   ] DREAMPlace - optimizer step 21.793 ms
[INFO   ] DREAMPlace - iteration  605, ( 605,  0,  0), Obj 6.362963E+08, DensityWeight 2.194168E-04, wHPWL 7.613724E+08, Overflow 4.287929E-01, MaxDensity 2.218E+01, gamma 6.856957E+01, time 6.561ms
[INFO   ] DREAMPlace - full step 35.790 ms
[INFO   ] DREAMPlace - optimizer step 24.817 ms
[INFO   ] DREAMPlace - iteration  606, ( 606,  0,  0), Obj 6.373070E+08, DensityWeight 2.257799E-04, wHPWL 7.612017E+08, Overflow 4.265128E-01, MaxDensity 2.102E+01, gamma 6.777380E+01, time 6.614ms
[INFO   ] DREAMPlace - full step 33.668 ms
[INFO   ] DREAMPlace - optimizer step 19.706 ms
[INFO   ] DREAMPlace - iteration  607, ( 607,  0,  0), Obj 6.383151E+08, DensityWeight 2.323275E-04, wHPWL 7.610440E+08, Overflow 4.242683E-01, MaxDensity 1.951E+01, gamma 6.698769E+01, time 6.583ms
[INFO   ] DREAMPlace - full step 33.689 ms
[INFO   ] DREAMPlace - optimizer step 24.786 ms
[INFO   ] DREAMPlace - iteration  608, ( 608,  0,  0), Obj 6.392950E+08, DensityWeight 2.390650E-04, wHPWL 7.608755E+08, Overflow 4.221225E-01, MaxDensity 1.779E+01, gamma 6.622275E+01, time 4.494ms
[INFO   ] DREAMPlace - full step 34.643 ms
[INFO   ] DREAMPlace - optimizer step 21.412 ms
[INFO   ] DREAMPlace - iteration  609, ( 609,  0,  0), Obj 6.402668E+08, DensityWeight 2.459979E-04, wHPWL 7.607210E+08, Overflow 4.196878E-01, MaxDensity 1.788E+01, gamma 6.549963E+01, time 6.925ms
[INFO   ] DREAMPlace - full step 35.754 ms
[INFO   ] DREAMPlace - optimizer step 27.951 ms
[INFO   ] DREAMPlace - iteration  610, ( 610,  0,  0), Obj 6.411754E+08, DensityWeight 2.531318E-04, wHPWL 7.605597E+08, Overflow 4.173900E-01, MaxDensity 1.950E+01, gamma 6.468870E+01, time 4.569ms
[INFO   ] DREAMPlace - full step 36.863 ms
[INFO   ] DREAMPlace - optimizer step 21.988 ms
[INFO   ] DREAMPlace - iteration  611, ( 611,  0,  0), Obj 6.421744E+08, DensityWeight 2.604727E-04, wHPWL 7.603816E+08, Overflow 4.150149E-01, MaxDensity 2.050E+01, gamma 6.393255E+01, time 6.604ms
[INFO   ] DREAMPlace - full step 35.960 ms
[INFO   ] DREAMPlace - optimizer step 23.829 ms
[INFO   ] DREAMPlace - iteration  612, ( 612,  0,  0), Obj 6.431564E+08, DensityWeight 2.680264E-04, wHPWL 7.602674E+08, Overflow 4.128127E-01, MaxDensity 2.045E+01, gamma 6.316027E+01, time 6.633ms
[INFO   ] DREAMPlace - full step 35.712 ms
[INFO   ] DREAMPlace - optimizer step 21.973 ms
[INFO   ] DREAMPlace - iteration  613, ( 613,  0,  0), Obj 6.441137E+08, DensityWeight 2.757992E-04, wHPWL 7.600936E+08, Overflow 4.103983E-01, MaxDensity 1.952E+01, gamma 6.245258E+01, time 6.624ms
[INFO   ] DREAMPlace - full step 35.959 ms
[INFO   ] DREAMPlace - optimizer step 23.852 ms
[INFO   ] DREAMPlace - iteration  614, ( 614,  0,  0), Obj 6.449766E+08, DensityWeight 2.837974E-04, wHPWL 7.598822E+08, Overflow 4.082790E-01, MaxDensity 1.781E+01, gamma 6.168576E+01, time 6.655ms
[INFO   ] DREAMPlace - full step 33.926 ms
[INFO   ] DREAMPlace - optimizer step 21.664 ms
[INFO   ] DREAMPlace - iteration  615, ( 615,  0,  0), Obj 6.459023E+08, DensityWeight 2.920275E-04, wHPWL 7.596668E+08, Overflow 4.058167E-01, MaxDensity 1.625E+01, gamma 6.102046E+01, time 6.629ms
[INFO   ] DREAMPlace - full step 35.724 ms
[I] plotting to conn_results/bigblue4/plot/iter0616.png takes 65.404 seconds
[INFO   ] DREAMPlace - plotting to conn_results/bigblue4/plot/iter0616.png takes 65.525 seconds
[INFO   ] DREAMPlace - optimizer step 23.063 ms
[INFO   ] DREAMPlace - iteration  616, ( 616,  0,  0), Obj 6.467580E+08, DensityWeight 3.004963E-04, wHPWL 7.595048E+08, Overflow 4.036581E-01, MaxDensity 1.623E+01, gamma 6.025646E+01, time 6.624ms
[INFO   ] DREAMPlace - full step 65587.647 ms
[INFO   ] DREAMPlace - optimizer step 48.288 ms
[INFO   ] DREAMPlace - iteration  617, ( 617,  0,  0), Obj 6.476764E+08, DensityWeight 3.092107E-04, wHPWL 7.592881E+08, Overflow 4.011556E-01, MaxDensity 1.671E+01, gamma 5.959457E+01, time 6.573ms
[INFO   ] DREAMPlace - full step 60.214 ms
[INFO   ] DREAMPlace - optimizer step 24.824 ms
[INFO   ] DREAMPlace - iteration  618, ( 618,  0,  0), Obj 6.485334E+08, DensityWeight 3.181779E-04, wHPWL 7.591255E+08, Overflow 3.988951E-01, MaxDensity 1.747E+01, gamma 5.883633E+01, time 6.564ms
[INFO   ] DREAMPlace - full step 38.858 ms
[INFO   ] DREAMPlace - optimizer step 24.884 ms
[INFO   ] DREAMPlace - iteration  619, ( 619,  0,  0), Obj 6.494566E+08, DensityWeight 3.274050E-04, wHPWL 7.589194E+08, Overflow 3.963729E-01, MaxDensity 1.963E+01, gamma 5.815971E+01, time 6.610ms
[INFO   ] DREAMPlace - full step 38.867 ms
[INFO   ] DREAMPlace - optimizer step 25.123 ms
[INFO   ] DREAMPlace - iteration  620, ( 620,  0,  0), Obj 6.503375E+08, DensityWeight 3.368998E-04, wHPWL 7.587584E+08, Overflow 3.941648E-01, MaxDensity 2.015E+01, gamma 5.741394E+01, time 36.527ms
[INFO   ] DREAMPlace - full step 69.043 ms
[INFO   ] DREAMPlace - optimizer step 60.110 ms
[INFO   ] DREAMPlace - iteration  621, ( 621,  0,  0), Obj 6.512644E+08, DensityWeight 3.466699E-04, wHPWL 7.585676E+08, Overflow 3.915997E-01, MaxDensity 2.090E+01, gamma 5.676890E+01, time 6.659ms
[INFO   ] DREAMPlace - full step 74.139 ms
[INFO   ] DREAMPlace - optimizer step 24.807 ms
[INFO   ] DREAMPlace - iteration  622, ( 622,  0,  0), Obj 6.521111E+08, DensityWeight 3.567233E-04, wHPWL 7.584019E+08, Overflow 3.894885E-01, MaxDensity 1.985E+01, gamma 5.602867E+01, time 6.589ms
[INFO   ] DREAMPlace - full step 38.813 ms
[INFO   ] DREAMPlace - optimizer step 37.745 ms
[INFO   ] DREAMPlace - iteration  623, ( 623,  0,  0), Obj 6.530232E+08, DensityWeight 3.670683E-04, wHPWL 7.581892E+08, Overflow 3.869832E-01, MaxDensity 1.908E+01, gamma 5.542666E+01, time 30.321ms
[INFO   ] DREAMPlace - full step 73.231 ms
[INFO   ] DREAMPlace - optimizer step 24.256 ms
[INFO   ] DREAMPlace - iteration  624, ( 624,  0,  0), Obj 6.538429E+08, DensityWeight 3.777133E-04, wHPWL 7.580450E+08, Overflow 3.848217E-01, MaxDensity 1.730E+01, gamma 5.472066E+01, time 37.014ms
[INFO   ] DREAMPlace - full step 66.894 ms
[INFO   ] DREAMPlace - optimizer step 24.857 ms
[INFO   ] DREAMPlace - iteration  625, ( 625,  0,  0), Obj 6.547144E+08, DensityWeight 3.886670E-04, wHPWL 7.578228E+08, Overflow 3.824343E-01, MaxDensity 1.574E+01, gamma 5.411877E+01, time 6.610ms
[INFO   ] DREAMPlace - full step 38.945 ms
[INFO   ] DREAMPlace - optimizer step 45.471 ms
[INFO   ] DREAMPlace - iteration  626, ( 626,  0,  0), Obj 6.555441E+08, DensityWeight 3.999383E-04, wHPWL 7.576887E+08, Overflow 3.801509E-01, MaxDensity 1.391E+01, gamma 5.346169E+01, time 6.632ms
[INFO   ] DREAMPlace - full step 59.462 ms
[INFO   ] DREAMPlace - optimizer step 22.955 ms
[INFO   ] DREAMPlace - iteration  627, ( 627,  0,  0), Obj 6.563898E+08, DensityWeight 4.115366E-04, wHPWL 7.575050E+08, Overflow 3.775592E-01, MaxDensity 1.561E+01, gamma 5.284069E+01, time 6.615ms
[INFO   ] DREAMPlace - full step 34.770 ms
[INFO   ] DREAMPlace - optimizer step 24.847 ms
[INFO   ] DREAMPlace - iteration  628, ( 628,  0,  0), Obj 6.572341E+08, DensityWeight 4.234712E-04, wHPWL 7.573583E+08, Overflow 3.753065E-01, MaxDensity 1.664E+01, gamma 5.214459E+01, time 5.749ms
[INFO   ] DREAMPlace - full step 57.768 ms
[INFO   ] DREAMPlace - optimizer step 52.757 ms
[INFO   ] DREAMPlace - iteration  629, ( 629,  0,  0), Obj 6.581556E+08, DensityWeight 4.357518E-04, wHPWL 7.572098E+08, Overflow 3.728241E-01, MaxDensity 1.745E+01, gamma 5.154696E+01, time 6.618ms
[INFO   ] DREAMPlace - full step 66.776 ms
[INFO   ] DREAMPlace - optimizer step 27.297 ms
[INFO   ] DREAMPlace - iteration  630, ( 630,  0,  0), Obj 6.589963E+08, DensityWeight 4.483887E-04, wHPWL 7.570953E+08, Overflow 3.707359E-01, MaxDensity 1.752E+01, gamma 5.089636E+01, time 6.664ms
[INFO   ] DREAMPlace - full step 77.602 ms
[INFO   ] DREAMPlace - optimizer step 27.270 ms
[INFO   ] DREAMPlace - iteration  631, ( 631,  0,  0), Obj 6.598231E+08, DensityWeight 4.613920E-04, wHPWL 7.568897E+08, Overflow 3.682059E-01, MaxDensity 1.745E+01, gamma 5.035543E+01, time 6.634ms
[INFO   ] DREAMPlace - full step 41.260 ms
[INFO   ] DREAMPlace - optimizer step 29.254 ms
[INFO   ] DREAMPlace - iteration  632, ( 632,  0,  0), Obj 6.605539E+08, DensityWeight 4.747724E-04, wHPWL 7.567165E+08, Overflow 3.661462E-01, MaxDensity 1.678E+01, gamma 4.970775E+01, time 32.716ms
[INFO   ] DREAMPlace - full step 69.366 ms
[INFO   ] DREAMPlace - optimizer step 41.771 ms
[INFO   ] DREAMPlace - iteration  633, ( 633,  0,  0), Obj 6.613731E+08, DensityWeight 4.885408E-04, wHPWL 7.565028E+08, Overflow 3.636152E-01, MaxDensity 1.654E+01, gamma 4.918663E+01, time 6.671ms
[INFO   ] DREAMPlace - full step 55.763 ms
[INFO   ] DREAMPlace - optimizer step 24.792 ms
[INFO   ] DREAMPlace - iteration  634, ( 634,  0,  0), Obj 6.621056E+08, DensityWeight 5.027085E-04, wHPWL 7.563644E+08, Overflow 3.615327E-01, MaxDensity 1.588E+01, gamma 4.855373E+01, time 6.616ms
[INFO   ] DREAMPlace - full step 38.776 ms
[INFO   ] DREAMPlace - optimizer step 27.261 ms
[INFO   ] DREAMPlace - iteration  635, ( 635,  0,  0), Obj 6.628939E+08, DensityWeight 5.172871E-04, wHPWL 7.561361E+08, Overflow 3.590677E-01, MaxDensity 1.594E+01, gamma 4.803909E+01, time 6.619ms
[INFO   ] DREAMPlace - full step 39.623 ms
[INFO   ] DREAMPlace - optimizer step 51.867 ms
[INFO   ] DREAMPlace - iteration  636, ( 636,  0,  0), Obj 6.635916E+08, DensityWeight 5.322884E-04, wHPWL 7.559650E+08, Overflow 3.570339E-01, MaxDensity 1.570E+01, gamma 4.743699E+01, time 6.631ms
[INFO   ] DREAMPlace - full step 65.859 ms
[INFO   ] DREAMPlace - optimizer step 23.655 ms
[INFO   ] DREAMPlace - iteration  637, ( 637,  0,  0), Obj 6.643382E+08, DensityWeight 5.477248E-04, wHPWL 7.557309E+08, Overflow 3.545181E-01, MaxDensity 1.622E+01, gamma 4.694586E+01, time 6.597ms
[INFO   ] DREAMPlace - full step 36.927 ms
[INFO   ] DREAMPlace - optimizer step 23.931 ms
[INFO   ] DREAMPlace - iteration  638, ( 638,  0,  0), Obj 6.649892E+08, DensityWeight 5.636088E-04, wHPWL 7.555393E+08, Overflow 3.524471E-01, MaxDensity 1.629E+01, gamma 4.634542E+01, time 6.648ms
[INFO   ] DREAMPlace - full step 37.932 ms
[INFO   ] DREAMPlace - optimizer step 53.177 ms
[INFO   ] DREAMPlace - iteration  639, ( 639,  0,  0), Obj 6.657301E+08, DensityWeight 5.799535E-04, wHPWL 7.553019E+08, Overflow 3.498164E-01, MaxDensity 1.678E+01, gamma 4.585688E+01, time 15.384ms
[INFO   ] DREAMPlace - full step 73.733 ms
[INFO   ] DREAMPlace - optimizer step 65.961 ms
[INFO   ] DREAMPlace - iteration  640, ( 640,  0,  0), Obj 6.663927E+08, DensityWeight 5.967722E-04, wHPWL 7.551260E+08, Overflow 3.477156E-01, MaxDensity 1.633E+01, gamma 4.524374E+01, time 6.651ms
[INFO   ] DREAMPlace - full step 77.736 ms
[INFO   ] DREAMPlace - optimizer step 20.604 ms
[INFO   ] DREAMPlace - iteration  641, ( 641,  0,  0), Obj 6.671455E+08, DensityWeight 6.140786E-04, wHPWL 7.548841E+08, Overflow 3.450701E-01, MaxDensity 1.506E+01, gamma 4.475999E+01, time 6.630ms
[INFO   ] DREAMPlace - full step 34.559 ms
[INFO   ] DREAMPlace - optimizer step 24.449 ms
[INFO   ] DREAMPlace - iteration  642, ( 642,  0,  0), Obj 6.677997E+08, DensityWeight 6.318869E-04, wHPWL 7.546990E+08, Overflow 3.427438E-01, MaxDensity 1.295E+01, gamma 4.415819E+01, time 25.117ms
[INFO   ] DREAMPlace - full step 56.915 ms
[INFO   ] DREAMPlace - optimizer step 57.829 ms
[INFO   ] DREAMPlace - iteration  643, ( 643,  0,  0), Obj 6.685245E+08, DensityWeight 6.502116E-04, wHPWL 7.544380E+08, Overflow 3.401176E-01, MaxDensity 1.533E+01, gamma 4.363567E+01, time 6.637ms
[INFO   ] DREAMPlace - full step 71.838 ms
[INFO   ] DREAMPlace - optimizer step 24.773 ms
[INFO   ] DREAMPlace - iteration  644, ( 644,  0,  0), Obj 6.692228E+08, DensityWeight 6.690678E-04, wHPWL 7.542401E+08, Overflow 3.378350E-01, MaxDensity 1.525E+01, gamma 4.305323E+01, time 4.582ms
[INFO   ] DREAMPlace - full step 37.128 ms
[INFO   ] DREAMPlace - optimizer step 26.376 ms
[INFO   ] DREAMPlace - iteration  645, ( 645,  0,  0), Obj 6.699497E+08, DensityWeight 6.884708E-04, wHPWL 7.540075E+08, Overflow 3.352127E-01, MaxDensity 1.362E+01, gamma 4.255330E+01, time 6.602ms
[INFO   ] DREAMPlace - full step 40.327 ms
[INFO   ] DREAMPlace - optimizer step 47.466 ms
[INFO   ] DREAMPlace - iteration  646, ( 646,  0,  0), Obj 6.705891E+08, DensityWeight 7.084365E-04, wHPWL 7.537724E+08, Overflow 3.330853E-01, MaxDensity 1.389E+01, gamma 4.198613E+01, time 18.130ms
[INFO   ] DREAMPlace - full step 70.826 ms
[INFO   ] DREAMPlace - optimizer step 54.956 ms
[INFO   ] DREAMPlace - iteration  647, ( 647,  0,  0), Obj 6.712719E+08, DensityWeight 7.289812E-04, wHPWL 7.535010E+08, Overflow 3.305860E-01, MaxDensity 1.514E+01, gamma 4.153156E+01, time 6.581ms
[INFO   ] DREAMPlace - full step 68.952 ms
[INFO   ] DREAMPlace - optimizer step 24.832 ms
[INFO   ] DREAMPlace - iteration  648, ( 648,  0,  0), Obj 6.718648E+08, DensityWeight 7.501217E-04, wHPWL 7.532849E+08, Overflow 3.286325E-01, MaxDensity 1.302E+01, gamma 4.100382E+01, time 6.632ms
[INFO   ] DREAMPlace - full step 34.673 ms
[INFO   ] DREAMPlace - optimizer step 24.856 ms
[INFO   ] DREAMPlace - iteration  649, ( 649,  0,  0), Obj 6.724890E+08, DensityWeight 7.718752E-04, wHPWL 7.530080E+08, Overflow 3.262697E-01, MaxDensity 1.421E+01, gamma 4.059599E+01, time 32.827ms
[INFO   ] DREAMPlace - full step 65.055 ms
[INFO   ] DREAMPlace - optimizer step 58.033 ms
[INFO   ] DREAMPlace - iteration  650, ( 650,  0,  0), Obj 6.730086E+08, DensityWeight 7.942596E-04, wHPWL 7.527775E+08, Overflow 3.241932E-01, MaxDensity 1.365E+01, gamma 4.010813E+01, time 6.641ms
[INFO   ] DREAMPlace - full step 69.677 ms
[INFO   ] DREAMPlace - optimizer step 26.572 ms
[INFO   ] DREAMPlace - iteration  651, ( 651,  0,  0), Obj 6.735774E+08, DensityWeight 8.172932E-04, wHPWL 7.525009E+08, Overflow 3.217007E-01, MaxDensity 1.227E+01, gamma 3.968423E+01, time 7.298ms
[INFO   ] DREAMPlace - full step 36.999 ms
[INFO   ] DREAMPlace - optimizer step 22.833 ms
[INFO   ] DREAMPlace - iteration  652, ( 652,  0,  0), Obj 6.741230E+08, DensityWeight 8.409947E-04, wHPWL 7.522801E+08, Overflow 3.195667E-01, MaxDensity 1.344E+01, gamma 3.918132E+01, time 28.528ms
[INFO   ] DREAMPlace - full step 58.026 ms
[INFO   ] DREAMPlace - optimizer step 51.852 ms
[INFO   ] DREAMPlace - iteration  653, ( 653,  0,  0), Obj 6.747522E+08, DensityWeight 8.653836E-04, wHPWL 7.520609E+08, Overflow 3.170999E-01, MaxDensity 1.228E+01, gamma 3.875582E+01, time 12.146ms
[INFO   ] DREAMPlace - full step 71.373 ms
[INFO   ] DREAMPlace - optimizer step 36.770 ms
[INFO   ] DREAMPlace - iteration  654, ( 654,  0,  0), Obj 6.753117E+08, DensityWeight 8.904798E-04, wHPWL 7.518544E+08, Overflow 3.150216E-01, MaxDensity 1.123E+01, gamma 3.826970E+01, time 6.809ms
[INFO   ] DREAMPlace - full step 49.503 ms
[INFO   ] DREAMPlace - optimizer step 23.909 ms
[INFO   ] DREAMPlace - iteration  655, ( 655,  0,  0), Obj 6.758956E+08, DensityWeight 9.163037E-04, wHPWL 7.516072E+08, Overflow 3.125892E-01, MaxDensity 1.150E+01, gamma 3.786489E+01, time 18.682ms
[INFO   ] DREAMPlace - full step 47.806 ms
[INFO   ] DREAMPlace - optimizer step 48.049 ms
[INFO   ] DREAMPlace - iteration  656, ( 656,  0,  0), Obj 6.764118E+08, DensityWeight 9.428766E-04, wHPWL 7.513780E+08, Overflow 3.105441E-01, MaxDensity 1.074E+01, gamma 3.739654E+01, time 6.519ms
[INFO   ] DREAMPlace - full step 61.942 ms
[INFO   ] DREAMPlace - optimizer step 26.062 ms
[INFO   ] DREAMPlace - iteration  657, ( 657,  0,  0), Obj 6.769707E+08, DensityWeight 9.702200E-04, wHPWL 7.511332E+08, Overflow 3.080148E-01, MaxDensity 1.168E+01, gamma 3.700723E+01, time 6.594ms
[INFO   ] DREAMPlace - full step 40.007 ms
[INFO   ] DREAMPlace - optimizer step 23.840 ms
[INFO   ] DREAMPlace - iteration  658, ( 658,  0,  0), Obj 6.774698E+08, DensityWeight 9.983565E-04, wHPWL 7.509105E+08, Overflow 3.060358E-01, MaxDensity 1.107E+01, gamma 3.653137E+01, time 6.624ms
[INFO   ] DREAMPlace - full step 37.988 ms
[INFO   ] DREAMPlace - optimizer step 39.771 ms
[INFO   ] DREAMPlace - iteration  659, ( 659,  0,  0), Obj 6.780444E+08, DensityWeight 1.027309E-03, wHPWL 7.506796E+08, Overflow 3.033663E-01, MaxDensity 9.719E+00, gamma 3.616332E+01, time 6.804ms
[INFO   ] DREAMPlace - full step 51.148 ms
[INFO   ] DREAMPlace - optimizer step 29.297 ms
[INFO   ] DREAMPlace - iteration  660, ( 660,  0,  0), Obj 6.785350E+08, DensityWeight 1.057101E-03, wHPWL 7.504812E+08, Overflow 3.013539E-01, MaxDensity 1.126E+01, gamma 3.567271E+01, time 5.747ms
[INFO   ] DREAMPlace - full step 42.398 ms
[INFO   ] DREAMPlace - optimizer step 24.760 ms
[INFO   ] DREAMPlace - iteration  661, ( 661,  0,  0), Obj 6.791046E+08, DensityWeight 1.087757E-03, wHPWL 7.502224E+08, Overflow 2.988593E-01, MaxDensity 1.207E+01, gamma 3.530726E+01, time 33.653ms
[INFO   ] DREAMPlace - full step 65.789 ms
[INFO   ] DREAMPlace - optimizer step 55.424 ms
[INFO   ] DREAMPlace - iteration  662, ( 662,  0,  0), Obj 6.795930E+08, DensityWeight 1.119302E-03, wHPWL 7.500212E+08, Overflow 2.969033E-01, MaxDensity 1.090E+01, gamma 3.485944E+01, time 6.608ms
[INFO   ] DREAMPlace - full step 69.594 ms
[INFO   ] DREAMPlace - optimizer step 24.828 ms
[INFO   ] DREAMPlace - iteration  663, ( 663,  0,  0), Obj 6.800988E+08, DensityWeight 1.151762E-03, wHPWL 7.497554E+08, Overflow 2.944636E-01, MaxDensity 9.347E+00, gamma 3.451230E+01, time 6.567ms
[INFO   ] DREAMPlace - full step 36.865 ms
[INFO   ] DREAMPlace - optimizer step 49.365 ms
[INFO   ] DREAMPlace - iteration  664, ( 664,  0,  0), Obj 6.805281E+08, DensityWeight 1.185163E-03, wHPWL 7.495122E+08, Overflow 2.924728E-01, MaxDensity 9.442E+00, gamma 3.408414E+01, time 5.768ms
[INFO   ] DREAMPlace - full step 62.453 ms
[INFO   ] DREAMPlace - optimizer step 6.464 ms
[INFO   ] DREAMPlace - iteration  665, ( 665,  0,  0), Obj 6.810042E+08, DensityWeight 1.219533E-03, wHPWL 7.492422E+08, Overflow 2.900761E-01, MaxDensity 1.082E+01, gamma 3.373869E+01, time 2.307ms
[INFO   ] DREAMPlace - full step 10.308 ms
[INFO   ] DREAMPlace - optimizer step 4.530 ms
[INFO   ] DREAMPlace - iteration  666, ( 666,  0,  0), Obj 6.814343E+08, DensityWeight 1.254899E-03, wHPWL 7.490085E+08, Overflow 2.880718E-01, MaxDensity 1.033E+01, gamma 3.332747E+01, time 2.223ms
[INFO   ] DREAMPlace - full step 7.281 ms
[INFO   ] DREAMPlace - optimizer step 39.062 ms
[INFO   ] DREAMPlace - iteration  667, ( 667,  0,  0), Obj 6.819029E+08, DensityWeight 1.291291E-03, wHPWL 7.487597E+08, Overflow 2.856818E-01, MaxDensity 1.063E+01, gamma 3.298742E+01, time 2.165ms
[INFO   ] DREAMPlace - full step 42.088 ms
[INFO   ] DREAMPlace - optimizer step 6.287 ms
[INFO   ] DREAMPlace - iteration  668, ( 668,  0,  0), Obj 6.823192E+08, DensityWeight 1.328739E-03, wHPWL 7.485236E+08, Overflow 2.837659E-01, MaxDensity 1.003E+01, gamma 3.258645E+01, time 2.325ms
[INFO   ] DREAMPlace - full step 9.604 ms
[INFO   ] DREAMPlace - optimizer step 85.817 ms
[INFO   ] DREAMPlace - iteration  669, ( 669,  0,  0), Obj 6.827725E+08, DensityWeight 1.367272E-03, wHPWL 7.482756E+08, Overflow 2.814161E-01, MaxDensity 1.006E+01, gamma 3.226857E+01, time 15.927ms
[INFO   ] DREAMPlace - full step 107.108 ms
[INFO   ] DREAMPlace - optimizer step 23.794 ms
[INFO   ] DREAMPlace - iteration  670, ( 670,  0,  0), Obj 6.831505E+08, DensityWeight 1.406923E-03, wHPWL 7.480314E+08, Overflow 2.793508E-01, MaxDensity 9.654E+00, gamma 3.188291E+01, time 6.618ms
[INFO   ] DREAMPlace - full step 63.731 ms
[INFO   ] DREAMPlace - optimizer step 26.517 ms
[INFO   ] DREAMPlace - iteration  671, ( 671,  0,  0), Obj 6.835675E+08, DensityWeight 1.447724E-03, wHPWL 7.477644E+08, Overflow 2.769438E-01, MaxDensity 9.686E+00, gamma 3.154773E+01, time 13.308ms
[INFO   ] DREAMPlace - full step 47.167 ms
[I] plotting to conn_results/bigblue4/plot/iter0672.png takes 53.936 seconds
[INFO   ] DREAMPlace - plotting to conn_results/bigblue4/plot/iter0672.png takes 54.162 seconds
[INFO   ] DREAMPlace - optimizer step 24.423 ms
[INFO   ] DREAMPlace - iteration  672, ( 672,  0,  0), Obj 6.839709E+08, DensityWeight 1.489708E-03, wHPWL 7.475239E+08, Overflow 2.750410E-01, MaxDensity 9.367E+00, gamma 3.116157E+01, time 31.522ms
[INFO   ] DREAMPlace - full step 54264.747 ms
[INFO   ] DREAMPlace - optimizer step 23.292 ms
[INFO   ] DREAMPlace - iteration  673, ( 673,  0,  0), Obj 6.844171E+08, DensityWeight 1.532910E-03, wHPWL 7.472894E+08, Overflow 2.726659E-01, MaxDensity 9.260E+00, gamma 3.085964E+01, time 5.723ms
[INFO   ] DREAMPlace - full step 36.517 ms
[INFO   ] DREAMPlace - optimizer step 23.665 ms
[INFO   ] DREAMPlace - iteration  674, ( 674,  0,  0), Obj 6.847629E+08, DensityWeight 1.577364E-03, wHPWL 7.470350E+08, Overflow 2.706430E-01, MaxDensity 9.008E+00, gamma 3.048687E+01, time 6.619ms
[INFO   ] DREAMPlace - full step 37.918 ms
[INFO   ] DREAMPlace - optimizer step 20.365 ms
[INFO   ] DREAMPlace - iteration  675, ( 675,  0,  0), Obj 6.851617E+08, DensityWeight 1.623108E-03, wHPWL 7.467603E+08, Overflow 2.683789E-01, MaxDensity 8.937E+00, gamma 3.017294E+01, time 6.599ms
[INFO   ] DREAMPlace - full step 33.010 ms
[INFO   ] DREAMPlace - optimizer step 23.592 ms
[INFO   ] DREAMPlace - iteration  676, ( 676,  0,  0), Obj 6.855357E+08, DensityWeight 1.670178E-03, wHPWL 7.465211E+08, Overflow 2.663251E-01, MaxDensity 8.664E+00, gamma 2.982540E+01, time 6.595ms
[INFO   ] DREAMPlace - full step 37.568 ms
[INFO   ] DREAMPlace - optimizer step 23.506 ms
[INFO   ] DREAMPlace - iteration  677, ( 677,  0,  0), Obj 6.859197E+08, DensityWeight 1.718613E-03, wHPWL 7.462696E+08, Overflow 2.639570E-01, MaxDensity 8.810E+00, gamma 2.951360E+01, time 6.798ms
[INFO   ] DREAMPlace - full step 35.685 ms
[INFO   ] DREAMPlace - optimizer step 24.180 ms
[INFO   ] DREAMPlace - iteration  678, ( 678,  0,  0), Obj 6.862643E+08, DensityWeight 1.768453E-03, wHPWL 7.460036E+08, Overflow 2.619293E-01, MaxDensity 8.298E+00, gamma 2.915814E+01, time 12.679ms
[INFO   ] DREAMPlace - full step 44.332 ms
[INFO   ] DREAMPlace - optimizer step 23.299 ms
[INFO   ] DREAMPlace - iteration  679, ( 679,  0,  0), Obj 6.866567E+08, DensityWeight 1.819738E-03, wHPWL 7.457446E+08, Overflow 2.596921E-01, MaxDensity 8.502E+00, gamma 2.885718E+01, time 6.558ms
[INFO   ] DREAMPlace - full step 37.165 ms
[INFO   ] DREAMPlace - optimizer step 23.594 ms
[INFO   ] DREAMPlace - iteration  680, ( 680,  0,  0), Obj 6.870004E+08, DensityWeight 1.872511E-03, wHPWL 7.455011E+08, Overflow 2.578078E-01, MaxDensity 7.884E+00, gamma 2.852872E+01, time 6.603ms
[INFO   ] DREAMPlace - full step 37.652 ms
[INFO   ] DREAMPlace - optimizer step 23.695 ms
[INFO   ] DREAMPlace - iteration  681, ( 681,  0,  0), Obj 6.873423E+08, DensityWeight 1.926814E-03, wHPWL 7.452264E+08, Overflow 2.556591E-01, MaxDensity 8.029E+00, gamma 2.825497E+01, time 7.560ms
[INFO   ] DREAMPlace - full step 37.305 ms
[INFO   ] DREAMPlace - optimizer step 24.569 ms
[INFO   ] DREAMPlace - iteration  682, ( 682,  0,  0), Obj 6.876248E+08, DensityWeight 1.982691E-03, wHPWL 7.449569E+08, Overflow 2.535972E-01, MaxDensity 7.397E+00, gamma 2.794602E+01, time 7.430ms
[INFO   ] DREAMPlace - full step 39.340 ms
[INFO   ] DREAMPlace - optimizer step 23.521 ms
[INFO   ] DREAMPlace - iteration  683, ( 683,  0,  0), Obj 6.879347E+08, DensityWeight 2.040189E-03, wHPWL 7.446753E+08, Overflow 2.513870E-01, MaxDensity 7.460E+00, gamma 2.765274E+01, time 6.600ms
[INFO   ] DREAMPlace - full step 37.452 ms
[INFO   ] DREAMPlace - optimizer step 24.626 ms
[INFO   ] DREAMPlace - iteration  684, ( 684,  0,  0), Obj 6.882555E+08, DensityWeight 2.099355E-03, wHPWL 7.444214E+08, Overflow 2.494250E-01, MaxDensity 6.923E+00, gamma 2.734176E+01, time 6.605ms
[INFO   ] DREAMPlace - full step 37.267 ms
[INFO   ] DREAMPlace - optimizer step 21.996 ms
[INFO   ] DREAMPlace - iteration  685, ( 685,  0,  0), Obj 6.885955E+08, DensityWeight 2.160236E-03, wHPWL 7.441743E+08, Overflow 2.471533E-01, MaxDensity 7.064E+00, gamma 2.706864E+01, time 7.981ms
[INFO   ] DREAMPlace - full step 37.333 ms
[INFO   ] DREAMPlace - optimizer step 23.592 ms
[INFO   ] DREAMPlace - iteration  686, ( 686,  0,  0), Obj 6.888796E+08, DensityWeight 2.222884E-03, wHPWL 7.439112E+08, Overflow 2.452848E-01, MaxDensity 6.792E+00, gamma 2.675582E+01, time 6.624ms
[INFO   ] DREAMPlace - full step 37.654 ms
[INFO   ] DREAMPlace - optimizer step 22.323 ms
[INFO   ] DREAMPlace - iteration  687, ( 687,  0,  0), Obj 6.891981E+08, DensityWeight 2.287347E-03, wHPWL 7.436379E+08, Overflow 2.430231E-01, MaxDensity 6.939E+00, gamma 2.650124E+01, time 8.942ms
[INFO   ] DREAMPlace - full step 37.343 ms
[INFO   ] DREAMPlace - optimizer step 23.239 ms
[INFO   ] DREAMPlace - iteration  688, ( 688,  0,  0), Obj 6.894650E+08, DensityWeight 2.353681E-03, wHPWL 7.433839E+08, Overflow 2.411241E-01, MaxDensity 6.546E+00, gamma 2.619630E+01, time 6.604ms
[INFO   ] DREAMPlace - full step 37.215 ms
[INFO   ] DREAMPlace - optimizer step 23.482 ms
[INFO   ] DREAMPlace - iteration  689, ( 689,  0,  0), Obj 6.897711E+08, DensityWeight 2.421937E-03, wHPWL 7.431141E+08, Overflow 2.387796E-01, MaxDensity 6.698E+00, gamma 2.594299E+01, time 6.598ms
[INFO   ] DREAMPlace - full step 37.479 ms
[INFO   ] DREAMPlace - optimizer step 24.659 ms
[INFO   ] DREAMPlace - iteration  690, ( 690,  0,  0), Obj 6.900356E+08, DensityWeight 2.492174E-03, wHPWL 7.428596E+08, Overflow 2.368779E-01, MaxDensity 6.628E+00, gamma 2.563363E+01, time 6.614ms
[INFO   ] DREAMPlace - full step 37.321 ms
[INFO   ] DREAMPlace - optimizer step 22.477 ms
[INFO   ] DREAMPlace - iteration  691, ( 691,  0,  0), Obj 6.903555E+08, DensityWeight 2.564447E-03, wHPWL 7.426019E+08, Overflow 2.345259E-01, MaxDensity 6.620E+00, gamma 2.538540E+01, time 7.350ms
[INFO   ] DREAMPlace - full step 37.179 ms
[INFO   ] DREAMPlace - optimizer step 23.616 ms
[INFO   ] DREAMPlace - iteration  692, ( 692,  0,  0), Obj 6.906168E+08, DensityWeight 2.638816E-03, wHPWL 7.423526E+08, Overflow 2.326903E-01, MaxDensity 6.207E+00, gamma 2.508172E+01, time 9.065ms
[INFO   ] DREAMPlace - full step 37.774 ms
[INFO   ] DREAMPlace - optimizer step 22.456 ms
[INFO   ] DREAMPlace - iteration  693, ( 693,  0,  0), Obj 6.909163E+08, DensityWeight 2.715342E-03, wHPWL 7.420788E+08, Overflow 2.303957E-01, MaxDensity 6.093E+00, gamma 2.484725E+01, time 6.599ms
[INFO   ] DREAMPlace - full step 35.130 ms
[INFO   ] DREAMPlace - optimizer step 23.609 ms
[INFO   ] DREAMPlace - iteration  694, ( 694,  0,  0), Obj 6.911476E+08, DensityWeight 2.794087E-03, wHPWL 7.418153E+08, Overflow 2.287993E-01, MaxDensity 5.926E+00, gamma 2.455721E+01, time 6.368ms
[INFO   ] DREAMPlace - full step 37.369 ms
[INFO   ] DREAMPlace - optimizer step 23.519 ms
[INFO   ] DREAMPlace - iteration  695, ( 695,  0,  0), Obj 6.914280E+08, DensityWeight 2.875115E-03, wHPWL 7.415399E+08, Overflow 2.265501E-01, MaxDensity 5.774E+00, gamma 2.435744E+01, time 6.588ms
[INFO   ] DREAMPlace - full step 37.471 ms
[INFO   ] DREAMPlace - optimizer step 24.656 ms
[INFO   ] DREAMPlace - iteration  696, ( 696,  0,  0), Obj 6.916142E+08, DensityWeight 2.958494E-03, wHPWL 7.412849E+08, Overflow 2.248318E-01, MaxDensity 6.131E+00, gamma 2.407872E+01, time 6.611ms
[INFO   ] DREAMPlace - full step 37.327 ms
[INFO   ] DREAMPlace - optimizer step 4.598 ms
[INFO   ] DREAMPlace - iteration  697, ( 697,  0,  0), Obj 6.918703E+08, DensityWeight 3.044290E-03, wHPWL 7.410012E+08, Overflow 2.225495E-01, MaxDensity 6.590E+00, gamma 2.386794E+01, time 3.079ms
[INFO   ] DREAMPlace - full step 10.382 ms
[INFO   ] DREAMPlace - optimizer step 4.565 ms
[INFO   ] DREAMPlace - iteration  698, ( 698,  0,  0), Obj 6.920822E+08, DensityWeight 3.132575E-03, wHPWL 7.407601E+08, Overflow 2.207167E-01, MaxDensity 6.373E+00, gamma 2.359082E+01, time 2.122ms
[INFO   ] DREAMPlace - full step 7.171 ms
[INFO   ] DREAMPlace - optimizer step 4.579 ms
[INFO   ] DREAMPlace - iteration  699, ( 699,  0,  0), Obj 6.923571E+08, DensityWeight 3.223420E-03, wHPWL 7.405015E+08, Overflow 2.183726E-01, MaxDensity 5.615E+00, gamma 2.337062E+01, time 2.102ms
[INFO   ] DREAMPlace - full step 7.186 ms
[INFO   ] DREAMPlace - optimizer step 7.696 ms
[INFO   ] DREAMPlace - iteration  700, ( 700,  0,  0), Obj 6.925707E+08, DensityWeight 3.316899E-03, wHPWL 7.402482E+08, Overflow 2.166063E-01, MaxDensity 5.596E+00, gamma 2.309199E+01, time 4.333ms
[INFO   ] DREAMPlace - full step 12.884 ms
[INFO   ] DREAMPlace - optimizer step 6.203 ms
[INFO   ] DREAMPlace - iteration  701, ( 701,  0,  0), Obj 6.928390E+08, DensityWeight 3.413089E-03, wHPWL 7.399750E+08, Overflow 2.143087E-01, MaxDensity 5.366E+00, gamma 2.288422E+01, time 2.294ms
[INFO   ] DREAMPlace - full step 9.513 ms
[INFO   ] DREAMPlace - optimizer step 15.575 ms
[INFO   ] DREAMPlace - iteration  702, ( 702,  0,  0), Obj 6.930363E+08, DensityWeight 3.512069E-03, wHPWL 7.397240E+08, Overflow 2.125565E-01, MaxDensity 5.294E+00, gamma 2.261676E+01, time 2.318ms
[INFO   ] DREAMPlace - full step 23.217 ms
[INFO   ] DREAMPlace - optimizer step 21.785 ms
[INFO   ] DREAMPlace - iteration  703, ( 703,  0,  0), Obj 6.932784E+08, DensityWeight 3.613919E-03, wHPWL 7.394376E+08, Overflow 2.103450E-01, MaxDensity 5.357E+00, gamma 2.241488E+01, time 5.197ms
[INFO   ] DREAMPlace - full step 34.401 ms
[INFO   ] DREAMPlace - optimizer step 21.742 ms
[INFO   ] DREAMPlace - iteration  704, ( 704,  0,  0), Obj 6.934645E+08, DensityWeight 3.718723E-03, wHPWL 7.391819E+08, Overflow 2.086551E-01, MaxDensity 5.532E+00, gamma 2.216266E+01, time 5.290ms
[INFO   ] DREAMPlace - full step 34.454 ms
[INFO   ] DREAMPlace - optimizer step 23.747 ms
[INFO   ] DREAMPlace - iteration  705, ( 705,  0,  0), Obj 6.936933E+08, DensityWeight 3.826566E-03, wHPWL 7.389061E+08, Overflow 2.064426E-01, MaxDensity 5.443E+00, gamma 2.197186E+01, time 6.568ms
[INFO   ] DREAMPlace - full step 35.416 ms
[INFO   ] DREAMPlace - optimizer step 22.423 ms
[INFO   ] DREAMPlace - iteration  706, ( 706,  0,  0), Obj 6.938555E+08, DensityWeight 3.937537E-03, wHPWL 7.386413E+08, Overflow 2.047141E-01, MaxDensity 5.435E+00, gamma 2.172451E+01, time 6.587ms
[INFO   ] DREAMPlace - full step 36.420 ms
[INFO   ] DREAMPlace - optimizer step 22.445 ms
[INFO   ] DREAMPlace - iteration  707, ( 707,  0,  0), Obj 6.940774E+08, DensityWeight 4.051725E-03, wHPWL 7.383663E+08, Overflow 2.025524E-01, MaxDensity 5.576E+00, gamma 2.153322E+01, time 6.585ms
[INFO   ] DREAMPlace - full step 36.404 ms
[INFO   ] DREAMPlace - optimizer step 22.440 ms
[INFO   ] DREAMPlace - iteration  708, ( 708,  0,  0), Obj 6.942493E+08, DensityWeight 4.169226E-03, wHPWL 7.381137E+08, Overflow 2.008069E-01, MaxDensity 5.416E+00, gamma 2.129635E+01, time 6.636ms
[INFO   ] DREAMPlace - full step 36.464 ms
[INFO   ] DREAMPlace - optimizer step 23.701 ms
[INFO   ] DREAMPlace - iteration  709, ( 709,  0,  0), Obj 6.944591E+08, DensityWeight 4.290133E-03, wHPWL 7.378417E+08, Overflow 1.987121E-01, MaxDensity 5.312E+00, gamma 2.110698E+01, time 5.259ms
[INFO   ] DREAMPlace - full step 36.357 ms
[INFO   ] DREAMPlace - optimizer step 21.582 ms
[INFO   ] DREAMPlace - iteration  710, ( 710,  0,  0), Obj 6.946161E+08, DensityWeight 4.414547E-03, wHPWL 7.375735E+08, Overflow 1.969615E-01, MaxDensity 5.240E+00, gamma 2.088195E+01, time 4.755ms
[INFO   ] DREAMPlace - full step 32.674 ms
[INFO   ] DREAMPlace - optimizer step 23.679 ms
[INFO   ] DREAMPlace - iteration  711, ( 711,  0,  0), Obj 6.948193E+08, DensityWeight 4.542569E-03, wHPWL 7.373151E+08, Overflow 1.948665E-01, MaxDensity 5.126E+00, gamma 2.069574E+01, time 6.657ms
[INFO   ] DREAMPlace - full step 35.474 ms
[INFO   ] DREAMPlace - optimizer step 21.330 ms
[INFO   ] DREAMPlace - iteration  712, ( 712,  0,  0), Obj 6.949762E+08, DensityWeight 4.674304E-03, wHPWL 7.370563E+08, Overflow 1.932320E-01, MaxDensity 4.992E+00, gamma 2.047507E+01, time 6.609ms
[INFO   ] DREAMPlace - full step 32.683 ms
[INFO   ] DREAMPlace - optimizer step 5.981 ms
[INFO   ] DREAMPlace - iteration  713, ( 713,  0,  0), Obj 6.951679E+08, DensityWeight 4.809859E-03, wHPWL 7.367916E+08, Overflow 1.911588E-01, MaxDensity 5.055E+00, gamma 2.030454E+01, time 2.308ms
[INFO   ] DREAMPlace - full step 9.304 ms
[INFO   ] DREAMPlace - optimizer step 24.833 ms
[INFO   ] DREAMPlace - iteration  714, ( 714,  0,  0), Obj 6.953000E+08, DensityWeight 4.949345E-03, wHPWL 7.365313E+08, Overflow 1.895535E-01, MaxDensity 5.016E+00, gamma 2.009028E+01, time 2.640ms
[INFO   ] DREAMPlace - full step 34.899 ms
[INFO   ] DREAMPlace - optimizer step 21.131 ms
[INFO   ] DREAMPlace - iteration  715, ( 715,  0,  0), Obj 6.954804E+08, DensityWeight 5.092876E-03, wHPWL 7.362655E+08, Overflow 1.874970E-01, MaxDensity 4.981E+00, gamma 1.992593E+01, time 6.626ms
[INFO   ] DREAMPlace - full step 35.141 ms
[INFO   ] DREAMPlace - optimizer step 24.783 ms
[INFO   ] DREAMPlace - iteration  716, ( 716,  0,  0), Obj 6.956115E+08, DensityWeight 5.240570E-03, wHPWL 7.360169E+08, Overflow 1.857682E-01, MaxDensity 4.875E+00, gamma 1.971736E+01, time 4.475ms
[INFO   ] DREAMPlace - full step 33.665 ms
[INFO   ] DREAMPlace - optimizer step 21.206 ms
[INFO   ] DREAMPlace - iteration  717, ( 717,  0,  0), Obj 6.957960E+08, DensityWeight 5.392547E-03, wHPWL 7.357673E+08, Overflow 1.837068E-01, MaxDensity 4.659E+00, gamma 1.954370E+01, time 6.626ms
[INFO   ] DREAMPlace - full step 35.198 ms
[INFO   ] DREAMPlace - optimizer step 24.817 ms
[INFO   ] DREAMPlace - iteration  718, ( 718,  0,  0), Obj 6.959445E+08, DensityWeight 5.548931E-03, wHPWL 7.355245E+08, Overflow 1.820856E-01, MaxDensity 4.440E+00, gamma 1.933865E+01, time 6.613ms
[INFO   ] DREAMPlace - full step 33.078 ms
[INFO   ] DREAMPlace - optimizer step 21.220 ms
[INFO   ] DREAMPlace - iteration  719, ( 719,  0,  0), Obj 6.961338E+08, DensityWeight 5.709850E-03, wHPWL 7.352867E+08, Overflow 1.800466E-01, MaxDensity 4.999E+00, gamma 1.917889E+01, time 6.608ms
[INFO   ] DREAMPlace - full step 35.234 ms
[INFO   ] DREAMPlace - optimizer step 22.627 ms
[INFO   ] DREAMPlace - iteration  720, ( 720,  0,  0), Obj 6.962657E+08, DensityWeight 5.875436E-03, wHPWL 7.350481E+08, Overflow 1.784220E-01, MaxDensity 5.036E+00, gamma 1.897982E+01, time 7.172ms
[INFO   ] DREAMPlace - full step 37.192 ms
[INFO   ] DREAMPlace - optimizer step 23.607 ms
[INFO   ] DREAMPlace - iteration  721, ( 721,  0,  0), Obj 6.964374E+08, DensityWeight 6.045823E-03, wHPWL 7.347987E+08, Overflow 1.764540E-01, MaxDensity 5.219E+00, gamma 1.882270E+01, time 6.599ms
[INFO   ] DREAMPlace - full step 37.565 ms
[INFO   ] DREAMPlace - optimizer step 21.133 ms
[INFO   ] DREAMPlace - iteration  722, ( 722,  0,  0), Obj 6.965658E+08, DensityWeight 6.221152E-03, wHPWL 7.345603E+08, Overflow 1.748621E-01, MaxDensity 4.933E+00, gamma 1.863411E+01, time 6.614ms
[INFO   ] DREAMPlace - full step 35.166 ms
[INFO   ] DREAMPlace - optimizer step 24.816 ms
[INFO   ] DREAMPlace - iteration  723, ( 723,  0,  0), Obj 6.967335E+08, DensityWeight 6.401566E-03, wHPWL 7.343245E+08, Overflow 1.730055E-01, MaxDensity 4.559E+00, gamma 1.848295E+01, time 2.907ms
[INFO   ] DREAMPlace - full step 35.134 ms
[INFO   ] DREAMPlace - optimizer step 21.252 ms
[INFO   ] DREAMPlace - iteration  724, ( 724,  0,  0), Obj 6.968566E+08, DensityWeight 6.587212E-03, wHPWL 7.340937E+08, Overflow 1.713348E-01, MaxDensity 4.395E+00, gamma 1.830819E+01, time 6.609ms
[INFO   ] DREAMPlace - full step 35.248 ms
[INFO   ] DREAMPlace - optimizer step 27.453 ms
[INFO   ] DREAMPlace - iteration  725, ( 725,  0,  0), Obj 6.970141E+08, DensityWeight 6.778241E-03, wHPWL 7.338711E+08, Overflow 1.695134E-01, MaxDensity 4.323E+00, gamma 1.815234E+01, time 4.451ms
[INFO   ] DREAMPlace - full step 35.610 ms
[INFO   ] DREAMPlace - optimizer step 26.319 ms
[INFO   ] DREAMPlace - iteration  726, ( 726,  0,  0), Obj 6.971553E+08, DensityWeight 6.974810E-03, wHPWL 7.336586E+08, Overflow 1.678489E-01, MaxDensity 4.329E+00, gamma 1.798396E+01, time 6.612ms
[INFO   ] DREAMPlace - full step 40.345 ms
[INFO   ] DREAMPlace - optimizer step 21.255 ms
[INFO   ] DREAMPlace - iteration  727, ( 727,  0,  0), Obj 6.973181E+08, DensityWeight 7.177080E-03, wHPWL 7.334573E+08, Overflow 1.659604E-01, MaxDensity 4.222E+00, gamma 1.783143E+01, time 6.569ms
[INFO   ] DREAMPlace - full step 35.241 ms
[I] plotting to conn_results/bigblue4/plot/iter0728.png takes 45.396 seconds
[INFO   ] DREAMPlace - plotting to conn_results/bigblue4/plot/iter0728.png takes 45.498 seconds
[INFO   ] DREAMPlace - optimizer step 7.528 ms
[INFO   ] DREAMPlace - iteration  728, ( 728,  0,  0), Obj 6.974484E+08, DensityWeight 7.385216E-03, wHPWL 7.332376E+08, Overflow 1.643469E-01, MaxDensity 4.141E+00, gamma 1.765995E+01, time 5.453ms
[INFO   ] DREAMPlace - full step 45528.793 ms
[INFO   ] DREAMPlace - optimizer step 4.416 ms
[INFO   ] DREAMPlace - iteration  729, ( 729,  0,  0), Obj 6.976060E+08, DensityWeight 7.599387E-03, wHPWL 7.330225E+08, Overflow 1.624746E-01, MaxDensity 3.963E+00, gamma 1.751475E+01, time 2.209ms
[INFO   ] DREAMPlace - full step 7.428 ms
[INFO   ] DREAMPlace - optimizer step 4.372 ms
[INFO   ] DREAMPlace - iteration  730, ( 730,  0,  0), Obj 6.977354E+08, DensityWeight 7.819770E-03, wHPWL 7.328136E+08, Overflow 1.608693E-01, MaxDensity 3.950E+00, gamma 1.734776E+01, time 2.143ms
[INFO   ] DREAMPlace - full step 7.030 ms
[INFO   ] DREAMPlace - optimizer step 4.380 ms
[INFO   ] DREAMPlace - iteration  731, ( 731,  0,  0), Obj 6.978946E+08, DensityWeight 8.046543E-03, wHPWL 7.326094E+08, Overflow 1.590311E-01, MaxDensity 4.301E+00, gamma 1.720584E+01, time 2.126ms
[INFO   ] DREAMPlace - full step 7.009 ms
[INFO   ] DREAMPlace - optimizer step 4.388 ms
[INFO   ] DREAMPlace - iteration  732, ( 732,  0,  0), Obj 6.980257E+08, DensityWeight 8.279894E-03, wHPWL 7.324096E+08, Overflow 1.574942E-01, MaxDensity 4.301E+00, gamma 1.704477E+01, time 2.142ms
[INFO   ] DREAMPlace - full step 7.030 ms
[INFO   ] DREAMPlace - optimizer step 4.367 ms
[INFO   ] DREAMPlace - iteration  733, ( 733,  0,  0), Obj 6.981836E+08, DensityWeight 8.520011E-03, wHPWL 7.322180E+08, Overflow 1.557144E-01, MaxDensity 4.301E+00, gamma 1.691125E+01, time 2.177ms
[INFO   ] DREAMPlace - full step 7.037 ms
[INFO   ] DREAMPlace - optimizer step 4.407 ms
[INFO   ] DREAMPlace - iteration  734, ( 734,  0,  0), Obj 6.983071E+08, DensityWeight 8.767092E-03, wHPWL 7.320270E+08, Overflow 1.541609E-01, MaxDensity 4.301E+00, gamma 1.675795E+01, time 2.146ms
[INFO   ] DREAMPlace - full step 7.096 ms
[INFO   ] DREAMPlace - optimizer step 4.388 ms
[INFO   ] DREAMPlace - iteration  735, ( 735,  0,  0), Obj 6.984605E+08, DensityWeight 9.021338E-03, wHPWL 7.318476E+08, Overflow 1.524121E-01, MaxDensity 4.301E+00, gamma 1.662526E+01, time 2.117ms
[INFO   ] DREAMPlace - full step 7.008 ms
[INFO   ] DREAMPlace - optimizer step 4.705 ms
[INFO   ] DREAMPlace - iteration  736, ( 736,  0,  0), Obj 6.985924E+08, DensityWeight 9.282957E-03, wHPWL 7.316724E+08, Overflow 1.508889E-01, MaxDensity 4.301E+00, gamma 1.647716E+01, time 2.148ms
[INFO   ] DREAMPlace - full step 7.345 ms
[INFO   ] DREAMPlace - optimizer step 4.369 ms
[INFO   ] DREAMPlace - iteration  737, ( 737,  0,  0), Obj 6.987464E+08, DensityWeight 9.552163E-03, wHPWL 7.315052E+08, Overflow 1.490790E-01, MaxDensity 4.301E+00, gamma 1.634923E+01, time 2.114ms
[INFO   ] DREAMPlace - full step 6.984 ms
[INFO   ] DREAMPlace - optimizer step 4.350 ms
[INFO   ] DREAMPlace - iteration  738, ( 738,  0,  0), Obj 6.988807E+08, DensityWeight 9.829177E-03, wHPWL 7.313449E+08, Overflow 1.475670E-01, MaxDensity 4.170E+00, gamma 1.619852E+01, time 2.110ms
[INFO   ] DREAMPlace - full step 6.956 ms
[INFO   ] DREAMPlace - optimizer step 4.369 ms
[INFO   ] DREAMPlace - iteration  739, ( 739,  0,  0), Obj 6.990529E+08, DensityWeight 1.011422E-02, wHPWL 7.311986E+08, Overflow 1.457563E-01, MaxDensity 4.346E+00, gamma 1.607368E+01, time 2.118ms
[INFO   ] DREAMPlace - full step 6.991 ms
[INFO   ] DREAMPlace - optimizer step 4.339 ms
[INFO   ] DREAMPlace - iteration  740, ( 740,  0,  0), Obj 6.991980E+08, DensityWeight 1.040754E-02, wHPWL 7.310607E+08, Overflow 1.442328E-01, MaxDensity 4.297E+00, gamma 1.592545E+01, time 2.130ms
[INFO   ] DREAMPlace - full step 6.966 ms
[INFO   ] DREAMPlace - optimizer step 4.598 ms
[INFO   ] DREAMPlace - iteration  741, ( 741,  0,  0), Obj 6.993733E+08, DensityWeight 1.070935E-02, wHPWL 7.309260E+08, Overflow 1.424955E-01, MaxDensity 4.326E+00, gamma 1.580179E+01, time 3.926ms
[INFO   ] DREAMPlace - full step 9.024 ms
[INFO   ] DREAMPlace - optimizer step 4.425 ms
[INFO   ] DREAMPlace - iteration  742, ( 742,  0,  0), Obj 6.995205E+08, DensityWeight 1.101993E-02, wHPWL 7.307949E+08, Overflow 1.410072E-01, MaxDensity 4.291E+00, gamma 1.566194E+01, time 2.133ms
[INFO   ] DREAMPlace - full step 7.064 ms
[INFO   ] DREAMPlace - optimizer step 4.351 ms
[INFO   ] DREAMPlace - iteration  743, ( 743,  0,  0), Obj 6.996900E+08, DensityWeight 1.133951E-02, wHPWL 7.306723E+08, Overflow 1.393365E-01, MaxDensity 4.107E+00, gamma 1.554311E+01, time 2.133ms
[INFO   ] DREAMPlace - full step 6.979 ms
[INFO   ] DREAMPlace - optimizer step 4.406 ms
[INFO   ] DREAMPlace - iteration  744, ( 744,  0,  0), Obj 6.998298E+08, DensityWeight 1.166835E-02, wHPWL 7.305440E+08, Overflow 1.378962E-01, MaxDensity 3.821E+00, gamma 1.541081E+01, time 2.122ms
[INFO   ] DREAMPlace - full step 7.022 ms
[INFO   ] DREAMPlace - optimizer step 4.346 ms
[INFO   ] DREAMPlace - iteration  745, ( 745,  0,  0), Obj 6.999909E+08, DensityWeight 1.200673E-02, wHPWL 7.304282E+08, Overflow 1.363237E-01, MaxDensity 4.130E+00, gamma 1.529765E+01, time 2.098ms
[INFO   ] DREAMPlace - full step 6.932 ms
[INFO   ] DREAMPlace - optimizer step 4.312 ms
[INFO   ] DREAMPlace - iteration  746, ( 746,  0,  0), Obj 7.001273E+08, DensityWeight 1.235493E-02, wHPWL 7.303087E+08, Overflow 1.349347E-01, MaxDensity 4.252E+00, gamma 1.517506E+01, time 2.141ms
[INFO   ] DREAMPlace - full step 6.947 ms
[INFO   ] DREAMPlace - optimizer step 4.337 ms
[INFO   ] DREAMPlace - iteration  747, ( 747,  0,  0), Obj 7.002780E+08, DensityWeight 1.271322E-02, wHPWL 7.301997E+08, Overflow 1.333611E-01, MaxDensity 4.301E+00, gamma 1.506759E+01, time 2.108ms
[INFO   ] DREAMPlace - full step 6.938 ms
[INFO   ] DREAMPlace - optimizer step 4.326 ms
[INFO   ] DREAMPlace - iteration  748, ( 748,  0,  0), Obj 7.004121E+08, DensityWeight 1.308191E-02, wHPWL 7.300922E+08, Overflow 1.319428E-01, MaxDensity 4.301E+00, gamma 1.494675E+01, time 2.171ms
[INFO   ] DREAMPlace - full step 6.981 ms
[INFO   ] DREAMPlace - optimizer step 13.209 ms
[INFO   ] DREAMPlace - iteration  749, ( 749,  0,  0), Obj 7.005699E+08, DensityWeight 1.346128E-02, wHPWL 7.299990E+08, Overflow 1.303555E-01, MaxDensity 4.301E+00, gamma 1.483867E+01, time 2.120ms
[INFO   ] DREAMPlace - full step 15.815 ms
[INFO   ] DREAMPlace - optimizer step 4.540 ms
[INFO   ] DREAMPlace - iteration  750, ( 750,  0,  0), Obj 7.007117E+08, DensityWeight 1.385166E-02, wHPWL 7.299054E+08, Overflow 1.289454E-01, MaxDensity 4.301E+00, gamma 1.471863E+01, time 2.142ms
[INFO   ] DREAMPlace - full step 7.165 ms
[INFO   ] DREAMPlace - optimizer step 4.480 ms
[INFO   ] DREAMPlace - iteration  751, ( 751,  0,  0), Obj 7.008722E+08, DensityWeight 1.425336E-02, wHPWL 7.298194E+08, Overflow 1.273951E-01, MaxDensity 4.301E+00, gamma 1.461282E+01, time 2.110ms
[INFO   ] DREAMPlace - full step 7.085 ms
[INFO   ] DREAMPlace - optimizer step 4.475 ms
[INFO   ] DREAMPlace - iteration  752, ( 752,  0,  0), Obj 7.010098E+08, DensityWeight 1.466671E-02, wHPWL 7.297269E+08, Overflow 1.260354E-01, MaxDensity 4.301E+00, gamma 1.449736E+01, time 2.128ms
[INFO   ] DREAMPlace - full step 7.090 ms
[INFO   ] DREAMPlace - optimizer step 4.453 ms
[INFO   ] DREAMPlace - iteration  753, ( 753,  0,  0), Obj 7.011615E+08, DensityWeight 1.509204E-02, wHPWL 7.296379E+08, Overflow 1.244928E-01, MaxDensity 4.161E+00, gamma 1.439685E+01, time 2.101ms
[INFO   ] DREAMPlace - full step 7.055 ms
[INFO   ] DREAMPlace - optimizer step 4.467 ms
[INFO   ] DREAMPlace - iteration  754, ( 754,  0,  0), Obj 7.012964E+08, DensityWeight 1.552971E-02, wHPWL 7.295539E+08, Overflow 1.231453E-01, MaxDensity 3.708E+00, gamma 1.428365E+01, time 2.131ms
[INFO   ] DREAMPlace - full step 7.087 ms
[INFO   ] DREAMPlace - optimizer step 108.432 ms
[INFO   ] DREAMPlace - iteration  755, ( 755,  0,  0), Obj 7.014515E+08, DensityWeight 1.598007E-02, wHPWL 7.294760E+08, Overflow 1.216221E-01, MaxDensity 3.548E+00, gamma 1.418551E+01, time 2.118ms
[INFO   ] DREAMPlace - full step 111.057 ms
[INFO   ] DREAMPlace - optimizer step 95.989 ms
[INFO   ] DREAMPlace - iteration  756, ( 756,  0,  0), Obj 7.015876E+08, DensityWeight 1.644350E-02, wHPWL 7.294001E+08, Overflow 1.203308E-01, MaxDensity 3.542E+00, gamma 1.407538E+01, time 6.932ms
[INFO   ] DREAMPlace - full step 103.464 ms
[INFO   ] DREAMPlace - optimizer step 7.183 ms
[INFO   ] DREAMPlace - iteration  757, ( 757,  0,  0), Obj 7.017430E+08, DensityWeight 1.692036E-02, wHPWL 7.293312E+08, Overflow 1.188743E-01, MaxDensity 3.778E+00, gamma 1.398269E+01, time 6.404ms
[INFO   ] DREAMPlace - full step 14.120 ms
[INFO   ] DREAMPlace - optimizer step 4.377 ms
[INFO   ] DREAMPlace - iteration  758, ( 758,  0,  0), Obj 7.018769E+08, DensityWeight 1.741105E-02, wHPWL 7.292647E+08, Overflow 1.175487E-01, MaxDensity 4.208E+00, gamma 1.387886E+01, time 2.128ms
[INFO   ] DREAMPlace - full step 7.001 ms
[INFO   ] DREAMPlace - optimizer step 4.323 ms
[INFO   ] DREAMPlace - iteration  759, ( 759,  0,  0), Obj 7.020239E+08, DensityWeight 1.791597E-02, wHPWL 7.291987E+08, Overflow 1.160913E-01, MaxDensity 4.301E+00, gamma 1.378504E+01, time 2.094ms
[INFO   ] DREAMPlace - full step 6.907 ms
[INFO   ] DREAMPlace - optimizer step 4.355 ms
[INFO   ] DREAMPlace - iteration  760, ( 760,  0,  0), Obj 7.021589E+08, DensityWeight 1.843554E-02, wHPWL 7.291348E+08, Overflow 1.147800E-01, MaxDensity 4.301E+00, gamma 1.368262E+01, time 2.115ms
[INFO   ] DREAMPlace - full step 6.979 ms
[INFO   ] DREAMPlace - optimizer step 4.483 ms
[INFO   ] DREAMPlace - iteration  761, ( 761,  0,  0), Obj 7.023053E+08, DensityWeight 1.897017E-02, wHPWL 7.290728E+08, Overflow 1.133710E-01, MaxDensity 4.301E+00, gamma 1.359112E+01, time 2.096ms
[INFO   ] DREAMPlace - full step 7.121 ms
[INFO   ] DREAMPlace - optimizer step 4.352 ms
[INFO   ] DREAMPlace - iteration  762, ( 762,  0,  0), Obj 7.024368E+08, DensityWeight 1.952030E-02, wHPWL 7.290090E+08, Overflow 1.121303E-01, MaxDensity 4.301E+00, gamma 1.349349E+01, time 4.900ms
[INFO   ] DREAMPlace - full step 9.800 ms
[INFO   ] DREAMPlace - optimizer step 4.317 ms
[INFO   ] DREAMPlace - iteration  763, ( 763,  0,  0), Obj 7.025777E+08, DensityWeight 2.008639E-02, wHPWL 7.289504E+08, Overflow 1.107506E-01, MaxDensity 4.301E+00, gamma 1.340810E+01, time 2.110ms
[INFO   ] DREAMPlace - full step 6.925 ms
[INFO   ] DREAMPlace - optimizer step 4.337 ms
[INFO   ] DREAMPlace - iteration  764, ( 764,  0,  0), Obj 7.027039E+08, DensityWeight 2.066890E-02, wHPWL 7.288938E+08, Overflow 1.095411E-01, MaxDensity 4.301E+00, gamma 1.331377E+01, time 2.124ms
[INFO   ] DREAMPlace - full step 6.950 ms
[INFO   ] DREAMPlace - optimizer step 4.372 ms
[INFO   ] DREAMPlace - iteration  765, ( 765,  0,  0), Obj 7.028448E+08, DensityWeight 2.126830E-02, wHPWL 7.288444E+08, Overflow 1.082183E-01, MaxDensity 4.301E+00, gamma 1.323163E+01, time 2.140ms
[INFO   ] DREAMPlace - full step 7.021 ms
[INFO   ] DREAMPlace - optimizer step 4.353 ms
[INFO   ] DREAMPlace - iteration  766, ( 766,  0,  0), Obj 7.029701E+08, DensityWeight 2.188508E-02, wHPWL 7.287956E+08, Overflow 1.069880E-01, MaxDensity 4.301E+00, gamma 1.314237E+01, time 2.106ms
[INFO   ] DREAMPlace - full step 6.945 ms
[INFO   ] DREAMPlace - optimizer step 19.329 ms
[INFO   ] DREAMPlace - iteration  767, ( 767,  0,  0), Obj 7.031062E+08, DensityWeight 2.251975E-02, wHPWL 7.287511E+08, Overflow 1.056886E-01, MaxDensity 4.265E+00, gamma 1.305990E+01, time 6.018ms
[INFO   ] DREAMPlace - full step 25.867 ms
[INFO   ] DREAMPlace - optimizer step 4.608 ms
[INFO   ] DREAMPlace - iteration  768, ( 768,  0,  0), Obj 7.032321E+08, DensityWeight 2.317282E-02, wHPWL 7.287047E+08, Overflow 1.044836E-01, MaxDensity 4.301E+00, gamma 1.297335E+01, time 2.748ms
[INFO   ] DREAMPlace - full step 7.875 ms
[INFO   ] DREAMPlace - optimizer step 4.505 ms
[INFO   ] DREAMPlace - iteration  769, ( 769,  0,  0), Obj 7.033652E+08, DensityWeight 2.384483E-02, wHPWL 7.286621E+08, Overflow 1.031964E-01, MaxDensity 4.087E+00, gamma 1.289361E+01, time 2.116ms
[INFO   ] DREAMPlace - full step 7.168 ms
[INFO   ] DREAMPlace - optimizer step 4.580 ms
[INFO   ] DREAMPlace - iteration  770, ( 770,  0,  0), Obj 7.034890E+08, DensityWeight 2.453634E-02, wHPWL 7.286193E+08, Overflow 1.020031E-01, MaxDensity 4.301E+00, gamma 1.280896E+01, time 2.126ms
[INFO   ] DREAMPlace - full step 7.207 ms
[INFO   ] DREAMPlace - optimizer step 4.536 ms
[INFO   ] DREAMPlace - iteration  771, ( 771,  0,  0), Obj 7.036228E+08, DensityWeight 2.524789E-02, wHPWL 7.285836E+08, Overflow 1.007237E-01, MaxDensity 4.202E+00, gamma 1.273099E+01, time 2.122ms
[INFO   ] DREAMPlace - full step 7.157 ms
[INFO   ] DREAMPlace - optimizer step 4.920 ms
[INFO   ] DREAMPlace - iteration  772, ( 772,  0,  0), Obj 7.037498E+08, DensityWeight 2.598008E-02, wHPWL 7.285510E+08, Overflow 9.956624E-02, MaxDensity 4.207E+00, gamma 1.264792E+01, time 4.988ms
[INFO   ] DREAMPlace - full step 10.400 ms
[INFO   ] DREAMPlace - optimizer step 4.933 ms
[INFO   ] DREAMPlace - iteration  773, ( 773,  0,  0), Obj 7.038822E+08, DensityWeight 2.673350E-02, wHPWL 7.285185E+08, Overflow 9.828612E-02, MaxDensity 4.161E+00, gamma 1.257323E+01, time 5.419ms
[INFO   ] DREAMPlace - full step 10.857 ms
[INFO   ] DREAMPlace - optimizer step 4.580 ms
[INFO   ] DREAMPlace - iteration  774, ( 774,  0,  0), Obj 7.040001E+08, DensityWeight 2.750877E-02, wHPWL 7.284801E+08, Overflow 9.712170E-02, MaxDensity 4.095E+00, gamma 1.249115E+01, time 2.580ms
[INFO   ] DREAMPlace - full step 7.649 ms
[INFO   ] DREAMPlace - optimizer step 4.566 ms
[INFO   ] DREAMPlace - iteration  775, ( 775,  0,  0), Obj 7.041290E+08, DensityWeight 2.830653E-02, wHPWL 7.284448E+08, Overflow 9.587794E-02, MaxDensity 4.072E+00, gamma 1.241695E+01, time 2.098ms
[INFO   ] DREAMPlace - full step 7.161 ms
[INFO   ] DREAMPlace - optimizer step 4.595 ms
[INFO   ] DREAMPlace - iteration  776, ( 776,  0,  0), Obj 7.042488E+08, DensityWeight 2.912742E-02, wHPWL 7.284102E+08, Overflow 9.475786E-02, MaxDensity 3.996E+00, gamma 1.233817E+01, time 2.138ms
[INFO   ] DREAMPlace - full step 7.229 ms
[INFO   ] DREAMPlace - optimizer step 81.556 ms
[INFO   ] DREAMPlace - iteration  777, ( 777,  0,  0), Obj 7.043770E+08, DensityWeight 2.997212E-02, wHPWL 7.283812E+08, Overflow 9.358209E-02, MaxDensity 4.013E+00, gamma 1.226766E+01, time 7.106ms
[INFO   ] DREAMPlace - full step 89.234 ms
[INFO   ] DREAMPlace - optimizer step 6.689 ms
[INFO   ] DREAMPlace - iteration  778, ( 778,  0,  0), Obj 7.044925E+08, DensityWeight 3.084131E-02, wHPWL 7.283488E+08, Overflow 9.249906E-02, MaxDensity 4.004E+00, gamma 1.219408E+01, time 5.680ms
[INFO   ] DREAMPlace - full step 12.962 ms
[INFO   ] DREAMPlace - optimizer step 4.832 ms
[INFO   ] DREAMPlace - iteration  779, ( 779,  0,  0), Obj 7.046121E+08, DensityWeight 3.173571E-02, wHPWL 7.283196E+08, Overflow 9.133931E-02, MaxDensity 4.080E+00, gamma 1.212669E+01, time 4.248ms
[INFO   ] DREAMPlace - full step 9.588 ms
[INFO   ] DREAMPlace - optimizer step 5.373 ms
[INFO   ] DREAMPlace - iteration  780, ( 780,  0,  0), Obj 7.047235E+08, DensityWeight 3.265604E-02, wHPWL 7.282900E+08, Overflow 9.027217E-02, MaxDensity 4.115E+00, gamma 1.205494E+01, time 2.945ms
[INFO   ] DREAMPlace - full step 8.825 ms
[INFO   ] DREAMPlace - optimizer step 4.600 ms
[INFO   ] DREAMPlace - iteration  781, ( 781,  0,  0), Obj 7.048451E+08, DensityWeight 3.360307E-02, wHPWL 7.282705E+08, Overflow 8.913929E-02, MaxDensity 4.192E+00, gamma 1.198929E+01, time 2.115ms
[INFO   ] DREAMPlace - full step 7.215 ms
[INFO   ] DREAMPlace - optimizer step 4.521 ms
[INFO   ] DREAMPlace - iteration  782, ( 782,  0,  0), Obj 7.049555E+08, DensityWeight 3.457756E-02, wHPWL 7.282439E+08, Overflow 8.809745E-02, MaxDensity 4.243E+00, gamma 1.191999E+01, time 2.122ms
[INFO   ] DREAMPlace - full step 7.129 ms
[INFO   ] DREAMPlace - optimizer step 5.900 ms
[INFO   ] DREAMPlace - iteration  783, ( 783,  0,  0), Obj 7.050726E+08, DensityWeight 3.558031E-02, wHPWL 7.282249E+08, Overflow 8.698508E-02, MaxDensity 4.294E+00, gamma 1.185662E+01, time 2.484ms
[INFO   ] DREAMPlace - full step 8.884 ms
[I] plotting to conn_results/bigblue4/plot/iter0784.png takes 83.170 seconds
[INFO   ] DREAMPlace - plotting to conn_results/bigblue4/plot/iter0784.png takes 83.282 seconds
[INFO   ] DREAMPlace - optimizer step 12.554 ms
[INFO   ] DREAMPlace - iteration  784, ( 784,  0,  0), Obj 7.051785E+08, DensityWeight 3.661215E-02, wHPWL 7.281975E+08, Overflow 8.595853E-02, MaxDensity 4.301E+00, gamma 1.178932E+01, time 2.150ms
[INFO   ] DREAMPlace - full step 83350.778 ms
[INFO   ] DREAMPlace - optimizer step 9.253 ms
[INFO   ] DREAMPlace - iteration  785, ( 785,  0,  0), Obj 7.052944E+08, DensityWeight 3.767390E-02, wHPWL 7.281820E+08, Overflow 8.486933E-02, MaxDensity 4.301E+00, gamma 1.172756E+01, time 2.379ms
[INFO   ] DREAMPlace - full step 12.535 ms
[INFO   ] DREAMPlace - optimizer step 4.822 ms
[INFO   ] DREAMPlace - iteration  786, ( 786,  0,  0), Obj 7.053994E+08, DensityWeight 3.876644E-02, wHPWL 7.281587E+08, Overflow 8.387351E-02, MaxDensity 4.301E+00, gamma 1.166238E+01, time 2.383ms
[INFO   ] DREAMPlace - full step 7.769 ms
[INFO   ] DREAMPlace - optimizer step 4.630 ms
[INFO   ] DREAMPlace - iteration  787, ( 787,  0,  0), Obj 7.055104E+08, DensityWeight 3.989067E-02, wHPWL 7.281421E+08, Overflow 8.281881E-02, MaxDensity 4.301E+00, gamma 1.160311E+01, time 2.217ms
[INFO   ] DREAMPlace - full step 7.379 ms
[INFO   ] DREAMPlace - optimizer step 7.857 ms
[INFO   ] DREAMPlace - iteration  788, ( 788,  0,  0), Obj 7.056101E+08, DensityWeight 4.104751E-02, wHPWL 7.281167E+08, Overflow 8.184077E-02, MaxDensity 4.301E+00, gamma 1.154066E+01, time 2.182ms
[INFO   ] DREAMPlace - full step 10.558 ms
[INFO   ] DREAMPlace - optimizer step 4.708 ms
[INFO   ] DREAMPlace - iteration  789, ( 789,  0,  0), Obj 7.057142E+08, DensityWeight 4.223789E-02, wHPWL 7.280969E+08, Overflow 8.081836E-02, MaxDensity 4.301E+00, gamma 1.148304E+01, time 2.169ms
[INFO   ] DREAMPlace - full step 7.405 ms
[INFO   ] DREAMPlace - optimizer step 64.461 ms
[INFO   ] DREAMPlace - iteration  790, ( 790,  0,  0), Obj 7.058132E+08, DensityWeight 4.346279E-02, wHPWL 7.280748E+08, Overflow 7.989796E-02, MaxDensity 4.301E+00, gamma 1.142313E+01, time 2.200ms
[INFO   ] DREAMPlace - full step 67.220 ms
[INFO   ] DREAMPlace - optimizer step 18.729 ms
[INFO   ] DREAMPlace - iteration  791, ( 791,  0,  0), Obj 7.059198E+08, DensityWeight 4.472321E-02, wHPWL 7.280646E+08, Overflow 7.889606E-02, MaxDensity 3.941E+00, gamma 1.136946E+01, time 2.236ms
[INFO   ] DREAMPlace - full step 21.524 ms
[INFO   ] DREAMPlace - optimizer step 4.722 ms
[INFO   ] DREAMPlace - iteration  792, ( 792,  0,  0), Obj 7.060061E+08, DensityWeight 4.602018E-02, wHPWL 7.280335E+08, Overflow 7.795230E-02, MaxDensity 4.301E+00, gamma 1.131132E+01, time 2.213ms
[INFO   ] DREAMPlace - full step 7.509 ms
[INFO   ] DREAMPlace - optimizer step 5.126 ms
[INFO   ] DREAMPlace - iteration  793, ( 793,  0,  0), Obj 7.060845E+08, DensityWeight 4.735477E-02, wHPWL 7.279852E+08, Overflow 7.694686E-02, MaxDensity 3.174E+00, gamma 1.125683E+01, time 2.185ms
[INFO   ] DREAMPlace - full step 7.850 ms
[INFO   ] DREAMPlace - optimizer step 42.258 ms
[INFO   ] DREAMPlace - iteration  794, ( 794,  0,  0), Obj 7.061507E+08, DensityWeight 4.872806E-02, wHPWL 7.279196E+08, Overflow 7.603931E-02, MaxDensity 3.527E+00, gamma 1.119906E+01, time 2.177ms
[INFO   ] DREAMPlace - full step 44.990 ms
[INFO   ] DREAMPlace - optimizer step 100.341 ms
[INFO   ] DREAMPlace - iteration  795, ( 795,  0,  0), Obj 7.062164E+08, DensityWeight 5.014118E-02, wHPWL 7.278472E+08, Overflow 7.507000E-02, MaxDensity 3.177E+00, gamma 1.114718E+01, time 2.182ms
[INFO   ] DREAMPlace - full step 103.060 ms
[INFO   ] DREAMPlace - optimizer step 9.935 ms
[INFO   ] DREAMPlace - iteration  796, ( 796,  0,  0), Obj 7.062492E+08, DensityWeight 5.159527E-02, wHPWL 7.277311E+08, Overflow 7.418144E-02, MaxDensity 3.162E+00, gamma 1.109203E+01, time 2.198ms
[INFO   ] DREAMPlace - full step 12.739 ms
[INFO   ] DREAMPlace - optimizer step 4.530 ms
[INFO   ] DREAMPlace - iteration  797, ( 797,  0,  0), Obj 7.062538E+08, DensityWeight 5.309154E-02, wHPWL 7.275589E+08, Overflow 7.327156E-02, MaxDensity 3.323E+00, gamma 1.104171E+01, time 2.186ms
[INFO   ] DREAMPlace - full step 7.239 ms
[INFO   ] DREAMPlace - optimizer step 5.208 ms
[INFO   ] DREAMPlace - iteration  798, ( 798,  0,  0), Obj 7.062227E+08, DensityWeight 5.463120E-02, wHPWL 7.273242E+08, Overflow 7.243129E-02, MaxDensity 3.206E+00, gamma 1.099042E+01, time 2.156ms
[INFO   ] DREAMPlace - full step 7.883 ms
[INFO   ] DREAMPlace - optimizer step 14.654 ms
[INFO   ] DREAMPlace - iteration  799, ( 799,  0,  0), Obj 7.061882E+08, DensityWeight 5.621551E-02, wHPWL 7.270665E+08, Overflow 7.156935E-02, MaxDensity 3.162E+00, gamma 1.094327E+01, time 2.153ms
[INFO   ] DREAMPlace - full step 17.365 ms
[INFO   ] DREAMPlace - optimizer step 4.614 ms
[INFO   ] DREAMPlace - iteration  800, ( 800,  0,  0), Obj 7.061658E+08, DensityWeight 5.784576E-02, wHPWL 7.268207E+08, Overflow 7.074204E-02, MaxDensity 3.473E+00, gamma 1.089511E+01, time 2.187ms
[INFO   ] DREAMPlace - full step 46.150 ms
[INFO   ] DREAMPlace - optimizer step 4.552 ms
[INFO   ] DREAMPlace - iteration  801, ( 801,  0,  0), Obj 7.061795E+08, DensityWeight 5.952328E-02, wHPWL 7.266331E+08, Overflow 6.989155E-02, MaxDensity 3.139E+00, gamma 1.084909E+01, time 2.201ms
[INFO   ] DREAMPlace - full step 7.277 ms
[INFO   ] DREAMPlace - optimizer step 4.561 ms
[INFO   ] DREAMPlace - iteration  802, ( 802,  0,  0), Obj 7.062213E+08, DensityWeight 6.124946E-02, wHPWL 7.265037E+08, Overflow 6.903694E-02, MaxDensity 3.811E+00, gamma 1.080198E+01, time 2.152ms
[INFO   ] DREAMPlace - full step 7.228 ms
[INFO   ] DREAMPlace - optimizer step 4.485 ms
[INFO   ] DREAMPlace - iteration  803, ( 803,  0,  0), Obj 7.062873E+08, DensityWeight 6.302570E-02, wHPWL 7.264275E+08, Overflow 6.817193E-02, MaxDensity 3.126E+00, gamma 1.075484E+01, time 2.144ms
[INFO   ] DREAMPlace - full step 7.153 ms
[INFO   ] DREAMPlace - optimizer step 4.547 ms
[INFO   ] DREAMPlace - iteration  804, ( 804,  0,  0), Obj 7.063647E+08, DensityWeight 6.485344E-02, wHPWL 7.263779E+08, Overflow 6.733626E-02, MaxDensity 4.010E+00, gamma 1.070735E+01, time 2.193ms
[INFO   ] DREAMPlace - full step 7.303 ms
[INFO   ] DREAMPlace - optimizer step 6.376 ms
[INFO   ] DREAMPlace - iteration  805, ( 805,  0,  0), Obj 7.064492E+08, DensityWeight 6.673419E-02, wHPWL 7.263485E+08, Overflow 6.651576E-02, MaxDensity 3.083E+00, gamma 1.066166E+01, time 2.491ms
[INFO   ] DREAMPlace - full step 9.390 ms
[INFO   ] DREAMPlace - optimizer step 7.568 ms
[INFO   ] DREAMPlace - iteration  806, ( 806,  0,  0), Obj 7.065346E+08, DensityWeight 6.866949E-02, wHPWL 7.263281E+08, Overflow 6.572197E-02, MaxDensity 4.257E+00, gamma 1.061699E+01, time 2.210ms
[INFO   ] DREAMPlace - full step 10.320 ms
[INFO   ] DREAMPlace - optimizer step 45.085 ms
[INFO   ] DREAMPlace - iteration  807, ( 807,  0,  0), Obj 7.066223E+08, DensityWeight 7.066091E-02, wHPWL 7.263181E+08, Overflow 6.493623E-02, MaxDensity 3.204E+00, gamma 1.057396E+01, time 2.216ms
[INFO   ] DREAMPlace - full step 47.854 ms
[INFO   ] DREAMPlace - optimizer step 5.631 ms
[INFO   ] DREAMPlace - iteration  808, ( 808,  0,  0), Obj 7.067095E+08, DensityWeight 7.271008E-02, wHPWL 7.263151E+08, Overflow 6.416457E-02, MaxDensity 4.301E+00, gamma 1.053153E+01, time 2.203ms
[INFO   ] DREAMPlace - full step 8.382 ms
[INFO   ] DREAMPlace - optimizer step 9.944 ms
[INFO   ] DREAMPlace - iteration  809, ( 809,  0,  0), Obj 7.067983E+08, DensityWeight 7.481868E-02, wHPWL 7.263182E+08, Overflow 6.340005E-02, MaxDensity 3.225E+00, gamma 1.049003E+01, time 2.154ms
[INFO   ] DREAMPlace - full step 12.618 ms
[INFO   ] DREAMPlace - optimizer nesterov takes 1056.717 seconds
[I] plotting to conn_results/bigblue4/plot/iter0810.png takes 101.724 seconds
[INFO   ] DREAMPlace - plotting to conn_results/bigblue4/plot/iter0810.png takes 103.521 seconds
[INFO   ] DREAMPlace - Start legalization
WARNING] filename = conn_results/bigblue4/plot/iter0560.png, width = 797, height = 800, file format = 3 not used, as DRAWPLACE not enabled
[INFO   ] writing placement to conn_results/bigblue4/plot/iter0616.png
[WARNING] filename = conn_results/bigblue4/plot/iter0616.png, width = 797, height = 800, file format = 3 not used, as DRAWPLACE not enabled
[INFO   ] writing placement to conn_results/bigblue4/plot/iter0672.png
[WARNING] filename = conn_results/bigblue4/plot/iter0672.png, width = 797, height = 800, file format = 3 not used, as DRAWPLACE not enabled
[INFO   ] writing placement to conn_results/bigblue4/plot/iter0728.png
[WARNING] filename = conn_results/bigblue4/plot/iter0728.png, width = 797, height = 800, file format = 3 not used, as DRAWPLACE not enabled
[INFO   ] writing placement to conn_results/bigblue4/plot/iter0784.png
[WARNING] filename = conn_results/bigblue4/plot/iter0784.png, width = 797, height = 800, file format = 3 not used, as DRAWPLACE not enabled
[INFO   ] writing placement to conn_results/bigblue4/plot/iter0810.png
[WARNING] filename = conn_results/bigblue4/plot/iter0810.png, width = 797, height = 800, file format = 3 not used, as DRAWPLACE not enabled
[INFO   ] Macro legalization: regard 0 cells as dummy fixed (movable macros)
[INFO   ] Macro legalization takes 42.2002 ms
[DEBUG  ] Standard cell legalization blank_num_bins_y = 2694
[DEBUG  ] Standard cell legalization iteration 0 with 1x1 bins
[DEBUG  ] Standard cell legalization #bin_blanks
[DEBUG  ] #bin_objs = 52941
[INFO   ] Standard cell legalization legalizeBin takes 2442.048 ms
[DEBUG  ] Standard cell legalization num_unplaced_cells = 0
[DEBUG  ] Standard cell legalization blank_num_bins_y = 2694
[DEBUG  ] Standard cell legalization iteration 0 with 1x1 bins
[DEBUG  ] Standard cell legalization #bin_blanks
[DEBUG  ] #bin_objs = 52941
[INFO   ] Standard cell legalization legalizeBin takes 4088.768 ms
[DEBUG  ] Standard cell legalization num_unplaced_cells = 0
[INFO   ] Greedy legalization takes 10767.3 ms
[INFO   ] Legality check takes 386.223 ms
[DEBUG  ] average displace = 7.10091
[INFO   ] Abacus legalization takes 614.314 ms
[INFO   ] DREAMPlace - legalization takes 12.390 seconds
[INFO   ] DREAMPlace - iteration  810, wHPWL 7.478997E+08, time 0.896ms
[I] plotting to conn_results/bigblue4/plot/iter0811.png takes 82.979 seconds
[INFO   ] DREAMPlace - plotting to conn_results/bigblue4/plot/iter0811.png takes 83.606 seconds
[INFO   ] DREAMPlace - Start ABCDPlace for refinement
[INFO   ] Legality check takes 320.928 ms
[INFO   ] writing placement to conn_results/bigblue4/plot/iter0811.png
[WARNING] filename = conn_results/bigblue4/plot/iter0811.png, width = 797, height = 800, file format = 3 not used, as DRAWPLACE not enabled
[INFO   ] DREAMPlace - ABCDPlace input legal flag = 1
[INFO   ] Legality check takes 206.087 ms
[DEBUG  ] 4-reorder
[DEBUG  ] 24 permutations
[DEBUG  ] initializing CPU DB takes 214.619 ms
[DEBUG  ] computing independent rows takes 564.316 ms
[DEBUG  ] computing reorder instances takes 11.4275 ms
[DEBUG  ] initializing CUDA state takes 13.6612 ms
[INFO   ] initial hpwl = 747899712.000
[DEBUG  ] enumeration takes 1292.06 ms for 334 runs, average 3.86845 ms
[DEBUG  ] apply_reorder takes 727.845 ms for 334 runs, average 2.17918 ms
[INFO   ] Iteration time(ms) 	 2019.95
[INFO   ] iteration 0: hpwl 747899712.000 => 745824064.000 (imp. 0.27753%)
[DEBUG  ] enumeration takes 1387.55 ms for 334 runs, average 4.15434 ms
[DEBUG  ] apply_reorder takes 815.114 ms for 334 runs, average 2.44046 ms
[INFO   ] Iteration time(ms) 	 2202.72
[INFO   ] iteration 1: hpwl 747899712.000 => 745549312.000 (imp. 0.314267%)
[DEBUG  ] destroying CUDA state takes 1.22441 ms
[DEBUG  ] destroying CPU state takes 0.351052 ms
[INFO   ] Kernel time: 4247.57 ms
[INFO   ] K-reorder time: 5053.56 ms
[INFO   ] DREAMPlace - K-Reorder legal flag = 1
[INFO   ] Legality check takes 197.318 ms
[INFO   ] diamond search grid size 256, sequence length 32768
[INFO   ] initializing GPU memory takes 32.7385 ms
[INFO   ] initial hpwl 7.45549e+08
[DEBUG  ] allocate 17633791 bytes in shuffler for length 2169183*(4+4)
[DEBUG  ] from 484986 nodes, collect 2048 sets, avg 125 nodes, min/max 11/128 nodes
[INFO   ] iteration 0, target hpwl 7.45433e+08, delta -115904(-0.0155461%), 2048 independent sets, moved 0.843866% cells, runtime 192.834 ms
[DEBUG  ] from 485281 nodes, collect 2048 sets, avg 124 nodes, min/max 13/128 nodes
[DEBUG  ] from 485783 nodes, collect 2048 sets, avg 124 nodes, min/max 20/128 nodes
[DEBUG  ] from 485679 nodes, collect 2048 sets, avg 125 nodes, min/max 5/128 nodes
[DEBUG  ] from 485036 nodes, collect 2048 sets, avg 125 nodes, min/max 20/128 nodes
[DEBUG  ] from 485730 nodes, collect 2048 sets, avg 124 nodes, min/max 9/128 nodes
[INFO   ] iteration 5, target hpwl 7.45104e+08, delta -445376(-0.059738%), 2048 independent sets, moved 4.33915% cells, runtime 139.929 ms
[DEBUG  ] from 485997 nodes, collect 2048 sets, avg 124 nodes, min/max 3/128 nodes
[DEBUG  ] from 485541 nodes, collect 2048 sets, avg 124 nodes, min/max 15/128 nodes
[DEBUG  ] from 485606 nodes, collect 2048 sets, avg 125 nodes, min/max 22/128 nodes
[DEBUG  ] from 485804 nodes, collect 2048 sets, avg 125 nodes, min/max 21/128 nodes
[DEBUG  ] from 486080 nodes, collect 2048 sets, avg 124 nodes, min/max 13/128 nodes
[INFO   ] iteration 10, target hpwl 7.4494e+08, delta -609152(-0.0817051%), 2048 independent sets, moved 7.46843% cells, runtime 172.97 ms
[DEBUG  ] from 485794 nodes, collect 2048 sets, avg 124 nodes, min/max 26/128 nodes
[DEBUG  ] from 486331 nodes, collect 2048 sets, avg 125 nodes, min/max 2/128 nodes
[DEBUG  ] from 485379 nodes, collect 2048 sets, avg 125 nodes, min/max 23/128 nodes
[DEBUG  ] from 485940 nodes, collect 2048 sets, avg 125 nodes, min/max 4/128 nodes
[DEBUG  ] from 485729 nodes, collect 2048 sets, avg 124 nodes, min/max 22/128 nodes
[INFO   ] iteration 15, target hpwl 7.44805e+08, delta -744704(-0.0998866%), 2048 independent sets, moved 10.5321% cells, runtime 143.88 ms
[DEBUG  ] from 486228 nodes, collect 2048 sets, avg 124 nodes, min/max 20/128 nodes
[DEBUG  ] from 485961 nodes, collect 2048 sets, avg 125 nodes, min/max 25/128 nodes
[DEBUG  ] from 486210 nodes, collect 2048 sets, avg 124 nodes, min/max 21/128 nodes
[DEBUG  ] from 486188 nodes, collect 2048 sets, avg 124 nodes, min/max 7/128 nodes
[DEBUG  ] from 486440 nodes, collect 2048 sets, avg 124 nodes, min/max 17/128 nodes
[INFO   ] iteration 20, target hpwl 7.44698e+08, delta -851584(-0.114222%), 2048 independent sets, moved 13.585% cells, runtime 192.936 ms
[DEBUG  ] from 486146 nodes, collect 2048 sets, avg 125 nodes, min/max 25/128 nodes
[DEBUG  ] from 486070 nodes, collect 2048 sets, avg 125 nodes, min/max 1/128 nodes
[DEBUG  ] from 486356 nodes, collect 2048 sets, avg 125 nodes, min/max 32/128 nodes
[DEBUG  ] from 486180 nodes, collect 2048 sets, avg 124 nodes, min/max 25/128 nodes
[DEBUG  ] from 486380 nodes, collect 2048 sets, avg 125 nodes, min/max 18/128 nodes
[INFO   ] iteration 25, target hpwl 7.44607e+08, delta -942080(-0.126361%), 2048 independent sets, moved 16.6291% cells, runtime 142.507 ms
[DEBUG  ] from 486178 nodes, collect 2048 sets, avg 124 nodes, min/max 16/128 nodes
[DEBUG  ] from 486271 nodes, collect 2048 sets, avg 125 nodes, min/max 8/128 nodes
[DEBUG  ] from 486534 nodes, collect 2048 sets, avg 125 nodes, min/max 35/128 nodes
[DEBUG  ] from 486462 nodes, collect 2048 sets, avg 124 nodes, min/max 8/128 nodes
[DEBUG  ] from 486803 nodes, collect 2048 sets, avg 124 nodes, min/max 13/128 nodes
[INFO   ] iteration 30, target hpwl 7.44549e+08, delta -1.00045e+06(-0.134189%), 2048 independent sets, moved 19.6136% cells, runtime 42.1212 ms
[DEBUG  ] from 486312 nodes, collect 2048 sets, avg 124 nodes, min/max 24/128 nodes
[DEBUG  ] from 486158 nodes, collect 2048 sets, avg 125 nodes, min/max 9/128 nodes
[DEBUG  ] from 486610 nodes, collect 2048 sets, avg 125 nodes, min/max 19/128 nodes
[DEBUG  ] from 486758 nodes, collect 2048 sets, avg 125 nodes, min/max 6/128 nodes
[DEBUG  ] from 486443 nodes, collect 2048 sets, avg 124 nodes, min/max 4/128 nodes
[INFO   ] iteration 35, target hpwl 7.44477e+08, delta -1.07258e+06(-0.143864%), 2048 independent sets, moved 22.6637% cells, runtime 38.75 ms
[DEBUG  ] from 486321 nodes, collect 2048 sets, avg 125 nodes, min/max 6/128 nodes
[DEBUG  ] from 486478 nodes, collect 2048 sets, avg 124 nodes, min/max 14/128 nodes
[DEBUG  ] from 486727 nodes, collect 2048 sets, avg 125 nodes, min/max 17/128 nodes
[DEBUG  ] from 486571 nodes, collect 2048 sets, avg 125 nodes, min/max 17/128 nodes
[DEBUG  ] from 486387 nodes, collect 2048 sets, avg 125 nodes, min/max 3/128 nodes
[INFO   ] iteration 40, target hpwl 7.44423e+08, delta -1.12614e+06(-0.151049%), 2048 independent sets, moved 25.7417% cells, runtime 45.02 ms
[DEBUG  ] from 486488 nodes, collect 2048 sets, avg 125 nodes, min/max 36/128 nodes
[DEBUG  ] from 486843 nodes, collect 2048 sets, avg 125 nodes, min/max 6/128 nodes
[DEBUG  ] from 486110 nodes, collect 2048 sets, avg 125 nodes, min/max 22/128 nodes
[DEBUG  ] from 486659 nodes, collect 2048 sets, avg 124 nodes, min/max 8/128 nodes
[DEBUG  ] from 486292 nodes, collect 2048 sets, avg 125 nodes, min/max 24/128 nodes
[INFO   ] iteration 45, target hpwl 7.44374e+08, delta -1.17485e+06(-0.157582%), 2048 independent sets, moved 28.5754% cells, runtime 51.1112 ms
[DEBUG  ] from 487143 nodes, collect 2048 sets, avg 124 nodes, min/max 8/128 nodes
[DEBUG  ] from 486772 nodes, collect 2048 sets, avg 124 nodes, min/max 27/128 nodes
[DEBUG  ] from 487068 nodes, collect 2048 sets, avg 125 nodes, min/max 26/128 nodes
[DEBUG  ] from 486373 nodes, collect 2048 sets, avg 125 nodes, min/max 15/128 nodes
[INFO   ] iteration 49, target hpwl 7.44341e+08, delta -1.20794e+06(-0.16202%), 2048 independent sets, moved 30.9839% cells, runtime 35.8204 ms
[DEBUG  ] random_shuffle takes 78.7034 ms, 50 runs, average 1.57407 ms
[DEBUG  ] maximal_independent_set takes 770.639 ms, 50 runs, average 15.4128 ms
[DEBUG  ] collect_independent_sets takes 418.009 ms, 50 runs, average 8.36018 ms
[DEBUG  ] cost_matrix_construction takes 161.874 ms, 50 runs, average 3.23748 ms
[DEBUG  ] independent_sets_solving takes 3511.81 ms, 50 runs, average 70.2363 ms
[DEBUG  ] apply_solution takes 63.4572 ms, 50 runs, average 1.26914 ms
[INFO   ] destroying GPU memory takes 13.8748 ms
[INFO   ] Kernel time 5258.93 ms
[INFO   ] Independent set matching time 5508.93 ms
[INFO   ] DREAMPlace - Independent set matching legal flag = 1
[INFO   ] Legality check takes 204.296 ms
[DEBUG  ] bins 1024x1024, bin sizes 31.4355x31.5703, die size 0, 0, 32190, 32328
[DEBUG  ] batch_size = 256, max_num_nodes_per_bin = 25, max_num_candidates = 125, max_num_candidates_all = 32000
[DEBUG  ] estimate_memory_usage = 3742005840, use fast pair HPWL computation strategy requires additional memory
[INFO   ] initial hpwl = 744341376.000
[DEBUG  ] compute_search_bins takes 0.835112 ms
[INFO   ] Iteration time(ms) 	 1132.16
[INFO   ] iteration 0: hpwl 744341376.000 => 744032000.000 (imp. 0.0415637%)
[DEBUG  ] compute_search_bins takes 0.022172 ms
[INFO   ] Iteration time(ms) 	 1387.84
[INFO   ] iteration 1: hpwl 744341376.000 => 743101376.000 (imp. 0.16659%)
[INFO   ] Kernel time: 2527.75 ms
[INFO   ] Global swap time: 3236.57 ms
[INFO   ] DREAMPlace - Global swap legal flag = 1
[INFO   ] Legality check takes 206.978 ms
[DEBUG  ] 4-reorder
[DEBUG  ] 24 permutations
[DEBUG  ] initializing CPU DB takes 220.492 ms
[DEBUG  ] computing independent rows takes 558.729 ms
[DEBUG  ] computing reorder instances takes 11.6761 ms
[DEBUG  ] initializing CUDA state takes 13.7037 ms
[INFO   ] initial hpwl = 743101376.000
[DEBUG  ] enumeration takes 587.813 ms for 344 runs, average 1.70876 ms
[DEBUG  ] apply_reorder takes 7.03221 ms for 344 runs, average 0.0204425 ms
[INFO   ] Iteration time(ms) 	 594.88
[INFO   ] iteration 0: hpwl 743101376.000 => 742741312.000 (imp. 0.0484542%)
[DEBUG  ] enumeration takes 588.513 ms for 344 runs, average 1.7108 ms
[DEBUG  ] apply_reorder takes 7.25681 ms for 344 runs, average 0.0210954 ms
[INFO   ] Iteration time(ms) 	 595.8
[INFO   ] iteration 1: hpwl 743101376.000 => 742686464.000 (imp. 0.0558352%)
[DEBUG  ] destroying CUDA state takes 1.29414 ms
[DEBUG  ] destroying CPU state takes 0.556337 ms
[INFO   ] Kernel time: 1198.44 ms
[INFO   ] K-reorder time: 2005.95 ms
[INFO   ] DREAMPlace - K-Reorder legal flag = 1
[INFO   ] DREAMPlace - detailed placement takes 16.921 seconds
[INFO   ] DREAMPlace - iteration  811, wHPWL 7.426865E+08, time 0.851ms
[I] plotting to conn_results/bigblue4/plot/iter0812.png takes 45.440 seconds
[INFO   ] DREAMPlace - plotting to conn_results/bigblue4/plot/iter0812.png takes 45.548 seconds
[INFO   ] DREAMPlace - non-linear placement takes 1341.82 seconds
[INFO   ] DREAMPlace - writing to conn_results/bigblue4/bigblue4.gp.pl
[INFO   ] DREAMPlace - write SolutionFileFormat.BOOKSHELF takes 0.751 seconds
[INFO   ] DREAMPlace - placement takes 1452.571 seconds
[INFO   ] Legality check takes 198.802 ms
[INFO   ] writing placement to conn_results/bigblue4/plot/iter0812.png
[WARNING] filename = conn_results/bigblue4/plot/iter0812.png, width = 797, height = 800, file format = 3 not used, as DRAWPLACE not enabled
[INFO   ] writing placement to conn_results/bigblue4/bigblue4.gp.pl
