========================================================
                       DREAMPlace
            Yibo Lin (http://yibolin.com)
   David Z. Pan (http://users.ece.utexas.edu/~dpan)
========================================================
[INFO   ] DREAMPlace - parameters = {'aux_input': 'benchmarks/ispd2005/bigblue2/bigblue2.aux', 'lef_input': '', 'def_input': '', 'verilog_input': '', 'gpu': 1, 'num_bins_x': 1024, 'num_bins_y': 1024, 'global_place_stages': [{'num_bins_x': 1024, 'num_bins_y': 1024, 'iteration': 2000, 'learning_rate': 0.01, 'wirelength': 'weighted_average', 'optimizer': 'nesterov', 'Llambda_density_weight_iteration': 1, 'Lsub_iteration': 1}], 'target_density': 1.0, 'density_weight': 8e-05, 'random_seed': 1000, 'result_dir': 'gammalocal_results/nneg', 'scale_factor': 1.0, 'shift_factor': [0.0, 0.0], 'ignore_net_degree': 100, 'gp_noise_ratio': 0.025, 'enable_fillers': 1, 'global_place_flag': 1, 'legalize_flag': 1, 'abacus_legalize_flag': 1, 'detailed_place_flag': 1, 'stop_overflow': 0.07, 'dtype': 'float32', 'detailed_place_engine': '', 'detailed_place_command': '', 'plot_flag': 1, 'connectivity_grid_init_flag': 0, 'conn_init_sweeps': 32, 'conn_init_damping': 0.7, 'conn_capacity_spread_flag': 0, 'conn_spread_leaf_size': 16, 'conn_spread_density_slack': 1.5, 'conn_obstacle_project_flag': 0, 'conn_shrink_scale': 0, 'gamma_warmup_iters': 0, 'gamma_monotone_flag': 0, 'density_weight_warmup_iters': 0, 'random_uniform_init_flag': 0, 'filler_init_density_aware_flag': 0, 'initial_density_weight_absolute': 0.0, 'gamma_local_flag': 1, 'gamma_local_alpha': 1.0, 'gamma_local_norm': 'gamma', 'gamma_local_sign': -1, 'gamma_local_bins': 64, 'gamma_local_interval': 10, 'density_weight_ramp_scale': 1.0, 'plot_iteration_interval': 40, 'RePlAce_ref_hpwl': 350000, 'RePlAce_LOWER_PCOF': 0.95, 'RePlAce_UPPER_PCOF': 1.05, 'gamma': 4.0, 'RePlAce_skip_energy_flag': 0, 'random_center_init_flag': 1, 'gift_init_flag': 0, 'gift_init_scale': 0.7, 'sort_nets_by_degree': 0, 'num_threads': 8, 'dump_global_place_solution_flag': 0, 'dump_legalize_solution_flag': 0, 'routability_opt_flag': 0, 'route_num_bins_x': 512, 'route_num_bins_y': 512, 'node_area_adjust_overflow': 0.15, 'max_num_area_adjust': 3, 'adjust_nctugr_area_flag': 0, 'adjust_rudy_area_flag': 1, 'adjust_pin_area_flag': 1, 'area_adjust_stop_ratio': 0.01, 'route_area_adjust_stop_ratio': 0.01, 'pin_area_adjust_stop_ratio': 0.05, 'unit_horizontal_capacity': 1.5625, 'unit_vertical_capacity': 1.45, 'unit_pin_capacity': 0.058, 'max_route_opt_adjust_rate': 2.0, 'route_opt_adjust_exponent': 2.0, 'pin_stretch_ratio': 1.414213562, 'max_pin_opt_adjust_rate': 1.5, 'deterministic_flag': 1, 'timing_opt_flag': 0, 'early_lib_input': '', 'late_lib_input': '', 'lib_input': '', 'sdc_input': '', 'wire_resistance_per_micron': 0, 'wire_capacitance_per_micron': 0, 'net_weighting_scheme': 'lilith', 'momentum_decay_factor': 0.5, 'enable_net_weighting': 1, 'max_net_weight': 'inf', 'use_bb': 'auto', 'macro_place_flag': 'auto', 'two_stage_density_scaler': 1000, 'macro_halo_x': 0, 'macro_halo_y': 0}
[INFO   ] DREAMPlace - set shift_factor = (36, 76), as original row bbox = (36, 76, 18726, 18868)
[INFO   ] DREAMPlace - set scale_factor = 1, as site_width = 1
[INFO   ] DREAMPlace - shift coordinate system by (36, 76), scale coordinate system by 1
[INFO   ] DREAMPlace - 
================================= Benchmark Statistics =================================
#nodes = 557866, #terminals = 23084, # terminal_NIs = 0, #movable = 534782, #nets = 577235
die area = (0, 0, 18690, 18792) 3.51222e+08
row height = 12, site width = 1
#pins = 2105014, #movable_pins = 1963577
total_movable_node_area = 8.18049e+07, total_fixed_node_area = 1.34717e+08, total_space_area = 2.16505e+08
total_movable_cell_area = 8.18049e+07, total_movable_macro_area = 0
utilization = 0.377843, cell utilization = 0.377843, target_density = 1
use placeable_area = 2.16505e+08 to compute fillers
total_filler_node_area = 1.347e+08, #fillers = 939031, filler sizes = 11.9538x12
num_bins = 1024x1024, bin sizes = 1.521x1.5293
========================================================================================
[INFO   ] DREAMPlace - reading benchmark takes 13.2651 seconds
[INFO   ] DREAMPlace - reading database takes 13.27 seconds
[INFO   ] DREAMPlace - move cells to the center of layout with random noise
[INFO   ] DREAMPlace - non-linear placement initialization takes 1.37 seconds
[INFO   ] DREAMPlace - Global placement: 1024x1024 bins by default
[INFO   ] DREAMPlace - per-net gamma enabled (N4): 577235 nets, alpha=1, bins=64, interval=10
[INFO   ] DREAMPlace - 1024x1024 bins #bins 1024x1024, bin sizes 1.521x1.5293, max_num_bins = 8, padding = 0
[INFO   ] dreamplace.ops.electric_potential.electric_potential - regard 0 cells as movable macros in global placement
[WARNING] DREAMPlace - quadratic density penalty is disabled, density weight update is forced to be based on HPWL
[INFO   ] DREAMPlace - Optimizer 'nesterov' does not rebuild the model. Every training epoch calls the function 'step()'.
[INFO   ] DREAMPlace - use nesterov optimizer
[INFO   ] DREAMPlace - add 2.5% noise
[INFO   ] dreamplace.ops.electric_potential.electric_potential - fixed density map: average 128.475, max 334.952, bin area 334.952
[INFO   ] DREAMPlace - nesterov initialization takes 0.138288 seconds
[INFO   ] DREAMPlace - density_weight = 7.337799E-12
[INFO   ] DREAMPlace - plotting to gammalocal_results/nneg/bigblue2/plot/iter0000.png takes 4.841 seconds
[INFO   ] DREAMPlace - optimizer step 59.702 ms
[INFO   ] DREAMPlace - iteration    0, (   0,  0,  0), Obj 2.999207E+08, DensityWeight 0.000000E+00, wHPWL 3.774054E+08, Overflow 9.996300E-01, MaxDensity 2.827E+04, gamma 1.464141E+03, time 2.524ms
[INFO   ] DREAMPlace - full step 4909.952 ms
[INFO   ] DREAMPlace - gamma_local: mean(coef_net)/coef = 0.502 (norm=gamma, applied ratio 1.000)
[INFO   ] DREAMPlace - optimizer step 8.180 ms
[INFO   ] DREAMPlace - iteration    1, (   1,  0,  0), Obj 2.291556E+08, DensityWeight 7.337799E-12, wHPWL 3.553676E+08, Overflow 9.763548E-01, MaxDensity 2.823E+04, gamma 1.461371E+03, time 1.983ms
[INFO   ] DREAMPlace - full step 10.751 ms
[INFO   ] DREAMPlace - optimizer step 7.231 ms
[INFO   ] DREAMPlace - iteration    2, (   2,  0,  0), Obj 1.582229E+08, DensityWeight 7.703148E-12, wHPWL 3.375463E+08, Overflow 9.626017E-01, MaxDensity 2.987E+04, gamma 1.297292E+03, time 1.628ms
[INFO   ] DREAMPlace - full step 9.356 ms
[INFO   ] DREAMPlace - optimizer step 5.308 ms
[INFO   ] DREAMPlace - iteration    3, (   3,  0,  0), Obj 1.455699E+08, DensityWeight 8.085879E-12, wHPWL 3.289863E+08, Overflow 9.560304E-01, MaxDensity 2.789E+04, gamma 1.209137E+03, time 1.656ms
[INFO   ] DREAMPlace - full step 7.466 ms
[INFO   ] DREAMPlace - optimizer step 5.567 ms
[INFO   ] DREAMPlace - iteration    4, (   4,  0,  0), Obj 1.371753E+08, DensityWeight 8.486778E-12, wHPWL 3.201561E+08, Overflow 9.491129E-01, MaxDensity 2.680E+04, gamma 1.169156E+03, time 1.615ms
[INFO   ] DREAMPlace - full step 7.670 ms
[INFO   ] DREAMPlace - optimizer step 2.625 ms
[INFO   ] DREAMPlace - iteration    5, (   5,  0,  0), Obj 1.301098E+08, DensityWeight 8.906662E-12, wHPWL 3.112289E+08, Overflow 9.440218E-01, MaxDensity 2.541E+04, gamma 1.128497E+03, time 1.669ms
[INFO   ] DREAMPlace - full step 4.787 ms
[INFO   ] DREAMPlace - optimizer step 2.497 ms
[INFO   ] DREAMPlace - iteration    6, (   6,  0,  0), Obj 1.243162E+08, DensityWeight 9.346386E-12, wHPWL 3.062037E+08, Overflow 9.387634E-01, MaxDensity 2.267E+04, gamma 1.099478E+03, time 1.611ms
[INFO   ] DREAMPlace - full step 4.564 ms
[INFO   ] DREAMPlace - optimizer step 2.422 ms
[INFO   ] DREAMPlace - iteration    7, (   7,  0,  0), Obj 1.190872E+08, DensityWeight 9.806838E-12, wHPWL 3.015080E+08, Overflow 9.330512E-01, MaxDensity 1.942E+04, gamma 1.070290E+03, time 1.600ms
[INFO   ] DREAMPlace - full step 4.514 ms
[INFO   ] DREAMPlace - optimizer step 2.597 ms
[INFO   ] DREAMPlace - iteration    8, (   8,  0,  0), Obj 1.140392E+08, DensityWeight 1.028894E-11, wHPWL 2.958399E+08, Overflow 9.278389E-01, MaxDensity 1.692E+04, gamma 1.039460E+03, time 1.557ms
[INFO   ] DREAMPlace - full step 4.604 ms
[INFO   ] DREAMPlace - optimizer step 5.001 ms
[INFO   ] DREAMPlace - iteration    9, (   9,  0,  0), Obj 1.094281E+08, DensityWeight 1.079367E-11, wHPWL 2.903714E+08, Overflow 9.233389E-01, MaxDensity 1.477E+04, gamma 1.012103E+03, time 1.525ms
[INFO   ] DREAMPlace - full step 6.988 ms
[INFO   ] DREAMPlace - optimizer step 2.355 ms
[INFO   ] DREAMPlace - iteration   10, (  10,  0,  0), Obj 1.053912E+08, DensityWeight 1.132203E-11, wHPWL 2.857024E+08, Overflow 9.176064E-01, MaxDensity 1.301E+04, gamma 9.890648E+02, time 1.503ms
[INFO   ] DREAMPlace - full step 4.303 ms
[INFO   ] DREAMPlace - optimizer step 5.229 ms
[INFO   ] DREAMPlace - iteration   11, (  11,  0,  0), Obj 1.018069E+08, DensityWeight 1.187506E-11, wHPWL 2.819814E+08, Overflow 9.119731E-01, MaxDensity 1.133E+04, gamma 9.604744E+02, time 1.511ms
[INFO   ] DREAMPlace - full step 7.205 ms
[INFO   ] DREAMPlace - optimizer step 8.751 ms
[INFO   ] DREAMPlace - iteration   12, (  12,  0,  0), Obj 1.195477E+08, DensityWeight 1.245386E-11, wHPWL 2.696920E+08, Overflow 9.078813E-01, MaxDensity 1.109E+04, gamma 9.331845E+02, time 1.531ms
[INFO   ] DREAMPlace - full step 10.734 ms
[INFO   ] DREAMPlace - optimizer step 8.718 ms
[INFO   ] DREAMPlace - iteration   13, (  13,  0,  0), Obj 1.191952E+08, DensityWeight 1.305956E-11, wHPWL 2.748353E+08, Overflow 9.052184E-01, MaxDensity 8.014E+03, gamma 9.138489E+02, time 1.510ms
[INFO   ] DREAMPlace - full step 10.679 ms
[INFO   ] DREAMPlace - optimizer step 4.446 ms
[INFO   ] DREAMPlace - iteration   14, (  14,  0,  0), Obj 1.206919E+08, DensityWeight 1.302691E-11, wHPWL 2.798687E+08, Overflow 9.031569E-01, MaxDensity 7.305E+03, gamma 9.014819E+02, time 1.495ms
[INFO   ] DREAMPlace - full step 6.418 ms
[INFO   ] DREAMPlace - optimizer step 4.963 ms
[INFO   ] DREAMPlace - iteration   15, (  15,  0,  0), Obj 1.161360E+08, DensityWeight 1.299434E-11, wHPWL 2.784526E+08, Overflow 9.014182E-01, MaxDensity 6.659E+03, gamma 8.920230E+02, time 1.485ms
[INFO   ] DREAMPlace - full step 6.906 ms
[INFO   ] DREAMPlace - optimizer step 4.446 ms
[INFO   ] DREAMPlace - iteration   16, (  16,  0,  0), Obj 1.106004E+08, DensityWeight 1.362225E-11, wHPWL 2.738568E+08, Overflow 9.002075E-01, MaxDensity 6.378E+03, gamma 8.841218E+02, time 1.490ms
[INFO   ] DREAMPlace - full step 6.406 ms
[INFO   ] DREAMPlace - optimizer step 4.499 ms
[INFO   ] DREAMPlace - iteration   17, (  17,  0,  0), Obj 1.074347E+08, DensityWeight 1.427906E-11, wHPWL 2.715478E+08, Overflow 8.988984E-01, MaxDensity 6.014E+03, gamma 8.786614E+02, time 1.481ms
[INFO   ] DREAMPlace - full step 6.432 ms
[INFO   ] DREAMPlace - optimizer step 2.303 ms
[INFO   ] DREAMPlace - iteration   18, (  18,  0,  0), Obj 1.045061E+08, DensityWeight 1.496605E-11, wHPWL 2.687827E+08, Overflow 8.979793E-01, MaxDensity 5.822E+03, gamma 8.727952E+02, time 1.466ms
[INFO   ] DREAMPlace - full step 4.218 ms
[INFO   ] DREAMPlace - optimizer step 2.357 ms
[INFO   ] DREAMPlace - iteration   19, (  19,  0,  0), Obj 1.028980E+08, DensityWeight 1.568452E-11, wHPWL 2.677991E+08, Overflow 8.969589E-01, MaxDensity 5.526E+03, gamma 8.687008E+02, time 1.554ms
[INFO   ] DREAMPlace - full step 4.369 ms
[INFO   ] DREAMPlace - optimizer step 2.421 ms
[INFO   ] DREAMPlace - iteration   20, (  20,  0,  0), Obj 1.006973E+08, DensityWeight 1.643584E-11, wHPWL 2.656304E+08, Overflow 8.963563E-01, MaxDensity 5.276E+03, gamma 8.641768E+02, time 1.472ms
[INFO   ] DREAMPlace - full step 4.342 ms
[INFO   ] DREAMPlace - optimizer step 2.330 ms
[INFO   ] DREAMPlace - iteration   21, (  21,  0,  0), Obj 9.844444E+07, DensityWeight 1.722143E-11, wHPWL 2.633453E+08, Overflow 8.956894E-01, MaxDensity 5.137E+03, gamma 8.615162E+02, time 1.455ms
[INFO   ] DREAMPlace - full step 4.238 ms
[INFO   ] DREAMPlace - optimizer step 2.314 ms
[INFO   ] DREAMPlace - iteration   22, (  22,  0,  0), Obj 9.765318E+07, DensityWeight 1.804276E-11, wHPWL 2.613718E+08, Overflow 8.949364E-01, MaxDensity 4.907E+03, gamma 8.585812E+02, time 1.472ms
[INFO   ] DREAMPlace - full step 4.251 ms
[INFO   ] DREAMPlace - optimizer step 2.303 ms
[INFO   ] DREAMPlace - iteration   23, (  23,  0,  0), Obj 9.487442E+07, DensityWeight 1.890137E-11, wHPWL 2.566762E+08, Overflow 8.944290E-01, MaxDensity 4.979E+03, gamma 8.552795E+02, time 1.478ms
[INFO   ] DREAMPlace - full step 4.239 ms
[INFO   ] DREAMPlace - optimizer step 7.296 ms
[INFO   ] DREAMPlace - iteration   24, (  24,  0,  0), Obj 9.434773E+07, DensityWeight 1.979886E-11, wHPWL 2.569286E+08, Overflow 8.941594E-01, MaxDensity 5.319E+03, gamma 8.530620E+02, time 1.459ms
[INFO   ] DREAMPlace - full step 9.230 ms
[INFO   ] DREAMPlace - optimizer step 2.349 ms
[INFO   ] DREAMPlace - iteration   25, (  25,  0,  0), Obj 9.339222E+07, DensityWeight 2.007012E-11, wHPWL 2.566698E+08, Overflow 8.936368E-01, MaxDensity 5.607E+03, gamma 8.518862E+02, time 1.484ms
[INFO   ] DREAMPlace - full step 4.288 ms
[INFO   ] DREAMPlace - optimizer step 2.336 ms
[INFO   ] DREAMPlace - iteration   26, (  26,  0,  0), Obj 9.220323E+07, DensityWeight 2.101890E-11, wHPWL 2.559192E+08, Overflow 8.929795E-01, MaxDensity 5.670E+03, gamma 8.496109E+02, time 1.440ms
[INFO   ] DREAMPlace - full step 4.233 ms
[INFO   ] DREAMPlace - optimizer step 2.315 ms
[INFO   ] DREAMPlace - iteration   27, (  27,  0,  0), Obj 9.093453E+07, DensityWeight 2.201034E-11, wHPWL 2.547819E+08, Overflow 8.922386E-01, MaxDensity 5.692E+03, gamma 8.467582E+02, time 1.476ms
[INFO   ] DREAMPlace - full step 4.243 ms
[INFO   ] DREAMPlace - optimizer step 2.357 ms
[INFO   ] DREAMPlace - iteration   28, (  28,  0,  0), Obj 8.970074E+07, DensityWeight 2.304623E-11, wHPWL 2.536761E+08, Overflow 8.914621E-01, MaxDensity 5.566E+03, gamma 8.435543E+02, time 1.464ms
[INFO   ] DREAMPlace - full step 4.269 ms
[INFO   ] DREAMPlace - optimizer step 2.322 ms
[INFO   ] DREAMPlace - iteration   29, (  29,  0,  0), Obj 8.868034E+07, DensityWeight 2.412847E-11, wHPWL 2.527722E+08, Overflow 8.909591E-01, MaxDensity 5.407E+03, gamma 8.402090E+02, time 1.489ms
[INFO   ] DREAMPlace - full step 4.293 ms
[INFO   ] DREAMPlace - optimizer step 2.382 ms
[INFO   ] DREAMPlace - iteration   30, (  30,  0,  0), Obj 8.776198E+07, DensityWeight 2.525900E-11, wHPWL 2.520521E+08, Overflow 8.903877E-01, MaxDensity 5.152E+03, gamma 8.380495E+02, time 1.428ms
[INFO   ] DREAMPlace - full step 4.266 ms
[INFO   ] DREAMPlace - optimizer step 2.332 ms
[INFO   ] DREAMPlace - iteration   31, (  31,  0,  0), Obj 8.688407E+07, DensityWeight 2.643985E-11, wHPWL 2.513534E+08, Overflow 8.898868E-01, MaxDensity 5.262E+03, gamma 8.356028E+02, time 1.465ms
[INFO   ] DREAMPlace - full step 4.256 ms
[INFO   ] DREAMPlace - optimizer step 2.331 ms
[INFO   ] DREAMPlace - iteration   32, (  32,  0,  0), Obj 9.508955E+07, DensityWeight 2.767314E-11, wHPWL 2.507534E+08, Overflow 8.893914E-01, MaxDensity 5.644E+03, gamma 8.334639E+02, time 1.459ms
[INFO   ] DREAMPlace - full step 4.245 ms
[INFO   ] DREAMPlace - optimizer step 4.443 ms
[INFO   ] DREAMPlace - iteration   33, (  33,  0,  0), Obj 9.644590E+07, DensityWeight 2.896106E-11, wHPWL 2.511364E+08, Overflow 8.886146E-01, MaxDensity 6.198E+03, gamma 8.313535E+02, time 1.463ms
[INFO   ] DREAMPlace - full step 6.366 ms
[INFO   ] DREAMPlace - optimizer step 6.475 ms
[INFO   ] DREAMPlace - iteration   34, (  34,  0,  0), Obj 9.426139E+07, DensityWeight 2.888866E-11, wHPWL 2.497941E+08, Overflow 8.878900E-01, MaxDensity 6.671E+03, gamma 8.280557E+02, time 1.472ms
[INFO   ] DREAMPlace - full step 8.419 ms
[INFO   ] DREAMPlace - optimizer step 6.451 ms
[INFO   ] DREAMPlace - iteration   35, (  35,  0,  0), Obj 9.432304E+07, DensityWeight 3.022711E-11, wHPWL 2.510776E+08, Overflow 8.871859E-01, MaxDensity 6.012E+03, gamma 8.249912E+02, time 1.497ms
[INFO   ] DREAMPlace - full step 8.415 ms
[INFO   ] DREAMPlace - optimizer step 4.407 ms
[INFO   ] DREAMPlace - iteration   36, (  36,  0,  0), Obj 9.385326E+07, DensityWeight 3.015154E-11, wHPWL 2.515715E+08, Overflow 8.864305E-01, MaxDensity 5.368E+03, gamma 8.220244E+02, time 1.459ms
[INFO   ] DREAMPlace - full step 6.328 ms
[INFO   ] DREAMPlace - optimizer step 4.429 ms
[INFO   ] DREAMPlace - iteration   37, (  37,  0,  0), Obj 9.241520E+07, DensityWeight 3.007616E-11, wHPWL 2.508058E+08, Overflow 8.855220E-01, MaxDensity 5.881E+03, gamma 8.188531E+02, time 1.472ms
[INFO   ] DREAMPlace - full step 6.369 ms
[INFO   ] DREAMPlace - optimizer step 2.290 ms
[INFO   ] DREAMPlace - iteration   38, (  38,  0,  0), Obj 9.114552E+07, DensityWeight 3.146019E-11, wHPWL 2.500473E+08, Overflow 8.845459E-01, MaxDensity 5.671E+03, gamma 8.150554E+02, time 1.502ms
[INFO   ] DREAMPlace - full step 4.272 ms
[INFO   ] DREAMPlace - optimizer step 2.420 ms
[INFO   ] DREAMPlace - iteration   39, (  39,  0,  0), Obj 9.112029E+07, DensityWeight 3.290461E-11, wHPWL 2.504731E+08, Overflow 8.839345E-01, MaxDensity 6.032E+03, gamma 8.109950E+02, time 1.441ms
[INFO   ] DREAMPlace - full step 4.315 ms
[INFO   ] DREAMPlace - plotting to gammalocal_results/nneg/bigblue2/plot/iter0040.png takes 4.937 seconds
[INFO   ] DREAMPlace - optimizer step 4.497 ms
[INFO   ] DREAMPlace - iteration   40, (  40,  0,  0), Obj 8.999907E+07, DensityWeight 3.282235E-11, wHPWL 2.497040E+08, Overflow 8.833452E-01, MaxDensity 5.558E+03, gamma 8.084616E+02, time 1.455ms
[INFO   ] DREAMPlace - full step 4948.287 ms
[INFO   ] DREAMPlace - optimizer step 6.605 ms
[INFO   ] DREAMPlace - iteration   41, (  41,  0,  0), Obj 8.915530E+07, DensityWeight 3.432245E-11, wHPWL 2.490700E+08, Overflow 8.827267E-01, MaxDensity 6.281E+03, gamma 8.060276E+02, time 1.511ms
[INFO   ] DREAMPlace - full step 8.758 ms
[INFO   ] DREAMPlace - optimizer step 2.335 ms
[INFO   ] DREAMPlace - iteration   42, (  42,  0,  0), Obj 9.481967E+07, DensityWeight 3.588752E-11, wHPWL 2.464817E+08, Overflow 8.823509E-01, MaxDensity 6.861E+03, gamma 8.034807E+02, time 1.460ms
[INFO   ] DREAMPlace - full step 4.268 ms
[INFO   ] DREAMPlace - optimizer step 2.318 ms
[INFO   ] DREAMPlace - iteration   43, (  43,  0,  0), Obj 9.846069E+07, DensityWeight 3.752020E-11, wHPWL 2.501534E+08, Overflow 8.816835E-01, MaxDensity 5.157E+03, gamma 8.019372E+02, time 1.477ms
[INFO   ] DREAMPlace - full step 4.249 ms
[INFO   ] DREAMPlace - optimizer step 4.421 ms
[INFO   ] DREAMPlace - iteration   44, (  44,  0,  0), Obj 9.408186E+07, DensityWeight 3.742640E-11, wHPWL 2.464308E+08, Overflow 8.809091E-01, MaxDensity 6.037E+03, gamma 7.992031E+02, time 1.471ms
[INFO   ] DREAMPlace - full step 6.350 ms
[INFO   ] DREAMPlace - optimizer step 2.296 ms
[INFO   ] DREAMPlace - iteration   45, (  45,  0,  0), Obj 9.511386E+07, DensityWeight 3.912127E-11, wHPWL 2.476108E+08, Overflow 8.803669E-01, MaxDensity 5.434E+03, gamma 7.960425E+02, time 1.453ms
[INFO   ] DREAMPlace - full step 4.221 ms
[INFO   ] DREAMPlace - optimizer step 7.282 ms
[INFO   ] DREAMPlace - iteration   46, (  46,  0,  0), Obj 9.451621E+07, DensityWeight 3.902346E-11, wHPWL 2.473361E+08, Overflow 8.797885E-01, MaxDensity 5.447E+03, gamma 7.938372E+02, time 4.303ms
[INFO   ] DREAMPlace - full step 12.052 ms
[INFO   ] DREAMPlace - optimizer step 2.323 ms
[INFO   ] DREAMPlace - iteration   47, (  47,  0,  0), Obj 9.348821E+07, DensityWeight 4.078250E-11, wHPWL 2.465793E+08, Overflow 8.791792E-01, MaxDensity 5.865E+03, gamma 7.914912E+02, time 1.471ms
[INFO   ] DREAMPlace - full step 4.264 ms
[INFO   ] DREAMPlace - optimizer step 2.433 ms
[INFO   ] DREAMPlace - iteration   48, (  48,  0,  0), Obj 9.310846E+07, DensityWeight 4.261656E-11, wHPWL 2.464458E+08, Overflow 8.784897E-01, MaxDensity 6.001E+03, gamma 7.890273E+02, time 1.470ms
[INFO   ] DREAMPlace - full step 4.385 ms
[INFO   ] DREAMPlace - optimizer step 2.324 ms
[INFO   ] DREAMPlace - iteration   49, (  49,  0,  0), Obj 9.241893E+07, DensityWeight 4.452865E-11, wHPWL 2.459651E+08, Overflow 8.777740E-01, MaxDensity 6.106E+03, gamma 7.862487E+02, time 1.478ms
[INFO   ] DREAMPlace - full step 4.297 ms
[INFO   ] DREAMPlace - optimizer step 2.331 ms
[INFO   ] DREAMPlace - iteration   50, (  50,  0,  0), Obj 9.185629E+07, DensityWeight 4.652188E-11, wHPWL 2.455854E+08, Overflow 8.771862E-01, MaxDensity 6.686E+03, gamma 7.833743E+02, time 1.482ms
[INFO   ] DREAMPlace - full step 4.295 ms
[INFO   ] DREAMPlace - optimizer step 2.337 ms
[INFO   ] DREAMPlace - iteration   51, (  51,  0,  0), Obj 9.131142E+07, DensityWeight 4.859948E-11, wHPWL 2.452062E+08, Overflow 8.764850E-01, MaxDensity 6.726E+03, gamma 7.810220E+02, time 1.492ms
[INFO   ] DREAMPlace - full step 4.325 ms
[INFO   ] DREAMPlace - optimizer step 2.340 ms
[INFO   ] DREAMPlace - iteration   52, (  52,  0,  0), Obj 9.795248E+07, DensityWeight 5.076477E-11, wHPWL 2.448049E+08, Overflow 8.759566E-01, MaxDensity 7.274E+03, gamma 7.782247E+02, time 1.480ms
[INFO   ] DREAMPlace - full step 4.274 ms
[INFO   ] DREAMPlace - optimizer step 2.361 ms
[INFO   ] DREAMPlace - iteration   53, (  53,  0,  0), Obj 9.740263E+07, DensityWeight 5.302124E-11, wHPWL 2.444723E+08, Overflow 8.754876E-01, MaxDensity 7.196E+03, gamma 7.761233E+02, time 1.506ms
[INFO   ] DREAMPlace - full step 4.330 ms
[INFO   ] DREAMPlace - optimizer step 2.331 ms
[INFO   ] DREAMPlace - iteration   54, (  54,  0,  0), Obj 9.667982E+07, DensityWeight 5.537246E-11, wHPWL 2.440042E+08, Overflow 8.748206E-01, MaxDensity 7.588E+03, gamma 7.742628E+02, time 1.487ms
[INFO   ] DREAMPlace - full step 4.281 ms
[INFO   ] DREAMPlace - optimizer step 2.335 ms
[INFO   ] DREAMPlace - iteration   55, (  55,  0,  0), Obj 9.613858E+07, DensityWeight 5.782217E-11, wHPWL 2.437060E+08, Overflow 8.743112E-01, MaxDensity 7.644E+03, gamma 7.716251E+02, time 1.522ms
[INFO   ] DREAMPlace - full step 4.334 ms
[INFO   ] DREAMPlace - optimizer step 2.362 ms
[INFO   ] DREAMPlace - iteration   56, (  56,  0,  0), Obj 9.562698E+07, DensityWeight 6.037423E-11, wHPWL 2.434396E+08, Overflow 8.736663E-01, MaxDensity 7.784E+03, gamma 7.696163E+02, time 1.483ms
[INFO   ] DREAMPlace - full step 4.303 ms
[INFO   ] DREAMPlace - optimizer step 4.390 ms
[INFO   ] DREAMPlace - iteration   57, (  57,  0,  0), Obj 9.509424E+07, DensityWeight 6.303261E-11, wHPWL 2.431252E+08, Overflow 8.729845E-01, MaxDensity 7.894E+03, gamma 7.670810E+02, time 4.261ms
[INFO   ] DREAMPlace - full step 9.129 ms
[INFO   ] DREAMPlace - optimizer step 2.393 ms
[INFO   ] DREAMPlace - iteration   58, (  58,  0,  0), Obj 9.461425E+07, DensityWeight 6.580146E-11, wHPWL 2.428363E+08, Overflow 8.723352E-01, MaxDensity 7.890E+03, gamma 7.644094E+02, time 1.500ms
[INFO   ] DREAMPlace - full step 4.369 ms
[INFO   ] DREAMPlace - optimizer step 2.367 ms
[INFO   ] DREAMPlace - iteration   59, (  59,  0,  0), Obj 9.411739E+07, DensityWeight 6.868507E-11, wHPWL 2.425063E+08, Overflow 8.717442E-01, MaxDensity 8.052E+03, gamma 7.618740E+02, time 1.536ms
[INFO   ] DREAMPlace - full step 4.372 ms
[INFO   ] DREAMPlace - optimizer step 5.944 ms
[INFO   ] DREAMPlace - iteration   60, (  60,  0,  0), Obj 9.369878E+07, DensityWeight 7.168788E-11, wHPWL 2.422321E+08, Overflow 8.711497E-01, MaxDensity 7.798E+03, gamma 7.595738E+02, time 1.918ms
[INFO   ] DREAMPlace - full step 8.330 ms
[INFO   ] DREAMPlace - optimizer step 2.416 ms
[INFO   ] DREAMPlace - iteration   61, (  61,  0,  0), Obj 9.322997E+07, DensityWeight 7.481449E-11, wHPWL 2.418907E+08, Overflow 8.704637E-01, MaxDensity 7.984E+03, gamma 7.572664E+02, time 1.532ms
[INFO   ] DREAMPlace - full step 4.420 ms
[INFO   ] DREAMPlace - optimizer step 2.384 ms
[INFO   ] DREAMPlace - iteration   62, (  62,  0,  0), Obj 9.934224E+07, DensityWeight 7.806965E-11, wHPWL 2.415980E+08, Overflow 8.697622E-01, MaxDensity 7.659E+03, gamma 7.546132E+02, time 1.511ms
[INFO   ] DREAMPlace - full step 4.364 ms
[INFO   ] DREAMPlace - optimizer step 2.384 ms
[INFO   ] DREAMPlace - iteration   63, (  63,  0,  0), Obj 9.881573E+07, DensityWeight 8.145830E-11, wHPWL 2.412641E+08, Overflow 8.690273E-01, MaxDensity 7.689E+03, gamma 7.519094E+02, time 1.523ms
[INFO   ] DREAMPlace - full step 4.371 ms
[INFO   ] DREAMPlace - optimizer step 2.403 ms
[INFO   ] DREAMPlace - iteration   64, (  64,  0,  0), Obj 9.828585E+07, DensityWeight 8.498553E-11, wHPWL 2.409442E+08, Overflow 8.684185E-01, MaxDensity 7.419E+03, gamma 7.490872E+02, time 6.264ms
[INFO   ] DREAMPlace - full step 9.154 ms
[INFO   ] DREAMPlace - optimizer step 2.481 ms
[INFO   ] DREAMPlace - iteration   65, (  65,  0,  0), Obj 9.777814E+07, DensityWeight 8.865664E-11, wHPWL 2.406600E+08, Overflow 8.677661E-01, MaxDensity 7.560E+03, gamma 7.467569E+02, time 1.547ms
[INFO   ] DREAMPlace - full step 4.512 ms
[INFO   ] DREAMPlace - optimizer step 4.957 ms
[INFO   ] DREAMPlace - iteration   66, (  66,  0,  0), Obj 9.740236E+07, DensityWeight 9.247707E-11, wHPWL 2.404913E+08, Overflow 8.672555E-01, MaxDensity 7.655E+03, gamma 7.442685E+02, time 3.665ms
[INFO   ] DREAMPlace - full step 9.160 ms
[INFO   ] DREAMPlace - optimizer step 5.944 ms
[INFO   ] DREAMPlace - iteration   67, (  67,  0,  0), Obj 9.691133E+07, DensityWeight 9.645250E-11, wHPWL 2.401966E+08, Overflow 8.666320E-01, MaxDensity 7.864E+03, gamma 7.423266E+02, time 1.547ms
[INFO   ] DREAMPlace - full step 7.978 ms
[INFO   ] DREAMPlace - optimizer step 2.400 ms
[INFO   ] DREAMPlace - iteration   68, (  68,  0,  0), Obj 9.655674E+07, DensityWeight 1.005888E-10, wHPWL 2.400060E+08, Overflow 8.658847E-01, MaxDensity 7.832E+03, gamma 7.399622E+02, time 1.527ms
[INFO   ] DREAMPlace - full step 4.408 ms
[INFO   ] DREAMPlace - optimizer step 2.405 ms
[INFO   ] DREAMPlace - iteration   69, (  69,  0,  0), Obj 9.608902E+07, DensityWeight 1.048919E-10, wHPWL 2.396946E+08, Overflow 8.652847E-01, MaxDensity 8.064E+03, gamma 7.371379E+02, time 1.539ms
[INFO   ] DREAMPlace - full step 4.407 ms
[INFO   ] DREAMPlace - optimizer step 2.368 ms
[INFO   ] DREAMPlace - iteration   70, (  70,  0,  0), Obj 9.575934E+07, DensityWeight 1.093682E-10, wHPWL 2.394981E+08, Overflow 8.649335E-01, MaxDensity 7.913E+03, gamma 7.348784E+02, time 1.522ms
[INFO   ] DREAMPlace - full step 4.359 ms
[INFO   ] DREAMPlace - optimizer step 2.401 ms
[INFO   ] DREAMPlace - iteration   71, (  71,  0,  0), Obj 9.533864E+07, DensityWeight 1.140241E-10, wHPWL 2.392114E+08, Overflow 8.644144E-01, MaxDensity 8.124E+03, gamma 7.335589E+02, time 1.537ms
[INFO   ] DREAMPlace - full step 4.415 ms
[INFO   ] DREAMPlace - optimizer step 2.363 ms
[INFO   ] DREAMPlace - iteration   72, (  72,  0,  0), Obj 1.005734E+08, DensityWeight 1.188663E-10, wHPWL 2.390034E+08, Overflow 8.638431E-01, MaxDensity 7.878E+03, gamma 7.316130E+02, time 1.551ms
[INFO   ] DREAMPlace - full step 4.383 ms
[INFO   ] DREAMPlace - optimizer step 2.418 ms
[INFO   ] DREAMPlace - iteration   73, (  73,  0,  0), Obj 1.000935E+08, DensityWeight 1.239018E-10, wHPWL 2.387082E+08, Overflow 8.631990E-01, MaxDensity 8.001E+03, gamma 7.294774E+02, time 1.542ms
[INFO   ] DREAMPlace - full step 4.424 ms
[INFO   ] DREAMPlace - optimizer step 2.715 ms
[INFO   ] DREAMPlace - iteration   74, (  74,  0,  0), Obj 9.965534E+07, DensityWeight 1.291377E-10, wHPWL 2.384748E+08, Overflow 8.625964E-01, MaxDensity 8.108E+03, gamma 7.270771E+02, time 1.511ms
[INFO   ] DREAMPlace - full step 4.692 ms
[INFO   ] DREAMPlace - optimizer step 2.438 ms
[INFO   ] DREAMPlace - iteration   75, (  75,  0,  0), Obj 9.919904E+07, DensityWeight 1.345814E-10, wHPWL 2.382436E+08, Overflow 8.621001E-01, MaxDensity 8.233E+03, gamma 7.248389E+02, time 1.533ms
[INFO   ] DREAMPlace - full step 4.435 ms
[INFO   ] DREAMPlace - optimizer step 2.506 ms
[INFO   ] DREAMPlace - iteration   76, (  76,  0,  0), Obj 9.888438E+07, DensityWeight 1.402405E-10, wHPWL 2.381382E+08, Overflow 8.616472E-01, MaxDensity 8.590E+03, gamma 7.230005E+02, time 3.030ms
[INFO   ] DREAMPlace - full step 6.011 ms
[INFO   ] DREAMPlace - optimizer step 2.408 ms
[INFO   ] DREAMPlace - iteration   77, (  77,  0,  0), Obj 9.843134E+07, DensityWeight 1.461230E-10, wHPWL 2.378920E+08, Overflow 8.610584E-01, MaxDensity 8.750E+03, gamma 7.213270E+02, time 1.595ms
[INFO   ] DREAMPlace - full step 4.475 ms
[INFO   ] DREAMPlace - optimizer step 2.378 ms
[INFO   ] DREAMPlace - iteration   78, (  78,  0,  0), Obj 9.812499E+07, DensityWeight 1.522370E-10, wHPWL 2.377590E+08, Overflow 8.603656E-01, MaxDensity 8.993E+03, gamma 7.191570E+02, time 1.534ms
[INFO   ] DREAMPlace - full step 4.374 ms
[INFO   ] DREAMPlace - optimizer step 2.367 ms
[INFO   ] DREAMPlace - iteration   79, (  79,  0,  0), Obj 9.770962E+07, DensityWeight 1.585910E-10, wHPWL 2.375086E+08, Overflow 8.597868E-01, MaxDensity 9.158E+03, gamma 7.166121E+02, time 1.537ms
[INFO   ] DREAMPlace - full step 4.381 ms
[INFO   ] DREAMPlace - plotting to gammalocal_results/nneg/bigblue2/plot/iter0080.png takes 4.989 seconds
[INFO   ] DREAMPlace - optimizer step 7.572 ms
[INFO   ] DREAMPlace - iteration   80, (  80,  0,  0), Obj 9.742168E+07, DensityWeight 1.651936E-10, wHPWL 2.373574E+08, Overflow 8.592951E-01, MaxDensity 9.293E+03, gamma 7.144930E+02, time 1.516ms
[INFO   ] DREAMPlace - full step 5000.243 ms
[INFO   ] DREAMPlace - optimizer step 2.506 ms
[INFO   ] DREAMPlace - iteration   81, (  81,  0,  0), Obj 9.702365E+07, DensityWeight 1.720539E-10, wHPWL 2.370949E+08, Overflow 8.587617E-01, MaxDensity 9.494E+03, gamma 7.126974E+02, time 1.638ms
[INFO   ] DREAMPlace - full step 4.743 ms
[INFO   ] DREAMPlace - optimizer step 2.410 ms
[INFO   ] DREAMPlace - iteration   82, (  82,  0,  0), Obj 1.012885E+08, DensityWeight 1.791812E-10, wHPWL 2.369271E+08, Overflow 8.583322E-01, MaxDensity 9.496E+03, gamma 7.107548E+02, time 1.540ms
[INFO   ] DREAMPlace - full step 4.438 ms
[INFO   ] DREAMPlace - optimizer step 2.393 ms
[INFO   ] DREAMPlace - iteration   83, (  83,  0,  0), Obj 1.008226E+08, DensityWeight 1.865851E-10, wHPWL 2.366234E+08, Overflow 8.578337E-01, MaxDensity 9.616E+03, gamma 7.091947E+02, time 1.533ms
[INFO   ] DREAMPlace - full step 4.390 ms
[INFO   ] DREAMPlace - optimizer step 2.997 ms
[INFO   ] DREAMPlace - iteration   84, (  84,  0,  0), Obj 1.004495E+08, DensityWeight 1.942755E-10, wHPWL 2.364233E+08, Overflow 8.572868E-01, MaxDensity 9.456E+03, gamma 7.073879E+02, time 1.534ms
[INFO   ] DREAMPlace - full step 5.039 ms
[INFO   ] DREAMPlace - optimizer step 2.599 ms
[INFO   ] DREAMPlace - iteration   85, (  85,  0,  0), Obj 1.000184E+08, DensityWeight 2.022626E-10, wHPWL 2.361839E+08, Overflow 8.567020E-01, MaxDensity 9.620E+03, gamma 7.054111E+02, time 1.547ms
[INFO   ] DREAMPlace - full step 4.623 ms
[INFO   ] DREAMPlace - optimizer step 2.448 ms
[INFO   ] DREAMPlace - iteration   86, (  86,  0,  0), Obj 9.973326E+07, DensityWeight 2.105570E-10, wHPWL 2.360738E+08, Overflow 8.562075E-01, MaxDensity 9.317E+03, gamma 7.033036E+02, time 1.619ms
[INFO   ] DREAMPlace - full step 4.569 ms
[INFO   ] DREAMPlace - optimizer step 2.489 ms
[INFO   ] DREAMPlace - iteration   87, (  87,  0,  0), Obj 9.932320E+07, DensityWeight 2.191697E-10, wHPWL 2.358362E+08, Overflow 8.557160E-01, MaxDensity 9.479E+03, gamma 7.015261E+02, time 1.535ms
[INFO   ] DREAMPlace - full step 4.509 ms
[INFO   ] DREAMPlace - optimizer step 2.413 ms
[INFO   ] DREAMPlace - iteration   88, (  88,  0,  0), Obj 9.903747E+07, DensityWeight 2.281118E-10, wHPWL 2.356875E+08, Overflow 8.552806E-01, MaxDensity 9.116E+03, gamma 6.997642E+02, time 1.514ms
[INFO   ] DREAMPlace - full step 4.400 ms
[INFO   ] DREAMPlace - optimizer step 2.420 ms
[INFO   ] DREAMPlace - iteration   89, (  89,  0,  0), Obj 9.865660E+07, DensityWeight 2.373951E-10, wHPWL 2.354351E+08, Overflow 8.549115E-01, MaxDensity 9.246E+03, gamma 6.982067E+02, time 1.514ms
[INFO   ] DREAMPlace - full step 4.421 ms
[INFO   ] DREAMPlace - optimizer step 2.401 ms
[INFO   ] DREAMPlace - iteration   90, (  90,  0,  0), Obj 9.838467E+07, DensityWeight 2.470314E-10, wHPWL 2.352660E+08, Overflow 8.545266E-01, MaxDensity 8.837E+03, gamma 6.968893E+02, time 1.495ms
[INFO   ] DREAMPlace - full step 4.370 ms
[INFO   ] DREAMPlace - optimizer step 2.711 ms
[INFO   ] DREAMPlace - iteration   91, (  91,  0,  0), Obj 9.801706E+07, DensityWeight 2.570332E-10, wHPWL 2.349978E+08, Overflow 8.541065E-01, MaxDensity 8.912E+03, gamma 6.955182E+02, time 1.536ms
[INFO   ] DREAMPlace - full step 4.719 ms
[INFO   ] DREAMPlace - optimizer step 2.422 ms
[INFO   ] DREAMPlace - iteration   92, (  92,  0,  0), Obj 1.006059E+08, DensityWeight 2.674131E-10, wHPWL 2.348129E+08, Overflow 8.536106E-01, MaxDensity 8.460E+03, gamma 6.940248E+02, time 1.499ms
[INFO   ] DREAMPlace - full step 4.398 ms
[INFO   ] DREAMPlace - optimizer step 2.412 ms
[INFO   ] DREAMPlace - iteration   93, (  93,  0,  0), Obj 1.001561E+08, DensityWeight 2.781845E-10, wHPWL 2.344769E+08, Overflow 8.529129E-01, MaxDensity 8.462E+03, gamma 6.922661E+02, time 1.531ms
[INFO   ] DREAMPlace - full step 4.428 ms
[INFO   ] DREAMPlace - optimizer step 2.434 ms
[INFO   ] DREAMPlace - iteration   94, (  94,  0,  0), Obj 9.982638E+07, DensityWeight 2.893608E-10, wHPWL 2.342708E+08, Overflow 8.523978E-01, MaxDensity 8.254E+03, gamma 6.897991E+02, time 1.525ms
[INFO   ] DREAMPlace - full step 4.434 ms
[INFO   ] DREAMPlace - optimizer step 2.422 ms
[INFO   ] DREAMPlace - iteration   95, (  95,  0,  0), Obj 9.942446E+07, DensityWeight 3.009560E-10, wHPWL 2.340134E+08, Overflow 8.519093E-01, MaxDensity 8.379E+03, gamma 6.879832E+02, time 1.507ms
[INFO   ] DREAMPlace - full step 4.403 ms
[INFO   ] DREAMPlace - optimizer step 2.424 ms
[INFO   ] DREAMPlace - iteration   96, (  96,  0,  0), Obj 9.914470E+07, DensityWeight 3.129845E-10, wHPWL 2.338658E+08, Overflow 8.514945E-01, MaxDensity 8.402E+03, gamma 6.862657E+02, time 1.498ms
[INFO   ] DREAMPlace - full step 4.387 ms
[INFO   ] DREAMPlace - optimizer step 2.511 ms
[INFO   ] DREAMPlace - iteration   97, (  97,  0,  0), Obj 9.877302E+07, DensityWeight 3.254612E-10, wHPWL 2.336263E+08, Overflow 8.509713E-01, MaxDensity 8.532E+03, gamma 6.848105E+02, time 1.518ms
[INFO   ] DREAMPlace - full step 4.506 ms
[INFO   ] DREAMPlace - optimizer step 2.403 ms
[INFO   ] DREAMPlace - iteration   98, (  98,  0,  0), Obj 9.850745E+07, DensityWeight 3.384015E-10, wHPWL 2.334611E+08, Overflow 8.503748E-01, MaxDensity 8.464E+03, gamma 6.829798E+02, time 1.496ms
[INFO   ] DREAMPlace - full step 4.372 ms
[INFO   ] DREAMPlace - optimizer step 2.580 ms
[INFO   ] DREAMPlace - iteration   99, (  99,  0,  0), Obj 9.814891E+07, DensityWeight 3.518210E-10, wHPWL 2.331944E+08, Overflow 8.497088E-01, MaxDensity 8.595E+03, gamma 6.808981E+02, time 1.581ms
[INFO   ] DREAMPlace - full step 4.633 ms
[INFO   ] DREAMPlace - optimizer step 2.389 ms
[INFO   ] DREAMPlace - iteration  100, ( 100,  0,  0), Obj 9.790114E+07, DensityWeight 3.657362E-10, wHPWL 2.330107E+08, Overflow 8.489863E-01, MaxDensity 8.420E+03, gamma 6.785818E+02, time 1.491ms
[INFO   ] DREAMPlace - full step 4.351 ms
[INFO   ] DREAMPlace - gamma_local: mean(coef_net)/coef = 1.427 (norm=gamma, applied ratio 1.000)
[INFO   ] DREAMPlace - optimizer step 2.465 ms
[INFO   ] DREAMPlace - iteration  101, ( 101,  0,  0), Obj 9.755586E+07, DensityWeight 3.801637E-10, wHPWL 2.327290E+08, Overflow 8.485982E-01, MaxDensity 8.551E+03, gamma 6.760779E+02, time 5.173ms
[INFO   ] DREAMPlace - full step 8.109 ms
[INFO   ] DREAMPlace - optimizer step 2.387 ms
[INFO   ] DREAMPlace - iteration  102, ( 102,  0,  0), Obj 9.960386E+07, DensityWeight 3.951209E-10, wHPWL 2.325298E+08, Overflow 8.481925E-01, MaxDensity 8.288E+03, gamma 6.747367E+02, time 1.519ms
[INFO   ] DREAMPlace - full step 4.381 ms
[INFO   ] DREAMPlace - optimizer step 2.574 ms
[INFO   ] DREAMPlace - iteration  103, ( 103,  0,  0), Obj 9.919745E+07, DensityWeight 4.106254E-10, wHPWL 2.321951E+08, Overflow 8.477563E-01, MaxDensity 8.370E+03, gamma 6.733375E+02, time 1.492ms
[INFO   ] DREAMPlace - full step 4.546 ms
[INFO   ] DREAMPlace - optimizer step 3.261 ms
[INFO   ] DREAMPlace - iteration  104, ( 104,  0,  0), Obj 9.890178E+07, DensityWeight 4.266957E-10, wHPWL 2.319815E+08, Overflow 8.472978E-01, MaxDensity 8.006E+03, gamma 6.718364E+02, time 1.480ms
[INFO   ] DREAMPlace - full step 5.210 ms
[INFO   ] DREAMPlace - optimizer step 2.768 ms
[INFO   ] DREAMPlace - iteration  105, ( 105,  0,  0), Obj 9.853066E+07, DensityWeight 4.433505E-10, wHPWL 2.317110E+08, Overflow 8.468992E-01, MaxDensity 8.076E+03, gamma 6.702618E+02, time 1.498ms
[INFO   ] DREAMPlace - full step 4.735 ms
[INFO   ] DREAMPlace - optimizer step 2.346 ms
[INFO   ] DREAMPlace - iteration  106, ( 106,  0,  0), Obj 9.828314E+07, DensityWeight 4.606094E-10, wHPWL 2.315544E+08, Overflow 8.464490E-01, MaxDensity 7.853E+03, gamma 6.688961E+02, time 1.471ms
[INFO   ] DREAMPlace - full step 4.278 ms
[INFO   ] DREAMPlace - optimizer step 2.358 ms
[INFO   ] DREAMPlace - iteration  107, ( 107,  0,  0), Obj 9.792417E+07, DensityWeight 4.784922E-10, wHPWL 2.312889E+08, Overflow 8.458643E-01, MaxDensity 8.016E+03, gamma 6.673572E+02, time 1.541ms
[INFO   ] DREAMPlace - full step 4.380 ms
[INFO   ] DREAMPlace - optimizer step 2.401 ms
[INFO   ] DREAMPlace - iteration  108, ( 108,  0,  0), Obj 9.769075E+07, DensityWeight 4.970196E-10, wHPWL 2.311209E+08, Overflow 8.453323E-01, MaxDensity 8.253E+03, gamma 6.653635E+02, time 1.462ms
[INFO   ] DREAMPlace - full step 4.329 ms
[INFO   ] DREAMPlace - optimizer step 2.422 ms
[INFO   ] DREAMPlace - iteration  109, ( 109,  0,  0), Obj 9.734582E+07, DensityWeight 5.162129E-10, wHPWL 2.308401E+08, Overflow 8.447282E-01, MaxDensity 8.440E+03, gamma 6.635547E+02, time 1.649ms
[INFO   ] DREAMPlace - full step 4.547 ms
[INFO   ] DREAMPlace - optimizer step 2.355 ms
[INFO   ] DREAMPlace - iteration  110, ( 110,  0,  0), Obj 9.711863E+07, DensityWeight 5.360936E-10, wHPWL 2.306520E+08, Overflow 8.442564E-01, MaxDensity 8.576E+03, gamma 6.615068E+02, time 1.473ms
[INFO   ] DREAMPlace - full step 4.287 ms
[INFO   ] DREAMPlace - optimizer step 2.350 ms
[INFO   ] DREAMPlace - iteration  111, ( 111,  0,  0), Obj 9.679176E+07, DensityWeight 5.566844E-10, wHPWL 2.303640E+08, Overflow 8.438527E-01, MaxDensity 8.758E+03, gamma 6.599119E+02, time 1.484ms
[INFO   ] DREAMPlace - full step 4.309 ms
[INFO   ] DREAMPlace - optimizer step 2.460 ms
[INFO   ] DREAMPlace - iteration  112, ( 112,  0,  0), Obj 9.833465E+07, DensityWeight 5.780082E-10, wHPWL 2.301646E+08, Overflow 8.434748E-01, MaxDensity 8.791E+03, gamma 6.585500E+02, time 1.458ms
[INFO   ] DREAMPlace - full step 4.390 ms
[INFO   ] DREAMPlace - optimizer step 2.359 ms
[INFO   ] DREAMPlace - iteration  113, ( 113,  0,  0), Obj 9.792265E+07, DensityWeight 6.000888E-10, wHPWL 2.298020E+08, Overflow 8.430557E-01, MaxDensity 8.972E+03, gamma 6.572778E+02, time 2.647ms
[INFO   ] DREAMPlace - full step 5.480 ms
[INFO   ] DREAMPlace - optimizer step 5.092 ms
[INFO   ] DREAMPlace - iteration  114, ( 114,  0,  0), Obj 9.766207E+07, DensityWeight 6.229506E-10, wHPWL 2.295992E+08, Overflow 8.427339E-01, MaxDensity 8.866E+03, gamma 6.558696E+02, time 1.494ms
[INFO   ] DREAMPlace - full step 7.052 ms
[INFO   ] DREAMPlace - optimizer step 2.429 ms
[INFO   ] DREAMPlace - iteration  115, ( 115,  0,  0), Obj 9.729943E+07, DensityWeight 6.466188E-10, wHPWL 2.293148E+08, Overflow 8.423378E-01, MaxDensity 9.029E+03, gamma 6.547906E+02, time 1.496ms
[INFO   ] DREAMPlace - full step 4.397 ms
[INFO   ] DREAMPlace - optimizer step 2.377 ms
[INFO   ] DREAMPlace - iteration  116, ( 116,  0,  0), Obj 9.706578E+07, DensityWeight 6.711189E-10, wHPWL 2.291479E+08, Overflow 8.418151E-01, MaxDensity 8.830E+03, gamma 6.534649E+02, time 1.489ms
[INFO   ] DREAMPlace - full step 4.335 ms
[INFO   ] DREAMPlace - optimizer step 24.621 ms
[INFO   ] DREAMPlace - iteration  117, ( 117,  0,  0), Obj 9.672276E+07, DensityWeight 6.964778E-10, wHPWL 2.288716E+08, Overflow 8.411999E-01, MaxDensity 8.995E+03, gamma 6.517195E+02, time 6.022ms
[INFO   ] DREAMPlace - full step 31.158 ms
[INFO   ] DREAMPlace - optimizer step 8.114 ms
[INFO   ] DREAMPlace - iteration  118, ( 118,  0,  0), Obj 9.650574E+07, DensityWeight 7.227226E-10, wHPWL 2.286943E+08, Overflow 8.406140E-01, MaxDensity 8.733E+03, gamma 6.496713E+02, time 5.403ms
[INFO   ] DREAMPlace - full step 14.035 ms
[INFO   ] DREAMPlace - optimizer step 3.743 ms
[INFO   ] DREAMPlace - iteration  119, ( 119,  0,  0), Obj 9.617985E+07, DensityWeight 7.498814E-10, wHPWL 2.284058E+08, Overflow 8.401561E-01, MaxDensity 8.872E+03, gamma 6.477264E+02, time 2.780ms
[INFO   ] DREAMPlace - full step 7.048 ms
[INFO   ] DREAMPlace - plotting to gammalocal_results/nneg/bigblue2/plot/iter0120.png takes 4.779 seconds
[INFO   ] DREAMPlace - optimizer step 3.992 ms
[INFO   ] DREAMPlace - iteration  120, ( 120,  0,  0), Obj 9.596909E+07, DensityWeight 7.779830E-10, wHPWL 2.282120E+08, Overflow 8.396101E-01, MaxDensity 8.540E+03, gamma 6.462108E+02, time 1.477ms
[INFO   ] DREAMPlace - full step 4786.591 ms
[INFO   ] DREAMPlace - optimizer step 2.420 ms
[INFO   ] DREAMPlace - iteration  121, ( 121,  0,  0), Obj 9.565492E+07, DensityWeight 8.070569E-10, wHPWL 2.279147E+08, Overflow 8.390893E-01, MaxDensity 8.661E+03, gamma 6.444079E+02, time 1.531ms
[INFO   ] DREAMPlace - full step 4.497 ms
[INFO   ] DREAMPlace - optimizer step 2.351 ms
[INFO   ] DREAMPlace - iteration  122, ( 122,  0,  0), Obj 9.730858E+07, DensityWeight 8.371337E-10, wHPWL 2.277084E+08, Overflow 8.384616E-01, MaxDensity 8.276E+03, gamma 6.426926E+02, time 1.479ms
[INFO   ] DREAMPlace - full step 4.325 ms
[INFO   ] DREAMPlace - optimizer step 2.366 ms
[INFO   ] DREAMPlace - iteration  123, ( 123,  0,  0), Obj 9.694438E+07, DensityWeight 8.682445E-10, wHPWL 2.273667E+08, Overflow 8.378878E-01, MaxDensity 8.328E+03, gamma 6.406319E+02, time 1.477ms
[INFO   ] DREAMPlace - full step 4.317 ms
[INFO   ] DREAMPlace - optimizer step 2.352 ms
[INFO   ] DREAMPlace - iteration  124, ( 124,  0,  0), Obj 9.668592E+07, DensityWeight 9.004215E-10, wHPWL 2.271421E+08, Overflow 8.374749E-01, MaxDensity 7.894E+03, gamma 6.387537E+02, time 1.462ms
[INFO   ] DREAMPlace - full step 4.284 ms
[INFO   ] DREAMPlace - optimizer step 2.329 ms
[INFO   ] DREAMPlace - iteration  125, ( 125,  0,  0), Obj 9.635747E+07, DensityWeight 9.336975E-10, wHPWL 2.268634E+08, Overflow 8.370459E-01, MaxDensity 7.898E+03, gamma 6.374055E+02, time 1.473ms
[INFO   ] DREAMPlace - full step 4.283 ms
[INFO   ] DREAMPlace - optimizer step 2.342 ms
[INFO   ] DREAMPlace - iteration  126, ( 126,  0,  0), Obj 9.613398E+07, DensityWeight 9.681064E-10, wHPWL 2.266828E+08, Overflow 8.366491E-01, MaxDensity 7.551E+03, gamma 6.360079E+02, time 1.537ms
[INFO   ] DREAMPlace - full step 4.340 ms
[INFO   ] DREAMPlace - optimizer step 8.173 ms
[INFO   ] DREAMPlace - iteration  127, ( 127,  0,  0), Obj 9.581085E+07, DensityWeight 1.003683E-09, wHPWL 2.264045E+08, Overflow 8.363266E-01, MaxDensity 7.711E+03, gamma 6.347179E+02, time 1.599ms
[INFO   ] DREAMPlace - full step 10.272 ms
[INFO   ] DREAMPlace - optimizer step 2.331 ms
[INFO   ] DREAMPlace - iteration  128, ( 128,  0,  0), Obj 9.560266E+07, DensityWeight 1.040463E-09, wHPWL 2.262210E+08, Overflow 8.359552E-01, MaxDensity 7.662E+03, gamma 6.336716E+02, time 1.450ms
[INFO   ] DREAMPlace - full step 4.251 ms
[INFO   ] DREAMPlace - optimizer step 2.363 ms
[INFO   ] DREAMPlace - iteration  129, ( 129,  0,  0), Obj 9.529821E+07, DensityWeight 1.078483E-09, wHPWL 2.259406E+08, Overflow 8.354295E-01, MaxDensity 7.810E+03, gamma 6.324683E+02, time 1.467ms
[INFO   ] DREAMPlace - full step 4.306 ms
[INFO   ] DREAMPlace - optimizer step 2.783 ms
[INFO   ] DREAMPlace - iteration  130, ( 130,  0,  0), Obj 9.510663E+07, DensityWeight 1.117780E-09, wHPWL 2.257530E+08, Overflow 8.349037E-01, MaxDensity 7.671E+03, gamma 6.307694E+02, time 1.489ms
[INFO   ] DREAMPlace - full step 4.746 ms
[INFO   ] DREAMPlace - optimizer step 2.360 ms
[INFO   ] DREAMPlace - iteration  131, ( 131,  0,  0), Obj 9.479842E+07, DensityWeight 1.158394E-09, wHPWL 2.254525E+08, Overflow 8.344245E-01, MaxDensity 7.799E+03, gamma 6.290745E+02, time 1.506ms
[INFO   ] DREAMPlace - full step 4.339 ms
[INFO   ] DREAMPlace - optimizer step 2.369 ms
[INFO   ] DREAMPlace - iteration  132, ( 132,  0,  0), Obj 9.645166E+07, DensityWeight 1.200363E-09, wHPWL 2.252522E+08, Overflow 8.339106E-01, MaxDensity 7.574E+03, gamma 6.275339E+02, time 2.489ms
[INFO   ] DREAMPlace - full step 5.320 ms
[INFO   ] DREAMPlace - optimizer step 3.169 ms
[INFO   ] DREAMPlace - iteration  133, ( 133,  0,  0), Obj 9.612186E+07, DensityWeight 1.243728E-09, wHPWL 2.249391E+08, Overflow 8.333186E-01, MaxDensity 7.666E+03, gamma 6.258860E+02, time 2.367ms
[INFO   ] DREAMPlace - full step 6.014 ms
[INFO   ] DREAMPlace - optimizer step 2.361 ms
[INFO   ] DREAMPlace - iteration  134, ( 134,  0,  0), Obj 9.586514E+07, DensityWeight 1.288531E-09, wHPWL 2.247096E+08, Overflow 8.325388E-01, MaxDensity 7.365E+03, gamma 6.239929E+02, time 1.461ms
[INFO   ] DREAMPlace - full step 4.292 ms
[INFO   ] DREAMPlace - optimizer step 2.352 ms
[INFO   ] DREAMPlace - iteration  135, ( 135,  0,  0), Obj 9.555770E+07, DensityWeight 1.334814E-09, wHPWL 2.244432E+08, Overflow 8.318914E-01, MaxDensity 7.427E+03, gamma 6.215080E+02, time 1.472ms
[INFO   ] DREAMPlace - full step 4.301 ms
[INFO   ] DREAMPlace - optimizer step 2.340 ms
[INFO   ] DREAMPlace - iteration  136, ( 136,  0,  0), Obj 9.534562E+07, DensityWeight 1.382622E-09, wHPWL 2.242669E+08, Overflow 8.313922E-01, MaxDensity 7.744E+03, gamma 6.194526E+02, time 1.482ms
[INFO   ] DREAMPlace - full step 4.299 ms
[INFO   ] DREAMPlace - optimizer step 2.361 ms
[INFO   ] DREAMPlace - iteration  137, ( 137,  0,  0), Obj 9.503518E+07, DensityWeight 1.431999E-09, wHPWL 2.239975E+08, Overflow 8.308702E-01, MaxDensity 7.901E+03, gamma 6.178723E+02, time 1.493ms
[INFO   ] DREAMPlace - full step 4.330 ms
[INFO   ] DREAMPlace - optimizer step 2.321 ms
[INFO   ] DREAMPlace - iteration  138, ( 138,  0,  0), Obj 9.483671E+07, DensityWeight 1.482991E-09, wHPWL 2.238211E+08, Overflow 8.302342E-01, MaxDensity 8.177E+03, gamma 6.162242E+02, time 1.459ms
[INFO   ] DREAMPlace - full step 4.246 ms
[INFO   ] DREAMPlace - optimizer step 2.357 ms
[INFO   ] DREAMPlace - iteration  139, ( 139,  0,  0), Obj 9.453257E+07, DensityWeight 1.535645E-09, wHPWL 2.235408E+08, Overflow 8.296839E-01, MaxDensity 8.374E+03, gamma 6.142219E+02, time 1.490ms
[INFO   ] DREAMPlace - full step 4.317 ms
[INFO   ] DREAMPlace - optimizer step 2.343 ms
[INFO   ] DREAMPlace - iteration  140, ( 140,  0,  0), Obj 9.433890E+07, DensityWeight 1.590009E-09, wHPWL 2.233527E+08, Overflow 8.291653E-01, MaxDensity 8.525E+03, gamma 6.124949E+02, time 1.466ms
[INFO   ] DREAMPlace - full step 4.270 ms
[INFO   ] DREAMPlace - optimizer step 2.347 ms
[INFO   ] DREAMPlace - iteration  141, ( 141,  0,  0), Obj 9.405874E+07, DensityWeight 1.646133E-09, wHPWL 2.230796E+08, Overflow 8.285570E-01, MaxDensity 8.709E+03, gamma 6.108718E+02, time 1.484ms
[INFO   ] DREAMPlace - full step 4.305 ms
[INFO   ] DREAMPlace - optimizer step 2.342 ms
[INFO   ] DREAMPlace - iteration  142, ( 142,  0,  0), Obj 9.590593E+07, DensityWeight 1.704068E-09, wHPWL 2.228781E+08, Overflow 8.277673E-01, MaxDensity 8.778E+03, gamma 6.089734E+02, time 1.529ms
[INFO   ] DREAMPlace - full step 4.350 ms
[INFO   ] DREAMPlace - optimizer step 2.332 ms
[INFO   ] DREAMPlace - iteration  143, ( 143,  0,  0), Obj 9.559080E+07, DensityWeight 1.763866E-09, wHPWL 2.225875E+08, Overflow 8.270742E-01, MaxDensity 8.931E+03, gamma 6.065176E+02, time 1.498ms
[INFO   ] DREAMPlace - full step 4.299 ms
[INFO   ] DREAMPlace - optimizer step 2.439 ms
[INFO   ] DREAMPlace - iteration  144, ( 144,  0,  0), Obj 9.533977E+07, DensityWeight 1.825579E-09, wHPWL 2.223733E+08, Overflow 8.264466E-01, MaxDensity 8.858E+03, gamma 6.043704E+02, time 1.474ms
[INFO   ] DREAMPlace - full step 4.382 ms
[INFO   ] DREAMPlace - optimizer step 2.354 ms
[INFO   ] DREAMPlace - iteration  145, ( 145,  0,  0), Obj 9.502789E+07, DensityWeight 1.889263E-09, wHPWL 2.221137E+08, Overflow 8.258285E-01, MaxDensity 8.995E+03, gamma 6.024327E+02, time 1.488ms
[INFO   ] DREAMPlace - full step 4.305 ms
[INFO   ] DREAMPlace - optimizer step 2.344 ms
[INFO   ] DREAMPlace - iteration  146, ( 146,  0,  0), Obj 9.483899E+07, DensityWeight 1.954973E-09, wHPWL 2.219718E+08, Overflow 8.253064E-01, MaxDensity 8.800E+03, gamma 6.005303E+02, time 1.473ms
[INFO   ] DREAMPlace - full step 4.279 ms
[INFO   ] DREAMPlace - optimizer step 5.735 ms
[INFO   ] DREAMPlace - iteration  147, ( 147,  0,  0), Obj 9.452902E+07, DensityWeight 2.022766E-09, wHPWL 2.217114E+08, Overflow 8.246244E-01, MaxDensity 8.950E+03, gamma 5.989283E+02, time 1.492ms
[INFO   ] DREAMPlace - full step 7.698 ms
[INFO   ] DREAMPlace - optimizer step 6.224 ms
[INFO   ] DREAMPlace - iteration  148, ( 148,  0,  0), Obj 9.433894E+07, DensityWeight 2.092700E-09, wHPWL 2.215526E+08, Overflow 8.238693E-01, MaxDensity 8.641E+03, gamma 5.968417E+02, time 6.127ms
[INFO   ] DREAMPlace - full step 12.816 ms
[INFO   ] DREAMPlace - optimizer step 2.335 ms
[INFO   ] DREAMPlace - iteration  149, ( 149,  0,  0), Obj 9.404008E+07, DensityWeight 2.164836E-09, wHPWL 2.212884E+08, Overflow 8.231672E-01, MaxDensity 8.766E+03, gamma 5.945402E+02, time 1.485ms
[INFO   ] DREAMPlace - full step 4.300 ms
[INFO   ] DREAMPlace - optimizer step 2.338 ms
[INFO   ] DREAMPlace - iteration  150, ( 150,  0,  0), Obj 9.387114E+07, DensityWeight 2.239234E-09, wHPWL 2.211343E+08, Overflow 8.226264E-01, MaxDensity 8.383E+03, gamma 5.924080E+02, time 1.460ms
[INFO   ] DREAMPlace - full step 4.262 ms
[INFO   ] DREAMPlace - optimizer step 2.323 ms
[INFO   ] DREAMPlace - iteration  151, ( 151,  0,  0), Obj 9.358214E+07, DensityWeight 2.315958E-09, wHPWL 2.208659E+08, Overflow 8.219794E-01, MaxDensity 8.443E+03, gamma 5.907712E+02, time 1.479ms
[INFO   ] DREAMPlace - full step 4.269 ms
[INFO   ] DREAMPlace - optimizer step 2.325 ms
[INFO   ] DREAMPlace - iteration  152, ( 152,  0,  0), Obj 9.594183E+07, DensityWeight 2.395071E-09, wHPWL 2.206927E+08, Overflow 8.213206E-01, MaxDensity 8.014E+03, gamma 5.888184E+02, time 1.472ms
[INFO   ] DREAMPlace - full step 4.272 ms
[INFO   ] DREAMPlace - optimizer step 17.600 ms
[INFO   ] DREAMPlace - iteration  153, ( 153,  0,  0), Obj 9.564155E+07, DensityWeight 2.476639E-09, wHPWL 2.204226E+08, Overflow 8.206106E-01, MaxDensity 7.983E+03, gamma 5.868369E+02, time 1.483ms
[INFO   ] DREAMPlace - full step 19.560 ms
[INFO   ] DREAMPlace - optimizer step 8.930 ms
[INFO   ] DREAMPlace - iteration  154, ( 154,  0,  0), Obj 9.538594E+07, DensityWeight 2.560728E-09, wHPWL 2.202089E+08, Overflow 8.200480E-01, MaxDensity 7.507E+03, gamma 5.847088E+02, time 8.282ms
[INFO   ] DREAMPlace - full step 17.710 ms
[INFO   ] DREAMPlace - optimizer step 2.348 ms
[INFO   ] DREAMPlace - iteration  155, ( 155,  0,  0), Obj 9.509149E+07, DensityWeight 2.647408E-09, wHPWL 2.199672E+08, Overflow 8.195564E-01, MaxDensity 7.442E+03, gamma 5.830280E+02, time 1.486ms
[INFO   ] DREAMPlace - full step 4.319 ms
[INFO   ] DREAMPlace - optimizer step 2.870 ms
[INFO   ] DREAMPlace - iteration  156, ( 156,  0,  0), Obj 9.492482E+07, DensityWeight 2.736748E-09, wHPWL 2.198493E+08, Overflow 8.189861E-01, MaxDensity 7.121E+03, gamma 5.815630E+02, time 3.225ms
[INFO   ] DREAMPlace - full step 6.567 ms
[INFO   ] DREAMPlace - optimizer step 2.340 ms
[INFO   ] DREAMPlace - iteration  157, ( 157,  0,  0), Obj 9.460636E+07, DensityWeight 2.828820E-09, wHPWL 2.195871E+08, Overflow 8.183757E-01, MaxDensity 7.296E+03, gamma 5.798685E+02, time 1.481ms
[INFO   ] DREAMPlace - full step 4.280 ms
[INFO   ] DREAMPlace - optimizer step 2.345 ms
[INFO   ] DREAMPlace - iteration  158, ( 158,  0,  0), Obj 9.443135E+07, DensityWeight 2.923698E-09, wHPWL 2.194451E+08, Overflow 8.176358E-01, MaxDensity 7.131E+03, gamma 5.780603E+02, time 1.472ms
[INFO   ] DREAMPlace - full step 4.289 ms
[INFO   ] DREAMPlace - optimizer step 2.382 ms
[INFO   ] DREAMPlace - iteration  159, ( 159,  0,  0), Obj 9.413761E+07, DensityWeight 3.021455E-09, wHPWL 2.191824E+08, Overflow 8.168762E-01, MaxDensity 7.304E+03, gamma 5.758760E+02, time 1.492ms
[INFO   ] DREAMPlace - full step 4.339 ms
[INFO   ] DREAMPlace - plotting to gammalocal_results/nneg/bigblue2/plot/iter0160.png takes 4.797 seconds
[INFO   ] DREAMPlace - optimizer step 4.914 ms
[INFO   ] DREAMPlace - iteration  160, ( 160,  0,  0), Obj 9.396646E+07, DensityWeight 3.122169E-09, wHPWL 2.190210E+08, Overflow 8.162349E-01, MaxDensity 7.035E+03, gamma 5.736421E+02, time 1.481ms
[INFO   ] DREAMPlace - full step 4806.059 ms
[INFO   ] DREAMPlace - optimizer step 2.594 ms
[INFO   ] DREAMPlace - iteration  161, ( 161,  0,  0), Obj 9.368062E+07, DensityWeight 3.225916E-09, wHPWL 2.187480E+08, Overflow 8.154796E-01, MaxDensity 7.135E+03, gamma 5.717627E+02, time 1.632ms
[INFO   ] DREAMPlace - full step 4.947 ms
[INFO   ] DREAMPlace - optimizer step 2.462 ms
[INFO   ] DREAMPlace - iteration  162, ( 162,  0,  0), Obj 9.641379E+07, DensityWeight 3.332779E-09, wHPWL 2.185748E+08, Overflow 8.147322E-01, MaxDensity 7.548E+03, gamma 5.695573E+02, time 1.508ms
[INFO   ] DREAMPlace - full step 4.471 ms
[INFO   ] DREAMPlace - optimizer step 2.427 ms
[INFO   ] DREAMPlace - iteration  163, ( 163,  0,  0), Obj 9.617278E+07, DensityWeight 3.442837E-09, wHPWL 2.183683E+08, Overflow 8.139689E-01, MaxDensity 7.645E+03, gamma 5.673832E+02, time 1.576ms
[INFO   ] DREAMPlace - full step 4.488 ms
[INFO   ] DREAMPlace - optimizer step 3.148 ms
[INFO   ] DREAMPlace - iteration  164, ( 164,  0,  0), Obj 9.592758E+07, DensityWeight 3.556174E-09, wHPWL 2.181720E+08, Overflow 8.132970E-01, MaxDensity 7.972E+03, gamma 5.651714E+02, time 1.509ms
[INFO   ] DREAMPlace - full step 5.132 ms
[INFO   ] DREAMPlace - optimizer step 3.865 ms
[INFO   ] DREAMPlace - iteration  165, ( 165,  0,  0), Obj 9.563726E+07, DensityWeight 3.672874E-09, wHPWL 2.179195E+08, Overflow 8.126867E-01, MaxDensity 8.074E+03, gamma 5.632318E+02, time 3.865ms
[INFO   ] DREAMPlace - full step 8.202 ms
[INFO   ] DREAMPlace - optimizer step 2.451 ms
[INFO   ] DREAMPlace - iteration  166, ( 166,  0,  0), Obj 9.548260E+07, DensityWeight 3.793025E-09, wHPWL 2.178041E+08, Overflow 8.121351E-01, MaxDensity 8.228E+03, gamma 5.614759E+02, time 1.499ms
[INFO   ] DREAMPlace - full step 4.431 ms
[INFO   ] DREAMPlace - optimizer step 2.449 ms
[INFO   ] DREAMPlace - iteration  167, ( 167,  0,  0), Obj 9.518234E+07, DensityWeight 3.916715E-09, wHPWL 2.175309E+08, Overflow 8.113829E-01, MaxDensity 8.320E+03, gamma 5.598932E+02, time 3.158ms
[INFO   ] DREAMPlace - full step 6.084 ms
[INFO   ] DREAMPlace - optimizer step 2.445 ms
[INFO   ] DREAMPlace - iteration  168, ( 168,  0,  0), Obj 9.500838E+07, DensityWeight 4.044033E-09, wHPWL 2.173687E+08, Overflow 8.105865E-01, MaxDensity 8.328E+03, gamma 5.577424E+02, time 1.515ms
[INFO   ] DREAMPlace - full step 4.441 ms
[INFO   ] DREAMPlace - optimizer step 2.510 ms
[INFO   ] DREAMPlace - iteration  169, ( 169,  0,  0), Obj 9.474225E+07, DensityWeight 4.175073E-09, wHPWL 2.170959E+08, Overflow 8.098845E-01, MaxDensity 8.376E+03, gamma 5.554742E+02, time 1.537ms
[INFO   ] DREAMPlace - full step 4.518 ms
[INFO   ] DREAMPlace - optimizer step 2.442 ms
[INFO   ] DREAMPlace - iteration  170, ( 170,  0,  0), Obj 9.456534E+07, DensityWeight 4.309928E-09, wHPWL 2.168953E+08, Overflow 8.092602E-01, MaxDensity 8.234E+03, gamma 5.534827E+02, time 1.518ms
[INFO   ] DREAMPlace - full step 4.432 ms
[INFO   ] DREAMPlace - optimizer step 2.504 ms
[INFO   ] DREAMPlace - iteration  171, ( 171,  0,  0), Obj 9.430516E+07, DensityWeight 4.448693E-09, wHPWL 2.166002E+08, Overflow 8.085455E-01, MaxDensity 8.261E+03, gamma 5.517174E+02, time 1.503ms
[INFO   ] DREAMPlace - full step 4.494 ms
[INFO   ] DREAMPlace - optimizer step 2.460 ms
[INFO   ] DREAMPlace - iteration  172, ( 172,  0,  0), Obj 9.665453E+07, DensityWeight 4.591468E-09, wHPWL 2.163802E+08, Overflow 8.079198E-01, MaxDensity 7.990E+03, gamma 5.497032E+02, time 1.541ms
[INFO   ] DREAMPlace - full step 4.482 ms
[INFO   ] DREAMPlace - optimizer step 2.472 ms
[INFO   ] DREAMPlace - iteration  173, ( 173,  0,  0), Obj 9.647525E+07, DensityWeight 4.738350E-09, wHPWL 2.162432E+08, Overflow 8.071187E-01, MaxDensity 7.811E+03, gamma 5.479461E+02, time 1.509ms
[INFO   ] DREAMPlace - full step 4.472 ms
[INFO   ] DREAMPlace - optimizer step 2.415 ms
[INFO   ] DREAMPlace - iteration  174, ( 174,  0,  0), Obj 9.620453E+07, DensityWeight 4.889443E-09, wHPWL 2.160192E+08, Overflow 8.064905E-01, MaxDensity 7.468E+03, gamma 5.457047E+02, time 1.727ms
[INFO   ] DREAMPlace - full step 4.618 ms
[INFO   ] DREAMPlace - optimizer step 2.424 ms
[INFO   ] DREAMPlace - iteration  175, ( 175,  0,  0), Obj 9.597182E+07, DensityWeight 5.044849E-09, wHPWL 2.158257E+08, Overflow 8.057504E-01, MaxDensity 7.342E+03, gamma 5.439534E+02, time 1.733ms
[INFO   ] DREAMPlace - full step 4.621 ms
[INFO   ] DREAMPlace - optimizer step 2.732 ms
[INFO   ] DREAMPlace - iteration  176, ( 176,  0,  0), Obj 9.578297E+07, DensityWeight 5.204674E-09, wHPWL 2.156659E+08, Overflow 8.050843E-01, MaxDensity 6.844E+03, gamma 5.418973E+02, time 4.197ms
[INFO   ] DREAMPlace - full step 7.430 ms
[INFO   ] DREAMPlace - optimizer step 2.786 ms
[INFO   ] DREAMPlace - iteration  177, ( 177,  0,  0), Obj 9.553078E+07, DensityWeight 5.369025E-09, wHPWL 2.154186E+08, Overflow 8.042750E-01, MaxDensity 6.680E+03, gamma 5.400535E+02, time 4.195ms
[INFO   ] DREAMPlace - full step 7.485 ms
[INFO   ] DREAMPlace - optimizer step 2.445 ms
[INFO   ] DREAMPlace - iteration  178, ( 178,  0,  0), Obj 9.533585E+07, DensityWeight 5.538012E-09, wHPWL 2.152032E+08, Overflow 8.033576E-01, MaxDensity 6.250E+03, gamma 5.378217E+02, time 1.488ms
[INFO   ] DREAMPlace - full step 4.427 ms
[INFO   ] DREAMPlace - optimizer step 2.418 ms
[INFO   ] DREAMPlace - iteration  179, ( 179,  0,  0), Obj 9.510367E+07, DensityWeight 5.711746E-09, wHPWL 2.149290E+08, Overflow 8.024826E-01, MaxDensity 6.351E+03, gamma 5.353030E+02, time 1.529ms
[INFO   ] DREAMPlace - full step 4.435 ms
[INFO   ] DREAMPlace - optimizer step 2.413 ms
[INFO   ] DREAMPlace - iteration  180, ( 180,  0,  0), Obj 9.491830E+07, DensityWeight 5.890342E-09, wHPWL 2.146863E+08, Overflow 8.017887E-01, MaxDensity 6.243E+03, gamma 5.329117E+02, time 1.472ms
[INFO   ] DREAMPlace - full step 4.351 ms
[INFO   ] DREAMPlace - optimizer step 18.317 ms
[INFO   ] DREAMPlace - iteration  181, ( 181,  0,  0), Obj 9.468854E+07, DensityWeight 6.073914E-09, wHPWL 2.143819E+08, Overflow 8.011169E-01, MaxDensity 6.262E+03, gamma 5.310229E+02, time 1.494ms
[INFO   ] DREAMPlace - full step 20.314 ms
[INFO   ] DREAMPlace - optimizer step 8.313 ms
[INFO   ] DREAMPlace - iteration  182, ( 182,  0,  0), Obj 9.669406E+07, DensityWeight 6.262582E-09, wHPWL 2.141062E+08, Overflow 8.003508E-01, MaxDensity 6.061E+03, gamma 5.292007E+02, time 10.443ms
[INFO   ] DREAMPlace - full step 19.324 ms
[INFO   ] DREAMPlace - optimizer step 4.703 ms
[INFO   ] DREAMPlace - iteration  183, ( 183,  0,  0), Obj 9.645421E+07, DensityWeight 6.456463E-09, wHPWL 2.138206E+08, Overflow 7.996334E-01, MaxDensity 6.129E+03, gamma 5.271302E+02, time 5.359ms
[INFO   ] DREAMPlace - full step 10.649 ms
[INFO   ] DREAMPlace - optimizer step 10.126 ms
[INFO   ] DREAMPlace - iteration  184, ( 184,  0,  0), Obj 9.621962E+07, DensityWeight 6.655682E-09, wHPWL 2.135557E+08, Overflow 7.989550E-01, MaxDensity 6.435E+03, gamma 5.251987E+02, time 1.545ms
[INFO   ] DREAMPlace - full step 12.221 ms
[INFO   ] DREAMPlace - optimizer step 2.486 ms
[INFO   ] DREAMPlace - iteration  185, ( 185,  0,  0), Obj 9.600550E+07, DensityWeight 6.860362E-09, wHPWL 2.133183E+08, Overflow 7.980581E-01, MaxDensity 6.433E+03, gamma 5.233789E+02, time 1.560ms
[INFO   ] DREAMPlace - full step 4.591 ms
[INFO   ] DREAMPlace - optimizer step 2.525 ms
[INFO   ] DREAMPlace - iteration  186, ( 186,  0,  0), Obj 9.575381E+07, DensityWeight 7.070629E-09, wHPWL 2.130407E+08, Overflow 7.973211E-01, MaxDensity 6.606E+03, gamma 5.209823E+02, time 1.498ms
[INFO   ] DREAMPlace - full step 4.541 ms
[INFO   ] DREAMPlace - optimizer step 2.435 ms
[INFO   ] DREAMPlace - iteration  187, ( 187,  0,  0), Obj 9.554658E+07, DensityWeight 7.286611E-09, wHPWL 2.127985E+08, Overflow 7.964970E-01, MaxDensity 6.572E+03, gamma 5.190214E+02, time 1.521ms
[INFO   ] DREAMPlace - full step 4.456 ms
[INFO   ] DREAMPlace - optimizer step 2.458 ms
[INFO   ] DREAMPlace - iteration  188, ( 188,  0,  0), Obj 9.532398E+07, DensityWeight 7.508440E-09, wHPWL 2.125353E+08, Overflow 7.954935E-01, MaxDensity 6.579E+03, gamma 5.168373E+02, time 1.512ms
[INFO   ] DREAMPlace - full step 4.460 ms
[INFO   ] DREAMPlace - optimizer step 2.410 ms
[INFO   ] DREAMPlace - iteration  189, ( 189,  0,  0), Obj 9.510797E+07, DensityWeight 7.736249E-09, wHPWL 2.122776E+08, Overflow 7.944770E-01, MaxDensity 6.512E+03, gamma 5.141904E+02, time 1.488ms
[INFO   ] DREAMPlace - full step 4.395 ms
[INFO   ] DREAMPlace - optimizer step 2.344 ms
[INFO   ] DREAMPlace - iteration  190, ( 190,  0,  0), Obj 9.487877E+07, DensityWeight 7.970172E-09, wHPWL 2.120037E+08, Overflow 7.934551E-01, MaxDensity 6.383E+03, gamma 5.115227E+02, time 1.477ms
[INFO   ] DREAMPlace - full step 4.292 ms
[INFO   ] DREAMPlace - optimizer step 2.419 ms
[INFO   ] DREAMPlace - iteration  191, ( 191,  0,  0), Obj 9.467197E+07, DensityWeight 8.210348E-09, wHPWL 2.117458E+08, Overflow 7.926648E-01, MaxDensity 6.208E+03, gamma 5.088550E+02, time 1.498ms
[INFO   ] DREAMPlace - full step 4.399 ms
[INFO   ] DREAMPlace - optimizer step 2.468 ms
[INFO   ] DREAMPlace - iteration  192, ( 192,  0,  0), Obj 9.709546E+07, DensityWeight 8.456915E-09, wHPWL 2.114769E+08, Overflow 7.917671E-01, MaxDensity 6.015E+03, gamma 5.068013E+02, time 1.491ms
[INFO   ] DREAMPlace - full step 4.433 ms
[INFO   ] DREAMPlace - optimizer step 2.492 ms
[INFO   ] DREAMPlace - iteration  193, ( 193,  0,  0), Obj 9.691476E+07, DensityWeight 8.710017E-09, wHPWL 2.113016E+08, Overflow 7.908478E-01, MaxDensity 5.694E+03, gamma 5.044790E+02, time 1.508ms
[INFO   ] DREAMPlace - full step 4.472 ms
[INFO   ] DREAMPlace - optimizer step 2.721 ms
[INFO   ] DREAMPlace - iteration  194, ( 194,  0,  0), Obj 9.664350E+07, DensityWeight 8.969796E-09, wHPWL 2.110364E+08, Overflow 7.899533E-01, MaxDensity 5.336E+03, gamma 5.021115E+02, time 1.625ms
[INFO   ] DREAMPlace - full step 4.961 ms
[INFO   ] DREAMPlace - optimizer step 2.455 ms
[INFO   ] DREAMPlace - iteration  195, ( 195,  0,  0), Obj 9.644974E+07, DensityWeight 9.236399E-09, wHPWL 2.108367E+08, Overflow 7.891187E-01, MaxDensity 5.039E+03, gamma 4.998184E+02, time 1.481ms
[INFO   ] DREAMPlace - full step 4.416 ms
[INFO   ] DREAMPlace - optimizer step 2.437 ms
[INFO   ] DREAMPlace - iteration  196, ( 196,  0,  0), Obj 9.621262E+07, DensityWeight 9.509975E-09, wHPWL 2.105769E+08, Overflow 7.882034E-01, MaxDensity 4.838E+03, gamma 4.976885E+02, time 1.486ms
[INFO   ] DREAMPlace - full step 4.393 ms
[INFO   ] DREAMPlace - optimizer step 4.138 ms
[INFO   ] DREAMPlace - iteration  197, ( 197,  0,  0), Obj 9.598573E+07, DensityWeight 9.790676E-09, wHPWL 2.103104E+08, Overflow 7.873449E-01, MaxDensity 4.860E+03, gamma 4.953631E+02, time 1.475ms
[INFO   ] DREAMPlace - full step 6.085 ms
[INFO   ] DREAMPlace - optimizer step 4.146 ms
[INFO   ] DREAMPlace - iteration  198, ( 198,  0,  0), Obj 9.575342E+07, DensityWeight 1.007865E-08, wHPWL 2.100242E+08, Overflow 7.866566E-01, MaxDensity 4.689E+03, gamma 4.931919E+02, time 1.517ms
[INFO   ] DREAMPlace - full step 6.177 ms
[INFO   ] DREAMPlace - optimizer step 2.400 ms
[INFO   ] DREAMPlace - iteration  199, ( 199,  0,  0), Obj 9.554607E+07, DensityWeight 1.037406E-08, wHPWL 2.097485E+08, Overflow 7.859734E-01, MaxDensity 4.760E+03, gamma 4.914578E+02, time 1.501ms
[INFO   ] DREAMPlace - full step 4.401 ms
[INFO   ] DREAMPlace - plotting to gammalocal_results/nneg/bigblue2/plot/iter0200.png takes 4.773 seconds
[INFO   ] DREAMPlace - optimizer step 4.888 ms
[INFO   ] DREAMPlace - iteration  200, ( 200,  0,  0), Obj 9.532668E+07, DensityWeight 1.067706E-08, wHPWL 2.094508E+08, Overflow 7.851905E-01, MaxDensity 4.968E+03, gamma 4.897428E+02, time 1.509ms
[INFO   ] DREAMPlace - full step 4781.224 ms
[INFO   ] DREAMPlace - gamma_local: mean(coef_net)/coef = 2.147 (norm=gamma, applied ratio 1.000)
[INFO   ] DREAMPlace - optimizer step 2.636 ms
[INFO   ] DREAMPlace - iteration  201, ( 201,  0,  0), Obj 9.510099E+07, DensityWeight 1.098782E-08, wHPWL 2.091427E+08, Overflow 7.844306E-01, MaxDensity 5.009E+03, gamma 4.877848E+02, time 1.595ms
[INFO   ] DREAMPlace - full step 4.787 ms
[INFO   ] DREAMPlace - optimizer step 16.772 ms
[INFO   ] DREAMPlace - iteration  202, ( 202,  0,  0), Obj 9.696365E+07, DensityWeight 1.130648E-08, wHPWL 2.088408E+08, Overflow 7.834617E-01, MaxDensity 5.061E+03, gamma 4.858918E+02, time 1.490ms
[INFO   ] DREAMPlace - full step 18.792 ms
[INFO   ] DREAMPlace - optimizer step 2.473 ms
[INFO   ] DREAMPlace - iteration  203, ( 203,  0,  0), Obj 9.681465E+07, DensityWeight 1.163437E-08, wHPWL 2.086724E+08, Overflow 7.824326E-01, MaxDensity 4.936E+03, gamma 4.834889E+02, time 1.509ms
[INFO   ] DREAMPlace - full step 4.497 ms
[INFO   ] DREAMPlace - optimizer step 2.615 ms
[INFO   ] DREAMPlace - iteration  204, ( 204,  0,  0), Obj 9.649576E+07, DensityWeight 1.197177E-08, wHPWL 2.083218E+08, Overflow 7.814994E-01, MaxDensity 4.866E+03, gamma 4.809497E+02, time 1.464ms
[INFO   ] DREAMPlace - full step 4.586 ms
[INFO   ] DREAMPlace - optimizer step 2.550 ms
[INFO   ] DREAMPlace - iteration  205, ( 205,  0,  0), Obj 9.631990E+07, DensityWeight 1.231895E-08, wHPWL 2.081056E+08, Overflow 7.805729E-01, MaxDensity 4.692E+03, gamma 4.786586E+02, time 1.469ms
[INFO   ] DREAMPlace - full step 4.532 ms
[INFO   ] DREAMPlace - optimizer step 2.579 ms
[INFO   ] DREAMPlace - iteration  206, ( 206,  0,  0), Obj 9.605139E+07, DensityWeight 1.267620E-08, wHPWL 2.077887E+08, Overflow 7.796146E-01, MaxDensity 4.478E+03, gamma 4.763947E+02, time 1.464ms
[INFO   ] DREAMPlace - full step 4.535 ms
[INFO   ] DREAMPlace - optimizer step 2.502 ms
[INFO   ] DREAMPlace - iteration  207, ( 207,  0,  0), Obj 9.583331E+07, DensityWeight 1.304381E-08, wHPWL 2.075134E+08, Overflow 7.787262E-01, MaxDensity 4.258E+03, gamma 4.740645E+02, time 1.470ms
[INFO   ] DREAMPlace - full step 4.489 ms
[INFO   ] DREAMPlace - optimizer step 4.041 ms
[INFO   ] DREAMPlace - iteration  208, ( 208,  0,  0), Obj 9.559178E+07, DensityWeight 1.342208E-08, wHPWL 2.071980E+08, Overflow 7.778685E-01, MaxDensity 3.969E+03, gamma 4.719144E+02, time 1.489ms
[INFO   ] DREAMPlace - full step 6.063 ms
[INFO   ] DREAMPlace - optimizer step 2.526 ms
[INFO   ] DREAMPlace - iteration  209, ( 209,  0,  0), Obj 9.536689E+07, DensityWeight 1.381132E-08, wHPWL 2.068936E+08, Overflow 7.769672E-01, MaxDensity 3.751E+03, gamma 4.698478E+02, time 1.586ms
[INFO   ] DREAMPlace - full step 4.620 ms
[INFO   ] DREAMPlace - optimizer step 2.460 ms
[INFO   ] DREAMPlace - iteration  210, ( 210,  0,  0), Obj 9.515603E+07, DensityWeight 1.421185E-08, wHPWL 2.065926E+08, Overflow 7.759317E-01, MaxDensity 3.633E+03, gamma 4.676859E+02, time 1.491ms
[INFO   ] DREAMPlace - full step 4.457 ms
[INFO   ] DREAMPlace - optimizer step 2.478 ms
[INFO   ] DREAMPlace - iteration  211, ( 211,  0,  0), Obj 9.488666E+07, DensityWeight 1.462400E-08, wHPWL 2.062328E+08, Overflow 7.747755E-01, MaxDensity 3.673E+03, gamma 4.652144E+02, time 1.497ms
[INFO   ] DREAMPlace - full step 4.480 ms
[INFO   ] DREAMPlace - optimizer step 2.449 ms
[INFO   ] DREAMPlace - iteration  212, ( 212,  0,  0), Obj 9.702996E+07, DensityWeight 1.504809E-08, wHPWL 2.059744E+08, Overflow 7.737707E-01, MaxDensity 3.815E+03, gamma 4.624703E+02, time 1.502ms
[INFO   ] DREAMPlace - full step 4.433 ms
[INFO   ] DREAMPlace - optimizer step 2.472 ms
[INFO   ] DREAMPlace - iteration  213, ( 213,  0,  0), Obj 9.682155E+07, DensityWeight 1.548449E-08, wHPWL 2.057433E+08, Overflow 7.726910E-01, MaxDensity 3.844E+03, gamma 4.600987E+02, time 1.504ms
[INFO   ] DREAMPlace - full step 4.480 ms
[INFO   ] DREAMPlace - optimizer step 2.468 ms
[INFO   ] DREAMPlace - iteration  214, ( 214,  0,  0), Obj 9.656908E+07, DensityWeight 1.593354E-08, wHPWL 2.054383E+08, Overflow 7.716368E-01, MaxDensity 3.840E+03, gamma 4.575638E+02, time 1.482ms
[INFO   ] DREAMPlace - full step 4.431 ms
[INFO   ] DREAMPlace - optimizer step 2.350 ms
[INFO   ] DREAMPlace - iteration  215, ( 215,  0,  0), Obj 9.630346E+07, DensityWeight 1.639561E-08, wHPWL 2.051181E+08, Overflow 7.705013E-01, MaxDensity 3.760E+03, gamma 4.551024E+02, time 1.494ms
[INFO   ] DREAMPlace - full step 4.325 ms
[INFO   ] DREAMPlace - optimizer step 2.348 ms
[INFO   ] DREAMPlace - iteration  216, ( 216,  0,  0), Obj 9.605014E+07, DensityWeight 1.687109E-08, wHPWL 2.047909E+08, Overflow 7.695792E-01, MaxDensity 3.656E+03, gamma 4.524657E+02, time 1.524ms
[INFO   ] DREAMPlace - full step 4.471 ms
[INFO   ] DREAMPlace - optimizer step 2.289 ms
[INFO   ] DREAMPlace - iteration  217, ( 217,  0,  0), Obj 9.580642E+07, DensityWeight 1.736035E-08, wHPWL 2.044584E+08, Overflow 7.684548E-01, MaxDensity 3.545E+03, gamma 4.503359E+02, time 1.449ms
[INFO   ] DREAMPlace - full step 4.225 ms
[INFO   ] DREAMPlace - optimizer step 2.261 ms
[INFO   ] DREAMPlace - iteration  218, ( 218,  0,  0), Obj 9.555133E+07, DensityWeight 1.786380E-08, wHPWL 2.041005E+08, Overflow 7.674710E-01, MaxDensity 3.336E+03, gamma 4.477523E+02, time 1.434ms
[INFO   ] DREAMPlace - full step 4.156 ms
[INFO   ] DREAMPlace - optimizer step 2.303 ms
[INFO   ] DREAMPlace - iteration  219, ( 219,  0,  0), Obj 9.533085E+07, DensityWeight 1.838185E-08, wHPWL 2.037731E+08, Overflow 7.666420E-01, MaxDensity 3.152E+03, gamma 4.455039E+02, time 1.435ms
[INFO   ] DREAMPlace - full step 4.201 ms
[INFO   ] DREAMPlace - optimizer step 2.270 ms
[INFO   ] DREAMPlace - iteration  220, ( 220,  0,  0), Obj 9.507434E+07, DensityWeight 1.891493E-08, wHPWL 2.034022E+08, Overflow 7.655928E-01, MaxDensity 2.920E+03, gamma 4.436183E+02, time 1.425ms
[INFO   ] DREAMPlace - full step 4.171 ms
[INFO   ] DREAMPlace - optimizer step 2.290 ms
[INFO   ] DREAMPlace - iteration  221, ( 221,  0,  0), Obj 9.487468E+07, DensityWeight 1.946346E-08, wHPWL 2.030872E+08, Overflow 7.644794E-01, MaxDensity 2.884E+03, gamma 4.412430E+02, time 1.452ms
[INFO   ] DREAMPlace - full step 4.200 ms
[INFO   ] DREAMPlace - optimizer step 2.292 ms
[INFO   ] DREAMPlace - iteration  222, ( 222,  0,  0), Obj 9.803604E+07, DensityWeight 2.002790E-08, wHPWL 2.026637E+08, Overflow 7.633530E-01, MaxDensity 2.985E+03, gamma 4.387363E+02, time 1.441ms
[INFO   ] DREAMPlace - full step 4.186 ms
[INFO   ] DREAMPlace - optimizer step 2.308 ms
[INFO   ] DREAMPlace - iteration  223, ( 223,  0,  0), Obj 9.809572E+07, DensityWeight 2.060871E-08, wHPWL 2.027140E+08, Overflow 7.621233E-01, MaxDensity 3.019E+03, gamma 4.362151E+02, time 1.443ms
[INFO   ] DREAMPlace - full step 4.212 ms
[INFO   ] DREAMPlace - optimizer step 2.271 ms
[INFO   ] DREAMPlace - iteration  224, ( 224,  0,  0), Obj 9.759822E+07, DensityWeight 2.148789E-08, wHPWL 2.021435E+08, Overflow 7.609978E-01, MaxDensity 3.049E+03, gamma 4.334788E+02, time 1.437ms
[INFO   ] DREAMPlace - full step 4.212 ms
[INFO   ] DREAMPlace - optimizer step 2.281 ms
[INFO   ] DREAMPlace - iteration  225, ( 225,  0,  0), Obj 9.751692E+07, DensityWeight 2.211103E-08, wHPWL 2.019481E+08, Overflow 7.601889E-01, MaxDensity 2.896E+03, gamma 4.309897E+02, time 1.447ms
[INFO   ] DREAMPlace - full step 4.180 ms
[INFO   ] DREAMPlace - optimizer step 2.300 ms
[INFO   ] DREAMPlace - iteration  226, ( 226,  0,  0), Obj 9.711715E+07, DensityWeight 2.275226E-08, wHPWL 2.013909E+08, Overflow 7.593765E-01, MaxDensity 2.858E+03, gamma 4.292094E+02, time 1.425ms
[INFO   ] DREAMPlace - full step 4.185 ms
[INFO   ] DREAMPlace - optimizer step 2.470 ms
[INFO   ] DREAMPlace - iteration  227, ( 227,  0,  0), Obj 9.691016E+07, DensityWeight 2.341207E-08, wHPWL 2.010005E+08, Overflow 7.585500E-01, MaxDensity 2.678E+03, gamma 4.274290E+02, time 1.446ms
[INFO   ] DREAMPlace - full step 4.390 ms
[INFO   ] DREAMPlace - optimizer step 2.320 ms
[INFO   ] DREAMPlace - iteration  228, ( 228,  0,  0), Obj 9.662388E+07, DensityWeight 2.409102E-08, wHPWL 2.004988E+08, Overflow 7.576645E-01, MaxDensity 2.590E+03, gamma 4.256250E+02, time 1.430ms
[INFO   ] DREAMPlace - full step 4.208 ms
[INFO   ] DREAMPlace - optimizer step 2.309 ms
[INFO   ] DREAMPlace - iteration  229, ( 229,  0,  0), Obj 9.640733E+07, DensityWeight 2.478967E-08, wHPWL 2.000603E+08, Overflow 7.569687E-01, MaxDensity 2.400E+03, gamma 4.237010E+02, time 1.430ms
[INFO   ] DREAMPlace - full step 4.196 ms
[INFO   ] DREAMPlace - optimizer step 2.308 ms
[INFO   ] DREAMPlace - iteration  230, ( 230,  0,  0), Obj 9.610054E+07, DensityWeight 2.550857E-08, wHPWL 1.995348E+08, Overflow 7.561690E-01, MaxDensity 2.388E+03, gamma 4.221950E+02, time 1.410ms
[INFO   ] DREAMPlace - full step 4.190 ms
[INFO   ] DREAMPlace - optimizer step 2.354 ms
[INFO   ] DREAMPlace - iteration  231, ( 231,  0,  0), Obj 9.584398E+07, DensityWeight 2.624832E-08, wHPWL 1.990700E+08, Overflow 7.554002E-01, MaxDensity 2.439E+03, gamma 4.204710E+02, time 1.432ms
[INFO   ] DREAMPlace - full step 4.268 ms
[INFO   ] DREAMPlace - optimizer step 2.338 ms
[INFO   ] DREAMPlace - iteration  232, ( 232,  0,  0), Obj 9.941205E+07, DensityWeight 2.700952E-08, wHPWL 1.986375E+08, Overflow 7.544517E-01, MaxDensity 2.468E+03, gamma 4.188203E+02, time 1.417ms
[INFO   ] DREAMPlace - full step 4.220 ms
[INFO   ] DREAMPlace - optimizer step 2.526 ms
[INFO   ] DREAMPlace - iteration  233, ( 233,  0,  0), Obj 9.944946E+07, DensityWeight 2.779280E-08, wHPWL 1.986888E+08, Overflow 7.537659E-01, MaxDensity 2.301E+03, gamma 4.167924E+02, time 1.431ms
[INFO   ] DREAMPlace - full step 4.425 ms
[INFO   ] DREAMPlace - optimizer step 2.326 ms
[INFO   ] DREAMPlace - iteration  234, ( 234,  0,  0), Obj 9.892268E+07, DensityWeight 2.897476E-08, wHPWL 1.980660E+08, Overflow 7.530171E-01, MaxDensity 2.275E+03, gamma 4.153325E+02, time 1.415ms
[INFO   ] DREAMPlace - full step 4.209 ms
[INFO   ] DREAMPlace - optimizer step 2.342 ms
[INFO   ] DREAMPlace - iteration  235, ( 235,  0,  0), Obj 9.884116E+07, DensityWeight 2.981503E-08, wHPWL 1.978093E+08, Overflow 7.521339E-01, MaxDensity 2.134E+03, gamma 4.137441E+02, time 1.428ms
[INFO   ] DREAMPlace - full step 4.232 ms
[INFO   ] DREAMPlace - optimizer step 2.753 ms
[INFO   ] DREAMPlace - iteration  236, ( 236,  0,  0), Obj 9.840148E+07, DensityWeight 3.067967E-08, wHPWL 1.971135E+08, Overflow 7.513837E-01, MaxDensity 2.038E+03, gamma 4.118786E+02, time 1.432ms
[INFO   ] DREAMPlace - full step 4.653 ms
[INFO   ] DREAMPlace - optimizer step 2.472 ms
[INFO   ] DREAMPlace - iteration  237, ( 237,  0,  0), Obj 9.822482E+07, DensityWeight 3.156939E-08, wHPWL 1.966343E+08, Overflow 7.506565E-01, MaxDensity 1.947E+03, gamma 4.103006E+02, time 1.434ms
[INFO   ] DREAMPlace - full step 4.374 ms
[INFO   ] DREAMPlace - optimizer step 2.306 ms
[INFO   ] DREAMPlace - iteration  238, ( 238,  0,  0), Obj 9.785102E+07, DensityWeight 3.248490E-08, wHPWL 1.959169E+08, Overflow 7.500745E-01, MaxDensity 2.005E+03, gamma 4.087768E+02, time 3.862ms
[INFO   ] DREAMPlace - full step 6.625 ms
[INFO   ] DREAMPlace - optimizer step 2.317 ms
[INFO   ] DREAMPlace - iteration  239, ( 239,  0,  0), Obj 9.763153E+07, DensityWeight 3.342696E-08, wHPWL 1.953702E+08, Overflow 7.493185E-01, MaxDensity 1.978E+03, gamma 4.075611E+02, time 1.433ms
[INFO   ] DREAMPlace - full step 4.225 ms
[INFO   ] DREAMPlace - plotting to gammalocal_results/nneg/bigblue2/plot/iter0240.png takes 4.762 seconds
[INFO   ] DREAMPlace - optimizer step 6.980 ms
[INFO   ] DREAMPlace - iteration  240, ( 240,  0,  0), Obj 9.729514E+07, DensityWeight 3.439634E-08, wHPWL 1.947206E+08, Overflow 7.485986E-01, MaxDensity 1.951E+03, gamma 4.059876E+02, time 1.421ms
[INFO   ] DREAMPlace - full step 4772.000 ms
[INFO   ] DREAMPlace - optimizer step 2.626 ms
[INFO   ] DREAMPlace - iteration  241, ( 241,  0,  0), Obj 9.703502E+07, DensityWeight 3.539384E-08, wHPWL 1.942032E+08, Overflow 7.481481E-01, MaxDensity 1.893E+03, gamma 4.044948E+02, time 1.557ms
[INFO   ] DREAMPlace - full step 4.783 ms
[INFO   ] DREAMPlace - optimizer step 4.181 ms
[INFO   ] DREAMPlace - iteration  242, ( 242,  0,  0), Obj 9.687575E+07, DensityWeight 3.642026E-08, wHPWL 1.936562E+08, Overflow 7.474678E-01, MaxDensity 1.776E+03, gamma 4.035635E+02, time 1.445ms
[INFO   ] DREAMPlace - full step 6.158 ms
[INFO   ] DREAMPlace - optimizer step 2.392 ms
[INFO   ] DREAMPlace - iteration  243, ( 243,  0,  0), Obj 9.679130E+07, DensityWeight 3.747645E-08, wHPWL 1.933658E+08, Overflow 7.468088E-01, MaxDensity 1.671E+03, gamma 4.021610E+02, time 1.497ms
[INFO   ] DREAMPlace - full step 4.397 ms
[INFO   ] DREAMPlace - optimizer step 2.429 ms
[INFO   ] DREAMPlace - iteration  244, ( 244,  0,  0), Obj 9.633400E+07, DensityWeight 3.856327E-08, wHPWL 1.926637E+08, Overflow 7.459629E-01, MaxDensity 1.659E+03, gamma 4.008074E+02, time 1.432ms
[INFO   ] DREAMPlace - full step 4.373 ms
[INFO   ] DREAMPlace - optimizer step 2.432 ms
[INFO   ] DREAMPlace - iteration  245, ( 245,  0,  0), Obj 9.622004E+07, DensityWeight 3.968161E-08, wHPWL 1.922879E+08, Overflow 7.448471E-01, MaxDensity 1.641E+03, gamma 3.990761E+02, time 1.478ms
[INFO   ] DREAMPlace - full step 4.399 ms
[INFO   ] DREAMPlace - optimizer step 2.438 ms
[INFO   ] DREAMPlace - iteration  246, ( 246,  0,  0), Obj 9.575149E+07, DensityWeight 4.083237E-08, wHPWL 1.915537E+08, Overflow 7.438259E-01, MaxDensity 1.647E+03, gamma 3.968041E+02, time 1.450ms
[INFO   ] DREAMPlace - full step 4.392 ms
[INFO   ] DREAMPlace - optimizer step 2.889 ms
[INFO   ] DREAMPlace - iteration  247, ( 247,  0,  0), Obj 9.563312E+07, DensityWeight 4.201651E-08, wHPWL 1.911910E+08, Overflow 7.426179E-01, MaxDensity 1.566E+03, gamma 3.947361E+02, time 3.191ms
[INFO   ] DREAMPlace - full step 6.606 ms
[INFO   ] DREAMPlace - optimizer step 2.417 ms
[INFO   ] DREAMPlace - iteration  248, ( 248,  0,  0), Obj 9.516041E+07, DensityWeight 4.323499E-08, wHPWL 1.904945E+08, Overflow 7.414381E-01, MaxDensity 1.517E+03, gamma 3.923039E+02, time 1.713ms
[INFO   ] DREAMPlace - full step 4.656 ms
[INFO   ] DREAMPlace - optimizer step 2.465 ms
[INFO   ] DREAMPlace - iteration  249, ( 249,  0,  0), Obj 9.505290E+07, DensityWeight 4.448881E-08, wHPWL 1.901863E+08, Overflow 7.404087E-01, MaxDensity 1.444E+03, gamma 3.899426E+02, time 1.855ms
[INFO   ] DREAMPlace - full step 4.817 ms
[INFO   ] DREAMPlace - optimizer step 2.472 ms
[INFO   ] DREAMPlace - iteration  250, ( 250,  0,  0), Obj 9.461007E+07, DensityWeight 4.577899E-08, wHPWL 1.895460E+08, Overflow 7.392925E-01, MaxDensity 1.398E+03, gamma 3.878940E+02, time 1.658ms
[INFO   ] DREAMPlace - full step 4.630 ms
[INFO   ] DREAMPlace - optimizer step 4.599 ms
[INFO   ] DREAMPlace - iteration  251, ( 251,  0,  0), Obj 9.446098E+07, DensityWeight 4.710658E-08, wHPWL 1.892049E+08, Overflow 7.381424E-01, MaxDensity 1.396E+03, gamma 3.856851E+02, time 2.402ms
[INFO   ] DREAMPlace - full step 7.535 ms
[INFO   ] DREAMPlace - optimizer step 22.045 ms
[INFO   ] DREAMPlace - iteration  252, ( 252,  0,  0), Obj 9.519500E+07, DensityWeight 4.847267E-08, wHPWL 1.886292E+08, Overflow 7.371690E-01, MaxDensity 1.376E+03, gamma 3.834220E+02, time 10.688ms
[INFO   ] DREAMPlace - full step 33.262 ms
[INFO   ] DREAMPlace - optimizer step 5.895 ms
[INFO   ] DREAMPlace - iteration  253, ( 253,  0,  0), Obj 9.662599E+07, DensityWeight 4.987838E-08, wHPWL 1.900003E+08, Overflow 7.364496E-01, MaxDensity 1.345E+03, gamma 3.815169E+02, time 12.924ms
[INFO   ] DREAMPlace - full step 19.354 ms
[INFO   ] DREAMPlace - optimizer step 2.658 ms
[INFO   ] DREAMPlace - iteration  254, ( 254,  0,  0), Obj 9.649104E+07, DensityWeight 4.975368E-08, wHPWL 1.897359E+08, Overflow 7.354202E-01, MaxDensity 1.303E+03, gamma 3.801152E+02, time 1.444ms
[INFO   ] DREAMPlace - full step 4.593 ms
[INFO   ] DREAMPlace - optimizer step 2.525 ms
[INFO   ] DREAMPlace - iteration  255, ( 255,  0,  0), Obj 9.661914E+07, DensityWeight 5.119654E-08, wHPWL 1.897211E+08, Overflow 7.343510E-01, MaxDensity 1.310E+03, gamma 3.781182E+02, time 3.532ms
[INFO   ] DREAMPlace - full step 6.576 ms
[INFO   ] DREAMPlace - optimizer step 2.451 ms
[INFO   ] DREAMPlace - iteration  256, ( 256,  0,  0), Obj 9.546923E+07, DensityWeight 5.268124E-08, wHPWL 1.884548E+08, Overflow 7.332951E-01, MaxDensity 1.322E+03, gamma 3.760552E+02, time 1.425ms
[INFO   ] DREAMPlace - full step 4.368 ms
[INFO   ] DREAMPlace - optimizer step 2.426 ms
[INFO   ] DREAMPlace - iteration  257, ( 257,  0,  0), Obj 9.550154E+07, DensityWeight 5.420900E-08, wHPWL 1.883270E+08, Overflow 7.325261E-01, MaxDensity 1.326E+03, gamma 3.740291E+02, time 1.463ms
[INFO   ] DREAMPlace - full step 4.379 ms
[INFO   ] DREAMPlace - optimizer step 2.601 ms
[INFO   ] DREAMPlace - iteration  258, ( 258,  0,  0), Obj 9.463926E+07, DensityWeight 5.578107E-08, wHPWL 1.873277E+08, Overflow 7.317329E-01, MaxDensity 1.289E+03, gamma 3.725601E+02, time 1.434ms
[INFO   ] DREAMPlace - full step 4.535 ms
[INFO   ] DREAMPlace - optimizer step 2.429 ms
[INFO   ] DREAMPlace - iteration  259, ( 259,  0,  0), Obj 9.447426E+07, DensityWeight 5.739872E-08, wHPWL 1.869943E+08, Overflow 7.312914E-01, MaxDensity 1.275E+03, gamma 3.710511E+02, time 1.461ms
[INFO   ] DREAMPlace - full step 4.416 ms
[INFO   ] DREAMPlace - optimizer step 2.486 ms
[INFO   ] DREAMPlace - iteration  260, ( 260,  0,  0), Obj 9.384858E+07, DensityWeight 5.906329E-08, wHPWL 1.862117E+08, Overflow 7.303149E-01, MaxDensity 1.261E+03, gamma 3.702138E+02, time 1.438ms
[INFO   ] DREAMPlace - full step 4.416 ms
[INFO   ] DREAMPlace - optimizer step 2.381 ms
[INFO   ] DREAMPlace - iteration  261, ( 261,  0,  0), Obj 9.361782E+07, DensityWeight 6.077613E-08, wHPWL 1.858023E+08, Overflow 7.295804E-01, MaxDensity 1.246E+03, gamma 3.683685E+02, time 1.485ms
[INFO   ] DREAMPlace - full step 4.380 ms
[INFO   ] DREAMPlace - optimizer step 2.490 ms
[INFO   ] DREAMPlace - iteration  262, ( 262,  0,  0), Obj 9.480990E+07, DensityWeight 6.253864E-08, wHPWL 1.851225E+08, Overflow 7.288393E-01, MaxDensity 1.268E+03, gamma 3.669867E+02, time 1.432ms
[INFO   ] DREAMPlace - full step 4.416 ms
[INFO   ] DREAMPlace - optimizer step 2.473 ms
[INFO   ] DREAMPlace - iteration  263, ( 263,  0,  0), Obj 9.491430E+07, DensityWeight 6.435226E-08, wHPWL 1.851484E+08, Overflow 7.280747E-01, MaxDensity 1.187E+03, gamma 3.655976E+02, time 1.491ms
[INFO   ] DREAMPlace - full step 4.467 ms
[INFO   ] DREAMPlace - optimizer step 2.472 ms
[INFO   ] DREAMPlace - iteration  264, ( 264,  0,  0), Obj 9.467990E+07, DensityWeight 6.732706E-08, wHPWL 1.848119E+08, Overflow 7.270506E-01, MaxDensity 1.182E+03, gamma 3.641701E+02, time 1.448ms
[INFO   ] DREAMPlace - full step 4.407 ms
[INFO   ] DREAMPlace - optimizer step 2.486 ms
[INFO   ] DREAMPlace - iteration  265, ( 265,  0,  0), Obj 9.557163E+07, DensityWeight 6.927955E-08, wHPWL 1.854680E+08, Overflow 7.260860E-01, MaxDensity 1.158E+03, gamma 3.622668E+02, time 1.495ms
[INFO   ] DREAMPlace - full step 4.496 ms
[INFO   ] DREAMPlace - optimizer step 2.440 ms
[INFO   ] DREAMPlace - iteration  266, ( 266,  0,  0), Obj 9.463226E+07, DensityWeight 6.910635E-08, wHPWL 1.842878E+08, Overflow 7.247947E-01, MaxDensity 1.171E+03, gamma 3.604831E+02, time 1.476ms
[INFO   ] DREAMPlace - full step 4.438 ms
[INFO   ] DREAMPlace - optimizer step 2.407 ms
[INFO   ] DREAMPlace - iteration  267, ( 267,  0,  0), Obj 9.452949E+07, DensityWeight 7.111043E-08, wHPWL 1.838990E+08, Overflow 7.239439E-01, MaxDensity 1.134E+03, gamma 3.581093E+02, time 1.502ms
[INFO   ] DREAMPlace - full step 4.417 ms
[INFO   ] DREAMPlace - optimizer step 2.455 ms
[INFO   ] DREAMPlace - iteration  268, ( 268,  0,  0), Obj 9.390782E+07, DensityWeight 7.317264E-08, wHPWL 1.829845E+08, Overflow 7.230173E-01, MaxDensity 1.156E+03, gamma 3.565535E+02, time 1.470ms
[INFO   ] DREAMPlace - full step 4.412 ms
[INFO   ] DREAMPlace - optimizer step 3.122 ms
[INFO   ] DREAMPlace - iteration  269, ( 269,  0,  0), Obj 9.373838E+07, DensityWeight 7.529465E-08, wHPWL 1.825508E+08, Overflow 7.219234E-01, MaxDensity 1.144E+03, gamma 3.548671E+02, time 2.023ms
[INFO   ] DREAMPlace - full step 5.670 ms
[INFO   ] DREAMPlace - optimizer step 2.540 ms
[INFO   ] DREAMPlace - iteration  270, ( 270,  0,  0), Obj 9.310165E+07, DensityWeight 7.747820E-08, wHPWL 1.816684E+08, Overflow 7.212299E-01, MaxDensity 1.112E+03, gamma 3.528864E+02, time 1.502ms
[INFO   ] DREAMPlace - full step 4.546 ms
[INFO   ] DREAMPlace - optimizer step 2.456 ms
[INFO   ] DREAMPlace - iteration  271, ( 271,  0,  0), Obj 9.291378E+07, DensityWeight 7.972507E-08, wHPWL 1.812301E+08, Overflow 7.209228E-01, MaxDensity 1.099E+03, gamma 3.516362E+02, time 1.494ms
[INFO   ] DREAMPlace - full step 4.460 ms
[INFO   ] DREAMPlace - optimizer step 4.862 ms
[INFO   ] DREAMPlace - iteration  272, ( 272,  0,  0), Obj 9.277330E+07, DensityWeight 8.203710E-08, wHPWL 1.805319E+08, Overflow 7.203616E-01, MaxDensity 1.107E+03, gamma 3.510841E+02, time 1.488ms
[INFO   ] DREAMPlace - full step 6.876 ms
[INFO   ] DREAMPlace - optimizer step 2.715 ms
[INFO   ] DREAMPlace - iteration  273, ( 273,  0,  0), Obj 9.168967E+07, DensityWeight 8.441618E-08, wHPWL 1.789082E+08, Overflow 7.203054E-01, MaxDensity 1.057E+03, gamma 3.500775E+02, time 2.236ms
[INFO   ] DREAMPlace - full step 5.461 ms
[INFO   ] DREAMPlace - optimizer step 2.653 ms
[INFO   ] DREAMPlace - iteration  274, ( 274,  0,  0), Obj 9.152639E+07, DensityWeight 8.686425E-08, wHPWL 1.784628E+08, Overflow 7.200516E-01, MaxDensity 1.003E+03, gamma 3.499769E+02, time 2.174ms
[INFO   ] DREAMPlace - full step 5.306 ms
[INFO   ] DREAMPlace - optimizer step 7.560 ms
[INFO   ] DREAMPlace - iteration  275, ( 275,  0,  0), Obj 9.151877E+07, DensityWeight 8.938332E-08, wHPWL 1.782166E+08, Overflow 7.194623E-01, MaxDensity 9.957E+02, gamma 3.495225E+02, time 1.497ms
[INFO   ] DREAMPlace - full step 9.580 ms
[INFO   ] DREAMPlace - optimizer step 2.513 ms
[INFO   ] DREAMPlace - iteration  276, ( 276,  0,  0), Obj 9.101533E+07, DensityWeight 9.197544E-08, wHPWL 1.774339E+08, Overflow 7.191783E-01, MaxDensity 1.030E+03, gamma 3.484701E+02, time 1.725ms
[INFO   ] DREAMPlace - full step 4.729 ms
[INFO   ] DREAMPlace - optimizer step 2.479 ms
[INFO   ] DREAMPlace - iteration  277, ( 277,  0,  0), Obj 9.068365E+07, DensityWeight 9.464273E-08, wHPWL 1.767828E+08, Overflow 7.190131E-01, MaxDensity 1.056E+03, gamma 3.479641E+02, time 1.503ms
[INFO   ] DREAMPlace - full step 4.492 ms
[INFO   ] DREAMPlace - optimizer step 2.431 ms
[INFO   ] DREAMPlace - iteration  278, ( 278,  0,  0), Obj 9.023165E+07, DensityWeight 9.738737E-08, wHPWL 1.760283E+08, Overflow 7.190245E-01, MaxDensity 9.969E+02, gamma 3.476701E+02, time 1.512ms
[INFO   ] DREAMPlace - full step 4.427 ms
[INFO   ] DREAMPlace - optimizer step 2.527 ms
[INFO   ] DREAMPlace - iteration  279, ( 279,  0,  0), Obj 8.988019E+07, DensityWeight 1.002116E-07, wHPWL 1.753681E+08, Overflow 7.190443E-01, MaxDensity 9.947E+02, gamma 3.476905E+02, time 1.451ms
[INFO   ] DREAMPlace - full step 4.463 ms
[INFO   ] DREAMPlace - plotting to gammalocal_results/nneg/bigblue2/plot/iter0280.png takes 4.750 seconds
[INFO   ] DREAMPlace - optimizer step 4.791 ms
[INFO   ] DREAMPlace - iteration  280, ( 280,  0,  0), Obj 8.949933E+07, DensityWeight 1.031177E-07, wHPWL 1.746857E+08, Overflow 7.191702E-01, MaxDensity 1.045E+03, gamma 3.477256E+02, time 1.454ms
[INFO   ] DREAMPlace - full step 4758.545 ms
[INFO   ] DREAMPlace - optimizer step 2.348 ms
[INFO   ] DREAMPlace - iteration  281, ( 281,  0,  0), Obj 8.913463E+07, DensityWeight 1.061082E-07, wHPWL 1.740140E+08, Overflow 7.190941E-01, MaxDensity 1.014E+03, gamma 3.479498E+02, time 1.526ms
[INFO   ] DREAMPlace - full step 4.552 ms
[INFO   ] DREAMPlace - optimizer step 2.264 ms
[INFO   ] DREAMPlace - iteration  282, ( 282,  0,  0), Obj 8.805350E+07, DensityWeight 1.091853E-07, wHPWL 1.733885E+08, Overflow 7.192742E-01, MaxDensity 9.416E+02, gamma 3.478142E+02, time 1.455ms
[INFO   ] DREAMPlace - full step 4.177 ms
[INFO   ] DREAMPlace - optimizer step 2.311 ms
[INFO   ] DREAMPlace - iteration  283, ( 283,  0,  0), Obj 8.872673E+07, DensityWeight 1.123517E-07, wHPWL 1.734605E+08, Overflow 7.195935E-01, MaxDensity 8.341E+02, gamma 3.481350E+02, time 2.673ms
[INFO   ] DREAMPlace - full step 5.433 ms
[INFO   ] DREAMPlace - optimizer step 2.278 ms
[INFO   ] DREAMPlace - iteration  284, ( 284,  0,  0), Obj 8.788926E+07, DensityWeight 1.167904E-07, wHPWL 1.720511E+08, Overflow 7.199026E-01, MaxDensity 8.796E+02, gamma 3.487042E+02, time 1.399ms
[INFO   ] DREAMPlace - full step 4.141 ms
[INFO   ] DREAMPlace - optimizer step 2.303 ms
[INFO   ] DREAMPlace - iteration  285, ( 285,  0,  0), Obj 8.818828E+07, DensityWeight 1.201773E-07, wHPWL 1.712739E+08, Overflow 7.199297E-01, MaxDensity 7.992E+02, gamma 3.492562E+02, time 2.083ms
[INFO   ] DREAMPlace - full step 4.831 ms
[INFO   ] DREAMPlace - optimizer step 2.275 ms
[INFO   ] DREAMPlace - iteration  286, ( 286,  0,  0), Obj 8.728941E+07, DensityWeight 1.236624E-07, wHPWL 1.692411E+08, Overflow 7.202953E-01, MaxDensity 8.228E+02, gamma 3.493046E+02, time 1.394ms
[INFO   ] DREAMPlace - full step 4.130 ms
[INFO   ] DREAMPlace - optimizer step 2.250 ms
[INFO   ] DREAMPlace - iteration  287, ( 287,  0,  0), Obj 8.739603E+07, DensityWeight 1.272487E-07, wHPWL 1.685864E+08, Overflow 7.203372E-01, MaxDensity 8.212E+02, gamma 3.499586E+02, time 1.434ms
[INFO   ] DREAMPlace - full step 4.136 ms
[INFO   ] DREAMPlace - optimizer step 2.265 ms
[INFO   ] DREAMPlace - iteration  288, ( 288,  0,  0), Obj 8.675230E+07, DensityWeight 1.309389E-07, wHPWL 1.677670E+08, Overflow 7.205877E-01, MaxDensity 7.936E+02, gamma 3.500336E+02, time 1.714ms
[INFO   ] DREAMPlace - full step 4.426 ms
[INFO   ] DREAMPlace - optimizer step 2.246 ms
[INFO   ] DREAMPlace - iteration  289, ( 289,  0,  0), Obj 8.669195E+07, DensityWeight 1.347361E-07, wHPWL 1.675465E+08, Overflow 7.209246E-01, MaxDensity 7.451E+02, gamma 3.504826E+02, time 1.404ms
[INFO   ] DREAMPlace - full step 4.099 ms
[INFO   ] DREAMPlace - optimizer step 2.210 ms
[INFO   ] DREAMPlace - iteration  290, ( 290,  0,  0), Obj 8.615395E+07, DensityWeight 1.386435E-07, wHPWL 1.666766E+08, Overflow 7.210633E-01, MaxDensity 7.781E+02, gamma 3.510872E+02, time 1.395ms
[INFO   ] DREAMPlace - full step 4.050 ms
[INFO   ] DREAMPlace - optimizer step 2.248 ms
[INFO   ] DREAMPlace - iteration  291, ( 291,  0,  0), Obj 8.603758E+07, DensityWeight 1.426641E-07, wHPWL 1.660952E+08, Overflow 7.210730E-01, MaxDensity 7.609E+02, gamma 3.513365E+02, time 1.406ms
[INFO   ] DREAMPlace - full step 4.104 ms
[INFO   ] DREAMPlace - optimizer step 2.239 ms
[INFO   ] DREAMPlace - iteration  292, ( 292,  0,  0), Obj 8.389890E+07, DensityWeight 1.468014E-07, wHPWL 1.651256E+08, Overflow 7.211708E-01, MaxDensity 7.450E+02, gamma 3.513541E+02, time 1.406ms
[INFO   ] DREAMPlace - full step 4.103 ms
[INFO   ] DREAMPlace - optimizer step 13.561 ms
[INFO   ] DREAMPlace - iteration  293, ( 293,  0,  0), Obj 8.471106E+07, DensityWeight 1.510586E-07, wHPWL 1.654290E+08, Overflow 7.209082E-01, MaxDensity 6.448E+02, gamma 3.515299E+02, time 2.075ms
[INFO   ] DREAMPlace - full step 16.078 ms
[INFO   ] DREAMPlace - optimizer step 2.247 ms
[INFO   ] DREAMPlace - iteration  294, ( 294,  0,  0), Obj 8.405044E+07, DensityWeight 1.520426E-07, wHPWL 1.642903E+08, Overflow 7.211298E-01, MaxDensity 6.936E+02, gamma 3.510580E+02, time 1.383ms
[INFO   ] DREAMPlace - full step 4.100 ms
[INFO   ] DREAMPlace - optimizer step 2.228 ms
[INFO   ] DREAMPlace - iteration  295, ( 295,  0,  0), Obj 8.424940E+07, DensityWeight 1.564519E-07, wHPWL 1.639103E+08, Overflow 7.214611E-01, MaxDensity 7.382E+02, gamma 3.514562E+02, time 1.400ms
[INFO   ] DREAMPlace - full step 4.065 ms
[INFO   ] DREAMPlace - optimizer step 2.226 ms
[INFO   ] DREAMPlace - iteration  296, ( 296,  0,  0), Obj 8.366493E+07, DensityWeight 1.609890E-07, wHPWL 1.629016E+08, Overflow 7.213351E-01, MaxDensity 6.465E+02, gamma 3.520526E+02, time 1.386ms
[INFO   ] DREAMPlace - full step 4.050 ms
[INFO   ] DREAMPlace - optimizer step 2.255 ms
[INFO   ] DREAMPlace - iteration  297, ( 297,  0,  0), Obj 8.361333E+07, DensityWeight 1.656577E-07, wHPWL 1.624690E+08, Overflow 7.212322E-01, MaxDensity 7.390E+02, gamma 3.518255E+02, time 1.422ms
[INFO   ] DREAMPlace - full step 4.113 ms
[INFO   ] DREAMPlace - optimizer step 2.299 ms
[INFO   ] DREAMPlace - iteration  298, ( 298,  0,  0), Obj 8.323487E+07, DensityWeight 1.704617E-07, wHPWL 1.618651E+08, Overflow 7.212251E-01, MaxDensity 6.555E+02, gamma 3.516405E+02, time 1.387ms
[INFO   ] DREAMPlace - full step 4.130 ms
[INFO   ] DREAMPlace - optimizer step 2.236 ms
[INFO   ] DREAMPlace - iteration  299, ( 299,  0,  0), Obj 8.311316E+07, DensityWeight 1.754051E-07, wHPWL 1.615138E+08, Overflow 7.212712E-01, MaxDensity 6.316E+02, gamma 3.516276E+02, time 1.404ms
[INFO   ] DREAMPlace - full step 4.110 ms
[INFO   ] DREAMPlace - optimizer step 2.230 ms
[INFO   ] DREAMPlace - iteration  300, ( 300,  0,  0), Obj 8.275786E+07, DensityWeight 1.804919E-07, wHPWL 1.608864E+08, Overflow 7.214121E-01, MaxDensity 6.637E+02, gamma 3.517105E+02, time 1.403ms
[INFO   ] DREAMPlace - full step 4.070 ms
[INFO   ] DREAMPlace - gamma_local: mean(coef_net)/coef = 3.218 (norm=gamma, applied ratio 1.000)
[INFO   ] DREAMPlace - optimizer step 2.287 ms
[INFO   ] DREAMPlace - iteration  301, ( 301,  0,  0), Obj 8.263842E+07, DensityWeight 1.857262E-07, wHPWL 1.604943E+08, Overflow 7.217230E-01, MaxDensity 6.212E+02, gamma 3.519642E+02, time 1.418ms
[INFO   ] DREAMPlace - full step 4.171 ms
[INFO   ] DREAMPlace - optimizer step 2.271 ms
[INFO   ] DREAMPlace - iteration  302, ( 302,  0,  0), Obj 8.288275E+07, DensityWeight 1.911122E-07, wHPWL 1.598654E+08, Overflow 7.219511E-01, MaxDensity 6.261E+02, gamma 3.525246E+02, time 1.395ms
[INFO   ] DREAMPlace - full step 4.116 ms
[INFO   ] DREAMPlace - optimizer step 2.239 ms
[INFO   ] DREAMPlace - iteration  303, ( 303,  0,  0), Obj 8.382137E+07, DensityWeight 1.966545E-07, wHPWL 1.605765E+08, Overflow 7.217081E-01, MaxDensity 5.952E+02, gamma 3.529363E+02, time 1.409ms
[INFO   ] DREAMPlace - full step 4.092 ms
[INFO   ] DREAMPlace - optimizer step 2.351 ms
[INFO   ] DREAMPlace - iteration  304, ( 304,  0,  0), Obj 8.301713E+07, DensityWeight 1.961629E-07, wHPWL 1.595476E+08, Overflow 7.216270E-01, MaxDensity 5.470E+02, gamma 3.524978E+02, time 1.387ms
[INFO   ] DREAMPlace - full step 4.181 ms
[INFO   ] DREAMPlace - optimizer step 2.324 ms
[INFO   ] DREAMPlace - iteration  305, ( 305,  0,  0), Obj 8.301485E+07, DensityWeight 2.018516E-07, wHPWL 1.592985E+08, Overflow 7.211278E-01, MaxDensity 6.914E+02, gamma 3.523514E+02, time 1.416ms
[INFO   ] DREAMPlace - full step 4.175 ms
[INFO   ] DREAMPlace - optimizer step 2.252 ms
[INFO   ] DREAMPlace - iteration  306, ( 306,  0,  0), Obj 8.270231E+07, DensityWeight 2.077053E-07, wHPWL 1.587669E+08, Overflow 7.206441E-01, MaxDensity 6.724E+02, gamma 3.514526E+02, time 1.383ms
[INFO   ] DREAMPlace - full step 4.076 ms
[INFO   ] DREAMPlace - optimizer step 2.270 ms
[INFO   ] DREAMPlace - iteration  307, ( 307,  0,  0), Obj 8.244958E+07, DensityWeight 2.137288E-07, wHPWL 1.583147E+08, Overflow 7.203102E-01, MaxDensity 5.194E+02, gamma 3.505839E+02, time 1.410ms
[INFO   ] DREAMPlace - full step 4.125 ms
[INFO   ] DREAMPlace - optimizer step 2.241 ms
[INFO   ] DREAMPlace - iteration  308, ( 308,  0,  0), Obj 8.236790E+07, DensityWeight 2.199269E-07, wHPWL 1.580364E+08, Overflow 7.202991E-01, MaxDensity 6.361E+02, gamma 3.499852E+02, time 1.409ms
[INFO   ] DREAMPlace - full step 4.092 ms
[INFO   ] DREAMPlace - optimizer step 2.243 ms
[INFO   ] DREAMPlace - iteration  309, ( 309,  0,  0), Obj 8.212862E+07, DensityWeight 2.263048E-07, wHPWL 1.576149E+08, Overflow 7.198385E-01, MaxDensity 6.443E+02, gamma 3.499655E+02, time 1.405ms
[INFO   ] DREAMPlace - full step 4.090 ms
[INFO   ] DREAMPlace - optimizer step 2.255 ms
[INFO   ] DREAMPlace - iteration  310, ( 310,  0,  0), Obj 8.206793E+07, DensityWeight 2.328676E-07, wHPWL 1.573600E+08, Overflow 7.193773E-01, MaxDensity 6.758E+02, gamma 3.491417E+02, time 1.405ms
[INFO   ] DREAMPlace - full step 4.113 ms
[INFO   ] DREAMPlace - optimizer step 2.266 ms
[INFO   ] DREAMPlace - iteration  311, ( 311,  0,  0), Obj 8.181343E+07, DensityWeight 2.396208E-07, wHPWL 1.569399E+08, Overflow 7.187956E-01, MaxDensity 7.094E+02, gamma 3.483187E+02, time 1.406ms
[INFO   ] DREAMPlace - full step 4.138 ms
[INFO   ] DREAMPlace - optimizer step 2.233 ms
[INFO   ] DREAMPlace - iteration  312, ( 312,  0,  0), Obj 8.227750E+07, DensityWeight 2.465698E-07, wHPWL 1.566943E+08, Overflow 7.184990E-01, MaxDensity 6.070E+02, gamma 3.472835E+02, time 1.404ms
[INFO   ] DREAMPlace - full step 4.115 ms
[INFO   ] DREAMPlace - optimizer step 2.240 ms
[INFO   ] DREAMPlace - iteration  313, ( 313,  0,  0), Obj 8.383986E+07, DensityWeight 2.537204E-07, wHPWL 1.582220E+08, Overflow 7.178691E-01, MaxDensity 5.088E+02, gamma 3.467568E+02, time 1.420ms
[INFO   ] DREAMPlace - full step 4.122 ms
[INFO   ] DREAMPlace - optimizer step 2.213 ms
[INFO   ] DREAMPlace - iteration  314, ( 314,  0,  0), Obj 8.398118E+07, DensityWeight 2.530861E-07, wHPWL 1.582079E+08, Overflow 7.178221E-01, MaxDensity 5.566E+02, gamma 3.456410E+02, time 1.372ms
[INFO   ] DREAMPlace - full step 4.042 ms
[INFO   ] DREAMPlace - optimizer step 2.236 ms
[INFO   ] DREAMPlace - iteration  315, ( 315,  0,  0), Obj 8.381782E+07, DensityWeight 2.604256E-07, wHPWL 1.579924E+08, Overflow 7.184144E-01, MaxDensity 5.166E+02, gamma 3.455579E+02, time 1.501ms
[INFO   ] DREAMPlace - full step 4.179 ms
[INFO   ] DREAMPlace - optimizer step 2.225 ms
[INFO   ] DREAMPlace - iteration  316, ( 316,  0,  0), Obj 8.358408E+07, DensityWeight 2.679779E-07, wHPWL 1.576776E+08, Overflow 7.191603E-01, MaxDensity 4.998E+02, gamma 3.466068E+02, time 1.441ms
[INFO   ] DREAMPlace - full step 4.104 ms
[INFO   ] DREAMPlace - optimizer step 2.201 ms
[INFO   ] DREAMPlace - iteration  317, ( 317,  0,  0), Obj 8.354887E+07, DensityWeight 2.757493E-07, wHPWL 1.575996E+08, Overflow 7.190486E-01, MaxDensity 5.152E+02, gamma 3.479320E+02, time 1.419ms
[INFO   ] DREAMPlace - full step 4.076 ms
[INFO   ] DREAMPlace - optimizer step 2.311 ms
[INFO   ] DREAMPlace - iteration  318, ( 318,  0,  0), Obj 8.312696E+07, DensityWeight 2.837460E-07, wHPWL 1.571487E+08, Overflow 7.188926E-01, MaxDensity 4.929E+02, gamma 3.477333E+02, time 1.395ms
[INFO   ] DREAMPlace - full step 4.150 ms
[INFO   ] DREAMPlace - optimizer step 2.260 ms
[INFO   ] DREAMPlace - iteration  319, ( 319,  0,  0), Obj 8.289262E+07, DensityWeight 2.919747E-07, wHPWL 1.568468E+08, Overflow 7.183865E-01, MaxDensity 4.572E+02, gamma 3.474558E+02, time 2.433ms
[INFO   ] DREAMPlace - full step 5.128 ms
[INFO   ] DREAMPlace - plotting to gammalocal_results/nneg/bigblue2/plot/iter0320.png takes 4.753 seconds
[INFO   ] DREAMPlace - optimizer step 4.545 ms
[INFO   ] DREAMPlace - iteration  320, ( 320,  0,  0), Obj 8.256084E+07, DensityWeight 3.004420E-07, wHPWL 1.564448E+08, Overflow 7.175893E-01, MaxDensity 4.044E+02, gamma 3.465573E+02, time 1.411ms
[INFO   ] DREAMPlace - full step 4760.741 ms
[INFO   ] DREAMPlace - optimizer step 2.405 ms
[INFO   ] DREAMPlace - iteration  321, ( 321,  0,  0), Obj 8.233740E+07, DensityWeight 3.091548E-07, wHPWL 1.561353E+08, Overflow 7.170998E-01, MaxDensity 4.229E+02, gamma 3.451464E+02, time 1.513ms
[INFO   ] DREAMPlace - full step 4.466 ms
[INFO   ] DREAMPlace - optimizer step 2.336 ms
[INFO   ] DREAMPlace - iteration  322, ( 322,  0,  0), Obj 8.061050E+07, DensityWeight 3.181203E-07, wHPWL 1.557253E+08, Overflow 7.168472E-01, MaxDensity 4.231E+02, gamma 3.442830E+02, time 1.427ms
[INFO   ] DREAMPlace - full step 4.242 ms
[INFO   ] DREAMPlace - optimizer step 2.318 ms
[INFO   ] DREAMPlace - iteration  323, ( 323,  0,  0), Obj 8.072965E+07, DensityWeight 3.273458E-07, wHPWL 1.554710E+08, Overflow 7.163788E-01, MaxDensity 4.614E+02, gamma 3.438383E+02, time 1.429ms
[INFO   ] DREAMPlace - full step 4.219 ms
[INFO   ] DREAMPlace - optimizer step 2.310 ms
[INFO   ] DREAMPlace - iteration  324, ( 324,  0,  0), Obj 8.020915E+07, DensityWeight 3.368389E-07, wHPWL 1.546405E+08, Overflow 7.160155E-01, MaxDensity 4.862E+02, gamma 3.430152E+02, time 1.412ms
[INFO   ] DREAMPlace - full step 4.215 ms
[INFO   ] DREAMPlace - optimizer step 2.309 ms
[INFO   ] DREAMPlace - iteration  325, ( 325,  0,  0), Obj 8.051282E+07, DensityWeight 3.466072E-07, wHPWL 1.546603E+08, Overflow 7.155645E-01, MaxDensity 4.574E+02, gamma 3.423781E+02, time 1.426ms
[INFO   ] DREAMPlace - full step 4.199 ms
[INFO   ] DREAMPlace - optimizer step 2.268 ms
[INFO   ] DREAMPlace - iteration  326, ( 326,  0,  0), Obj 7.986946E+07, DensityWeight 3.629356E-07, wHPWL 1.537712E+08, Overflow 7.157774E-01, MaxDensity 4.219E+02, gamma 3.415889E+02, time 1.398ms
[INFO   ] DREAMPlace - full step 4.108 ms
[INFO   ] DREAMPlace - optimizer step 2.300 ms
[INFO   ] DREAMPlace - iteration  327, ( 327,  0,  0), Obj 7.996157E+07, DensityWeight 3.734608E-07, wHPWL 1.536509E+08, Overflow 7.155152E-01, MaxDensity 4.004E+02, gamma 3.419614E+02, time 1.405ms
[INFO   ] DREAMPlace - full step 4.181 ms
[INFO   ] DREAMPlace - optimizer step 2.301 ms
[INFO   ] DREAMPlace - iteration  328, ( 328,  0,  0), Obj 7.956848E+07, DensityWeight 3.842912E-07, wHPWL 1.530994E+08, Overflow 7.155786E-01, MaxDensity 4.030E+02, gamma 3.415029E+02, time 1.416ms
[INFO   ] DREAMPlace - full step 4.158 ms
[INFO   ] DREAMPlace - optimizer step 2.256 ms
[INFO   ] DREAMPlace - iteration  329, ( 329,  0,  0), Obj 7.947234E+07, DensityWeight 3.954356E-07, wHPWL 1.528573E+08, Overflow 7.151261E-01, MaxDensity 4.169E+02, gamma 3.416136E+02, time 1.407ms
[INFO   ] DREAMPlace - full step 4.154 ms
[INFO   ] DREAMPlace - optimizer step 2.255 ms
[INFO   ] DREAMPlace - iteration  330, ( 330,  0,  0), Obj 7.924772E+07, DensityWeight 4.069033E-07, wHPWL 1.525226E+08, Overflow 7.149996E-01, MaxDensity 4.232E+02, gamma 3.408236E+02, time 1.384ms
[INFO   ] DREAMPlace - full step 4.206 ms
[INFO   ] DREAMPlace - optimizer step 2.272 ms
[INFO   ] DREAMPlace - iteration  331, ( 331,  0,  0), Obj 7.915068E+07, DensityWeight 4.187035E-07, wHPWL 1.523174E+08, Overflow 7.153195E-01, MaxDensity 4.308E+02, gamma 3.406029E+02, time 1.419ms
[INFO   ] DREAMPlace - full step 4.136 ms
[INFO   ] DREAMPlace - optimizer step 2.303 ms
[INFO   ] DREAMPlace - iteration  332, ( 332,  0,  0), Obj 7.887774E+07, DensityWeight 4.308459E-07, wHPWL 1.520021E+08, Overflow 7.157855E-01, MaxDensity 4.318E+02, gamma 3.411610E+02, time 1.396ms
[INFO   ] DREAMPlace - full step 4.138 ms
[INFO   ] DREAMPlace - optimizer step 2.376 ms
[INFO   ] DREAMPlace - iteration  333, ( 333,  0,  0), Obj 7.944669E+07, DensityWeight 4.433404E-07, wHPWL 1.521183E+08, Overflow 7.156556E-01, MaxDensity 4.353E+02, gamma 3.419755E+02, time 1.402ms
[INFO   ] DREAMPlace - full step 4.233 ms
[INFO   ] DREAMPlace - optimizer step 2.311 ms
[INFO   ] DREAMPlace - iteration  334, ( 334,  0,  0), Obj 7.845694E+07, DensityWeight 4.580252E-07, wHPWL 1.508852E+08, Overflow 7.156441E-01, MaxDensity 4.330E+02, gamma 3.417482E+02, time 1.374ms
[INFO   ] DREAMPlace - full step 4.128 ms
[INFO   ] DREAMPlace - optimizer step 2.269 ms
[INFO   ] DREAMPlace - iteration  335, ( 335,  0,  0), Obj 7.900751E+07, DensityWeight 4.713079E-07, wHPWL 1.511305E+08, Overflow 7.152537E-01, MaxDensity 4.278E+02, gamma 3.417281E+02, time 1.398ms
[INFO   ] DREAMPlace - full step 4.107 ms
[INFO   ] DREAMPlace - optimizer step 2.245 ms
[INFO   ] DREAMPlace - iteration  336, ( 336,  0,  0), Obj 7.827584E+07, DensityWeight 4.782417E-07, wHPWL 1.502517E+08, Overflow 7.150826E-01, MaxDensity 4.233E+02, gamma 3.410462E+02, time 1.376ms
[INFO   ] DREAMPlace - full step 4.076 ms
[INFO   ] DREAMPlace - optimizer step 2.242 ms
[INFO   ] DREAMPlace - iteration  337, ( 337,  0,  0), Obj 7.847061E+07, DensityWeight 4.921108E-07, wHPWL 1.504151E+08, Overflow 7.149549E-01, MaxDensity 4.050E+02, gamma 3.407479E+02, time 1.403ms
[INFO   ] DREAMPlace - full step 4.111 ms
[INFO   ] DREAMPlace - optimizer step 2.270 ms
[INFO   ] DREAMPlace - iteration  338, ( 338,  0,  0), Obj 7.814515E+07, DensityWeight 5.050812E-07, wHPWL 1.500771E+08, Overflow 7.151461E-01, MaxDensity 3.972E+02, gamma 3.405251E+02, time 1.389ms
[INFO   ] DREAMPlace - full step 4.101 ms
[INFO   ] DREAMPlace - optimizer step 2.238 ms
[INFO   ] DREAMPlace - iteration  339, ( 339,  0,  0), Obj 7.812504E+07, DensityWeight 5.197286E-07, wHPWL 1.500232E+08, Overflow 7.156379E-01, MaxDensity 4.005E+02, gamma 3.408586E+02, time 1.415ms
[INFO   ] DREAMPlace - full step 4.094 ms
[INFO   ] DREAMPlace - optimizer step 2.289 ms
[INFO   ] DREAMPlace - iteration  340, ( 340,  0,  0), Obj 7.795963E+07, DensityWeight 5.348007E-07, wHPWL 1.497870E+08, Overflow 7.155110E-01, MaxDensity 3.921E+02, gamma 3.417172E+02, time 1.373ms
[INFO   ] DREAMPlace - full step 4.099 ms
[INFO   ] DREAMPlace - optimizer step 2.283 ms
[INFO   ] DREAMPlace - iteration  341, ( 341,  0,  0), Obj 7.794338E+07, DensityWeight 5.503100E-07, wHPWL 1.497089E+08, Overflow 7.158707E-01, MaxDensity 3.730E+02, gamma 3.414955E+02, time 1.429ms
[INFO   ] DREAMPlace - full step 4.171 ms
[INFO   ] DREAMPlace - optimizer step 2.231 ms
[INFO   ] DREAMPlace - iteration  342, ( 342,  0,  0), Obj 7.911694E+07, DensityWeight 5.662690E-07, wHPWL 1.495028E+08, Overflow 7.156044E-01, MaxDensity 3.707E+02, gamma 3.421245E+02, time 1.389ms
[INFO   ] DREAMPlace - full step 4.061 ms
[INFO   ] DREAMPlace - optimizer step 2.419 ms
[INFO   ] DREAMPlace - iteration  343, ( 343,  0,  0), Obj 8.203611E+07, DensityWeight 5.826909E-07, wHPWL 1.524736E+08, Overflow 7.146742E-01, MaxDensity 4.008E+02, gamma 3.416588E+02, time 1.410ms
[INFO   ] DREAMPlace - full step 4.292 ms
[INFO   ] DREAMPlace - optimizer step 2.232 ms
[INFO   ] DREAMPlace - iteration  344, ( 344,  0,  0), Obj 8.225139E+07, DensityWeight 5.812341E-07, wHPWL 1.528050E+08, Overflow 7.146007E-01, MaxDensity 2.242E+02, gamma 3.400364E+02, time 1.395ms
[INFO   ] DREAMPlace - full step 4.097 ms
[INFO   ] DREAMPlace - optimizer step 2.213 ms
[INFO   ] DREAMPlace - iteration  345, ( 345,  0,  0), Obj 8.201114E+07, DensityWeight 5.827398E-07, wHPWL 1.528644E+08, Overflow 7.146211E-01, MaxDensity 2.576E+02, gamma 3.399086E+02, time 1.392ms
[INFO   ] DREAMPlace - full step 4.045 ms
[INFO   ] DREAMPlace - optimizer step 2.246 ms
[INFO   ] DREAMPlace - iteration  346, ( 346,  0,  0), Obj 8.198706E+07, DensityWeight 6.068304E-07, wHPWL 1.530228E+08, Overflow 7.138701E-01, MaxDensity 1.989E+02, gamma 3.399441E+02, time 1.400ms
[INFO   ] DREAMPlace - full step 4.114 ms
[INFO   ] DREAMPlace - optimizer step 2.252 ms
[INFO   ] DREAMPlace - iteration  347, ( 347,  0,  0), Obj 8.185042E+07, DensityWeight 6.232567E-07, wHPWL 1.530994E+08, Overflow 7.136273E-01, MaxDensity 2.018E+02, gamma 3.386403E+02, time 1.412ms
[INFO   ] DREAMPlace - full step 4.129 ms
[INFO   ] DREAMPlace - optimizer step 2.238 ms
[INFO   ] DREAMPlace - iteration  348, ( 348,  0,  0), Obj 8.163425E+07, DensityWeight 6.474680E-07, wHPWL 1.530387E+08, Overflow 7.129692E-01, MaxDensity 1.953E+02, gamma 3.382197E+02, time 1.403ms
[INFO   ] DREAMPlace - full step 4.105 ms
[INFO   ] DREAMPlace - optimizer step 2.338 ms
[INFO   ] DREAMPlace - iteration  349, ( 349,  0,  0), Obj 8.144011E+07, DensityWeight 6.662445E-07, wHPWL 1.530108E+08, Overflow 7.124959E-01, MaxDensity 2.021E+02, gamma 3.370828E+02, time 1.410ms
[INFO   ] DREAMPlace - full step 4.211 ms
[INFO   ] DREAMPlace - optimizer step 2.234 ms
[INFO   ] DREAMPlace - iteration  350, ( 350,  0,  0), Obj 8.120257E+07, DensityWeight 6.855657E-07, wHPWL 1.529064E+08, Overflow 7.120801E-01, MaxDensity 2.066E+02, gamma 3.362674E+02, time 1.410ms
[INFO   ] DREAMPlace - full step 4.097 ms
[INFO   ] DREAMPlace - optimizer step 2.253 ms
[INFO   ] DREAMPlace - iteration  351, ( 351,  0,  0), Obj 8.108775E+07, DensityWeight 7.054471E-07, wHPWL 1.529263E+08, Overflow 7.115899E-01, MaxDensity 2.184E+02, gamma 3.355527E+02, time 1.410ms
[INFO   ] DREAMPlace - full step 4.122 ms
[INFO   ] DREAMPlace - optimizer step 2.217 ms
[INFO   ] DREAMPlace - iteration  352, ( 352,  0,  0), Obj 8.186289E+07, DensityWeight 7.386654E-07, wHPWL 1.529242E+08, Overflow 7.109814E-01, MaxDensity 2.249E+02, gamma 3.347121E+02, time 1.412ms
[INFO   ] DREAMPlace - full step 4.102 ms
[INFO   ] DREAMPlace - optimizer step 2.220 ms
[INFO   ] DREAMPlace - iteration  353, ( 353,  0,  0), Obj 8.310601E+07, DensityWeight 7.600867E-07, wHPWL 1.541323E+08, Overflow 7.099112E-01, MaxDensity 2.584E+02, gamma 3.336716E+02, time 1.384ms
[INFO   ] DREAMPlace - full step 4.072 ms
[INFO   ] DREAMPlace - optimizer step 2.220 ms
[INFO   ] DREAMPlace - iteration  354, ( 354,  0,  0), Obj 8.181340E+07, DensityWeight 7.581864E-07, wHPWL 1.529776E+08, Overflow 7.098631E-01, MaxDensity 3.056E+02, gamma 3.318493E+02, time 1.395ms
[INFO   ] DREAMPlace - full step 4.068 ms
[INFO   ] DREAMPlace - optimizer step 2.194 ms
[INFO   ] DREAMPlace - iteration  355, ( 355,  0,  0), Obj 8.264572E+07, DensityWeight 7.801739E-07, wHPWL 1.539195E+08, Overflow 7.096297E-01, MaxDensity 3.135E+02, gamma 3.317676E+02, time 1.382ms
[INFO   ] DREAMPlace - full step 4.038 ms
[INFO   ] DREAMPlace - optimizer step 2.222 ms
[INFO   ] DREAMPlace - iteration  356, ( 356,  0,  0), Obj 8.207957E+07, DensityWeight 7.782234E-07, wHPWL 1.534716E+08, Overflow 7.094667E-01, MaxDensity 3.553E+02, gamma 3.313716E+02, time 1.389ms
[INFO   ] DREAMPlace - full step 4.070 ms
[INFO   ] DREAMPlace - optimizer step 2.241 ms
[INFO   ] DREAMPlace - iteration  357, ( 357,  0,  0), Obj 8.244222E+07, DensityWeight 8.007919E-07, wHPWL 1.539508E+08, Overflow 7.093029E-01, MaxDensity 3.775E+02, gamma 3.310954E+02, time 1.390ms
[INFO   ] DREAMPlace - full step 4.094 ms
[INFO   ] DREAMPlace - optimizer step 7.221 ms
[INFO   ] DREAMPlace - iteration  358, ( 358,  0,  0), Obj 8.198144E+07, DensityWeight 7.987899E-07, wHPWL 1.536335E+08, Overflow 7.093707E-01, MaxDensity 3.548E+02, gamma 3.308181E+02, time 3.264ms
[INFO   ] DREAMPlace - full step 10.923 ms
[INFO   ] DREAMPlace - optimizer step 9.717 ms
[INFO   ] DREAMPlace - iteration  359, ( 359,  0,  0), Obj 8.219799E+07, DensityWeight 8.219548E-07, wHPWL 1.539998E+08, Overflow 7.092190E-01, MaxDensity 3.443E+02, gamma 3.309329E+02, time 2.863ms
[INFO   ] DREAMPlace - full step 13.046 ms
[INFO   ] DREAMPlace - plotting to gammalocal_results/nneg/bigblue2/plot/iter0360.png takes 4.750 seconds
[INFO   ] DREAMPlace - optimizer step 10.526 ms
[INFO   ] DREAMPlace - iteration  360, ( 360,  0,  0), Obj 8.190620E+07, DensityWeight 8.200833E-07, wHPWL 1.538457E+08, Overflow 7.087411E-01, MaxDensity 3.644E+02, gamma 3.306761E+02, time 2.151ms
[INFO   ] DREAMPlace - full step 4764.685 ms
[INFO   ] DREAMPlace - optimizer step 2.382 ms
[INFO   ] DREAMPlace - iteration  361, ( 361,  0,  0), Obj 8.206385E+07, DensityWeight 8.438657E-07, wHPWL 1.541271E+08, Overflow 7.080871E-01, MaxDensity 3.520E+02, gamma 3.298685E+02, time 1.469ms
[INFO   ] DREAMPlace - full step 4.389 ms
[INFO   ] DREAMPlace - optimizer step 2.278 ms
[INFO   ] DREAMPlace - iteration  362, ( 362,  0,  0), Obj 8.237106E+07, DensityWeight 8.519751E-07, wHPWL 1.540148E+08, Overflow 7.076064E-01, MaxDensity 3.041E+02, gamma 3.287664E+02, time 1.392ms
[INFO   ] DREAMPlace - full step 4.158 ms
[INFO   ] DREAMPlace - optimizer step 2.273 ms
[INFO   ] DREAMPlace - iteration  363, ( 363,  0,  0), Obj 8.427205E+07, DensityWeight 8.766825E-07, wHPWL 1.561472E+08, Overflow 7.066572E-01, MaxDensity 2.085E+02, gamma 3.279587E+02, time 1.405ms
[INFO   ] DREAMPlace - full step 4.141 ms
[INFO   ] DREAMPlace - optimizer step 2.238 ms
[INFO   ] DREAMPlace - iteration  364, ( 364,  0,  0), Obj 8.285474E+07, DensityWeight 8.744907E-07, wHPWL 1.548715E+08, Overflow 7.063000E-01, MaxDensity 2.063E+02, gamma 3.263697E+02, time 1.389ms
[INFO   ] DREAMPlace - full step 4.133 ms
[INFO   ] DREAMPlace - optimizer step 2.272 ms
[INFO   ] DREAMPlace - iteration  365, ( 365,  0,  0), Obj 8.374499E+07, DensityWeight 8.998510E-07, wHPWL 1.557520E+08, Overflow 7.057915E-01, MaxDensity 1.837E+02, gamma 3.257737E+02, time 1.397ms
[INFO   ] DREAMPlace - full step 4.146 ms
[INFO   ] DREAMPlace - optimizer step 13.851 ms
[INFO   ] DREAMPlace - iteration  366, ( 366,  0,  0), Obj 8.307554E+07, DensityWeight 8.976013E-07, wHPWL 1.550485E+08, Overflow 7.053705E-01, MaxDensity 1.943E+02, gamma 3.249272E+02, time 31.315ms
[INFO   ] DREAMPlace - full step 45.647 ms
[INFO   ] DREAMPlace - optimizer step 6.466 ms
[INFO   ] DREAMPlace - iteration  367, ( 367,  0,  0), Obj 8.339552E+07, DensityWeight 9.236318E-07, wHPWL 1.553383E+08, Overflow 7.046909E-01, MaxDensity 1.783E+02, gamma 3.242280E+02, time 1.393ms
[INFO   ] DREAMPlace - full step 8.347 ms
[INFO   ] DREAMPlace - optimizer step 2.262 ms
[INFO   ] DREAMPlace - iteration  368, ( 368,  0,  0), Obj 8.295566E+07, DensityWeight 9.314227E-07, wHPWL 1.549248E+08, Overflow 7.040108E-01, MaxDensity 1.832E+02, gamma 3.231026E+02, time 1.412ms
[INFO   ] DREAMPlace - full step 4.139 ms
[INFO   ] DREAMPlace - optimizer step 4.722 ms
[INFO   ] DREAMPlace - iteration  369, ( 369,  0,  0), Obj 8.315308E+07, DensityWeight 9.584340E-07, wHPWL 1.551706E+08, Overflow 7.034529E-01, MaxDensity 1.947E+02, gamma 3.219801E+02, time 1.393ms
[INFO   ] DREAMPlace - full step 6.590 ms
[INFO   ] DREAMPlace - optimizer step 2.277 ms
[INFO   ] DREAMPlace - iteration  370, ( 370,  0,  0), Obj 8.286278E+07, DensityWeight 9.724477E-07, wHPWL 1.549203E+08, Overflow 7.028596E-01, MaxDensity 2.004E+02, gamma 3.210623E+02, time 1.419ms
[INFO   ] DREAMPlace - full step 4.157 ms
[INFO   ] DREAMPlace - optimizer step 2.333 ms
[INFO   ] DREAMPlace - iteration  371, ( 371,  0,  0), Obj 8.290933E+07, DensityWeight 1.000649E-06, wHPWL 1.550012E+08, Overflow 7.024096E-01, MaxDensity 2.138E+02, gamma 3.200890E+02, time 1.420ms
[INFO   ] DREAMPlace - full step 4.213 ms
[INFO   ] DREAMPlace - optimizer step 2.275 ms
[INFO   ] DREAMPlace - iteration  372, ( 372,  0,  0), Obj 8.427959E+07, DensityWeight 1.038895E-06, wHPWL 1.549119E+08, Overflow 7.019160E-01, MaxDensity 2.125E+02, gamma 3.193529E+02, time 1.389ms
[INFO   ] DREAMPlace - full step 4.149 ms
[INFO   ] DREAMPlace - optimizer step 2.512 ms
[INFO   ] DREAMPlace - iteration  373, ( 373,  0,  0), Obj 8.525994E+07, DensityWeight 1.069023E-06, wHPWL 1.560972E+08, Overflow 7.013211E-01, MaxDensity 1.853E+02, gamma 3.185473E+02, time 1.408ms
[INFO   ] DREAMPlace - full step 4.379 ms
[INFO   ] DREAMPlace - optimizer step 2.226 ms
[INFO   ] DREAMPlace - iteration  374, ( 374,  0,  0), Obj 8.449850E+07, DensityWeight 1.066350E-06, wHPWL 1.554923E+08, Overflow 7.011397E-01, MaxDensity 1.810E+02, gamma 3.175790E+02, time 1.392ms
[INFO   ] DREAMPlace - full step 4.081 ms
[INFO   ] DREAMPlace - optimizer step 2.231 ms
[INFO   ] DREAMPlace - iteration  375, ( 375,  0,  0), Obj 8.481299E+07, DensityWeight 1.097274E-06, wHPWL 1.558997E+08, Overflow 7.005770E-01, MaxDensity 1.830E+02, gamma 3.172845E+02, time 1.374ms
[INFO   ] DREAMPlace - full step 4.066 ms
[INFO   ] DREAMPlace - optimizer step 2.204 ms
[INFO   ] DREAMPlace - iteration  376, ( 376,  0,  0), Obj 8.443483E+07, DensityWeight 1.094531E-06, wHPWL 1.555763E+08, Overflow 6.998161E-01, MaxDensity 1.859E+02, gamma 3.163721E+02, time 1.379ms
[INFO   ] DREAMPlace - full step 4.043 ms
[INFO   ] DREAMPlace - optimizer step 2.221 ms
[INFO   ] DREAMPlace - iteration  377, ( 377,  0,  0), Obj 8.449334E+07, DensityWeight 1.126272E-06, wHPWL 1.556777E+08, Overflow 6.996792E-01, MaxDensity 1.777E+02, gamma 3.151428E+02, time 1.386ms
[INFO   ] DREAMPlace - full step 4.066 ms
[INFO   ] DREAMPlace - optimizer step 2.274 ms
[INFO   ] DREAMPlace - iteration  378, ( 378,  0,  0), Obj 8.430280E+07, DensityWeight 1.165999E-06, wHPWL 1.555282E+08, Overflow 6.988100E-01, MaxDensity 1.859E+02, gamma 3.149221E+02, time 1.388ms
[INFO   ] DREAMPlace - full step 4.117 ms
[INFO   ] DREAMPlace - optimizer step 2.223 ms
[INFO   ] DREAMPlace - iteration  379, ( 379,  0,  0), Obj 8.434562E+07, DensityWeight 1.199813E-06, wHPWL 1.556048E+08, Overflow 6.982813E-01, MaxDensity 1.831E+02, gamma 3.135246E+02, time 1.397ms
[INFO   ] DREAMPlace - full step 4.078 ms
[INFO   ] DREAMPlace - optimizer step 2.239 ms
[INFO   ] DREAMPlace - iteration  380, ( 380,  0,  0), Obj 8.418890E+07, DensityWeight 1.246422E-06, wHPWL 1.554882E+08, Overflow 6.975868E-01, MaxDensity 1.780E+02, gamma 3.126776E+02, time 1.379ms
[INFO   ] DREAMPlace - full step 4.092 ms
[INFO   ] DREAMPlace - optimizer step 2.225 ms
[INFO   ] DREAMPlace - iteration  381, ( 381,  0,  0), Obj 8.425046E+07, DensityWeight 1.282568E-06, wHPWL 1.555711E+08, Overflow 6.973459E-01, MaxDensity 1.860E+02, gamma 3.115683E+02, time 1.408ms
[INFO   ] DREAMPlace - full step 4.097 ms
[INFO   ] DREAMPlace - optimizer step 2.238 ms
[INFO   ] DREAMPlace - iteration  382, ( 382,  0,  0), Obj 8.463145E+07, DensityWeight 1.331215E-06, wHPWL 1.554130E+08, Overflow 6.968601E-01, MaxDensity 1.869E+02, gamma 3.111846E+02, time 1.388ms
[INFO   ] DREAMPlace - full step 4.090 ms
[INFO   ] DREAMPlace - optimizer step 2.243 ms
[INFO   ] DREAMPlace - iteration  383, ( 383,  0,  0), Obj 8.529315E+07, DensityWeight 1.369820E-06, wHPWL 1.560633E+08, Overflow 6.962898E-01, MaxDensity 2.122E+02, gamma 3.104121E+02, time 1.419ms
[INFO   ] DREAMPlace - full step 4.121 ms
[INFO   ] DREAMPlace - optimizer step 2.218 ms
[INFO   ] DREAMPlace - iteration  384, ( 384,  0,  0), Obj 8.486957E+07, DensityWeight 1.366396E-06, wHPWL 1.555822E+08, Overflow 6.959012E-01, MaxDensity 2.608E+02, gamma 3.095076E+02, time 1.382ms
[INFO   ] DREAMPlace - full step 4.074 ms
[INFO   ] DREAMPlace - optimizer step 2.234 ms
[INFO   ] DREAMPlace - iteration  385, ( 385,  0,  0), Obj 8.509975E+07, DensityWeight 1.406021E-06, wHPWL 1.557348E+08, Overflow 6.951603E-01, MaxDensity 2.679E+02, gamma 3.088926E+02, time 1.398ms
[INFO   ] DREAMPlace - full step 4.101 ms
[INFO   ] DREAMPlace - optimizer step 2.215 ms
[INFO   ] DREAMPlace - iteration  386, ( 386,  0,  0), Obj 8.496934E+07, DensityWeight 1.445247E-06, wHPWL 1.555725E+08, Overflow 6.945354E-01, MaxDensity 2.642E+02, gamma 3.077239E+02, time 1.387ms
[INFO   ] DREAMPlace - full step 4.063 ms
[INFO   ] DREAMPlace - optimizer step 2.231 ms
[INFO   ] DREAMPlace - iteration  387, ( 387,  0,  0), Obj 8.491188E+07, DensityWeight 1.487159E-06, wHPWL 1.555210E+08, Overflow 6.943414E-01, MaxDensity 2.753E+02, gamma 3.067415E+02, time 1.421ms
[INFO   ] DREAMPlace - full step 4.113 ms
[INFO   ] DREAMPlace - optimizer step 2.213 ms
[INFO   ] DREAMPlace - iteration  388, ( 388,  0,  0), Obj 8.482658E+07, DensityWeight 1.530287E-06, wHPWL 1.554098E+08, Overflow 6.937945E-01, MaxDensity 2.723E+02, gamma 3.064371E+02, time 1.389ms
[INFO   ] DREAMPlace - full step 4.060 ms
[INFO   ] DREAMPlace - optimizer step 2.213 ms
[INFO   ] DREAMPlace - iteration  389, ( 389,  0,  0), Obj 8.482433E+07, DensityWeight 1.574665E-06, wHPWL 1.554062E+08, Overflow 6.935019E-01, MaxDensity 2.592E+02, gamma 3.055808E+02, time 1.403ms
[INFO   ] DREAMPlace - full step 4.075 ms
[INFO   ] DREAMPlace - optimizer step 2.797 ms
[INFO   ] DREAMPlace - iteration  390, ( 390,  0,  0), Obj 8.466410E+07, DensityWeight 1.620331E-06, wHPWL 1.552298E+08, Overflow 6.929761E-01, MaxDensity 2.353E+02, gamma 3.051237E+02, time 3.628ms
[INFO   ] DREAMPlace - full step 6.884 ms
[INFO   ] DREAMPlace - optimizer step 2.245 ms
[INFO   ] DREAMPlace - iteration  391, ( 391,  0,  0), Obj 8.465011E+07, DensityWeight 1.667320E-06, wHPWL 1.551987E+08, Overflow 6.924196E-01, MaxDensity 2.294E+02, gamma 3.043039E+02, time 1.388ms
[INFO   ] DREAMPlace - full step 4.098 ms
[INFO   ] DREAMPlace - optimizer step 2.221 ms
[INFO   ] DREAMPlace - iteration  392, ( 392,  0,  0), Obj 8.580764E+07, DensityWeight 1.715673E-06, wHPWL 1.550915E+08, Overflow 6.920416E-01, MaxDensity 2.217E+02, gamma 3.034385E+02, time 1.396ms
[INFO   ] DREAMPlace - full step 4.073 ms
[INFO   ] DREAMPlace - optimizer step 2.249 ms
[INFO   ] DREAMPlace - iteration  393, ( 393,  0,  0), Obj 8.713346E+07, DensityWeight 1.765427E-06, wHPWL 1.564252E+08, Overflow 6.916843E-01, MaxDensity 2.363E+02, gamma 3.028522E+02, time 1.390ms
[INFO   ] DREAMPlace - full step 4.100 ms
[INFO   ] DREAMPlace - optimizer step 2.279 ms
[INFO   ] DREAMPlace - iteration  394, ( 394,  0,  0), Obj 8.635758E+07, DensityWeight 1.761014E-06, wHPWL 1.556623E+08, Overflow 6.917995E-01, MaxDensity 2.909E+02, gamma 3.022991E+02, time 1.384ms
[INFO   ] DREAMPlace - full step 4.117 ms
[INFO   ] DREAMPlace - optimizer step 2.237 ms
[INFO   ] DREAMPlace - iteration  395, ( 395,  0,  0), Obj 8.672713E+07, DensityWeight 1.812083E-06, wHPWL 1.559621E+08, Overflow 6.915627E-01, MaxDensity 2.947E+02, gamma 3.024772E+02, time 1.406ms
[INFO   ] DREAMPlace - full step 4.105 ms
[INFO   ] DREAMPlace - optimizer step 2.229 ms
[INFO   ] DREAMPlace - iteration  396, ( 396,  0,  0), Obj 8.628689E+07, DensityWeight 1.824794E-06, wHPWL 1.554335E+08, Overflow 6.913397E-01, MaxDensity 2.837E+02, gamma 3.021110E+02, time 1.385ms
[INFO   ] DREAMPlace - full step 4.080 ms
[INFO   ] DREAMPlace - optimizer step 2.285 ms
[INFO   ] DREAMPlace - iteration  397, ( 397,  0,  0), Obj 8.641498E+07, DensityWeight 1.877713E-06, wHPWL 1.555130E+08, Overflow 6.913623E-01, MaxDensity 2.792E+02, gamma 3.017665E+02, time 1.412ms
[INFO   ] DREAMPlace - full step 4.134 ms
[INFO   ] DREAMPlace - optimizer step 2.253 ms
[INFO   ] DREAMPlace - iteration  398, ( 398,  0,  0), Obj 8.624168E+07, DensityWeight 1.949890E-06, wHPWL 1.553500E+08, Overflow 6.916101E-01, MaxDensity 2.765E+02, gamma 3.018013E+02, time 1.385ms
[INFO   ] DREAMPlace - full step 4.071 ms
[INFO   ] DREAMPlace - optimizer step 2.216 ms
[INFO   ] DREAMPlace - iteration  399, ( 399,  0,  0), Obj 8.625794E+07, DensityWeight 2.006437E-06, wHPWL 1.553833E+08, Overflow 6.919098E-01, MaxDensity 2.726E+02, gamma 3.021843E+02, time 1.405ms
[INFO   ] DREAMPlace - full step 4.088 ms
[INFO   ] DREAMPlace - plotting to gammalocal_results/nneg/bigblue2/plot/iter0400.png takes 4.743 seconds
[INFO   ] DREAMPlace - optimizer step 8.408 ms
[INFO   ] DREAMPlace - iteration  400, ( 400,  0,  0), Obj 8.608422E+07, DensityWeight 2.097003E-06, wHPWL 1.551963E+08, Overflow 6.920959E-01, MaxDensity 2.452E+02, gamma 3.026481E+02, time 1.410ms
[INFO   ] DREAMPlace - full step 4755.083 ms
[INFO   ] DREAMPlace - gamma_local: mean(coef_net)/coef = 3.232 (norm=gamma, applied ratio 1.000)
[INFO   ] DREAMPlace - optimizer step 3.515 ms
[INFO   ] DREAMPlace - iteration  401, ( 401,  0,  0), Obj 8.623738E+07, DensityWeight 2.157816E-06, wHPWL 1.553106E+08, Overflow 6.919026E-01, MaxDensity 2.348E+02, gamma 3.029363E+02, time 1.773ms
[INFO   ] DREAMPlace - full step 5.844 ms
[INFO   ] DREAMPlace - optimizer step 2.584 ms
[INFO   ] DREAMPlace - iteration  402, ( 402,  0,  0), Obj 8.625877E+07, DensityWeight 2.229891E-06, wHPWL 1.550470E+08, Overflow 6.921530E-01, MaxDensity 2.341E+02, gamma 3.026368E+02, time 2.102ms
[INFO   ] DREAMPlace - full step 5.141 ms
[INFO   ] DREAMPlace - optimizer step 2.280 ms
[INFO   ] DREAMPlace - iteration  403, ( 403,  0,  0), Obj 8.713652E+07, DensityWeight 2.294558E-06, wHPWL 1.557887E+08, Overflow 6.921090E-01, MaxDensity 2.262E+02, gamma 3.030249E+02, time 1.414ms
[INFO   ] DREAMPlace - full step 4.138 ms
[INFO   ] DREAMPlace - optimizer step 3.389 ms
[INFO   ] DREAMPlace - iteration  404, ( 404,  0,  0), Obj 8.668960E+07, DensityWeight 2.288821E-06, wHPWL 1.552238E+08, Overflow 6.923307E-01, MaxDensity 2.312E+02, gamma 3.029566E+02, time 1.680ms
[INFO   ] DREAMPlace - full step 5.516 ms
[INFO   ] DREAMPlace - optimizer step 2.288 ms
[INFO   ] DREAMPlace - iteration  405, ( 405,  0,  0), Obj 8.698062E+07, DensityWeight 2.355197E-06, wHPWL 1.554464E+08, Overflow 6.924565E-01, MaxDensity 2.304E+02, gamma 3.033006E+02, time 1.411ms
[INFO   ] DREAMPlace - full step 4.135 ms
[INFO   ] DREAMPlace - optimizer step 2.619 ms
[INFO   ] DREAMPlace - iteration  406, ( 406,  0,  0), Obj 8.677286E+07, DensityWeight 2.397374E-06, wHPWL 1.551907E+08, Overflow 6.928442E-01, MaxDensity 1.926E+02, gamma 3.034958E+02, time 1.390ms
[INFO   ] DREAMPlace - full step 4.456 ms
[INFO   ] DREAMPlace - optimizer step 2.237 ms
[INFO   ] DREAMPlace - iteration  407, ( 407,  0,  0), Obj 8.701070E+07, DensityWeight 2.466898E-06, wHPWL 1.554134E+08, Overflow 6.933304E-01, MaxDensity 1.908E+02, gamma 3.040986E+02, time 1.403ms
[INFO   ] DREAMPlace - full step 4.093 ms
[INFO   ] DREAMPlace - optimizer step 2.256 ms
[INFO   ] DREAMPlace - iteration  408, ( 408,  0,  0), Obj 8.693434E+07, DensityWeight 2.511047E-06, wHPWL 1.553346E+08, Overflow 6.937246E-01, MaxDensity 2.032E+02, gamma 3.048560E+02, time 1.393ms
[INFO   ] DREAMPlace - full step 4.096 ms
[INFO   ] DREAMPlace - optimizer step 2.235 ms
[INFO   ] DREAMPlace - iteration  409, ( 409,  0,  0), Obj 8.702170E+07, DensityWeight 2.583867E-06, wHPWL 1.554287E+08, Overflow 6.938260E-01, MaxDensity 2.098E+02, gamma 3.054715E+02, time 1.387ms
[INFO   ] DREAMPlace - full step 4.064 ms
[INFO   ] DREAMPlace - optimizer step 2.329 ms
[INFO   ] DREAMPlace - iteration  410, ( 410,  0,  0), Obj 8.705970E+07, DensityWeight 2.677688E-06, wHPWL 1.554516E+08, Overflow 6.940038E-01, MaxDensity 1.822E+02, gamma 3.056299E+02, time 1.384ms
[INFO   ] DREAMPlace - full step 4.159 ms
[INFO   ] DREAMPlace - optimizer step 2.260 ms
[INFO   ] DREAMPlace - iteration  411, ( 411,  0,  0), Obj 8.712077E+07, DensityWeight 2.802594E-06, wHPWL 1.554910E+08, Overflow 6.940054E-01, MaxDensity 1.778E+02, gamma 3.059083E+02, time 1.400ms
[INFO   ] DREAMPlace - full step 4.113 ms
[INFO   ] DREAMPlace - optimizer step 2.246 ms
[INFO   ] DREAMPlace - iteration  412, ( 412,  0,  0), Obj 8.681622E+07, DensityWeight 2.926609E-06, wHPWL 1.554985E+08, Overflow 6.939992E-01, MaxDensity 1.653E+02, gamma 3.059108E+02, time 1.379ms
[INFO   ] DREAMPlace - full step 4.074 ms
[INFO   ] DREAMPlace - optimizer step 2.231 ms
[INFO   ] DREAMPlace - iteration  413, ( 413,  0,  0), Obj 8.754837E+07, DensityWeight 3.069747E-06, wHPWL 1.563361E+08, Overflow 6.936026E-01, MaxDensity 1.988E+02, gamma 3.059011E+02, time 1.409ms
[INFO   ] DREAMPlace - full step 4.081 ms
[INFO   ] DREAMPlace - optimizer step 2.250 ms
[INFO   ] DREAMPlace - iteration  414, ( 414,  0,  0), Obj 8.747808E+07, DensityWeight 3.062072E-06, wHPWL 1.563343E+08, Overflow 6.936333E-01, MaxDensity 2.346E+02, gamma 3.052810E+02, time 1.369ms
[INFO   ] DREAMPlace - full step 4.059 ms
[INFO   ] DREAMPlace - optimizer step 2.237 ms
[INFO   ] DREAMPlace - iteration  415, ( 415,  0,  0), Obj 8.757698E+07, DensityWeight 3.150873E-06, wHPWL 1.565050E+08, Overflow 6.935144E-01, MaxDensity 2.382E+02, gamma 3.053288E+02, time 1.418ms
[INFO   ] DREAMPlace - full step 4.100 ms
[INFO   ] DREAMPlace - optimizer step 2.208 ms
[INFO   ] DREAMPlace - iteration  416, ( 416,  0,  0), Obj 8.752642E+07, DensityWeight 3.230625E-06, wHPWL 1.564636E+08, Overflow 6.934780E-01, MaxDensity 2.271E+02, gamma 3.051432E+02, time 1.461ms
[INFO   ] DREAMPlace - full step 4.117 ms
[INFO   ] DREAMPlace - optimizer step 2.226 ms
[INFO   ] DREAMPlace - iteration  417, ( 417,  0,  0), Obj 8.743634E+07, DensityWeight 3.324313E-06, wHPWL 1.564006E+08, Overflow 6.939245E-01, MaxDensity 2.109E+02, gamma 3.050864E+02, time 1.391ms
[INFO   ] DREAMPlace - full step 4.060 ms
[INFO   ] DREAMPlace - optimizer step 2.244 ms
[INFO   ] DREAMPlace - iteration  418, ( 418,  0,  0), Obj 8.726272E+07, DensityWeight 3.420718E-06, wHPWL 1.562492E+08, Overflow 6.940246E-01, MaxDensity 2.008E+02, gamma 3.057842E+02, time 1.376ms
[INFO   ] DREAMPlace - full step 4.056 ms
[INFO   ] DREAMPlace - optimizer step 2.277 ms
[INFO   ] DREAMPlace - iteration  419, ( 419,  0,  0), Obj 8.713044E+07, DensityWeight 3.519919E-06, wHPWL 1.561474E+08, Overflow 6.941462E-01, MaxDensity 1.821E+02, gamma 3.059408E+02, time 1.392ms
[INFO   ] DREAMPlace - full step 4.107 ms
[INFO   ] DREAMPlace - optimizer step 2.254 ms
[INFO   ] DREAMPlace - iteration  420, ( 420,  0,  0), Obj 8.709812E+07, DensityWeight 3.621997E-06, wHPWL 1.561113E+08, Overflow 6.941458E-01, MaxDensity 1.634E+02, gamma 3.061312E+02, time 1.448ms
[INFO   ] DREAMPlace - full step 4.137 ms
[INFO   ] DREAMPlace - optimizer step 2.274 ms
[INFO   ] DREAMPlace - iteration  421, ( 421,  0,  0), Obj 8.692854E+07, DensityWeight 3.727035E-06, wHPWL 1.559408E+08, Overflow 6.945182E-01, MaxDensity 1.449E+02, gamma 3.061306E+02, time 1.411ms
[INFO   ] DREAMPlace - full step 4.139 ms
[INFO   ] DREAMPlace - optimizer step 2.303 ms
[INFO   ] DREAMPlace - iteration  422, ( 422,  0,  0), Obj 8.919370E+07, DensityWeight 3.835120E-06, wHPWL 1.559004E+08, Overflow 6.948100E-01, MaxDensity 1.413E+02, gamma 3.067144E+02, time 1.465ms
[INFO   ] DREAMPlace - full step 4.219 ms
[INFO   ] DREAMPlace - optimizer step 2.287 ms
[INFO   ] DREAMPlace - iteration  423, ( 423,  0,  0), Obj 9.105802E+07, DensityWeight 3.946338E-06, wHPWL 1.582181E+08, Overflow 6.943505E-01, MaxDensity 1.215E+02, gamma 3.071728E+02, time 1.415ms
[INFO   ] DREAMPlace - full step 4.169 ms
[INFO   ] DREAMPlace - optimizer step 2.280 ms
[INFO   ] DREAMPlace - iteration  424, ( 424,  0,  0), Obj 9.053805E+07, DensityWeight 3.936472E-06, wHPWL 1.579377E+08, Overflow 6.945166E-01, MaxDensity 1.159E+02, gamma 3.064515E+02, time 1.403ms
[INFO   ] DREAMPlace - full step 4.138 ms
[INFO   ] DREAMPlace - optimizer step 2.268 ms
[INFO   ] DREAMPlace - iteration  425, ( 425,  0,  0), Obj 9.082047E+07, DensityWeight 4.050630E-06, wHPWL 1.584256E+08, Overflow 6.946324E-01, MaxDensity 1.252E+02, gamma 3.067120E+02, time 1.407ms
[INFO   ] DREAMPlace - full step 4.115 ms
[INFO   ] DREAMPlace - optimizer step 2.289 ms
[INFO   ] DREAMPlace - iteration  426, ( 426,  0,  0), Obj 9.050902E+07, DensityWeight 4.040503E-06, wHPWL 1.581867E+08, Overflow 6.947827E-01, MaxDensity 1.265E+02, gamma 3.068937E+02, time 1.382ms
[INFO   ] DREAMPlace - full step 4.131 ms
[INFO   ] DREAMPlace - optimizer step 2.277 ms
[INFO   ] DREAMPlace - iteration  427, ( 427,  0,  0), Obj 9.066910E+07, DensityWeight 4.157678E-06, wHPWL 1.584417E+08, Overflow 6.944726E-01, MaxDensity 1.148E+02, gamma 3.071298E+02, time 1.412ms
[INFO   ] DREAMPlace - full step 4.133 ms
[INFO   ] DREAMPlace - optimizer step 2.290 ms
[INFO   ] DREAMPlace - iteration  428, ( 428,  0,  0), Obj 9.039792E+07, DensityWeight 4.213062E-06, wHPWL 1.582595E+08, Overflow 6.945206E-01, MaxDensity 1.097E+02, gamma 3.066430E+02, time 1.394ms
[INFO   ] DREAMPlace - full step 4.125 ms
[INFO   ] DREAMPlace - optimizer step 2.316 ms
[INFO   ] DREAMPlace - iteration  429, ( 429,  0,  0), Obj 9.046652E+07, DensityWeight 4.335241E-06, wHPWL 1.583765E+08, Overflow 6.940559E-01, MaxDensity 1.178E+02, gamma 3.067183E+02, time 1.406ms
[INFO   ] DREAMPlace - full step 4.181 ms
[INFO   ] DREAMPlace - optimizer step 2.253 ms
[INFO   ] DREAMPlace - iteration  430, ( 430,  0,  0), Obj 9.018097E+07, DensityWeight 4.478337E-06, wHPWL 1.581379E+08, Overflow 6.943306E-01, MaxDensity 1.212E+02, gamma 3.059898E+02, time 1.396ms
[INFO   ] DREAMPlace - full step 4.098 ms
[INFO   ] DREAMPlace - optimizer step 2.326 ms
[INFO   ] DREAMPlace - iteration  431, ( 431,  0,  0), Obj 9.026633E+07, DensityWeight 4.608210E-06, wHPWL 1.582323E+08, Overflow 6.938617E-01, MaxDensity 1.333E+02, gamma 3.064202E+02, time 1.390ms
[INFO   ] DREAMPlace - full step 4.156 ms
[INFO   ] DREAMPlace - optimizer step 2.260 ms
[INFO   ] DREAMPlace - iteration  432, ( 432,  0,  0), Obj 9.097738E+07, DensityWeight 4.775396E-06, wHPWL 1.580193E+08, Overflow 6.932314E-01, MaxDensity 1.442E+02, gamma 3.056859E+02, time 1.383ms
[INFO   ] DREAMPlace - full step 4.108 ms
[INFO   ] DREAMPlace - optimizer step 2.286 ms
[INFO   ] DREAMPlace - iteration  433, ( 433,  0,  0), Obj 9.231618E+07, DensityWeight 4.913882E-06, wHPWL 1.597487E+08, Overflow 6.923954E-01, MaxDensity 1.527E+02, gamma 3.047016E+02, time 1.410ms
[INFO   ] DREAMPlace - full step 4.131 ms
[INFO   ] DREAMPlace - optimizer step 2.282 ms
[INFO   ] DREAMPlace - iteration  434, ( 434,  0,  0), Obj 9.131886E+07, DensityWeight 4.901597E-06, wHPWL 1.589827E+08, Overflow 6.924763E-01, MaxDensity 1.450E+02, gamma 3.034010E+02, time 1.474ms
[INFO   ] DREAMPlace - full step 4.223 ms
[INFO   ] DREAMPlace - optimizer step 2.301 ms
[INFO   ] DREAMPlace - iteration  435, ( 435,  0,  0), Obj 9.189102E+07, DensityWeight 5.043744E-06, wHPWL 1.596793E+08, Overflow 6.920574E-01, MaxDensity 1.449E+02, gamma 3.035266E+02, time 1.421ms
[INFO   ] DREAMPlace - full step 4.164 ms
[INFO   ] DREAMPlace - optimizer step 2.251 ms
[INFO   ] DREAMPlace - iteration  436, ( 436,  0,  0), Obj 9.109949E+07, DensityWeight 5.031134E-06, wHPWL 1.589582E+08, Overflow 6.918349E-01, MaxDensity 1.409E+02, gamma 3.028767E+02, time 1.451ms
[INFO   ] DREAMPlace - full step 4.148 ms
[INFO   ] DREAMPlace - optimizer step 2.309 ms
[INFO   ] DREAMPlace - iteration  437, ( 437,  0,  0), Obj 9.117736E+07, DensityWeight 5.177037E-06, wHPWL 1.591093E+08, Overflow 6.913404E-01, MaxDensity 1.601E+02, gamma 3.025320E+02, time 1.411ms
[INFO   ] DREAMPlace - full step 4.160 ms
[INFO   ] DREAMPlace - optimizer step 2.248 ms
[INFO   ] DREAMPlace - iteration  438, ( 438,  0,  0), Obj 9.056668E+07, DensityWeight 5.322537E-06, wHPWL 1.585590E+08, Overflow 6.913939E-01, MaxDensity 1.453E+02, gamma 3.017675E+02, time 1.381ms
[INFO   ] DREAMPlace - full step 4.066 ms
[INFO   ] DREAMPlace - optimizer step 2.352 ms
[INFO   ] DREAMPlace - iteration  439, ( 439,  0,  0), Obj 9.045993E+07, DensityWeight 5.476891E-06, wHPWL 1.585180E+08, Overflow 6.914575E-01, MaxDensity 1.430E+02, gamma 3.018502E+02, time 1.392ms
[INFO   ] DREAMPlace - full step 4.179 ms
[INFO   ] DREAMPlace - plotting to gammalocal_results/nneg/bigblue2/plot/iter0440.png takes 4.729 seconds
[INFO   ] DREAMPlace - optimizer step 4.891 ms
[INFO   ] DREAMPlace - iteration  440, ( 440,  0,  0), Obj 9.018054E+07, DensityWeight 5.635721E-06, wHPWL 1.582687E+08, Overflow 6.913745E-01, MaxDensity 1.248E+02, gamma 3.019484E+02, time 1.367ms
[INFO   ] DREAMPlace - full step 4737.816 ms
[INFO   ] DREAMPlace - optimizer step 2.342 ms
[INFO   ] DREAMPlace - iteration  441, ( 441,  0,  0), Obj 8.989443E+07, DensityWeight 5.799157E-06, wHPWL 1.579988E+08, Overflow 6.909643E-01, MaxDensity 1.249E+02, gamma 3.018203E+02, time 1.461ms
[INFO   ] DREAMPlace - full step 4.467 ms
[INFO   ] DREAMPlace - optimizer step 2.321 ms
[INFO   ] DREAMPlace - iteration  442, ( 442,  0,  0), Obj 8.998751E+07, DensityWeight 5.967333E-06, wHPWL 1.576768E+08, Overflow 6.902988E-01, MaxDensity 1.245E+02, gamma 3.011874E+02, time 1.405ms
[INFO   ] DREAMPlace - full step 4.197 ms
[INFO   ] DREAMPlace - optimizer step 2.325 ms
[INFO   ] DREAMPlace - iteration  443, ( 443,  0,  0), Obj 9.130528E+07, DensityWeight 6.140386E-06, wHPWL 1.590665E+08, Overflow 6.889125E-01, MaxDensity 1.165E+02, gamma 3.001634E+02, time 1.402ms
[INFO   ] DREAMPlace - full step 4.207 ms
[INFO   ] DREAMPlace - optimizer step 2.333 ms
[INFO   ] DREAMPlace - iteration  444, ( 444,  0,  0), Obj 9.003127E+07, DensityWeight 6.125035E-06, wHPWL 1.577457E+08, Overflow 6.887982E-01, MaxDensity 1.196E+02, gamma 2.980418E+02, time 1.413ms
[INFO   ] DREAMPlace - full step 4.240 ms
[INFO   ] DREAMPlace - optimizer step 2.350 ms
[INFO   ] DREAMPlace - iteration  445, ( 445,  0,  0), Obj 9.052445E+07, DensityWeight 6.302661E-06, wHPWL 1.581321E+08, Overflow 6.878100E-01, MaxDensity 1.186E+02, gamma 2.978675E+02, time 1.738ms
[INFO   ] DREAMPlace - full step 4.574 ms
[INFO   ] DREAMPlace - optimizer step 14.341 ms
[INFO   ] DREAMPlace - iteration  446, ( 446,  0,  0), Obj 8.969791E+07, DensityWeight 6.286904E-06, wHPWL 1.572407E+08, Overflow 6.868750E-01, MaxDensity 1.128E+02, gamma 2.963652E+02, time 1.389ms
[INFO   ] DREAMPlace - full step 16.208 ms
[INFO   ] DREAMPlace - optimizer step 2.352 ms
[INFO   ] DREAMPlace - iteration  447, ( 447,  0,  0), Obj 8.972783E+07, DensityWeight 6.469224E-06, wHPWL 1.572439E+08, Overflow 6.858544E-01, MaxDensity 1.049E+02, gamma 2.949507E+02, time 1.416ms
[INFO   ] DREAMPlace - full step 4.238 ms
[INFO   ] DREAMPlace - optimizer step 2.269 ms
[INFO   ] DREAMPlace - iteration  448, ( 448,  0,  0), Obj 8.901527E+07, DensityWeight 6.789626E-06, wHPWL 1.565776E+08, Overflow 6.855212E-01, MaxDensity 1.057E+02, gamma 2.934144E+02, time 1.389ms
[INFO   ] DREAMPlace - full step 4.125 ms
[INFO   ] DREAMPlace - optimizer step 2.327 ms
[INFO   ] DREAMPlace - iteration  449, ( 449,  0,  0), Obj 8.887323E+07, DensityWeight 6.986525E-06, wHPWL 1.564688E+08, Overflow 6.845899E-01, MaxDensity 1.031E+02, gamma 2.929146E+02, time 1.402ms
[INFO   ] DREAMPlace - full step 4.187 ms
[INFO   ] DREAMPlace - optimizer step 2.258 ms
[INFO   ] DREAMPlace - iteration  450, ( 450,  0,  0), Obj 8.849750E+07, DensityWeight 7.189135E-06, wHPWL 1.561089E+08, Overflow 6.836349E-01, MaxDensity 1.011E+02, gamma 2.915221E+02, time 1.388ms
[INFO   ] DREAMPlace - full step 4.108 ms
[INFO   ] DREAMPlace - optimizer step 2.249 ms
[INFO   ] DREAMPlace - iteration  451, ( 451,  0,  0), Obj 8.819030E+07, DensityWeight 7.397620E-06, wHPWL 1.557879E+08, Overflow 6.823952E-01, MaxDensity 9.859E+01, gamma 2.901009E+02, time 1.392ms
[INFO   ] DREAMPlace - full step 4.110 ms
[INFO   ] DREAMPlace - optimizer step 2.236 ms
[INFO   ] DREAMPlace - iteration  452, ( 452,  0,  0), Obj 9.026198E+07, DensityWeight 7.612151E-06, wHPWL 1.554801E+08, Overflow 6.813003E-01, MaxDensity 9.190E+01, gamma 2.882666E+02, time 1.385ms
[INFO   ] DREAMPlace - full step 4.119 ms
[INFO   ] DREAMPlace - optimizer step 2.214 ms
[INFO   ] DREAMPlace - iteration  453, ( 453,  0,  0), Obj 9.159836E+07, DensityWeight 7.832904E-06, wHPWL 1.570746E+08, Overflow 6.792388E-01, MaxDensity 1.302E+02, gamma 2.866560E+02, time 1.401ms
[INFO   ] DREAMPlace - full step 4.080 ms
[INFO   ] DREAMPlace - optimizer step 2.256 ms
[INFO   ] DREAMPlace - iteration  454, ( 454,  0,  0), Obj 9.066013E+07, DensityWeight 7.813322E-06, wHPWL 1.563190E+08, Overflow 6.780747E-01, MaxDensity 1.209E+02, gamma 2.836483E+02, time 1.367ms
[INFO   ] DREAMPlace - full step 4.084 ms
[INFO   ] DREAMPlace - optimizer step 2.263 ms
[INFO   ] DREAMPlace - iteration  455, ( 455,  0,  0), Obj 9.087267E+07, DensityWeight 8.039909E-06, wHPWL 1.566748E+08, Overflow 6.762211E-01, MaxDensity 9.991E+01, gamma 2.819637E+02, time 1.399ms
[INFO   ] DREAMPlace - full step 4.117 ms
[INFO   ] DREAMPlace - optimizer step 2.239 ms
[INFO   ] DREAMPlace - iteration  456, ( 456,  0,  0), Obj 9.027872E+07, DensityWeight 8.033419E-06, wHPWL 1.561461E+08, Overflow 6.747305E-01, MaxDensity 1.265E+02, gamma 2.793020E+02, time 1.381ms
[INFO   ] DREAMPlace - full step 4.083 ms
[INFO   ] DREAMPlace - optimizer step 3.613 ms
[INFO   ] DREAMPlace - iteration  457, ( 457,  0,  0), Obj 9.004614E+07, DensityWeight 8.266389E-06, wHPWL 1.559712E+08, Overflow 6.735277E-01, MaxDensity 1.192E+02, gamma 2.771798E+02, time 1.410ms
[INFO   ] DREAMPlace - full step 5.482 ms
[INFO   ] DREAMPlace - optimizer step 2.273 ms
[INFO   ] DREAMPlace - iteration  458, ( 458,  0,  0), Obj 8.968313E+07, DensityWeight 8.506115E-06, wHPWL 1.556370E+08, Overflow 6.719310E-01, MaxDensity 1.142E+02, gamma 2.754791E+02, time 3.232ms
[INFO   ] DREAMPlace - full step 5.985 ms
[INFO   ] DREAMPlace - optimizer step 2.241 ms
[INFO   ] DREAMPlace - iteration  459, ( 459,  0,  0), Obj 8.943241E+07, DensityWeight 8.752792E-06, wHPWL 1.554291E+08, Overflow 6.702526E-01, MaxDensity 9.320E+01, gamma 2.732375E+02, time 1.392ms
[INFO   ] DREAMPlace - full step 4.110 ms
[INFO   ] DREAMPlace - optimizer step 2.246 ms
[INFO   ] DREAMPlace - iteration  460, ( 460,  0,  0), Obj 8.909622E+07, DensityWeight 9.006624E-06, wHPWL 1.551070E+08, Overflow 6.686084E-01, MaxDensity 1.195E+02, gamma 2.709011E+02, time 1.373ms
[INFO   ] DREAMPlace - full step 4.078 ms
[INFO   ] DREAMPlace - optimizer step 2.231 ms
[INFO   ] DREAMPlace - iteration  461, ( 461,  0,  0), Obj 8.895977E+07, DensityWeight 9.267816E-06, wHPWL 1.549580E+08, Overflow 6.669636E-01, MaxDensity 1.113E+02, gamma 2.686316E+02, time 1.409ms
[INFO   ] DREAMPlace - full step 4.103 ms
[INFO   ] DREAMPlace - optimizer step 2.227 ms
[INFO   ] DREAMPlace - iteration  462, ( 462,  0,  0), Obj 9.218219E+07, DensityWeight 9.536584E-06, wHPWL 1.546207E+08, Overflow 6.657052E-01, MaxDensity 9.687E+01, gamma 2.663802E+02, time 1.383ms
[INFO   ] DREAMPlace - full step 4.069 ms
[INFO   ] DREAMPlace - optimizer step 2.227 ms
[INFO   ] DREAMPlace - iteration  463, ( 463,  0,  0), Obj 9.305845E+07, DensityWeight 9.813145E-06, wHPWL 1.556335E+08, Overflow 6.640293E-01, MaxDensity 1.351E+02, gamma 2.646704E+02, time 1.377ms
[INFO   ] DREAMPlace - full step 4.069 ms
[INFO   ] DREAMPlace - optimizer step 2.223 ms
[INFO   ] DREAMPlace - iteration  464, ( 464,  0,  0), Obj 9.206498E+07, DensityWeight 9.788611E-06, wHPWL 1.548692E+08, Overflow 6.628625E-01, MaxDensity 1.204E+02, gamma 2.624105E+02, time 8.494ms
[INFO   ] DREAMPlace - full step 11.179 ms
[INFO   ] DREAMPlace - optimizer step 2.278 ms
[INFO   ] DREAMPlace - iteration  465, ( 465,  0,  0), Obj 9.255619E+07, DensityWeight 1.007248E-05, wHPWL 1.554933E+08, Overflow 6.614015E-01, MaxDensity 8.821E+01, gamma 2.608485E+02, time 11.051ms
[INFO   ] DREAMPlace - full step 13.787 ms
[INFO   ] DREAMPlace - optimizer step 8.582 ms
[INFO   ] DREAMPlace - iteration  466, ( 466,  0,  0), Obj 9.215386E+07, DensityWeight 1.004730E-05, wHPWL 1.551316E+08, Overflow 6.599352E-01, MaxDensity 9.161E+01, gamma 2.589057E+02, time 1.382ms
[INFO   ] DREAMPlace - full step 10.432 ms
[INFO   ] DREAMPlace - optimizer step 2.373 ms
[INFO   ] DREAMPlace - iteration  467, ( 467,  0,  0), Obj 9.210354E+07, DensityWeight 1.033867E-05, wHPWL 1.551226E+08, Overflow 6.591804E-01, MaxDensity 7.907E+01, gamma 2.569705E+02, time 4.839ms
[INFO   ] DREAMPlace - full step 7.681 ms
[INFO   ] DREAMPlace - optimizer step 2.235 ms
[INFO   ] DREAMPlace - iteration  468, ( 468,  0,  0), Obj 9.189838E+07, DensityWeight 1.063849E-05, wHPWL 1.549424E+08, Overflow 6.583425E-01, MaxDensity 8.040E+01, gamma 2.559799E+02, time 1.376ms
[INFO   ] DREAMPlace - full step 4.075 ms
[INFO   ] DREAMPlace - optimizer step 2.306 ms
[INFO   ] DREAMPlace - iteration  469, ( 469,  0,  0), Obj 9.188174E+07, DensityWeight 1.094701E-05, wHPWL 1.549536E+08, Overflow 6.575500E-01, MaxDensity 7.293E+01, gamma 2.548848E+02, time 1.432ms
[INFO   ] DREAMPlace - full step 4.244 ms
[INFO   ] DREAMPlace - optimizer step 2.286 ms
[INFO   ] DREAMPlace - iteration  470, ( 470,  0,  0), Obj 9.171879E+07, DensityWeight 1.147630E-05, wHPWL 1.547854E+08, Overflow 6.569548E-01, MaxDensity 7.261E+01, gamma 2.538533E+02, time 1.398ms
[INFO   ] DREAMPlace - full step 4.182 ms
[INFO   ] DREAMPlace - optimizer step 2.360 ms
[INFO   ] DREAMPlace - iteration  471, ( 471,  0,  0), Obj 9.185200E+07, DensityWeight 1.180911E-05, wHPWL 1.549004E+08, Overflow 6.567612E-01, MaxDensity 8.538E+01, gamma 2.530813E+02, time 1.430ms
[INFO   ] DREAMPlace - full step 4.260 ms
[INFO   ] DREAMPlace - optimizer step 2.261 ms
[INFO   ] DREAMPlace - iteration  472, ( 472,  0,  0), Obj 9.448786E+07, DensityWeight 1.220244E-05, wHPWL 1.548241E+08, Overflow 6.561747E-01, MaxDensity 7.856E+01, gamma 2.528307E+02, time 1.370ms
[INFO   ] DREAMPlace - full step 4.099 ms
[INFO   ] DREAMPlace - optimizer step 2.227 ms
[INFO   ] DREAMPlace - iteration  473, ( 473,  0,  0), Obj 9.600393E+07, DensityWeight 1.255632E-05, wHPWL 1.563946E+08, Overflow 6.540535E-01, MaxDensity 8.388E+01, gamma 2.520732E+02, time 1.385ms
[INFO   ] DREAMPlace - full step 4.094 ms
[INFO   ] DREAMPlace - optimizer step 2.419 ms
[INFO   ] DREAMPlace - iteration  474, ( 474,  0,  0), Obj 9.560861E+07, DensityWeight 1.252493E-05, wHPWL 1.561413E+08, Overflow 6.527993E-01, MaxDensity 7.966E+01, gamma 2.493520E+02, time 1.431ms
[INFO   ] DREAMPlace - full step 4.342 ms
[INFO   ] DREAMPlace - optimizer step 2.326 ms
[INFO   ] DREAMPlace - iteration  475, ( 475,  0,  0), Obj 9.612937E+07, DensityWeight 1.288815E-05, wHPWL 1.567725E+08, Overflow 6.514832E-01, MaxDensity 7.665E+01, gamma 2.477568E+02, time 1.434ms
[INFO   ] DREAMPlace - full step 4.239 ms
[INFO   ] DREAMPlace - optimizer step 2.289 ms
[INFO   ] DREAMPlace - iteration  476, ( 476,  0,  0), Obj 9.624106E+07, DensityWeight 1.285593E-05, wHPWL 1.569180E+08, Overflow 6.501421E-01, MaxDensity 7.749E+01, gamma 2.460939E+02, time 1.412ms
[INFO   ] DREAMPlace - full step 4.182 ms
[INFO   ] DREAMPlace - optimizer step 2.262 ms
[INFO   ] DREAMPlace - iteration  477, ( 477,  0,  0), Obj 9.645682E+07, DensityWeight 1.322774E-05, wHPWL 1.571736E+08, Overflow 6.489395E-01, MaxDensity 7.655E+01, gamma 2.444110E+02, time 1.419ms
[INFO   ] DREAMPlace - full step 4.160 ms
[INFO   ] DREAMPlace - optimizer step 2.276 ms
[INFO   ] DREAMPlace - iteration  478, ( 478,  0,  0), Obj 9.664941E+07, DensityWeight 1.340305E-05, wHPWL 1.574018E+08, Overflow 6.477348E-01, MaxDensity 6.636E+01, gamma 2.429117E+02, time 1.405ms
[INFO   ] DREAMPlace - full step 4.157 ms
[INFO   ] DREAMPlace - optimizer step 2.281 ms
[INFO   ] DREAMPlace - iteration  479, ( 479,  0,  0), Obj 9.691384E+07, DensityWeight 1.363243E-05, wHPWL 1.576973E+08, Overflow 6.465942E-01, MaxDensity 6.517E+01, gamma 2.414189E+02, time 1.398ms
[INFO   ] DREAMPlace - full step 4.158 ms
[INFO   ] DREAMPlace - plotting to gammalocal_results/nneg/bigblue2/plot/iter0480.png takes 4.768 seconds
[INFO   ] DREAMPlace - optimizer step 4.548 ms
[INFO   ] DREAMPlace - iteration  480, ( 480,  0,  0), Obj 9.713147E+07, DensityWeight 1.373644E-05, wHPWL 1.579119E+08, Overflow 6.456553E-01, MaxDensity 6.601E+01, gamma 2.400140E+02, time 1.390ms
[INFO   ] DREAMPlace - full step 4775.762 ms
[INFO   ] DREAMPlace - optimizer step 2.461 ms
[INFO   ] DREAMPlace - iteration  481, ( 481,  0,  0), Obj 9.742370E+07, DensityWeight 1.399816E-05, wHPWL 1.581960E+08, Overflow 6.443339E-01, MaxDensity 6.125E+01, gamma 2.388636E+02, time 1.487ms
[INFO   ] DREAMPlace - full step 4.497 ms
[INFO   ] DREAMPlace - optimizer step 2.408 ms
[INFO   ] DREAMPlace - iteration  482, ( 482,  0,  0), Obj 9.963506E+07, DensityWeight 1.412733E-05, wHPWL 1.584041E+08, Overflow 6.425782E-01, MaxDensity 6.012E+01, gamma 2.372541E+02, time 1.401ms
[INFO   ] DREAMPlace - full step 4.286 ms
[INFO   ] DREAMPlace - optimizer step 2.461 ms
[INFO   ] DREAMPlace - iteration  483, ( 483,  0,  0), Obj 1.019743E+08, DensityWeight 1.440966E-05, wHPWL 1.608568E+08, Overflow 6.396094E-01, MaxDensity 6.416E+01, gamma 2.351322E+02, time 1.426ms
[INFO   ] DREAMPlace - full step 4.370 ms
[INFO   ] DREAMPlace - optimizer step 2.553 ms
[INFO   ] DREAMPlace - iteration  484, ( 484,  0,  0), Obj 1.011476E+08, DensityWeight 1.437364E-05, wHPWL 1.599284E+08, Overflow 6.390892E-01, MaxDensity 6.549E+01, gamma 2.315873E+02, time 1.411ms
[INFO   ] DREAMPlace - full step 4.444 ms
[INFO   ] DREAMPlace - optimizer step 2.243 ms
[INFO   ] DREAMPlace - iteration  485, ( 485,  0,  0), Obj 1.019750E+08, DensityWeight 1.479047E-05, wHPWL 1.606921E+08, Overflow 6.381037E-01, MaxDensity 6.317E+01, gamma 2.309717E+02, time 1.410ms
[INFO   ] DREAMPlace - full step 4.110 ms
[INFO   ] DREAMPlace - optimizer step 2.245 ms
[INFO   ] DREAMPlace - iteration  486, ( 486,  0,  0), Obj 1.017137E+08, DensityWeight 1.475350E-05, wHPWL 1.603845E+08, Overflow 6.373114E-01, MaxDensity 6.444E+01, gamma 2.298099E+02, time 1.372ms
[INFO   ] DREAMPlace - full step 4.094 ms
[INFO   ] DREAMPlace - optimizer step 2.535 ms
[INFO   ] DREAMPlace - iteration  487, ( 487,  0,  0), Obj 1.021650E+08, DensityWeight 1.518135E-05, wHPWL 1.608747E+08, Overflow 6.360902E-01, MaxDensity 7.404E+01, gamma 2.288801E+02, time 1.392ms
[INFO   ] DREAMPlace - full step 4.396 ms
[INFO   ] DREAMPlace - optimizer step 4.019 ms
[INFO   ] DREAMPlace - iteration  488, ( 488,  0,  0), Obj 1.020206E+08, DensityWeight 1.514339E-05, wHPWL 1.607707E+08, Overflow 6.349512E-01, MaxDensity 6.611E+01, gamma 2.274544E+02, time 1.384ms
[INFO   ] DREAMPlace - full step 5.864 ms
[INFO   ] DREAMPlace - optimizer step 2.302 ms
[INFO   ] DREAMPlace - iteration  489, ( 489,  0,  0), Obj 1.021899E+08, DensityWeight 1.558255E-05, wHPWL 1.609577E+08, Overflow 6.337448E-01, MaxDensity 6.213E+01, gamma 2.261326E+02, time 1.534ms
[INFO   ] DREAMPlace - full step 4.313 ms
[INFO   ] DREAMPlace - optimizer step 2.261 ms
[INFO   ] DREAMPlace - iteration  490, ( 490,  0,  0), Obj 1.022648E+08, DensityWeight 1.594062E-05, wHPWL 1.610397E+08, Overflow 6.320000E-01, MaxDensity 5.780E+01, gamma 2.247411E+02, time 1.393ms
[INFO   ] DREAMPlace - full step 4.111 ms
[INFO   ] DREAMPlace - optimizer step 2.244 ms
[INFO   ] DREAMPlace - iteration  491, ( 491,  0,  0), Obj 1.022811E+08, DensityWeight 1.654742E-05, wHPWL 1.610323E+08, Overflow 6.305213E-01, MaxDensity 5.391E+01, gamma 2.227434E+02, time 1.379ms
[INFO   ] DREAMPlace - full step 4.092 ms
[INFO   ] DREAMPlace - optimizer step 2.267 ms
[INFO   ] DREAMPlace - iteration  492, ( 492,  0,  0), Obj 1.045777E+08, DensityWeight 1.702729E-05, wHPWL 1.611136E+08, Overflow 6.285776E-01, MaxDensity 5.295E+01, gamma 2.210645E+02, time 1.402ms
[INFO   ] DREAMPlace - full step 4.149 ms
[INFO   ] DREAMPlace - optimizer step 2.578 ms
[INFO   ] DREAMPlace - iteration  493, ( 493,  0,  0), Obj 1.066226E+08, DensityWeight 1.767734E-05, wHPWL 1.632576E+08, Overflow 6.255033E-01, MaxDensity 6.912E+01, gamma 2.188768E+02, time 1.410ms
[INFO   ] DREAMPlace - full step 4.467 ms
[INFO   ] DREAMPlace - optimizer step 2.533 ms
[INFO   ] DREAMPlace - iteration  494, ( 494,  0,  0), Obj 1.056484E+08, DensityWeight 1.763315E-05, wHPWL 1.622369E+08, Overflow 6.243435E-01, MaxDensity 7.938E+01, gamma 2.154606E+02, time 2.211ms
[INFO   ] DREAMPlace - full step 5.202 ms
[INFO   ] DREAMPlace - optimizer step 2.250 ms
[INFO   ] DREAMPlace - iteration  495, ( 495,  0,  0), Obj 1.061998E+08, DensityWeight 1.814451E-05, wHPWL 1.628107E+08, Overflow 6.228644E-01, MaxDensity 6.390E+01, gamma 2.141857E+02, time 1.388ms
[INFO   ] DREAMPlace - full step 4.090 ms
[INFO   ] DREAMPlace - optimizer step 2.229 ms
[INFO   ] DREAMPlace - iteration  496, ( 496,  0,  0), Obj 1.056934E+08, DensityWeight 1.809915E-05, wHPWL 1.623117E+08, Overflow 6.222341E-01, MaxDensity 5.584E+01, gamma 2.125708E+02, time 1.381ms
[INFO   ] DREAMPlace - full step 4.091 ms
[INFO   ] DREAMPlace - optimizer step 2.225 ms
[INFO   ] DREAMPlace - iteration  497, ( 497,  0,  0), Obj 1.056757E+08, DensityWeight 1.862403E-05, wHPWL 1.623600E+08, Overflow 6.216665E-01, MaxDensity 4.685E+01, gamma 2.118864E+02, time 1.395ms
[INFO   ] DREAMPlace - full step 4.076 ms
[INFO   ] DREAMPlace - optimizer step 2.247 ms
[INFO   ] DREAMPlace - iteration  498, ( 498,  0,  0), Obj 1.053856E+08, DensityWeight 1.942391E-05, wHPWL 1.621031E+08, Overflow 6.209280E-01, MaxDensity 4.243E+01, gamma 2.112719E+02, time 1.377ms
[INFO   ] DREAMPlace - full step 4.097 ms
[INFO   ] DREAMPlace - optimizer step 2.220 ms
[INFO   ] DREAMPlace - iteration  499, ( 499,  0,  0), Obj 1.051717E+08, DensityWeight 1.998720E-05, wHPWL 1.619367E+08, Overflow 6.198204E-01, MaxDensity 3.856E+01, gamma 2.104751E+02, time 1.400ms
[INFO   ] DREAMPlace - full step 4.089 ms
[INFO   ] DREAMPlace - optimizer step 2.442 ms
[INFO   ] DREAMPlace - iteration  500, ( 500,  0,  0), Obj 1.049760E+08, DensityWeight 2.056683E-05, wHPWL 1.617458E+08, Overflow 6.186476E-01, MaxDensity 3.789E+01, gamma 2.092854E+02, time 1.391ms
[INFO   ] DREAMPlace - full step 4.301 ms
[INFO   ] DREAMPlace - gamma_local: mean(coef_net)/coef = 4.089 (norm=gamma, applied ratio 1.000)
[INFO   ] DREAMPlace - optimizer step 2.233 ms
[INFO   ] DREAMPlace - iteration  501, ( 501,  0,  0), Obj 1.047770E+08, DensityWeight 2.116327E-05, wHPWL 1.615474E+08, Overflow 6.177893E-01, MaxDensity 3.463E+01, gamma 2.080334E+02, time 1.400ms
[INFO   ] DREAMPlace - full step 4.097 ms
[INFO   ] DREAMPlace - optimizer step 2.226 ms
[INFO   ] DREAMPlace - iteration  502, ( 502,  0,  0), Obj 1.069159E+08, DensityWeight 2.177700E-05, wHPWL 1.614288E+08, Overflow 6.166990E-01, MaxDensity 3.277E+01, gamma 2.071217E+02, time 1.396ms
[INFO   ] DREAMPlace - full step 4.085 ms
[INFO   ] DREAMPlace - optimizer step 2.228 ms
[INFO   ] DREAMPlace - iteration  503, ( 503,  0,  0), Obj 1.087292E+08, DensityWeight 2.240854E-05, wHPWL 1.632589E+08, Overflow 6.145344E-01, MaxDensity 3.742E+01, gamma 2.059694E+02, time 1.422ms
[INFO   ] DREAMPlace - full step 4.109 ms
[INFO   ] DREAMPlace - optimizer step 2.212 ms
[INFO   ] DREAMPlace - iteration  504, ( 504,  0,  0), Obj 1.072303E+08, DensityWeight 2.235252E-05, wHPWL 1.617759E+08, Overflow 6.151577E-01, MaxDensity 3.766E+01, gamma 2.037007E+02, time 1.385ms
[INFO   ] DREAMPlace - full step 4.067 ms
[INFO   ] DREAMPlace - optimizer step 2.232 ms
[INFO   ] DREAMPlace - iteration  505, ( 505,  0,  0), Obj 1.077865E+08, DensityWeight 2.300074E-05, wHPWL 1.623869E+08, Overflow 6.141854E-01, MaxDensity 3.672E+01, gamma 2.043514E+02, time 1.397ms
[INFO   ] DREAMPlace - full step 4.094 ms
[INFO   ] DREAMPlace - optimizer step 2.238 ms
[INFO   ] DREAMPlace - iteration  506, ( 506,  0,  0), Obj 1.072365E+08, DensityWeight 2.294324E-05, wHPWL 1.619137E+08, Overflow 6.137765E-01, MaxDensity 3.949E+01, gamma 2.033372E+02, time 1.369ms
[INFO   ] DREAMPlace - full step 4.067 ms
[INFO   ] DREAMPlace - optimizer step 2.263 ms
[INFO   ] DREAMPlace - iteration  507, ( 507,  0,  0), Obj 1.072131E+08, DensityWeight 2.360859E-05, wHPWL 1.620039E+08, Overflow 6.122889E-01, MaxDensity 3.743E+01, gamma 2.029123E+02, time 1.400ms
[INFO   ] DREAMPlace - full step 4.122 ms
[INFO   ] DREAMPlace - optimizer step 2.215 ms
[INFO   ] DREAMPlace - iteration  508, ( 508,  0,  0), Obj 1.068582E+08, DensityWeight 2.447936E-05, wHPWL 1.617276E+08, Overflow 6.111550E-01, MaxDensity 4.087E+01, gamma 2.013736E+02, time 1.384ms
[INFO   ] DREAMPlace - full step 4.053 ms
[INFO   ] DREAMPlace - optimizer step 2.250 ms
[INFO   ] DREAMPlace - iteration  509, ( 509,  0,  0), Obj 1.066813E+08, DensityWeight 2.518926E-05, wHPWL 1.616083E+08, Overflow 6.099160E-01, MaxDensity 4.030E+01, gamma 2.002086E+02, time 1.383ms
[INFO   ] DREAMPlace - full step 4.111 ms
[INFO   ] DREAMPlace - optimizer step 2.237 ms
[INFO   ] DREAMPlace - iteration  510, ( 510,  0,  0), Obj 1.064751E+08, DensityWeight 2.591975E-05, wHPWL 1.614505E+08, Overflow 6.082551E-01, MaxDensity 4.096E+01, gamma 1.989434E+02, time 1.372ms
[INFO   ] DREAMPlace - full step 4.065 ms
[INFO   ] DREAMPlace - optimizer step 2.263 ms
[INFO   ] DREAMPlace - iteration  511, ( 511,  0,  0), Obj 1.062951E+08, DensityWeight 2.667143E-05, wHPWL 1.612842E+08, Overflow 6.063997E-01, MaxDensity 3.902E+01, gamma 1.972598E+02, time 1.389ms
[INFO   ] DREAMPlace - full step 4.114 ms
[INFO   ] DREAMPlace - optimizer step 2.303 ms
[INFO   ] DREAMPlace - iteration  512, ( 512,  0,  0), Obj 1.080730E+08, DensityWeight 2.744490E-05, wHPWL 1.610698E+08, Overflow 6.047909E-01, MaxDensity 4.356E+01, gamma 1.953959E+02, time 1.391ms
[INFO   ] DREAMPlace - full step 4.154 ms
[INFO   ] DREAMPlace - optimizer step 2.388 ms
[INFO   ] DREAMPlace - iteration  513, ( 513,  0,  0), Obj 1.104306E+08, DensityWeight 2.824080E-05, wHPWL 1.634618E+08, Overflow 6.005775E-01, MaxDensity 4.442E+01, gamma 1.937940E+02, time 1.427ms
[INFO   ] DREAMPlace - full step 4.287 ms
[INFO   ] DREAMPlace - optimizer step 3.092 ms
[INFO   ] DREAMPlace - iteration  514, ( 514,  0,  0), Obj 1.088400E+08, DensityWeight 2.817020E-05, wHPWL 1.618111E+08, Overflow 5.999041E-01, MaxDensity 4.654E+01, gamma 1.896606E+02, time 1.395ms
[INFO   ] DREAMPlace - full step 5.035 ms
[INFO   ] DREAMPlace - optimizer step 2.446 ms
[INFO   ] DREAMPlace - iteration  515, ( 515,  0,  0), Obj 1.094956E+08, DensityWeight 2.898713E-05, wHPWL 1.624733E+08, Overflow 5.982058E-01, MaxDensity 4.024E+01, gamma 1.890083E+02, time 2.074ms
[INFO   ] DREAMPlace - full step 4.998 ms
[INFO   ] DREAMPlace - optimizer step 2.262 ms
[INFO   ] DREAMPlace - iteration  516, ( 516,  0,  0), Obj 1.089595E+08, DensityWeight 2.891466E-05, wHPWL 1.620079E+08, Overflow 5.965812E-01, MaxDensity 4.082E+01, gamma 1.873729E+02, time 1.390ms
[INFO   ] DREAMPlace - full step 4.118 ms
[INFO   ] DREAMPlace - optimizer step 2.331 ms
[INFO   ] DREAMPlace - iteration  517, ( 517,  0,  0), Obj 1.091271E+08, DensityWeight 2.975319E-05, wHPWL 1.622964E+08, Overflow 5.947008E-01, MaxDensity 3.695E+01, gamma 1.858217E+02, time 1.396ms
[INFO   ] DREAMPlace - full step 4.216 ms
[INFO   ] DREAMPlace - optimizer step 2.244 ms
[INFO   ] DREAMPlace - iteration  518, ( 518,  0,  0), Obj 1.086922E+08, DensityWeight 3.000958E-05, wHPWL 1.619161E+08, Overflow 5.932041E-01, MaxDensity 3.543E+01, gamma 1.840424E+02, time 1.386ms
[INFO   ] DREAMPlace - full step 4.085 ms
[INFO   ] DREAMPlace - optimizer step 2.338 ms
[INFO   ] DREAMPlace - iteration  519, ( 519,  0,  0), Obj 1.086402E+08, DensityWeight 3.087986E-05, wHPWL 1.619100E+08, Overflow 5.916151E-01, MaxDensity 3.225E+01, gamma 1.826383E+02, time 1.398ms
[INFO   ] DREAMPlace - full step 4.198 ms
[INFO   ] DREAMPlace - plotting to gammalocal_results/nneg/bigblue2/plot/iter0520.png takes 4.703 seconds
[INFO   ] DREAMPlace - optimizer step 10.530 ms
[INFO   ] DREAMPlace - iteration  520, ( 520,  0,  0), Obj 1.084393E+08, DensityWeight 3.177538E-05, wHPWL 1.617233E+08, Overflow 5.894948E-01, MaxDensity 3.249E+01, gamma 1.811594E+02, time 1.397ms
[INFO   ] DREAMPlace - full step 4717.394 ms
[INFO   ] DREAMPlace - optimizer step 2.585 ms
[INFO   ] DREAMPlace - iteration  521, ( 521,  0,  0), Obj 1.082836E+08, DensityWeight 3.269687E-05, wHPWL 1.615727E+08, Overflow 5.878438E-01, MaxDensity 2.982E+01, gamma 1.792045E+02, time 3.193ms
[INFO   ] DREAMPlace - full step 6.354 ms
[INFO   ] DREAMPlace - optimizer step 2.447 ms
[INFO   ] DREAMPlace - iteration  522, ( 522,  0,  0), Obj 1.113227E+08, DensityWeight 3.364508E-05, wHPWL 1.613819E+08, Overflow 5.856308E-01, MaxDensity 2.875E+01, gamma 1.776970E+02, time 1.428ms
[INFO   ] DREAMPlace - full step 4.395 ms
[INFO   ] DREAMPlace - optimizer step 2.485 ms
[INFO   ] DREAMPlace - iteration  523, ( 523,  0,  0), Obj 1.131014E+08, DensityWeight 3.462079E-05, wHPWL 1.632599E+08, Overflow 5.829147E-01, MaxDensity 3.002E+01, gamma 1.756962E+02, time 1.434ms
[INFO   ] DREAMPlace - full step 4.401 ms
[INFO   ] DREAMPlace - optimizer step 2.414 ms
[INFO   ] DREAMPlace - iteration  524, ( 524,  0,  0), Obj 1.115769E+08, DensityWeight 3.453423E-05, wHPWL 1.616763E+08, Overflow 5.822651E-01, MaxDensity 3.200E+01, gamma 1.732712E+02, time 1.423ms
[INFO   ] DREAMPlace - full step 4.357 ms
[INFO   ] DREAMPlace - optimizer step 2.352 ms
[INFO   ] DREAMPlace - iteration  525, ( 525,  0,  0), Obj 1.121246E+08, DensityWeight 3.553573E-05, wHPWL 1.621883E+08, Overflow 5.802294E-01, MaxDensity 3.506E+01, gamma 1.726963E+02, time 1.450ms
[INFO   ] DREAMPlace - full step 4.300 ms
[INFO   ] DREAMPlace - optimizer step 2.309 ms
[INFO   ] DREAMPlace - iteration  526, ( 526,  0,  0), Obj 1.113530E+08, DensityWeight 3.544689E-05, wHPWL 1.613844E+08, Overflow 5.793117E-01, MaxDensity 3.475E+01, gamma 1.709068E+02, time 1.380ms
[INFO   ] DREAMPlace - full step 4.145 ms
[INFO   ] DREAMPlace - optimizer step 2.388 ms
[INFO   ] DREAMPlace - iteration  527, ( 527,  0,  0), Obj 1.113864E+08, DensityWeight 3.647485E-05, wHPWL 1.614373E+08, Overflow 5.779654E-01, MaxDensity 3.170E+01, gamma 1.701061E+02, time 1.410ms
[INFO   ] DREAMPlace - full step 4.257 ms
[INFO   ] DREAMPlace - optimizer step 2.275 ms
[INFO   ] DREAMPlace - iteration  528, ( 528,  0,  0), Obj 1.110999E+08, DensityWeight 3.801739E-05, wHPWL 1.611661E+08, Overflow 5.768017E-01, MaxDensity 3.529E+01, gamma 1.689383E+02, time 1.361ms
[INFO   ] DREAMPlace - full step 4.120 ms
[INFO   ] DREAMPlace - optimizer step 2.364 ms
[INFO   ] DREAMPlace - iteration  529, ( 529,  0,  0), Obj 1.108799E+08, DensityWeight 3.911990E-05, wHPWL 1.609318E+08, Overflow 5.751970E-01, MaxDensity 3.368E+01, gamma 1.679354E+02, time 1.410ms
[INFO   ] DREAMPlace - full step 4.238 ms
[INFO   ] DREAMPlace - optimizer step 2.239 ms
[INFO   ] DREAMPlace - iteration  530, ( 530,  0,  0), Obj 1.106905E+08, DensityWeight 4.025438E-05, wHPWL 1.607165E+08, Overflow 5.733886E-01, MaxDensity 3.254E+01, gamma 1.665621E+02, time 1.381ms
[INFO   ] DREAMPlace - full step 4.081 ms
[INFO   ] DREAMPlace - optimizer step 2.261 ms
[INFO   ] DREAMPlace - iteration  531, ( 531,  0,  0), Obj 1.105285E+08, DensityWeight 4.142176E-05, wHPWL 1.605216E+08, Overflow 5.718588E-01, MaxDensity 3.007E+01, gamma 1.650280E+02, time 1.397ms
[INFO   ] DREAMPlace - full step 4.128 ms
[INFO   ] DREAMPlace - optimizer step 2.259 ms
[INFO   ] DREAMPlace - iteration  532, ( 532,  0,  0), Obj 1.129519E+08, DensityWeight 4.262299E-05, wHPWL 1.603300E+08, Overflow 5.697844E-01, MaxDensity 2.982E+01, gamma 1.637412E+02, time 1.388ms
[INFO   ] DREAMPlace - full step 4.120 ms
[INFO   ] DREAMPlace - optimizer step 2.266 ms
[INFO   ] DREAMPlace - iteration  533, ( 533,  0,  0), Obj 1.148547E+08, DensityWeight 4.385906E-05, wHPWL 1.622524E+08, Overflow 5.670729E-01, MaxDensity 3.105E+01, gamma 1.620123E+02, time 1.388ms
[INFO   ] DREAMPlace - full step 4.107 ms
[INFO   ] DREAMPlace - optimizer step 2.237 ms
[INFO   ] DREAMPlace - iteration  534, ( 534,  0,  0), Obj 1.136463E+08, DensityWeight 4.374941E-05, wHPWL 1.609249E+08, Overflow 5.663756E-01, MaxDensity 3.264E+01, gamma 1.597800E+02, time 1.383ms
[INFO   ] DREAMPlace - full step 4.088 ms
[INFO   ] DREAMPlace - optimizer step 2.218 ms
[INFO   ] DREAMPlace - iteration  535, ( 535,  0,  0), Obj 1.140665E+08, DensityWeight 4.501814E-05, wHPWL 1.613201E+08, Overflow 5.649121E-01, MaxDensity 3.514E+01, gamma 1.592109E+02, time 1.384ms
[INFO   ] DREAMPlace - full step 4.069 ms
[INFO   ] DREAMPlace - optimizer step 2.225 ms
[INFO   ] DREAMPlace - iteration  536, ( 536,  0,  0), Obj 1.137533E+08, DensityWeight 4.490560E-05, wHPWL 1.609797E+08, Overflow 5.633392E-01, MaxDensity 3.487E+01, gamma 1.580232E+02, time 1.377ms
[INFO   ] DREAMPlace - full step 4.076 ms
[INFO   ] DREAMPlace - optimizer step 9.921 ms
[INFO   ] DREAMPlace - iteration  537, ( 537,  0,  0), Obj 1.134850E+08, DensityWeight 4.620786E-05, wHPWL 1.607453E+08, Overflow 5.622839E-01, MaxDensity 3.250E+01, gamma 1.567565E+02, time 1.406ms
[INFO   ] DREAMPlace - full step 11.782 ms
[INFO   ] DREAMPlace - optimizer step 2.327 ms
[INFO   ] DREAMPlace - iteration  538, ( 538,  0,  0), Obj 1.132931E+08, DensityWeight 4.754789E-05, wHPWL 1.605366E+08, Overflow 5.603056E-01, MaxDensity 3.107E+01, gamma 1.559123E+02, time 1.425ms
[INFO   ] DREAMPlace - full step 4.237 ms
[INFO   ] DREAMPlace - optimizer step 2.263 ms
[INFO   ] DREAMPlace - iteration  539, ( 539,  0,  0), Obj 1.130515E+08, DensityWeight 4.892678E-05, wHPWL 1.602699E+08, Overflow 5.591376E-01, MaxDensity 2.940E+01, gamma 1.543420E+02, time 1.406ms
[INFO   ] DREAMPlace - full step 4.161 ms
[INFO   ] DREAMPlace - optimizer step 2.307 ms
[INFO   ] DREAMPlace - iteration  540, ( 540,  0,  0), Obj 1.128413E+08, DensityWeight 5.034566E-05, wHPWL 1.600028E+08, Overflow 5.572740E-01, MaxDensity 3.083E+01, gamma 1.534223E+02, time 1.374ms
[INFO   ] DREAMPlace - full step 4.142 ms
[INFO   ] DREAMPlace - optimizer step 4.999 ms
[INFO   ] DREAMPlace - iteration  541, ( 541,  0,  0), Obj 1.126619E+08, DensityWeight 5.180569E-05, wHPWL 1.597736E+08, Overflow 5.559491E-01, MaxDensity 3.065E+01, gamma 1.519663E+02, time 3.210ms
[INFO   ] DREAMPlace - full step 8.678 ms
[INFO   ] DREAMPlace - optimizer step 2.266 ms
[INFO   ] DREAMPlace - iteration  542, ( 542,  0,  0), Obj 1.149057E+08, DensityWeight 5.330806E-05, wHPWL 1.595951E+08, Overflow 5.542614E-01, MaxDensity 3.016E+01, gamma 1.509396E+02, time 1.396ms
[INFO   ] DREAMPlace - full step 4.136 ms
[INFO   ] DREAMPlace - optimizer step 2.290 ms
[INFO   ] DREAMPlace - iteration  543, ( 543,  0,  0), Obj 1.165329E+08, DensityWeight 5.485399E-05, wHPWL 1.610542E+08, Overflow 5.511923E-01, MaxDensity 2.793E+01, gamma 1.496417E+02, time 1.399ms
[INFO   ] DREAMPlace - full step 4.145 ms
[INFO   ] DREAMPlace - optimizer step 2.297 ms
[INFO   ] DREAMPlace - iteration  544, ( 544,  0,  0), Obj 1.155213E+08, DensityWeight 5.471686E-05, wHPWL 1.597956E+08, Overflow 5.504570E-01, MaxDensity 2.495E+01, gamma 1.473100E+02, time 1.387ms
[INFO   ] DREAMPlace - full step 4.162 ms
[INFO   ] DREAMPlace - optimizer step 2.226 ms
[INFO   ] DREAMPlace - iteration  545, ( 545,  0,  0), Obj 1.158539E+08, DensityWeight 5.630365E-05, wHPWL 1.599970E+08, Overflow 5.481421E-01, MaxDensity 2.395E+01, gamma 1.467568E+02, time 1.406ms
[INFO   ] DREAMPlace - full step 4.114 ms
[INFO   ] DREAMPlace - optimizer step 2.281 ms
[INFO   ] DREAMPlace - iteration  546, ( 546,  0,  0), Obj 1.156949E+08, DensityWeight 5.748220E-05, wHPWL 1.597711E+08, Overflow 5.456343E-01, MaxDensity 2.571E+01, gamma 1.450288E+02, time 1.394ms
[INFO   ] DREAMPlace - full step 4.136 ms
[INFO   ] DREAMPlace - optimizer step 2.774 ms
[INFO   ] DREAMPlace - iteration  547, ( 547,  0,  0), Obj 1.155620E+08, DensityWeight 5.914919E-05, wHPWL 1.596248E+08, Overflow 5.430735E-01, MaxDensity 2.299E+01, gamma 1.431796E+02, time 41.669ms
[INFO   ] DREAMPlace - full step 44.968 ms
[INFO   ] DREAMPlace - optimizer step 2.594 ms
[INFO   ] DREAMPlace - iteration  548, ( 548,  0,  0), Obj 1.154199E+08, DensityWeight 6.086452E-05, wHPWL 1.594540E+08, Overflow 5.403088E-01, MaxDensity 2.297E+01, gamma 1.413158E+02, time 1.448ms
[INFO   ] DREAMPlace - full step 4.581 ms
[INFO   ] DREAMPlace - optimizer step 2.454 ms
[INFO   ] DREAMPlace - iteration  549, ( 549,  0,  0), Obj 1.153143E+08, DensityWeight 6.262959E-05, wHPWL 1.593100E+08, Overflow 5.378494E-01, MaxDensity 2.512E+01, gamma 1.393307E+02, time 1.476ms
[INFO   ] DREAMPlace - full step 4.440 ms
[INFO   ] DREAMPlace - optimizer step 2.510 ms
[INFO   ] DREAMPlace - iteration  550, ( 550,  0,  0), Obj 1.151310E+08, DensityWeight 6.444585E-05, wHPWL 1.590660E+08, Overflow 5.351394E-01, MaxDensity 2.156E+01, gamma 1.375883E+02, time 1.422ms
[INFO   ] DREAMPlace - full step 4.427 ms
[INFO   ] DREAMPlace - optimizer step 18.589 ms
[INFO   ] DREAMPlace - iteration  551, ( 551,  0,  0), Obj 1.150563E+08, DensityWeight 6.631478E-05, wHPWL 1.589461E+08, Overflow 5.325503E-01, MaxDensity 2.321E+01, gamma 1.356936E+02, time 10.496ms
[INFO   ] DREAMPlace - full step 29.590 ms
[INFO   ] DREAMPlace - optimizer step 46.318 ms
[INFO   ] DREAMPlace - iteration  552, ( 552,  0,  0), Obj 1.179588E+08, DensityWeight 6.823791E-05, wHPWL 1.588057E+08, Overflow 5.301234E-01, MaxDensity 2.338E+01, gamma 1.339077E+02, time 24.247ms
[INFO   ] DREAMPlace - full step 71.121 ms
[INFO   ] DREAMPlace - optimizer step 15.045 ms
[INFO   ] DREAMPlace - iteration  553, ( 553,  0,  0), Obj 1.193421E+08, DensityWeight 7.021681E-05, wHPWL 1.600392E+08, Overflow 5.270686E-01, MaxDensity 2.181E+01, gamma 1.322551E+02, time 1.486ms
[INFO   ] DREAMPlace - full step 17.079 ms
[INFO   ] DREAMPlace - optimizer step 2.595 ms
[INFO   ] DREAMPlace - iteration  554, ( 554,  0,  0), Obj 1.185302E+08, DensityWeight 7.004126E-05, wHPWL 1.590448E+08, Overflow 5.253767E-01, MaxDensity 2.112E+01, gamma 1.302039E+02, time 1.400ms
[INFO   ] DREAMPlace - full step 4.499 ms
[INFO   ] DREAMPlace - optimizer step 2.322 ms
[INFO   ] DREAMPlace - iteration  555, ( 555,  0,  0), Obj 1.187478E+08, DensityWeight 7.207246E-05, wHPWL 1.592376E+08, Overflow 5.233653E-01, MaxDensity 2.105E+01, gamma 1.290816E+02, time 1.417ms
[INFO   ] DREAMPlace - full step 4.228 ms
[INFO   ] DREAMPlace - optimizer step 2.320 ms
[INFO   ] DREAMPlace - iteration  556, ( 556,  0,  0), Obj 1.184285E+08, DensityWeight 7.366828E-05, wHPWL 1.589275E+08, Overflow 5.209213E-01, MaxDensity 2.023E+01, gamma 1.277599E+02, time 1.398ms
[INFO   ] DREAMPlace - full step 4.200 ms
[INFO   ] DREAMPlace - optimizer step 2.480 ms
[INFO   ] DREAMPlace - iteration  557, ( 557,  0,  0), Obj 1.182621E+08, DensityWeight 7.580466E-05, wHPWL 1.587865E+08, Overflow 5.190262E-01, MaxDensity 1.974E+01, gamma 1.261721E+02, time 1.407ms
[INFO   ] DREAMPlace - full step 4.372 ms
[INFO   ] DREAMPlace - optimizer step 2.284 ms
[INFO   ] DREAMPlace - iteration  558, ( 558,  0,  0), Obj 1.180530E+08, DensityWeight 7.800299E-05, wHPWL 1.585670E+08, Overflow 5.172976E-01, MaxDensity 2.066E+01, gamma 1.249546E+02, time 1.412ms
[INFO   ] DREAMPlace - full step 4.160 ms
[INFO   ] DREAMPlace - optimizer step 2.301 ms
[INFO   ] DREAMPlace - iteration  559, ( 559,  0,  0), Obj 1.178845E+08, DensityWeight 8.026508E-05, wHPWL 1.583743E+08, Overflow 5.149021E-01, MaxDensity 1.861E+01, gamma 1.238542E+02, time 1.401ms
[INFO   ] DREAMPlace - full step 4.179 ms
[INFO   ] DREAMPlace - plotting to gammalocal_results/nneg/bigblue2/plot/iter0560.png takes 4.690 seconds
[INFO   ] DREAMPlace - optimizer step 4.098 ms
[INFO   ] DREAMPlace - iteration  560, ( 560,  0,  0), Obj 1.177099E+08, DensityWeight 8.259277E-05, wHPWL 1.581665E+08, Overflow 5.126815E-01, MaxDensity 1.942E+01, gamma 1.223454E+02, time 1.390ms
[INFO   ] DREAMPlace - full step 4698.564 ms
[INFO   ] DREAMPlace - optimizer step 2.488 ms
[INFO   ] DREAMPlace - iteration  561, ( 561,  0,  0), Obj 1.175361E+08, DensityWeight 8.498797E-05, wHPWL 1.579467E+08, Overflow 5.102443E-01, MaxDensity 1.914E+01, gamma 1.209631E+02, time 1.534ms
[INFO   ] DREAMPlace - full step 4.640 ms
[INFO   ] DREAMPlace - optimizer step 9.019 ms
[INFO   ] DREAMPlace - iteration  562, ( 562,  0,  0), Obj 1.208931E+08, DensityWeight 8.745262E-05, wHPWL 1.577520E+08, Overflow 5.078133E-01, MaxDensity 2.010E+01, gamma 1.194639E+02, time 12.187ms
[INFO   ] DREAMPlace - full step 21.731 ms
[INFO   ] DREAMPlace - optimizer step 2.300 ms
[INFO   ] DREAMPlace - iteration  563, ( 563,  0,  0), Obj 1.223052E+08, DensityWeight 8.998875E-05, wHPWL 1.591221E+08, Overflow 5.045803E-01, MaxDensity 1.945E+01, gamma 1.179871E+02, time 1.421ms
[INFO   ] DREAMPlace - full step 4.236 ms
[INFO   ] DREAMPlace - optimizer step 2.440 ms
[INFO   ] DREAMPlace - iteration  564, ( 564,  0,  0), Obj 1.214765E+08, DensityWeight 8.976377E-05, wHPWL 1.581272E+08, Overflow 5.034682E-01, MaxDensity 1.964E+01, gamma 1.160513E+02, time 1.400ms
[INFO   ] DREAMPlace - full step 5.058 ms
[INFO   ] DREAMPlace - optimizer step 2.499 ms
[INFO   ] DREAMPlace - iteration  565, ( 565,  0,  0), Obj 1.219328E+08, DensityWeight 9.236693E-05, wHPWL 1.585131E+08, Overflow 5.013501E-01, MaxDensity 1.755E+01, gamma 1.153928E+02, time 1.409ms
[INFO   ] DREAMPlace - full step 4.404 ms
[INFO   ] DREAMPlace - optimizer step 2.338 ms
[INFO   ] DREAMPlace - iteration  566, ( 566,  0,  0), Obj 1.214309E+08, DensityWeight 9.213600E-05, wHPWL 1.580161E+08, Overflow 4.995019E-01, MaxDensity 1.921E+01, gamma 1.141490E+02, time 1.416ms
[INFO   ] DREAMPlace - full step 4.266 ms
[INFO   ] DREAMPlace - optimizer step 2.483 ms
[INFO   ] DREAMPlace - iteration  567, ( 567,  0,  0), Obj 1.213766E+08, DensityWeight 9.480795E-05, wHPWL 1.579644E+08, Overflow 4.980608E-01, MaxDensity 2.267E+01, gamma 1.130745E+02, time 1.414ms
[INFO   ] DREAMPlace - full step 4.371 ms
[INFO   ] DREAMPlace - optimizer step 2.448 ms
[INFO   ] DREAMPlace - iteration  568, ( 568,  0,  0), Obj 1.210821E+08, DensityWeight 9.755739E-05, wHPWL 1.576413E+08, Overflow 4.964808E-01, MaxDensity 1.907E+01, gamma 1.122438E+02, time 1.416ms
[INFO   ] DREAMPlace - full step 4.343 ms
[INFO   ] DREAMPlace - optimizer step 2.419 ms
[INFO   ] DREAMPlace - iteration  569, ( 569,  0,  0), Obj 1.208811E+08, DensityWeight 1.003866E-04, wHPWL 1.573833E+08, Overflow 4.947194E-01, MaxDensity 2.211E+01, gamma 1.113400E+02, time 1.397ms
[INFO   ] DREAMPlace - full step 4.296 ms
[INFO   ] DREAMPlace - optimizer step 2.505 ms
[INFO   ] DREAMPlace - iteration  570, ( 570,  0,  0), Obj 1.206129E+08, DensityWeight 1.032978E-04, wHPWL 1.570789E+08, Overflow 4.925976E-01, MaxDensity 1.948E+01, gamma 1.103410E+02, time 1.413ms
[INFO   ] DREAMPlace - full step 4.424 ms
[INFO   ] DREAMPlace - optimizer step 2.531 ms
[INFO   ] DREAMPlace - iteration  571, ( 571,  0,  0), Obj 1.204847E+08, DensityWeight 1.062934E-04, wHPWL 1.569043E+08, Overflow 4.907506E-01, MaxDensity 1.887E+01, gamma 1.091496E+02, time 1.497ms
[INFO   ] DREAMPlace - full step 4.552 ms
[INFO   ] DREAMPlace - optimizer step 2.834 ms
[INFO   ] DREAMPlace - iteration  572, ( 572,  0,  0), Obj 1.226364E+08, DensityWeight 1.093759E-04, wHPWL 1.565666E+08, Overflow 4.890487E-01, MaxDensity 1.866E+01, gamma 1.081228E+02, time 1.402ms
[INFO   ] DREAMPlace - full step 4.732 ms
[INFO   ] DREAMPlace - optimizer step 2.954 ms
[INFO   ] DREAMPlace - iteration  573, ( 573,  0,  0), Obj 1.241737E+08, DensityWeight 1.125478E-04, wHPWL 1.579512E+08, Overflow 4.856061E-01, MaxDensity 1.975E+01, gamma 1.071854E+02, time 1.556ms
[INFO   ] DREAMPlace - full step 5.008 ms
[INFO   ] DREAMPlace - optimizer step 2.536 ms
[INFO   ] DREAMPlace - iteration  574, ( 574,  0,  0), Obj 1.235621E+08, DensityWeight 1.122665E-04, wHPWL 1.570793E+08, Overflow 4.840993E-01, MaxDensity 1.642E+01, gamma 1.053138E+02, time 1.441ms
[INFO   ] DREAMPlace - full step 4.499 ms
[INFO   ] DREAMPlace - optimizer step 2.341 ms
[INFO   ] DREAMPlace - iteration  575, ( 575,  0,  0), Obj 1.236052E+08, DensityWeight 1.155222E-04, wHPWL 1.570748E+08, Overflow 4.825926E-01, MaxDensity 1.717E+01, gamma 1.045050E+02, time 1.399ms
[INFO   ] DREAMPlace - full step 4.233 ms
[INFO   ] DREAMPlace - optimizer step 2.312 ms
[INFO   ] DREAMPlace - iteration  576, ( 576,  0,  0), Obj 1.235040E+08, DensityWeight 1.188723E-04, wHPWL 1.569740E+08, Overflow 4.803900E-01, MaxDensity 1.726E+01, gamma 1.037023E+02, time 1.436ms
[INFO   ] DREAMPlace - full step 4.253 ms
[INFO   ] DREAMPlace - optimizer step 2.489 ms
[INFO   ] DREAMPlace - iteration  577, ( 577,  0,  0), Obj 1.232268E+08, DensityWeight 1.223196E-04, wHPWL 1.567034E+08, Overflow 4.789288E-01, MaxDensity 1.932E+01, gamma 1.025402E+02, time 1.409ms
[INFO   ] DREAMPlace - full step 4.403 ms
[INFO   ] DREAMPlace - optimizer step 5.116 ms
[INFO   ] DREAMPlace - iteration  578, ( 578,  0,  0), Obj 1.230202E+08, DensityWeight 1.258669E-04, wHPWL 1.564653E+08, Overflow 4.763250E-01, MaxDensity 1.956E+01, gamma 1.017764E+02, time 1.442ms
[INFO   ] DREAMPlace - full step 7.048 ms
[INFO   ] DREAMPlace - optimizer step 2.417 ms
[INFO   ] DREAMPlace - iteration  579, ( 579,  0,  0), Obj 1.228049E+08, DensityWeight 1.295171E-04, wHPWL 1.562028E+08, Overflow 4.739527E-01, MaxDensity 2.150E+01, gamma 1.004293E+02, time 1.819ms
[INFO   ] DREAMPlace - full step 4.714 ms
[INFO   ] DREAMPlace - optimizer step 2.367 ms
[INFO   ] DREAMPlace - iteration  580, ( 580,  0,  0), Obj 1.226229E+08, DensityWeight 1.332730E-04, wHPWL 1.559584E+08, Overflow 4.718998E-01, MaxDensity 1.726E+01, gamma 9.921758E+01, time 1.418ms
[INFO   ] DREAMPlace - full step 4.288 ms
[INFO   ] DREAMPlace - optimizer step 2.391 ms
[INFO   ] DREAMPlace - iteration  581, ( 581,  0,  0), Obj 1.224249E+08, DensityWeight 1.371380E-04, wHPWL 1.557230E+08, Overflow 4.695487E-01, MaxDensity 1.736E+01, gamma 9.818085E+01, time 1.424ms
[INFO   ] DREAMPlace - full step 4.300 ms
[INFO   ] DREAMPlace - optimizer step 2.283 ms
[INFO   ] DREAMPlace - iteration  582, ( 582,  0,  0), Obj 1.242091E+08, DensityWeight 1.411150E-04, wHPWL 1.555121E+08, Overflow 4.670627E-01, MaxDensity 1.657E+01, gamma 9.700677E+01, time 1.398ms
[INFO   ] DREAMPlace - full step 4.164 ms
[INFO   ] DREAMPlace - optimizer step 2.977 ms
[INFO   ] DREAMPlace - iteration  583, ( 583,  0,  0), Obj 1.256350E+08, DensityWeight 1.452073E-04, wHPWL 1.567429E+08, Overflow 4.644417E-01, MaxDensity 1.686E+01, gamma 9.578063E+01, time 20.040ms
[INFO   ] DREAMPlace - full step 23.514 ms
[INFO   ] DREAMPlace - optimizer step 2.307 ms
[INFO   ] DREAMPlace - iteration  584, ( 584,  0,  0), Obj 1.249307E+08, DensityWeight 1.448443E-04, wHPWL 1.558024E+08, Overflow 4.630725E-01, MaxDensity 1.324E+01, gamma 9.450468E+01, time 1.402ms
[INFO   ] DREAMPlace - full step 4.181 ms
[INFO   ] DREAMPlace - optimizer step 2.391 ms
[INFO   ] DREAMPlace - iteration  585, ( 585,  0,  0), Obj 1.250847E+08, DensityWeight 1.490448E-04, wHPWL 1.559233E+08, Overflow 4.602023E-01, MaxDensity 1.278E+01, gamma 9.384487E+01, time 1.405ms
[INFO   ] DREAMPlace - full step 4.263 ms
[INFO   ] DREAMPlace - optimizer step 2.289 ms
[INFO   ] DREAMPlace - iteration  586, ( 586,  0,  0), Obj 1.248243E+08, DensityWeight 1.538807E-04, wHPWL 1.556676E+08, Overflow 4.580684E-01, MaxDensity 1.332E+01, gamma 9.247671E+01, time 1.402ms
[INFO   ] DREAMPlace - full step 4.154 ms
[INFO   ] DREAMPlace - optimizer step 2.271 ms
[INFO   ] DREAMPlace - iteration  587, ( 587,  0,  0), Obj 1.246339E+08, DensityWeight 1.583432E-04, wHPWL 1.554735E+08, Overflow 4.553803E-01, MaxDensity 1.272E+01, gamma 9.147247E+01, time 1.394ms
[INFO   ] DREAMPlace - full step 4.142 ms
[INFO   ] DREAMPlace - optimizer step 2.294 ms
[INFO   ] DREAMPlace - iteration  588, ( 588,  0,  0), Obj 1.243824E+08, DensityWeight 1.629352E-04, wHPWL 1.551881E+08, Overflow 4.522743E-01, MaxDensity 1.401E+01, gamma 9.022290E+01, time 1.394ms
[INFO   ] DREAMPlace - full step 4.165 ms
[INFO   ] DREAMPlace - optimizer step 2.316 ms
[INFO   ] DREAMPlace - iteration  589, ( 589,  0,  0), Obj 1.241573E+08, DensityWeight 1.676603E-04, wHPWL 1.549408E+08, Overflow 4.497143E-01, MaxDensity 1.421E+01, gamma 8.880032E+01, time 1.407ms
[INFO   ] DREAMPlace - full step 4.210 ms
[INFO   ] DREAMPlace - optimizer step 2.256 ms
[INFO   ] DREAMPlace - iteration  590, ( 590,  0,  0), Obj 1.239250E+08, DensityWeight 1.725225E-04, wHPWL 1.546695E+08, Overflow 4.469060E-01, MaxDensity 1.745E+01, gamma 8.764470E+01, time 1.389ms
[INFO   ] DREAMPlace - full step 4.143 ms
[INFO   ] DREAMPlace - optimizer step 2.258 ms
[INFO   ] DREAMPlace - iteration  591, ( 591,  0,  0), Obj 1.237831E+08, DensityWeight 1.775256E-04, wHPWL 1.545025E+08, Overflow 4.446743E-01, MaxDensity 1.532E+01, gamma 8.639426E+01, time 1.400ms
[INFO   ] DREAMPlace - full step 4.132 ms
[INFO   ] DREAMPlace - optimizer step 2.266 ms
[INFO   ] DREAMPlace - iteration  592, ( 592,  0,  0), Obj 1.250153E+08, DensityWeight 1.826739E-04, wHPWL 1.543157E+08, Overflow 4.414091E-01, MaxDensity 1.493E+01, gamma 8.541334E+01, time 1.399ms
[INFO   ] DREAMPlace - full step 4.142 ms
[INFO   ] DREAMPlace - optimizer step 2.294 ms
[INFO   ] DREAMPlace - iteration  593, ( 593,  0,  0), Obj 1.265362E+08, DensityWeight 1.879714E-04, wHPWL 1.552801E+08, Overflow 4.376265E-01, MaxDensity 1.347E+01, gamma 8.399813E+01, time 1.400ms
[INFO   ] DREAMPlace - full step 4.163 ms
[INFO   ] DREAMPlace - optimizer step 2.304 ms
[INFO   ] DREAMPlace - iteration  594, ( 594,  0,  0), Obj 1.255820E+08, DensityWeight 1.875015E-04, wHPWL 1.538918E+08, Overflow 4.365142E-01, MaxDensity 1.239E+01, gamma 8.238799E+01, time 1.405ms
[INFO   ] DREAMPlace - full step 4.202 ms
[INFO   ] DREAMPlace - optimizer step 2.286 ms
[INFO   ] DREAMPlace - iteration  595, ( 595,  0,  0), Obj 1.260076E+08, DensityWeight 1.929390E-04, wHPWL 1.542427E+08, Overflow 4.334614E-01, MaxDensity 1.135E+01, gamma 8.192043E+01, time 1.418ms
[INFO   ] DREAMPlace - full step 4.170 ms
[INFO   ] DREAMPlace - optimizer step 2.306 ms
[INFO   ] DREAMPlace - iteration  596, ( 596,  0,  0), Obj 1.258175E+08, DensityWeight 1.929145E-04, wHPWL 1.540205E+08, Overflow 4.297850E-01, MaxDensity 1.232E+01, gamma 8.065068E+01, time 1.400ms
[INFO   ] DREAMPlace - full step 4.172 ms
[INFO   ] DREAMPlace - optimizer step 2.260 ms
[INFO   ] DREAMPlace - iteration  597, ( 597,  0,  0), Obj 1.256164E+08, DensityWeight 1.985090E-04, wHPWL 1.537686E+08, Overflow 4.269883E-01, MaxDensity 1.165E+01, gamma 7.914770E+01, time 1.425ms
[INFO   ] DREAMPlace - full step 4.169 ms
[INFO   ] DREAMPlace - optimizer step 2.259 ms
[INFO   ] DREAMPlace - iteration  598, ( 598,  0,  0), Obj 1.254625E+08, DensityWeight 2.042658E-04, wHPWL 1.535435E+08, Overflow 4.246783E-01, MaxDensity 1.218E+01, gamma 7.802316E+01, time 1.379ms
[INFO   ] DREAMPlace - full step 4.101 ms
[INFO   ] DREAMPlace - optimizer step 2.315 ms
[INFO   ] DREAMPlace - iteration  599, ( 599,  0,  0), Obj 1.252519E+08, DensityWeight 2.101895E-04, wHPWL 1.532939E+08, Overflow 4.225817E-01, MaxDensity 1.198E+01, gamma 7.710634E+01, time 1.401ms
[INFO   ] DREAMPlace - full step 4.189 ms
[INFO   ] DREAMPlace - plotting to gammalocal_results/nneg/bigblue2/plot/iter0600.png takes 4.845 seconds
[INFO   ] DREAMPlace - optimizer step 4.314 ms
[INFO   ] DREAMPlace - iteration  600, ( 600,  0,  0), Obj 1.251460E+08, DensityWeight 2.162850E-04, wHPWL 1.531404E+08, Overflow 4.201594E-01, MaxDensity 1.142E+01, gamma 7.628356E+01, time 1.405ms
[INFO   ] DREAMPlace - full step 4852.913 ms
[INFO   ] DREAMPlace - gamma_local: mean(coef_net)/coef = 4.976 (norm=gamma, applied ratio 1.000)
[INFO   ] DREAMPlace - optimizer step 2.419 ms
[INFO   ] DREAMPlace - iteration  601, ( 601,  0,  0), Obj 1.249112E+08, DensityWeight 2.225573E-04, wHPWL 1.528736E+08, Overflow 4.175192E-01, MaxDensity 1.266E+01, gamma 7.534389E+01, time 1.469ms
[INFO   ] DREAMPlace - full step 4.544 ms
[INFO   ] DREAMPlace - optimizer step 2.374 ms
[INFO   ] DREAMPlace - iteration  602, ( 602,  0,  0), Obj 1.256674E+08, DensityWeight 2.290114E-04, wHPWL 1.526962E+08, Overflow 4.148410E-01, MaxDensity 1.179E+01, gamma 7.433288E+01, time 1.415ms
[INFO   ] DREAMPlace - full step 4.298 ms
[INFO   ] DREAMPlace - optimizer step 2.402 ms
[INFO   ] DREAMPlace - iteration  603, ( 603,  0,  0), Obj 1.268351E+08, DensityWeight 2.356528E-04, wHPWL 1.531147E+08, Overflow 4.132482E-01, MaxDensity 1.185E+01, gamma 7.332120E+01, time 1.413ms
[INFO   ] DREAMPlace - full step 4.288 ms
[INFO   ] DREAMPlace - optimizer step 2.369 ms
[INFO   ] DREAMPlace - iteration  604, ( 604,  0,  0), Obj 1.265282E+08, DensityWeight 2.350636E-04, wHPWL 1.523713E+08, Overflow 4.115161E-01, MaxDensity 1.135E+01, gamma 7.272604E+01, time 1.420ms
[INFO   ] DREAMPlace - full step 4.267 ms
[INFO   ] DREAMPlace - optimizer step 2.316 ms
[INFO   ] DREAMPlace - iteration  605, ( 605,  0,  0), Obj 1.265529E+08, DensityWeight 2.418805E-04, wHPWL 1.523308E+08, Overflow 4.091515E-01, MaxDensity 1.103E+01, gamma 7.208430E+01, time 1.394ms
[INFO   ] DREAMPlace - full step 4.173 ms
[INFO   ] DREAMPlace - optimizer step 2.353 ms
[INFO   ] DREAMPlace - iteration  606, ( 606,  0,  0), Obj 1.264881E+08, DensityWeight 2.488951E-04, wHPWL 1.521912E+08, Overflow 4.068976E-01, MaxDensity 1.125E+01, gamma 7.121739E+01, time 21.853ms
[INFO   ] DREAMPlace - full step 24.686 ms
[INFO   ] DREAMPlace - optimizer step 2.291 ms
[INFO   ] DREAMPlace - iteration  607, ( 607,  0,  0), Obj 1.260989E+08, DensityWeight 2.561130E-04, wHPWL 1.517447E+08, Overflow 4.052244E-01, MaxDensity 1.051E+01, gamma 7.040078E+01, time 1.379ms
[INFO   ] DREAMPlace - full step 4.140 ms
[INFO   ] DREAMPlace - optimizer step 2.461 ms
[INFO   ] DREAMPlace - iteration  608, ( 608,  0,  0), Obj 1.260513E+08, DensityWeight 2.635403E-04, wHPWL 1.516585E+08, Overflow 4.026368E-01, MaxDensity 1.078E+01, gamma 6.980061E+01, time 1.376ms
[INFO   ] DREAMPlace - full step 4.298 ms
[INFO   ] DREAMPlace - optimizer step 16.691 ms
[INFO   ] DREAMPlace - iteration  609, ( 609,  0,  0), Obj 1.257190E+08, DensityWeight 2.711830E-04, wHPWL 1.512879E+08, Overflow 4.007694E-01, MaxDensity 1.260E+01, gamma 6.888251E+01, time 8.671ms
[INFO   ] DREAMPlace - full step 25.873 ms
[INFO   ] DREAMPlace - optimizer step 32.629 ms
[INFO   ] DREAMPlace - iteration  610, ( 610,  0,  0), Obj 1.256155E+08, DensityWeight 2.790473E-04, wHPWL 1.511486E+08, Overflow 3.981354E-01, MaxDensity 1.167E+01, gamma 6.822746E+01, time 8.281ms
[INFO   ] DREAMPlace - full step 41.391 ms
[INFO   ] DREAMPlace - optimizer step 10.164 ms
[INFO   ] DREAMPlace - iteration  611, ( 611,  0,  0), Obj 1.253215E+08, DensityWeight 2.871397E-04, wHPWL 1.508254E+08, Overflow 3.965865E-01, MaxDensity 1.032E+01, gamma 6.731408E+01, time 1.470ms
[INFO   ] DREAMPlace - full step 12.144 ms
[INFO   ] DREAMPlace - optimizer step 5.405 ms
[INFO   ] DREAMPlace - iteration  612, ( 612,  0,  0), Obj 1.259047E+08, DensityWeight 2.954668E-04, wHPWL 1.507050E+08, Overflow 3.939994E-01, MaxDensity 1.013E+01, gamma 6.678268E+01, time 9.588ms
[INFO   ] DREAMPlace - full step 15.580 ms
[INFO   ] DREAMPlace - optimizer step 2.287 ms
[INFO   ] DREAMPlace - iteration  613, ( 613,  0,  0), Obj 1.268557E+08, DensityWeight 3.040353E-04, wHPWL 1.508445E+08, Overflow 3.928734E-01, MaxDensity 9.732E+00, gamma 6.590446E+01, time 1.401ms
[INFO   ] DREAMPlace - full step 4.159 ms
[INFO   ] DREAMPlace - optimizer step 2.277 ms
[INFO   ] DREAMPlace - iteration  614, ( 614,  0,  0), Obj 1.264534E+08, DensityWeight 3.130896E-04, wHPWL 1.500793E+08, Overflow 3.913791E-01, MaxDensity 1.004E+01, gamma 6.552583E+01, time 1.381ms
[INFO   ] DREAMPlace - full step 4.121 ms
[INFO   ] DREAMPlace - optimizer step 2.292 ms
[INFO   ] DREAMPlace - iteration  615, ( 615,  0,  0), Obj 1.266527E+08, DensityWeight 3.221692E-04, wHPWL 1.501884E+08, Overflow 3.889295E-01, MaxDensity 1.017E+01, gamma 6.502672E+01, time 1.406ms
[INFO   ] DREAMPlace - full step 4.172 ms
[INFO   ] DREAMPlace - optimizer step 2.257 ms
[INFO   ] DREAMPlace - iteration  616, ( 616,  0,  0), Obj 1.265414E+08, DensityWeight 3.331731E-04, wHPWL 1.500102E+08, Overflow 3.849664E-01, MaxDensity 1.188E+01, gamma 6.421674E+01, time 1.405ms
[INFO   ] DREAMPlace - full step 4.125 ms
[INFO   ] DREAMPlace - optimizer step 2.317 ms
[INFO   ] DREAMPlace - iteration  617, ( 617,  0,  0), Obj 1.263911E+08, DensityWeight 3.428351E-04, wHPWL 1.498058E+08, Overflow 3.825909E-01, MaxDensity 9.575E+00, gamma 6.292764E+01, time 1.391ms
[INFO   ] DREAMPlace - full step 4.169 ms
[INFO   ] DREAMPlace - optimizer step 2.369 ms
[INFO   ] DREAMPlace - iteration  618, ( 618,  0,  0), Obj 1.263255E+08, DensityWeight 3.527774E-04, wHPWL 1.497152E+08, Overflow 3.791732E-01, MaxDensity 8.312E+00, gamma 6.216739E+01, time 1.394ms
[INFO   ] DREAMPlace - full step 4.233 ms
[INFO   ] DREAMPlace - optimizer step 2.345 ms
[INFO   ] DREAMPlace - iteration  619, ( 619,  0,  0), Obj 1.261832E+08, DensityWeight 3.630079E-04, wHPWL 1.495508E+08, Overflow 3.754471E-01, MaxDensity 8.510E+00, gamma 6.108965E+01, time 1.430ms
[INFO   ] DREAMPlace - full step 4.242 ms
[INFO   ] DREAMPlace - optimizer step 2.320 ms
[INFO   ] DREAMPlace - iteration  620, ( 620,  0,  0), Obj 1.260632E+08, DensityWeight 3.735352E-04, wHPWL 1.494016E+08, Overflow 3.722408E-01, MaxDensity 8.080E+00, gamma 5.993596E+01, time 1.371ms
[INFO   ] DREAMPlace - full step 4.152 ms
[INFO   ] DREAMPlace - optimizer step 2.336 ms
[INFO   ] DREAMPlace - iteration  621, ( 621,  0,  0), Obj 1.259327E+08, DensityWeight 3.843677E-04, wHPWL 1.492617E+08, Overflow 3.691059E-01, MaxDensity 9.824E+00, gamma 5.896068E+01, time 1.398ms
[INFO   ] DREAMPlace - full step 4.220 ms
[INFO   ] DREAMPlace - optimizer step 2.308 ms
[INFO   ] DREAMPlace - iteration  622, ( 622,  0,  0), Obj 1.262728E+08, DensityWeight 3.955144E-04, wHPWL 1.491678E+08, Overflow 3.656699E-01, MaxDensity 8.337E+00, gamma 5.802244E+01, time 1.386ms
[INFO   ] DREAMPlace - full step 4.159 ms
[INFO   ] DREAMPlace - optimizer step 2.280 ms
[INFO   ] DREAMPlace - iteration  623, ( 623,  0,  0), Obj 1.270547E+08, DensityWeight 4.069843E-04, wHPWL 1.490894E+08, Overflow 3.646939E-01, MaxDensity 9.127E+00, gamma 5.701123E+01, time 1.391ms
[INFO   ] DREAMPlace - full step 4.134 ms
[INFO   ] DREAMPlace - optimizer step 2.271 ms
[INFO   ] DREAMPlace - iteration  624, ( 624,  0,  0), Obj 1.267818E+08, DensityWeight 4.187869E-04, wHPWL 1.485133E+08, Overflow 3.626849E-01, MaxDensity 1.031E+01, gamma 5.672723E+01, time 1.397ms
[INFO   ] DREAMPlace - full step 4.142 ms
[INFO   ] DREAMPlace - optimizer step 2.278 ms
[INFO   ] DREAMPlace - iteration  625, ( 625,  0,  0), Obj 1.268943E+08, DensityWeight 4.309317E-04, wHPWL 1.485112E+08, Overflow 3.596819E-01, MaxDensity 9.895E+00, gamma 5.614705E+01, time 1.399ms
[INFO   ] DREAMPlace - full step 4.136 ms
[INFO   ] DREAMPlace - optimizer step 2.244 ms
[INFO   ] DREAMPlace - iteration  626, ( 626,  0,  0), Obj 1.267329E+08, DensityWeight 4.434288E-04, wHPWL 1.482886E+08, Overflow 3.559058E-01, MaxDensity 1.051E+01, gamma 5.529090E+01, time 1.378ms
[INFO   ] DREAMPlace - full step 4.101 ms
[INFO   ] DREAMPlace - optimizer step 2.263 ms
[INFO   ] DREAMPlace - iteration  627, ( 627,  0,  0), Obj 1.266260E+08, DensityWeight 4.562882E-04, wHPWL 1.481436E+08, Overflow 3.536644E-01, MaxDensity 9.764E+00, gamma 5.423285E+01, time 1.404ms
[INFO   ] DREAMPlace - full step 4.131 ms
[INFO   ] DREAMPlace - optimizer step 2.277 ms
[INFO   ] DREAMPlace - iteration  628, ( 628,  0,  0), Obj 1.265547E+08, DensityWeight 4.695206E-04, wHPWL 1.480544E+08, Overflow 3.504929E-01, MaxDensity 1.083E+01, gamma 5.361442E+01, time 1.364ms
[INFO   ] DREAMPlace - full step 4.100 ms
[INFO   ] DREAMPlace - optimizer step 4.445 ms
[INFO   ] DREAMPlace - iteration  629, ( 629,  0,  0), Obj 1.263659E+08, DensityWeight 4.831367E-04, wHPWL 1.478417E+08, Overflow 3.477639E-01, MaxDensity 1.021E+01, gamma 5.275137E+01, time 1.374ms
[INFO   ] DREAMPlace - full step 6.298 ms
[INFO   ] DREAMPlace - optimizer step 2.302 ms
[INFO   ] DREAMPlace - iteration  630, ( 630,  0,  0), Obj 1.262354E+08, DensityWeight 4.971477E-04, wHPWL 1.477029E+08, Overflow 3.452258E-01, MaxDensity 1.063E+01, gamma 5.201986E+01, time 1.383ms
[INFO   ] DREAMPlace - full step 4.147 ms
[INFO   ] DREAMPlace - optimizer step 2.265 ms
[INFO   ] DREAMPlace - iteration  631, ( 631,  0,  0), Obj 1.260469E+08, DensityWeight 5.115650E-04, wHPWL 1.474957E+08, Overflow 3.428170E-01, MaxDensity 9.956E+00, gamma 5.134864E+01, time 1.378ms
[INFO   ] DREAMPlace - full step 4.107 ms
[INFO   ] DREAMPlace - optimizer step 2.239 ms
[INFO   ] DREAMPlace - iteration  632, ( 632,  0,  0), Obj 1.263663E+08, DensityWeight 5.264003E-04, wHPWL 1.474238E+08, Overflow 3.400032E-01, MaxDensity 9.435E+00, gamma 5.071963E+01, time 1.408ms
[INFO   ] DREAMPlace - full step 4.113 ms
[INFO   ] DREAMPlace - optimizer step 2.242 ms
[INFO   ] DREAMPlace - iteration  633, ( 633,  0,  0), Obj 1.268543E+08, DensityWeight 5.416660E-04, wHPWL 1.470000E+08, Overflow 3.419062E-01, MaxDensity 8.551E+00, gamma 4.999462E+01, time 1.398ms
[INFO   ] DREAMPlace - full step 4.079 ms
[INFO   ] DREAMPlace - optimizer step 23.299 ms
[INFO   ] DREAMPlace - iteration  634, ( 634,  0,  0), Obj 1.268877E+08, DensityWeight 5.573743E-04, wHPWL 1.467617E+08, Overflow 3.402297E-01, MaxDensity 9.351E+00, gamma 5.048383E+01, time 1.502ms
[INFO   ] DREAMPlace - full step 25.256 ms
[INFO   ] DREAMPlace - optimizer step 4.948 ms
[INFO   ] DREAMPlace - iteration  635, ( 635,  0,  0), Obj 1.266776E+08, DensityWeight 5.735382E-04, wHPWL 1.464298E+08, Overflow 3.388286E-01, MaxDensity 9.714E+00, gamma 5.005260E+01, time 2.982ms
[INFO   ] DREAMPlace - full step 8.402 ms
[INFO   ] DREAMPlace - optimizer step 2.256 ms
[INFO   ] DREAMPlace - iteration  636, ( 636,  0,  0), Obj 1.267414E+08, DensityWeight 5.901708E-04, wHPWL 1.464506E+08, Overflow 3.357941E-01, MaxDensity 9.586E+00, gamma 4.969503E+01, time 1.399ms
[INFO   ] DREAMPlace - full step 4.115 ms
[INFO   ] DREAMPlace - optimizer step 2.270 ms
[INFO   ] DREAMPlace - iteration  637, ( 637,  0,  0), Obj 1.264378E+08, DensityWeight 6.178824E-04, wHPWL 1.461164E+08, Overflow 3.338732E-01, MaxDensity 9.167E+00, gamma 4.892937E+01, time 1.396ms
[INFO   ] DREAMPlace - full step 4.132 ms
[INFO   ] DREAMPlace - optimizer step 2.231 ms
[INFO   ] DREAMPlace - iteration  638, ( 638,  0,  0), Obj 1.263818E+08, DensityWeight 6.358010E-04, wHPWL 1.460356E+08, Overflow 3.309436E-01, MaxDensity 9.427E+00, gamma 4.845081E+01, time 1.391ms
[INFO   ] DREAMPlace - full step 4.095 ms
[INFO   ] DREAMPlace - optimizer step 2.254 ms
[INFO   ] DREAMPlace - iteration  639, ( 639,  0,  0), Obj 1.261677E+08, DensityWeight 6.542393E-04, wHPWL 1.458185E+08, Overflow 3.277580E-01, MaxDensity 8.116E+00, gamma 4.772992E+01, time 1.418ms
[INFO   ] DREAMPlace - full step 4.130 ms
[INFO   ] DREAMPlace - plotting to gammalocal_results/nneg/bigblue2/plot/iter0640.png takes 4.671 seconds
[INFO   ] DREAMPlace - optimizer step 4.855 ms
[INFO   ] DREAMPlace - iteration  640, ( 640,  0,  0), Obj 1.260641E+08, DensityWeight 6.732122E-04, wHPWL 1.457012E+08, Overflow 3.246638E-01, MaxDensity 7.562E+00, gamma 4.695822E+01, time 1.375ms
[INFO   ] DREAMPlace - full step 4679.015 ms
[INFO   ] DREAMPlace - optimizer step 2.441 ms
[INFO   ] DREAMPlace - iteration  641, ( 641,  0,  0), Obj 1.259103E+08, DensityWeight 6.927354E-04, wHPWL 1.455357E+08, Overflow 3.217869E-01, MaxDensity 7.097E+00, gamma 4.622060E+01, time 1.508ms
[INFO   ] DREAMPlace - full step 4.539 ms
[INFO   ] DREAMPlace - optimizer step 2.474 ms
[INFO   ] DREAMPlace - iteration  642, ( 642,  0,  0), Obj 1.256873E+08, DensityWeight 7.128248E-04, wHPWL 1.453904E+08, Overflow 3.189041E-01, MaxDensity 7.199E+00, gamma 4.554519E+01, time 1.564ms
[INFO   ] DREAMPlace - full step 4.527 ms
[INFO   ] DREAMPlace - optimizer step 2.521 ms
[INFO   ] DREAMPlace - iteration  643, ( 643,  0,  0), Obj 1.256870E+08, DensityWeight 7.334967E-04, wHPWL 1.445579E+08, Overflow 3.210233E-01, MaxDensity 8.205E+00, gamma 4.487830E+01, time 1.433ms
[INFO   ] DREAMPlace - full step 4.406 ms
[INFO   ] DREAMPlace - optimizer step 2.538 ms
[INFO   ] DREAMPlace - iteration  644, ( 644,  0,  0), Obj 1.257939E+08, DensityWeight 7.547682E-04, wHPWL 1.444263E+08, Overflow 3.179701E-01, MaxDensity 7.357E+00, gamma 4.536760E+01, time 1.407ms
[INFO   ] DREAMPlace - full step 4.464 ms
[INFO   ] DREAMPlace - optimizer step 2.427 ms
[INFO   ] DREAMPlace - iteration  645, ( 645,  0,  0), Obj 1.258087E+08, DensityWeight 7.766565E-04, wHPWL 1.443490E+08, Overflow 3.153037E-01, MaxDensity 7.084E+00, gamma 4.466432E+01, time 1.445ms
[INFO   ] DREAMPlace - full step 4.364 ms
[INFO   ] DREAMPlace - optimizer step 5.176 ms
[INFO   ] DREAMPlace - iteration  646, ( 646,  0,  0), Obj 1.257459E+08, DensityWeight 7.991795E-04, wHPWL 1.442438E+08, Overflow 3.126191E-01, MaxDensity 6.674E+00, gamma 4.405908E+01, time 1.388ms
[INFO   ] DREAMPlace - full step 7.076 ms
[INFO   ] DREAMPlace - optimizer step 2.318 ms
[INFO   ] DREAMPlace - iteration  647, ( 647,  0,  0), Obj 1.256061E+08, DensityWeight 8.223558E-04, wHPWL 1.440862E+08, Overflow 3.097911E-01, MaxDensity 6.595E+00, gamma 4.345799E+01, time 1.564ms
[INFO   ] DREAMPlace - full step 4.354 ms
[INFO   ] DREAMPlace - optimizer step 2.339 ms
[INFO   ] DREAMPlace - iteration  648, ( 648,  0,  0), Obj 1.255015E+08, DensityWeight 8.462042E-04, wHPWL 1.439676E+08, Overflow 3.070859E-01, MaxDensity 7.070E+00, gamma 4.283367E+01, time 1.386ms
[INFO   ] DREAMPlace - full step 4.198 ms
[INFO   ] DREAMPlace - optimizer step 2.262 ms
[INFO   ] DREAMPlace - iteration  649, ( 649,  0,  0), Obj 1.253477E+08, DensityWeight 8.707441E-04, wHPWL 1.437986E+08, Overflow 3.043903E-01, MaxDensity 6.659E+00, gamma 4.224485E+01, time 1.406ms
[INFO   ] DREAMPlace - full step 4.143 ms
[INFO   ] DREAMPlace - optimizer step 2.298 ms
[INFO   ] DREAMPlace - iteration  650, ( 650,  0,  0), Obj 1.252802E+08, DensityWeight 8.959957E-04, wHPWL 1.437268E+08, Overflow 3.013813E-01, MaxDensity 6.661E+00, gamma 4.166616E+01, time 1.414ms
[INFO   ] DREAMPlace - full step 4.173 ms
[INFO   ] DREAMPlace - optimizer step 2.265 ms
[INFO   ] DREAMPlace - iteration  651, ( 651,  0,  0), Obj 1.251021E+08, DensityWeight 9.219796E-04, wHPWL 1.435412E+08, Overflow 2.988268E-01, MaxDensity 6.933E+00, gamma 4.102955E+01, time 1.416ms
[INFO   ] DREAMPlace - full step 4.149 ms
[INFO   ] DREAMPlace - optimizer step 2.312 ms
[INFO   ] DREAMPlace - iteration  652, ( 652,  0,  0), Obj 1.252826E+08, DensityWeight 9.487171E-04, wHPWL 1.434402E+08, Overflow 2.960607E-01, MaxDensity 6.543E+00, gamma 4.049675E+01, time 1.412ms
[INFO   ] DREAMPlace - full step 4.201 ms
[INFO   ] DREAMPlace - optimizer step 2.297 ms
[INFO   ] DREAMPlace - iteration  653, ( 653,  0,  0), Obj 1.252412E+08, DensityWeight 9.762299E-04, wHPWL 1.427829E+08, Overflow 2.994128E-01, MaxDensity 6.788E+00, gamma 3.992760E+01, time 1.423ms
[INFO   ] DREAMPlace - full step 4.169 ms
[INFO   ] DREAMPlace - optimizer step 2.228 ms
[INFO   ] DREAMPlace - iteration  654, ( 654,  0,  0), Obj 1.252691E+08, DensityWeight 1.004541E-03, wHPWL 1.426326E+08, Overflow 2.977023E-01, MaxDensity 7.011E+00, gamma 4.061837E+01, time 1.384ms
[INFO   ] DREAMPlace - full step 4.062 ms
[INFO   ] DREAMPlace - optimizer step 2.278 ms
[INFO   ] DREAMPlace - iteration  655, ( 655,  0,  0), Obj 1.251730E+08, DensityWeight 1.033672E-03, wHPWL 1.425035E+08, Overflow 2.960342E-01, MaxDensity 6.344E+00, gamma 4.026441E+01, time 1.416ms
[INFO   ] DREAMPlace - full step 4.176 ms
[INFO   ] DREAMPlace - optimizer step 2.244 ms
[INFO   ] DREAMPlace - iteration  656, ( 656,  0,  0), Obj 1.252144E+08, DensityWeight 1.063649E-03, wHPWL 1.425485E+08, Overflow 2.936904E-01, MaxDensity 6.397E+00, gamma 3.992220E+01, time 1.380ms
[INFO   ] DREAMPlace - full step 4.088 ms
[INFO   ] DREAMPlace - optimizer step 2.230 ms
[INFO   ] DREAMPlace - iteration  657, ( 657,  0,  0), Obj 1.249888E+08, DensityWeight 1.109839E-03, wHPWL 1.423195E+08, Overflow 2.913756E-01, MaxDensity 6.653E+00, gamma 3.944627E+01, time 1.399ms
[INFO   ] DREAMPlace - full step 4.092 ms
[INFO   ] DREAMPlace - optimizer step 2.250 ms
[INFO   ] DREAMPlace - iteration  658, ( 658,  0,  0), Obj 1.248576E+08, DensityWeight 1.142024E-03, wHPWL 1.421905E+08, Overflow 2.889872E-01, MaxDensity 6.892E+00, gamma 3.898181E+01, time 1.401ms
[INFO   ] DREAMPlace - full step 4.128 ms
[INFO   ] DREAMPlace - optimizer step 2.291 ms
[INFO   ] DREAMPlace - iteration  659, ( 659,  0,  0), Obj 1.246952E+08, DensityWeight 1.175143E-03, wHPWL 1.420115E+08, Overflow 2.860726E-01, MaxDensity 6.299E+00, gamma 3.850830E+01, time 1.440ms
[INFO   ] DREAMPlace - full step 4.203 ms
[INFO   ] DREAMPlace - optimizer step 2.288 ms
[INFO   ] DREAMPlace - iteration  660, ( 660,  0,  0), Obj 1.245681E+08, DensityWeight 1.209222E-03, wHPWL 1.418813E+08, Overflow 2.828556E-01, MaxDensity 6.141E+00, gamma 3.793827E+01, time 1.392ms
[INFO   ] DREAMPlace - full step 4.139 ms
[INFO   ] DREAMPlace - optimizer step 2.242 ms
[INFO   ] DREAMPlace - iteration  661, ( 661,  0,  0), Obj 1.244057E+08, DensityWeight 1.244289E-03, wHPWL 1.416966E+08, Overflow 2.803560E-01, MaxDensity 5.339E+00, gamma 3.731889E+01, time 1.403ms
[INFO   ] DREAMPlace - full step 4.111 ms
[INFO   ] DREAMPlace - optimizer step 2.276 ms
[INFO   ] DREAMPlace - iteration  662, ( 662,  0,  0), Obj 1.244382E+08, DensityWeight 1.280374E-03, wHPWL 1.416040E+08, Overflow 2.770126E-01, MaxDensity 5.983E+00, gamma 3.684461E+01, time 1.435ms
[INFO   ] DREAMPlace - full step 4.175 ms
[INFO   ] DREAMPlace - optimizer step 2.279 ms
[INFO   ] DREAMPlace - iteration  663, ( 663,  0,  0), Obj 1.244491E+08, DensityWeight 1.317505E-03, wHPWL 1.412123E+08, Overflow 2.794697E-01, MaxDensity 5.392E+00, gamma 3.621963E+01, time 1.390ms
[INFO   ] DREAMPlace - full step 4.116 ms
[INFO   ] DREAMPlace - optimizer step 2.429 ms
[INFO   ] DREAMPlace - iteration  664, ( 664,  0,  0), Obj 1.243182E+08, DensityWeight 1.355712E-03, wHPWL 1.410165E+08, Overflow 2.774106E-01, MaxDensity 5.615E+00, gamma 3.667788E+01, time 1.439ms
[INFO   ] DREAMPlace - full step 4.318 ms
[INFO   ] DREAMPlace - optimizer step 2.279 ms
[INFO   ] DREAMPlace - iteration  665, ( 665,  0,  0), Obj 1.242556E+08, DensityWeight 1.395028E-03, wHPWL 1.409544E+08, Overflow 2.756026E-01, MaxDensity 5.931E+00, gamma 3.629348E+01, time 1.415ms
[INFO   ] DREAMPlace - full step 4.171 ms
[INFO   ] DREAMPlace - optimizer step 2.318 ms
[INFO   ] DREAMPlace - iteration  666, ( 666,  0,  0), Obj 1.241139E+08, DensityWeight 1.435484E-03, wHPWL 1.408406E+08, Overflow 2.729546E-01, MaxDensity 5.423E+00, gamma 3.595927E+01, time 1.385ms
[INFO   ] DREAMPlace - full step 4.172 ms
[INFO   ] DREAMPlace - optimizer step 2.255 ms
[INFO   ] DREAMPlace - iteration  667, ( 667,  0,  0), Obj 1.239016E+08, DensityWeight 1.477113E-03, wHPWL 1.406047E+08, Overflow 2.708830E-01, MaxDensity 5.908E+00, gamma 3.547532E+01, time 1.438ms
[INFO   ] DREAMPlace - full step 4.238 ms
[INFO   ] DREAMPlace - optimizer step 2.269 ms
[INFO   ] DREAMPlace - iteration  668, ( 668,  0,  0), Obj 1.237556E+08, DensityWeight 1.519949E-03, wHPWL 1.404606E+08, Overflow 2.677664E-01, MaxDensity 5.200E+00, gamma 3.510128E+01, time 1.403ms
[INFO   ] DREAMPlace - full step 4.145 ms
[INFO   ] DREAMPlace - optimizer step 2.271 ms
[INFO   ] DREAMPlace - iteration  669, ( 669,  0,  0), Obj 1.236171E+08, DensityWeight 1.564028E-03, wHPWL 1.402879E+08, Overflow 2.655083E-01, MaxDensity 5.717E+00, gamma 3.454593E+01, time 1.394ms
[INFO   ] DREAMPlace - full step 4.131 ms
[INFO   ] DREAMPlace - optimizer step 2.271 ms
[INFO   ] DREAMPlace - iteration  670, ( 670,  0,  0), Obj 1.235194E+08, DensityWeight 1.609385E-03, wHPWL 1.401765E+08, Overflow 2.628709E-01, MaxDensity 5.619E+00, gamma 3.414909E+01, time 1.401ms
[INFO   ] DREAMPlace - full step 4.152 ms
[INFO   ] DREAMPlace - optimizer step 2.273 ms
[INFO   ] DREAMPlace - iteration  671, ( 671,  0,  0), Obj 1.233674E+08, DensityWeight 1.656057E-03, wHPWL 1.399799E+08, Overflow 2.606306E-01, MaxDensity 5.267E+00, gamma 3.369133E+01, time 1.404ms
[INFO   ] DREAMPlace - full step 4.143 ms
[INFO   ] DREAMPlace - optimizer step 2.260 ms
[INFO   ] DREAMPlace - iteration  672, ( 672,  0,  0), Obj 1.237526E+08, DensityWeight 1.704083E-03, wHPWL 1.399383E+08, Overflow 2.577450E-01, MaxDensity 5.269E+00, gamma 3.330732E+01, time 1.378ms
[INFO   ] DREAMPlace - full step 4.118 ms
[INFO   ] DREAMPlace - optimizer step 2.270 ms
[INFO   ] DREAMPlace - iteration  673, ( 673,  0,  0), Obj 1.239443E+08, DensityWeight 1.753501E-03, wHPWL 1.398762E+08, Overflow 2.606959E-01, MaxDensity 5.350E+00, gamma 3.281914E+01, time 1.400ms
[INFO   ] DREAMPlace - full step 4.108 ms
[INFO   ] DREAMPlace - optimizer step 2.281 ms
[INFO   ] DREAMPlace - iteration  674, ( 674,  0,  0), Obj 1.237459E+08, DensityWeight 1.804353E-03, wHPWL 1.396651E+08, Overflow 2.588050E-01, MaxDensity 5.697E+00, gamma 3.331845E+01, time 1.379ms
[INFO   ] DREAMPlace - full step 4.105 ms
[INFO   ] DREAMPlace - optimizer step 2.263 ms
[INFO   ] DREAMPlace - iteration  675, ( 675,  0,  0), Obj 1.235238E+08, DensityWeight 1.856679E-03, wHPWL 1.393947E+08, Overflow 2.578789E-01, MaxDensity 5.880E+00, gamma 3.299764E+01, time 1.406ms
[INFO   ] DREAMPlace - full step 4.123 ms
[INFO   ] DREAMPlace - optimizer step 2.255 ms
[INFO   ] DREAMPlace - iteration  676, ( 676,  0,  0), Obj 1.233208E+08, DensityWeight 1.910523E-03, wHPWL 1.391703E+08, Overflow 2.556318E-01, MaxDensity 5.416E+00, gamma 3.284163E+01, time 1.396ms
[INFO   ] DREAMPlace - full step 4.136 ms
[INFO   ] DREAMPlace - optimizer step 2.268 ms
[INFO   ] DREAMPlace - iteration  677, ( 677,  0,  0), Obj 1.230776E+08, DensityWeight 1.965928E-03, wHPWL 1.388521E+08, Overflow 2.540693E-01, MaxDensity 5.427E+00, gamma 3.246619E+01, time 1.391ms
[INFO   ] DREAMPlace - full step 4.128 ms
[INFO   ] DREAMPlace - optimizer step 2.279 ms
[INFO   ] DREAMPlace - iteration  678, ( 678,  0,  0), Obj 1.229984E+08, DensityWeight 2.022940E-03, wHPWL 1.387369E+08, Overflow 2.510275E-01, MaxDensity 5.307E+00, gamma 3.220765E+01, time 1.404ms
[INFO   ] DREAMPlace - full step 4.147 ms
[INFO   ] DREAMPlace - optimizer step 2.251 ms
[INFO   ] DREAMPlace - iteration  679, ( 679,  0,  0), Obj 1.228607E+08, DensityWeight 2.081606E-03, wHPWL 1.385388E+08, Overflow 2.491466E-01, MaxDensity 5.206E+00, gamma 3.171023E+01, time 1.394ms
[INFO   ] DREAMPlace - full step 4.133 ms
[INFO   ] DREAMPlace - plotting to gammalocal_results/nneg/bigblue2/plot/iter0680.png takes 4.686 seconds
[INFO   ] DREAMPlace - optimizer step 3.811 ms
[INFO   ] DREAMPlace - iteration  680, ( 680,  0,  0), Obj 1.228042E+08, DensityWeight 2.141972E-03, wHPWL 1.384619E+08, Overflow 2.456599E-01, MaxDensity 4.822E+00, gamma 3.140650E+01, time 1.376ms
[INFO   ] DREAMPlace - full step 4692.826 ms
[INFO   ] DREAMPlace - optimizer step 2.398 ms
[INFO   ] DREAMPlace - iteration  681, ( 681,  0,  0), Obj 1.227414E+08, DensityWeight 2.204090E-03, wHPWL 1.383543E+08, Overflow 2.429995E-01, MaxDensity 5.125E+00, gamma 3.085116E+01, time 1.455ms
[INFO   ] DREAMPlace - full step 4.389 ms
[INFO   ] DREAMPlace - optimizer step 19.123 ms
[INFO   ] DREAMPlace - iteration  682, ( 682,  0,  0), Obj 1.232091E+08, DensityWeight 2.268008E-03, wHPWL 1.383199E+08, Overflow 2.397073E-01, MaxDensity 4.953E+00, gamma 3.043402E+01, time 8.588ms
[INFO   ] DREAMPlace - full step 28.211 ms
[INFO   ] DREAMPlace - optimizer step 9.087 ms
[INFO   ] DREAMPlace - iteration  683, ( 683,  0,  0), Obj 1.234129E+08, DensityWeight 2.333781E-03, wHPWL 1.383568E+08, Overflow 2.417100E-01, MaxDensity 5.215E+00, gamma 2.992563E+01, time 7.913ms
[INFO   ] DREAMPlace - full step 17.462 ms
[INFO   ] DREAMPlace - optimizer step 2.739 ms
[INFO   ] DREAMPlace - iteration  684, ( 684,  0,  0), Obj 1.232704E+08, DensityWeight 2.437893E-03, wHPWL 1.382010E+08, Overflow 2.397049E-01, MaxDensity 5.237E+00, gamma 3.023388E+01, time 1.387ms
[INFO   ] DREAMPlace - full step 4.605 ms
[INFO   ] DREAMPlace - optimizer step 3.711 ms
[INFO   ] DREAMPlace - iteration  685, ( 685,  0,  0), Obj 1.230992E+08, DensityWeight 2.508592E-03, wHPWL 1.379822E+08, Overflow 2.384048E-01, MaxDensity 4.747E+00, gamma 2.992528E+01, time 21.306ms
[INFO   ] DREAMPlace - full step 25.502 ms
[INFO   ] DREAMPlace - optimizer step 2.314 ms
[INFO   ] DREAMPlace - iteration  686, ( 686,  0,  0), Obj 1.229701E+08, DensityWeight 2.581341E-03, wHPWL 1.378135E+08, Overflow 2.358234E-01, MaxDensity 4.871E+00, gamma 2.972686E+01, time 1.397ms
[INFO   ] DREAMPlace - full step 4.180 ms
[INFO   ] DREAMPlace - optimizer step 2.288 ms
[INFO   ] DREAMPlace - iteration  687, ( 687,  0,  0), Obj 1.228013E+08, DensityWeight 2.656200E-03, wHPWL 1.375774E+08, Overflow 2.335898E-01, MaxDensity 4.588E+00, gamma 2.933679E+01, time 1.407ms
[INFO   ] DREAMPlace - full step 4.174 ms
[INFO   ] DREAMPlace - optimizer step 2.294 ms
[INFO   ] DREAMPlace - iteration  688, ( 688,  0,  0), Obj 1.227606E+08, DensityWeight 2.733230E-03, wHPWL 1.375082E+08, Overflow 2.301663E-01, MaxDensity 4.372E+00, gamma 2.900340E+01, time 1.396ms
[INFO   ] DREAMPlace - full step 4.153 ms
[INFO   ] DREAMPlace - optimizer step 2.287 ms
[INFO   ] DREAMPlace - iteration  689, ( 689,  0,  0), Obj 1.226678E+08, DensityWeight 2.812494E-03, wHPWL 1.373662E+08, Overflow 2.276570E-01, MaxDensity 4.433E+00, gamma 2.849976E+01, time 1.396ms
[INFO   ] DREAMPlace - full step 4.153 ms
[INFO   ] DREAMPlace - optimizer step 2.299 ms
[INFO   ] DREAMPlace - iteration  690, ( 690,  0,  0), Obj 1.226473E+08, DensityWeight 2.894056E-03, wHPWL 1.373272E+08, Overflow 2.243855E-01, MaxDensity 4.416E+00, gamma 2.813617E+01, time 1.381ms
[INFO   ] DREAMPlace - full step 4.155 ms
[INFO   ] DREAMPlace - optimizer step 2.312 ms
[INFO   ] DREAMPlace - iteration  691, ( 691,  0,  0), Obj 1.226026E+08, DensityWeight 2.977984E-03, wHPWL 1.372408E+08, Overflow 2.222302E-01, MaxDensity 4.204E+00, gamma 2.766909E+01, time 1.408ms
[INFO   ] DREAMPlace - full step 4.188 ms
[INFO   ] DREAMPlace - optimizer step 2.282 ms
[INFO   ] DREAMPlace - iteration  692, ( 692,  0,  0), Obj 1.231711E+08, DensityWeight 3.064346E-03, wHPWL 1.372012E+08, Overflow 2.192710E-01, MaxDensity 4.501E+00, gamma 2.736563E+01, time 1.383ms
[INFO   ] DREAMPlace - full step 4.131 ms
[INFO   ] DREAMPlace - optimizer step 5.555 ms
[INFO   ] DREAMPlace - iteration  693, ( 693,  0,  0), Obj 1.233408E+08, DensityWeight 3.153212E-03, wHPWL 1.372130E+08, Overflow 2.219767E-01, MaxDensity 4.974E+00, gamma 2.695438E+01, time 13.328ms
[INFO   ] DREAMPlace - full step 19.330 ms
[INFO   ] DREAMPlace - optimizer step 2.239 ms
[INFO   ] DREAMPlace - iteration  694, ( 694,  0,  0), Obj 1.232595E+08, DensityWeight 3.305457E-03, wHPWL 1.371311E+08, Overflow 2.209530E-01, MaxDensity 4.594E+00, gamma 2.733016E+01, time 1.389ms
[INFO   ] DREAMPlace - full step 4.069 ms
[INFO   ] DREAMPlace - optimizer step 2.269 ms
[INFO   ] DREAMPlace - iteration  695, ( 695,  0,  0), Obj 1.230042E+08, DensityWeight 3.401315E-03, wHPWL 1.368068E+08, Overflow 2.200859E-01, MaxDensity 4.517E+00, gamma 2.718737E+01, time 1.399ms
[INFO   ] DREAMPlace - full step 4.109 ms
[INFO   ] DREAMPlace - optimizer step 2.251 ms
[INFO   ] DREAMPlace - iteration  696, ( 696,  0,  0), Obj 1.228615E+08, DensityWeight 3.499954E-03, wHPWL 1.366175E+08, Overflow 2.168796E-01, MaxDensity 4.296E+00, gamma 2.706701E+01, time 1.398ms
[INFO   ] DREAMPlace - full step 4.108 ms
[INFO   ] DREAMPlace - optimizer step 2.250 ms
[INFO   ] DREAMPlace - iteration  697, ( 697,  0,  0), Obj 1.227192E+08, DensityWeight 3.601452E-03, wHPWL 1.364044E+08, Overflow 2.145236E-01, MaxDensity 4.664E+00, gamma 2.662657E+01, time 1.400ms
[INFO   ] DREAMPlace - full step 4.139 ms
[INFO   ] DREAMPlace - optimizer step 2.241 ms
[INFO   ] DREAMPlace - iteration  698, ( 698,  0,  0), Obj 1.226748E+08, DensityWeight 3.705895E-03, wHPWL 1.363338E+08, Overflow 2.114014E-01, MaxDensity 4.906E+00, gamma 2.630751E+01, time 1.385ms
[INFO   ] DREAMPlace - full step 4.099 ms
[INFO   ] DREAMPlace - optimizer step 2.259 ms
[INFO   ] DREAMPlace - iteration  699, ( 699,  0,  0), Obj 1.226225E+08, DensityWeight 3.813366E-03, wHPWL 1.362389E+08, Overflow 2.089508E-01, MaxDensity 5.126E+00, gamma 2.589056E+01, time 1.409ms
[INFO   ] DREAMPlace - full step 4.142 ms
[INFO   ] DREAMPlace - optimizer step 2.243 ms
[INFO   ] DREAMPlace - iteration  700, ( 700,  0,  0), Obj 1.226073E+08, DensityWeight 3.923954E-03, wHPWL 1.362089E+08, Overflow 2.055001E-01, MaxDensity 4.837E+00, gamma 2.556794E+01, time 1.385ms
[INFO   ] DREAMPlace - full step 4.104 ms
[INFO   ] DREAMPlace - gamma_local: mean(coef_net)/coef = 2.564 (norm=gamma, applied ratio 1.000)
[INFO   ] DREAMPlace - optimizer step 2.298 ms
[INFO   ] DREAMPlace - iteration  701, ( 701,  0,  0), Obj 1.225607E+08, DensityWeight 4.037749E-03, wHPWL 1.361271E+08, Overflow 2.029444E-01, MaxDensity 4.449E+00, gamma 2.512045E+01, time 1.399ms
[INFO   ] DREAMPlace - full step 4.179 ms
[INFO   ] DREAMPlace - optimizer step 2.322 ms
[INFO   ] DREAMPlace - iteration  702, ( 702,  0,  0), Obj 1.230294E+08, DensityWeight 4.154843E-03, wHPWL 1.360940E+08, Overflow 2.003111E-01, MaxDensity 5.131E+00, gamma 2.479408E+01, time 1.985ms
[INFO   ] DREAMPlace - full step 4.784 ms
[INFO   ] DREAMPlace - optimizer step 3.256 ms
[INFO   ] DREAMPlace - iteration  703, ( 703,  0,  0), Obj 1.231237E+08, DensityWeight 4.275334E-03, wHPWL 1.360595E+08, Overflow 2.023663E-01, MaxDensity 4.790E+00, gamma 2.446224E+01, time 1.416ms
[INFO   ] DREAMPlace - full step 5.141 ms
[INFO   ] DREAMPlace - optimizer step 2.253 ms
[INFO   ] DREAMPlace - iteration  704, ( 704,  0,  0), Obj 1.230402E+08, DensityWeight 4.399319E-03, wHPWL 1.359677E+08, Overflow 2.013141E-01, MaxDensity 4.955E+00, gamma 2.472085E+01, time 1.397ms
[INFO   ] DREAMPlace - full step 4.103 ms
[INFO   ] DREAMPlace - optimizer step 3.166 ms
[INFO   ] DREAMPlace - iteration  705, ( 705,  0,  0), Obj 1.228314E+08, DensityWeight 4.526899E-03, wHPWL 1.356922E+08, Overflow 2.002980E-01, MaxDensity 3.982E+00, gamma 2.458812E+01, time 17.886ms
[INFO   ] DREAMPlace - full step 21.526 ms
[INFO   ] DREAMPlace - optimizer step 2.305 ms
[INFO   ] DREAMPlace - iteration  706, ( 706,  0,  0), Obj 1.227036E+08, DensityWeight 4.658179E-03, wHPWL 1.355146E+08, Overflow 1.984267E-01, MaxDensity 4.428E+00, gamma 2.446060E+01, time 1.396ms
[INFO   ] DREAMPlace - full step 4.174 ms
[INFO   ] DREAMPlace - optimizer step 2.290 ms
[INFO   ] DREAMPlace - iteration  707, ( 707,  0,  0), Obj 1.225970E+08, DensityWeight 4.793267E-03, wHPWL 1.353494E+08, Overflow 1.963941E-01, MaxDensity 4.576E+00, gamma 2.422752E+01, time 1.416ms
[INFO   ] DREAMPlace - full step 4.167 ms
[INFO   ] DREAMPlace - optimizer step 2.284 ms
[INFO   ] DREAMPlace - iteration  708, ( 708,  0,  0), Obj 1.225720E+08, DensityWeight 4.932272E-03, wHPWL 1.353060E+08, Overflow 1.935733E-01, MaxDensity 4.385E+00, gamma 2.397684E+01, time 1.407ms
[INFO   ] DREAMPlace - full step 4.156 ms
[INFO   ] DREAMPlace - optimizer step 4.841 ms
[INFO   ] DREAMPlace - iteration  709, ( 709,  0,  0), Obj 1.225389E+08, DensityWeight 5.075308E-03, wHPWL 1.352405E+08, Overflow 1.909626E-01, MaxDensity 4.074E+00, gamma 2.363325E+01, time 1.402ms
[INFO   ] DREAMPlace - full step 6.719 ms
[INFO   ] DREAMPlace - optimizer step 2.320 ms
[INFO   ] DREAMPlace - iteration  710, ( 710,  0,  0), Obj 1.225290E+08, DensityWeight 5.222492E-03, wHPWL 1.352177E+08, Overflow 1.882427E-01, MaxDensity 4.362E+00, gamma 2.331964E+01, time 1.387ms
[INFO   ] DREAMPlace - full step 4.183 ms
[INFO   ] DREAMPlace - optimizer step 2.291 ms
[INFO   ] DREAMPlace - iteration  711, ( 711,  0,  0), Obj 1.224970E+08, DensityWeight 5.373945E-03, wHPWL 1.351581E+08, Overflow 1.858879E-01, MaxDensity 3.689E+00, gamma 2.299734E+01, time 1.417ms
[INFO   ] DREAMPlace - full step 4.197 ms
[INFO   ] DREAMPlace - optimizer step 2.287 ms
[INFO   ] DREAMPlace - iteration  712, ( 712,  0,  0), Obj 1.229059E+08, DensityWeight 5.529790E-03, wHPWL 1.351156E+08, Overflow 1.832934E-01, MaxDensity 3.637E+00, gamma 2.272191E+01, time 1.398ms
[INFO   ] DREAMPlace - full step 4.156 ms
[INFO   ] DREAMPlace - optimizer step 2.289 ms
[INFO   ] DREAMPlace - iteration  713, ( 713,  0,  0), Obj 1.229534E+08, DensityWeight 5.690154E-03, wHPWL 1.350487E+08, Overflow 1.851924E-01, MaxDensity 3.992E+00, gamma 2.242225E+01, time 1.392ms
[INFO   ] DREAMPlace - full step 4.125 ms
[INFO   ] DREAMPlace - optimizer step 2.258 ms
[INFO   ] DREAMPlace - iteration  714, ( 714,  0,  0), Obj 1.229094E+08, DensityWeight 5.855168E-03, wHPWL 1.349893E+08, Overflow 1.842747E-01, MaxDensity 3.996E+00, gamma 2.264119E+01, time 1.395ms
[INFO   ] DREAMPlace - full step 4.141 ms
[INFO   ] DREAMPlace - optimizer step 2.264 ms
[INFO   ] DREAMPlace - iteration  715, ( 715,  0,  0), Obj 1.227408E+08, DensityWeight 6.024968E-03, wHPWL 1.347591E+08, Overflow 1.828358E-01, MaxDensity 4.111E+00, gamma 2.253512E+01, time 1.397ms
[INFO   ] DREAMPlace - full step 4.120 ms
[INFO   ] DREAMPlace - optimizer step 2.259 ms
[INFO   ] DREAMPlace - iteration  716, ( 716,  0,  0), Obj 1.226585E+08, DensityWeight 6.199693E-03, wHPWL 1.346348E+08, Overflow 1.807707E-01, MaxDensity 4.642E+00, gamma 2.236982E+01, time 1.390ms
[INFO   ] DREAMPlace - full step 4.112 ms
[INFO   ] DREAMPlace - optimizer step 2.289 ms
[INFO   ] DREAMPlace - iteration  717, ( 717,  0,  0), Obj 1.225926E+08, DensityWeight 6.379484E-03, wHPWL 1.345243E+08, Overflow 1.787608E-01, MaxDensity 3.842E+00, gamma 2.213468E+01, time 1.417ms
[INFO   ] DREAMPlace - full step 4.178 ms
[INFO   ] DREAMPlace - optimizer step 2.259 ms
[INFO   ] DREAMPlace - iteration  718, ( 718,  0,  0), Obj 1.225738E+08, DensityWeight 6.564490E-03, wHPWL 1.344941E+08, Overflow 1.761518E-01, MaxDensity 3.858E+00, gamma 2.190820E+01, time 1.405ms
[INFO   ] DREAMPlace - full step 4.133 ms
[INFO   ] DREAMPlace - optimizer step 2.286 ms
[INFO   ] DREAMPlace - iteration  719, ( 719,  0,  0), Obj 1.225649E+08, DensityWeight 6.754860E-03, wHPWL 1.344624E+08, Overflow 1.738643E-01, MaxDensity 3.689E+00, gamma 2.161767E+01, time 1.396ms
[INFO   ] DREAMPlace - full step 4.155 ms
[INFO   ] DREAMPlace - plotting to gammalocal_results/nneg/bigblue2/plot/iter0720.png takes 4.689 seconds
[INFO   ] DREAMPlace - optimizer step 23.486 ms
[INFO   ] DREAMPlace - iteration  720, ( 720,  0,  0), Obj 1.225502E+08, DensityWeight 6.950751E-03, wHPWL 1.344403E+08, Overflow 1.713270E-01, MaxDensity 3.949E+00, gamma 2.136612E+01, time 1.834ms
[INFO   ] DREAMPlace - full step 4716.840 ms
[INFO   ] DREAMPlace - optimizer step 2.381 ms
[INFO   ] DREAMPlace - iteration  721, ( 721,  0,  0), Obj 1.225318E+08, DensityWeight 7.152324E-03, wHPWL 1.344011E+08, Overflow 1.689237E-01, MaxDensity 3.453E+00, gamma 2.109051E+01, time 1.482ms
[INFO   ] DREAMPlace - full step 4.411 ms
[INFO   ] DREAMPlace - optimizer step 2.315 ms
[INFO   ] DREAMPlace - iteration  722, ( 722,  0,  0), Obj 1.230708E+08, DensityWeight 7.359741E-03, wHPWL 1.343741E+08, Overflow 1.666726E-01, MaxDensity 3.809E+00, gamma 2.083275E+01, time 1.413ms
[INFO   ] DREAMPlace - full step 4.208 ms
[INFO   ] DREAMPlace - optimizer step 2.287 ms
[INFO   ] DREAMPlace - iteration  723, ( 723,  0,  0), Obj 1.231747E+08, DensityWeight 7.573174E-03, wHPWL 1.343884E+08, Overflow 1.678659E-01, MaxDensity 4.070E+00, gamma 2.059416E+01, time 1.414ms
[INFO   ] DREAMPlace - full step 4.170 ms
[INFO   ] DREAMPlace - optimizer step 2.260 ms
[INFO   ] DREAMPlace - iteration  724, ( 724,  0,  0), Obj 1.231467E+08, DensityWeight 7.935975E-03, wHPWL 1.343305E+08, Overflow 1.664099E-01, MaxDensity 3.445E+00, gamma 2.072030E+01, time 1.372ms
[INFO   ] DREAMPlace - full step 4.104 ms
[INFO   ] DREAMPlace - optimizer step 2.337 ms
[INFO   ] DREAMPlace - iteration  725, ( 725,  0,  0), Obj 1.230010E+08, DensityWeight 8.166119E-03, wHPWL 1.341369E+08, Overflow 1.653724E-01, MaxDensity 3.411E+00, gamma 2.056650E+01, time 1.415ms
[INFO   ] DREAMPlace - full step 4.218 ms
[INFO   ] DREAMPlace - optimizer step 2.319 ms
[INFO   ] DREAMPlace - iteration  726, ( 726,  0,  0), Obj 1.230005E+08, DensityWeight 8.402936E-03, wHPWL 1.341160E+08, Overflow 1.624975E-01, MaxDensity 3.494E+00, gamma 2.045761E+01, time 1.382ms
[INFO   ] DREAMPlace - full step 4.190 ms
[INFO   ] DREAMPlace - optimizer step 3.813 ms
[INFO   ] DREAMPlace - iteration  727, ( 727,  0,  0), Obj 1.229497E+08, DensityWeight 8.646621E-03, wHPWL 1.340345E+08, Overflow 1.600304E-01, MaxDensity 3.389E+00, gamma 2.015886E+01, time 3.208ms
[INFO   ] DREAMPlace - full step 7.708 ms
[INFO   ] DREAMPlace - optimizer step 2.312 ms
[INFO   ] DREAMPlace - iteration  728, ( 728,  0,  0), Obj 1.229516E+08, DensityWeight 8.897373E-03, wHPWL 1.340310E+08, Overflow 1.574117E-01, MaxDensity 3.537E+00, gamma 1.990598E+01, time 1.411ms
[INFO   ] DREAMPlace - full step 4.220 ms
[INFO   ] DREAMPlace - optimizer step 2.328 ms
[INFO   ] DREAMPlace - iteration  729, ( 729,  0,  0), Obj 1.229436E+08, DensityWeight 9.155397E-03, wHPWL 1.340034E+08, Overflow 1.552097E-01, MaxDensity 3.543E+00, gamma 1.964103E+01, time 1.414ms
[INFO   ] DREAMPlace - full step 4.210 ms
[INFO   ] DREAMPlace - optimizer step 2.382 ms
[INFO   ] DREAMPlace - iteration  730, ( 730,  0,  0), Obj 1.229312E+08, DensityWeight 9.420904E-03, wHPWL 1.339850E+08, Overflow 1.527948E-01, MaxDensity 3.932E+00, gamma 1.942097E+01, time 1.400ms
[INFO   ] DREAMPlace - full step 4.266 ms
[INFO   ] DREAMPlace - optimizer step 2.507 ms
[INFO   ] DREAMPlace - iteration  731, ( 731,  0,  0), Obj 1.229146E+08, DensityWeight 9.694111E-03, wHPWL 1.339478E+08, Overflow 1.509333E-01, MaxDensity 3.706E+00, gamma 1.918247E+01, time 1.445ms
[INFO   ] DREAMPlace - full step 4.441 ms
[INFO   ] DREAMPlace - optimizer step 2.273 ms
[INFO   ] DREAMPlace - iteration  732, ( 732,  0,  0), Obj 1.234795E+08, DensityWeight 9.975241E-03, wHPWL 1.339255E+08, Overflow 1.488757E-01, MaxDensity 3.378E+00, gamma 1.900063E+01, time 1.383ms
[INFO   ] DREAMPlace - full step 4.125 ms
[INFO   ] DREAMPlace - optimizer step 2.269 ms
[INFO   ] DREAMPlace - iteration  733, ( 733,  0,  0), Obj 1.234848E+08, DensityWeight 1.026452E-02, wHPWL 1.338416E+08, Overflow 1.501913E-01, MaxDensity 3.389E+00, gamma 1.880163E+01, time 1.413ms
[INFO   ] DREAMPlace - full step 4.129 ms
[INFO   ] DREAMPlace - optimizer step 2.269 ms
[INFO   ] DREAMPlace - iteration  734, ( 734,  0,  0), Obj 1.234923E+08, DensityWeight 1.056219E-02, wHPWL 1.338266E+08, Overflow 1.494322E-01, MaxDensity 3.276E+00, gamma 1.892862E+01, time 1.384ms
[INFO   ] DREAMPlace - full step 4.098 ms
[INFO   ] DREAMPlace - optimizer step 2.312 ms
[INFO   ] DREAMPlace - iteration  735, ( 735,  0,  0), Obj 1.233690E+08, DensityWeight 1.086850E-02, wHPWL 1.336588E+08, Overflow 1.484055E-01, MaxDensity 3.371E+00, gamma 1.885524E+01, time 1.401ms
[INFO   ] DREAMPlace - full step 4.220 ms
[INFO   ] DREAMPlace - optimizer step 2.272 ms
[INFO   ] DREAMPlace - iteration  736, ( 736,  0,  0), Obj 1.233505E+08, DensityWeight 1.118369E-02, wHPWL 1.336173E+08, Overflow 1.465099E-01, MaxDensity 3.230E+00, gamma 1.875644E+01, time 1.395ms
[INFO   ] DREAMPlace - full step 4.130 ms
[INFO   ] DREAMPlace - optimizer step 2.301 ms
[INFO   ] DREAMPlace - iteration  737, ( 737,  0,  0), Obj 1.233216E+08, DensityWeight 1.150801E-02, wHPWL 1.335639E+08, Overflow 1.446083E-01, MaxDensity 3.287E+00, gamma 1.857540E+01, time 1.422ms
[INFO   ] DREAMPlace - full step 4.190 ms
[INFO   ] DREAMPlace - optimizer step 2.483 ms
[INFO   ] DREAMPlace - iteration  738, ( 738,  0,  0), Obj 1.233220E+08, DensityWeight 1.184175E-02, wHPWL 1.335612E+08, Overflow 1.422942E-01, MaxDensity 3.311E+00, gamma 1.839554E+01, time 1.396ms
[INFO   ] DREAMPlace - full step 4.460 ms
[INFO   ] DREAMPlace - optimizer step 3.031 ms
[INFO   ] DREAMPlace - iteration  739, ( 739,  0,  0), Obj 1.233270E+08, DensityWeight 1.218516E-02, wHPWL 1.335538E+08, Overflow 1.403374E-01, MaxDensity 2.944E+00, gamma 1.817899E+01, time 1.643ms
[INFO   ] DREAMPlace - full step 5.279 ms
[INFO   ] DREAMPlace - optimizer step 3.023 ms
[INFO   ] DREAMPlace - iteration  740, ( 740,  0,  0), Obj 1.233264E+08, DensityWeight 1.253853E-02, wHPWL 1.335526E+08, Overflow 1.382109E-01, MaxDensity 3.207E+00, gamma 1.799788E+01, time 1.948ms
[INFO   ] DREAMPlace - full step 5.587 ms
[INFO   ] DREAMPlace - optimizer step 20.852 ms
[INFO   ] DREAMPlace - iteration  741, ( 741,  0,  0), Obj 1.233280E+08, DensityWeight 1.290215E-02, wHPWL 1.335426E+08, Overflow 1.363840E-01, MaxDensity 2.914E+00, gamma 1.780311E+01, time 11.639ms
[INFO   ] DREAMPlace - full step 32.997 ms
[INFO   ] DREAMPlace - optimizer step 2.697 ms
[INFO   ] DREAMPlace - iteration  742, ( 742,  0,  0), Obj 1.237811E+08, DensityWeight 1.327631E-02, wHPWL 1.335344E+08, Overflow 1.343909E-01, MaxDensity 2.866E+00, gamma 1.763746E+01, time 1.630ms
[INFO   ] DREAMPlace - full step 4.813 ms
[INFO   ] DREAMPlace - optimizer step 2.236 ms
[INFO   ] DREAMPlace - iteration  743, ( 743,  0,  0), Obj 1.238159E+08, DensityWeight 1.366132E-02, wHPWL 1.335061E+08, Overflow 1.351655E-01, MaxDensity 3.143E+00, gamma 1.745850E+01, time 1.579ms
[INFO   ] DREAMPlace - full step 4.256 ms
[INFO   ] DREAMPlace - optimizer step 2.638 ms
[INFO   ] DREAMPlace - iteration  744, ( 744,  0,  0), Obj 1.238550E+08, DensityWeight 1.405750E-02, wHPWL 1.335302E+08, Overflow 1.340581E-01, MaxDensity 3.157E+00, gamma 1.752783E+01, time 1.403ms
[INFO   ] DREAMPlace - full step 4.511 ms
[INFO   ] DREAMPlace - optimizer step 2.241 ms
[INFO   ] DREAMPlace - iteration  745, ( 745,  0,  0), Obj 1.237594E+08, DensityWeight 1.471096E-02, wHPWL 1.334070E+08, Overflow 1.329176E-01, MaxDensity 3.184E+00, gamma 1.742880E+01, time 1.398ms
[INFO   ] DREAMPlace - full step 4.095 ms
[INFO   ] DREAMPlace - optimizer step 2.231 ms
[INFO   ] DREAMPlace - iteration  746, ( 746,  0,  0), Obj 1.237781E+08, DensityWeight 1.513758E-02, wHPWL 1.334188E+08, Overflow 1.310663E-01, MaxDensity 3.014E+00, gamma 1.732739E+01, time 1.373ms
[INFO   ] DREAMPlace - full step 4.069 ms
[INFO   ] DREAMPlace - optimizer step 2.243 ms
[INFO   ] DREAMPlace - iteration  747, ( 747,  0,  0), Obj 1.237560E+08, DensityWeight 1.586846E-02, wHPWL 1.333809E+08, Overflow 1.287946E-01, MaxDensity 3.049E+00, gamma 1.716402E+01, time 1.385ms
[INFO   ] DREAMPlace - full step 4.085 ms
[INFO   ] DREAMPlace - optimizer step 2.228 ms
[INFO   ] DREAMPlace - iteration  748, ( 748,  0,  0), Obj 1.237645E+08, DensityWeight 1.632864E-02, wHPWL 1.333905E+08, Overflow 1.263748E-01, MaxDensity 2.975E+00, gamma 1.696566E+01, time 1.374ms
[INFO   ] DREAMPlace - full step 4.069 ms
[INFO   ] DREAMPlace - optimizer step 2.220 ms
[INFO   ] DREAMPlace - iteration  749, ( 749,  0,  0), Obj 1.237763E+08, DensityWeight 1.712214E-02, wHPWL 1.333937E+08, Overflow 1.238252E-01, MaxDensity 2.975E+00, gamma 1.675689E+01, time 1.403ms
[INFO   ] DREAMPlace - full step 4.106 ms
[INFO   ] DREAMPlace - optimizer step 2.239 ms
[INFO   ] DREAMPlace - iteration  750, ( 750,  0,  0), Obj 1.237800E+08, DensityWeight 1.797011E-02, wHPWL 1.333991E+08, Overflow 1.216164E-01, MaxDensity 3.009E+00, gamma 1.653970E+01, time 1.424ms
[INFO   ] DREAMPlace - full step 4.132 ms
[INFO   ] DREAMPlace - optimizer step 2.295 ms
[INFO   ] DREAMPlace - iteration  751, ( 751,  0,  0), Obj 1.237881E+08, DensityWeight 1.885450E-02, wHPWL 1.333993E+08, Overflow 1.192237E-01, MaxDensity 2.681E+00, gamma 1.635382E+01, time 1.390ms
[INFO   ] DREAMPlace - full step 4.178 ms
[INFO   ] DREAMPlace - optimizer step 2.202 ms
[INFO   ] DREAMPlace - iteration  752, ( 752,  0,  0), Obj 1.242884E+08, DensityWeight 1.979650E-02, wHPWL 1.334065E+08, Overflow 1.165644E-01, MaxDensity 2.885E+00, gamma 1.615482E+01, time 1.364ms
[INFO   ] DREAMPlace - full step 4.022 ms
[INFO   ] DREAMPlace - optimizer step 2.254 ms
[INFO   ] DREAMPlace - iteration  753, ( 753,  0,  0), Obj 1.243100E+08, DensityWeight 2.076563E-02, wHPWL 1.333657E+08, Overflow 1.164582E-01, MaxDensity 2.790E+00, gamma 1.593649E+01, time 1.399ms
[INFO   ] DREAMPlace - full step 4.120 ms
[INFO   ] DREAMPlace - optimizer step 2.345 ms
[INFO   ] DREAMPlace - iteration  754, ( 754,  0,  0), Obj 1.243823E+08, DensityWeight 2.136784E-02, wHPWL 1.334238E+08, Overflow 1.144875E-01, MaxDensity 2.677E+00, gamma 1.592783E+01, time 1.387ms
[INFO   ] DREAMPlace - full step 4.211 ms
[INFO   ] DREAMPlace - optimizer step 2.347 ms
[INFO   ] DREAMPlace - iteration  755, ( 755,  0,  0), Obj 1.243102E+08, DensityWeight 2.225526E-02, wHPWL 1.333234E+08, Overflow 1.123788E-01, MaxDensity 2.712E+00, gamma 1.576802E+01, time 1.391ms
[INFO   ] DREAMPlace - full step 4.203 ms
[INFO   ] DREAMPlace - optimizer step 2.258 ms
[INFO   ] DREAMPlace - iteration  756, ( 756,  0,  0), Obj 1.243153E+08, DensityWeight 2.290066E-02, wHPWL 1.333158E+08, Overflow 1.103721E-01, MaxDensity 2.999E+00, gamma 1.559880E+01, time 1.389ms
[INFO   ] DREAMPlace - full step 4.107 ms
[INFO   ] DREAMPlace - optimizer step 2.314 ms
[INFO   ] DREAMPlace - iteration  757, ( 757,  0,  0), Obj 1.243010E+08, DensityWeight 2.356478E-02, wHPWL 1.332877E+08, Overflow 1.084157E-01, MaxDensity 2.800E+00, gamma 1.543946E+01, time 1.401ms
[INFO   ] DREAMPlace - full step 4.190 ms
[INFO   ] DREAMPlace - optimizer step 2.247 ms
[INFO   ] DREAMPlace - iteration  758, ( 758,  0,  0), Obj 1.243046E+08, DensityWeight 2.424816E-02, wHPWL 1.332896E+08, Overflow 1.065987E-01, MaxDensity 2.768E+00, gamma 1.528567E+01, time 1.396ms
[INFO   ] DREAMPlace - full step 4.102 ms
[INFO   ] DREAMPlace - optimizer step 2.228 ms
[INFO   ] DREAMPlace - iteration  759, ( 759,  0,  0), Obj 1.242975E+08, DensityWeight 2.545401E-02, wHPWL 1.332750E+08, Overflow 1.052995E-01, MaxDensity 2.865E+00, gamma 1.514421E+01, time 1.381ms
[INFO   ] DREAMPlace - full step 4.076 ms
[INFO   ] DREAMPlace - plotting to gammalocal_results/nneg/bigblue2/plot/iter0760.png takes 4.643 seconds
[INFO   ] DREAMPlace - optimizer step 14.385 ms
[INFO   ] DREAMPlace - iteration  760, ( 760,  0,  0), Obj 1.242980E+08, DensityWeight 2.619218E-02, wHPWL 1.332743E+08, Overflow 1.038035E-01, MaxDensity 2.657E+00, gamma 1.504386E+01, time 1.392ms
[INFO   ] DREAMPlace - full step 4660.527 ms
[INFO   ] DREAMPlace - optimizer step 2.343 ms
[INFO   ] DREAMPlace - iteration  761, ( 761,  0,  0), Obj 1.242981E+08, DensityWeight 2.695175E-02, wHPWL 1.332662E+08, Overflow 1.018475E-01, MaxDensity 2.614E+00, gamma 1.492914E+01, time 1.470ms
[INFO   ] DREAMPlace - full step 4.362 ms
[INFO   ] DREAMPlace - optimizer step 2.285 ms
[INFO   ] DREAMPlace - iteration  762, ( 762,  0,  0), Obj 1.248372E+08, DensityWeight 2.773335E-02, wHPWL 1.332696E+08, Overflow 1.001823E-01, MaxDensity 2.542E+00, gamma 1.478047E+01, time 1.389ms
[INFO   ] DREAMPlace - full step 4.143 ms
[INFO   ] DREAMPlace - optimizer step 2.281 ms
[INFO   ] DREAMPlace - iteration  763, ( 763,  0,  0), Obj 1.248236E+08, DensityWeight 2.910622E-02, wHPWL 1.331891E+08, Overflow 1.008900E-01, MaxDensity 2.487E+00, gamma 1.465507E+01, time 1.395ms
[INFO   ] DREAMPlace - full step 4.130 ms
[INFO   ] DREAMPlace - optimizer step 2.288 ms
[INFO   ] DREAMPlace - iteration  764, ( 764,  0,  0), Obj 1.248431E+08, DensityWeight 2.995031E-02, wHPWL 1.331968E+08, Overflow 1.000994E-01, MaxDensity 2.458E+00, gamma 1.470823E+01, time 1.395ms
[INFO   ] DREAMPlace - full step 4.150 ms
[INFO   ] DREAMPlace - optimizer step 2.308 ms
[INFO   ] DREAMPlace - iteration  765, ( 765,  0,  0), Obj 1.248002E+08, DensityWeight 3.141389E-02, wHPWL 1.331252E+08, Overflow 9.860352E-02, MaxDensity 2.540E+00, gamma 1.464886E+01, time 1.396ms
[INFO   ] DREAMPlace - full step 4.169 ms
[INFO   ] DREAMPlace - optimizer step 2.311 ms
[INFO   ] DREAMPlace - iteration  766, ( 766,  0,  0), Obj 1.247936E+08, DensityWeight 3.232489E-02, wHPWL 1.331064E+08, Overflow 9.694928E-02, MaxDensity 2.574E+00, gamma 1.453716E+01, time 1.818ms
[INFO   ] DREAMPlace - full step 4.604 ms
[INFO   ] DREAMPlace - optimizer step 2.258 ms
[INFO   ] DREAMPlace - iteration  767, ( 767,  0,  0), Obj 1.247831E+08, DensityWeight 3.326232E-02, wHPWL 1.330799E+08, Overflow 9.502706E-02, MaxDensity 2.558E+00, gamma 1.441462E+01, time 1.396ms
[INFO   ] DREAMPlace - full step 4.146 ms
[INFO   ] DREAMPlace - optimizer step 2.249 ms
[INFO   ] DREAMPlace - iteration  768, ( 768,  0,  0), Obj 1.247921E+08, DensityWeight 3.422692E-02, wHPWL 1.330868E+08, Overflow 9.338997E-02, MaxDensity 2.509E+00, gamma 1.427354E+01, time 1.400ms
[INFO   ] DREAMPlace - full step 4.110 ms
[INFO   ] DREAMPlace - optimizer step 2.259 ms
[INFO   ] DREAMPlace - iteration  769, ( 769,  0,  0), Obj 1.247892E+08, DensityWeight 3.590382E-02, wHPWL 1.330752E+08, Overflow 9.203891E-02, MaxDensity 2.534E+00, gamma 1.415448E+01, time 1.392ms
[INFO   ] DREAMPlace - full step 4.120 ms
[INFO   ] DREAMPlace - optimizer step 2.276 ms
[INFO   ] DREAMPlace - iteration  770, ( 770,  0,  0), Obj 1.247879E+08, DensityWeight 3.694503E-02, wHPWL 1.330706E+08, Overflow 9.072124E-02, MaxDensity 2.455E+00, gamma 1.405696E+01, time 1.394ms
[INFO   ] DREAMPlace - full step 4.133 ms
[INFO   ] DREAMPlace - optimizer step 2.240 ms
[INFO   ] DREAMPlace - iteration  771, ( 771,  0,  0), Obj 1.247756E+08, DensityWeight 3.801644E-02, wHPWL 1.330452E+08, Overflow 8.898968E-02, MaxDensity 2.407E+00, gamma 1.396250E+01, time 1.392ms
[INFO   ] DREAMPlace - full step 4.103 ms
[INFO   ] DREAMPlace - optimizer step 2.269 ms
[INFO   ] DREAMPlace - iteration  772, ( 772,  0,  0), Obj 1.251247E+08, DensityWeight 3.911892E-02, wHPWL 1.330332E+08, Overflow 8.753508E-02, MaxDensity 2.335E+00, gamma 1.383934E+01, time 1.408ms
[INFO   ] DREAMPlace - full step 4.160 ms
[INFO   ] DREAMPlace - optimizer step 2.254 ms
[INFO   ] DREAMPlace - iteration  773, ( 773,  0,  0), Obj 1.250844E+08, DensityWeight 4.025337E-02, wHPWL 1.329385E+08, Overflow 8.754184E-02, MaxDensity 2.275E+00, gamma 1.373672E+01, time 1.409ms
[INFO   ] DREAMPlace - full step 4.107 ms
[INFO   ] DREAMPlace - optimizer step 2.253 ms
[INFO   ] DREAMPlace - iteration  774, ( 774,  0,  0), Obj 1.250890E+08, DensityWeight 4.142072E-02, wHPWL 1.329329E+08, Overflow 8.675613E-02, MaxDensity 2.221E+00, gamma 1.373719E+01, time 1.364ms
[INFO   ] DREAMPlace - full step 4.086 ms
[INFO   ] DREAMPlace - optimizer step 2.234 ms
[INFO   ] DREAMPlace - iteration  775, ( 775,  0,  0), Obj 1.250647E+08, DensityWeight 4.262192E-02, wHPWL 1.328854E+08, Overflow 8.582868E-02, MaxDensity 2.229E+00, gamma 1.368207E+01, time 1.397ms
[INFO   ] DREAMPlace - full step 4.090 ms
[INFO   ] DREAMPlace - optimizer step 2.255 ms
[INFO   ] DREAMPlace - iteration  776, ( 776,  0,  0), Obj 1.250569E+08, DensityWeight 4.385795E-02, wHPWL 1.328650E+08, Overflow 8.466155E-02, MaxDensity 2.181E+00, gamma 1.361730E+01, time 1.375ms
[INFO   ] DREAMPlace - full step 4.096 ms
[INFO   ] DREAMPlace - optimizer step 2.221 ms
[INFO   ] DREAMPlace - iteration  777, ( 777,  0,  0), Obj 1.250549E+08, DensityWeight 4.512984E-02, wHPWL 1.328496E+08, Overflow 8.348710E-02, MaxDensity 2.155E+00, gamma 1.353622E+01, time 1.383ms
[INFO   ] DREAMPlace - full step 4.079 ms
[INFO   ] DREAMPlace - optimizer step 2.226 ms
[INFO   ] DREAMPlace - iteration  778, ( 778,  0,  0), Obj 1.250623E+08, DensityWeight 4.643860E-02, wHPWL 1.328535E+08, Overflow 8.219739E-02, MaxDensity 2.093E+00, gamma 1.345512E+01, time 1.393ms
[INFO   ] DREAMPlace - full step 4.083 ms
[INFO   ] DREAMPlace - optimizer step 2.236 ms
[INFO   ] DREAMPlace - iteration  779, ( 779,  0,  0), Obj 1.250619E+08, DensityWeight 4.873384E-02, wHPWL 1.328455E+08, Overflow 8.106706E-02, MaxDensity 2.084E+00, gamma 1.336661E+01, time 1.391ms
[INFO   ] DREAMPlace - full step 4.105 ms
[INFO   ] DREAMPlace - optimizer step 2.211 ms
[INFO   ] DREAMPlace - iteration  780, ( 780,  0,  0), Obj 1.250598E+08, DensityWeight 5.014712E-02, wHPWL 1.328395E+08, Overflow 7.990620E-02, MaxDensity 2.025E+00, gamma 1.328953E+01, time 1.397ms
[INFO   ] DREAMPlace - full step 4.068 ms
[INFO   ] DREAMPlace - optimizer step 2.254 ms
[INFO   ] DREAMPlace - iteration  781, ( 781,  0,  0), Obj 1.250576E+08, DensityWeight 5.160139E-02, wHPWL 1.328290E+08, Overflow 7.838035E-02, MaxDensity 1.996E+00, gamma 1.321082E+01, time 4.324ms
[INFO   ] DREAMPlace - full step 7.045 ms
[INFO   ] DREAMPlace - optimizer step 2.268 ms
[INFO   ] DREAMPlace - iteration  782, ( 782,  0,  0), Obj 1.253495E+08, DensityWeight 5.309783E-02, wHPWL 1.328267E+08, Overflow 7.709726E-02, MaxDensity 2.033E+00, gamma 1.310808E+01, time 4.838ms
[INFO   ] DREAMPlace - full step 7.576 ms
[INFO   ] DREAMPlace - optimizer step 2.253 ms
[INFO   ] DREAMPlace - iteration  783, ( 783,  0,  0), Obj 1.253205E+08, DensityWeight 5.463767E-02, wHPWL 1.327495E+08, Overflow 7.685871E-02, MaxDensity 2.013E+00, gamma 1.302230E+01, time 1.413ms
[INFO   ] DREAMPlace - full step 4.137 ms
[INFO   ] DREAMPlace - optimizer step 2.268 ms
[INFO   ] DREAMPlace - iteration  784, ( 784,  0,  0), Obj 1.253285E+08, DensityWeight 5.622216E-02, wHPWL 1.327461E+08, Overflow 7.606302E-02, MaxDensity 1.992E+00, gamma 1.300642E+01, time 1.392ms
[INFO   ] DREAMPlace - full step 4.147 ms
[INFO   ] DREAMPlace - optimizer step 2.241 ms
[INFO   ] DREAMPlace - iteration  785, ( 785,  0,  0), Obj 1.253324E+08, DensityWeight 5.785261E-02, wHPWL 1.327349E+08, Overflow 7.517246E-02, MaxDensity 1.956E+00, gamma 1.295357E+01, time 1.403ms
[INFO   ] DREAMPlace - full step 4.112 ms
[INFO   ] DREAMPlace - optimizer step 2.257 ms
[INFO   ] DREAMPlace - iteration  786, ( 786,  0,  0), Obj 1.253429E+08, DensityWeight 5.953034E-02, wHPWL 1.327391E+08, Overflow 7.413692E-02, MaxDensity 1.975E+00, gamma 1.289468E+01, time 1.382ms
[INFO   ] DREAMPlace - full step 4.100 ms
[INFO   ] DREAMPlace - optimizer step 2.267 ms
[INFO   ] DREAMPlace - iteration  787, ( 787,  0,  0), Obj 1.253467E+08, DensityWeight 6.246949E-02, wHPWL 1.327356E+08, Overflow 7.318508E-02, MaxDensity 2.024E+00, gamma 1.282653E+01, time 1.395ms
[INFO   ] DREAMPlace - full step 4.129 ms
[INFO   ] DREAMPlace - optimizer step 2.230 ms
[INFO   ] DREAMPlace - iteration  788, ( 788,  0,  0), Obj 1.253602E+08, DensityWeight 6.428111E-02, wHPWL 1.327493E+08, Overflow 7.217716E-02, MaxDensity 2.021E+00, gamma 1.276421E+01, time 1.376ms
[INFO   ] DREAMPlace - full step 4.076 ms
[INFO   ] DREAMPlace - optimizer step 3.299 ms
[INFO   ] DREAMPlace - iteration  789, ( 789,  0,  0), Obj 1.253702E+08, DensityWeight 6.736665E-02, wHPWL 1.327565E+08, Overflow 7.084890E-02, MaxDensity 2.037E+00, gamma 1.269855E+01, time 32.221ms
[INFO   ] DREAMPlace - full step 35.993 ms
[INFO   ] DREAMPlace - optimizer step 2.269 ms
[INFO   ] DREAMPlace - iteration  790, ( 790,  0,  0), Obj 1.253762E+08, DensityWeight 7.066378E-02, wHPWL 1.327625E+08, Overflow 6.971956E-02, MaxDensity 2.037E+00, gamma 1.261254E+01, time 1.381ms
[INFO   ] DREAMPlace - full step 4.123 ms
[INFO   ] DREAMPlace - optimizer nesterov takes 100.455 seconds
[INFO   ] DREAMPlace - plotting to gammalocal_results/nneg/bigblue2/plot/iter0791.png takes 4.690 seconds
[INFO   ] DREAMPlace - Start legalization
[WARNING] DEF input file not specified, cannot output DEF file; set to DEFSIMPLE
[INFO   ] lef_input = 
[INFO   ] def_input = 
[INFO   ] verilog_input = 
[INFO   ] bookshelf_aux_input = benchmarks/ispd2005/bigblue2/bigblue2.aux
[INFO   ] bookshelf_pl_input = 
[INFO   ] def_size_input = 
[INFO   ] def_output = -out.def
[INFO   ] rpt_output = 
[INFO   ] target_util = 0
[INFO   ] max_displace = 0
[INFO   ] bin size = (10, 10) #rows
[INFO   ] sbin size = (5, 5) #rows
[INFO   ] bin_space_threshold = 0.2
[INFO   ] abu = 2,10 5,5 10,2 20,1 
[INFO   ] def_ignore_cells = 
[INFO   ] macro_obs_aware_layers = 
[INFO   ] enable_place = true
[INFO   ] enable_legalize = true
[INFO   ] evaluate_overlap = false
[INFO   ] move_multi_row_cell = true
[INFO   ] align_power_line = true
[INFO   ] cluster_cell = false
[INFO   ] sort_nets_by_degree = false
[INFO   ] file_format = BOOKSHELF
[INFO   ] max_iters = 6
[WARNING] no DEF file specified
[WARNING] no Verilog file specified
[INFO   ] reading benchmarks/ispd2005/bigblue2/bigblue2.aux
[WARNING] no additional Bookshelf .pl file specified
[WARNING] 8990 nets with 17268 pins from same nodes
[WARNING] 1230 nets should be ignored due to not enough pins
[INFO   ] sort nodes in the order of movable and fixed
[INFO   ] Group cells for fence regions
[INFO   ] Construct 0 groups
[INFO   ] Fence region groups done
[DEBUG  ] num_terminals 23084, numFixed 23084, numPlaceBlockages 0, num_terminal_NIs 0
[INFO   ] -- Converting Node Orientation --
[INFO   ] ---------------------------------
[INFO   ] -------- Area Statistics --------
[INFO   ] fixed area overlap = 1.34717e+08
[INFO   ] fixed area total = 1.34717e+08
[INFO   ] space area = 2.16505e+08
[INFO   ] ---------------------------------
[DEBUG  ] deterministic mode: integer 32 bits, fraction 32 bits, scale factor 4294967296
[DEBUG  ] deterministic mode: integer 32 bits, fraction 32 bits, scale factor 4294967296
[INFO   ] writing placement to gammalocal_results/nneg/bigblue2/plot/iter0000.png
[INFO   ] writing placement to gammalocal_results/nneg/bigblue2/plot/iter0040.png
[INFO   ] writing placement to gammalocal_results/nneg/bigblue2/plot/iter0080.png
[INFO   ] writing placement to gammalocal_results/nneg/bigblue2/plot/iter0120.png
[INFO   ] writing placement to gammalocal_results/nneg/bigblue2/plot/iter0160.png
[INFO   ] writing placement to gammalocal_results/nneg/bigblue2/plot/iter0200.png
[INFO   ] writing placement to gammalocal_results/nneg/bigblue2/plot/iter0240.png
[INFO   ] writing placement to gammalocal_results/nneg/bigblue2/plot/iter0280.png
[INFO   ] writing placement to gammalocal_results/nneg/bigblue2/plot/iter0320.png
[INFO   ] writing placement to gammalocal_results/nneg/bigblue2/plot/iter0360.png
[INFO   ] writing placement to gammalocal_results/nneg/bigblue2/plot/iter0400.png
[INFO   ] writing placement to gammalocal_results/nneg/bigblue2/plot/iter0440.png
[INFO   ] writing placement to gammalocal_results/nneg/bigblue2/plot/iter0480.png
[INFO   ] writing placement to gammalocal_results/nneg/bigblue2/plot/iter0520.png
[INFO   ] writing placement to gammalocal_results/nneg/bigblue2/plot/iter0560.png
[INFO   ] writing placement to gammalocal_results/nneg/bigblue2/plot/iter0600.png
[INFO   ] writing placement to gammalocal_results/nneg/bigblue2/plot/iter0640.png
[INFO   ] writing placement to gammalocal_results/nneg/bigblue2/plot/iter0680.png
[INFO   ] writing placement to gammalocal_results/nneg/bigblue2/plot/iter0720.png
[INFO   ] writing placement to gammalocal_results/nneg/bigblue2/plot/iter0760.png
[INFO   ] writing placement to gammalocal_results/nneg/bigblue2/plot/iter0791.png
[INFO   ] Macro legalization: regard 0 cells as dummy fixed (movable macros)
[INFO   ] Macro legalization takes 3.16314 ms
[DEBUG  ] Standard cell legalization blank_num_bins_y = 1566
[DEBUG  ] Standard cell legalization iteration 0 with 1x1 bins
[DEBUG  ] Standard cell legalization #bin_blanks
[DEBUG  ] #bin_objs = 65779
[INFO   ] Standard cell legalization legalizeBin takes 877.920 ms
[DEBUG  ] Standard cell legalization num_unplaced_cells = 0
[DEBUG  ] Standard cell legalization blank_num_bins_y = 1566
[DEBUG  ] Standard cell legalization iteration 0 with 1x1 bins
[DEBUG  ] Standard cell legalization #bin_blanks
[DEBUG  ] #bin_objs = 65779
[INFO   ] Standard cell legalization legalizeBin takes 992.000 ms
[DEBUG  ] Standard cell legalization num_unplaced_cells = 0
[INFO   ] Greedy legalization takes 1907.16 ms
[INFO   ] Legality check takes 47.5273 ms
[DEBUG  ] average displace = 12.3748
[INFO   ] Abacus legalization takes 82.9599 ms
[INFO   ] DREAMPlace - legalization takes 2.119 seconds
[INFO   ] DREAMPlace - iteration  791, wHPWL 1.408587E+08, time 0.522ms
[INFO   ] DREAMPlace - plotting to gammalocal_results/nneg/bigblue2/plot/iter0792.png takes 4.684 seconds
[INFO   ] DREAMPlace - Start ABCDPlace for refinement
[INFO   ] Legality check takes 47.8886 ms
[INFO   ] writing placement to gammalocal_results/nneg/bigblue2/plot/iter0792.png
[INFO   ] DREAMPlace - ABCDPlace input legal flag = 1
[INFO   ] Legality check takes 53.1556 ms
[DEBUG  ] 4-reorder
[DEBUG  ] 24 permutations
[DEBUG  ] initializing CPU DB takes 47.9136 ms
[DEBUG  ] computing independent rows takes 111.107 ms
[DEBUG  ] computing reorder instances takes 3.64068 ms
[DEBUG  ] initializing CUDA state takes 5.08025 ms
[INFO   ] initial hpwl = 140858704.000
[DEBUG  ] enumeration takes 290.04 ms for 302 runs, average 0.960397 ms
[DEBUG  ] apply_reorder takes 5.55725 ms for 302 runs, average 0.0184015 ms
[INFO   ] Iteration time(ms) 	 295.638
[INFO   ] iteration 0: hpwl 140858704.000 => 140123440.000 (imp. 0.521987%)
[DEBUG  ] enumeration takes 290.468 ms for 302 runs, average 0.961814 ms
[DEBUG  ] apply_reorder takes 5.39814 ms for 302 runs, average 0.0178746 ms
[INFO   ] Iteration time(ms) 	 295.914
[INFO   ] iteration 1: hpwl 140858704.000 => 140003936.000 (imp. 0.606827%)
[DEBUG  ] destroying CUDA state takes 1.28338 ms
[DEBUG  ] destroying CPU state takes 0.004642 ms
[INFO   ] Kernel time: 597.021 ms
[INFO   ] K-reorder time: 766.245 ms
[INFO   ] DREAMPlace - K-Reorder legal flag = 1
[INFO   ] Legality check takes 50.2397 ms
[INFO   ] diamond search grid size 128, sequence length 8192
[INFO   ] initializing GPU memory takes 13.7315 ms
[INFO   ] initial hpwl 1.40004e+08
[DEBUG  ] allocate 4351487 bytes in shuffler for length 534782*(4+4)
[DEBUG  ] from 153093 nodes, collect 1196 sets, avg 106 nodes, min/max 9/128 nodes
[INFO   ] iteration 0, target hpwl 1.39847e+08, delta -157200(-0.112283%), 1196 independent sets, moved 3.92964% cells, runtime 42.1231 ms
[DEBUG  ] from 153222 nodes, collect 1197 sets, avg 105 nodes, min/max 4/128 nodes
[DEBUG  ] from 152894 nodes, collect 1194 sets, avg 105 nodes, min/max 2/128 nodes
[DEBUG  ] from 152774 nodes, collect 1193 sets, avg 106 nodes, min/max 5/128 nodes
[DEBUG  ] from 153074 nodes, collect 1195 sets, avg 107 nodes, min/max 7/128 nodes
[DEBUG  ] from 153025 nodes, collect 1195 sets, avg 106 nodes, min/max 4/128 nodes
[INFO   ] iteration 5, target hpwl 1.39513e+08, delta -490672(-0.35047%), 1195 independent sets, moved 19.4049% cells, runtime 32.3509 ms
[DEBUG  ] from 153000 nodes, collect 1195 sets, avg 106 nodes, min/max 10/128 nodes
[DEBUG  ] from 153044 nodes, collect 1195 sets, avg 106 nodes, min/max 8/128 nodes
[DEBUG  ] from 153071 nodes, collect 1195 sets, avg 105 nodes, min/max 5/128 nodes
[DEBUG  ] from 153118 nodes, collect 1196 sets, avg 107 nodes, min/max 9/128 nodes
[DEBUG  ] from 152948 nodes, collect 1194 sets, avg 106 nodes, min/max 5/128 nodes
[INFO   ] iteration 10, target hpwl 1.39346e+08, delta -657600(-0.469701%), 1194 independent sets, moved 32.6587% cells, runtime 29.3738 ms
[DEBUG  ] from 153049 nodes, collect 1195 sets, avg 105 nodes, min/max 12/128 nodes
[DEBUG  ] from 152903 nodes, collect 1194 sets, avg 107 nodes, min/max 19/128 nodes
[DEBUG  ] from 152940 nodes, collect 1194 sets, avg 106 nodes, min/max 11/128 nodes
[DEBUG  ] from 152884 nodes, collect 1194 sets, avg 106 nodes, min/max 8/128 nodes
[DEBUG  ] from 153102 nodes, collect 1196 sets, avg 105 nodes, min/max 8/128 nodes
[INFO   ] iteration 15, target hpwl 1.39264e+08, delta -739632(-0.528294%), 1196 independent sets, moved 45.0513% cells, runtime 30.4229 ms
[DEBUG  ] from 153271 nodes, collect 1197 sets, avg 106 nodes, min/max 14/128 nodes
[DEBUG  ] from 153252 nodes, collect 1197 sets, avg 106 nodes, min/max 12/128 nodes
[DEBUG  ] from 153329 nodes, collect 1197 sets, avg 104 nodes, min/max 11/128 nodes
[DEBUG  ] from 153034 nodes, collect 1195 sets, avg 106 nodes, min/max 10/128 nodes
[DEBUG  ] from 153198 nodes, collect 1196 sets, avg 106 nodes, min/max 6/128 nodes
[INFO   ] iteration 20, target hpwl 1.39194e+08, delta -810288(-0.578761%), 1196 independent sets, moved 56.8379% cells, runtime 23.4042 ms
[DEBUG  ] from 152996 nodes, collect 1195 sets, avg 105 nodes, min/max 17/128 nodes
[DEBUG  ] from 153104 nodes, collect 1196 sets, avg 106 nodes, min/max 20/128 nodes
[DEBUG  ] from 153052 nodes, collect 1195 sets, avg 106 nodes, min/max 9/128 nodes
[DEBUG  ] from 153126 nodes, collect 1196 sets, avg 106 nodes, min/max 10/128 nodes
[DEBUG  ] from 153175 nodes, collect 1196 sets, avg 107 nodes, min/max 10/128 nodes
[INFO   ] iteration 25, target hpwl 1.39144e+08, delta -860112(-0.614348%), 1196 independent sets, moved 68.5023% cells, runtime 22.3918 ms
[DEBUG  ] from 153144 nodes, collect 1196 sets, avg 105 nodes, min/max 8/128 nodes
[DEBUG  ] from 153132 nodes, collect 1196 sets, avg 106 nodes, min/max 14/128 nodes
[DEBUG  ] from 153286 nodes, collect 1197 sets, avg 105 nodes, min/max 9/128 nodes
[DEBUG  ] from 153391 nodes, collect 1198 sets, avg 105 nodes, min/max 6/128 nodes
[DEBUG  ] from 153156 nodes, collect 1196 sets, avg 105 nodes, min/max 10/128 nodes
[INFO   ] iteration 30, target hpwl 1.39091e+08, delta -912528(-0.651787%), 1196 independent sets, moved 79.6482% cells, runtime 29.9214 ms
[DEBUG  ] from 153237 nodes, collect 1197 sets, avg 106 nodes, min/max 20/128 nodes
[DEBUG  ] from 153272 nodes, collect 1197 sets, avg 106 nodes, min/max 13/128 nodes
[DEBUG  ] from 153075 nodes, collect 1195 sets, avg 106 nodes, min/max 14/128 nodes
[DEBUG  ] from 153192 nodes, collect 1196 sets, avg 107 nodes, min/max 12/128 nodes
[DEBUG  ] from 152996 nodes, collect 1195 sets, avg 106 nodes, min/max 12/128 nodes
[INFO   ] iteration 35, target hpwl 1.39057e+08, delta -947024(-0.676427%), 1195 independent sets, moved 90.7695% cells, runtime 37.3118 ms
[DEBUG  ] from 153078 nodes, collect 1195 sets, avg 105 nodes, min/max 6/128 nodes
[DEBUG  ] from 153214 nodes, collect 1196 sets, avg 106 nodes, min/max 8/128 nodes
[DEBUG  ] from 153243 nodes, collect 1197 sets, avg 107 nodes, min/max 18/128 nodes
[DEBUG  ] from 153329 nodes, collect 1197 sets, avg 107 nodes, min/max 6/128 nodes
[DEBUG  ] from 153220 nodes, collect 1197 sets, avg 106 nodes, min/max 16/128 nodes
[INFO   ] iteration 40, target hpwl 1.39018e+08, delta -985648(-0.704014%), 1197 independent sets, moved 101.747% cells, runtime 32.2218 ms
[DEBUG  ] from 153280 nodes, collect 1197 sets, avg 107 nodes, min/max 8/128 nodes
[DEBUG  ] from 153415 nodes, collect 1198 sets, avg 106 nodes, min/max 14/128 nodes
[DEBUG  ] from 153242 nodes, collect 1197 sets, avg 106 nodes, min/max 20/128 nodes
[DEBUG  ] from 153351 nodes, collect 1198 sets, avg 104 nodes, min/max 8/128 nodes
[DEBUG  ] from 153557 nodes, collect 1199 sets, avg 106 nodes, min/max 7/128 nodes
[INFO   ] iteration 45, target hpwl 1.3901e+08, delta -994368(-0.710243%), 1199 independent sets, moved 112.61% cells, runtime 24.5261 ms
[DEBUG  ] from 153201 nodes, collect 1196 sets, avg 106 nodes, min/max 21/128 nodes
[DEBUG  ] from 153376 nodes, collect 1198 sets, avg 106 nodes, min/max 11/128 nodes
[DEBUG  ] from 153399 nodes, collect 1198 sets, avg 105 nodes, min/max 11/128 nodes
[DEBUG  ] from 153268 nodes, collect 1197 sets, avg 106 nodes, min/max 13/128 nodes
[INFO   ] iteration 49, target hpwl 1.38987e+08, delta -1.01678e+06(-0.726254%), 1197 independent sets, moved 121.177% cells, runtime 36.2001 ms
[DEBUG  ] random_shuffle takes 9.6722 ms, 50 runs, average 0.193444 ms
[DEBUG  ] maximal_independent_set takes 66.0907 ms, 50 runs, average 1.32181 ms
[DEBUG  ] collect_independent_sets takes 78.9614 ms, 50 runs, average 1.57923 ms
[DEBUG  ] cost_matrix_construction takes 42.587 ms, 50 runs, average 0.851739 ms
[DEBUG  ] independent_sets_solving takes 1240.76 ms, 50 runs, average 24.8151 ms
[DEBUG  ] apply_solution takes 2.57791 ms, 50 runs, average 0.0515582 ms
[INFO   ] destroying GPU memory takes 1.79453 ms
[INFO   ] Kernel time 1525.32 ms
[INFO   ] Independent set matching time 1591.98 ms
[INFO   ] DREAMPlace - Independent set matching legal flag = 1
[INFO   ] Legality check takes 46.8172 ms
[DEBUG  ] bins 512x512, bin sizes 36.5039x36.7031, die size 0, 0, 18690, 18792
[DEBUG  ] batch_size = 256, max_num_nodes_per_bin = 29, max_num_candidates = 145, max_num_candidates_all = 37120
[DEBUG  ] estimate_memory_usage = 968205280, use fast pair HPWL computation strategy requires additional memory
[INFO   ] initial hpwl = 138987152.000
[DEBUG  ] compute_search_bins takes 0.266119 ms
[INFO   ] Iteration time(ms) 	 263.671
[INFO   ] iteration 0: hpwl 138987152.000 => 138875024.000 (imp. 0.0806751%)
[DEBUG  ] compute_search_bins takes 0.013502 ms
[INFO   ] Iteration time(ms) 	 323.563
[INFO   ] iteration 1: hpwl 138987152.000 => 138623296.000 (imp. 0.261791%)
[INFO   ] Kernel time: 592.308 ms
[INFO   ] Global swap time: 729.912 ms
[INFO   ] DREAMPlace - Global swap legal flag = 1
[INFO   ] Legality check takes 48.352 ms
[DEBUG  ] 4-reorder
[DEBUG  ] 24 permutations
[DEBUG  ] initializing CPU DB takes 49.0975 ms
[DEBUG  ] computing independent rows takes 111.332 ms
[DEBUG  ] computing reorder instances takes 2.58448 ms
[DEBUG  ] initializing CUDA state takes 4.218 ms
[INFO   ] initial hpwl = 138623296.000
[DEBUG  ] enumeration takes 284.791 ms for 296 runs, average 0.962133 ms
[DEBUG  ] apply_reorder takes 5.31146 ms for 296 runs, average 0.0179441 ms
[INFO   ] Iteration time(ms) 	 290.137
[INFO   ] iteration 0: hpwl 138623296.000 => 138479744.000 (imp. 0.103555%)
[DEBUG  ] enumeration takes 284.809 ms for 296 runs, average 0.962194 ms
[DEBUG  ] apply_reorder takes 5.25172 ms for 296 runs, average 0.0177423 ms
[INFO   ] Iteration time(ms) 	 290.086
[INFO   ] iteration 1: hpwl 138623296.000 => 138453168.000 (imp. 0.122727%)
[DEBUG  ] destroying CUDA state takes 2.21502 ms
[DEBUG  ] destroying CPU state takes 0.003951 ms
[INFO   ] Kernel time: 585.273 ms
[INFO   ] K-reorder time: 754.958 ms
[INFO   ] DREAMPlace - K-Reorder legal flag = 1
[INFO   ] DREAMPlace - detailed placement takes 4.115 seconds
[INFO   ] DREAMPlace - iteration  792, wHPWL 1.384532E+08, time 0.466ms
[INFO   ] DREAMPlace - plotting to gammalocal_results/nneg/bigblue2/plot/iter0793.png takes 4.719 seconds
[INFO   ] DREAMPlace - non-linear placement takes 122.17 seconds
[INFO   ] DREAMPlace - writing to gammalocal_results/nneg/bigblue2/bigblue2.gp.pl
[INFO   ] DREAMPlace - write SolutionFileFormat.BOOKSHELF takes 0.206 seconds
[INFO   ] DREAMPlace - placement takes 135.649 seconds
[INFO   ] Legality check takes 47.9079 ms
[INFO   ] writing placement to gammalocal_results/nneg/bigblue2/plot/iter0793.png
[INFO   ] writing placement to gammalocal_results/nneg/bigblue2/bigblue2.gp.pl
