========================================================
                       DREAMPlace
            Yibo Lin (http://yibolin.com)
   David Z. Pan (http://users.ece.utexas.edu/~dpan)
========================================================
[INFO   ] DREAMPlace - parameters = {'aux_input': 'benchmarks/ispd2005/bigblue1/bigblue1.aux', 'lef_input': '', 'def_input': '', 'verilog_input': '', 'gpu': 1, 'num_bins_x': 512, 'num_bins_y': 512, 'global_place_stages': [{'num_bins_x': 512, 'num_bins_y': 512, 'iteration': 2000, 'learning_rate': 0.01, 'wirelength': 'weighted_average', 'optimizer': 'nesterov', 'Llambda_density_weight_iteration': 1, 'Lsub_iteration': 1}], 'target_density': 1.0, 'density_weight': 8e-05, 'random_seed': 1000, 'result_dir': 'gammalocal_results/gpos', 'scale_factor': 1.0, 'shift_factor': [0.0, 0.0], 'ignore_net_degree': 100, 'gp_noise_ratio': 0.025, 'enable_fillers': 1, 'global_place_flag': 1, 'legalize_flag': 1, 'abacus_legalize_flag': 1, 'detailed_place_flag': 1, 'stop_overflow': 0.07, 'dtype': 'float32', 'detailed_place_engine': '', 'detailed_place_command': '', 'plot_flag': 1, 'connectivity_grid_init_flag': 0, 'conn_init_sweeps': 32, 'conn_init_damping': 0.7, 'conn_capacity_spread_flag': 0, 'conn_spread_leaf_size': 16, 'conn_spread_density_slack': 1.5, 'conn_obstacle_project_flag': 0, 'conn_shrink_scale': 0, 'gamma_warmup_iters': 0, 'gamma_monotone_flag': 0, 'density_weight_warmup_iters': 0, 'random_uniform_init_flag': 0, 'filler_init_density_aware_flag': 0, 'initial_density_weight_absolute': 0.0, 'gamma_local_flag': 1, 'gamma_local_alpha': 1.0, 'gamma_local_sign': 1, 'gamma_local_bins': 64, 'gamma_local_interval': 10, 'density_weight_ramp_scale': 1.0, 'plot_iteration_interval': 40, 'RePlAce_ref_hpwl': 350000, 'RePlAce_LOWER_PCOF': 0.95, 'RePlAce_UPPER_PCOF': 1.05, 'gamma': 4.0, 'RePlAce_skip_energy_flag': 0, 'random_center_init_flag': 1, 'gift_init_flag': 0, 'gift_init_scale': 0.7, 'sort_nets_by_degree': 0, 'num_threads': 8, 'dump_global_place_solution_flag': 0, 'dump_legalize_solution_flag': 0, 'routability_opt_flag': 0, 'route_num_bins_x': 512, 'route_num_bins_y': 512, 'node_area_adjust_overflow': 0.15, 'max_num_area_adjust': 3, 'adjust_nctugr_area_flag': 0, 'adjust_rudy_area_flag': 1, 'adjust_pin_area_flag': 1, 'area_adjust_stop_ratio': 0.01, 'route_area_adjust_stop_ratio': 0.01, 'pin_area_adjust_stop_ratio': 0.05, 'unit_horizontal_capacity': 1.5625, 'unit_vertical_capacity': 1.45, 'unit_pin_capacity': 0.058, 'max_route_opt_adjust_rate': 2.0, 'route_opt_adjust_exponent': 2.0, 'pin_stretch_ratio': 1.414213562, 'max_pin_opt_adjust_rate': 1.5, 'deterministic_flag': 1, 'timing_opt_flag': 0, 'early_lib_input': '', 'late_lib_input': '', 'lib_input': '', 'sdc_input': '', 'wire_resistance_per_micron': 0, 'wire_capacitance_per_micron': 0, 'net_weighting_scheme': 'lilith', 'momentum_decay_factor': 0.5, 'enable_net_weighting': 1, 'max_net_weight': 'inf', 'use_bb': 'auto', 'macro_place_flag': 'auto', 'two_stage_density_scaler': 1000, 'macro_halo_x': 0, 'macro_halo_y': 0}
[INFO   ] DREAMPlace - set shift_factor = (459, 459), as original row bbox = (459, 459, 11151, 11139)
[INFO   ] DREAMPlace - set scale_factor = 1, as site_width = 1
[INFO   ] DREAMPlace - shift coordinate system by (459, 459), scale coordinate system by 1
[INFO   ] DREAMPlace - 
================================= Benchmark Statistics =================================
#nodes = 278164, #terminals = 560, # terminal_NIs = 0, #movable = 277604, #nets = 284479
die area = (0, 0, 10692, 10680) 1.14191e+08
row height = 12, site width = 1
#pins = 1127634, #movable_pins = 1116535
total_movable_node_area = 4.22383e+07, total_fixed_node_area = 1.96398e+07, total_space_area = 9.45507e+07
total_movable_cell_area = 4.22383e+07, total_movable_macro_area = 0
utilization = 0.446726, cell utilization = 0.446726, target_density = 1
use placeable_area = 9.45507e+07 to compute fillers
total_filler_node_area = 5.23125e+07, #fillers = 358038, filler sizes = 12.1757x12
num_bins = 512x512, bin sizes = 1.74023x1.73828
========================================================================================
[INFO   ] DREAMPlace - reading benchmark takes 6.66449 seconds
[INFO   ] DREAMPlace - reading database takes 6.66 seconds
[INFO   ] DREAMPlace - move cells to the center of layout with random noise
[INFO   ] DREAMPlace - non-linear placement initialization takes 1.23 seconds
[INFO   ] DREAMPlace - Global placement: 512x512 bins by default
[INFO   ] DREAMPlace - per-net gamma enabled (N4): 284479 nets, alpha=1, bins=64, interval=10
[INFO   ] DREAMPlace - 512x512 bins #bins 512x512, bin sizes 1.74023x1.73828, max_num_bins = 5, padding = 0
[INFO   ] dreamplace.ops.electric_potential.electric_potential - regard 0 cells as movable macros in global placement
[WARNING] DREAMPlace - quadratic density penalty is disabled, density weight update is forced to be based on HPWL
[INFO   ] DREAMPlace - Optimizer 'nesterov' does not rebuild the model. Every training epoch calls the function 'step()'.
[INFO   ] DREAMPlace - use nesterov optimizer
[INFO   ] DREAMPlace - add 2.5% noise
[INFO   ] dreamplace.ops.electric_potential.electric_potential - fixed density map: average 74.9201, max 435.602, bin area 435.602
[INFO   ] DREAMPlace - nesterov initialization takes 0.133508 seconds
[INFO   ] DREAMPlace - density_weight = 6.837043E-12
[INFO   ] DREAMPlace - plotting to gammalocal_results/gpos/bigblue1/plot/iter0000.png takes 2.256 seconds
[INFO   ] DREAMPlace - optimizer step 15.194 ms
[INFO   ] DREAMPlace - iteration    0, (   0,  0,  0), Obj 4.473119E+07, DensityWeight 0.000000E+00, wHPWL 6.639728E+07, Overflow 9.996426E-01, MaxDensity 2.643E+04, gamma 1.669688E+03, time 1.708ms
[INFO   ] DREAMPlace - full step 2279.416 ms
[INFO   ] DREAMPlace - optimizer step 9.529 ms
[INFO   ] DREAMPlace - iteration    1, (   1,  0,  0), Obj 2.798355E+07, DensityWeight 6.837043E-12, wHPWL 5.790810E+07, Overflow 9.814473E-01, MaxDensity 3.110E+04, gamma 1.666637E+03, time 1.002ms
[INFO   ] DREAMPlace - full step 11.124 ms
[INFO   ] DREAMPlace - optimizer step 14.109 ms
[INFO   ] DREAMPlace - iteration    2, (   2,  0,  0), Obj 3.901519E+07, DensityWeight 7.177459E-12, wHPWL 5.025354E+07, Overflow 9.722160E-01, MaxDensity 3.722E+04, gamma 1.518473E+03, time 0.972ms
[INFO   ] DREAMPlace - full step 15.574 ms
[INFO   ] DREAMPlace - optimizer step 9.610 ms
[INFO   ] DREAMPlace - iteration    3, (   3,  0,  0), Obj 3.784570E+07, DensityWeight 7.534071E-12, wHPWL 5.031913E+07, Overflow 9.679998E-01, MaxDensity 3.648E+04, gamma 1.448415E+03, time 0.996ms
[INFO   ] DREAMPlace - full step 11.079 ms
[INFO   ] DREAMPlace - optimizer step 7.300 ms
[INFO   ] DREAMPlace - iteration    4, (   4,  0,  0), Obj 3.715438E+07, DensityWeight 7.838768E-12, wHPWL 4.991262E+07, Overflow 9.668627E-01, MaxDensity 3.628E+04, gamma 1.417502E+03, time 0.970ms
[INFO   ] DREAMPlace - full step 8.735 ms
[INFO   ] DREAMPlace - optimizer step 4.915 ms
[INFO   ] DREAMPlace - iteration    5, (   5,  0,  0), Obj 3.622736E+07, DensityWeight 8.226591E-12, wHPWL 4.917655E+07, Overflow 9.660512E-01, MaxDensity 3.638E+04, gamma 1.409278E+03, time 1.035ms
[INFO   ] DREAMPlace - full step 6.427 ms
[INFO   ] DREAMPlace - optimizer step 2.541 ms
[INFO   ] DREAMPlace - iteration    6, (   6,  0,  0), Obj 3.566007E+07, DensityWeight 8.632739E-12, wHPWL 4.868276E+07, Overflow 9.651027E-01, MaxDensity 3.653E+04, gamma 1.403438E+03, time 1.000ms
[INFO   ] DREAMPlace - full step 4.004 ms
[INFO   ] DREAMPlace - optimizer step 2.729 ms
[INFO   ] DREAMPlace - iteration    7, (   7,  0,  0), Obj 3.518614E+07, DensityWeight 9.058034E-12, wHPWL 4.842088E+07, Overflow 9.648344E-01, MaxDensity 3.642E+04, gamma 1.396644E+03, time 0.959ms
[INFO   ] DREAMPlace - full step 4.181 ms
[INFO   ] DREAMPlace - optimizer step 2.540 ms
[INFO   ] DREAMPlace - iteration    8, (   8,  0,  0), Obj 3.472685E+07, DensityWeight 9.503329E-12, wHPWL 4.811662E+07, Overflow 9.643846E-01, MaxDensity 3.643E+04, gamma 1.394728E+03, time 0.968ms
[INFO   ] DREAMPlace - full step 3.978 ms
[INFO   ] DREAMPlace - optimizer step 2.675 ms
[INFO   ] DREAMPlace - iteration    9, (   9,  0,  0), Obj 3.430368E+07, DensityWeight 9.969517E-12, wHPWL 4.786990E+07, Overflow 9.641195E-01, MaxDensity 3.633E+04, gamma 1.391521E+03, time 0.972ms
[INFO   ] DREAMPlace - full step 4.122 ms
[INFO   ] DREAMPlace - optimizer step 2.602 ms
[INFO   ] DREAMPlace - iteration   10, (  10,  0,  0), Obj 3.390295E+07, DensityWeight 1.045753E-11, wHPWL 4.764845E+07, Overflow 9.635143E-01, MaxDensity 3.630E+04, gamma 1.389635E+03, time 0.983ms
[INFO   ] DREAMPlace - full step 4.049 ms
[INFO   ] DREAMPlace - optimizer step 2.762 ms
[INFO   ] DREAMPlace - iteration   11, (  11,  0,  0), Obj 3.354290E+07, DensityWeight 1.096833E-11, wHPWL 4.750913E+07, Overflow 9.643145E-01, MaxDensity 3.613E+04, gamma 1.385339E+03, time 1.016ms
[INFO   ] DREAMPlace - full step 4.237 ms
[INFO   ] DREAMPlace - optimizer step 2.596 ms
[INFO   ] DREAMPlace - iteration   12, (  12,  0,  0), Obj 3.981918E+07, DensityWeight 1.150294E-11, wHPWL 4.738886E+07, Overflow 9.641496E-01, MaxDensity 3.605E+04, gamma 1.391022E+03, time 0.976ms
[INFO   ] DREAMPlace - full step 4.027 ms
[INFO   ] DREAMPlace - optimizer step 2.637 ms
[INFO   ] DREAMPlace - iteration   13, (  13,  0,  0), Obj 3.939041E+07, DensityWeight 1.206239E-11, wHPWL 4.762480E+07, Overflow 9.634267E-01, MaxDensity 3.552E+04, gamma 1.389849E+03, time 1.003ms
[INFO   ] DREAMPlace - full step 4.162 ms
[INFO   ] DREAMPlace - optimizer step 5.043 ms
[INFO   ] DREAMPlace - iteration   14, (  14,  0,  0), Obj 3.859534E+07, DensityWeight 1.225571E-11, wHPWL 4.737890E+07, Overflow 9.628163E-01, MaxDensity 3.538E+04, gamma 1.384717E+03, time 0.994ms
[INFO   ] DREAMPlace - full step 6.608 ms
[INFO   ] DREAMPlace - optimizer step 2.640 ms
[INFO   ] DREAMPlace - iteration   15, (  15,  0,  0), Obj 3.814219E+07, DensityWeight 1.284921E-11, wHPWL 4.754710E+07, Overflow 9.623988E-01, MaxDensity 3.507E+04, gamma 1.380399E+03, time 1.019ms
[INFO   ] DREAMPlace - full step 4.204 ms
[INFO   ] DREAMPlace - optimizer step 2.560 ms
[INFO   ] DREAMPlace - iteration   16, (  16,  0,  0), Obj 3.745100E+07, DensityWeight 1.317899E-11, wHPWL 4.734637E+07, Overflow 9.619103E-01, MaxDensity 3.489E+04, gamma 1.377454E+03, time 0.967ms
[INFO   ] DREAMPlace - full step 4.034 ms
[INFO   ] DREAMPlace - optimizer step 2.667 ms
[INFO   ] DREAMPlace - iteration   17, (  17,  0,  0), Obj 3.700723E+07, DensityWeight 1.381444E-11, wHPWL 4.736936E+07, Overflow 9.615250E-01, MaxDensity 3.462E+04, gamma 1.374015E+03, time 1.015ms
[INFO   ] DREAMPlace - full step 4.160 ms
[INFO   ] DREAMPlace - optimizer step 2.614 ms
[INFO   ] DREAMPlace - iteration   18, (  18,  0,  0), Obj 3.642791E+07, DensityWeight 1.445874E-11, wHPWL 4.722691E+07, Overflow 9.606174E-01, MaxDensity 3.436E+04, gamma 1.371308E+03, time 0.985ms
[INFO   ] DREAMPlace - full step 4.092 ms
[INFO   ] DREAMPlace - optimizer step 2.595 ms
[INFO   ] DREAMPlace - iteration   19, (  19,  0,  0), Obj 3.599270E+07, DensityWeight 1.515286E-11, wHPWL 4.718421E+07, Overflow 9.602714E-01, MaxDensity 3.408E+04, gamma 1.364955E+03, time 0.984ms
[INFO   ] DREAMPlace - full step 4.046 ms
[INFO   ] DREAMPlace - optimizer step 2.534 ms
[INFO   ] DREAMPlace - iteration   20, (  20,  0,  0), Obj 3.549402E+07, DensityWeight 1.587871E-11, wHPWL 4.708717E+07, Overflow 9.593357E-01, MaxDensity 3.380E+04, gamma 1.362540E+03, time 0.977ms
[INFO   ] DREAMPlace - full step 3.984 ms
[INFO   ] DREAMPlace - optimizer step 2.728 ms
[INFO   ] DREAMPlace - iteration   21, (  21,  0,  0), Obj 3.508338E+07, DensityWeight 1.663767E-11, wHPWL 4.705736E+07, Overflow 9.584743E-01, MaxDensity 3.349E+04, gamma 1.356033E+03, time 0.986ms
[INFO   ] DREAMPlace - full step 4.188 ms
[INFO   ] DREAMPlace - optimizer step 2.537 ms
[INFO   ] DREAMPlace - iteration   22, (  22,  0,  0), Obj 3.811101E+07, DensityWeight 1.743116E-11, wHPWL 4.710147E+07, Overflow 9.577386E-01, MaxDensity 3.317E+04, gamma 1.350068E+03, time 0.958ms
[INFO   ] DREAMPlace - full step 3.973 ms
[INFO   ] DREAMPlace - optimizer step 2.534 ms
[INFO   ] DREAMPlace - iteration   23, (  23,  0,  0), Obj 3.782475E+07, DensityWeight 1.819051E-11, wHPWL 4.775176E+07, Overflow 9.568766E-01, MaxDensity 3.244E+04, gamma 1.344996E+03, time 0.981ms
[INFO   ] DREAMPlace - full step 4.006 ms
[INFO   ] DREAMPlace - optimizer step 4.975 ms
[INFO   ] DREAMPlace - iteration   24, (  24,  0,  0), Obj 3.724082E+07, DensityWeight 1.814504E-11, wHPWL 4.784664E+07, Overflow 9.558325E-01, MaxDensity 3.213E+04, gamma 1.339076E+03, time 0.955ms
[INFO   ] DREAMPlace - full step 6.402 ms
[INFO   ] DREAMPlace - optimizer step 4.980 ms
[INFO   ] DREAMPlace - iteration   25, (  25,  0,  0), Obj 3.666272E+07, DensityWeight 1.880197E-11, wHPWL 4.799188E+07, Overflow 9.550092E-01, MaxDensity 3.169E+04, gamma 1.331942E+03, time 0.996ms
[INFO   ] DREAMPlace - full step 6.457 ms
[INFO   ] DREAMPlace - optimizer step 4.728 ms
[INFO   ] DREAMPlace - iteration   26, (  26,  0,  0), Obj 3.610164E+07, DensityWeight 1.934638E-11, wHPWL 4.797792E+07, Overflow 9.547831E-01, MaxDensity 3.133E+04, gamma 1.326342E+03, time 0.948ms
[INFO   ] DREAMPlace - full step 6.173 ms
[INFO   ] DREAMPlace - optimizer step 4.992 ms
[INFO   ] DREAMPlace - iteration   27, (  27,  0,  0), Obj 3.558361E+07, DensityWeight 2.025893E-11, wHPWL 4.800700E+07, Overflow 9.545193E-01, MaxDensity 3.090E+04, gamma 1.324808E+03, time 0.939ms
[INFO   ] DREAMPlace - full step 6.415 ms
[INFO   ] DREAMPlace - optimizer step 5.010 ms
[INFO   ] DREAMPlace - iteration   28, (  28,  0,  0), Obj 3.511509E+07, DensityWeight 2.118584E-11, wHPWL 4.795156E+07, Overflow 9.542333E-01, MaxDensity 3.054E+04, gamma 1.323022E+03, time 0.964ms
[INFO   ] DREAMPlace - full step 6.466 ms
[INFO   ] DREAMPlace - optimizer step 4.910 ms
[INFO   ] DREAMPlace - iteration   29, (  29,  0,  0), Obj 3.465394E+07, DensityWeight 2.218072E-11, wHPWL 4.790314E+07, Overflow 9.540007E-01, MaxDensity 3.016E+04, gamma 1.321087E+03, time 0.991ms
[INFO   ] DREAMPlace - full step 6.445 ms
[INFO   ] DREAMPlace - optimizer step 4.992 ms
[INFO   ] DREAMPlace - iteration   30, (  30,  0,  0), Obj 3.429067E+07, DensityWeight 2.321998E-11, wHPWL 4.788337E+07, Overflow 9.535632E-01, MaxDensity 2.981E+04, gamma 1.319515E+03, time 1.052ms
[INFO   ] DREAMPlace - full step 6.558 ms
[INFO   ] DREAMPlace - optimizer step 4.947 ms
[INFO   ] DREAMPlace - iteration   31, (  31,  0,  0), Obj 3.397980E+07, DensityWeight 2.430552E-11, wHPWL 4.790670E+07, Overflow 9.530414E-01, MaxDensity 2.948E+04, gamma 1.316564E+03, time 0.974ms
[INFO   ] DREAMPlace - full step 6.466 ms
[INFO   ] DREAMPlace - optimizer step 2.627 ms
[INFO   ] DREAMPlace - iteration   32, (  32,  0,  0), Obj 3.825030E+07, DensityWeight 2.543795E-11, wHPWL 4.792998E+07, Overflow 9.526684E-01, MaxDensity 2.916E+04, gamma 1.313055E+03, time 0.953ms
[INFO   ] DREAMPlace - full step 4.056 ms
[INFO   ] DREAMPlace - optimizer step 2.627 ms
[INFO   ] DREAMPlace - iteration   33, (  33,  0,  0), Obj 3.743402E+07, DensityWeight 2.662329E-11, wHPWL 4.763772E+07, Overflow 9.522070E-01, MaxDensity 2.844E+04, gamma 1.310551E+03, time 0.982ms
[INFO   ] DREAMPlace - full step 4.161 ms
[INFO   ] DREAMPlace - optimizer step 2.584 ms
[INFO   ] DREAMPlace - iteration   34, (  34,  0,  0), Obj 3.698261E+07, DensityWeight 2.785957E-11, wHPWL 4.773952E+07, Overflow 9.516460E-01, MaxDensity 2.805E+04, gamma 1.307460E+03, time 0.945ms
[INFO   ] DREAMPlace - full step 4.022 ms
[INFO   ] DREAMPlace - optimizer step 2.713 ms
[INFO   ] DREAMPlace - iteration   35, (  35,  0,  0), Obj 3.657442E+07, DensityWeight 2.884035E-11, wHPWL 4.790251E+07, Overflow 9.509875E-01, MaxDensity 2.775E+04, gamma 1.303712E+03, time 0.982ms
[INFO   ] DREAMPlace - full step 4.220 ms
[INFO   ] DREAMPlace - optimizer step 2.475 ms
[INFO   ] DREAMPlace - iteration   36, (  36,  0,  0), Obj 3.619946E+07, DensityWeight 2.960208E-11, wHPWL 4.802106E+07, Overflow 9.507286E-01, MaxDensity 2.745E+04, gamma 1.299327E+03, time 0.927ms
[INFO   ] DREAMPlace - full step 3.871 ms
[INFO   ] DREAMPlace - optimizer step 17.331 ms
[INFO   ] DREAMPlace - iteration   37, (  37,  0,  0), Obj 3.583740E+07, DensityWeight 3.057275E-11, wHPWL 4.811754E+07, Overflow 9.502856E-01, MaxDensity 2.714E+04, gamma 1.297607E+03, time 9.556ms
[INFO   ] DREAMPlace - full step 27.372 ms
[INFO   ] DREAMPlace - optimizer step 3.042 ms
[INFO   ] DREAMPlace - iteration   38, (  38,  0,  0), Obj 3.551530E+07, DensityWeight 3.167253E-11, wHPWL 4.816801E+07, Overflow 9.502907E-01, MaxDensity 2.682E+04, gamma 1.294668E+03, time 8.473ms
[INFO   ] DREAMPlace - full step 11.981 ms
[INFO   ] DREAMPlace - optimizer step 2.519 ms
[INFO   ] DREAMPlace - iteration   39, (  39,  0,  0), Obj 3.521483E+07, DensityWeight 3.302299E-11, wHPWL 4.820555E+07, Overflow 9.502376E-01, MaxDensity 2.650E+04, gamma 1.294703E+03, time 0.936ms
[INFO   ] DREAMPlace - full step 3.933 ms
[INFO   ] DREAMPlace - plotting to gammalocal_results/gpos/bigblue1/plot/iter0040.png takes 2.280 seconds
[INFO   ] DREAMPlace - optimizer step 4.314 ms
[INFO   ] DREAMPlace - iteration   40, (  40,  0,  0), Obj 3.494474E+07, DensityWeight 3.449318E-11, wHPWL 4.820452E+07, Overflow 9.501109E-01, MaxDensity 2.618E+04, gamma 1.294352E+03, time 11.620ms
[INFO   ] DREAMPlace - full step 2299.280 ms
[INFO   ] DREAMPlace - optimizer step 3.863 ms
[INFO   ] DREAMPlace - iteration   41, (  41,  0,  0), Obj 3.470058E+07, DensityWeight 3.606965E-11, wHPWL 4.820418E+07, Overflow 9.499843E-01, MaxDensity 2.585E+04, gamma 1.293512E+03, time 0.951ms
[INFO   ] DREAMPlace - full step 5.445 ms
[INFO   ] DREAMPlace - optimizer step 2.489 ms
[INFO   ] DREAMPlace - iteration   42, (  42,  0,  0), Obj 3.777433E+07, DensityWeight 3.771439E-11, wHPWL 4.817207E+07, Overflow 9.500485E-01, MaxDensity 2.554E+04, gamma 1.292674E+03, time 0.901ms
[INFO   ] DREAMPlace - full step 3.862 ms
[INFO   ] DREAMPlace - optimizer step 7.229 ms
[INFO   ] DREAMPlace - iteration   43, (  43,  0,  0), Obj 3.683204E+07, DensityWeight 3.943018E-11, wHPWL 4.742273E+07, Overflow 9.501152E-01, MaxDensity 2.488E+04, gamma 1.293099E+03, time 5.598ms
[INFO   ] DREAMPlace - full step 13.310 ms
[INFO   ] DREAMPlace - optimizer step 2.451 ms
[INFO   ] DREAMPlace - iteration   44, (  44,  0,  0), Obj 3.650744E+07, DensityWeight 4.121991E-11, wHPWL 4.745126E+07, Overflow 9.499075E-01, MaxDensity 2.450E+04, gamma 1.293541E+03, time 0.890ms
[INFO   ] DREAMPlace - full step 3.819 ms
[INFO   ] DREAMPlace - optimizer step 2.481 ms
[INFO   ] DREAMPlace - iteration   45, (  45,  0,  0), Obj 3.617836E+07, DensityWeight 4.310912E-11, wHPWL 4.749717E+07, Overflow 9.493780E-01, MaxDensity 2.420E+04, gamma 1.292167E+03, time 0.918ms
[INFO   ] DREAMPlace - full step 3.878 ms
[INFO   ] DREAMPlace - optimizer step 2.453 ms
[INFO   ] DREAMPlace - iteration   46, (  46,  0,  0), Obj 3.592629E+07, DensityWeight 4.497578E-11, wHPWL 4.758457E+07, Overflow 9.494490E-01, MaxDensity 2.389E+04, gamma 1.288670E+03, time 0.905ms
[INFO   ] DREAMPlace - full step 3.813 ms
[INFO   ] DREAMPlace - optimizer step 2.505 ms
[INFO   ] DREAMPlace - iteration   47, (  47,  0,  0), Obj 3.564242E+07, DensityWeight 4.665271E-11, wHPWL 4.762929E+07, Overflow 9.494230E-01, MaxDensity 2.358E+04, gamma 1.289139E+03, time 0.896ms
[INFO   ] DREAMPlace - full step 3.862 ms
[INFO   ] DREAMPlace - optimizer step 2.423 ms
[INFO   ] DREAMPlace - iteration   48, (  48,  0,  0), Obj 3.547794E+07, DensityWeight 4.868092E-11, wHPWL 4.774050E+07, Overflow 9.495053E-01, MaxDensity 2.325E+04, gamma 1.288967E+03, time 0.910ms
[INFO   ] DREAMPlace - full step 3.798 ms
[INFO   ] DREAMPlace - optimizer step 2.499 ms
[INFO   ] DREAMPlace - iteration   49, (  49,  0,  0), Obj 3.520118E+07, DensityWeight 5.032861E-11, wHPWL 4.770803E+07, Overflow 9.499168E-01, MaxDensity 2.292E+04, gamma 1.289510E+03, time 0.890ms
[INFO   ] DREAMPlace - full step 3.843 ms
[INFO   ] DREAMPlace - optimizer step 2.535 ms
[INFO   ] DREAMPlace - iteration   50, (  50,  0,  0), Obj 3.501904E+07, DensityWeight 5.258146E-11, wHPWL 4.772704E+07, Overflow 9.502313E-01, MaxDensity 2.259E+04, gamma 1.292228E+03, time 0.898ms
[INFO   ] DREAMPlace - full step 3.910 ms
[INFO   ] DREAMPlace - optimizer step 2.491 ms
[INFO   ] DREAMPlace - iteration   51, (  51,  0,  0), Obj 3.482930E+07, DensityWeight 5.506440E-11, wHPWL 4.770954E+07, Overflow 9.504215E-01, MaxDensity 2.227E+04, gamma 1.294309E+03, time 0.928ms
[INFO   ] DREAMPlace - full step 3.925 ms
[INFO   ] DREAMPlace - optimizer step 2.441 ms
[INFO   ] DREAMPlace - iteration   52, (  52,  0,  0), Obj 3.762842E+07, DensityWeight 5.751774E-11, wHPWL 4.768172E+07, Overflow 9.504504E-01, MaxDensity 2.196E+04, gamma 1.295569E+03, time 2.064ms
[INFO   ] DREAMPlace - full step 4.961 ms
[INFO   ] DREAMPlace - optimizer step 2.439 ms
[INFO   ] DREAMPlace - iteration   53, (  53,  0,  0), Obj 3.692972E+07, DensityWeight 6.007437E-11, wHPWL 4.706518E+07, Overflow 9.506543E-01, MaxDensity 2.137E+04, gamma 1.295761E+03, time 0.921ms
[INFO   ] DREAMPlace - full step 3.828 ms
[INFO   ] DREAMPlace - optimizer step 2.433 ms
[INFO   ] DREAMPlace - iteration   54, (  54,  0,  0), Obj 3.666153E+07, DensityWeight 6.273837E-11, wHPWL 4.701123E+07, Overflow 9.504007E-01, MaxDensity 2.100E+04, gamma 1.297113E+03, time 0.877ms
[INFO   ] DREAMPlace - full step 3.773 ms
[INFO   ] DREAMPlace - optimizer step 3.322 ms
[INFO   ] DREAMPlace - iteration   55, (  55,  0,  0), Obj 3.634304E+07, DensityWeight 6.551396E-11, wHPWL 4.696716E+07, Overflow 9.502895E-01, MaxDensity 2.071E+04, gamma 1.295431E+03, time 1.891ms
[INFO   ] DREAMPlace - full step 5.803 ms
[INFO   ] DREAMPlace - optimizer step 2.820 ms
[INFO   ] DREAMPlace - iteration   56, (  56,  0,  0), Obj 3.610070E+07, DensityWeight 6.840549E-11, wHPWL 4.695577E+07, Overflow 9.500778E-01, MaxDensity 2.042E+04, gamma 1.294695E+03, time 1.015ms
[INFO   ] DREAMPlace - full step 4.302 ms
[INFO   ] DREAMPlace - optimizer step 2.438 ms
[INFO   ] DREAMPlace - iteration   57, (  57,  0,  0), Obj 3.586306E+07, DensityWeight 7.141750E-11, wHPWL 4.694215E+07, Overflow 9.502321E-01, MaxDensity 2.013E+04, gamma 1.293292E+03, time 0.872ms
[INFO   ] DREAMPlace - full step 3.778 ms
[INFO   ] DREAMPlace - optimizer step 2.431 ms
[INFO   ] DREAMPlace - iteration   58, (  58,  0,  0), Obj 3.570858E+07, DensityWeight 7.455468E-11, wHPWL 4.697086E+07, Overflow 9.501384E-01, MaxDensity 1.983E+04, gamma 1.294314E+03, time 0.885ms
[INFO   ] DREAMPlace - full step 3.778 ms
[INFO   ] DREAMPlace - optimizer step 2.424 ms
[INFO   ] DREAMPlace - iteration   59, (  59,  0,  0), Obj 3.550149E+07, DensityWeight 7.796972E-11, wHPWL 4.693637E+07, Overflow 9.501801E-01, MaxDensity 1.953E+04, gamma 1.293694E+03, time 0.896ms
[INFO   ] DREAMPlace - full step 3.783 ms
[INFO   ] DREAMPlace - optimizer step 2.414 ms
[INFO   ] DREAMPlace - iteration   60, (  60,  0,  0), Obj 3.535899E+07, DensityWeight 8.137845E-11, wHPWL 4.693921E+07, Overflow 9.504263E-01, MaxDensity 1.923E+04, gamma 1.293970E+03, time 0.875ms
[INFO   ] DREAMPlace - full step 3.747 ms
[INFO   ] DREAMPlace - optimizer step 2.424 ms
[INFO   ] DREAMPlace - iteration   61, (  61,  0,  0), Obj 3.519037E+07, DensityWeight 8.541350E-11, wHPWL 4.690518E+07, Overflow 9.506083E-01, MaxDensity 1.893E+04, gamma 1.295601E+03, time 0.876ms
[INFO   ] DREAMPlace - full step 3.779 ms
[INFO   ] DREAMPlace - optimizer step 2.425 ms
[INFO   ] DREAMPlace - iteration   62, (  62,  0,  0), Obj 3.666786E+07, DensityWeight 8.912982E-11, wHPWL 4.688379E+07, Overflow 9.507143E-01, MaxDensity 1.863E+04, gamma 1.296808E+03, time 0.888ms
[INFO   ] DREAMPlace - full step 3.773 ms
[INFO   ] DREAMPlace - optimizer step 2.425 ms
[INFO   ] DREAMPlace - iteration   63, (  63,  0,  0), Obj 3.617612E+07, DensityWeight 9.299854E-11, wHPWL 4.654110E+07, Overflow 9.508811E-01, MaxDensity 1.818E+04, gamma 1.297512E+03, time 0.859ms
[INFO   ] DREAMPlace - full step 3.759 ms
[INFO   ] DREAMPlace - optimizer step 2.396 ms
[INFO   ] DREAMPlace - iteration   64, (  64,  0,  0), Obj 3.599020E+07, DensityWeight 9.702548E-11, wHPWL 4.649862E+07, Overflow 9.509041E-01, MaxDensity 1.782E+04, gamma 1.298620E+03, time 0.859ms
[INFO   ] DREAMPlace - full step 3.725 ms
[INFO   ] DREAMPlace - Stuck at early stage. Turn on quadratic penalty with double density factor to accelerate convergence
[INFO   ] DREAMPlace - Stuck at very early stage. Turn on entropy injection with noise intensity = 40.72330474853519 to help convergence
[INFO   ] DREAMPlace - optimizer step 2.428 ms
[INFO   ] DREAMPlace - iteration   65, (  65,  0,  0), Obj 3.576342E+07, DensityWeight 1.012167E-10, wHPWL 7.472066E+07, Overflow 9.426516E-01, MaxDensity 1.969E+03, gamma 1.298773E+03, time 0.754ms
[INFO   ] DREAMPlace - full step 3.685 ms
[INFO   ] DREAMPlace - optimizer step 2.365 ms
[INFO   ] DREAMPlace - iteration   66, (  66,  0,  0), Obj 5.464632E+07, DensityWeight 1.009636E-10, wHPWL 1.075708E+08, Overflow 9.367440E-01, MaxDensity 6.716E+02, gamma 1.245071E+03, time 0.751ms
[INFO   ] DREAMPlace - full step 3.610 ms
[INFO   ] DREAMPlace - optimizer step 14.755 ms
[INFO   ] DREAMPlace - iteration   67, (  67,  0,  0), Obj 5.792518E+07, DensityWeight 1.007112E-10, wHPWL 1.205427E+08, Overflow 9.343150E-01, MaxDensity 4.747E+02, gamma 1.207998E+03, time 0.739ms
[INFO   ] DREAMPlace - full step 15.968 ms
[INFO   ] DREAMPlace - optimizer step 4.512 ms
[INFO   ] DREAMPlace - iteration   68, (  68,  0,  0), Obj 5.348761E+07, DensityWeight 1.004594E-10, wHPWL 1.227647E+08, Overflow 9.341559E-01, MaxDensity 4.804E+02, gamma 1.193077E+03, time 0.770ms
[INFO   ] DREAMPlace - full step 5.771 ms
[INFO   ] DREAMPlace - optimizer step 2.369 ms
[INFO   ] DREAMPlace - iteration   69, (  69,  0,  0), Obj 5.340452E+07, DensityWeight 1.002083E-10, wHPWL 1.265548E+08, Overflow 9.324910E-01, MaxDensity 5.209E+02, gamma 1.192107E+03, time 0.777ms
[INFO   ] DREAMPlace - full step 3.633 ms
[INFO   ] DREAMPlace - optimizer step 2.388 ms
[INFO   ] DREAMPlace - iteration   70, (  70,  0,  0), Obj 5.268829E+07, DensityWeight 9.995774E-11, wHPWL 1.270142E+08, Overflow 9.308895E-01, MaxDensity 6.131E+02, gamma 1.181994E+03, time 4.461ms
[INFO   ] DREAMPlace - full step 7.346 ms
[INFO   ] DREAMPlace - optimizer step 2.339 ms
[INFO   ] DREAMPlace - iteration   71, (  71,  0,  0), Obj 5.152859E+07, DensityWeight 9.970784E-11, wHPWL 1.249549E+08, Overflow 9.297271E-01, MaxDensity 6.095E+02, gamma 1.172347E+03, time 2.457ms
[INFO   ] DREAMPlace - full step 5.279 ms
[INFO   ] DREAMPlace - optimizer step 2.362 ms
[INFO   ] DREAMPlace - iteration   72, (  72,  0,  0), Obj 5.225895E+07, DensityWeight 1.039421E-10, wHPWL 1.209360E+08, Overflow 9.284568E-01, MaxDensity 5.939E+02, gamma 1.165395E+03, time 2.947ms
[INFO   ] DREAMPlace - full step 5.785 ms
[INFO   ] DREAMPlace - optimizer step 5.247 ms
[INFO   ] DREAMPlace - iteration   73, (  73,  0,  0), Obj 5.256961E+07, DensityWeight 1.083454E-10, wHPWL 1.209467E+08, Overflow 9.274768E-01, MaxDensity 4.433E+02, gamma 1.157845E+03, time 0.740ms
[INFO   ] DREAMPlace - full step 6.461 ms
[INFO   ] DREAMPlace - optimizer step 2.375 ms
[INFO   ] DREAMPlace - iteration   74, (  74,  0,  0), Obj 5.036915E+07, DensityWeight 1.135920E-10, wHPWL 1.166492E+08, Overflow 9.266492E-01, MaxDensity 3.717E+02, gamma 1.152053E+03, time 2.058ms
[INFO   ] DREAMPlace - full step 4.921 ms
[INFO   ] DREAMPlace - optimizer step 2.366 ms
[INFO   ] DREAMPlace - iteration   75, (  75,  0,  0), Obj 5.005675E+07, DensityWeight 1.183803E-10, wHPWL 1.138204E+08, Overflow 9.258762E-01, MaxDensity 3.218E+02, gamma 1.147184E+03, time 0.730ms
[INFO   ] DREAMPlace - full step 3.591 ms
[INFO   ] DREAMPlace - optimizer step 2.397 ms
[INFO   ] DREAMPlace - iteration   76, (  76,  0,  0), Obj 4.818316E+07, DensityWeight 1.233582E-10, wHPWL 1.088533E+08, Overflow 9.242231E-01, MaxDensity 2.872E+02, gamma 1.142656E+03, time 0.741ms
[INFO   ] DREAMPlace - full step 3.626 ms
[INFO   ] DREAMPlace - optimizer step 2.404 ms
[INFO   ] DREAMPlace - iteration   77, (  77,  0,  0), Obj 4.758232E+07, DensityWeight 1.285326E-10, wHPWL 1.049069E+08, Overflow 9.225667E-01, MaxDensity 2.507E+02, gamma 1.133032E+03, time 0.745ms
[INFO   ] DREAMPlace - full step 3.633 ms
[INFO   ] DREAMPlace - optimizer step 3.645 ms
[INFO   ] DREAMPlace - iteration   78, (  78,  0,  0), Obj 4.616994E+07, DensityWeight 1.339106E-10, wHPWL 1.004028E+08, Overflow 9.207911E-01, MaxDensity 2.445E+02, gamma 1.123469E+03, time 0.752ms
[INFO   ] DREAMPlace - full step 4.882 ms
[INFO   ] DREAMPlace - optimizer step 2.346 ms
[INFO   ] DREAMPlace - iteration   79, (  79,  0,  0), Obj 4.536052E+07, DensityWeight 1.394996E-10, wHPWL 9.730847E+07, Overflow 9.188775E-01, MaxDensity 2.499E+02, gamma 1.113308E+03, time 0.743ms
[INFO   ] DREAMPlace - full step 3.569 ms
[INFO   ] DREAMPlace - plotting to gammalocal_results/gpos/bigblue1/plot/iter0080.png takes 2.244 seconds
[INFO   ] DREAMPlace - optimizer step 4.559 ms
[INFO   ] DREAMPlace - iteration   80, (  80,  0,  0), Obj 4.428553E+07, DensityWeight 1.453074E-10, wHPWL 9.547598E+07, Overflow 9.170821E-01, MaxDensity 2.629E+02, gamma 1.102460E+03, time 0.752ms
[INFO   ] DREAMPlace - full step 2251.358 ms
[INFO   ] DREAMPlace - optimizer step 2.980 ms
[INFO   ] DREAMPlace - iteration   81, (  81,  0,  0), Obj 4.360532E+07, DensityWeight 1.513419E-10, wHPWL 9.502626E+07, Overflow 9.150606E-01, MaxDensity 2.620E+02, gamma 1.092379E+03, time 3.903ms
[INFO   ] DREAMPlace - full step 7.571 ms
[INFO   ] DREAMPlace - optimizer step 2.392 ms
[INFO   ] DREAMPlace - iteration   82, (  82,  0,  0), Obj 4.794244E+07, DensityWeight 1.576112E-10, wHPWL 9.480803E+07, Overflow 9.129649E-01, MaxDensity 2.627E+02, gamma 1.081138E+03, time 0.747ms
[INFO   ] DREAMPlace - full step 3.635 ms
[INFO   ] DREAMPlace - optimizer step 2.521 ms
[INFO   ] DREAMPlace - iteration   83, (  83,  0,  0), Obj 4.906018E+07, DensityWeight 1.641238E-10, wHPWL 9.705453E+07, Overflow 9.108838E-01, MaxDensity 2.550E+02, gamma 1.069606E+03, time 0.729ms
[INFO   ] DREAMPlace - full step 3.746 ms
[INFO   ] DREAMPlace - optimizer step 2.456 ms
[INFO   ] DREAMPlace - iteration   84, (  84,  0,  0), Obj 4.696345E+07, DensityWeight 1.637135E-10, wHPWL 9.576965E+07, Overflow 9.094496E-01, MaxDensity 2.479E+02, gamma 1.058276E+03, time 0.746ms
[INFO   ] DREAMPlace - full step 3.703 ms
[INFO   ] DREAMPlace - optimizer step 2.367 ms
[INFO   ] DREAMPlace - iteration   85, (  85,  0,  0), Obj 4.668552E+07, DensityWeight 1.704441E-10, wHPWL 9.602466E+07, Overflow 9.081812E-01, MaxDensity 2.358E+02, gamma 1.050539E+03, time 0.754ms
[INFO   ] DREAMPlace - full step 3.615 ms
[INFO   ] DREAMPlace - optimizer step 2.392 ms
[INFO   ] DREAMPlace - iteration   86, (  86,  0,  0), Obj 4.556150E+07, DensityWeight 1.727162E-10, wHPWL 9.484358E+07, Overflow 9.069098E-01, MaxDensity 2.297E+02, gamma 1.043743E+03, time 0.745ms
[INFO   ] DREAMPlace - full step 3.687 ms
[INFO   ] DREAMPlace - optimizer step 2.498 ms
[INFO   ] DREAMPlace - iteration   87, (  87,  0,  0), Obj 4.488732E+07, DensityWeight 1.797810E-10, wHPWL 9.370896E+07, Overflow 9.051651E-01, MaxDensity 2.226E+02, gamma 1.036974E+03, time 0.751ms
[INFO   ] DREAMPlace - full step 3.738 ms
[INFO   ] DREAMPlace - optimizer step 2.339 ms
[INFO   ] DREAMPlace - iteration   88, (  88,  0,  0), Obj 4.402460E+07, DensityWeight 1.871160E-10, wHPWL 9.212590E+07, Overflow 9.032184E-01, MaxDensity 2.245E+02, gamma 1.027758E+03, time 0.800ms
[INFO   ] DREAMPlace - full step 3.664 ms
[INFO   ] DREAMPlace - optimizer step 2.338 ms
[INFO   ] DREAMPlace - iteration   89, (  89,  0,  0), Obj 4.335567E+07, DensityWeight 1.947309E-10, wHPWL 9.066315E+07, Overflow 9.019840E-01, MaxDensity 2.171E+02, gamma 1.017572E+03, time 0.718ms
[INFO   ] DREAMPlace - full step 3.552 ms
[INFO   ] DREAMPlace - optimizer step 2.484 ms
[INFO   ] DREAMPlace - iteration   90, (  90,  0,  0), Obj 4.272802E+07, DensityWeight 2.026354E-10, wHPWL 8.931734E+07, Overflow 9.004239E-01, MaxDensity 2.155E+02, gamma 1.011165E+03, time 0.746ms
[INFO   ] DREAMPlace - full step 3.758 ms
[INFO   ] DREAMPlace - optimizer step 2.402 ms
[INFO   ] DREAMPlace - iteration   91, (  91,  0,  0), Obj 4.214228E+07, DensityWeight 2.108397E-10, wHPWL 8.819792E+07, Overflow 8.991929E-01, MaxDensity 2.082E+02, gamma 1.003125E+03, time 0.755ms
[INFO   ] DREAMPlace - full step 3.648 ms
[INFO   ] DREAMPlace - optimizer step 2.415 ms
[INFO   ] DREAMPlace - iteration   92, (  92,  0,  0), Obj 4.818050E+07, DensityWeight 2.193542E-10, wHPWL 8.740165E+07, Overflow 8.977091E-01, MaxDensity 2.099E+02, gamma 9.968264E+02, time 0.743ms
[INFO   ] DREAMPlace - full step 3.645 ms
[INFO   ] DREAMPlace - optimizer step 2.395 ms
[INFO   ] DREAMPlace - iteration   93, (  93,  0,  0), Obj 4.761119E+07, DensityWeight 2.281898E-10, wHPWL 8.617054E+07, Overflow 8.966191E-01, MaxDensity 2.021E+02, gamma 9.892862E+02, time 0.755ms
[INFO   ] DREAMPlace - full step 3.645 ms
[INFO   ] DREAMPlace - optimizer step 2.318 ms
[INFO   ] DREAMPlace - iteration   94, (  94,  0,  0), Obj 4.677435E+07, DensityWeight 2.373575E-10, wHPWL 8.500522E+07, Overflow 8.963724E-01, MaxDensity 1.970E+02, gamma 9.837839E+02, time 0.746ms
[INFO   ] DREAMPlace - full step 3.548 ms
[INFO   ] DREAMPlace - optimizer step 2.412 ms
[INFO   ] DREAMPlace - iteration   95, (  95,  0,  0), Obj 4.608416E+07, DensityWeight 2.468688E-10, wHPWL 8.427884E+07, Overflow 8.961022E-01, MaxDensity 1.955E+02, gamma 9.825430E+02, time 0.779ms
[INFO   ] DREAMPlace - full step 3.690 ms
[INFO   ] DREAMPlace - optimizer step 2.360 ms
[INFO   ] DREAMPlace - iteration   96, (  96,  0,  0), Obj 4.531413E+07, DensityWeight 2.567356E-10, wHPWL 8.341882E+07, Overflow 8.957402E-01, MaxDensity 1.968E+02, gamma 9.811855E+02, time 0.749ms
[INFO   ] DREAMPlace - full step 3.617 ms
[INFO   ] DREAMPlace - optimizer step 2.434 ms
[INFO   ] DREAMPlace - iteration   97, (  97,  0,  0), Obj 4.465413E+07, DensityWeight 2.669700E-10, wHPWL 8.264463E+07, Overflow 8.958565E-01, MaxDensity 2.149E+02, gamma 9.793697E+02, time 0.809ms
[INFO   ] DREAMPlace - full step 3.739 ms
[INFO   ] DREAMPlace - optimizer step 2.344 ms
[INFO   ] DREAMPlace - iteration   98, (  98,  0,  0), Obj 4.397546E+07, DensityWeight 2.775847E-10, wHPWL 8.176946E+07, Overflow 8.957703E-01, MaxDensity 2.790E+02, gamma 9.799527E+02, time 0.742ms
[INFO   ] DREAMPlace - full step 3.551 ms
[INFO   ] DREAMPlace - optimizer step 8.863 ms
[INFO   ] DREAMPlace - iteration   99, (  99,  0,  0), Obj 4.339500E+07, DensityWeight 2.885925E-10, wHPWL 8.093874E+07, Overflow 8.961799E-01, MaxDensity 2.987E+02, gamma 9.795203E+02, time 1.572ms
[INFO   ] DREAMPlace - full step 10.911 ms
[INFO   ] DREAMPlace - optimizer step 5.791 ms
[INFO   ] DREAMPlace - iteration  100, ( 100,  0,  0), Obj 4.283699E+07, DensityWeight 3.000069E-10, wHPWL 8.007630E+07, Overflow 8.963584E-01, MaxDensity 4.117E+02, gamma 9.815758E+02, time 9.330ms
[INFO   ] DREAMPlace - full step 15.632 ms
[INFO   ] DREAMPlace - optimizer step 4.146 ms
[INFO   ] DREAMPlace - iteration  101, ( 101,  0,  0), Obj 4.233874E+07, DensityWeight 3.118416E-10, wHPWL 7.929374E+07, Overflow 8.964850E-01, MaxDensity 3.358E+02, gamma 9.824726E+02, time 0.814ms
[INFO   ] DREAMPlace - full step 5.500 ms
[INFO   ] DREAMPlace - optimizer step 2.476 ms
[INFO   ] DREAMPlace - iteration  102, ( 102,  0,  0), Obj 4.376061E+07, DensityWeight 3.241106E-10, wHPWL 7.855465E+07, Overflow 8.969930E-01, MaxDensity 4.141E+02, gamma 9.831094E+02, time 0.813ms
[INFO   ] DREAMPlace - full step 3.824 ms
[INFO   ] DREAMPlace - optimizer step 2.669 ms
[INFO   ] DREAMPlace - iteration  103, ( 103,  0,  0), Obj 4.302607E+07, DensityWeight 3.368287E-10, wHPWL 7.776648E+07, Overflow 8.973517E-01, MaxDensity 2.962E+02, gamma 9.856683E+02, time 1.082ms
[INFO   ] DREAMPlace - full step 4.259 ms
[INFO   ] DREAMPlace - optimizer step 3.375 ms
[INFO   ] DREAMPlace - iteration  104, ( 104,  0,  0), Obj 4.281822E+07, DensityWeight 3.500109E-10, wHPWL 7.760151E+07, Overflow 8.974485E-01, MaxDensity 2.978E+02, gamma 9.874788E+02, time 0.775ms
[INFO   ] DREAMPlace - full step 4.657 ms
[INFO   ] DREAMPlace - optimizer step 7.781 ms
[INFO   ] DREAMPlace - iteration  105, ( 105,  0,  0), Obj 4.221720E+07, DensityWeight 3.636725E-10, wHPWL 7.719961E+07, Overflow 8.980261E-01, MaxDensity 2.959E+02, gamma 9.879683E+02, time 2.751ms
[INFO   ] DREAMPlace - full step 11.045 ms
[INFO   ] DREAMPlace - optimizer step 6.157 ms
[INFO   ] DREAMPlace - iteration  106, ( 106,  0,  0), Obj 4.162749E+07, DensityWeight 3.778297E-10, wHPWL 7.679283E+07, Overflow 8.982999E-01, MaxDensity 2.524E+02, gamma 9.908926E+02, time 5.864ms
[INFO   ] DREAMPlace - full step 12.519 ms
[INFO   ] DREAMPlace - optimizer step 2.828 ms
[INFO   ] DREAMPlace - iteration  107, ( 107,  0,  0), Obj 4.108642E+07, DensityWeight 3.924987E-10, wHPWL 7.646722E+07, Overflow 8.983976E-01, MaxDensity 2.282E+02, gamma 9.922818E+02, time 0.774ms
[INFO   ] DREAMPlace - full step 4.082 ms
[INFO   ] DREAMPlace - optimizer step 2.502 ms
[INFO   ] DREAMPlace - iteration  108, ( 108,  0,  0), Obj 4.066308E+07, DensityWeight 4.076964E-10, wHPWL 7.621465E+07, Overflow 8.983431E-01, MaxDensity 2.237E+02, gamma 9.927779E+02, time 0.810ms
[INFO   ] DREAMPlace - full step 3.790 ms
[INFO   ] DREAMPlace - optimizer step 2.461 ms
[INFO   ] DREAMPlace - iteration  109, ( 109,  0,  0), Obj 4.022209E+07, DensityWeight 4.234402E-10, wHPWL 7.594240E+07, Overflow 8.982185E-01, MaxDensity 1.974E+02, gamma 9.925010E+02, time 1.450ms
[INFO   ] DREAMPlace - full step 4.407 ms
[INFO   ] DREAMPlace - optimizer step 2.515 ms
[INFO   ] DREAMPlace - iteration  110, ( 110,  0,  0), Obj 3.986420E+07, DensityWeight 4.397480E-10, wHPWL 7.569078E+07, Overflow 8.978081E-01, MaxDensity 1.930E+02, gamma 9.918681E+02, time 0.796ms
[INFO   ] DREAMPlace - full step 3.776 ms
[INFO   ] DREAMPlace - optimizer step 2.739 ms
[INFO   ] DREAMPlace - iteration  111, ( 111,  0,  0), Obj 3.951773E+07, DensityWeight 4.566383E-10, wHPWL 7.542298E+07, Overflow 8.976526E-01, MaxDensity 1.865E+02, gamma 9.897877E+02, time 1.831ms
[INFO   ] DREAMPlace - full step 5.069 ms
[INFO   ] DREAMPlace - optimizer step 2.396 ms
[INFO   ] DREAMPlace - iteration  112, ( 112,  0,  0), Obj 4.033846E+07, DensityWeight 4.741298E-10, wHPWL 7.514157E+07, Overflow 8.972809E-01, MaxDensity 1.726E+02, gamma 9.890008E+02, time 0.889ms
[INFO   ] DREAMPlace - full step 3.771 ms
[INFO   ] DREAMPlace - optimizer step 4.978 ms
[INFO   ] DREAMPlace - iteration  113, ( 113,  0,  0), Obj 3.977586E+07, DensityWeight 4.922422E-10, wHPWL 7.419077E+07, Overflow 8.962697E-01, MaxDensity 1.761E+02, gamma 9.871213E+02, time 0.733ms
[INFO   ] DREAMPlace - full step 6.170 ms
[INFO   ] DREAMPlace - optimizer step 2.396 ms
[INFO   ] DREAMPlace - iteration  114, ( 114,  0,  0), Obj 3.979144E+07, DensityWeight 5.109954E-10, wHPWL 7.401929E+07, Overflow 8.948261E-01, MaxDensity 1.712E+02, gamma 9.820267E+02, time 2.906ms
[INFO   ] DREAMPlace - full step 5.818 ms
[INFO   ] DREAMPlace - optimizer step 2.491 ms
[INFO   ] DREAMPlace - iteration  115, ( 115,  0,  0), Obj 3.948169E+07, DensityWeight 5.304099E-10, wHPWL 7.381032E+07, Overflow 8.937603E-01, MaxDensity 1.608E+02, gamma 9.747997E+02, time 0.782ms
[INFO   ] DREAMPlace - full step 3.802 ms
[INFO   ] DREAMPlace - optimizer step 2.322 ms
[INFO   ] DREAMPlace - iteration  116, ( 116,  0,  0), Obj 3.917110E+07, DensityWeight 5.505070E-10, wHPWL 7.359250E+07, Overflow 8.924935E-01, MaxDensity 1.473E+02, gamma 9.694983E+02, time 0.724ms
[INFO   ] DREAMPlace - full step 3.537 ms
[INFO   ] DREAMPlace - optimizer step 2.347 ms
[INFO   ] DREAMPlace - iteration  117, ( 117,  0,  0), Obj 3.885200E+07, DensityWeight 5.713084E-10, wHPWL 7.345523E+07, Overflow 8.913417E-01, MaxDensity 1.544E+02, gamma 9.632341E+02, time 0.737ms
[INFO   ] DREAMPlace - full step 3.590 ms
[INFO   ] DREAMPlace - optimizer step 2.349 ms
[INFO   ] DREAMPlace - iteration  118, ( 118,  0,  0), Obj 3.860121E+07, DensityWeight 5.928366E-10, wHPWL 7.328136E+07, Overflow 8.900220E-01, MaxDensity 1.587E+02, gamma 9.575738E+02, time 0.799ms
[INFO   ] DREAMPlace - full step 3.649 ms
[INFO   ] DREAMPlace - optimizer step 15.947 ms
[INFO   ] DREAMPlace - iteration  119, ( 119,  0,  0), Obj 3.830732E+07, DensityWeight 6.151145E-10, wHPWL 7.311802E+07, Overflow 8.889762E-01, MaxDensity 1.679E+02, gamma 9.511294E+02, time 0.818ms
[INFO   ] DREAMPlace - full step 17.251 ms
[INFO   ] DREAMPlace - plotting to gammalocal_results/gpos/bigblue1/plot/iter0120.png takes 2.248 seconds
[INFO   ] DREAMPlace - optimizer step 31.977 ms
[INFO   ] DREAMPlace - iteration  120, ( 120,  0,  0), Obj 3.808589E+07, DensityWeight 6.381657E-10, wHPWL 7.295290E+07, Overflow 8.874920E-01, MaxDensity 1.976E+02, gamma 9.460532E+02, time 0.792ms
[INFO   ] DREAMPlace - full step 2283.878 ms
[INFO   ] DREAMPlace - optimizer step 2.500 ms
[INFO   ] DREAMPlace - iteration  121, ( 121,  0,  0), Obj 3.785705E+07, DensityWeight 6.620145E-10, wHPWL 7.281900E+07, Overflow 8.863271E-01, MaxDensity 2.096E+02, gamma 9.388959E+02, time 0.802ms
[INFO   ] DREAMPlace - full step 3.875 ms
[INFO   ] DREAMPlace - optimizer step 2.403 ms
[INFO   ] DREAMPlace - iteration  122, ( 122,  0,  0), Obj 3.861484E+07, DensityWeight 6.866859E-10, wHPWL 7.265081E+07, Overflow 8.851100E-01, MaxDensity 2.491E+02, gamma 9.333159E+02, time 0.746ms
[INFO   ] DREAMPlace - full step 3.632 ms
[INFO   ] DREAMPlace - optimizer step 2.422 ms
[INFO   ] DREAMPlace - iteration  123, ( 123,  0,  0), Obj 3.827294E+07, DensityWeight 7.122056E-10, wHPWL 7.261830E+07, Overflow 8.833616E-01, MaxDensity 2.453E+02, gamma 9.275214E+02, time 0.769ms
[INFO   ] DREAMPlace - full step 3.677 ms
[INFO   ] DREAMPlace - optimizer step 2.403 ms
[INFO   ] DREAMPlace - iteration  124, ( 124,  0,  0), Obj 3.824955E+07, DensityWeight 7.385997E-10, wHPWL 7.287081E+07, Overflow 8.816321E-01, MaxDensity 2.341E+02, gamma 9.192604E+02, time 0.744ms
[INFO   ] DREAMPlace - full step 3.652 ms
[INFO   ] DREAMPlace - optimizer step 2.473 ms
[INFO   ] DREAMPlace - iteration  125, ( 125,  0,  0), Obj 3.803124E+07, DensityWeight 7.487065E-10, wHPWL 7.303621E+07, Overflow 8.803084E-01, MaxDensity 2.194E+02, gamma 9.111618E+02, time 0.764ms
[INFO   ] DREAMPlace - full step 3.733 ms
[INFO   ] DREAMPlace - optimizer step 2.325 ms
[INFO   ] DREAMPlace - iteration  126, ( 126,  0,  0), Obj 3.774230E+07, DensityWeight 7.682232E-10, wHPWL 7.304146E+07, Overflow 8.792942E-01, MaxDensity 1.887E+02, gamma 9.050112E+02, time 0.730ms
[INFO   ] DREAMPlace - full step 3.551 ms
[INFO   ] DREAMPlace - optimizer step 2.383 ms
[INFO   ] DREAMPlace - iteration  127, ( 127,  0,  0), Obj 3.741985E+07, DensityWeight 8.060445E-10, wHPWL 7.305950E+07, Overflow 8.781397E-01, MaxDensity 1.702E+02, gamma 9.003267E+02, time 0.765ms
[INFO   ] DREAMPlace - full step 3.625 ms
[INFO   ] DREAMPlace - optimizer step 2.438 ms
[INFO   ] DREAMPlace - iteration  128, ( 128,  0,  0), Obj 3.718194E+07, DensityWeight 8.442200E-10, wHPWL 7.305738E+07, Overflow 8.767338E-01, MaxDensity 1.387E+02, gamma 8.950234E+02, time 0.729ms
[INFO   ] DREAMPlace - full step 3.645 ms
[INFO   ] DREAMPlace - optimizer step 2.370 ms
[INFO   ] DREAMPlace - iteration  129, ( 129,  0,  0), Obj 3.689866E+07, DensityWeight 8.750690E-10, wHPWL 7.303057E+07, Overflow 8.753849E-01, MaxDensity 1.240E+02, gamma 8.886083E+02, time 0.756ms
[INFO   ] DREAMPlace - full step 3.649 ms
[INFO   ] DREAMPlace - optimizer step 2.342 ms
[INFO   ] DREAMPlace - iteration  130, ( 130,  0,  0), Obj 3.671318E+07, DensityWeight 9.069544E-10, wHPWL 7.303551E+07, Overflow 8.739955E-01, MaxDensity 1.161E+02, gamma 8.824957E+02, time 0.731ms
[INFO   ] DREAMPlace - full step 3.640 ms
[INFO   ] DREAMPlace - optimizer step 2.440 ms
[INFO   ] DREAMPlace - iteration  131, ( 131,  0,  0), Obj 3.650294E+07, DensityWeight 9.516460E-10, wHPWL 7.307050E+07, Overflow 8.723952E-01, MaxDensity 1.182E+02, gamma 8.762441E+02, time 0.740ms
[INFO   ] DREAMPlace - full step 3.670 ms
[INFO   ] DREAMPlace - optimizer step 2.325 ms
[INFO   ] DREAMPlace - iteration  132, ( 132,  0,  0), Obj 3.691209E+07, DensityWeight 9.943671E-10, wHPWL 7.314123E+07, Overflow 8.710679E-01, MaxDensity 1.231E+02, gamma 8.690984E+02, time 0.736ms
[INFO   ] DREAMPlace - full step 3.597 ms
[INFO   ] DREAMPlace - optimizer step 2.342 ms
[INFO   ] DREAMPlace - iteration  133, ( 133,  0,  0), Obj 3.653101E+07, DensityWeight 1.033841E-09, wHPWL 7.291299E+07, Overflow 8.685684E-01, MaxDensity 1.090E+02, gamma 8.632158E+02, time 0.742ms
[INFO   ] DREAMPlace - full step 3.560 ms
[INFO   ] DREAMPlace - optimizer step 2.339 ms
[INFO   ] DREAMPlace - iteration  134, ( 134,  0,  0), Obj 3.651340E+07, DensityWeight 1.071083E-09, wHPWL 7.309690E+07, Overflow 8.659484E-01, MaxDensity 1.038E+02, gamma 8.522457E+02, time 0.737ms
[INFO   ] DREAMPlace - full step 3.567 ms
[INFO   ] DREAMPlace - optimizer step 2.352 ms
[INFO   ] DREAMPlace - iteration  135, ( 135,  0,  0), Obj 3.638376E+07, DensityWeight 1.096172E-09, wHPWL 7.337936E+07, Overflow 8.635948E-01, MaxDensity 9.843E+01, gamma 8.408967E+02, time 0.742ms
[INFO   ] DREAMPlace - full step 3.589 ms
[INFO   ] DREAMPlace - optimizer step 2.381 ms
[INFO   ] DREAMPlace - iteration  136, ( 136,  0,  0), Obj 3.628064E+07, DensityWeight 1.106540E-09, wHPWL 7.361110E+07, Overflow 8.612865E-01, MaxDensity 1.026E+02, gamma 8.308303E+02, time 0.761ms
[INFO   ] DREAMPlace - full step 3.638 ms
[INFO   ] DREAMPlace - optimizer step 2.370 ms
[INFO   ] DREAMPlace - iteration  137, ( 137,  0,  0), Obj 3.608560E+07, DensityWeight 1.124933E-09, wHPWL 7.382822E+07, Overflow 8.589665E-01, MaxDensity 1.005E+02, gamma 8.210753E+02, time 0.738ms
[INFO   ] DREAMPlace - full step 3.592 ms
[INFO   ] DREAMPlace - optimizer step 2.349 ms
[INFO   ] DREAMPlace - iteration  138, ( 138,  0,  0), Obj 3.593063E+07, DensityWeight 1.145965E-09, wHPWL 7.393877E+07, Overflow 8.567908E-01, MaxDensity 1.064E+02, gamma 8.113859E+02, time 0.759ms
[INFO   ] DREAMPlace - full step 3.595 ms
[INFO   ] DREAMPlace - optimizer step 2.437 ms
[INFO   ] DREAMPlace - iteration  139, ( 139,  0,  0), Obj 3.575839E+07, DensityWeight 1.184863E-09, wHPWL 7.407520E+07, Overflow 8.548101E-01, MaxDensity 1.145E+02, gamma 8.024027E+02, time 0.757ms
[INFO   ] DREAMPlace - full step 3.687 ms
[INFO   ] DREAMPlace - optimizer step 2.735 ms
[INFO   ] DREAMPlace - iteration  140, ( 140,  0,  0), Obj 3.561638E+07, DensityWeight 1.220668E-09, wHPWL 7.412562E+07, Overflow 8.524201E-01, MaxDensity 1.236E+02, gamma 7.943118E+02, time 5.232ms
[INFO   ] DREAMPlace - full step 8.448 ms
[INFO   ] DREAMPlace - optimizer step 2.407 ms
[INFO   ] DREAMPlace - iteration  141, ( 141,  0,  0), Obj 3.544987E+07, DensityWeight 1.272725E-09, wHPWL 7.417830E+07, Overflow 8.507481E-01, MaxDensity 1.235E+02, gamma 7.846567E+02, time 0.766ms
[INFO   ] DREAMPlace - full step 3.670 ms
[INFO   ] DREAMPlace - optimizer step 2.408 ms
[INFO   ] DREAMPlace - iteration  142, ( 142,  0,  0), Obj 3.625356E+07, DensityWeight 1.326582E-09, wHPWL 7.423174E+07, Overflow 8.484152E-01, MaxDensity 1.273E+02, gamma 7.779724E+02, time 0.732ms
[INFO   ] DREAMPlace - full step 3.634 ms
[INFO   ] DREAMPlace - optimizer step 2.384 ms
[INFO   ] DREAMPlace - iteration  143, ( 143,  0,  0), Obj 3.615296E+07, DensityWeight 1.382575E-09, wHPWL 7.444942E+07, Overflow 8.460745E-01, MaxDensity 1.171E+02, gamma 7.687410E+02, time 0.728ms
[INFO   ] DREAMPlace - full step 3.608 ms
[INFO   ] DREAMPlace - optimizer step 2.425 ms
[INFO   ] DREAMPlace - iteration  144, ( 144,  0,  0), Obj 3.635697E+07, DensityWeight 1.408312E-09, wHPWL 7.501575E+07, Overflow 8.430637E-01, MaxDensity 1.167E+02, gamma 7.595886E+02, time 0.733ms
[INFO   ] DREAMPlace - full step 3.673 ms
[INFO   ] DREAMPlace - optimizer step 2.414 ms
[INFO   ] DREAMPlace - iteration  145, ( 145,  0,  0), Obj 3.626321E+07, DensityWeight 1.404791E-09, wHPWL 7.542316E+07, Overflow 8.408527E-01, MaxDensity 1.074E+02, gamma 7.479763E+02, time 0.728ms
[INFO   ] DREAMPlace - full step 3.647 ms
[INFO   ] DREAMPlace - optimizer step 2.789 ms
[INFO   ] DREAMPlace - iteration  146, ( 146,  0,  0), Obj 3.612788E+07, DensityWeight 1.401279E-09, wHPWL 7.560675E+07, Overflow 8.382474E-01, MaxDensity 1.113E+02, gamma 7.395616E+02, time 0.754ms
[INFO   ] DREAMPlace - full step 4.042 ms
[INFO   ] DREAMPlace - optimizer step 2.389 ms
[INFO   ] DREAMPlace - iteration  147, ( 147,  0,  0), Obj 3.587213E+07, DensityWeight 1.434165E-09, wHPWL 7.573314E+07, Overflow 8.362854E-01, MaxDensity 1.044E+02, gamma 7.297683E+02, time 0.741ms
[INFO   ] DREAMPlace - full step 3.617 ms
[INFO   ] DREAMPlace - optimizer step 2.335 ms
[INFO   ] DREAMPlace - iteration  148, ( 148,  0,  0), Obj 3.574434E+07, DensityWeight 1.479575E-09, wHPWL 7.586434E+07, Overflow 8.342335E-01, MaxDensity 1.132E+02, gamma 7.224786E+02, time 0.771ms
[INFO   ] DREAMPlace - full step 3.596 ms
[INFO   ] DREAMPlace - optimizer step 2.364 ms
[INFO   ] DREAMPlace - iteration  149, ( 149,  0,  0), Obj 3.556184E+07, DensityWeight 1.525398E-09, wHPWL 7.598590E+07, Overflow 8.324523E-01, MaxDensity 9.924E+01, gamma 7.149325E+02, time 0.709ms
[INFO   ] DREAMPlace - full step 3.552 ms
[INFO   ] DREAMPlace - optimizer step 2.362 ms
[INFO   ] DREAMPlace - iteration  150, ( 150,  0,  0), Obj 3.540868E+07, DensityWeight 1.574756E-09, wHPWL 7.605354E+07, Overflow 8.305260E-01, MaxDensity 1.011E+02, gamma 7.084465E+02, time 0.739ms
[INFO   ] DREAMPlace - full step 3.575 ms
[INFO   ] DREAMPlace - optimizer step 2.365 ms
[INFO   ] DREAMPlace - iteration  151, ( 151,  0,  0), Obj 3.527935E+07, DensityWeight 1.637974E-09, wHPWL 7.618374E+07, Overflow 8.289955E-01, MaxDensity 9.219E+01, gamma 7.014976E+02, time 0.748ms
[INFO   ] DREAMPlace - full step 3.609 ms
[INFO   ] DREAMPlace - optimizer step 2.359 ms
[INFO   ] DREAMPlace - iteration  152, ( 152,  0,  0), Obj 3.485462E+07, DensityWeight 1.688940E-09, wHPWL 7.627693E+07, Overflow 8.269081E-01, MaxDensity 9.141E+01, gamma 6.960256E+02, time 0.729ms
[INFO   ] DREAMPlace - full step 3.563 ms
[INFO   ] DREAMPlace - optimizer step 2.357 ms
[INFO   ] DREAMPlace - iteration  153, ( 153,  0,  0), Obj 3.482306E+07, DensityWeight 1.750498E-09, wHPWL 7.652221E+07, Overflow 8.245050E-01, MaxDensity 9.303E+01, gamma 6.886307E+02, time 0.785ms
[INFO   ] DREAMPlace - full step 3.673 ms
[INFO   ] DREAMPlace - optimizer step 2.353 ms
[INFO   ] DREAMPlace - iteration  154, ( 154,  0,  0), Obj 3.490020E+07, DensityWeight 1.776239E-09, wHPWL 7.681282E+07, Overflow 8.220026E-01, MaxDensity 7.645E+01, gamma 6.802151E+02, time 0.743ms
[INFO   ] DREAMPlace - full step 3.585 ms
[INFO   ] DREAMPlace - optimizer step 2.349 ms
[INFO   ] DREAMPlace - iteration  155, ( 155,  0,  0), Obj 3.496484E+07, DensityWeight 1.791007E-09, wHPWL 7.732375E+07, Overflow 8.191451E-01, MaxDensity 8.677E+01, gamma 6.715610E+02, time 0.777ms
[INFO   ] DREAMPlace - full step 3.617 ms
[INFO   ] DREAMPlace - optimizer step 2.372 ms
[INFO   ] DREAMPlace - iteration  156, ( 156,  0,  0), Obj 3.483354E+07, DensityWeight 1.786529E-09, wHPWL 7.752488E+07, Overflow 8.164244E-01, MaxDensity 7.884E+01, gamma 6.618133E+02, time 0.726ms
[INFO   ] DREAMPlace - full step 3.591 ms
[INFO   ] DREAMPlace - optimizer step 2.781 ms
[INFO   ] DREAMPlace - iteration  157, ( 157,  0,  0), Obj 3.477704E+07, DensityWeight 1.823992E-09, wHPWL 7.786770E+07, Overflow 8.141404E-01, MaxDensity 7.811E+01, gamma 6.526635E+02, time 2.029ms
[INFO   ] DREAMPlace - full step 5.325 ms
[INFO   ] DREAMPlace - optimizer step 2.328 ms
[INFO   ] DREAMPlace - iteration  158, ( 158,  0,  0), Obj 3.462094E+07, DensityWeight 1.825817E-09, wHPWL 7.796293E+07, Overflow 8.121288E-01, MaxDensity 7.565E+01, gamma 6.450804E+02, time 0.738ms
[INFO   ] DREAMPlace - full step 3.587 ms
[INFO   ] DREAMPlace - optimizer step 2.386 ms
[INFO   ] DREAMPlace - iteration  159, ( 159,  0,  0), Obj 3.447655E+07, DensityWeight 1.891828E-09, wHPWL 7.813924E+07, Overflow 8.102493E-01, MaxDensity 7.662E+01, gamma 6.384748E+02, time 0.773ms
[INFO   ] DREAMPlace - full step 3.640 ms
[INFO   ] DREAMPlace - plotting to gammalocal_results/gpos/bigblue1/plot/iter0160.png takes 2.137 seconds
[INFO   ] DREAMPlace - optimizer step 4.649 ms
[INFO   ] DREAMPlace - iteration  160, ( 160,  0,  0), Obj 3.437488E+07, DensityWeight 1.938192E-09, wHPWL 7.823534E+07, Overflow 8.081643E-01, MaxDensity 7.487E+01, gamma 6.323638E+02, time 0.731ms
[INFO   ] DREAMPlace - full step 2144.918 ms
[INFO   ] DREAMPlace - optimizer step 2.801 ms
[INFO   ] DREAMPlace - iteration  161, ( 161,  0,  0), Obj 3.423944E+07, DensityWeight 2.008022E-09, wHPWL 7.838188E+07, Overflow 8.063974E-01, MaxDensity 7.482E+01, gamma 6.256530E+02, time 0.942ms
[INFO   ] DREAMPlace - full step 4.342 ms
[INFO   ] DREAMPlace - optimizer step 2.950 ms
[INFO   ] DREAMPlace - iteration  162, ( 162,  0,  0), Obj 3.490097E+07, DensityWeight 2.065788E-09, wHPWL 7.850221E+07, Overflow 8.043881E-01, MaxDensity 7.071E+01, gamma 6.200223E+02, time 0.767ms
[INFO   ] DREAMPlace - full step 4.352 ms
[INFO   ] DREAMPlace - optimizer step 2.705 ms
[INFO   ] DREAMPlace - iteration  163, ( 163,  0,  0), Obj 3.499005E+07, DensityWeight 2.132997E-09, wHPWL 7.900126E+07, Overflow 8.006835E-01, MaxDensity 7.033E+01, gamma 6.136802E+02, time 0.910ms
[INFO   ] DREAMPlace - full step 4.160 ms
[INFO   ] DREAMPlace - optimizer step 2.762 ms
[INFO   ] DREAMPlace - iteration  164, ( 164,  0,  0), Obj 3.513207E+07, DensityWeight 2.127665E-09, wHPWL 7.944405E+07, Overflow 7.977535E-01, MaxDensity 7.484E+01, gamma 6.021568E+02, time 0.927ms
[INFO   ] DREAMPlace - full step 4.287 ms
[INFO   ] DREAMPlace - optimizer step 2.665 ms
[INFO   ] DREAMPlace - iteration  165, ( 165,  0,  0), Obj 3.510671E+07, DensityWeight 2.122345E-09, wHPWL 7.994758E+07, Overflow 7.951499E-01, MaxDensity 7.042E+01, gamma 5.931963E+02, time 0.885ms
[INFO   ] DREAMPlace - full step 4.079 ms
[INFO   ] DREAMPlace - optimizer step 2.702 ms
[INFO   ] DREAMPlace - iteration  166, ( 166,  0,  0), Obj 3.500809E+07, DensityWeight 2.117039E-09, wHPWL 8.015683E+07, Overflow 7.925832E-01, MaxDensity 6.532E+01, gamma 5.853461E+02, time 0.788ms
[INFO   ] DREAMPlace - full step 4.142 ms
[INFO   ] DREAMPlace - optimizer step 2.734 ms
[INFO   ] DREAMPlace - iteration  167, ( 167,  0,  0), Obj 3.481743E+07, DensityWeight 2.158988E-09, wHPWL 8.041685E+07, Overflow 7.901188E-01, MaxDensity 6.220E+01, gamma 5.777087E+02, time 0.919ms
[INFO   ] DREAMPlace - full step 4.361 ms
[INFO   ] DREAMPlace - optimizer step 2.388 ms
[INFO   ] DREAMPlace - iteration  168, ( 168,  0,  0), Obj 3.466491E+07, DensityWeight 2.186240E-09, wHPWL 8.054937E+07, Overflow 7.873834E-01, MaxDensity 5.609E+01, gamma 5.704695E+02, time 0.834ms
[INFO   ] DREAMPlace - full step 3.776 ms
[INFO   ] DREAMPlace - optimizer step 2.311 ms
[INFO   ] DREAMPlace - iteration  169, ( 169,  0,  0), Obj 3.447837E+07, DensityWeight 2.253534E-09, wHPWL 8.076588E+07, Overflow 7.851272E-01, MaxDensity 5.395E+01, gamma 5.625405E+02, time 0.737ms
[INFO   ] DREAMPlace - full step 3.530 ms
[INFO   ] DREAMPlace - optimizer step 2.319 ms
[INFO   ] DREAMPlace - iteration  170, ( 170,  0,  0), Obj 3.428053E+07, DensityWeight 2.295861E-09, wHPWL 8.079269E+07, Overflow 7.825748E-01, MaxDensity 5.624E+01, gamma 5.560835E+02, time 0.750ms
[INFO   ] DREAMPlace - full step 3.546 ms
[INFO   ] DREAMPlace - optimizer step 2.682 ms
[INFO   ] DREAMPlace - iteration  171, ( 171,  0,  0), Obj 3.418530E+07, DensityWeight 2.401662E-09, wHPWL 8.101363E+07, Overflow 7.796645E-01, MaxDensity 5.546E+01, gamma 5.488681E+02, time 0.726ms
[INFO   ] DREAMPlace - full step 4.003 ms
[INFO   ] DREAMPlace - optimizer step 2.652 ms
[INFO   ] DREAMPlace - iteration  172, ( 172,  0,  0), Obj 3.641912E+07, DensityWeight 2.445260E-09, wHPWL 8.105927E+07, Overflow 7.766286E-01, MaxDensity 5.226E+01, gamma 5.407550E+02, time 0.897ms
[INFO   ] DREAMPlace - full step 4.098 ms
[INFO   ] DREAMPlace - optimizer step 2.862 ms
[INFO   ] DREAMPlace - iteration  173, ( 173,  0,  0), Obj 3.651068E+07, DensityWeight 2.551239E-09, wHPWL 8.179846E+07, Overflow 7.727663E-01, MaxDensity 5.744E+01, gamma 5.324199E+02, time 0.792ms
[INFO   ] DREAMPlace - full step 4.360 ms
[INFO   ] DREAMPlace - optimizer step 2.667 ms
[INFO   ] DREAMPlace - iteration  174, ( 174,  0,  0), Obj 3.683645E+07, DensityWeight 2.544861E-09, wHPWL 8.259325E+07, Overflow 7.691883E-01, MaxDensity 5.604E+01, gamma 5.220010E+02, time 0.813ms
[INFO   ] DREAMPlace - full step 4.049 ms
[INFO   ] DREAMPlace - optimizer step 2.686 ms
[INFO   ] DREAMPlace - iteration  175, ( 175,  0,  0), Obj 3.664606E+07, DensityWeight 2.538499E-09, wHPWL 8.301098E+07, Overflow 7.666331E-01, MaxDensity 5.124E+01, gamma 5.125312E+02, time 0.898ms
[INFO   ] DREAMPlace - full step 4.125 ms
[INFO   ] DREAMPlace - optimizer step 2.903 ms
[INFO   ] DREAMPlace - iteration  176, ( 176,  0,  0), Obj 3.655474E+07, DensityWeight 2.532152E-09, wHPWL 8.327680E+07, Overflow 7.640228E-01, MaxDensity 4.455E+01, gamma 5.058736E+02, time 0.789ms
[INFO   ] DREAMPlace - full step 4.404 ms
[INFO   ] DREAMPlace - optimizer step 71.379 ms
[INFO   ] DREAMPlace - iteration  177, ( 177,  0,  0), Obj 3.625650E+07, DensityWeight 2.562040E-09, wHPWL 8.334148E+07, Overflow 7.620409E-01, MaxDensity 4.478E+01, gamma 4.991617E+02, time 0.848ms
[INFO   ] DREAMPlace - full step 72.846 ms
[INFO   ] DREAMPlace - optimizer step 2.829 ms
[INFO   ] DREAMPlace - iteration  178, ( 178,  0,  0), Obj 3.605031E+07, DensityWeight 2.665996E-09, wHPWL 8.329370E+07, Overflow 7.600077E-01, MaxDensity 4.165E+01, gamma 4.941251E+02, time 0.995ms
[INFO   ] DREAMPlace - full step 4.447 ms
[INFO   ] DREAMPlace - optimizer step 2.952 ms
[INFO   ] DREAMPlace - iteration  179, ( 179,  0,  0), Obj 3.577902E+07, DensityWeight 2.749631E-09, wHPWL 8.325605E+07, Overflow 7.577413E-01, MaxDensity 3.998E+01, gamma 4.890114E+02, time 0.813ms
[INFO   ] DREAMPlace - full step 4.510 ms
[INFO   ] DREAMPlace - optimizer step 2.736 ms
[INFO   ] DREAMPlace - iteration  180, ( 180,  0,  0), Obj 3.559926E+07, DensityWeight 2.835607E-09, wHPWL 8.317818E+07, Overflow 7.561297E-01, MaxDensity 3.938E+01, gamma 4.833733E+02, time 0.880ms
[INFO   ] DREAMPlace - full step 4.183 ms
[INFO   ] DREAMPlace - optimizer step 2.695 ms
[INFO   ] DREAMPlace - iteration  181, ( 181,  0,  0), Obj 3.540305E+07, DensityWeight 2.923979E-09, wHPWL 8.322700E+07, Overflow 7.539195E-01, MaxDensity 3.772E+01, gamma 4.794037E+02, time 0.894ms
[INFO   ] DREAMPlace - full step 4.123 ms
[INFO   ] DREAMPlace - optimizer step 2.472 ms
[INFO   ] DREAMPlace - iteration  182, ( 182,  0,  0), Obj 3.753124E+07, DensityWeight 3.049356E-09, wHPWL 8.327319E+07, Overflow 7.520577E-01, MaxDensity 3.497E+01, gamma 4.740123E+02, time 0.745ms
[INFO   ] DREAMPlace - full step 3.747 ms
[INFO   ] DREAMPlace - optimizer step 2.696 ms
[INFO   ] DREAMPlace - iteration  183, ( 183,  0,  0), Obj 3.756763E+07, DensityWeight 3.181272E-09, wHPWL 8.384918E+07, Overflow 7.486042E-01, MaxDensity 3.399E+01, gamma 4.695182E+02, time 0.802ms
[INFO   ] DREAMPlace - full step 4.081 ms
[INFO   ] DREAMPlace - optimizer step 2.672 ms
[INFO   ] DREAMPlace - iteration  184, ( 184,  0,  0), Obj 3.777593E+07, DensityWeight 3.173319E-09, wHPWL 8.440203E+07, Overflow 7.453088E-01, MaxDensity 4.398E+01, gamma 4.612940E+02, time 0.854ms
[INFO   ] DREAMPlace - full step 4.084 ms
[INFO   ] DREAMPlace - optimizer step 2.781 ms
[INFO   ] DREAMPlace - iteration  185, ( 185,  0,  0), Obj 3.774456E+07, DensityWeight 3.165385E-09, wHPWL 8.504098E+07, Overflow 7.428802E-01, MaxDensity 4.414E+01, gamma 4.535809E+02, time 0.751ms
[INFO   ] DREAMPlace - full step 4.158 ms
[INFO   ] DREAMPlace - optimizer step 2.717 ms
[INFO   ] DREAMPlace - iteration  186, ( 186,  0,  0), Obj 3.746945E+07, DensityWeight 3.157472E-09, wHPWL 8.508965E+07, Overflow 7.405950E-01, MaxDensity 5.518E+01, gamma 4.479792E+02, time 0.882ms
[INFO   ] DREAMPlace - full step 4.172 ms
[INFO   ] DREAMPlace - optimizer step 2.650 ms
[INFO   ] DREAMPlace - iteration  187, ( 187,  0,  0), Obj 3.711438E+07, DensityWeight 3.292927E-09, wHPWL 8.519049E+07, Overflow 7.384115E-01, MaxDensity 4.707E+01, gamma 4.427714E+02, time 0.870ms
[INFO   ] DREAMPlace - full step 4.093 ms
[INFO   ] DREAMPlace - optimizer step 2.665 ms
[INFO   ] DREAMPlace - iteration  188, ( 188,  0,  0), Obj 3.681244E+07, DensityWeight 3.409309E-09, wHPWL 8.507272E+07, Overflow 7.367008E-01, MaxDensity 6.332E+01, gamma 4.378521E+02, time 0.816ms
[INFO   ] DREAMPlace - full step 4.061 ms
[INFO   ] DREAMPlace - optimizer step 2.871 ms
[INFO   ] DREAMPlace - iteration  189, ( 189,  0,  0), Obj 3.642443E+07, DensityWeight 3.512749E-09, wHPWL 8.500982E+07, Overflow 7.354384E-01, MaxDensity 6.221E+01, gamma 4.340362E+02, time 0.796ms
[INFO   ] DREAMPlace - full step 4.324 ms
[INFO   ] DREAMPlace - optimizer step 2.643 ms
[INFO   ] DREAMPlace - iteration  190, ( 190,  0,  0), Obj 3.621986E+07, DensityWeight 3.618965E-09, wHPWL 8.494845E+07, Overflow 7.336463E-01, MaxDensity 6.932E+01, gamma 4.312415E+02, time 0.908ms
[INFO   ] DREAMPlace - full step 4.104 ms
[INFO   ] DREAMPlace - optimizer step 2.664 ms
[INFO   ] DREAMPlace - iteration  191, ( 191,  0,  0), Obj 3.595895E+07, DensityWeight 3.728020E-09, wHPWL 8.493823E+07, Overflow 7.322220E-01, MaxDensity 7.015E+01, gamma 4.273051E+02, time 0.904ms
[INFO   ] DREAMPlace - full step 4.149 ms
[INFO   ] DREAMPlace - optimizer step 2.862 ms
[INFO   ] DREAMPlace - iteration  192, ( 192,  0,  0), Obj 3.954261E+07, DensityWeight 3.839978E-09, wHPWL 8.494858E+07, Overflow 7.303504E-01, MaxDensity 7.855E+01, gamma 4.242022E+02, time 0.763ms
[INFO   ] DREAMPlace - full step 4.329 ms
[INFO   ] DREAMPlace - optimizer step 2.691 ms
[INFO   ] DREAMPlace - iteration  193, ( 193,  0,  0), Obj 3.980474E+07, DensityWeight 4.026162E-09, wHPWL 8.569078E+07, Overflow 7.274120E-01, MaxDensity 8.008E+01, gamma 4.201592E+02, time 0.873ms
[INFO   ] DREAMPlace - full step 4.104 ms
[INFO   ] DREAMPlace - optimizer step 2.638 ms
[INFO   ] DREAMPlace - iteration  194, ( 194,  0,  0), Obj 3.971982E+07, DensityWeight 4.016096E-09, wHPWL 8.582904E+07, Overflow 7.260408E-01, MaxDensity 6.533E+01, gamma 4.138891E+02, time 0.754ms
[INFO   ] DREAMPlace - full step 4.003 ms
[INFO   ] DREAMPlace - optimizer step 2.777 ms
[INFO   ] DREAMPlace - iteration  195, ( 195,  0,  0), Obj 3.966168E+07, DensityWeight 4.136402E-09, wHPWL 8.618913E+07, Overflow 7.248510E-01, MaxDensity 7.523E+01, gamma 4.109953E+02, time 0.859ms
[INFO   ] DREAMPlace - full step 4.277 ms
[INFO   ] DREAMPlace - optimizer step 2.715 ms
[INFO   ] DREAMPlace - iteration  196, ( 196,  0,  0), Obj 3.937283E+07, DensityWeight 4.130590E-09, wHPWL 8.612362E+07, Overflow 7.249098E-01, MaxDensity 6.586E+01, gamma 4.085009E+02, time 0.882ms
[INFO   ] DREAMPlace - full step 4.153 ms
[INFO   ] DREAMPlace - optimizer step 2.844 ms
[INFO   ] DREAMPlace - iteration  197, ( 197,  0,  0), Obj 3.895724E+07, DensityWeight 4.252510E-09, wHPWL 8.601394E+07, Overflow 7.244221E-01, MaxDensity 6.366E+01, gamma 4.086238E+02, time 0.889ms
[INFO   ] DREAMPlace - full step 4.342 ms
[INFO   ] DREAMPlace - optimizer step 2.674 ms
[INFO   ] DREAMPlace - iteration  198, ( 198,  0,  0), Obj 3.868684E+07, DensityWeight 4.377591E-09, wHPWL 8.588178E+07, Overflow 7.242098E-01, MaxDensity 5.290E+01, gamma 4.076053E+02, time 0.938ms
[INFO   ] DREAMPlace - full step 4.147 ms
[INFO   ] DREAMPlace - optimizer step 2.773 ms
[INFO   ] DREAMPlace - iteration  199, ( 199,  0,  0), Obj 3.826230E+07, DensityWeight 4.505900E-09, wHPWL 8.567275E+07, Overflow 7.241815E-01, MaxDensity 5.848E+01, gamma 4.071628E+02, time 0.796ms
[INFO   ] DREAMPlace - full step 4.168 ms
[INFO   ] DREAMPlace - plotting to gammalocal_results/gpos/bigblue1/plot/iter0200.png takes 2.197 seconds
[INFO   ] DREAMPlace - optimizer step 4.272 ms
[INFO   ] DREAMPlace - iteration  200, ( 200,  0,  0), Obj 3.803032E+07, DensityWeight 4.637506E-09, wHPWL 8.551218E+07, Overflow 7.233382E-01, MaxDensity 4.922E+01, gamma 4.071039E+02, time 0.841ms
[INFO   ] DREAMPlace - full step 2204.116 ms
[INFO   ] DREAMPlace - optimizer step 2.466 ms
[INFO   ] DREAMPlace - iteration  201, ( 201,  0,  0), Obj 3.773277E+07, DensityWeight 4.772480E-09, wHPWL 8.537294E+07, Overflow 7.234684E-01, MaxDensity 4.309E+01, gamma 4.053510E+02, time 0.785ms
[INFO   ] DREAMPlace - full step 3.897 ms
[INFO   ] DREAMPlace - optimizer step 2.393 ms
[INFO   ] DREAMPlace - iteration  202, ( 202,  0,  0), Obj 3.822640E+07, DensityWeight 4.910890E-09, wHPWL 8.527126E+07, Overflow 7.228338E-01, MaxDensity 4.336E+01, gamma 4.056211E+02, time 0.749ms
[INFO   ] DREAMPlace - full step 3.671 ms
[INFO   ] DREAMPlace - optimizer step 2.362 ms
[INFO   ] DREAMPlace - iteration  203, ( 203,  0,  0), Obj 3.883848E+07, DensityWeight 5.053306E-09, wHPWL 8.685763E+07, Overflow 7.197465E-01, MaxDensity 4.316E+01, gamma 4.043059E+02, time 0.745ms
[INFO   ] DREAMPlace - full step 3.592 ms
[INFO   ] DREAMPlace - optimizer step 2.344 ms
[INFO   ] DREAMPlace - iteration  204, ( 204,  0,  0), Obj 3.885263E+07, DensityWeight 5.040672E-09, wHPWL 8.736546E+07, Overflow 7.174509E-01, MaxDensity 3.711E+01, gamma 3.979692E+02, time 0.751ms
[INFO   ] DREAMPlace - full step 3.591 ms
[INFO   ] DREAMPlace - optimizer step 2.544 ms
[INFO   ] DREAMPlace - iteration  205, ( 205,  0,  0), Obj 3.866850E+07, DensityWeight 5.028070E-09, wHPWL 8.778722E+07, Overflow 7.151964E-01, MaxDensity 3.814E+01, gamma 3.933218E+02, time 0.725ms
[INFO   ] DREAMPlace - full step 3.752 ms
[INFO   ] DREAMPlace - optimizer step 2.487 ms
[INFO   ] DREAMPlace - iteration  206, ( 206,  0,  0), Obj 3.840308E+07, DensityWeight 5.015500E-09, wHPWL 8.785314E+07, Overflow 7.140843E-01, MaxDensity 3.850E+01, gamma 3.888109E+02, time 0.733ms
[INFO   ] DREAMPlace - full step 3.708 ms
[INFO   ] DREAMPlace - optimizer step 2.496 ms
[INFO   ] DREAMPlace - iteration  207, ( 207,  0,  0), Obj 3.798292E+07, DensityWeight 5.218097E-09, wHPWL 8.781085E+07, Overflow 7.130951E-01, MaxDensity 3.459E+01, gamma 3.866045E+02, time 0.740ms
[INFO   ] DREAMPlace - full step 3.719 ms
[INFO   ] DREAMPlace - optimizer step 2.438 ms
[INFO   ] DREAMPlace - iteration  208, ( 208,  0,  0), Obj 3.768281E+07, DensityWeight 5.369422E-09, wHPWL 8.773701E+07, Overflow 7.116870E-01, MaxDensity 3.787E+01, gamma 3.846527E+02, time 0.742ms
[INFO   ] DREAMPlace - full step 3.653 ms
[INFO   ] DREAMPlace - optimizer step 2.426 ms
[INFO   ] DREAMPlace - iteration  209, ( 209,  0,  0), Obj 3.736510E+07, DensityWeight 5.525136E-09, wHPWL 8.772568E+07, Overflow 7.111443E-01, MaxDensity 4.177E+01, gamma 3.818912E+02, time 0.729ms
[INFO   ] DREAMPlace - full step 3.639 ms
[INFO   ] DREAMPlace - optimizer step 2.355 ms
[INFO   ] DREAMPlace - iteration  210, ( 210,  0,  0), Obj 3.709498E+07, DensityWeight 5.685365E-09, wHPWL 8.765386E+07, Overflow 7.101590E-01, MaxDensity 4.057E+01, gamma 3.808322E+02, time 0.731ms
[INFO   ] DREAMPlace - full step 3.575 ms
[INFO   ] DREAMPlace - optimizer step 2.328 ms
[INFO   ] DREAMPlace - iteration  211, ( 211,  0,  0), Obj 3.683898E+07, DensityWeight 5.850241E-09, wHPWL 8.766167E+07, Overflow 7.090205E-01, MaxDensity 4.271E+01, gamma 3.789170E+02, time 0.712ms
[INFO   ] DREAMPlace - full step 3.523 ms
[INFO   ] DREAMPlace - optimizer step 2.306 ms
[INFO   ] DREAMPlace - iteration  212, ( 212,  0,  0), Obj 4.143200E+07, DensityWeight 6.136064E-09, wHPWL 8.765608E+07, Overflow 7.082324E-01, MaxDensity 4.539E+01, gamma 3.767160E+02, time 0.731ms
[INFO   ] DREAMPlace - full step 3.523 ms
[INFO   ] DREAMPlace - optimizer step 2.347 ms
[INFO   ] DREAMPlace - iteration  213, ( 213,  0,  0), Obj 4.139556E+07, DensityWeight 6.314010E-09, wHPWL 8.813754E+07, Overflow 7.059264E-01, MaxDensity 4.377E+01, gamma 3.752000E+02, time 0.710ms
[INFO   ] DREAMPlace - full step 3.531 ms
[INFO   ] DREAMPlace - optimizer step 2.334 ms
[INFO   ] DREAMPlace - iteration  214, ( 214,  0,  0), Obj 4.116376E+07, DensityWeight 6.298224E-09, wHPWL 8.820086E+07, Overflow 7.045068E-01, MaxDensity 4.158E+01, gamma 3.707988E+02, time 0.735ms
[INFO   ] DREAMPlace - full step 3.549 ms
[INFO   ] DREAMPlace - optimizer step 2.308 ms
[INFO   ] DREAMPlace - iteration  215, ( 215,  0,  0), Obj 4.094352E+07, DensityWeight 6.555019E-09, wHPWL 8.842175E+07, Overflow 7.038447E-01, MaxDensity 4.315E+01, gamma 3.681150E+02, time 0.712ms
[INFO   ] DREAMPlace - full step 3.504 ms
[INFO   ] DREAMPlace - optimizer step 2.303 ms
[INFO   ] DREAMPlace - iteration  216, ( 216,  0,  0), Obj 4.057656E+07, DensityWeight 6.674066E-09, wHPWL 8.826690E+07, Overflow 7.035578E-01, MaxDensity 4.642E+01, gamma 3.668700E+02, time 0.708ms
[INFO   ] DREAMPlace - full step 3.498 ms
[INFO   ] DREAMPlace - optimizer step 2.313 ms
[INFO   ] DREAMPlace - iteration  217, ( 217,  0,  0), Obj 4.015137E+07, DensityWeight 6.867614E-09, wHPWL 8.812922E+07, Overflow 7.046149E-01, MaxDensity 4.421E+01, gamma 3.663319E+02, time 0.722ms
[INFO   ] DREAMPlace - full step 3.503 ms
[INFO   ] DREAMPlace - optimizer step 2.315 ms
[INFO   ] DREAMPlace - iteration  218, ( 218,  0,  0), Obj 3.980484E+07, DensityWeight 7.066775E-09, wHPWL 8.791739E+07, Overflow 7.046596E-01, MaxDensity 4.896E+01, gamma 3.683188E+02, time 0.736ms
[INFO   ] DREAMPlace - full step 3.523 ms
[INFO   ] DREAMPlace - optimizer step 2.315 ms
[INFO   ] DREAMPlace - iteration  219, ( 219,  0,  0), Obj 3.947422E+07, DensityWeight 7.271712E-09, wHPWL 8.770809E+07, Overflow 7.049683E-01, MaxDensity 4.996E+01, gamma 3.684030E+02, time 0.718ms
[INFO   ] DREAMPlace - full step 3.507 ms
[INFO   ] DREAMPlace - optimizer step 2.325 ms
[INFO   ] DREAMPlace - iteration  220, ( 220,  0,  0), Obj 3.916559E+07, DensityWeight 7.482592E-09, wHPWL 8.743459E+07, Overflow 7.054321E-01, MaxDensity 5.242E+01, gamma 3.689854E+02, time 0.765ms
[INFO   ] DREAMPlace - full step 3.555 ms
[INFO   ] DREAMPlace - optimizer step 2.314 ms
[INFO   ] DREAMPlace - iteration  221, ( 221,  0,  0), Obj 3.887838E+07, DensityWeight 7.699588E-09, wHPWL 8.721709E+07, Overflow 7.055757E-01, MaxDensity 5.549E+01, gamma 3.698621E+02, time 0.719ms
[INFO   ] DREAMPlace - full step 3.494 ms
[INFO   ] DREAMPlace - optimizer step 2.316 ms
[INFO   ] DREAMPlace - iteration  222, ( 222,  0,  0), Obj 4.000990E+07, DensityWeight 7.922876E-09, wHPWL 8.700780E+07, Overflow 7.056404E-01, MaxDensity 5.388E+01, gamma 3.701340E+02, time 0.726ms
[INFO   ] DREAMPlace - full step 3.505 ms
[INFO   ] DREAMPlace - optimizer step 2.311 ms
[INFO   ] DREAMPlace - iteration  223, ( 223,  0,  0), Obj 3.984656E+07, DensityWeight 8.152639E-09, wHPWL 8.721504E+07, Overflow 7.042972E-01, MaxDensity 4.902E+01, gamma 3.702565E+02, time 0.710ms
[INFO   ] DREAMPlace - full step 3.488 ms
[INFO   ] DREAMPlace - optimizer step 2.322 ms
[INFO   ] DREAMPlace - iteration  224, ( 224,  0,  0), Obj 3.975042E+07, DensityWeight 8.316508E-09, wHPWL 8.737276E+07, Overflow 7.032535E-01, MaxDensity 4.266E+01, gamma 3.677205E+02, time 0.731ms
[INFO   ] DREAMPlace - full step 3.556 ms
[INFO   ] DREAMPlace - optimizer step 2.325 ms
[INFO   ] DREAMPlace - iteration  225, ( 225,  0,  0), Obj 3.938790E+07, DensityWeight 8.542438E-09, wHPWL 8.748579E+07, Overflow 7.030582E-01, MaxDensity 3.645E+01, gamma 3.657619E+02, time 0.763ms
[INFO   ] DREAMPlace - full step 3.580 ms
[INFO   ] DREAMPlace - optimizer step 2.435 ms
[INFO   ] DREAMPlace - iteration  226, ( 226,  0,  0), Obj 3.912748E+07, DensityWeight 8.829336E-09, wHPWL 8.747303E+07, Overflow 7.029963E-01, MaxDensity 3.623E+01, gamma 3.653968E+02, time 0.726ms
[INFO   ] DREAMPlace - full step 3.636 ms
[INFO   ] DREAMPlace - optimizer step 2.486 ms
[INFO   ] DREAMPlace - iteration  227, ( 227,  0,  0), Obj 3.871257E+07, DensityWeight 9.085388E-09, wHPWL 8.737088E+07, Overflow 7.032992E-01, MaxDensity 3.401E+01, gamma 3.652809E+02, time 0.719ms
[INFO   ] DREAMPlace - full step 3.662 ms
[INFO   ] DREAMPlace - optimizer step 2.414 ms
[INFO   ] DREAMPlace - iteration  228, ( 228,  0,  0), Obj 3.846802E+07, DensityWeight 9.348864E-09, wHPWL 8.731114E+07, Overflow 7.029125E-01, MaxDensity 3.390E+01, gamma 3.658474E+02, time 0.733ms
[INFO   ] DREAMPlace - full step 3.643 ms
[INFO   ] DREAMPlace - optimizer step 2.455 ms
[INFO   ] DREAMPlace - iteration  229, ( 229,  0,  0), Obj 3.809460E+07, DensityWeight 9.619981E-09, wHPWL 8.717331E+07, Overflow 7.033067E-01, MaxDensity 3.340E+01, gamma 3.651242E+02, time 0.724ms
[INFO   ] DREAMPlace - full step 3.647 ms
[INFO   ] DREAMPlace - optimizer step 2.383 ms
[INFO   ] DREAMPlace - iteration  230, ( 230,  0,  0), Obj 3.784138E+07, DensityWeight 9.898961E-09, wHPWL 8.704274E+07, Overflow 7.031366E-01, MaxDensity 3.329E+01, gamma 3.658616E+02, time 0.728ms
[INFO   ] DREAMPlace - full step 3.566 ms
[INFO   ] DREAMPlace - optimizer step 2.327 ms
[INFO   ] DREAMPlace - iteration  231, ( 231,  0,  0), Obj 3.759536E+07, DensityWeight 1.018603E-08, wHPWL 8.698761E+07, Overflow 7.032273E-01, MaxDensity 3.327E+01, gamma 3.655431E+02, time 0.717ms
[INFO   ] DREAMPlace - full step 3.514 ms
[INFO   ] DREAMPlace - optimizer step 2.315 ms
[INFO   ] DREAMPlace - iteration  232, ( 232,  0,  0), Obj 3.967670E+07, DensityWeight 1.048143E-08, wHPWL 8.686645E+07, Overflow 7.030653E-01, MaxDensity 3.181E+01, gamma 3.657130E+02, time 0.725ms
[INFO   ] DREAMPlace - full step 3.506 ms
[INFO   ] DREAMPlace - optimizer step 2.327 ms
[INFO   ] DREAMPlace - iteration  233, ( 233,  0,  0), Obj 3.955725E+07, DensityWeight 1.078539E-08, wHPWL 8.727699E+07, Overflow 7.019440E-01, MaxDensity 3.396E+01, gamma 3.654099E+02, time 0.720ms
[INFO   ] DREAMPlace - full step 3.525 ms
[INFO   ] DREAMPlace - optimizer step 2.361 ms
[INFO   ] DREAMPlace - iteration  234, ( 234,  0,  0), Obj 3.941065E+07, DensityWeight 1.075842E-08, wHPWL 8.750735E+07, Overflow 7.008570E-01, MaxDensity 3.809E+01, gamma 3.633193E+02, time 0.738ms
[INFO   ] DREAMPlace - full step 3.848 ms
[INFO   ] DREAMPlace - optimizer step 2.412 ms
[INFO   ] DREAMPlace - iteration  235, ( 235,  0,  0), Obj 3.905232E+07, DensityWeight 1.093936E-08, wHPWL 8.776939E+07, Overflow 7.006094E-01, MaxDensity 3.917E+01, gamma 3.613041E+02, time 1.395ms
[INFO   ] DREAMPlace - full step 4.601 ms
[INFO   ] DREAMPlace - optimizer step 2.413 ms
[INFO   ] DREAMPlace - iteration  236, ( 236,  0,  0), Obj 3.875722E+07, DensityWeight 1.107432E-08, wHPWL 8.791040E+07, Overflow 6.997794E-01, MaxDensity 3.472E+01, gamma 3.608467E+02, time 0.725ms
[INFO   ] DREAMPlace - full step 3.626 ms
[INFO   ] DREAMPlace - optimizer step 2.375 ms
[INFO   ] DREAMPlace - iteration  237, ( 237,  0,  0), Obj 3.829930E+07, DensityWeight 1.140170E-08, wHPWL 8.796600E+07, Overflow 7.001255E-01, MaxDensity 3.286E+01, gamma 3.593174E+02, time 0.748ms
[INFO   ] DREAMPlace - full step 3.618 ms
[INFO   ] DREAMPlace - optimizer step 2.460 ms
[INFO   ] DREAMPlace - iteration  238, ( 238,  0,  0), Obj 3.803568E+07, DensityWeight 1.187935E-08, wHPWL 8.804348E+07, Overflow 6.989315E-01, MaxDensity 3.520E+01, gamma 3.599542E+02, time 0.783ms
[INFO   ] DREAMPlace - full step 3.726 ms
[INFO   ] DREAMPlace - optimizer step 2.451 ms
[INFO   ] DREAMPlace - iteration  239, ( 239,  0,  0), Obj 3.766466E+07, DensityWeight 1.233932E-08, wHPWL 8.803107E+07, Overflow 6.991043E-01, MaxDensity 3.500E+01, gamma 3.577617E+02, time 0.724ms
[INFO   ] DREAMPlace - full step 3.636 ms
[INFO   ] DREAMPlace - plotting to gammalocal_results/gpos/bigblue1/plot/iter0240.png takes 2.104 seconds
[INFO   ] DREAMPlace - optimizer step 4.460 ms
[INFO   ] DREAMPlace - iteration  240, ( 240,  0,  0), Obj 3.741722E+07, DensityWeight 1.269716E-08, wHPWL 8.803832E+07, Overflow 6.981612E-01, MaxDensity 2.984E+01, gamma 3.580784E+02, time 0.732ms
[INFO   ] DREAMPlace - full step 2110.794 ms
[INFO   ] DREAMPlace - optimizer step 2.534 ms
[INFO   ] DREAMPlace - iteration  241, ( 241,  0,  0), Obj 3.712000E+07, DensityWeight 1.331856E-08, wHPWL 8.802750E+07, Overflow 6.975120E-01, MaxDensity 3.027E+01, gamma 3.563546E+02, time 0.816ms
[INFO   ] DREAMPlace - full step 3.940 ms
[INFO   ] DREAMPlace - optimizer step 2.365 ms
[INFO   ] DREAMPlace - iteration  242, ( 242,  0,  0), Obj 3.985369E+07, DensityWeight 1.370479E-08, wHPWL 8.803426E+07, Overflow 6.967294E-01, MaxDensity 3.084E+01, gamma 3.551728E+02, time 0.711ms
[INFO   ] DREAMPlace - full step 3.562 ms
[INFO   ] DREAMPlace - optimizer step 2.307 ms
[INFO   ] DREAMPlace - iteration  243, ( 243,  0,  0), Obj 3.960545E+07, DensityWeight 1.437648E-08, wHPWL 8.846341E+07, Overflow 6.947982E-01, MaxDensity 3.027E+01, gamma 3.537532E+02, time 0.714ms
[INFO   ] DREAMPlace - full step 3.499 ms
[INFO   ] DREAMPlace - optimizer step 2.381 ms
[INFO   ] DREAMPlace - iteration  244, ( 244,  0,  0), Obj 3.936547E+07, DensityWeight 1.434054E-08, wHPWL 8.864599E+07, Overflow 6.930917E-01, MaxDensity 2.849E+01, gamma 3.502747E+02, time 0.721ms
[INFO   ] DREAMPlace - full step 3.586 ms
[INFO   ] DREAMPlace - optimizer step 2.304 ms
[INFO   ] DREAMPlace - iteration  245, ( 245,  0,  0), Obj 3.901680E+07, DensityWeight 1.467915E-08, wHPWL 8.891630E+07, Overflow 6.919162E-01, MaxDensity 2.836E+01, gamma 3.472296E+02, time 0.713ms
[INFO   ] DREAMPlace - full step 3.498 ms
[INFO   ] DREAMPlace - optimizer step 2.257 ms
[INFO   ] DREAMPlace - iteration  246, ( 246,  0,  0), Obj 3.870500E+07, DensityWeight 1.484312E-08, wHPWL 8.901453E+07, Overflow 6.909998E-01, MaxDensity 2.895E+01, gamma 3.451472E+02, time 1.980ms
[INFO   ] DREAMPlace - full step 4.725 ms
[INFO   ] DREAMPlace - optimizer step 2.381 ms
[INFO   ] DREAMPlace - iteration  247, ( 247,  0,  0), Obj 3.834435E+07, DensityWeight 1.537333E-08, wHPWL 8.916513E+07, Overflow 6.901883E-01, MaxDensity 2.859E+01, gamma 3.435327E+02, time 2.140ms
[INFO   ] DREAMPlace - full step 5.690 ms
[INFO   ] DREAMPlace - optimizer step 2.405 ms
[INFO   ] DREAMPlace - iteration  248, ( 248,  0,  0), Obj 3.804267E+07, DensityWeight 1.580665E-08, wHPWL 8.917371E+07, Overflow 6.891425E-01, MaxDensity 2.790E+01, gamma 3.421093E+02, time 0.713ms
[INFO   ] DREAMPlace - full step 3.606 ms
[INFO   ] DREAMPlace - optimizer step 2.375 ms
[INFO   ] DREAMPlace - iteration  249, ( 249,  0,  0), Obj 3.772314E+07, DensityWeight 1.657713E-08, wHPWL 8.927306E+07, Overflow 6.877509E-01, MaxDensity 2.692E+01, gamma 3.402832E+02, time 0.721ms
[INFO   ] DREAMPlace - full step 3.569 ms
[INFO   ] DREAMPlace - optimizer step 2.686 ms
[INFO   ] DREAMPlace - iteration  250, ( 250,  0,  0), Obj 3.752253E+07, DensityWeight 1.716660E-08, wHPWL 8.933384E+07, Overflow 6.865928E-01, MaxDensity 2.716E+01, gamma 3.378689E+02, time 0.858ms
[INFO   ] DREAMPlace - full step 4.029 ms
[INFO   ] DREAMPlace - optimizer step 2.325 ms
[INFO   ] DREAMPlace - iteration  251, ( 251,  0,  0), Obj 3.722236E+07, DensityWeight 1.787284E-08, wHPWL 8.939041E+07, Overflow 6.852434E-01, MaxDensity 2.930E+01, gamma 3.358726E+02, time 0.712ms
[INFO   ] DREAMPlace - full step 3.513 ms
[INFO   ] DREAMPlace - optimizer step 2.276 ms
[INFO   ] DREAMPlace - iteration  252, ( 252,  0,  0), Obj 4.216954E+07, DensityWeight 1.861908E-08, wHPWL 8.944622E+07, Overflow 6.838206E-01, MaxDensity 3.130E+01, gamma 3.335615E+02, time 0.730ms
[INFO   ] DREAMPlace - full step 3.474 ms
[INFO   ] DREAMPlace - optimizer step 2.301 ms
[INFO   ] DREAMPlace - iteration  253, ( 253,  0,  0), Obj 4.209810E+07, DensityWeight 1.939853E-08, wHPWL 8.991156E+07, Overflow 6.820761E-01, MaxDensity 2.569E+01, gamma 3.311421E+02, time 0.716ms
[INFO   ] DREAMPlace - full step 3.480 ms
[INFO   ] DREAMPlace - optimizer step 2.289 ms
[INFO   ] DREAMPlace - iteration  254, ( 254,  0,  0), Obj 4.188765E+07, DensityWeight 1.935003E-08, wHPWL 8.998290E+07, Overflow 6.803941E-01, MaxDensity 2.790E+01, gamma 3.281993E+02, time 0.746ms
[INFO   ] DREAMPlace - full step 3.501 ms
[INFO   ] DREAMPlace - optimizer step 2.293 ms
[INFO   ] DREAMPlace - iteration  255, ( 255,  0,  0), Obj 4.153175E+07, DensityWeight 2.011649E-08, wHPWL 9.020434E+07, Overflow 6.788387E-01, MaxDensity 2.695E+01, gamma 3.253867E+02, time 0.718ms
[INFO   ] DREAMPlace - full step 3.488 ms
[INFO   ] DREAMPlace - optimizer step 2.305 ms
[INFO   ] DREAMPlace - iteration  256, ( 256,  0,  0), Obj 4.125455E+07, DensityWeight 2.048023E-08, wHPWL 9.021819E+07, Overflow 6.778131E-01, MaxDensity 2.746E+01, gamma 3.228073E+02, time 0.712ms
[INFO   ] DREAMPlace - full step 3.491 ms
[INFO   ] DREAMPlace - optimizer step 2.322 ms
[INFO   ] DREAMPlace - iteration  257, ( 257,  0,  0), Obj 4.084132E+07, DensityWeight 2.146277E-08, wHPWL 9.024502E+07, Overflow 6.769904E-01, MaxDensity 2.681E+01, gamma 3.211177E+02, time 0.715ms
[INFO   ] DREAMPlace - full step 3.505 ms
[INFO   ] DREAMPlace - optimizer step 2.296 ms
[INFO   ] DREAMPlace - iteration  258, ( 258,  0,  0), Obj 4.055516E+07, DensityWeight 2.245180E-08, wHPWL 9.019095E+07, Overflow 6.755093E-01, MaxDensity 2.996E+01, gamma 3.197687E+02, time 0.708ms
[INFO   ] DREAMPlace - full step 3.481 ms
[INFO   ] DREAMPlace - optimizer step 2.325 ms
[INFO   ] DREAMPlace - iteration  259, ( 259,  0,  0), Obj 4.023756E+07, DensityWeight 2.310290E-08, wHPWL 9.022621E+07, Overflow 6.751360E-01, MaxDensity 2.840E+01, gamma 3.173545E+02, time 0.711ms
[INFO   ] DREAMPlace - full step 3.509 ms
[INFO   ] DREAMPlace - optimizer step 2.278 ms
[INFO   ] DREAMPlace - iteration  260, ( 260,  0,  0), Obj 3.996693E+07, DensityWeight 2.413911E-08, wHPWL 9.016011E+07, Overflow 6.738099E-01, MaxDensity 2.842E+01, gamma 3.167488E+02, time 0.736ms
[INFO   ] DREAMPlace - full step 3.500 ms
[INFO   ] DREAMPlace - optimizer step 2.301 ms
[INFO   ] DREAMPlace - iteration  261, ( 261,  0,  0), Obj 3.971353E+07, DensityWeight 2.483915E-08, wHPWL 9.021002E+07, Overflow 6.726015E-01, MaxDensity 2.992E+01, gamma 3.146070E+02, time 0.745ms
[INFO   ] DREAMPlace - full step 3.515 ms
[INFO   ] DREAMPlace - optimizer step 2.264 ms
[INFO   ] DREAMPlace - iteration  262, ( 262,  0,  0), Obj 4.145345E+07, DensityWeight 2.590027E-08, wHPWL 9.028525E+07, Overflow 6.714202E-01, MaxDensity 2.825E+01, gamma 3.126677E+02, time 0.726ms
[INFO   ] DREAMPlace - full step 3.462 ms
[INFO   ] DREAMPlace - optimizer step 2.323 ms
[INFO   ] DREAMPlace - iteration  263, ( 263,  0,  0), Obj 4.145230E+07, DensityWeight 2.691159E-08, wHPWL 9.082614E+07, Overflow 6.683697E-01, MaxDensity 2.745E+01, gamma 3.107835E+02, time 0.714ms
[INFO   ] DREAMPlace - full step 3.515 ms
[INFO   ] DREAMPlace - optimizer step 2.272 ms
[INFO   ] DREAMPlace - iteration  264, ( 264,  0,  0), Obj 4.143500E+07, DensityWeight 2.684431E-08, wHPWL 9.119968E+07, Overflow 6.655302E-01, MaxDensity 2.421E+01, gamma 3.059701E+02, time 0.723ms
[INFO   ] DREAMPlace - full step 3.461 ms
[INFO   ] DREAMPlace - optimizer step 2.308 ms
[INFO   ] DREAMPlace - iteration  265, ( 265,  0,  0), Obj 4.123324E+07, DensityWeight 2.677720E-08, wHPWL 9.157907E+07, Overflow 6.628196E-01, MaxDensity 2.402E+01, gamma 3.015567E+02, time 0.704ms
[INFO   ] DREAMPlace - full step 3.483 ms
[INFO   ] DREAMPlace - optimizer step 2.297 ms
[INFO   ] DREAMPlace - iteration  266, ( 266,  0,  0), Obj 4.102029E+07, DensityWeight 2.671026E-08, wHPWL 9.174342E+07, Overflow 6.600590E-01, MaxDensity 2.688E+01, gamma 2.974030E+02, time 0.731ms
[INFO   ] DREAMPlace - full step 3.502 ms
[INFO   ] DREAMPlace - optimizer step 2.304 ms
[INFO   ] DREAMPlace - iteration  267, ( 267,  0,  0), Obj 4.069437E+07, DensityWeight 2.741052E-08, wHPWL 9.185070E+07, Overflow 6.576422E-01, MaxDensity 2.824E+01, gamma 2.932316E+02, time 0.695ms
[INFO   ] DREAMPlace - full step 3.475 ms
[INFO   ] DREAMPlace - optimizer step 2.290 ms
[INFO   ] DREAMPlace - iteration  268, ( 268,  0,  0), Obj 4.047624E+07, DensityWeight 2.835386E-08, wHPWL 9.191963E+07, Overflow 6.555277E-01, MaxDensity 2.744E+01, gamma 2.896277E+02, time 5.129ms
[INFO   ] DREAMPlace - full step 7.901 ms
[INFO   ] DREAMPlace - optimizer step 2.318 ms
[INFO   ] DREAMPlace - iteration  269, ( 269,  0,  0), Obj 4.022957E+07, DensityWeight 2.948683E-08, wHPWL 9.200302E+07, Overflow 6.533106E-01, MaxDensity 3.078E+01, gamma 2.865110E+02, time 0.702ms
[INFO   ] DREAMPlace - full step 3.491 ms
[INFO   ] DREAMPlace - optimizer step 2.313 ms
[INFO   ] DREAMPlace - iteration  270, ( 270,  0,  0), Obj 4.007346E+07, DensityWeight 3.060337E-08, wHPWL 9.207216E+07, Overflow 6.507385E-01, MaxDensity 3.108E+01, gamma 2.832789E+02, time 1.297ms
[INFO   ] DREAMPlace - full step 4.096 ms
[INFO   ] DREAMPlace - optimizer step 2.286 ms
[INFO   ] DREAMPlace - iteration  271, ( 271,  0,  0), Obj 3.982733E+07, DensityWeight 3.182530E-08, wHPWL 9.211667E+07, Overflow 6.485398E-01, MaxDensity 3.193E+01, gamma 2.795751E+02, time 0.864ms
[INFO   ] DREAMPlace - full step 3.629 ms
[INFO   ] DREAMPlace - optimizer step 6.989 ms
[INFO   ] DREAMPlace - iteration  272, ( 272,  0,  0), Obj 4.450379E+07, DensityWeight 3.320985E-08, wHPWL 9.220495E+07, Overflow 6.456603E-01, MaxDensity 2.991E+01, gamma 2.764474E+02, time 0.720ms
[INFO   ] DREAMPlace - full step 8.206 ms
[INFO   ] DREAMPlace - optimizer step 2.368 ms
[INFO   ] DREAMPlace - iteration  273, ( 273,  0,  0), Obj 4.427380E+07, DensityWeight 3.444385E-08, wHPWL 9.226904E+07, Overflow 6.430205E-01, MaxDensity 3.199E+01, gamma 2.724041E+02, time 2.427ms
[INFO   ] DREAMPlace - full step 5.268 ms
[INFO   ] DREAMPlace - optimizer step 2.426 ms
[INFO   ] DREAMPlace - iteration  274, ( 274,  0,  0), Obj 4.408724E+07, DensityWeight 3.584438E-08, wHPWL 9.231134E+07, Overflow 6.412777E-01, MaxDensity 3.382E+01, gamma 2.687494E+02, time 0.827ms
[INFO   ] DREAMPlace - full step 3.721 ms
[INFO   ] DREAMPlace - optimizer step 2.305 ms
[INFO   ] DREAMPlace - iteration  275, ( 275,  0,  0), Obj 4.375257E+07, DensityWeight 3.741530E-08, wHPWL 9.255339E+07, Overflow 6.393601E-01, MaxDensity 3.350E+01, gamma 2.663634E+02, time 0.722ms
[INFO   ] DREAMPlace - full step 3.500 ms
[INFO   ] DREAMPlace - optimizer step 2.643 ms
[INFO   ] DREAMPlace - iteration  276, ( 276,  0,  0), Obj 4.345784E+07, DensityWeight 3.798261E-08, wHPWL 9.263442E+07, Overflow 6.377040E-01, MaxDensity 3.335E+01, gamma 2.637626E+02, time 0.713ms
[INFO   ] DREAMPlace - full step 3.836 ms
[INFO   ] DREAMPlace - optimizer step 2.280 ms
[INFO   ] DREAMPlace - iteration  277, ( 277,  0,  0), Obj 4.308576E+07, DensityWeight 3.943377E-08, wHPWL 9.270491E+07, Overflow 6.363308E-01, MaxDensity 3.575E+01, gamma 2.615368E+02, time 0.706ms
[INFO   ] DREAMPlace - full step 3.464 ms
[INFO   ] DREAMPlace - optimizer step 2.312 ms
[INFO   ] DREAMPlace - iteration  278, ( 278,  0,  0), Obj 4.283322E+07, DensityWeight 4.100060E-08, wHPWL 9.274357E+07, Overflow 6.345580E-01, MaxDensity 3.660E+01, gamma 2.597056E+02, time 0.716ms
[INFO   ] DREAMPlace - full step 3.500 ms
[INFO   ] DREAMPlace - optimizer step 2.301 ms
[INFO   ] DREAMPlace - iteration  279, ( 279,  0,  0), Obj 4.248796E+07, DensityWeight 4.281926E-08, wHPWL 9.274558E+07, Overflow 6.330674E-01, MaxDensity 3.769E+01, gamma 2.573605E+02, time 0.718ms
[INFO   ] DREAMPlace - full step 3.492 ms
[INFO   ] DREAMPlace - plotting to gammalocal_results/gpos/bigblue1/plot/iter0280.png takes 2.105 seconds
[INFO   ] DREAMPlace - optimizer step 3.839 ms
[INFO   ] DREAMPlace - iteration  280, ( 280,  0,  0), Obj 4.226188E+07, DensityWeight 4.494759E-08, wHPWL 9.273918E+07, Overflow 6.317390E-01, MaxDensity 3.056E+01, gamma 2.554049E+02, time 0.722ms
[INFO   ] DREAMPlace - full step 2112.406 ms
[INFO   ] DREAMPlace - optimizer step 2.400 ms
[INFO   ] DREAMPlace - iteration  281, ( 281,  0,  0), Obj 4.198352E+07, DensityWeight 4.625107E-08, wHPWL 9.272423E+07, Overflow 6.297421E-01, MaxDensity 3.515E+01, gamma 2.536749E+02, time 0.759ms
[INFO   ] DREAMPlace - full step 3.702 ms
[INFO   ] DREAMPlace - optimizer step 2.347 ms
[INFO   ] DREAMPlace - iteration  282, ( 282,  0,  0), Obj 4.444834E+07, DensityWeight 4.759236E-08, wHPWL 9.272970E+07, Overflow 6.280146E-01, MaxDensity 3.756E+01, gamma 2.510961E+02, time 0.718ms
[INFO   ] DREAMPlace - full step 3.539 ms
[INFO   ] DREAMPlace - optimizer step 2.347 ms
[INFO   ] DREAMPlace - iteration  283, ( 283,  0,  0), Obj 4.463420E+07, DensityWeight 4.993392E-08, wHPWL 9.341062E+07, Overflow 6.239905E-01, MaxDensity 3.219E+01, gamma 2.488863E+02, time 0.738ms
[INFO   ] DREAMPlace - full step 3.556 ms
[INFO   ] DREAMPlace - optimizer step 2.309 ms
[INFO   ] DREAMPlace - iteration  284, ( 284,  0,  0), Obj 4.435656E+07, DensityWeight 4.980908E-08, wHPWL 9.329555E+07, Overflow 6.218494E-01, MaxDensity 2.775E+01, gamma 2.438139E+02, time 0.736ms
[INFO   ] DREAMPlace - full step 3.514 ms
[INFO   ] DREAMPlace - optimizer step 2.350 ms
[INFO   ] DREAMPlace - iteration  285, ( 285,  0,  0), Obj 4.416207E+07, DensityWeight 5.125355E-08, wHPWL 9.352869E+07, Overflow 6.192870E-01, MaxDensity 2.744E+01, gamma 2.411573E+02, time 0.730ms
[INFO   ] DREAMPlace - full step 3.550 ms
[INFO   ] DREAMPlace - optimizer step 2.340 ms
[INFO   ] DREAMPlace - iteration  286, ( 286,  0,  0), Obj 4.395893E+07, DensityWeight 5.209535E-08, wHPWL 9.363262E+07, Overflow 6.175365E-01, MaxDensity 2.239E+01, gamma 2.380160E+02, time 0.728ms
[INFO   ] DREAMPlace - full step 3.548 ms
[INFO   ] DREAMPlace - optimizer step 4.621 ms
[INFO   ] DREAMPlace - iteration  287, ( 287,  0,  0), Obj 4.350379E+07, DensityWeight 5.391335E-08, wHPWL 9.355771E+07, Overflow 6.161937E-01, MaxDensity 2.197E+01, gamma 2.358936E+02, time 0.707ms
[INFO   ] DREAMPlace - full step 5.797 ms
[INFO   ] DREAMPlace - optimizer step 2.320 ms
[INFO   ] DREAMPlace - iteration  288, ( 288,  0,  0), Obj 4.332302E+07, DensityWeight 5.547684E-08, wHPWL 9.360938E+07, Overflow 6.140475E-01, MaxDensity 2.043E+01, gamma 2.342784E+02, time 0.706ms
[INFO   ] DREAMPlace - full step 3.501 ms
[INFO   ] DREAMPlace - optimizer step 2.300 ms
[INFO   ] DREAMPlace - iteration  289, ( 289,  0,  0), Obj 4.295965E+07, DensityWeight 5.783267E-08, wHPWL 9.351107E+07, Overflow 6.128759E-01, MaxDensity 1.987E+01, gamma 2.317197E+02, time 0.703ms
[INFO   ] DREAMPlace - full step 3.473 ms
[INFO   ] DREAMPlace - optimizer step 2.315 ms
[INFO   ] DREAMPlace - iteration  290, ( 290,  0,  0), Obj 4.271296E+07, DensityWeight 5.950982E-08, wHPWL 9.340243E+07, Overflow 6.110486E-01, MaxDensity 2.074E+01, gamma 2.303347E+02, time 0.712ms
[INFO   ] DREAMPlace - full step 3.511 ms
[INFO   ] DREAMPlace - optimizer step 2.320 ms
[INFO   ] DREAMPlace - iteration  291, ( 291,  0,  0), Obj 4.244145E+07, DensityWeight 6.123561E-08, wHPWL 9.330858E+07, Overflow 6.099091E-01, MaxDensity 1.967E+01, gamma 2.281912E+02, time 0.727ms
[INFO   ] DREAMPlace - full step 3.531 ms
[INFO   ] DREAMPlace - optimizer step 2.262 ms
[INFO   ] DREAMPlace - iteration  292, ( 292,  0,  0), Obj 4.629051E+07, DensityWeight 6.301145E-08, wHPWL 9.323866E+07, Overflow 6.076065E-01, MaxDensity 2.023E+01, gamma 2.268644E+02, time 0.706ms
[INFO   ] DREAMPlace - full step 3.448 ms
[INFO   ] DREAMPlace - optimizer step 2.300 ms
[INFO   ] DREAMPlace - iteration  293, ( 293,  0,  0), Obj 4.655532E+07, DensityWeight 6.483879E-08, wHPWL 9.411109E+07, Overflow 6.045290E-01, MaxDensity 1.925E+01, gamma 2.242072E+02, time 0.712ms
[INFO   ] DREAMPlace - full step 3.483 ms
[INFO   ] DREAMPlace - optimizer step 2.282 ms
[INFO   ] DREAMPlace - iteration  294, ( 294,  0,  0), Obj 4.630462E+07, DensityWeight 6.467668E-08, wHPWL 9.416072E+07, Overflow 6.024223E-01, MaxDensity 2.255E+01, gamma 2.207042E+02, time 0.710ms
[INFO   ] DREAMPlace - full step 3.473 ms
[INFO   ] DREAMPlace - optimizer step 2.314 ms
[INFO   ] DREAMPlace - iteration  295, ( 295,  0,  0), Obj 4.591581E+07, DensityWeight 6.744228E-08, wHPWL 9.428270E+07, Overflow 6.002291E-01, MaxDensity 2.649E+01, gamma 2.183379E+02, time 0.741ms
[INFO   ] DREAMPlace - full step 3.530 ms
[INFO   ] DREAMPlace - optimizer step 2.302 ms
[INFO   ] DREAMPlace - iteration  296, ( 296,  0,  0), Obj 4.560410E+07, DensityWeight 6.962040E-08, wHPWL 9.425424E+07, Overflow 5.983593E-01, MaxDensity 2.738E+01, gamma 2.159014E+02, time 0.718ms
[INFO   ] DREAMPlace - full step 3.500 ms
[INFO   ] DREAMPlace - optimizer step 16.267 ms
[INFO   ] DREAMPlace - iteration  297, ( 297,  0,  0), Obj 4.508976E+07, DensityWeight 7.163939E-08, wHPWL 9.415134E+07, Overflow 5.971887E-01, MaxDensity 2.663E+01, gamma 2.138456E+02, time 8.858ms
[INFO   ] DREAMPlace - full step 25.601 ms
[INFO   ] DREAMPlace - optimizer step 5.324 ms
[INFO   ] DREAMPlace - iteration  298, ( 298,  0,  0), Obj 4.474114E+07, DensityWeight 7.371694E-08, wHPWL 9.405470E+07, Overflow 5.952487E-01, MaxDensity 2.666E+01, gamma 2.125685E+02, time 7.465ms
[INFO   ] DREAMPlace - full step 13.266 ms
[INFO   ] DREAMPlace - optimizer step 14.418 ms
[INFO   ] DREAMPlace - iteration  299, ( 299,  0,  0), Obj 4.436182E+07, DensityWeight 7.585474E-08, wHPWL 9.400497E+07, Overflow 5.944195E-01, MaxDensity 2.512E+01, gamma 2.104689E+02, time 8.071ms
[INFO   ] DREAMPlace - full step 22.978 ms
[INFO   ] DREAMPlace - optimizer step 4.983 ms
[INFO   ] DREAMPlace - iteration  300, ( 300,  0,  0), Obj 4.400271E+07, DensityWeight 7.805453E-08, wHPWL 9.386413E+07, Overflow 5.922229E-01, MaxDensity 2.571E+01, gamma 2.095777E+02, time 0.716ms
[INFO   ] DREAMPlace - full step 6.186 ms
[INFO   ] DREAMPlace - optimizer step 2.645 ms
[INFO   ] DREAMPlace - iteration  301, ( 301,  0,  0), Obj 4.368694E+07, DensityWeight 8.031811E-08, wHPWL 9.382835E+07, Overflow 5.913963E-01, MaxDensity 2.483E+01, gamma 2.072354E+02, time 0.883ms
[INFO   ] DREAMPlace - full step 4.008 ms
[INFO   ] DREAMPlace - optimizer step 2.295 ms
[INFO   ] DREAMPlace - iteration  302, ( 302,  0,  0), Obj 4.760262E+07, DensityWeight 8.264734E-08, wHPWL 9.378407E+07, Overflow 5.901659E-01, MaxDensity 2.262E+01, gamma 2.063607E+02, time 0.719ms
[INFO   ] DREAMPlace - full step 3.479 ms
[INFO   ] DREAMPlace - optimizer step 2.323 ms
[INFO   ] DREAMPlace - iteration  303, ( 303,  0,  0), Obj 4.744069E+07, DensityWeight 8.504411E-08, wHPWL 9.427204E+07, Overflow 5.877178E-01, MaxDensity 2.792E+01, gamma 2.050656E+02, time 0.699ms
[INFO   ] DREAMPlace - full step 3.495 ms
[INFO   ] DREAMPlace - optimizer step 2.299 ms
[INFO   ] DREAMPlace - iteration  304, ( 304,  0,  0), Obj 4.706904E+07, DensityWeight 8.483150E-08, wHPWL 9.441264E+07, Overflow 5.860369E-01, MaxDensity 2.899E+01, gamma 2.025128E+02, time 0.712ms
[INFO   ] DREAMPlace - full step 3.488 ms
[INFO   ] DREAMPlace - optimizer step 2.370 ms
[INFO   ] DREAMPlace - iteration  305, ( 305,  0,  0), Obj 4.660404E+07, DensityWeight 8.734426E-08, wHPWL 9.466803E+07, Overflow 5.845758E-01, MaxDensity 2.425E+01, gamma 2.007785E+02, time 0.732ms
[INFO   ] DREAMPlace - full step 3.573 ms
[INFO   ] DREAMPlace - optimizer step 2.298 ms
[INFO   ] DREAMPlace - iteration  306, ( 306,  0,  0), Obj 4.620802E+07, DensityWeight 8.850382E-08, wHPWL 9.481518E+07, Overflow 5.842867E-01, MaxDensity 2.349E+01, gamma 1.992830E+02, time 0.725ms
[INFO   ] DREAMPlace - full step 3.490 ms
[INFO   ] DREAMPlace - optimizer step 2.361 ms
[INFO   ] DREAMPlace - iteration  307, ( 307,  0,  0), Obj 4.567792E+07, DensityWeight 9.104217E-08, wHPWL 9.484749E+07, Overflow 5.831252E-01, MaxDensity 2.300E+01, gamma 1.989884E+02, time 0.712ms
[INFO   ] DREAMPlace - full step 3.567 ms
[INFO   ] DREAMPlace - optimizer step 2.504 ms
[INFO   ] DREAMPlace - iteration  308, ( 308,  0,  0), Obj 4.534354E+07, DensityWeight 9.516477E-08, wHPWL 9.492522E+07, Overflow 5.827006E-01, MaxDensity 2.454E+01, gamma 1.978094E+02, time 0.729ms
[INFO   ] DREAMPlace - full step 3.709 ms
[INFO   ] DREAMPlace - optimizer step 2.310 ms
[INFO   ] DREAMPlace - iteration  309, ( 309,  0,  0), Obj 4.490164E+07, DensityWeight 9.884615E-08, wHPWL 9.488886E+07, Overflow 5.820492E-01, MaxDensity 2.900E+01, gamma 1.973799E+02, time 0.706ms
[INFO   ] DREAMPlace - full step 3.491 ms
[INFO   ] DREAMPlace - optimizer step 2.563 ms
[INFO   ] DREAMPlace - iteration  310, ( 310,  0,  0), Obj 4.456208E+07, DensityWeight 1.017127E-07, wHPWL 9.484299E+07, Overflow 5.809790E-01, MaxDensity 3.195E+01, gamma 1.967232E+02, time 0.715ms
[INFO   ] DREAMPlace - full step 3.742 ms
[INFO   ] DREAMPlace - optimizer step 2.340 ms
[INFO   ] DREAMPlace - iteration  311, ( 311,  0,  0), Obj 4.425350E+07, DensityWeight 1.046624E-07, wHPWL 9.486034E+07, Overflow 5.800864E-01, MaxDensity 3.096E+01, gamma 1.956489E+02, time 0.722ms
[INFO   ] DREAMPlace - full step 3.537 ms
[INFO   ] DREAMPlace - optimizer step 2.336 ms
[INFO   ] DREAMPlace - iteration  312, ( 312,  0,  0), Obj 4.867871E+07, DensityWeight 1.096301E-07, wHPWL 9.483526E+07, Overflow 5.790963E-01, MaxDensity 2.597E+01, gamma 1.947574E+02, time 0.724ms
[INFO   ] DREAMPlace - full step 3.525 ms
[INFO   ] DREAMPlace - optimizer step 2.331 ms
[INFO   ] DREAMPlace - iteration  313, ( 313,  0,  0), Obj 4.820031E+07, DensityWeight 1.128094E-07, wHPWL 9.487202E+07, Overflow 5.775779E-01, MaxDensity 2.880E+01, gamma 1.937732E+02, time 0.710ms
[INFO   ] DREAMPlace - full step 3.512 ms
[INFO   ] DREAMPlace - optimizer step 2.306 ms
[INFO   ] DREAMPlace - iteration  314, ( 314,  0,  0), Obj 4.781329E+07, DensityWeight 1.178444E-07, wHPWL 9.499415E+07, Overflow 5.764217E-01, MaxDensity 2.931E+01, gamma 1.922735E+02, time 0.711ms
[INFO   ] DREAMPlace - full step 3.497 ms
[INFO   ] DREAMPlace - optimizer step 2.301 ms
[INFO   ] DREAMPlace - iteration  315, ( 315,  0,  0), Obj 4.723010E+07, DensityWeight 1.216477E-07, wHPWL 9.512150E+07, Overflow 5.750648E-01, MaxDensity 2.364E+01, gamma 1.911393E+02, time 0.704ms
[INFO   ] DREAMPlace - full step 3.481 ms
[INFO   ] DREAMPlace - optimizer step 2.335 ms
[INFO   ] DREAMPlace - iteration  316, ( 316,  0,  0), Obj 4.691309E+07, DensityWeight 1.254825E-07, wHPWL 9.536949E+07, Overflow 5.741825E-01, MaxDensity 2.288E+01, gamma 1.898168E+02, time 0.701ms
[INFO   ] DREAMPlace - full step 3.521 ms
[INFO   ] DREAMPlace - optimizer step 2.314 ms
[INFO   ] DREAMPlace - iteration  317, ( 317,  0,  0), Obj 4.637680E+07, DensityWeight 1.272798E-07, wHPWL 9.541840E+07, Overflow 5.732343E-01, MaxDensity 2.571E+01, gamma 1.889618E+02, time 0.697ms
[INFO   ] DREAMPlace - full step 3.486 ms
[INFO   ] DREAMPlace - optimizer step 2.730 ms
[INFO   ] DREAMPlace - iteration  318, ( 318,  0,  0), Obj 4.605986E+07, DensityWeight 1.327356E-07, wHPWL 9.558630E+07, Overflow 5.715038E-01, MaxDensity 2.960E+01, gamma 1.880473E+02, time 0.721ms
[INFO   ] DREAMPlace - full step 3.932 ms
[INFO   ] DREAMPlace - optimizer step 8.731 ms
[INFO   ] DREAMPlace - iteration  319, ( 319,  0,  0), Obj 4.563077E+07, DensityWeight 1.361481E-07, wHPWL 9.563817E+07, Overflow 5.700142E-01, MaxDensity 2.993E+01, gamma 1.863895E+02, time 1.822ms
[INFO   ] DREAMPlace - full step 11.022 ms
[INFO   ] DREAMPlace - plotting to gammalocal_results/gpos/bigblue1/plot/iter0320.png takes 2.096 seconds
[INFO   ] DREAMPlace - optimizer step 17.337 ms
[INFO   ] DREAMPlace - iteration  320, ( 320,  0,  0), Obj 4.534253E+07, DensityWeight 1.419257E-07, wHPWL 9.577366E+07, Overflow 5.676579E-01, MaxDensity 2.543E+01, gamma 1.849743E+02, time 0.734ms
[INFO   ] DREAMPlace - full step 2115.525 ms
[INFO   ] DREAMPlace - optimizer step 2.508 ms
[INFO   ] DREAMPlace - iteration  321, ( 321,  0,  0), Obj 4.500530E+07, DensityWeight 1.462338E-07, wHPWL 9.584693E+07, Overflow 5.660049E-01, MaxDensity 1.878E+01, gamma 1.827574E+02, time 3.688ms
[INFO   ] DREAMPlace - full step 6.776 ms
[INFO   ] DREAMPlace - optimizer step 2.469 ms
[INFO   ] DREAMPlace - iteration  322, ( 322,  0,  0), Obj 5.104669E+07, DensityWeight 1.519851E-07, wHPWL 9.600688E+07, Overflow 5.632481E-01, MaxDensity 2.344E+01, gamma 1.812181E+02, time 0.716ms
[INFO   ] DREAMPlace - full step 3.663 ms
[INFO   ] DREAMPlace - optimizer step 2.400 ms
[INFO   ] DREAMPlace - iteration  323, ( 323,  0,  0), Obj 5.090833E+07, DensityWeight 1.560654E-07, wHPWL 9.656220E+07, Overflow 5.603395E-01, MaxDensity 3.010E+01, gamma 1.786798E+02, time 0.720ms
[INFO   ] DREAMPlace - full step 3.597 ms
[INFO   ] DREAMPlace - optimizer step 2.399 ms
[INFO   ] DREAMPlace - iteration  324, ( 324,  0,  0), Obj 5.054869E+07, DensityWeight 1.556753E-07, wHPWL 9.670107E+07, Overflow 5.576109E-01, MaxDensity 2.939E+01, gamma 1.760401E+02, time 0.717ms
[INFO   ] DREAMPlace - full step 3.603 ms
[INFO   ] DREAMPlace - optimizer step 2.356 ms
[INFO   ] DREAMPlace - iteration  325, ( 325,  0,  0), Obj 5.006871E+07, DensityWeight 1.603251E-07, wHPWL 9.694052E+07, Overflow 5.545608E-01, MaxDensity 2.530E+01, gamma 1.735994E+02, time 0.725ms
[INFO   ] DREAMPlace - full step 3.548 ms
[INFO   ] DREAMPlace - optimizer step 2.354 ms
[INFO   ] DREAMPlace - iteration  326, ( 326,  0,  0), Obj 4.967604E+07, DensityWeight 1.628150E-07, wHPWL 9.709410E+07, Overflow 5.519565E-01, MaxDensity 2.544E+01, gamma 1.709112E+02, time 0.732ms
[INFO   ] DREAMPlace - full step 3.567 ms
[INFO   ] DREAMPlace - optimizer step 2.370 ms
[INFO   ] DREAMPlace - iteration  327, ( 327,  0,  0), Obj 4.916422E+07, DensityWeight 1.673347E-07, wHPWL 9.717446E+07, Overflow 5.498250E-01, MaxDensity 2.464E+01, gamma 1.686487E+02, time 0.724ms
[INFO   ] DREAMPlace - full step 3.568 ms
[INFO   ] DREAMPlace - optimizer step 7.653 ms
[INFO   ] DREAMPlace - iteration  328, ( 328,  0,  0), Obj 4.881913E+07, DensityWeight 1.737442E-07, wHPWL 9.727971E+07, Overflow 5.479590E-01, MaxDensity 1.917E+01, gamma 1.668193E+02, time 0.718ms
[INFO   ] DREAMPlace - full step 8.838 ms
[INFO   ] DREAMPlace - optimizer step 4.306 ms
[INFO   ] DREAMPlace - iteration  329, ( 329,  0,  0), Obj 4.837190E+07, DensityWeight 1.797741E-07, wHPWL 9.729275E+07, Overflow 5.466669E-01, MaxDensity 2.254E+01, gamma 1.652341E+02, time 0.710ms
[INFO   ] DREAMPlace - full step 5.495 ms
[INFO   ] DREAMPlace - optimizer step 2.407 ms
[INFO   ] DREAMPlace - iteration  330, ( 330,  0,  0), Obj 4.809259E+07, DensityWeight 1.884200E-07, wHPWL 9.736800E+07, Overflow 5.455347E-01, MaxDensity 2.137E+01, gamma 1.641452E+02, time 0.751ms
[INFO   ] DREAMPlace - full step 3.641 ms
[INFO   ] DREAMPlace - optimizer step 2.363 ms
[INFO   ] DREAMPlace - iteration  331, ( 331,  0,  0), Obj 4.771708E+07, DensityWeight 1.957766E-07, wHPWL 9.737061E+07, Overflow 5.442912E-01, MaxDensity 2.020E+01, gamma 1.631971E+02, time 0.714ms
[INFO   ] DREAMPlace - full step 3.551 ms
[INFO   ] DREAMPlace - optimizer step 2.441 ms
[INFO   ] DREAMPlace - iteration  332, ( 332,  0,  0), Obj 5.518440E+07, DensityWeight 2.054907E-07, wHPWL 9.750462E+07, Overflow 5.427133E-01, MaxDensity 2.529E+01, gamma 1.621620E+02, time 0.711ms
[INFO   ] DREAMPlace - full step 3.621 ms
[INFO   ] DREAMPlace - optimizer step 2.339 ms
[INFO   ] DREAMPlace - iteration  333, ( 333,  0,  0), Obj 5.462366E+07, DensityWeight 2.117719E-07, wHPWL 9.747398E+07, Overflow 5.415398E-01, MaxDensity 2.383E+01, gamma 1.608580E+02, time 0.720ms
[INFO   ] DREAMPlace - full step 3.523 ms
[INFO   ] DREAMPlace - optimizer step 2.313 ms
[INFO   ] DREAMPlace - iteration  334, ( 334,  0,  0), Obj 5.411750E+07, DensityWeight 2.179133E-07, wHPWL 9.739140E+07, Overflow 5.395745E-01, MaxDensity 2.037E+01, gamma 1.598950E+02, time 0.721ms
[INFO   ] DREAMPlace - full step 3.496 ms
[INFO   ] DREAMPlace - optimizer step 2.296 ms
[INFO   ] DREAMPlace - iteration  335, ( 335,  0,  0), Obj 5.349591E+07, DensityWeight 2.242328E-07, wHPWL 9.746521E+07, Overflow 5.388616E-01, MaxDensity 2.130E+01, gamma 1.582951E+02, time 0.708ms
[INFO   ] DREAMPlace - full step 3.463 ms
[INFO   ] DREAMPlace - optimizer step 2.294 ms
[INFO   ] DREAMPlace - iteration  336, ( 336,  0,  0), Obj 5.307366E+07, DensityWeight 2.330344E-07, wHPWL 9.761439E+07, Overflow 5.383781E-01, MaxDensity 1.855E+01, gamma 1.577188E+02, time 0.731ms
[INFO   ] DREAMPlace - full step 3.488 ms
[INFO   ] DREAMPlace - optimizer step 2.330 ms
[INFO   ] DREAMPlace - iteration  337, ( 337,  0,  0), Obj 5.250558E+07, DensityWeight 2.396501E-07, wHPWL 9.764237E+07, Overflow 5.376548E-01, MaxDensity 2.041E+01, gamma 1.573289E+02, time 0.724ms
[INFO   ] DREAMPlace - full step 3.516 ms
[INFO   ] DREAMPlace - optimizer step 2.368 ms
[INFO   ] DREAMPlace - iteration  338, ( 338,  0,  0), Obj 5.210784E+07, DensityWeight 2.506531E-07, wHPWL 9.770381E+07, Overflow 5.377413E-01, MaxDensity 2.264E+01, gamma 1.567478E+02, time 0.716ms
[INFO   ] DREAMPlace - full step 3.536 ms
[INFO   ] DREAMPlace - optimizer step 2.318 ms
[INFO   ] DREAMPlace - iteration  339, ( 339,  0,  0), Obj 5.167877E+07, DensityWeight 2.609413E-07, wHPWL 9.775342E+07, Overflow 5.368468E-01, MaxDensity 1.992E+01, gamma 1.568172E+02, time 0.723ms
[INFO   ] DREAMPlace - full step 3.513 ms
[INFO   ] DREAMPlace - optimizer step 2.299 ms
[INFO   ] DREAMPlace - iteration  340, ( 340,  0,  0), Obj 5.134956E+07, DensityWeight 2.720998E-07, wHPWL 9.779105E+07, Overflow 5.356336E-01, MaxDensity 1.852E+01, gamma 1.561011E+02, time 0.736ms
[INFO   ] DREAMPlace - full step 3.508 ms
[INFO   ] DREAMPlace - optimizer step 2.374 ms
[INFO   ] DREAMPlace - iteration  341, ( 341,  0,  0), Obj 5.101050E+07, DensityWeight 2.842103E-07, wHPWL 9.784629E+07, Overflow 5.344933E-01, MaxDensity 2.102E+01, gamma 1.551350E+02, time 0.722ms
[INFO   ] DREAMPlace - full step 3.562 ms
[INFO   ] DREAMPlace - optimizer step 2.296 ms
[INFO   ] DREAMPlace - iteration  342, ( 342,  0,  0), Obj 5.404572E+07, DensityWeight 2.961316E-07, wHPWL 9.787646E+07, Overflow 5.331823E-01, MaxDensity 1.797E+01, gamma 1.542325E+02, time 0.720ms
[INFO   ] DREAMPlace - full step 3.507 ms
[INFO   ] DREAMPlace - optimizer step 2.289 ms
[INFO   ] DREAMPlace - iteration  343, ( 343,  0,  0), Obj 5.371779E+07, DensityWeight 3.096333E-07, wHPWL 9.830702E+07, Overflow 5.319375E-01, MaxDensity 1.757E+01, gamma 1.532014E+02, time 0.733ms
[INFO   ] DREAMPlace - full step 3.488 ms
[INFO   ] DREAMPlace - optimizer step 2.418 ms
[INFO   ] DREAMPlace - iteration  344, ( 344,  0,  0), Obj 5.316117E+07, DensityWeight 3.088592E-07, wHPWL 9.834382E+07, Overflow 5.309672E-01, MaxDensity 1.942E+01, gamma 1.522287E+02, time 0.707ms
[INFO   ] DREAMPlace - full step 3.602 ms
[INFO   ] DREAMPlace - optimizer step 16.561 ms
[INFO   ] DREAMPlace - iteration  345, ( 345,  0,  0), Obj 5.268637E+07, DensityWeight 3.226428E-07, wHPWL 9.865406E+07, Overflow 5.300079E-01, MaxDensity 1.505E+01, gamma 1.514747E+02, time 0.717ms
[INFO   ] DREAMPlace - full step 17.749 ms
[INFO   ] DREAMPlace - optimizer step 2.731 ms
[INFO   ] DREAMPlace - iteration  346, ( 346,  0,  0), Obj 5.229494E+07, DensityWeight 3.244360E-07, wHPWL 9.892750E+07, Overflow 5.284974E-01, MaxDensity 1.728E+01, gamma 1.507330E+02, time 0.893ms
[INFO   ] DREAMPlace - full step 4.114 ms
[INFO   ] DREAMPlace - optimizer step 2.305 ms
[INFO   ] DREAMPlace - iteration  347, ( 347,  0,  0), Obj 5.173716E+07, DensityWeight 3.279167E-07, wHPWL 9.905534E+07, Overflow 5.266664E-01, MaxDensity 1.533E+01, gamma 1.495725E+02, time 0.714ms
[INFO   ] DREAMPlace - full step 3.502 ms
[INFO   ] DREAMPlace - optimizer step 2.303 ms
[INFO   ] DREAMPlace - iteration  348, ( 348,  0,  0), Obj 5.138564E+07, DensityWeight 3.382309E-07, wHPWL 9.922650E+07, Overflow 5.255763E-01, MaxDensity 1.545E+01, gamma 1.481777E+02, time 0.706ms
[INFO   ] DREAMPlace - full step 3.482 ms
[INFO   ] DREAMPlace - optimizer step 2.436 ms
[INFO   ] DREAMPlace - iteration  349, ( 349,  0,  0), Obj 5.091486E+07, DensityWeight 3.467690E-07, wHPWL 9.928541E+07, Overflow 5.244780E-01, MaxDensity 1.723E+01, gamma 1.473535E+02, time 0.706ms
[INFO   ] DREAMPlace - full step 3.605 ms
[INFO   ] DREAMPlace - optimizer step 2.308 ms
[INFO   ] DREAMPlace - iteration  350, ( 350,  0,  0), Obj 5.054552E+07, DensityWeight 3.611299E-07, wHPWL 9.932654E+07, Overflow 5.234981E-01, MaxDensity 1.691E+01, gamma 1.465276E+02, time 0.712ms
[INFO   ] DREAMPlace - full step 3.497 ms
[INFO   ] DREAMPlace - optimizer step 2.350 ms
[INFO   ] DREAMPlace - iteration  351, ( 351,  0,  0), Obj 5.021857E+07, DensityWeight 3.770186E-07, wHPWL 9.942290E+07, Overflow 5.222229E-01, MaxDensity 1.720E+01, gamma 1.457948E+02, time 0.713ms
[INFO   ] DREAMPlace - full step 3.535 ms
[INFO   ] DREAMPlace - optimizer step 2.310 ms
[INFO   ] DREAMPlace - iteration  352, ( 352,  0,  0), Obj 5.674076E+07, DensityWeight 3.905875E-07, wHPWL 9.945566E+07, Overflow 5.212932E-01, MaxDensity 1.876E+01, gamma 1.448466E+02, time 0.723ms
[INFO   ] DREAMPlace - full step 3.507 ms
[INFO   ] DREAMPlace - optimizer step 2.352 ms
[INFO   ] DREAMPlace - iteration  353, ( 353,  0,  0), Obj 5.638022E+07, DensityWeight 4.082478E-07, wHPWL 9.975728E+07, Overflow 5.201188E-01, MaxDensity 1.679E+01, gamma 1.441592E+02, time 5.939ms
[INFO   ] DREAMPlace - full step 8.771 ms
[INFO   ] DREAMPlace - optimizer step 2.419 ms
[INFO   ] DREAMPlace - iteration  354, ( 354,  0,  0), Obj 5.581692E+07, DensityWeight 4.110106E-07, wHPWL 9.976071E+07, Overflow 5.189616E-01, MaxDensity 1.546E+01, gamma 1.432955E+02, time 0.709ms
[INFO   ] DREAMPlace - full step 3.597 ms
[INFO   ] DREAMPlace - optimizer step 4.574 ms
[INFO   ] DREAMPlace - iteration  355, ( 355,  0,  0), Obj 5.512987E+07, DensityWeight 4.313547E-07, wHPWL 9.979349E+07, Overflow 5.182843E-01, MaxDensity 1.407E+01, gamma 1.424495E+02, time 7.612ms
[INFO   ] DREAMPlace - full step 12.662 ms
[INFO   ] DREAMPlace - optimizer step 2.409 ms
[INFO   ] DREAMPlace - iteration  356, ( 356,  0,  0), Obj 5.459532E+07, DensityWeight 4.508578E-07, wHPWL 9.981801E+07, Overflow 5.172009E-01, MaxDensity 1.482E+01, gamma 1.419567E+02, time 0.705ms
[INFO   ] DREAMPlace - full step 3.591 ms
[INFO   ] DREAMPlace - optimizer step 2.355 ms
[INFO   ] DREAMPlace - iteration  357, ( 357,  0,  0), Obj 5.394690E+07, DensityWeight 4.717852E-07, wHPWL 9.977122E+07, Overflow 5.172026E-01, MaxDensity 1.544E+01, gamma 1.411719E+02, time 2.281ms
[INFO   ] DREAMPlace - full step 5.082 ms
[INFO   ] DREAMPlace - optimizer step 2.319 ms
[INFO   ] DREAMPlace - iteration  358, ( 358,  0,  0), Obj 5.350953E+07, DensityWeight 4.854670E-07, wHPWL 9.979936E+07, Overflow 5.160161E-01, MaxDensity 1.657E+01, gamma 1.411731E+02, time 0.720ms
[INFO   ] DREAMPlace - full step 3.504 ms
[INFO   ] DREAMPlace - optimizer step 2.319 ms
[INFO   ] DREAMPlace - iteration  359, ( 359,  0,  0), Obj 5.304112E+07, DensityWeight 5.077444E-07, wHPWL 9.982221E+07, Overflow 5.153999E-01, MaxDensity 1.855E+01, gamma 1.403187E+02, time 0.721ms
[INFO   ] DREAMPlace - full step 3.503 ms
[INFO   ] DREAMPlace - plotting to gammalocal_results/gpos/bigblue1/plot/iter0360.png takes 2.094 seconds
[INFO   ] DREAMPlace - optimizer step 4.252 ms
[INFO   ] DREAMPlace - iteration  360, ( 360,  0,  0), Obj 5.264060E+07, DensityWeight 5.314363E-07, wHPWL 9.980827E+07, Overflow 5.140907E-01, MaxDensity 1.862E+01, gamma 1.398770E+02, time 0.732ms
[INFO   ] DREAMPlace - full step 2102.170 ms
[INFO   ] DREAMPlace - optimizer step 2.478 ms
[INFO   ] DREAMPlace - iteration  361, ( 361,  0,  0), Obj 5.225851E+07, DensityWeight 5.468480E-07, wHPWL 9.981792E+07, Overflow 5.126567E-01, MaxDensity 1.810E+01, gamma 1.389430E+02, time 0.790ms
[INFO   ] DREAMPlace - full step 3.942 ms
[INFO   ] DREAMPlace - optimizer step 2.434 ms
[INFO   ] DREAMPlace - iteration  362, ( 362,  0,  0), Obj 5.693384E+07, DensityWeight 5.734186E-07, wHPWL 9.987398E+07, Overflow 5.102962E-01, MaxDensity 1.756E+01, gamma 1.379273E+02, time 0.722ms
[INFO   ] DREAMPlace - full step 3.656 ms
[INFO   ] DREAMPlace - optimizer step 2.985 ms
[INFO   ] DREAMPlace - iteration  363, ( 363,  0,  0), Obj 5.654959E+07, DensityWeight 5.974023E-07, wHPWL 1.002599E+08, Overflow 5.079105E-01, MaxDensity 1.588E+01, gamma 1.362713E+02, time 16.944ms
[INFO   ] DREAMPlace - full step 20.425 ms
[INFO   ] DREAMPlace - optimizer step 2.362 ms
[INFO   ] DREAMPlace - iteration  364, ( 364,  0,  0), Obj 5.598141E+07, DensityWeight 5.959087E-07, wHPWL 1.003072E+08, Overflow 5.052204E-01, MaxDensity 2.011E+01, gamma 1.346179E+02, time 0.717ms
[INFO   ] DREAMPlace - full step 3.566 ms
[INFO   ] DREAMPlace - optimizer step 2.362 ms
[INFO   ] DREAMPlace - iteration  365, ( 365,  0,  0), Obj 5.533553E+07, DensityWeight 6.215993E-07, wHPWL 1.004565E+08, Overflow 5.036680E-01, MaxDensity 1.786E+01, gamma 1.327776E+02, time 0.769ms
[INFO   ] DREAMPlace - full step 3.610 ms
[INFO   ] DREAMPlace - optimizer step 2.380 ms
[INFO   ] DREAMPlace - iteration  366, ( 366,  0,  0), Obj 5.490552E+07, DensityWeight 6.392303E-07, wHPWL 1.006587E+08, Overflow 5.012022E-01, MaxDensity 1.686E+01, gamma 1.317271E+02, time 0.731ms
[INFO   ] DREAMPlace - full step 3.611 ms
[INFO   ] DREAMPlace - optimizer step 2.353 ms
[INFO   ] DREAMPlace - iteration  367, ( 367,  0,  0), Obj 5.431063E+07, DensityWeight 6.525408E-07, wHPWL 1.007472E+08, Overflow 4.998956E-01, MaxDensity 1.669E+01, gamma 1.300755E+02, time 0.732ms
[INFO   ] DREAMPlace - full step 3.571 ms
[INFO   ] DREAMPlace - optimizer step 2.403 ms
[INFO   ] DREAMPlace - iteration  368, ( 368,  0,  0), Obj 5.390920E+07, DensityWeight 6.767597E-07, wHPWL 1.008915E+08, Overflow 4.976708E-01, MaxDensity 1.618E+01, gamma 1.292088E+02, time 0.729ms
[INFO   ] DREAMPlace - full step 3.606 ms
[INFO   ] DREAMPlace - optimizer step 2.358 ms
[INFO   ] DREAMPlace - iteration  369, ( 369,  0,  0), Obj 5.339234E+07, DensityWeight 6.964522E-07, wHPWL 1.009113E+08, Overflow 4.960824E-01, MaxDensity 1.774E+01, gamma 1.277463E+02, time 0.722ms
[INFO   ] DREAMPlace - full step 3.564 ms
[INFO   ] DREAMPlace - optimizer step 2.367 ms
[INFO   ] DREAMPlace - iteration  370, ( 370,  0,  0), Obj 5.306288E+07, DensityWeight 7.292583E-07, wHPWL 1.010036E+08, Overflow 4.930515E-01, MaxDensity 1.718E+01, gamma 1.267122E+02, time 0.738ms
[INFO   ] DREAMPlace - full step 3.583 ms
[INFO   ] DREAMPlace - optimizer step 2.570 ms
[INFO   ] DREAMPlace - iteration  371, ( 371,  0,  0), Obj 5.266146E+07, DensityWeight 7.559299E-07, wHPWL 1.010457E+08, Overflow 4.913842E-01, MaxDensity 1.728E+01, gamma 1.247622E+02, time 0.718ms
[INFO   ] DREAMPlace - full step 4.123 ms
[INFO   ] DREAMPlace - optimizer step 2.354 ms
[INFO   ] DREAMPlace - iteration  372, ( 372,  0,  0), Obj 6.111702E+07, DensityWeight 7.890858E-07, wHPWL 1.012079E+08, Overflow 4.890778E-01, MaxDensity 1.681E+01, gamma 1.237023E+02, time 0.746ms
[INFO   ] DREAMPlace - full step 3.581 ms
[INFO   ] DREAMPlace - optimizer step 2.367 ms
[INFO   ] DREAMPlace - iteration  373, ( 373,  0,  0), Obj 6.061463E+07, DensityWeight 8.100136E-07, wHPWL 1.013373E+08, Overflow 4.882334E-01, MaxDensity 2.207E+01, gamma 1.222511E+02, time 0.735ms
[INFO   ] DREAMPlace - full step 3.591 ms
[INFO   ] DREAMPlace - optimizer step 2.341 ms
[INFO   ] DREAMPlace - iteration  374, ( 374,  0,  0), Obj 6.006714E+07, DensityWeight 8.353061E-07, wHPWL 1.012231E+08, Overflow 4.863851E-01, MaxDensity 2.390E+01, gamma 1.217240E+02, time 0.719ms
[INFO   ] DREAMPlace - full step 3.554 ms
[INFO   ] DREAMPlace - optimizer step 2.500 ms
[INFO   ] DREAMPlace - iteration  375, ( 375,  0,  0), Obj 5.932818E+07, DensityWeight 8.595301E-07, wHPWL 1.011195E+08, Overflow 4.862984E-01, MaxDensity 1.941E+01, gamma 1.205782E+02, time 0.719ms
[INFO   ] DREAMPlace - full step 3.698 ms
[INFO   ] DREAMPlace - optimizer step 2.356 ms
[INFO   ] DREAMPlace - iteration  376, ( 376,  0,  0), Obj 5.883280E+07, DensityWeight 8.844565E-07, wHPWL 1.011073E+08, Overflow 4.855300E-01, MaxDensity 1.646E+01, gamma 1.205247E+02, time 0.715ms
[INFO   ] DREAMPlace - full step 3.546 ms
[INFO   ] DREAMPlace - optimizer step 2.362 ms
[INFO   ] DREAMPlace - iteration  377, ( 377,  0,  0), Obj 5.816288E+07, DensityWeight 9.101058E-07, wHPWL 1.009666E+08, Overflow 4.850323E-01, MaxDensity 1.574E+01, gamma 1.200517E+02, time 0.731ms
[INFO   ] DREAMPlace - full step 3.600 ms
[INFO   ] DREAMPlace - optimizer step 2.368 ms
[INFO   ] DREAMPlace - iteration  378, ( 378,  0,  0), Obj 5.769518E+07, DensityWeight 9.364989E-07, wHPWL 1.009321E+08, Overflow 4.841194E-01, MaxDensity 1.526E+01, gamma 1.197464E+02, time 0.737ms
[INFO   ] DREAMPlace - full step 3.614 ms
[INFO   ] DREAMPlace - optimizer step 2.367 ms
[INFO   ] DREAMPlace - iteration  379, ( 379,  0,  0), Obj 5.717797E+07, DensityWeight 9.636574E-07, wHPWL 1.008498E+08, Overflow 4.833693E-01, MaxDensity 1.674E+01, gamma 1.191884E+02, time 0.728ms
[INFO   ] DREAMPlace - full step 3.572 ms
[INFO   ] DREAMPlace - optimizer step 2.346 ms
[INFO   ] DREAMPlace - iteration  380, ( 380,  0,  0), Obj 5.680280E+07, DensityWeight 9.916035E-07, wHPWL 1.008205E+08, Overflow 4.825788E-01, MaxDensity 1.602E+01, gamma 1.187318E+02, time 0.752ms
[INFO   ] DREAMPlace - full step 3.570 ms
[INFO   ] DREAMPlace - optimizer step 2.776 ms
[INFO   ] DREAMPlace - iteration  381, ( 381,  0,  0), Obj 5.634480E+07, DensityWeight 1.020360E-06, wHPWL 1.007160E+08, Overflow 4.812298E-01, MaxDensity 1.719E+01, gamma 1.182525E+02, time 3.971ms
[INFO   ] DREAMPlace - full step 7.234 ms
[INFO   ] DREAMPlace - optimizer step 2.318 ms
[INFO   ] DREAMPlace - iteration  382, ( 382,  0,  0), Obj 6.104656E+07, DensityWeight 1.049951E-06, wHPWL 1.006722E+08, Overflow 4.795861E-01, MaxDensity 1.622E+01, gamma 1.174391E+02, time 0.720ms
[INFO   ] DREAMPlace - full step 3.522 ms
[INFO   ] DREAMPlace - optimizer step 2.382 ms
[INFO   ] DREAMPlace - iteration  383, ( 383,  0,  0), Obj 6.074200E+07, DensityWeight 1.080399E-06, wHPWL 1.010713E+08, Overflow 4.788404E-01, MaxDensity 1.892E+01, gamma 1.164554E+02, time 0.720ms
[INFO   ] DREAMPlace - full step 3.595 ms
[INFO   ] DREAMPlace - optimizer step 2.348 ms
[INFO   ] DREAMPlace - iteration  384, ( 384,  0,  0), Obj 6.011278E+07, DensityWeight 1.077698E-06, wHPWL 1.010461E+08, Overflow 4.790516E-01, MaxDensity 1.750E+01, gamma 1.160120E+02, time 0.719ms
[INFO   ] DREAMPlace - full step 3.526 ms
[INFO   ] DREAMPlace - optimizer step 2.405 ms
[INFO   ] DREAMPlace - iteration  385, ( 385,  0,  0), Obj 5.945754E+07, DensityWeight 1.108951E-06, wHPWL 1.011767E+08, Overflow 4.779570E-01, MaxDensity 1.627E+01, gamma 1.161374E+02, time 0.726ms
[INFO   ] DREAMPlace - full step 3.600 ms
[INFO   ] DREAMPlace - optimizer step 2.344 ms
[INFO   ] DREAMPlace - iteration  386, ( 386,  0,  0), Obj 5.893432E+07, DensityWeight 1.143389E-06, wHPWL 1.013065E+08, Overflow 4.768955E-01, MaxDensity 1.508E+01, gamma 1.154887E+02, time 1.532ms
[INFO   ] DREAMPlace - full step 4.356 ms
[INFO   ] DREAMPlace - optimizer step 9.596 ms
[INFO   ] DREAMPlace - iteration  387, ( 387,  0,  0), Obj 5.828583E+07, DensityWeight 1.179025E-06, wHPWL 1.013199E+08, Overflow 4.763488E-01, MaxDensity 1.427E+01, gamma 1.148631E+02, time 0.715ms
[INFO   ] DREAMPlace - full step 10.812 ms
[INFO   ] DREAMPlace - optimizer step 2.618 ms
[INFO   ] DREAMPlace - iteration  388, ( 388,  0,  0), Obj 5.785872E+07, DensityWeight 1.235672E-06, wHPWL 1.014100E+08, Overflow 4.750845E-01, MaxDensity 1.522E+01, gamma 1.145423E+02, time 9.036ms
[INFO   ] DREAMPlace - full step 12.157 ms
[INFO   ] DREAMPlace - optimizer step 2.342 ms
[INFO   ] DREAMPlace - iteration  389, ( 389,  0,  0), Obj 5.730351E+07, DensityWeight 1.281264E-06, wHPWL 1.013395E+08, Overflow 4.738893E-01, MaxDensity 1.787E+01, gamma 1.138036E+02, time 0.717ms
[INFO   ] DREAMPlace - full step 3.541 ms
[INFO   ] DREAMPlace - optimizer step 2.297 ms
[INFO   ] DREAMPlace - iteration  390, ( 390,  0,  0), Obj 5.694789E+07, DensityWeight 1.318420E-06, wHPWL 1.013741E+08, Overflow 4.735522E-01, MaxDensity 2.021E+01, gamma 1.131098E+02, time 0.712ms
[INFO   ] DREAMPlace - full step 3.472 ms
[INFO   ] DREAMPlace - optimizer step 2.297 ms
[INFO   ] DREAMPlace - iteration  391, ( 391,  0,  0), Obj 5.650090E+07, DensityWeight 1.377685E-06, wHPWL 1.013056E+08, Overflow 4.726533E-01, MaxDensity 1.927E+01, gamma 1.129149E+02, time 0.715ms
[INFO   ] DREAMPlace - full step 3.478 ms
[INFO   ] DREAMPlace - optimizer step 2.303 ms
[INFO   ] DREAMPlace - iteration  392, ( 392,  0,  0), Obj 6.334966E+07, DensityWeight 1.417638E-06, wHPWL 1.013623E+08, Overflow 4.713990E-01, MaxDensity 1.675E+01, gamma 1.123967E+02, time 0.720ms
[INFO   ] DREAMPlace - full step 3.486 ms
[INFO   ] DREAMPlace - optimizer step 2.354 ms
[INFO   ] DREAMPlace - iteration  393, ( 393,  0,  0), Obj 6.261490E+07, DensityWeight 1.476807E-06, wHPWL 1.011361E+08, Overflow 4.712852E-01, MaxDensity 1.641E+01, gamma 1.116777E+02, time 2.572ms
[INFO   ] DREAMPlace - full step 5.401 ms
[INFO   ] DREAMPlace - optimizer step 2.832 ms
[INFO   ] DREAMPlace - iteration  394, ( 394,  0,  0), Obj 6.208029E+07, DensityWeight 1.519634E-06, wHPWL 1.010388E+08, Overflow 4.696068E-01, MaxDensity 1.497E+01, gamma 1.116126E+02, time 0.902ms
[INFO   ] DREAMPlace - full step 4.201 ms
[INFO   ] DREAMPlace - optimizer step 3.433 ms
[INFO   ] DREAMPlace - iteration  395, ( 395,  0,  0), Obj 6.130987E+07, DensityWeight 1.563704E-06, wHPWL 1.008916E+08, Overflow 4.687491E-01, MaxDensity 1.749E+01, gamma 1.106582E+02, time 0.709ms
[INFO   ] DREAMPlace - full step 4.938 ms
[INFO   ] DREAMPlace - optimizer step 2.368 ms
[INFO   ] DREAMPlace - iteration  396, ( 396,  0,  0), Obj 6.083710E+07, DensityWeight 1.609051E-06, wHPWL 1.009339E+08, Overflow 4.672076E-01, MaxDensity 1.862E+01, gamma 1.101737E+02, time 0.798ms
[INFO   ] DREAMPlace - full step 3.662 ms
[INFO   ] DREAMPlace - optimizer step 2.348 ms
[INFO   ] DREAMPlace - iteration  397, ( 397,  0,  0), Obj 6.020712E+07, DensityWeight 1.679573E-06, wHPWL 1.008649E+08, Overflow 4.668526E-01, MaxDensity 1.885E+01, gamma 1.093080E+02, time 0.748ms
[INFO   ] DREAMPlace - full step 3.589 ms
[INFO   ] DREAMPlace - optimizer step 2.338 ms
[INFO   ] DREAMPlace - iteration  398, ( 398,  0,  0), Obj 5.981947E+07, DensityWeight 1.728281E-06, wHPWL 1.009116E+08, Overflow 4.656510E-01, MaxDensity 2.107E+01, gamma 1.091097E+02, time 0.737ms
[INFO   ] DREAMPlace - full step 3.557 ms
[INFO   ] DREAMPlace - optimizer step 2.393 ms
[INFO   ] DREAMPlace - iteration  399, ( 399,  0,  0), Obj 5.929367E+07, DensityWeight 1.802919E-06, wHPWL 1.008247E+08, Overflow 4.651325E-01, MaxDensity 1.878E+01, gamma 1.084409E+02, time 0.727ms
[INFO   ] DREAMPlace - full step 3.591 ms
[INFO   ] DREAMPlace - plotting to gammalocal_results/gpos/bigblue1/plot/iter0400.png takes 2.106 seconds
[INFO   ] DREAMPlace - optimizer step 4.374 ms
[INFO   ] DREAMPlace - iteration  400, ( 400,  0,  0), Obj 5.900415E+07, DensityWeight 1.855203E-06, wHPWL 1.008726E+08, Overflow 4.632658E-01, MaxDensity 1.822E+01, gamma 1.081536E+02, time 0.755ms
[INFO   ] DREAMPlace - full step 2112.834 ms
[INFO   ] DREAMPlace - optimizer step 2.448 ms
[INFO   ] DREAMPlace - iteration  401, ( 401,  0,  0), Obj 5.855996E+07, DensityWeight 1.935007E-06, wHPWL 1.007633E+08, Overflow 4.629702E-01, MaxDensity 1.902E+01, gamma 1.071254E+02, time 0.821ms
[INFO   ] DREAMPlace - full step 3.852 ms
[INFO   ] DREAMPlace - optimizer step 2.354 ms
[INFO   ] DREAMPlace - iteration  402, ( 402,  0,  0), Obj 6.301444E+07, DensityWeight 1.991122E-06, wHPWL 1.007831E+08, Overflow 4.616810E-01, MaxDensity 1.628E+01, gamma 1.069635E+02, time 0.712ms
[INFO   ] DREAMPlace - full step 3.577 ms
[INFO   ] DREAMPlace - optimizer step 2.323 ms
[INFO   ] DREAMPlace - iteration  403, ( 403,  0,  0), Obj 6.234614E+07, DensityWeight 2.084902E-06, wHPWL 1.008024E+08, Overflow 4.621523E-01, MaxDensity 1.964E+01, gamma 1.062602E+02, time 0.708ms
[INFO   ] DREAMPlace - full step 3.494 ms
[INFO   ] DREAMPlace - optimizer step 2.335 ms
[INFO   ] DREAMPlace - iteration  404, ( 404,  0,  0), Obj 6.184846E+07, DensityWeight 2.183257E-06, wHPWL 1.009344E+08, Overflow 4.621066E-01, MaxDensity 1.888E+01, gamma 1.065168E+02, time 0.713ms
[INFO   ] DREAMPlace - full step 3.511 ms
[INFO   ] DREAMPlace - optimizer step 2.312 ms
[INFO   ] DREAMPlace - iteration  405, ( 405,  0,  0), Obj 6.103252E+07, DensityWeight 2.250617E-06, wHPWL 1.009333E+08, Overflow 4.626194E-01, MaxDensity 1.942E+01, gamma 1.064919E+02, time 0.711ms
[INFO   ] DREAMPlace - full step 3.490 ms
[INFO   ] DREAMPlace - optimizer step 2.316 ms
[INFO   ] DREAMPlace - iteration  406, ( 406,  0,  0), Obj 6.051814E+07, DensityWeight 2.315885E-06, wHPWL 1.010742E+08, Overflow 4.622617E-01, MaxDensity 2.005E+01, gamma 1.067717E+02, time 0.712ms
[INFO   ] DREAMPlace - full step 3.498 ms
[INFO   ] DREAMPlace - optimizer step 2.300 ms
[INFO   ] DREAMPlace - iteration  407, ( 407,  0,  0), Obj 5.985033E+07, DensityWeight 2.384414E-06, wHPWL 1.010773E+08, Overflow 4.618803E-01, MaxDensity 1.741E+01, gamma 1.065764E+02, time 0.717ms
[INFO   ] DREAMPlace - full step 3.474 ms
[INFO   ] DREAMPlace - optimizer step 2.296 ms
[INFO   ] DREAMPlace - iteration  408, ( 408,  0,  0), Obj 5.936960E+07, DensityWeight 2.502532E-06, wHPWL 1.011218E+08, Overflow 4.604013E-01, MaxDensity 1.813E+01, gamma 1.063687E+02, time 0.716ms
[INFO   ] DREAMPlace - full step 3.492 ms
[INFO   ] DREAMPlace - optimizer step 2.330 ms
[INFO   ] DREAMPlace - iteration  409, ( 409,  0,  0), Obj 5.886782E+07, DensityWeight 2.611405E-06, wHPWL 1.011526E+08, Overflow 4.590213E-01, MaxDensity 1.853E+01, gamma 1.055667E+02, time 0.741ms
[INFO   ] DREAMPlace - full step 3.542 ms
[INFO   ] DREAMPlace - optimizer step 2.300 ms
[INFO   ] DREAMPlace - iteration  410, ( 410,  0,  0), Obj 5.844858E+07, DensityWeight 2.730236E-06, wHPWL 1.011719E+08, Overflow 4.578101E-01, MaxDensity 1.899E+01, gamma 1.048239E+02, time 0.738ms
[INFO   ] DREAMPlace - full step 3.519 ms
[INFO   ] DREAMPlace - optimizer step 2.312 ms
[INFO   ] DREAMPlace - iteration  411, ( 411,  0,  0), Obj 5.808533E+07, DensityWeight 2.859063E-06, wHPWL 1.012439E+08, Overflow 4.564523E-01, MaxDensity 1.784E+01, gamma 1.041763E+02, time 0.735ms
[INFO   ] DREAMPlace - full step 3.525 ms
[INFO   ] DREAMPlace - optimizer step 2.276 ms
[INFO   ] DREAMPlace - iteration  412, ( 412,  0,  0), Obj 6.519291E+07, DensityWeight 2.972017E-06, wHPWL 1.012380E+08, Overflow 4.547267E-01, MaxDensity 2.103E+01, gamma 1.034550E+02, time 0.720ms
[INFO   ] DREAMPlace - full step 3.492 ms
[INFO   ] DREAMPlace - optimizer step 2.307 ms
[INFO   ] DREAMPlace - iteration  413, ( 413,  0,  0), Obj 6.460754E+07, DensityWeight 3.058205E-06, wHPWL 1.014927E+08, Overflow 4.540922E-01, MaxDensity 1.567E+01, gamma 1.025455E+02, time 0.738ms
[INFO   ] DREAMPlace - full step 3.513 ms
[INFO   ] DREAMPlace - optimizer step 2.290 ms
[INFO   ] DREAMPlace - iteration  414, ( 414,  0,  0), Obj 6.396231E+07, DensityWeight 3.099064E-06, wHPWL 1.016136E+08, Overflow 4.528605E-01, MaxDensity 1.564E+01, gamma 1.022132E+02, time 0.736ms
[INFO   ] DREAMPlace - full step 3.491 ms
[INFO   ] DREAMPlace - optimizer step 2.321 ms
[INFO   ] DREAMPlace - iteration  415, ( 415,  0,  0), Obj 6.310272E+07, DensityWeight 3.199662E-06, wHPWL 1.016939E+08, Overflow 4.518932E-01, MaxDensity 1.569E+01, gamma 1.015710E+02, time 1.497ms
[INFO   ] DREAMPlace - full step 4.305 ms
[INFO   ] DREAMPlace - optimizer step 9.776 ms
[INFO   ] DREAMPlace - iteration  416, ( 416,  0,  0), Obj 6.253796E+07, DensityWeight 3.322242E-06, wHPWL 1.019364E+08, Overflow 4.515152E-01, MaxDensity 1.689E+01, gamma 1.010695E+02, time 0.726ms
[INFO   ] DREAMPlace - full step 10.979 ms
[INFO   ] DREAMPlace - optimizer step 2.359 ms
[INFO   ] DREAMPlace - iteration  417, ( 417,  0,  0), Obj 6.182081E+07, DensityWeight 3.372397E-06, wHPWL 1.020374E+08, Overflow 4.503470E-01, MaxDensity 1.792E+01, gamma 1.008742E+02, time 5.366ms
[INFO   ] DREAMPlace - full step 8.217 ms
[INFO   ] DREAMPlace - optimizer step 2.301 ms
[INFO   ] DREAMPlace - iteration  418, ( 418,  0,  0), Obj 6.132816E+07, DensityWeight 3.491533E-06, wHPWL 1.022246E+08, Overflow 4.479254E-01, MaxDensity 1.896E+01, gamma 1.002730E+02, time 0.746ms
[INFO   ] DREAMPlace - full step 3.521 ms
[INFO   ] DREAMPlace - optimizer step 2.310 ms
[INFO   ] DREAMPlace - iteration  419, ( 419,  0,  0), Obj 6.083710E+07, DensityWeight 3.571665E-06, wHPWL 1.023776E+08, Overflow 4.458036E-01, MaxDensity 1.678E+01, gamma 9.903822E+01, time 0.719ms
[INFO   ] DREAMPlace - full step 3.495 ms
[INFO   ] DREAMPlace - optimizer step 2.282 ms
[INFO   ] DREAMPlace - iteration  420, ( 420,  0,  0), Obj 6.040189E+07, DensityWeight 3.671089E-06, wHPWL 1.024626E+08, Overflow 4.437175E-01, MaxDensity 1.681E+01, gamma 9.796877E+01, time 0.724ms
[INFO   ] DREAMPlace - full step 3.468 ms
[INFO   ] DREAMPlace - optimizer step 2.283 ms
[INFO   ] DREAMPlace - iteration  421, ( 421,  0,  0), Obj 5.998780E+07, DensityWeight 3.809264E-06, wHPWL 1.025191E+08, Overflow 4.420013E-01, MaxDensity 1.738E+01, gamma 9.692860E+01, time 0.718ms
[INFO   ] DREAMPlace - full step 3.472 ms
[INFO   ] DREAMPlace - optimizer step 2.274 ms
[INFO   ] DREAMPlace - iteration  422, ( 422,  0,  0), Obj 6.742343E+07, DensityWeight 3.968359E-06, wHPWL 1.025782E+08, Overflow 4.395800E-01, MaxDensity 1.636E+01, gamma 9.608112E+01, time 0.711ms
[INFO   ] DREAMPlace - full step 3.445 ms
[INFO   ] DREAMPlace - optimizer step 2.332 ms
[INFO   ] DREAMPlace - iteration  423, ( 423,  0,  0), Obj 6.650804E+07, DensityWeight 4.132587E-06, wHPWL 1.021679E+08, Overflow 4.390652E-01, MaxDensity 1.515E+01, gamma 9.489809E+01, time 0.722ms
[INFO   ] DREAMPlace - full step 3.522 ms
[INFO   ] DREAMPlace - optimizer step 2.317 ms
[INFO   ] DREAMPlace - iteration  424, ( 424,  0,  0), Obj 6.581654E+07, DensityWeight 4.252432E-06, wHPWL 1.020678E+08, Overflow 4.370568E-01, MaxDensity 1.339E+01, gamma 9.464841E+01, time 0.726ms
[INFO   ] DREAMPlace - full step 3.504 ms
[INFO   ] DREAMPlace - optimizer step 2.524 ms
[INFO   ] DREAMPlace - iteration  425, ( 425,  0,  0), Obj 6.498010E+07, DensityWeight 4.375753E-06, wHPWL 1.020066E+08, Overflow 4.361407E-01, MaxDensity 1.577E+01, gamma 9.368073E+01, time 0.809ms
[INFO   ] DREAMPlace - full step 3.830 ms
[INFO   ] DREAMPlace - optimizer step 2.284 ms
[INFO   ] DREAMPlace - iteration  426, ( 426,  0,  0), Obj 6.448477E+07, DensityWeight 4.502650E-06, wHPWL 1.021779E+08, Overflow 4.344620E-01, MaxDensity 1.661E+01, gamma 9.324266E+01, time 0.728ms
[INFO   ] DREAMPlace - full step 3.494 ms
[INFO   ] DREAMPlace - optimizer step 2.282 ms
[INFO   ] DREAMPlace - iteration  427, ( 427,  0,  0), Obj 6.380005E+07, DensityWeight 4.616226E-06, wHPWL 1.021426E+08, Overflow 4.336806E-01, MaxDensity 1.777E+01, gamma 9.244511E+01, time 0.708ms
[INFO   ] DREAMPlace - full step 3.462 ms
[INFO   ] DREAMPlace - optimizer step 2.282 ms
[INFO   ] DREAMPlace - iteration  428, ( 428,  0,  0), Obj 6.333460E+07, DensityWeight 4.750097E-06, wHPWL 1.022297E+08, Overflow 4.320405E-01, MaxDensity 1.891E+01, gamma 9.207626E+01, time 0.705ms
[INFO   ] DREAMPlace - full step 3.460 ms
[INFO   ] DREAMPlace - optimizer step 2.295 ms
[INFO   ] DREAMPlace - iteration  429, ( 429,  0,  0), Obj 6.282214E+07, DensityWeight 4.927461E-06, wHPWL 1.022339E+08, Overflow 4.310847E-01, MaxDensity 1.942E+01, gamma 9.130673E+01, time 0.732ms
[INFO   ] DREAMPlace - full step 3.504 ms
[INFO   ] DREAMPlace - optimizer step 2.338 ms
[INFO   ] DREAMPlace - iteration  430, ( 430,  0,  0), Obj 6.245749E+07, DensityWeight 5.170760E-06, wHPWL 1.023015E+08, Overflow 4.290741E-01, MaxDensity 2.016E+01, gamma 9.086130E+01, time 0.735ms
[INFO   ] DREAMPlace - full step 3.539 ms
[INFO   ] DREAMPlace - optimizer step 2.293 ms
[INFO   ] DREAMPlace - iteration  431, ( 431,  0,  0), Obj 6.204749E+07, DensityWeight 5.378405E-06, wHPWL 1.023114E+08, Overflow 4.274010E-01, MaxDensity 2.190E+01, gamma 8.993134E+01, time 0.736ms
[INFO   ] DREAMPlace - full step 3.512 ms
[INFO   ] DREAMPlace - optimizer step 2.266 ms
[INFO   ] DREAMPlace - iteration  432, ( 432,  0,  0), Obj 6.727099E+07, DensityWeight 5.639508E-06, wHPWL 1.023719E+08, Overflow 4.252223E-01, MaxDensity 2.004E+01, gamma 8.916471E+01, time 0.719ms
[INFO   ] DREAMPlace - full step 3.453 ms
[INFO   ] DREAMPlace - optimizer step 2.284 ms
[INFO   ] DREAMPlace - iteration  433, ( 433,  0,  0), Obj 6.668410E+07, DensityWeight 5.871743E-06, wHPWL 1.025450E+08, Overflow 4.232585E-01, MaxDensity 1.781E+01, gamma 8.817621E+01, time 0.729ms
[INFO   ] DREAMPlace - full step 3.489 ms
[INFO   ] DREAMPlace - optimizer step 2.284 ms
[INFO   ] DREAMPlace - iteration  434, ( 434,  0,  0), Obj 6.601384E+07, DensityWeight 6.018403E-06, wHPWL 1.025846E+08, Overflow 4.206792E-01, MaxDensity 1.618E+01, gamma 8.729463E+01, time 0.727ms
[INFO   ] DREAMPlace - full step 3.485 ms
[INFO   ] DREAMPlace - optimizer step 2.303 ms
[INFO   ] DREAMPlace - iteration  435, ( 435,  0,  0), Obj 6.524347E+07, DensityWeight 6.284535E-06, wHPWL 1.027184E+08, Overflow 4.186896E-01, MaxDensity 1.591E+01, gamma 8.615008E+01, time 0.739ms
[INFO   ] DREAMPlace - full step 3.504 ms
[INFO   ] DREAMPlace - optimizer step 2.295 ms
[INFO   ] DREAMPlace - iteration  436, ( 436,  0,  0), Obj 6.471063E+07, DensityWeight 6.476808E-06, wHPWL 1.029488E+08, Overflow 4.158860E-01, MaxDensity 1.566E+01, gamma 8.527747E+01, time 0.712ms
[INFO   ] DREAMPlace - full step 3.481 ms
[INFO   ] DREAMPlace - optimizer step 2.289 ms
[INFO   ] DREAMPlace - iteration  437, ( 437,  0,  0), Obj 6.396675E+07, DensityWeight 6.585697E-06, wHPWL 1.029545E+08, Overflow 4.140452E-01, MaxDensity 1.383E+01, gamma 8.406285E+01, time 0.710ms
[INFO   ] DREAMPlace - full step 3.467 ms
[INFO   ] DREAMPlace - optimizer step 2.316 ms
[INFO   ] DREAMPlace - iteration  438, ( 438,  0,  0), Obj 6.349630E+07, DensityWeight 6.909424E-06, wHPWL 1.030972E+08, Overflow 4.124874E-01, MaxDensity 1.611E+01, gamma 8.327476E+01, time 0.730ms
[INFO   ] DREAMPlace - full step 3.515 ms
[INFO   ] DREAMPlace - optimizer step 2.378 ms
[INFO   ] DREAMPlace - iteration  439, ( 439,  0,  0), Obj 6.296021E+07, DensityWeight 7.112023E-06, wHPWL 1.031455E+08, Overflow 4.103613E-01, MaxDensity 1.662E+01, gamma 8.261364E+01, time 0.703ms
[INFO   ] DREAMPlace - full step 3.548 ms
[INFO   ] DREAMPlace - plotting to gammalocal_results/gpos/bigblue1/plot/iter0440.png takes 2.106 seconds
[INFO   ] DREAMPlace - optimizer step 3.689 ms
[INFO   ] DREAMPlace - iteration  440, ( 440,  0,  0), Obj 6.250381E+07, DensityWeight 7.417517E-06, wHPWL 1.031837E+08, Overflow 4.082463E-01, MaxDensity 1.430E+01, gamma 8.171975E+01, time 0.721ms
[INFO   ] DREAMPlace - full step 2112.087 ms
[INFO   ] DREAMPlace - optimizer step 2.429 ms
[INFO   ] DREAMPlace - iteration  441, ( 441,  0,  0), Obj 6.212779E+07, DensityWeight 7.747038E-06, wHPWL 1.032910E+08, Overflow 4.058534E-01, MaxDensity 1.735E+01, gamma 8.084014E+01, time 0.764ms
[INFO   ] DREAMPlace - full step 3.733 ms
[INFO   ] DREAMPlace - optimizer step 2.342 ms
[INFO   ] DREAMPlace - iteration  442, ( 442,  0,  0), Obj 6.976333E+07, DensityWeight 8.013690E-06, wHPWL 1.033717E+08, Overflow 4.031230E-01, MaxDensity 1.535E+01, gamma 7.985633E+01, time 0.727ms
[INFO   ] DREAMPlace - full step 3.553 ms
[INFO   ] DREAMPlace - optimizer step 2.337 ms
[INFO   ] DREAMPlace - iteration  443, ( 443,  0,  0), Obj 6.882162E+07, DensityWeight 8.320148E-06, wHPWL 1.031735E+08, Overflow 4.020959E-01, MaxDensity 1.206E+01, gamma 7.874842E+01, time 0.724ms
[INFO   ] DREAMPlace - full step 3.539 ms
[INFO   ] DREAMPlace - optimizer step 2.321 ms
[INFO   ] DREAMPlace - iteration  444, ( 444,  0,  0), Obj 6.816660E+07, DensityWeight 8.561433E-06, wHPWL 1.032272E+08, Overflow 3.998706E-01, MaxDensity 1.243E+01, gamma 7.833564E+01, time 0.721ms
[INFO   ] DREAMPlace - full step 3.505 ms
[INFO   ] DREAMPlace - optimizer step 2.326 ms
[INFO   ] DREAMPlace - iteration  445, ( 445,  0,  0), Obj 6.722447E+07, DensityWeight 8.922407E-06, wHPWL 1.031716E+08, Overflow 3.998980E-01, MaxDensity 1.512E+01, gamma 7.744875E+01, time 0.710ms
[INFO   ] DREAMPlace - full step 3.494 ms
[INFO   ] DREAMPlace - optimizer step 2.306 ms
[INFO   ] DREAMPlace - iteration  446, ( 446,  0,  0), Obj 6.658631E+07, DensityWeight 9.181157E-06, wHPWL 1.032993E+08, Overflow 3.987466E-01, MaxDensity 1.305E+01, gamma 7.745957E+01, time 0.714ms
[INFO   ] DREAMPlace - full step 3.494 ms
[INFO   ] DREAMPlace - optimizer step 2.316 ms
[INFO   ] DREAMPlace - iteration  447, ( 447,  0,  0), Obj 6.580407E+07, DensityWeight 9.470192E-06, wHPWL 1.032481E+08, Overflow 3.986796E-01, MaxDensity 1.357E+01, gamma 7.700458E+01, time 0.718ms
[INFO   ] DREAMPlace - full step 3.529 ms
[INFO   ] DREAMPlace - optimizer step 2.644 ms
[INFO   ] DREAMPlace - iteration  448, ( 448,  0,  0), Obj 6.527256E+07, DensityWeight 9.744827E-06, wHPWL 1.033401E+08, Overflow 3.982782E-01, MaxDensity 1.622E+01, gamma 7.697816E+01, time 0.710ms
[INFO   ] DREAMPlace - full step 3.819 ms
[INFO   ] DREAMPlace - optimizer step 2.349 ms
[INFO   ] DREAMPlace - iteration  449, ( 449,  0,  0), Obj 6.469200E+07, DensityWeight 1.010164E-05, wHPWL 1.033744E+08, Overflow 3.992184E-01, MaxDensity 1.683E+01, gamma 7.682024E+01, time 0.724ms
[INFO   ] DREAMPlace - full step 3.532 ms
[INFO   ] DREAMPlace - optimizer step 2.668 ms
[INFO   ] DREAMPlace - iteration  450, ( 450,  0,  0), Obj 6.424712E+07, DensityWeight 1.055621E-05, wHPWL 1.034583E+08, Overflow 3.984321E-01, MaxDensity 1.613E+01, gamma 7.719070E+01, time 0.721ms
[INFO   ] DREAMPlace - full step 3.847 ms
[INFO   ] DREAMPlace - optimizer step 2.437 ms
[INFO   ] DREAMPlace - iteration  451, ( 451,  0,  0), Obj 6.381475E+07, DensityWeight 1.095508E-05, wHPWL 1.035328E+08, Overflow 3.984880E-01, MaxDensity 1.531E+01, gamma 7.688078E+01, time 0.777ms
[INFO   ] DREAMPlace - full step 3.693 ms
[INFO   ] DREAMPlace - optimizer step 2.311 ms
[INFO   ] DREAMPlace - iteration  452, ( 452,  0,  0), Obj 7.250635E+07, DensityWeight 1.138395E-05, wHPWL 1.036265E+08, Overflow 3.977674E-01, MaxDensity 1.610E+01, gamma 7.690276E+01, time 0.712ms
[INFO   ] DREAMPlace - full step 3.500 ms
[INFO   ] DREAMPlace - optimizer step 2.313 ms
[INFO   ] DREAMPlace - iteration  453, ( 453,  0,  0), Obj 7.145497E+07, DensityWeight 1.179804E-05, wHPWL 1.032038E+08, Overflow 3.982737E-01, MaxDensity 1.380E+01, gamma 7.661971E+01, time 0.728ms
[INFO   ] DREAMPlace - full step 3.492 ms
[INFO   ] DREAMPlace - optimizer step 2.296 ms
[INFO   ] DREAMPlace - iteration  454, ( 454,  0,  0), Obj 7.071006E+07, DensityWeight 1.214019E-05, wHPWL 1.031191E+08, Overflow 3.965961E-01, MaxDensity 1.422E+01, gamma 7.681847E+01, time 0.726ms
[INFO   ] DREAMPlace - full step 3.483 ms
[INFO   ] DREAMPlace - optimizer step 2.301 ms
[INFO   ] DREAMPlace - iteration  455, ( 455,  0,  0), Obj 6.978785E+07, DensityWeight 1.249225E-05, wHPWL 1.030109E+08, Overflow 3.942340E-01, MaxDensity 1.536E+01, gamma 7.616188E+01, time 0.707ms
[INFO   ] DREAMPlace - full step 3.480 ms
[INFO   ] DREAMPlace - optimizer step 2.295 ms
[INFO   ] DREAMPlace - iteration  456, ( 456,  0,  0), Obj 6.912867E+07, DensityWeight 1.285453E-05, wHPWL 1.030985E+08, Overflow 3.922758E-01, MaxDensity 1.521E+01, gamma 7.524688E+01, time 0.726ms
[INFO   ] DREAMPlace - full step 3.484 ms
[INFO   ] DREAMPlace - optimizer step 2.316 ms
[INFO   ] DREAMPlace - iteration  457, ( 457,  0,  0), Obj 6.836049E+07, DensityWeight 1.333342E-05, wHPWL 1.030585E+08, Overflow 3.920621E-01, MaxDensity 1.610E+01, gamma 7.449671E+01, time 0.721ms
[INFO   ] DREAMPlace - full step 3.502 ms
[INFO   ] DREAMPlace - optimizer step 2.381 ms
[INFO   ] DREAMPlace - iteration  458, ( 458,  0,  0), Obj 6.775773E+07, DensityWeight 1.372009E-05, wHPWL 1.031028E+08, Overflow 3.910249E-01, MaxDensity 1.641E+01, gamma 7.441527E+01, time 0.723ms
[INFO   ] DREAMPlace - full step 3.567 ms
[INFO   ] DREAMPlace - optimizer step 2.320 ms
[INFO   ] DREAMPlace - iteration  459, ( 459,  0,  0), Obj 6.721530E+07, DensityWeight 1.431746E-05, wHPWL 1.031643E+08, Overflow 3.914483E-01, MaxDensity 1.549E+01, gamma 7.402139E+01, time 0.717ms
[INFO   ] DREAMPlace - full step 3.489 ms
[INFO   ] DREAMPlace - optimizer step 2.328 ms
[INFO   ] DREAMPlace - iteration  460, ( 460,  0,  0), Obj 6.666806E+07, DensityWeight 1.490504E-05, wHPWL 1.031368E+08, Overflow 3.909650E-01, MaxDensity 1.628E+01, gamma 7.418192E+01, time 1.182ms
[INFO   ] DREAMPlace - full step 3.982 ms
[INFO   ] DREAMPlace - optimizer step 21.515 ms
[INFO   ] DREAMPlace - iteration  461, ( 461,  0,  0), Obj 6.621207E+07, DensityWeight 1.533729E-05, wHPWL 1.031709E+08, Overflow 3.908357E-01, MaxDensity 1.610E+01, gamma 7.399871E+01, time 0.768ms
[INFO   ] DREAMPlace - full step 22.786 ms
[INFO   ] DREAMPlace - optimizer step 2.331 ms
[INFO   ] DREAMPlace - iteration  462, ( 462,  0,  0), Obj 7.214465E+07, DensityWeight 1.602779E-05, wHPWL 1.031930E+08, Overflow 3.888372E-01, MaxDensity 1.620E+01, gamma 7.394975E+01, time 0.740ms
[INFO   ] DREAMPlace - full step 3.590 ms
[INFO   ] DREAMPlace - optimizer step 2.336 ms
[INFO   ] DREAMPlace - iteration  463, ( 463,  0,  0), Obj 7.140260E+07, DensityWeight 1.677757E-05, wHPWL 1.031188E+08, Overflow 3.873577E-01, MaxDensity 1.602E+01, gamma 7.319740E+01, time 0.728ms
[INFO   ] DREAMPlace - full step 3.536 ms
[INFO   ] DREAMPlace - optimizer step 2.333 ms
[INFO   ] DREAMPlace - iteration  464, ( 464,  0,  0), Obj 7.072722E+07, DensityWeight 1.726412E-05, wHPWL 1.031081E+08, Overflow 3.839782E-01, MaxDensity 1.643E+01, gamma 7.264535E+01, time 0.721ms
[INFO   ] DREAMPlace - full step 3.523 ms
[INFO   ] DREAMPlace - optimizer step 2.326 ms
[INFO   ] DREAMPlace - iteration  465, ( 465,  0,  0), Obj 6.979126E+07, DensityWeight 1.776479E-05, wHPWL 1.030066E+08, Overflow 3.821863E-01, MaxDensity 1.387E+01, gamma 7.139996E+01, time 0.725ms
[INFO   ] DREAMPlace - full step 3.526 ms
[INFO   ] DREAMPlace - optimizer step 2.318 ms
[INFO   ] DREAMPlace - iteration  466, ( 466,  0,  0), Obj 6.920927E+07, DensityWeight 1.827996E-05, wHPWL 1.031302E+08, Overflow 3.799372E-01, MaxDensity 1.463E+01, gamma 7.074828E+01, time 0.735ms
[INFO   ] DREAMPlace - full step 3.528 ms
[INFO   ] DREAMPlace - optimizer step 2.318 ms
[INFO   ] DREAMPlace - iteration  467, ( 467,  0,  0), Obj 6.844499E+07, DensityWeight 1.886609E-05, wHPWL 1.030679E+08, Overflow 3.788764E-01, MaxDensity 1.312E+01, gamma 6.993874E+01, time 0.715ms
[INFO   ] DREAMPlace - full step 3.505 ms
[INFO   ] DREAMPlace - optimizer step 2.888 ms
[INFO   ] DREAMPlace - iteration  468, ( 468,  0,  0), Obj 6.789538E+07, DensityWeight 1.941320E-05, wHPWL 1.031055E+08, Overflow 3.783317E-01, MaxDensity 1.447E+01, gamma 6.956016E+01, time 0.747ms
[INFO   ] DREAMPlace - full step 4.104 ms
[INFO   ] DREAMPlace - optimizer step 2.351 ms
[INFO   ] DREAMPlace - iteration  469, ( 469,  0,  0), Obj 6.733915E+07, DensityWeight 2.027725E-05, wHPWL 1.030927E+08, Overflow 3.783900E-01, MaxDensity 1.490E+01, gamma 6.936655E+01, time 0.715ms
[INFO   ] DREAMPlace - full step 3.517 ms
[INFO   ] DREAMPlace - optimizer step 2.296 ms
[INFO   ] DREAMPlace - iteration  470, ( 470,  0,  0), Obj 6.690984E+07, DensityWeight 2.086529E-05, wHPWL 1.031178E+08, Overflow 3.792169E-01, MaxDensity 1.446E+01, gamma 6.938725E+01, time 0.766ms
[INFO   ] DREAMPlace - full step 3.508 ms
[INFO   ] DREAMPlace - optimizer step 2.391 ms
[INFO   ] DREAMPlace - iteration  471, ( 471,  0,  0), Obj 6.649602E+07, DensityWeight 2.183193E-05, wHPWL 1.031285E+08, Overflow 3.789758E-01, MaxDensity 1.652E+01, gamma 6.968145E+01, time 0.722ms
[INFO   ] DREAMPlace - full step 3.584 ms
[INFO   ] DREAMPlace - optimizer step 2.294 ms
[INFO   ] DREAMPlace - iteration  472, ( 472,  0,  0), Obj 7.289542E+07, DensityWeight 2.288939E-05, wHPWL 1.031871E+08, Overflow 3.783715E-01, MaxDensity 1.655E+01, gamma 6.959555E+01, time 0.715ms
[INFO   ] DREAMPlace - full step 3.468 ms
[INFO   ] DREAMPlace - optimizer step 2.300 ms
[INFO   ] DREAMPlace - iteration  473, ( 473,  0,  0), Obj 7.195345E+07, DensityWeight 2.383820E-05, wHPWL 1.030802E+08, Overflow 3.777010E-01, MaxDensity 1.234E+01, gamma 6.938067E+01, time 0.726ms
[INFO   ] DREAMPlace - full step 3.500 ms
[INFO   ] DREAMPlace - optimizer step 2.589 ms
[INFO   ] DREAMPlace - iteration  474, ( 474,  0,  0), Obj 7.132303E+07, DensityWeight 2.452951E-05, wHPWL 1.032800E+08, Overflow 3.741265E-01, MaxDensity 1.301E+01, gamma 6.914306E+01, time 0.706ms
[INFO   ] DREAMPlace - full step 3.770 ms
[INFO   ] DREAMPlace - optimizer step 2.623 ms
[INFO   ] DREAMPlace - iteration  475, ( 475,  0,  0), Obj 7.036664E+07, DensityWeight 2.504860E-05, wHPWL 1.033357E+08, Overflow 3.726524E-01, MaxDensity 1.223E+01, gamma 6.788991E+01, time 0.872ms
[INFO   ] DREAMPlace - full step 3.980 ms
[INFO   ] DREAMPlace - optimizer step 2.298 ms
[INFO   ] DREAMPlace - iteration  476, ( 476,  0,  0), Obj 6.983533E+07, DensityWeight 2.609750E-05, wHPWL 1.037284E+08, Overflow 3.688072E-01, MaxDensity 1.115E+01, gamma 6.737974E+01, time 0.721ms
[INFO   ] DREAMPlace - full step 3.492 ms
[INFO   ] DREAMPlace - optimizer step 2.371 ms
[INFO   ] DREAMPlace - iteration  477, ( 477,  0,  0), Obj 6.907251E+07, DensityWeight 2.603226E-05, wHPWL 1.038451E+08, Overflow 3.675772E-01, MaxDensity 1.144E+01, gamma 6.606698E+01, time 0.715ms
[INFO   ] DREAMPlace - full step 3.562 ms
[INFO   ] DREAMPlace - optimizer step 2.315 ms
[INFO   ] DREAMPlace - iteration  478, ( 478,  0,  0), Obj 6.854786E+07, DensityWeight 2.689254E-05, wHPWL 1.041071E+08, Overflow 3.659385E-01, MaxDensity 1.133E+01, gamma 6.565249E+01, time 0.723ms
[INFO   ] DREAMPlace - full step 3.524 ms
[INFO   ] DREAMPlace - optimizer step 2.261 ms
[INFO   ] DREAMPlace - iteration  479, ( 479,  0,  0), Obj 6.797079E+07, DensityWeight 2.722478E-05, wHPWL 1.042808E+08, Overflow 3.663941E-01, MaxDensity 1.179E+01, gamma 6.510430E+01, time 0.726ms
[INFO   ] DREAMPlace - full step 3.434 ms
[INFO   ] DREAMPlace - plotting to gammalocal_results/gpos/bigblue1/plot/iter0480.png takes 2.139 seconds
[INFO   ] DREAMPlace - optimizer step 10.178 ms
[INFO   ] DREAMPlace - iteration  480, ( 480,  0,  0), Obj 6.751767E+07, DensityWeight 2.790198E-05, wHPWL 1.044659E+08, Overflow 3.658673E-01, MaxDensity 1.230E+01, gamma 6.525624E+01, time 0.733ms
[INFO   ] DREAMPlace - full step 2152.181 ms
[INFO   ] DREAMPlace - optimizer step 3.698 ms
[INFO   ] DREAMPlace - iteration  481, ( 481,  0,  0), Obj 6.707582E+07, DensityWeight 2.855071E-05, wHPWL 1.046213E+08, Overflow 3.662424E-01, MaxDensity 1.427E+01, gamma 6.508060E+01, time 0.821ms
[INFO   ] DREAMPlace - full step 5.090 ms
[INFO   ] DREAMPlace - optimizer step 2.369 ms
[INFO   ] DREAMPlace - iteration  482, ( 482,  0,  0), Obj 7.689403E+07, DensityWeight 2.933588E-05, wHPWL 1.047150E+08, Overflow 3.670590E-01, MaxDensity 1.936E+01, gamma 6.520560E+01, time 0.739ms
[INFO   ] DREAMPlace - full step 3.608 ms
[INFO   ] DREAMPlace - optimizer step 2.387 ms
[INFO   ] DREAMPlace - iteration  483, ( 483,  0,  0), Obj 7.577659E+07, DensityWeight 3.040317E-05, wHPWL 1.044688E+08, Overflow 3.657888E-01, MaxDensity 1.330E+01, gamma 6.547862E+01, time 0.715ms
[INFO   ] DREAMPlace - full step 3.582 ms
[INFO   ] DREAMPlace - optimizer step 3.359 ms
[INFO   ] DREAMPlace - iteration  484, ( 484,  0,  0), Obj 7.494899E+07, DensityWeight 3.128487E-05, wHPWL 1.045018E+08, Overflow 3.629325E-01, MaxDensity 1.271E+01, gamma 6.505444E+01, time 0.702ms
[INFO   ] DREAMPlace - full step 4.554 ms
[INFO   ] DREAMPlace - optimizer step 2.383 ms
[INFO   ] DREAMPlace - iteration  485, ( 485,  0,  0), Obj 7.390832E+07, DensityWeight 3.269827E-05, wHPWL 1.043897E+08, Overflow 3.597742E-01, MaxDensity 1.425E+01, gamma 6.411057E+01, time 0.718ms
[INFO   ] DREAMPlace - full step 3.576 ms
[INFO   ] DREAMPlace - optimizer step 2.524 ms
[INFO   ] DREAMPlace - iteration  486, ( 486,  0,  0), Obj 7.308693E+07, DensityWeight 3.364652E-05, wHPWL 1.043772E+08, Overflow 3.575694E-01, MaxDensity 1.374E+01, gamma 6.308284E+01, time 0.727ms
[INFO   ] DREAMPlace - full step 3.723 ms
[INFO   ] DREAMPlace - optimizer step 2.659 ms
[INFO   ] DREAMPlace - iteration  487, ( 487,  0,  0), Obj 7.222097E+07, DensityWeight 3.462227E-05, wHPWL 1.042718E+08, Overflow 3.561311E-01, MaxDensity 1.222E+01, gamma 6.237514E+01, time 0.744ms
[INFO   ] DREAMPlace - full step 3.896 ms
[INFO   ] DREAMPlace - optimizer step 2.417 ms
[INFO   ] DREAMPlace - iteration  488, ( 488,  0,  0), Obj 7.151234E+07, DensityWeight 3.562632E-05, wHPWL 1.042307E+08, Overflow 3.558662E-01, MaxDensity 1.238E+01, gamma 6.191780E+01, time 0.719ms
[INFO   ] DREAMPlace - full step 3.612 ms
[INFO   ] DREAMPlace - optimizer step 2.446 ms
[INFO   ] DREAMPlace - iteration  489, ( 489,  0,  0), Obj 7.085783E+07, DensityWeight 3.665948E-05, wHPWL 1.042040E+08, Overflow 3.563229E-01, MaxDensity 1.199E+01, gamma 6.183391E+01, time 0.709ms
[INFO   ] DREAMPlace - full step 3.615 ms
[INFO   ] DREAMPlace - optimizer step 2.614 ms
[INFO   ] DREAMPlace - iteration  490, ( 490,  0,  0), Obj 7.033709E+07, DensityWeight 3.772261E-05, wHPWL 1.042353E+08, Overflow 3.566794E-01, MaxDensity 1.177E+01, gamma 6.197858E+01, time 0.707ms
[INFO   ] DREAMPlace - full step 3.833 ms
[INFO   ] DREAMPlace - optimizer step 2.587 ms
[INFO   ] DREAMPlace - iteration  491, ( 491,  0,  0), Obj 6.986251E+07, DensityWeight 3.943658E-05, wHPWL 1.042735E+08, Overflow 3.569385E-01, MaxDensity 1.161E+01, gamma 6.209172E+01, time 5.259ms
[INFO   ] DREAMPlace - full step 8.383 ms
[INFO   ] DREAMPlace - optimizer step 2.347 ms
[INFO   ] DREAMPlace - iteration  492, ( 492,  0,  0), Obj 7.557106E+07, DensityWeight 4.118830E-05, wHPWL 1.042788E+08, Overflow 3.567142E-01, MaxDensity 1.208E+01, gamma 6.217410E+01, time 0.710ms
[INFO   ] DREAMPlace - full step 3.511 ms
[INFO   ] DREAMPlace - optimizer step 2.367 ms
[INFO   ] DREAMPlace - iteration  493, ( 493,  0,  0), Obj 7.462956E+07, DensityWeight 4.321614E-05, wHPWL 1.042203E+08, Overflow 3.548520E-01, MaxDensity 1.291E+01, gamma 6.210282E+01, time 0.695ms
[INFO   ] DREAMPlace - full step 3.545 ms
[INFO   ] DREAMPlace - optimizer step 10.909 ms
[INFO   ] DREAMPlace - iteration  494, ( 494,  0,  0), Obj 7.391224E+07, DensityWeight 4.446941E-05, wHPWL 1.044271E+08, Overflow 3.496559E-01, MaxDensity 1.409E+01, gamma 6.151388E+01, time 10.656ms
[INFO   ] DREAMPlace - full step 22.032 ms
[INFO   ] DREAMPlace - optimizer step 10.139 ms
[INFO   ] DREAMPlace - iteration  495, ( 495,  0,  0), Obj 7.285950E+07, DensityWeight 4.536618E-05, wHPWL 1.044513E+08, Overflow 3.466264E-01, MaxDensity 1.612E+01, gamma 5.989991E+01, time 5.197ms
[INFO   ] DREAMPlace - full step 15.816 ms
[INFO   ] DREAMPlace - optimizer step 2.458 ms
[INFO   ] DREAMPlace - iteration  496, ( 496,  0,  0), Obj 7.222762E+07, DensityWeight 4.747391E-05, wHPWL 1.047966E+08, Overflow 3.441221E-01, MaxDensity 1.389E+01, gamma 5.897852E+01, time 3.764ms
[INFO   ] DREAMPlace - full step 6.696 ms
[INFO   ] DREAMPlace - optimizer step 2.346 ms
[INFO   ] DREAMPlace - iteration  497, ( 497,  0,  0), Obj 7.138498E+07, DensityWeight 4.750521E-05, wHPWL 1.048735E+08, Overflow 3.420066E-01, MaxDensity 1.093E+01, gamma 5.822757E+01, time 0.719ms
[INFO   ] DREAMPlace - full step 3.531 ms
[INFO   ] DREAMPlace - optimizer step 2.303 ms
[INFO   ] DREAMPlace - iteration  498, ( 498,  0,  0), Obj 7.080748E+07, DensityWeight 4.934836E-05, wHPWL 1.051106E+08, Overflow 3.410410E-01, MaxDensity 1.119E+01, gamma 5.760069E+01, time 0.726ms
[INFO   ] DREAMPlace - full step 3.506 ms
[INFO   ] DREAMPlace - optimizer step 2.323 ms
[INFO   ] DREAMPlace - iteration  499, ( 499,  0,  0), Obj 7.014964E+07, DensityWeight 5.013164E-05, wHPWL 1.052109E+08, Overflow 3.405903E-01, MaxDensity 1.212E+01, gamma 5.731680E+01, time 0.719ms
[INFO   ] DREAMPlace - full step 3.520 ms
[INFO   ] DREAMPlace - optimizer step 18.405 ms
[INFO   ] DREAMPlace - iteration  500, ( 500,  0,  0), Obj 6.969632E+07, DensityWeight 5.190739E-05, wHPWL 1.054185E+08, Overflow 3.404208E-01, MaxDensity 1.183E+01, gamma 5.718476E+01, time 2.918ms
[INFO   ] DREAMPlace - full step 21.861 ms
[INFO   ] DREAMPlace - optimizer step 11.982 ms
[INFO   ] DREAMPlace - iteration  501, ( 501,  0,  0), Obj 6.918886E+07, DensityWeight 5.294766E-05, wHPWL 1.055017E+08, Overflow 3.413760E-01, MaxDensity 1.203E+01, gamma 5.713520E+01, time 2.142ms
[INFO   ] DREAMPlace - full step 14.657 ms
[INFO   ] DREAMPlace - optimizer step 21.180 ms
[INFO   ] DREAMPlace - iteration  502, ( 502,  0,  0), Obj 7.980099E+07, DensityWeight 5.495410E-05, wHPWL 1.056181E+08, Overflow 3.416685E-01, MaxDensity 1.118E+01, gamma 5.741512E+01, time 4.406ms
[INFO   ] DREAMPlace - full step 26.051 ms
[INFO   ] DREAMPlace - optimizer step 2.590 ms
[INFO   ] DREAMPlace - iteration  503, ( 503,  0,  0), Obj 7.843786E+07, DensityWeight 5.677288E-05, wHPWL 1.051572E+08, Overflow 3.397070E-01, MaxDensity 1.328E+01, gamma 5.750114E+01, time 0.819ms
[INFO   ] DREAMPlace - full step 3.891 ms
[INFO   ] DREAMPlace - optimizer step 2.330 ms
[INFO   ] DREAMPlace - iteration  504, ( 504,  0,  0), Obj 7.774009E+07, DensityWeight 5.841930E-05, wHPWL 1.053635E+08, Overflow 3.349770E-01, MaxDensity 1.287E+01, gamma 5.692688E+01, time 0.721ms
[INFO   ] DREAMPlace - full step 3.515 ms
[INFO   ] DREAMPlace - optimizer step 2.338 ms
[INFO   ] DREAMPlace - iteration  505, ( 505,  0,  0), Obj 7.657605E+07, DensityWeight 5.960144E-05, wHPWL 1.052411E+08, Overflow 3.312974E-01, MaxDensity 1.222E+01, gamma 5.556563E+01, time 0.746ms
[INFO   ] DREAMPlace - full step 3.557 ms
[INFO   ] DREAMPlace - optimizer step 5.966 ms
[INFO   ] DREAMPlace - iteration  506, ( 506,  0,  0), Obj 7.575035E+07, DensityWeight 6.132988E-05, wHPWL 1.053287E+08, Overflow 3.280431E-01, MaxDensity 1.132E+01, gamma 5.452925E+01, time 0.776ms
[INFO   ] DREAMPlace - full step 7.212 ms
[INFO   ] DREAMPlace - optimizer step 9.124 ms
[INFO   ] DREAMPlace - iteration  507, ( 507,  0,  0), Obj 7.474382E+07, DensityWeight 6.361485E-05, wHPWL 1.051901E+08, Overflow 3.260608E-01, MaxDensity 1.184E+01, gamma 5.362875E+01, time 9.050ms
[INFO   ] DREAMPlace - full step 18.652 ms
[INFO   ] DREAMPlace - optimizer step 16.993 ms
[INFO   ] DREAMPlace - iteration  508, ( 508,  0,  0), Obj 7.405445E+07, DensityWeight 6.545968E-05, wHPWL 1.052547E+08, Overflow 3.242872E-01, MaxDensity 1.084E+01, gamma 5.308754E+01, time 6.222ms
[INFO   ] DREAMPlace - full step 23.759 ms
[INFO   ] DREAMPlace - optimizer step 6.413 ms
[INFO   ] DREAMPlace - iteration  509, ( 509,  0,  0), Obj 7.330588E+07, DensityWeight 6.811655E-05, wHPWL 1.051751E+08, Overflow 3.251854E-01, MaxDensity 1.265E+01, gamma 5.260793E+01, time 9.611ms
[INFO   ] DREAMPlace - full step 16.553 ms
[INFO   ] DREAMPlace - optimizer step 2.400 ms
[INFO   ] DREAMPlace - iteration  510, ( 510,  0,  0), Obj 7.272657E+07, DensityWeight 7.009194E-05, wHPWL 1.051811E+08, Overflow 3.266610E-01, MaxDensity 1.279E+01, gamma 5.285026E+01, time 0.777ms
[INFO   ] DREAMPlace - full step 3.623 ms
[INFO   ] DREAMPlace - optimizer step 2.326 ms
[INFO   ] DREAMPlace - iteration  511, ( 511,  0,  0), Obj 7.222558E+07, DensityWeight 7.353500E-05, wHPWL 1.051911E+08, Overflow 3.284767E-01, MaxDensity 1.231E+01, gamma 5.325080E+01, time 0.726ms
[INFO   ] DREAMPlace - full step 3.505 ms
[INFO   ] DREAMPlace - optimizer step 6.503 ms
[INFO   ] DREAMPlace - iteration  512, ( 512,  0,  0), Obj 7.973112E+07, DensityWeight 7.710401E-05, wHPWL 1.051911E+08, Overflow 3.293754E-01, MaxDensity 1.131E+01, gamma 5.374786E+01, time 1.658ms
[INFO   ] DREAMPlace - full step 8.607 ms
[INFO   ] DREAMPlace - optimizer step 12.191 ms
[INFO   ] DREAMPlace - iteration  513, ( 513,  0,  0), Obj 7.853840E+07, DensityWeight 7.934003E-05, wHPWL 1.048446E+08, Overflow 3.274089E-01, MaxDensity 1.067E+01, gamma 5.399559E+01, time 7.756ms
[INFO   ] DREAMPlace - full step 20.398 ms
[INFO   ] DREAMPlace - optimizer step 10.694 ms
[INFO   ] DREAMPlace - iteration  514, ( 514,  0,  0), Obj 7.786612E+07, DensityWeight 8.164089E-05, wHPWL 1.050917E+08, Overflow 3.205489E-01, MaxDensity 1.104E+01, gamma 5.345501E+01, time 4.261ms
[INFO   ] DREAMPlace - full step 15.433 ms
[INFO   ] DREAMPlace - optimizer step 4.169 ms
[INFO   ] DREAMPlace - iteration  515, ( 515,  0,  0), Obj 7.685012E+07, DensityWeight 8.282082E-05, wHPWL 1.051624E+08, Overflow 3.161209E-01, MaxDensity 1.053E+01, gamma 5.161120E+01, time 6.345ms
[INFO   ] DREAMPlace - full step 10.984 ms
[INFO   ] DREAMPlace - optimizer step 5.128 ms
[INFO   ] DREAMPlace - iteration  516, ( 516,  0,  0), Obj 7.618110E+07, DensityWeight 8.610819E-05, wHPWL 1.054972E+08, Overflow 3.116191E-01, MaxDensity 1.123E+01, gamma 5.045496E+01, time 1.163ms
[INFO   ] DREAMPlace - full step 6.751 ms
[INFO   ] DREAMPlace - optimizer step 6.414 ms
[INFO   ] DREAMPlace - iteration  517, ( 517,  0,  0), Obj 7.532558E+07, DensityWeight 8.629142E-05, wHPWL 1.055798E+08, Overflow 3.104538E-01, MaxDensity 1.011E+01, gamma 4.930601E+01, time 0.844ms
[INFO   ] DREAMPlace - full step 7.852 ms
[INFO   ] DREAMPlace - optimizer step 10.970 ms
[INFO   ] DREAMPlace - iteration  518, ( 518,  0,  0), Obj 7.472595E+07, DensityWeight 8.956859E-05, wHPWL 1.057979E+08, Overflow 3.103503E-01, MaxDensity 1.252E+01, gamma 4.901289E+01, time 9.044ms
[INFO   ] DREAMPlace - full step 20.549 ms
[INFO   ] DREAMPlace - optimizer step 8.212 ms
[INFO   ] DREAMPlace - iteration  519, ( 519,  0,  0), Obj 7.406998E+07, DensityWeight 9.123096E-05, wHPWL 1.058660E+08, Overflow 3.121472E-01, MaxDensity 9.825E+00, gamma 4.898694E+01, time 5.100ms
[INFO   ] DREAMPlace - full step 13.757 ms
[INFO   ] DREAMPlace - plotting to gammalocal_results/gpos/bigblue1/plot/iter0520.png takes 2.137 seconds
[INFO   ] DREAMPlace - optimizer step 5.734 ms
[INFO   ] DREAMPlace - iteration  520, ( 520,  0,  0), Obj 7.352850E+07, DensityWeight 9.488705E-05, wHPWL 1.059436E+08, Overflow 3.135603E-01, MaxDensity 1.046E+01, gamma 4.943943E+01, time 2.327ms
[INFO   ] DREAMPlace - full step 2147.170 ms
[INFO   ] DREAMPlace - optimizer step 2.418 ms
[INFO   ] DREAMPlace - iteration  521, ( 521,  0,  0), Obj 7.309153E+07, DensityWeight 9.855956E-05, wHPWL 1.060466E+08, Overflow 3.148488E-01, MaxDensity 1.027E+01, gamma 4.979820E+01, time 0.792ms
[INFO   ] DREAMPlace - full step 3.747 ms
[INFO   ] DREAMPlace - optimizer step 2.363 ms
[INFO   ] DREAMPlace - iteration  522, ( 522,  0,  0), Obj 8.136150E+07, DensityWeight 1.020118E-04, wHPWL 1.060914E+08, Overflow 3.157387E-01, MaxDensity 1.020E+01, gamma 5.012760E+01, time 3.814ms
[INFO   ] DREAMPlace - full step 6.660 ms
[INFO   ] DREAMPlace - optimizer step 2.594 ms
[INFO   ] DREAMPlace - iteration  523, ( 523,  0,  0), Obj 8.036977E+07, DensityWeight 1.064463E-04, wHPWL 1.060933E+08, Overflow 3.127386E-01, MaxDensity 1.026E+01, gamma 5.035639E+01, time 0.826ms
[INFO   ] DREAMPlace - full step 3.876 ms
[INFO   ] DREAMPlace - optimizer step 2.333 ms
[INFO   ] DREAMPlace - iteration  524, ( 524,  0,  0), Obj 7.968100E+07, DensityWeight 1.117385E-04, wHPWL 1.064355E+08, Overflow 3.072283E-01, MaxDensity 9.000E+00, gamma 4.958925E+01, time 0.732ms
[INFO   ] DREAMPlace - full step 3.534 ms
[INFO   ] DREAMPlace - optimizer step 2.303 ms
[INFO   ] DREAMPlace - iteration  525, ( 525,  0,  0), Obj 7.853500E+07, DensityWeight 1.118600E-04, wHPWL 1.064430E+08, Overflow 3.020476E-01, MaxDensity 9.159E+00, gamma 4.821059E+01, time 0.723ms
[INFO   ] DREAMPlace - full step 3.498 ms
[INFO   ] DREAMPlace - optimizer step 2.369 ms
[INFO   ] DREAMPlace - iteration  526, ( 526,  0,  0), Obj 7.778044E+07, DensityWeight 1.173313E-04, wHPWL 1.067362E+08, Overflow 2.972528E-01, MaxDensity 9.698E+00, gamma 4.694938E+01, time 0.711ms
[INFO   ] DREAMPlace - full step 3.543 ms
[INFO   ] DREAMPlace - optimizer step 2.409 ms
[INFO   ] DREAMPlace - iteration  527, ( 527,  0,  0), Obj 7.675049E+07, DensityWeight 1.182632E-04, wHPWL 1.066803E+08, Overflow 2.960370E-01, MaxDensity 9.895E+00, gamma 4.581152E+01, time 0.710ms
[INFO   ] DREAMPlace - full step 3.584 ms
[INFO   ] DREAMPlace - optimizer step 2.324 ms
[INFO   ] DREAMPlace - iteration  528, ( 528,  0,  0), Obj 7.604374E+07, DensityWeight 1.216929E-04, wHPWL 1.068229E+08, Overflow 2.942507E-01, MaxDensity 9.958E+00, gamma 4.552742E+01, time 0.722ms
[INFO   ] DREAMPlace - full step 3.525 ms
[INFO   ] DREAMPlace - optimizer step 2.425 ms
[INFO   ] DREAMPlace - iteration  529, ( 529,  0,  0), Obj 7.527693E+07, DensityWeight 1.252616E-04, wHPWL 1.068028E+08, Overflow 2.962268E-01, MaxDensity 9.854E+00, gamma 4.511318E+01, time 0.694ms
[INFO   ] DREAMPlace - full step 3.575 ms
[INFO   ] DREAMPlace - optimizer step 2.270 ms
[INFO   ] DREAMPlace - iteration  530, ( 530,  0,  0), Obj 7.465532E+07, DensityWeight 1.288942E-04, wHPWL 1.068045E+08, Overflow 2.972605E-01, MaxDensity 1.012E+01, gamma 4.557165E+01, time 0.733ms
[INFO   ] DREAMPlace - full step 3.461 ms
[INFO   ] DREAMPlace - optimizer step 2.392 ms
[INFO   ] DREAMPlace - iteration  531, ( 531,  0,  0), Obj 7.403554E+07, DensityWeight 1.353086E-04, wHPWL 1.067287E+08, Overflow 2.990609E-01, MaxDensity 1.212E+01, gamma 4.581333E+01, time 0.708ms
[INFO   ] DREAMPlace - full step 3.560 ms
[INFO   ] DREAMPlace - optimizer step 2.329 ms
[INFO   ] DREAMPlace - iteration  532, ( 532,  0,  0), Obj 8.322404E+07, DensityWeight 1.392325E-04, wHPWL 1.067206E+08, Overflow 2.991159E-01, MaxDensity 1.271E+01, gamma 4.623733E+01, time 0.710ms
[INFO   ] DREAMPlace - full step 3.491 ms
[INFO   ] DREAMPlace - optimizer step 2.449 ms
[INFO   ] DREAMPlace - iteration  533, ( 533,  0,  0), Obj 8.183257E+07, DensityWeight 1.432703E-04, wHPWL 1.061776E+08, Overflow 2.969042E-01, MaxDensity 1.276E+01, gamma 4.625034E+01, time 0.711ms
[INFO   ] DREAMPlace - full step 3.614 ms
[INFO   ] DREAMPlace - optimizer step 2.372 ms
[INFO   ] DREAMPlace - iteration  534, ( 534,  0,  0), Obj 8.119274E+07, DensityWeight 1.474251E-04, wHPWL 1.064292E+08, Overflow 2.887897E-01, MaxDensity 1.143E+01, gamma 4.572987E+01, time 0.710ms
[INFO   ] DREAMPlace - full step 3.554 ms
[INFO   ] DREAMPlace - optimizer step 2.415 ms
[INFO   ] DREAMPlace - iteration  535, ( 535,  0,  0), Obj 7.998968E+07, DensityWeight 1.494611E-04, wHPWL 1.062545E+08, Overflow 2.828825E-01, MaxDensity 1.065E+01, gamma 4.387003E+01, time 0.697ms
[INFO   ] DREAMPlace - full step 3.577 ms
[INFO   ] DREAMPlace - optimizer step 2.367 ms
[INFO   ] DREAMPlace - iteration  536, ( 536,  0,  0), Obj 7.923686E+07, DensityWeight 1.537955E-04, wHPWL 1.064378E+08, Overflow 2.782838E-01, MaxDensity 1.010E+01, gamma 4.256384E+01, time 0.712ms
[INFO   ] DREAMPlace - full step 3.551 ms
[INFO   ] DREAMPlace - optimizer step 2.326 ms
[INFO   ] DREAMPlace - iteration  537, ( 537,  0,  0), Obj 7.824154E+07, DensityWeight 1.574097E-04, wHPWL 1.063266E+08, Overflow 2.781781E-01, MaxDensity 8.601E+00, gamma 4.157396E+01, time 0.705ms
[INFO   ] DREAMPlace - full step 3.495 ms
[INFO   ] DREAMPlace - optimizer step 2.321 ms
[INFO   ] DREAMPlace - iteration  538, ( 538,  0,  0), Obj 7.756706E+07, DensityWeight 1.619746E-04, wHPWL 1.064185E+08, Overflow 2.783576E-01, MaxDensity 8.903E+00, gamma 4.155149E+01, time 0.723ms
[INFO   ] DREAMPlace - full step 3.508 ms
[INFO   ] DREAMPlace - optimizer step 2.357 ms
[INFO   ] DREAMPlace - iteration  539, ( 539,  0,  0), Obj 7.686855E+07, DensityWeight 1.679082E-04, wHPWL 1.064069E+08, Overflow 2.800170E-01, MaxDensity 9.490E+00, gamma 4.158967E+01, time 0.705ms
[INFO   ] DREAMPlace - full step 3.524 ms
[INFO   ] DREAMPlace - optimizer step 2.431 ms
[INFO   ] DREAMPlace - iteration  540, ( 540,  0,  0), Obj 7.629762E+07, DensityWeight 1.727775E-04, wHPWL 1.064003E+08, Overflow 2.826298E-01, MaxDensity 1.006E+01, gamma 4.194431E+01, time 0.752ms
[INFO   ] DREAMPlace - full step 3.650 ms
[INFO   ] DREAMPlace - optimizer step 2.476 ms
[INFO   ] DREAMPlace - iteration  541, ( 541,  0,  0), Obj 7.577240E+07, DensityWeight 1.777881E-04, wHPWL 1.063644E+08, Overflow 2.845483E-01, MaxDensity 1.044E+01, gamma 4.250883E+01, time 6.412ms
[INFO   ] DREAMPlace - full step 9.352 ms
[INFO   ] DREAMPlace - optimizer step 2.381 ms
[INFO   ] DREAMPlace - iteration  542, ( 542,  0,  0), Obj 8.403478E+07, DensityWeight 1.829439E-04, wHPWL 1.063601E+08, Overflow 2.853279E-01, MaxDensity 9.175E+00, gamma 4.292818E+01, time 0.715ms
[INFO   ] DREAMPlace - full step 3.551 ms
[INFO   ] DREAMPlace - optimizer step 2.375 ms
[INFO   ] DREAMPlace - iteration  543, ( 543,  0,  0), Obj 8.298049E+07, DensityWeight 1.882493E-04, wHPWL 1.062093E+08, Overflow 2.819228E-01, MaxDensity 1.191E+01, gamma 4.309977E+01, time 0.726ms
[INFO   ] DREAMPlace - full step 3.565 ms
[INFO   ] DREAMPlace - optimizer step 2.327 ms
[INFO   ] DREAMPlace - iteration  544, ( 544,  0,  0), Obj 8.228864E+07, DensityWeight 1.937086E-04, wHPWL 1.064862E+08, Overflow 2.749350E-01, MaxDensity 1.012E+01, gamma 4.235533E+01, time 0.700ms
[INFO   ] DREAMPlace - full step 3.534 ms
[INFO   ] DREAMPlace - optimizer step 2.373 ms
[INFO   ] DREAMPlace - iteration  545, ( 545,  0,  0), Obj 8.128548E+07, DensityWeight 1.956931E-04, wHPWL 1.064728E+08, Overflow 2.711124E-01, MaxDensity 8.257E+00, gamma 4.086765E+01, time 0.720ms
[INFO   ] DREAMPlace - full step 3.555 ms
[INFO   ] DREAMPlace - optimizer step 2.358 ms
[INFO   ] DREAMPlace - iteration  546, ( 546,  0,  0), Obj 8.049604E+07, DensityWeight 2.013682E-04, wHPWL 1.065567E+08, Overflow 2.688694E-01, MaxDensity 8.644E+00, gamma 4.007606E+01, time 0.693ms
[INFO   ] DREAMPlace - full step 3.532 ms
[INFO   ] DREAMPlace - optimizer step 2.352 ms
[INFO   ] DREAMPlace - iteration  547, ( 547,  0,  0), Obj 7.954699E+07, DensityWeight 2.089790E-04, wHPWL 1.063946E+08, Overflow 2.687146E-01, MaxDensity 8.262E+00, gamma 3.961873E+01, time 0.736ms
[INFO   ] DREAMPlace - full step 3.556 ms
[INFO   ] DREAMPlace - optimizer step 2.323 ms
[INFO   ] DREAMPlace - iteration  548, ( 548,  0,  0), Obj 7.884316E+07, DensityWeight 2.150394E-04, wHPWL 1.063629E+08, Overflow 2.705607E-01, MaxDensity 7.816E+00, gamma 3.958737E+01, time 1.311ms
[INFO   ] DREAMPlace - full step 4.076 ms
[INFO   ] DREAMPlace - optimizer step 2.367 ms
[INFO   ] DREAMPlace - iteration  549, ( 549,  0,  0), Obj 7.816186E+07, DensityWeight 2.212755E-04, wHPWL 1.062811E+08, Overflow 2.732369E-01, MaxDensity 8.645E+00, gamma 3.996307E+01, time 0.731ms
[INFO   ] DREAMPlace - full step 3.558 ms
[INFO   ] DREAMPlace - optimizer step 2.350 ms
[INFO   ] DREAMPlace - iteration  550, ( 550,  0,  0), Obj 7.756998E+07, DensityWeight 2.276925E-04, wHPWL 1.061826E+08, Overflow 2.755366E-01, MaxDensity 8.863E+00, gamma 4.051409E+01, time 0.723ms
[INFO   ] DREAMPlace - full step 3.538 ms
[INFO   ] DREAMPlace - optimizer step 2.340 ms
[INFO   ] DREAMPlace - iteration  551, ( 551,  0,  0), Obj 7.703782E+07, DensityWeight 2.342956E-04, wHPWL 1.060643E+08, Overflow 2.775008E-01, MaxDensity 8.754E+00, gamma 4.099364E+01, time 0.735ms
[INFO   ] DREAMPlace - full step 3.522 ms
[INFO   ] DREAMPlace - optimizer step 2.405 ms
[INFO   ] DREAMPlace - iteration  552, ( 552,  0,  0), Obj 8.374050E+07, DensityWeight 2.410902E-04, wHPWL 1.059630E+08, Overflow 2.783231E-01, MaxDensity 8.873E+00, gamma 4.140774E+01, time 0.711ms
[INFO   ] DREAMPlace - full step 3.604 ms
[INFO   ] DREAMPlace - optimizer step 2.391 ms
[INFO   ] DREAMPlace - iteration  553, ( 553,  0,  0), Obj 8.266058E+07, DensityWeight 2.480818E-04, wHPWL 1.056721E+08, Overflow 2.759485E-01, MaxDensity 9.154E+00, gamma 4.158232E+01, time 1.337ms
[INFO   ] DREAMPlace - full step 4.184 ms
[INFO   ] DREAMPlace - optimizer step 4.493 ms
[INFO   ] DREAMPlace - iteration  554, ( 554,  0,  0), Obj 8.195078E+07, DensityWeight 2.552762E-04, wHPWL 1.059015E+08, Overflow 2.690046E-01, MaxDensity 8.668E+00, gamma 4.108014E+01, time 0.918ms
[INFO   ] DREAMPlace - full step 5.862 ms
[INFO   ] DREAMPlace - optimizer step 2.322 ms
[INFO   ] DREAMPlace - iteration  555, ( 555,  0,  0), Obj 8.087790E+07, DensityWeight 2.596055E-04, wHPWL 1.058730E+08, Overflow 2.651389E-01, MaxDensity 9.043E+00, gamma 3.964613E+01, time 0.756ms
[INFO   ] DREAMPlace - full step 3.562 ms
[INFO   ] DREAMPlace - optimizer step 5.963 ms
[INFO   ] DREAMPlace - iteration  556, ( 556,  0,  0), Obj 8.012826E+07, DensityWeight 2.671341E-04, wHPWL 1.060591E+08, Overflow 2.623271E-01, MaxDensity 8.586E+00, gamma 3.886965E+01, time 2.557ms
[INFO   ] DREAMPlace - full step 8.998 ms
[INFO   ] DREAMPlace - optimizer step 2.341 ms
[INFO   ] DREAMPlace - iteration  557, ( 557,  0,  0), Obj 7.917404E+07, DensityWeight 2.733070E-04, wHPWL 1.059904E+08, Overflow 2.616105E-01, MaxDensity 7.968E+00, gamma 3.831441E+01, time 0.722ms
[INFO   ] DREAMPlace - full step 3.536 ms
[INFO   ] DREAMPlace - optimizer step 2.322 ms
[INFO   ] DREAMPlace - iteration  558, ( 558,  0,  0), Obj 7.848937E+07, DensityWeight 2.812329E-04, wHPWL 1.060473E+08, Overflow 2.620486E-01, MaxDensity 8.513E+00, gamma 3.817418E+01, time 0.713ms
[INFO   ] DREAMPlace - full step 3.495 ms
[INFO   ] DREAMPlace - optimizer step 3.094 ms
[INFO   ] DREAMPlace - iteration  559, ( 559,  0,  0), Obj 7.778765E+07, DensityWeight 2.929614E-04, wHPWL 1.059890E+08, Overflow 2.652880E-01, MaxDensity 8.610E+00, gamma 3.825984E+01, time 0.707ms
[INFO   ] DREAMPlace - full step 4.246 ms
[INFO   ] DREAMPlace - plotting to gammalocal_results/gpos/bigblue1/plot/iter0560.png takes 2.109 seconds
[INFO   ] DREAMPlace - optimizer step 4.266 ms
[INFO   ] DREAMPlace - iteration  560, ( 560,  0,  0), Obj 7.717887E+07, DensityWeight 3.014573E-04, wHPWL 1.059043E+08, Overflow 2.659343E-01, MaxDensity 9.579E+00, gamma 3.889931E+01, time 1.732ms
[INFO   ] DREAMPlace - full step 2116.315 ms
[INFO   ] DREAMPlace - optimizer step 2.570 ms
[INFO   ] DREAMPlace - iteration  561, ( 561,  0,  0), Obj 7.666374E+07, DensityWeight 3.101996E-04, wHPWL 1.058174E+08, Overflow 2.668151E-01, MaxDensity 9.817E+00, gamma 3.902816E+01, time 0.773ms
[INFO   ] DREAMPlace - full step 3.979 ms
[INFO   ] DREAMPlace - optimizer step 2.687 ms
[INFO   ] DREAMPlace - iteration  562, ( 562,  0,  0), Obj 8.431827E+07, DensityWeight 3.191954E-04, wHPWL 1.057149E+08, Overflow 2.667293E-01, MaxDensity 8.486E+00, gamma 3.920445E+01, time 0.724ms
[INFO   ] DREAMPlace - full step 3.880 ms
[INFO   ] DREAMPlace - optimizer step 2.370 ms
[INFO   ] DREAMPlace - iteration  563, ( 563,  0,  0), Obj 8.338042E+07, DensityWeight 3.284520E-04, wHPWL 1.056639E+08, Overflow 2.606797E-01, MaxDensity 9.839E+00, gamma 3.918725E+01, time 0.757ms
[INFO   ] DREAMPlace - full step 3.608 ms
[INFO   ] DREAMPlace - optimizer step 2.523 ms
[INFO   ] DREAMPlace - iteration  564, ( 564,  0,  0), Obj 8.291706E+07, DensityWeight 3.379772E-04, wHPWL 1.061075E+08, Overflow 2.503647E-01, MaxDensity 9.158E+00, gamma 3.799279E+01, time 0.731ms
[INFO   ] DREAMPlace - full step 3.724 ms
[INFO   ] DREAMPlace - optimizer step 3.243 ms
[INFO   ] DREAMPlace - iteration  565, ( 565,  0,  0), Obj 8.191320E+07, DensityWeight 3.371322E-04, wHPWL 1.060821E+08, Overflow 2.452398E-01, MaxDensity 9.355E+00, gamma 3.603951E+01, time 67.779ms
[INFO   ] DREAMPlace - full step 71.555 ms
[INFO   ] DREAMPlace - optimizer step 9.748 ms
[INFO   ] DREAMPlace - iteration  566, ( 566,  0,  0), Obj 8.129843E+07, DensityWeight 3.469090E-04, wHPWL 1.063284E+08, Overflow 2.402860E-01, MaxDensity 8.761E+00, gamma 3.510673E+01, time 0.823ms
[INFO   ] DREAMPlace - full step 11.081 ms
[INFO   ] DREAMPlace - optimizer step 2.387 ms
[INFO   ] DREAMPlace - iteration  567, ( 567,  0,  0), Obj 8.036991E+07, DensityWeight 3.519570E-04, wHPWL 1.061866E+08, Overflow 2.415943E-01, MaxDensity 8.369E+00, gamma 3.422802E+01, time 0.746ms
[INFO   ] DREAMPlace - full step 3.615 ms
[INFO   ] DREAMPlace - optimizer step 2.339 ms
[INFO   ] DREAMPlace - iteration  568, ( 568,  0,  0), Obj 7.974953E+07, DensityWeight 3.621638E-04, wHPWL 1.062085E+08, Overflow 2.432240E-01, MaxDensity 9.074E+00, gamma 3.445793E+01, time 0.726ms
[INFO   ] DREAMPlace - full step 3.529 ms
[INFO   ] DREAMPlace - optimizer step 2.344 ms
[INFO   ] DREAMPlace - iteration  569, ( 569,  0,  0), Obj 7.908232E+07, DensityWeight 3.791134E-04, wHPWL 1.060973E+08, Overflow 2.449244E-01, MaxDensity 7.925E+00, gamma 3.474648E+01, time 0.724ms
[INFO   ] DREAMPlace - full step 3.525 ms
[INFO   ] DREAMPlace - optimizer step 2.430 ms
[INFO   ] DREAMPlace - iteration  570, ( 570,  0,  0), Obj 7.851175E+07, DensityWeight 3.901077E-04, wHPWL 1.059382E+08, Overflow 2.472804E-01, MaxDensity 9.911E+00, gamma 3.505010E+01, time 6.420ms
[INFO   ] DREAMPlace - full step 9.299 ms
[INFO   ] DREAMPlace - optimizer step 2.977 ms
[INFO   ] DREAMPlace - iteration  571, ( 571,  0,  0), Obj 7.800520E+07, DensityWeight 4.014209E-04, wHPWL 1.057738E+08, Overflow 2.487285E-01, MaxDensity 8.869E+00, gamma 3.547522E+01, time 4.362ms
[INFO   ] DREAMPlace - full step 7.808 ms
[INFO   ] DREAMPlace - optimizer step 2.352 ms
[INFO   ] DREAMPlace - iteration  572, ( 572,  0,  0), Obj 8.479282E+07, DensityWeight 4.130621E-04, wHPWL 1.056542E+08, Overflow 2.492341E-01, MaxDensity 9.256E+00, gamma 3.573904E+01, time 1.231ms
[INFO   ] DREAMPlace - full step 4.027 ms
[INFO   ] DREAMPlace - optimizer step 2.543 ms
[INFO   ] DREAMPlace - iteration  573, ( 573,  0,  0), Obj 8.376063E+07, DensityWeight 4.250409E-04, wHPWL 1.054249E+08, Overflow 2.466789E-01, MaxDensity 9.447E+00, gamma 3.583162E+01, time 0.724ms
[INFO   ] DREAMPlace - full step 3.711 ms
[INFO   ] DREAMPlace - optimizer step 2.495 ms
[INFO   ] DREAMPlace - iteration  574, ( 574,  0,  0), Obj 8.327474E+07, DensityWeight 4.373671E-04, wHPWL 1.058520E+08, Overflow 2.398415E-01, MaxDensity 8.203E+00, gamma 3.536619E+01, time 0.721ms
[INFO   ] DREAMPlace - full step 3.701 ms
[INFO   ] DREAMPlace - optimizer step 2.316 ms
[INFO   ] DREAMPlace - iteration  575, ( 575,  0,  0), Obj 8.222872E+07, DensityWeight 4.362737E-04, wHPWL 1.057963E+08, Overflow 2.375923E-01, MaxDensity 7.495E+00, gamma 3.415026E+01, time 0.741ms
[INFO   ] DREAMPlace - full step 3.526 ms
[INFO   ] DREAMPlace - optimizer step 2.301 ms
[INFO   ] DREAMPlace - iteration  576, ( 576,  0,  0), Obj 8.156154E+07, DensityWeight 4.489256E-04, wHPWL 1.060148E+08, Overflow 2.357970E-01, MaxDensity 7.874E+00, gamma 3.375949E+01, time 0.704ms
[INFO   ] DREAMPlace - full step 3.486 ms
[INFO   ] DREAMPlace - optimizer step 2.387 ms
[INFO   ] DREAMPlace - iteration  577, ( 577,  0,  0), Obj 8.065790E+07, DensityWeight 4.572367E-04, wHPWL 1.058953E+08, Overflow 2.377847E-01, MaxDensity 7.358E+00, gamma 3.345079E+01, time 6.699ms
[INFO   ] DREAMPlace - full step 9.545 ms
[INFO   ] DREAMPlace - optimizer step 2.360 ms
[INFO   ] DREAMPlace - iteration  578, ( 578,  0,  0), Obj 7.996260E+07, DensityWeight 4.704966E-04, wHPWL 1.058331E+08, Overflow 2.396619E-01, MaxDensity 7.403E+00, gamma 3.379274E+01, time 0.935ms
[INFO   ] DREAMPlace - full step 3.743 ms
[INFO   ] DREAMPlace - optimizer step 2.324 ms
[INFO   ] DREAMPlace - iteration  579, ( 579,  0,  0), Obj 7.926762E+07, DensityWeight 4.841410E-04, wHPWL 1.056551E+08, Overflow 2.417813E-01, MaxDensity 6.982E+00, gamma 3.411889E+01, time 0.695ms
[INFO   ] DREAMPlace - full step 3.471 ms
[INFO   ] DREAMPlace - optimizer step 2.323 ms
[INFO   ] DREAMPlace - iteration  580, ( 580,  0,  0), Obj 7.871076E+07, DensityWeight 4.981811E-04, wHPWL 1.054935E+08, Overflow 2.428760E-01, MaxDensity 8.045E+00, gamma 3.449091E+01, time 0.936ms
[INFO   ] DREAMPlace - full step 3.715 ms
[INFO   ] DREAMPlace - optimizer step 2.309 ms
[INFO   ] DREAMPlace - iteration  581, ( 581,  0,  0), Obj 7.821332E+07, DensityWeight 5.126284E-04, wHPWL 1.053044E+08, Overflow 2.437414E-01, MaxDensity 7.443E+00, gamma 3.468466E+01, time 0.753ms
[INFO   ] DREAMPlace - full step 3.514 ms
[INFO   ] DREAMPlace - optimizer step 2.308 ms
[INFO   ] DREAMPlace - iteration  582, ( 582,  0,  0), Obj 8.629451E+07, DensityWeight 5.274946E-04, wHPWL 1.051496E+08, Overflow 2.421721E-01, MaxDensity 7.221E+00, gamma 3.483859E+01, time 0.709ms
[INFO   ] DREAMPlace - full step 3.468 ms
[INFO   ] DREAMPlace - optimizer step 2.325 ms
[INFO   ] DREAMPlace - iteration  583, ( 583,  0,  0), Obj 8.510850E+07, DensityWeight 5.427920E-04, wHPWL 1.047702E+08, Overflow 2.374687E-01, MaxDensity 8.911E+00, gamma 3.455996E+01, time 3.949ms
[INFO   ] DREAMPlace - full step 6.732 ms
[INFO   ] DREAMPlace - optimizer step 2.359 ms
[INFO   ] DREAMPlace - iteration  584, ( 584,  0,  0), Obj 8.464542E+07, DensityWeight 5.585329E-04, wHPWL 1.051381E+08, Overflow 2.286571E-01, MaxDensity 8.000E+00, gamma 3.373814E+01, time 6.782ms
[INFO   ] DREAMPlace - full step 9.605 ms
[INFO   ] DREAMPlace - optimizer step 2.307 ms
[INFO   ] DREAMPlace - iteration  585, ( 585,  0,  0), Obj 8.370783E+07, DensityWeight 5.571395E-04, wHPWL 1.050492E+08, Overflow 2.260473E-01, MaxDensity 6.637E+00, gamma 3.225074E+01, time 0.720ms
[INFO   ] DREAMPlace - full step 3.498 ms
[INFO   ] DREAMPlace - optimizer step 2.361 ms
[INFO   ] DREAMPlace - iteration  586, ( 586,  0,  0), Obj 8.292234E+07, DensityWeight 5.732965E-04, wHPWL 1.049927E+08, Overflow 2.252936E-01, MaxDensity 6.317E+00, gamma 3.182294E+01, time 0.713ms
[INFO   ] DREAMPlace - full step 3.538 ms
[INFO   ] DREAMPlace - optimizer step 2.287 ms
[INFO   ] DREAMPlace - iteration  587, ( 587,  0,  0), Obj 8.204052E+07, DensityWeight 5.899221E-04, wHPWL 1.047414E+08, Overflow 2.283367E-01, MaxDensity 7.467E+00, gamma 3.170044E+01, time 0.707ms
[INFO   ] DREAMPlace - full step 3.465 ms
[INFO   ] DREAMPlace - optimizer step 2.337 ms
[INFO   ] DREAMPlace - iteration  588, ( 588,  0,  0), Obj 8.134238E+07, DensityWeight 6.070299E-04, wHPWL 1.045653E+08, Overflow 2.294631E-01, MaxDensity 6.240E+00, gamma 3.219792E+01, time 0.706ms
[INFO   ] DREAMPlace - full step 3.484 ms
[INFO   ] DREAMPlace - optimizer step 2.303 ms
[INFO   ] DREAMPlace - iteration  589, ( 589,  0,  0), Obj 8.067225E+07, DensityWeight 6.246338E-04, wHPWL 1.043081E+08, Overflow 2.314074E-01, MaxDensity 6.196E+00, gamma 3.238404E+01, time 0.723ms
[INFO   ] DREAMPlace - full step 3.470 ms
[INFO   ] DREAMPlace - optimizer step 2.422 ms
[INFO   ] DREAMPlace - iteration  590, ( 590,  0,  0), Obj 8.014015E+07, DensityWeight 6.427482E-04, wHPWL 1.040946E+08, Overflow 2.311430E-01, MaxDensity 6.237E+00, gamma 3.270782E+01, time 0.722ms
[INFO   ] DREAMPlace - full step 3.580 ms
[INFO   ] DREAMPlace - optimizer step 2.304 ms
[INFO   ] DREAMPlace - iteration  591, ( 591,  0,  0), Obj 7.966653E+07, DensityWeight 6.613879E-04, wHPWL 1.038598E+08, Overflow 2.305062E-01, MaxDensity 7.035E+00, gamma 3.266359E+01, time 2.606ms
[INFO   ] DREAMPlace - full step 5.361 ms
[INFO   ] DREAMPlace - optimizer step 2.309 ms
[INFO   ] DREAMPlace - iteration  592, ( 592,  0,  0), Obj 8.464010E+07, DensityWeight 6.805682E-04, wHPWL 1.036913E+08, Overflow 2.300202E-01, MaxDensity 6.166E+00, gamma 3.255734E+01, time 0.707ms
[INFO   ] DREAMPlace - full step 3.455 ms
[INFO   ] DREAMPlace - optimizer step 2.299 ms
[INFO   ] DREAMPlace - iteration  593, ( 593,  0,  0), Obj 8.366441E+07, DensityWeight 7.003048E-04, wHPWL 1.034565E+08, Overflow 2.257464E-01, MaxDensity 8.580E+00, gamma 3.247648E+01, time 0.719ms
[INFO   ] DREAMPlace - full step 3.463 ms
[INFO   ] DREAMPlace - optimizer step 2.272 ms
[INFO   ] DREAMPlace - iteration  594, ( 594,  0,  0), Obj 8.321165E+07, DensityWeight 7.206136E-04, wHPWL 1.037922E+08, Overflow 2.183863E-01, MaxDensity 6.610E+00, gamma 3.177398E+01, time 0.697ms
[INFO   ] DREAMPlace - full step 3.444 ms
[INFO   ] DREAMPlace - optimizer step 2.301 ms
[INFO   ] DREAMPlace - iteration  595, ( 595,  0,  0), Obj 8.228107E+07, DensityWeight 7.220568E-04, wHPWL 1.036881E+08, Overflow 2.157765E-01, MaxDensity 7.730E+00, gamma 3.059960E+01, time 0.702ms
[INFO   ] DREAMPlace - full step 3.474 ms
[INFO   ] DREAMPlace - optimizer step 2.284 ms
[INFO   ] DREAMPlace - iteration  596, ( 596,  0,  0), Obj 8.164490E+07, DensityWeight 7.429965E-04, wHPWL 1.037374E+08, Overflow 2.152334E-01, MaxDensity 6.779E+00, gamma 3.019370E+01, time 0.712ms
[INFO   ] DREAMPlace - full step 3.474 ms
[INFO   ] DREAMPlace - optimizer step 2.307 ms
[INFO   ] DREAMPlace - iteration  597, ( 597,  0,  0), Obj 8.087432E+07, DensityWeight 7.748053E-04, wHPWL 1.035668E+08, Overflow 2.165055E-01, MaxDensity 6.433E+00, gamma 3.010990E+01, time 0.709ms
[INFO   ] DREAMPlace - full step 3.468 ms
[INFO   ] DREAMPlace - optimizer step 2.321 ms
[INFO   ] DREAMPlace - iteration  598, ( 598,  0,  0), Obj 8.027804E+07, DensityWeight 7.972747E-04, wHPWL 1.034319E+08, Overflow 2.166571E-01, MaxDensity 6.995E+00, gamma 3.030653E+01, time 0.724ms
[INFO   ] DREAMPlace - full step 3.484 ms
[INFO   ] DREAMPlace - optimizer step 2.329 ms
[INFO   ] DREAMPlace - iteration  599, ( 599,  0,  0), Obj 7.973992E+07, DensityWeight 8.203957E-04, wHPWL 1.032673E+08, Overflow 2.173601E-01, MaxDensity 6.636E+00, gamma 3.033006E+01, time 0.724ms
[INFO   ] DREAMPlace - full step 3.499 ms
[INFO   ] DREAMPlace - plotting to gammalocal_results/gpos/bigblue1/plot/iter0600.png takes 2.111 seconds
[INFO   ] DREAMPlace - optimizer step 4.281 ms
[INFO   ] DREAMPlace - iteration  600, ( 600,  0,  0), Obj 7.930691E+07, DensityWeight 8.441872E-04, wHPWL 1.031043E+08, Overflow 2.163383E-01, MaxDensity 6.864E+00, gamma 3.043935E+01, time 0.713ms
[INFO   ] DREAMPlace - full step 2118.966 ms
[INFO   ] DREAMPlace - optimizer step 2.381 ms
[INFO   ] DREAMPlace - iteration  601, ( 601,  0,  0), Obj 7.896527E+07, DensityWeight 8.686687E-04, wHPWL 1.029777E+08, Overflow 2.152434E-01, MaxDensity 6.371E+00, gamma 3.028062E+01, time 0.798ms
[INFO   ] DREAMPlace - full step 3.722 ms
[INFO   ] DREAMPlace - optimizer step 2.315 ms
[INFO   ] DREAMPlace - iteration  602, ( 602,  0,  0), Obj 8.570980E+07, DensityWeight 8.938601E-04, wHPWL 1.028261E+08, Overflow 2.132500E-01, MaxDensity 6.553E+00, gamma 3.011145E+01, time 0.707ms
[INFO   ] DREAMPlace - full step 3.531 ms
[INFO   ] DREAMPlace - optimizer step 2.349 ms
[INFO   ] DREAMPlace - iteration  603, ( 603,  0,  0), Obj 8.463698E+07, DensityWeight 9.197820E-04, wHPWL 1.023618E+08, Overflow 2.127654E-01, MaxDensity 7.001E+00, gamma 2.980586E+01, time 0.710ms
[INFO   ] DREAMPlace - full step 3.536 ms
[INFO   ] DREAMPlace - optimizer step 2.322 ms
[INFO   ] DREAMPlace - iteration  604, ( 604,  0,  0), Obj 8.415024E+07, DensityWeight 9.464558E-04, wHPWL 1.025150E+08, Overflow 2.085724E-01, MaxDensity 6.328E+00, gamma 2.973205E+01, time 0.781ms
[INFO   ] DREAMPlace - full step 3.579 ms
[INFO   ] DREAMPlace - optimizer step 2.509 ms
[INFO   ] DREAMPlace - iteration  605, ( 605,  0,  0), Obj 8.325374E+07, DensityWeight 9.727834E-04, wHPWL 1.022635E+08, Overflow 2.079712E-01, MaxDensity 7.100E+00, gamma 2.910095E+01, time 0.809ms
[INFO   ] DREAMPlace - full step 3.791 ms
[INFO   ] DREAMPlace - optimizer step 2.295 ms
[INFO   ] DREAMPlace - iteration  606, ( 606,  0,  0), Obj 8.262816E+07, DensityWeight 1.000994E-03, wHPWL 1.021645E+08, Overflow 2.084814E-01, MaxDensity 7.059E+00, gamma 2.901157E+01, time 0.738ms
[INFO   ] DREAMPlace - full step 3.479 ms
[INFO   ] DREAMPlace - optimizer step 2.306 ms
[INFO   ] DREAMPlace - iteration  607, ( 607,  0,  0), Obj 8.187018E+07, DensityWeight 1.030023E-03, wHPWL 1.018448E+08, Overflow 2.092866E-01, MaxDensity 6.746E+00, gamma 2.908740E+01, time 0.720ms
[INFO   ] DREAMPlace - full step 3.480 ms
[INFO   ] DREAMPlace - optimizer step 2.287 ms
[INFO   ] DREAMPlace - iteration  608, ( 608,  0,  0), Obj 8.133136E+07, DensityWeight 1.059894E-03, wHPWL 1.016558E+08, Overflow 2.084951E-01, MaxDensity 6.159E+00, gamma 2.920749E+01, time 0.719ms
[INFO   ] DREAMPlace - full step 3.459 ms
[INFO   ] DREAMPlace - optimizer step 2.299 ms
[INFO   ] DREAMPlace - iteration  609, ( 609,  0,  0), Obj 8.083682E+07, DensityWeight 1.090631E-03, wHPWL 1.014333E+08, Overflow 2.082053E-01, MaxDensity 5.185E+00, gamma 2.908945E+01, time 0.712ms
[INFO   ] DREAMPlace - full step 3.458 ms
[INFO   ] DREAMPlace - optimizer step 17.956 ms
[INFO   ] DREAMPlace - iteration  610, ( 610,  0,  0), Obj 8.042341E+07, DensityWeight 1.122259E-03, wHPWL 1.012224E+08, Overflow 2.066285E-01, MaxDensity 6.451E+00, gamma 2.904633E+01, time 9.765ms
[INFO   ] DREAMPlace - full step 28.193 ms
[INFO   ] DREAMPlace - optimizer step 5.208 ms
[INFO   ] DREAMPlace - iteration  611, ( 611,  0,  0), Obj 8.009374E+07, DensityWeight 1.154805E-03, wHPWL 1.010529E+08, Overflow 2.060624E-01, MaxDensity 5.554E+00, gamma 2.881293E+01, time 6.773ms
[INFO   ] DREAMPlace - full step 12.468 ms
[INFO   ] DREAMPlace - optimizer step 2.282 ms
[INFO   ] DREAMPlace - iteration  612, ( 612,  0,  0), Obj 8.461979E+07, DensityWeight 1.188294E-03, wHPWL 1.009011E+08, Overflow 2.054879E-01, MaxDensity 5.515E+00, gamma 2.872958E+01, time 0.716ms
[INFO   ] DREAMPlace - full step 3.477 ms
[INFO   ] DREAMPlace - optimizer step 3.156 ms
[INFO   ] DREAMPlace - iteration  613, ( 613,  0,  0), Obj 8.364925E+07, DensityWeight 1.222755E-03, wHPWL 1.004462E+08, Overflow 2.045086E-01, MaxDensity 5.662E+00, gamma 2.864526E+01, time 12.624ms
[INFO   ] DREAMPlace - full step 16.247 ms
[INFO   ] DREAMPlace - optimizer step 2.319 ms
[INFO   ] DREAMPlace - iteration  614, ( 614,  0,  0), Obj 8.326435E+07, DensityWeight 1.258215E-03, wHPWL 1.005972E+08, Overflow 2.002717E-01, MaxDensity 5.793E+00, gamma 2.850208E+01, time 0.721ms
[INFO   ] DREAMPlace - full step 3.515 ms
[INFO   ] DREAMPlace - optimizer step 2.297 ms
[INFO   ] DREAMPlace - iteration  615, ( 615,  0,  0), Obj 8.251746E+07, DensityWeight 1.293611E-03, wHPWL 1.003990E+08, Overflow 1.995164E-01, MaxDensity 5.488E+00, gamma 2.789081E+01, time 0.717ms
[INFO   ] DREAMPlace - full step 3.473 ms
[INFO   ] DREAMPlace - optimizer step 2.296 ms
[INFO   ] DREAMPlace - iteration  616, ( 616,  0,  0), Obj 8.198822E+07, DensityWeight 1.331126E-03, wHPWL 1.002910E+08, Overflow 1.986415E-01, MaxDensity 5.219E+00, gamma 2.778323E+01, time 0.712ms
[INFO   ] DREAMPlace - full step 3.467 ms
[INFO   ] DREAMPlace - optimizer step 2.316 ms
[INFO   ] DREAMPlace - iteration  617, ( 617,  0,  0), Obj 8.133583E+07, DensityWeight 1.369729E-03, wHPWL 9.999973E+07, Overflow 1.980848E-01, MaxDensity 5.297E+00, gamma 2.765913E+01, time 0.726ms
[INFO   ] DREAMPlace - full step 3.504 ms
[INFO   ] DREAMPlace - optimizer step 2.334 ms
[INFO   ] DREAMPlace - iteration  618, ( 618,  0,  0), Obj 8.091311E+07, DensityWeight 1.409451E-03, wHPWL 9.984089E+07, Overflow 1.971141E-01, MaxDensity 6.191E+00, gamma 2.758046E+01, time 0.703ms
[INFO   ] DREAMPlace - full step 3.496 ms
[INFO   ] DREAMPlace - optimizer step 2.424 ms
[INFO   ] DREAMPlace - iteration  619, ( 619,  0,  0), Obj 8.045719E+07, DensityWeight 1.450325E-03, wHPWL 9.959622E+07, Overflow 1.960701E-01, MaxDensity 5.995E+00, gamma 2.744380E+01, time 0.706ms
[INFO   ] DREAMPlace - full step 3.593 ms
[INFO   ] DREAMPlace - optimizer step 2.305 ms
[INFO   ] DREAMPlace - iteration  620, ( 620,  0,  0), Obj 8.012058E+07, DensityWeight 1.492385E-03, wHPWL 9.942010E+07, Overflow 1.945796E-01, MaxDensity 4.782E+00, gamma 2.729758E+01, time 0.720ms
[INFO   ] DREAMPlace - full step 3.488 ms
[INFO   ] DREAMPlace - optimizer step 2.284 ms
[INFO   ] DREAMPlace - iteration  621, ( 621,  0,  0), Obj 7.980210E+07, DensityWeight 1.535664E-03, wHPWL 9.923038E+07, Overflow 1.933688E-01, MaxDensity 5.047E+00, gamma 2.709018E+01, time 0.724ms
[INFO   ] DREAMPlace - full step 3.477 ms
[INFO   ] DREAMPlace - optimizer step 2.335 ms
[INFO   ] DREAMPlace - iteration  622, ( 622,  0,  0), Obj 8.477573E+07, DensityWeight 1.580198E-03, wHPWL 9.903002E+07, Overflow 1.918166E-01, MaxDensity 5.403E+00, gamma 2.692287E+01, time 3.865ms
[INFO   ] DREAMPlace - full step 6.694 ms
[INFO   ] DREAMPlace - optimizer step 2.297 ms
[INFO   ] DREAMPlace - iteration  623, ( 623,  0,  0), Obj 8.393971E+07, DensityWeight 1.626024E-03, wHPWL 9.852027E+07, Overflow 1.918412E-01, MaxDensity 5.416E+00, gamma 2.670989E+01, time 0.713ms
[INFO   ] DREAMPlace - full step 3.450 ms
[INFO   ] DREAMPlace - optimizer step 2.277 ms
[INFO   ] DREAMPlace - iteration  624, ( 624,  0,  0), Obj 8.357377E+07, DensityWeight 1.673179E-03, wHPWL 9.852277E+07, Overflow 1.894237E-01, MaxDensity 4.994E+00, gamma 2.671325E+01, time 0.720ms
[INFO   ] DREAMPlace - full step 3.459 ms
[INFO   ] DREAMPlace - optimizer step 2.292 ms
[INFO   ] DREAMPlace - iteration  625, ( 625,  0,  0), Obj 8.292382E+07, DensityWeight 1.756226E-03, wHPWL 9.825803E+07, Overflow 1.898583E-01, MaxDensity 5.740E+00, gamma 2.638484E+01, time 0.710ms
[INFO   ] DREAMPlace - full step 3.448 ms
[INFO   ] DREAMPlace - optimizer step 2.283 ms
[INFO   ] DREAMPlace - iteration  626, ( 626,  0,  0), Obj 8.249467E+07, DensityWeight 1.807157E-03, wHPWL 9.812710E+07, Overflow 1.879497E-01, MaxDensity 5.522E+00, gamma 2.644358E+01, time 0.732ms
[INFO   ] DREAMPlace - full step 3.483 ms
[INFO   ] DREAMPlace - optimizer step 2.279 ms
[INFO   ] DREAMPlace - iteration  627, ( 627,  0,  0), Obj 8.193767E+07, DensityWeight 1.859565E-03, wHPWL 9.783166E+07, Overflow 1.878929E-01, MaxDensity 5.536E+00, gamma 2.618659E+01, time 0.713ms
[INFO   ] DREAMPlace - full step 3.446 ms
[INFO   ] DREAMPlace - optimizer step 2.278 ms
[INFO   ] DREAMPlace - iteration  628, ( 628,  0,  0), Obj 8.157686E+07, DensityWeight 1.913492E-03, wHPWL 9.767192E+07, Overflow 1.851375E-01, MaxDensity 4.516E+00, gamma 2.617898E+01, time 0.720ms
[INFO   ] DREAMPlace - full step 3.462 ms
[INFO   ] DREAMPlace - optimizer step 2.296 ms
[INFO   ] DREAMPlace - iteration  629, ( 629,  0,  0), Obj 8.121723E+07, DensityWeight 1.968984E-03, wHPWL 9.747582E+07, Overflow 1.840794E-01, MaxDensity 4.753E+00, gamma 2.581247E+01, time 0.714ms
[INFO   ] DREAMPlace - full step 3.470 ms
[INFO   ] DREAMPlace - optimizer step 2.276 ms
[INFO   ] DREAMPlace - iteration  630, ( 630,  0,  0), Obj 8.089709E+07, DensityWeight 2.026084E-03, wHPWL 9.729231E+07, Overflow 1.819729E-01, MaxDensity 4.924E+00, gamma 2.567310E+01, time 0.736ms
[INFO   ] DREAMPlace - full step 3.477 ms
[INFO   ] DREAMPlace - optimizer step 2.268 ms
[INFO   ] DREAMPlace - iteration  631, ( 631,  0,  0), Obj 8.062241E+07, DensityWeight 2.084841E-03, wHPWL 9.713715E+07, Overflow 1.811665E-01, MaxDensity 4.720E+00, gamma 2.539787E+01, time 0.714ms
[INFO   ] DREAMPlace - full step 3.449 ms
[INFO   ] DREAMPlace - optimizer step 2.282 ms
[INFO   ] DREAMPlace - iteration  632, ( 632,  0,  0), Obj 8.378467E+07, DensityWeight 2.145301E-03, wHPWL 9.698678E+07, Overflow 1.798821E-01, MaxDensity 4.215E+00, gamma 2.529329E+01, time 0.698ms
[INFO   ] DREAMPlace - full step 3.457 ms
[INFO   ] DREAMPlace - optimizer step 2.323 ms
[INFO   ] DREAMPlace - iteration  633, ( 633,  0,  0), Obj 8.308301E+07, DensityWeight 2.207515E-03, wHPWL 9.660544E+07, Overflow 1.808977E-01, MaxDensity 4.667E+00, gamma 2.512760E+01, time 0.708ms
[INFO   ] DREAMPlace - full step 3.485 ms
[INFO   ] DREAMPlace - optimizer step 2.296 ms
[INFO   ] DREAMPlace - iteration  634, ( 634,  0,  0), Obj 8.285934E+07, DensityWeight 2.271533E-03, wHPWL 9.672834E+07, Overflow 1.784720E-01, MaxDensity 4.582E+00, gamma 2.525852E+01, time 0.703ms
[INFO   ] DREAMPlace - full step 3.461 ms
[INFO   ] DREAMPlace - optimizer step 2.303 ms
[INFO   ] DREAMPlace - iteration  635, ( 635,  0,  0), Obj 8.231846E+07, DensityWeight 2.344596E-03, wHPWL 9.655162E+07, Overflow 1.778026E-01, MaxDensity 4.354E+00, gamma 2.494694E+01, time 0.718ms
[INFO   ] DREAMPlace - full step 3.487 ms
[INFO   ] DREAMPlace - optimizer step 2.259 ms
[INFO   ] DREAMPlace - iteration  636, ( 636,  0,  0), Obj 8.194975E+07, DensityWeight 2.412589E-03, wHPWL 9.646254E+07, Overflow 1.771270E-01, MaxDensity 4.592E+00, gamma 2.486164E+01, time 0.722ms
[INFO   ] DREAMPlace - full step 3.450 ms
[INFO   ] DREAMPlace - optimizer step 2.297 ms
[INFO   ] DREAMPlace - iteration  637, ( 637,  0,  0), Obj 8.151331E+07, DensityWeight 2.482555E-03, wHPWL 9.625638E+07, Overflow 1.754082E-01, MaxDensity 4.517E+00, gamma 2.477584E+01, time 0.729ms
[INFO   ] DREAMPlace - full step 3.497 ms
[INFO   ] DREAMPlace - optimizer step 2.294 ms
[INFO   ] DREAMPlace - iteration  638, ( 638,  0,  0), Obj 8.120254E+07, DensityWeight 2.554549E-03, wHPWL 9.612148E+07, Overflow 1.733580E-01, MaxDensity 5.103E+00, gamma 2.455891E+01, time 0.701ms
[INFO   ] DREAMPlace - full step 3.467 ms
[INFO   ] DREAMPlace - optimizer step 9.056 ms
[INFO   ] DREAMPlace - iteration  639, ( 639,  0,  0), Obj 8.088115E+07, DensityWeight 2.628631E-03, wHPWL 9.594462E+07, Overflow 1.721828E-01, MaxDensity 5.647E+00, gamma 2.430261E+01, time 7.068ms
[INFO   ] DREAMPlace - full step 16.597 ms
[INFO   ] DREAMPlace - plotting to gammalocal_results/gpos/bigblue1/plot/iter0640.png takes 2.110 seconds
[INFO   ] DREAMPlace - optimizer step 3.746 ms
[INFO   ] DREAMPlace - iteration  640, ( 640,  0,  0), Obj 8.060546E+07, DensityWeight 2.704861E-03, wHPWL 9.578390E+07, Overflow 1.704755E-01, MaxDensity 4.287E+00, gamma 2.415691E+01, time 0.721ms
[INFO   ] DREAMPlace - full step 2115.877 ms
[INFO   ] DREAMPlace - optimizer step 2.371 ms
[INFO   ] DREAMPlace - iteration  641, ( 641,  0,  0), Obj 8.033473E+07, DensityWeight 2.783302E-03, wHPWL 9.560942E+07, Overflow 1.695229E-01, MaxDensity 4.227E+00, gamma 2.394680E+01, time 0.789ms
[INFO   ] DREAMPlace - full step 3.696 ms
[INFO   ] DREAMPlace - optimizer step 2.340 ms
[INFO   ] DREAMPlace - iteration  642, ( 642,  0,  0), Obj 8.375028E+07, DensityWeight 2.864018E-03, wHPWL 9.545894E+07, Overflow 1.683544E-01, MaxDensity 4.493E+00, gamma 2.383035E+01, time 0.721ms
[INFO   ] DREAMPlace - full step 3.534 ms
[INFO   ] DREAMPlace - optimizer step 2.337 ms
[INFO   ] DREAMPlace - iteration  643, ( 643,  0,  0), Obj 8.302239E+07, DensityWeight 2.947075E-03, wHPWL 9.493870E+07, Overflow 1.691654E-01, MaxDensity 4.528E+00, gamma 2.368830E+01, time 0.722ms
[INFO   ] DREAMPlace - full step 3.508 ms
[INFO   ] DREAMPlace - optimizer step 2.314 ms
[INFO   ] DREAMPlace - iteration  644, ( 644,  0,  0), Obj 8.279017E+07, DensityWeight 3.032540E-03, wHPWL 9.494603E+07, Overflow 1.675216E-01, MaxDensity 4.619E+00, gamma 2.378680E+01, time 0.742ms
[INFO   ] DREAMPlace - full step 3.520 ms
[INFO   ] DREAMPlace - optimizer step 2.330 ms
[INFO   ] DREAMPlace - iteration  645, ( 645,  0,  0), Obj 8.236910E+07, DensityWeight 3.180916E-03, wHPWL 9.476573E+07, Overflow 1.674204E-01, MaxDensity 4.731E+00, gamma 2.358756E+01, time 0.741ms
[INFO   ] DREAMPlace - full step 3.545 ms
[INFO   ] DREAMPlace - optimizer step 2.289 ms
[INFO   ] DREAMPlace - iteration  646, ( 646,  0,  0), Obj 8.203709E+07, DensityWeight 3.273163E-03, wHPWL 9.462326E+07, Overflow 1.654577E-01, MaxDensity 4.922E+00, gamma 2.357536E+01, time 0.707ms
[INFO   ] DREAMPlace - full step 3.474 ms
[INFO   ] DREAMPlace - optimizer step 2.320 ms
[INFO   ] DREAMPlace - iteration  647, ( 647,  0,  0), Obj 8.170046E+07, DensityWeight 3.368085E-03, wHPWL 9.445013E+07, Overflow 1.630646E-01, MaxDensity 4.266E+00, gamma 2.333978E+01, time 0.717ms
[INFO   ] DREAMPlace - full step 3.518 ms
[INFO   ] DREAMPlace - optimizer step 2.293 ms
[INFO   ] DREAMPlace - iteration  648, ( 648,  0,  0), Obj 8.148263E+07, DensityWeight 3.465759E-03, wHPWL 9.435288E+07, Overflow 1.603596E-01, MaxDensity 3.781E+00, gamma 2.305572E+01, time 0.717ms
[INFO   ] DREAMPlace - full step 3.484 ms
[INFO   ] DREAMPlace - optimizer step 2.299 ms
[INFO   ] DREAMPlace - iteration  649, ( 649,  0,  0), Obj 8.122038E+07, DensityWeight 3.566267E-03, wHPWL 9.419627E+07, Overflow 1.581497E-01, MaxDensity 4.056E+00, gamma 2.273881E+01, time 0.717ms
[INFO   ] DREAMPlace - full step 3.482 ms
[INFO   ] DREAMPlace - optimizer step 2.304 ms
[INFO   ] DREAMPlace - iteration  650, ( 650,  0,  0), Obj 8.103123E+07, DensityWeight 3.669688E-03, wHPWL 9.408491E+07, Overflow 1.565032E-01, MaxDensity 3.728E+00, gamma 2.248313E+01, time 0.722ms
[INFO   ] DREAMPlace - full step 3.487 ms
[INFO   ] DREAMPlace - optimizer step 2.324 ms
[INFO   ] DREAMPlace - iteration  651, ( 651,  0,  0), Obj 8.081446E+07, DensityWeight 3.776110E-03, wHPWL 9.394002E+07, Overflow 1.553647E-01, MaxDensity 3.726E+00, gamma 2.229451E+01, time 0.729ms
[INFO   ] DREAMPlace - full step 3.520 ms
[INFO   ] DREAMPlace - optimizer step 2.311 ms
[INFO   ] DREAMPlace - iteration  652, ( 652,  0,  0), Obj 8.297814E+07, DensityWeight 3.885617E-03, wHPWL 9.383692E+07, Overflow 1.539102E-01, MaxDensity 4.166E+00, gamma 2.216501E+01, time 0.711ms
[INFO   ] DREAMPlace - full step 3.489 ms
[INFO   ] DREAMPlace - optimizer step 2.298 ms
[INFO   ] DREAMPlace - iteration  653, ( 653,  0,  0), Obj 8.243566E+07, DensityWeight 3.998300E-03, wHPWL 9.345598E+07, Overflow 1.549206E-01, MaxDensity 4.090E+00, gamma 2.200066E+01, time 0.738ms
[INFO   ] DREAMPlace - full step 3.477 ms
[INFO   ] DREAMPlace - optimizer step 2.302 ms
[INFO   ] DREAMPlace - iteration  654, ( 654,  0,  0), Obj 8.229762E+07, DensityWeight 4.114251E-03, wHPWL 9.352431E+07, Overflow 1.536463E-01, MaxDensity 3.978E+00, gamma 2.211469E+01, time 0.701ms
[INFO   ] DREAMPlace - full step 3.471 ms
[INFO   ] DREAMPlace - optimizer step 2.310 ms
[INFO   ] DREAMPlace - iteration  655, ( 655,  0,  0), Obj 8.192263E+07, DensityWeight 4.279006E-03, wHPWL 9.335808E+07, Overflow 1.536059E-01, MaxDensity 4.184E+00, gamma 2.197097E+01, time 0.729ms
[INFO   ] DREAMPlace - full step 3.512 ms
[INFO   ] DREAMPlace - optimizer step 2.325 ms
[INFO   ] DREAMPlace - iteration  656, ( 656,  0,  0), Obj 8.163899E+07, DensityWeight 4.403098E-03, wHPWL 9.323810E+07, Overflow 1.514999E-01, MaxDensity 3.631E+00, gamma 2.196642E+01, time 0.736ms
[INFO   ] DREAMPlace - full step 3.525 ms
[INFO   ] DREAMPlace - optimizer step 17.553 ms
[INFO   ] DREAMPlace - iteration  657, ( 657,  0,  0), Obj 8.131563E+07, DensityWeight 4.530787E-03, wHPWL 9.304690E+07, Overflow 1.497814E-01, MaxDensity 4.103E+00, gamma 2.173098E+01, time 0.712ms
[INFO   ] DREAMPlace - full step 18.773 ms
[INFO   ] DREAMPlace - optimizer step 2.371 ms
[INFO   ] DREAMPlace - iteration  658, ( 658,  0,  0), Obj 8.081166E+07, DensityWeight 4.662180E-03, wHPWL 9.264578E+07, Overflow 1.494500E-01, MaxDensity 3.713E+00, gamma 2.154073E+01, time 0.748ms
[INFO   ] DREAMPlace - full step 3.587 ms
[INFO   ] DREAMPlace - optimizer step 4.412 ms
[INFO   ] DREAMPlace - iteration  659, ( 659,  0,  0), Obj 8.070800E+07, DensityWeight 4.797384E-03, wHPWL 9.262288E+07, Overflow 1.473803E-01, MaxDensity 3.488E+00, gamma 2.150423E+01, time 0.702ms
[INFO   ] DREAMPlace - full step 5.585 ms
[INFO   ] DREAMPlace - optimizer step 2.352 ms
[INFO   ] DREAMPlace - iteration  660, ( 660,  0,  0), Obj 8.028753E+07, DensityWeight 4.936508E-03, wHPWL 9.227182E+07, Overflow 1.464675E-01, MaxDensity 3.456E+00, gamma 2.127770E+01, time 0.716ms
[INFO   ] DREAMPlace - full step 3.537 ms
[INFO   ] DREAMPlace - optimizer step 2.331 ms
[INFO   ] DREAMPlace - iteration  661, ( 661,  0,  0), Obj 8.020465E+07, DensityWeight 5.079667E-03, wHPWL 9.224045E+07, Overflow 1.450288E-01, MaxDensity 3.393E+00, gamma 2.117856E+01, time 0.740ms
[INFO   ] DREAMPlace - full step 3.537 ms
[INFO   ] DREAMPlace - optimizer step 2.360 ms
[INFO   ] DREAMPlace - iteration  662, ( 662,  0,  0), Obj 8.252008E+07, DensityWeight 5.226977E-03, wHPWL 9.219375E+07, Overflow 1.429351E-01, MaxDensity 3.288E+00, gamma 2.102322E+01, time 0.720ms
[INFO   ] DREAMPlace - full step 3.538 ms
[INFO   ] DREAMPlace - optimizer step 5.625 ms
[INFO   ] DREAMPlace - iteration  663, ( 663,  0,  0), Obj 8.190272E+07, DensityWeight 5.378560E-03, wHPWL 9.172489E+07, Overflow 1.439661E-01, MaxDensity 3.821E+00, gamma 2.079920E+01, time 0.726ms
[INFO   ] DREAMPlace - full step 6.792 ms
[INFO   ] DREAMPlace - optimizer step 2.390 ms
[INFO   ] DREAMPlace - iteration  664, ( 664,  0,  0), Obj 8.149513E+07, DensityWeight 5.534538E-03, wHPWL 9.150384E+07, Overflow 1.451928E-01, MaxDensity 4.007E+00, gamma 2.090921E+01, time 0.723ms
[INFO   ] DREAMPlace - full step 3.563 ms
[INFO   ] DREAMPlace - optimizer step 4.368 ms
[INFO   ] DREAMPlace - iteration  665, ( 665,  0,  0), Obj 8.131923E+07, DensityWeight 5.695040E-03, wHPWL 9.149483E+07, Overflow 1.448002E-01, MaxDensity 4.261E+00, gamma 2.104086E+01, time 0.718ms
[INFO   ] DREAMPlace - full step 5.525 ms
[INFO   ] DREAMPlace - optimizer step 2.282 ms
[INFO   ] DREAMPlace - iteration  666, ( 666,  0,  0), Obj 8.108906E+07, DensityWeight 5.860196E-03, wHPWL 9.141014E+07, Overflow 1.438073E-01, MaxDensity 3.974E+00, gamma 2.099865E+01, time 0.712ms
[INFO   ] DREAMPlace - full step 3.438 ms
[INFO   ] DREAMPlace - optimizer step 2.305 ms
[INFO   ] DREAMPlace - iteration  667, ( 667,  0,  0), Obj 8.097957E+07, DensityWeight 6.030142E-03, wHPWL 9.140947E+07, Overflow 1.419627E-01, MaxDensity 4.075E+00, gamma 2.089223E+01, time 0.714ms
[INFO   ] DREAMPlace - full step 3.499 ms
[INFO   ] DREAMPlace - optimizer step 2.266 ms
[INFO   ] DREAMPlace - iteration  668, ( 668,  0,  0), Obj 8.090135E+07, DensityWeight 6.205017E-03, wHPWL 9.142621E+07, Overflow 1.396062E-01, MaxDensity 3.728E+00, gamma 2.069596E+01, time 0.712ms
[INFO   ] DREAMPlace - full step 3.442 ms
[INFO   ] DREAMPlace - optimizer step 2.300 ms
[INFO   ] DREAMPlace - iteration  669, ( 669,  0,  0), Obj 8.074903E+07, DensityWeight 6.500085E-03, wHPWL 9.133562E+07, Overflow 1.378642E-01, MaxDensity 3.589E+00, gamma 2.044791E+01, time 0.705ms
[INFO   ] DREAMPlace - full step 3.475 ms
[INFO   ] DREAMPlace - optimizer step 2.275 ms
[INFO   ] DREAMPlace - iteration  670, ( 670,  0,  0), Obj 8.064049E+07, DensityWeight 6.688588E-03, wHPWL 9.128455E+07, Overflow 1.361510E-01, MaxDensity 3.590E+00, gamma 2.026645E+01, time 0.711ms
[INFO   ] DREAMPlace - full step 3.455 ms
[INFO   ] DREAMPlace - optimizer step 2.322 ms
[INFO   ] DREAMPlace - iteration  671, ( 671,  0,  0), Obj 8.055634E+07, DensityWeight 6.882557E-03, wHPWL 9.124416E+07, Overflow 1.340171E-01, MaxDensity 3.542E+00, gamma 2.008957E+01, time 0.718ms
[INFO   ] DREAMPlace - full step 3.511 ms
[INFO   ] DREAMPlace - optimizer step 2.333 ms
[INFO   ] DREAMPlace - iteration  672, ( 672,  0,  0), Obj 8.273250E+07, DensityWeight 7.082152E-03, wHPWL 9.121986E+07, Overflow 1.320918E-01, MaxDensity 3.632E+00, gamma 1.987141E+01, time 0.713ms
[INFO   ] DREAMPlace - full step 3.515 ms
[INFO   ] DREAMPlace - optimizer step 2.315 ms
[INFO   ] DREAMPlace - iteration  673, ( 673,  0,  0), Obj 8.233328E+07, DensityWeight 7.287534E-03, wHPWL 9.095667E+07, Overflow 1.311856E-01, MaxDensity 3.593E+00, gamma 1.967661E+01, time 0.711ms
[INFO   ] DREAMPlace - full step 3.505 ms
[INFO   ] DREAMPlace - optimizer step 3.162 ms
[INFO   ] DREAMPlace - iteration  674, ( 674,  0,  0), Obj 8.205889E+07, DensityWeight 7.498873E-03, wHPWL 9.085104E+07, Overflow 1.307547E-01, MaxDensity 3.729E+00, gamma 1.958558E+01, time 0.731ms
[INFO   ] DREAMPlace - full step 4.526 ms
[INFO   ] DREAMPlace - optimizer step 2.417 ms
[INFO   ] DREAMPlace - iteration  675, ( 675,  0,  0), Obj 8.185782E+07, DensityWeight 7.716341E-03, wHPWL 9.080504E+07, Overflow 1.309511E-01, MaxDensity 3.940E+00, gamma 1.954245E+01, time 0.751ms
[INFO   ] DREAMPlace - full step 3.798 ms
[INFO   ] DREAMPlace - optimizer step 2.385 ms
[INFO   ] DREAMPlace - iteration  676, ( 676,  0,  0), Obj 8.170166E+07, DensityWeight 7.940115E-03, wHPWL 9.078892E+07, Overflow 1.301886E-01, MaxDensity 3.568E+00, gamma 1.956210E+01, time 0.726ms
[INFO   ] DREAMPlace - full step 3.583 ms
[INFO   ] DREAMPlace - optimizer step 2.332 ms
[INFO   ] DREAMPlace - iteration  677, ( 677,  0,  0), Obj 8.157913E+07, DensityWeight 8.170379E-03, wHPWL 9.077398E+07, Overflow 1.287354E-01, MaxDensity 3.541E+00, gamma 1.948593E+01, time 0.716ms
[INFO   ] DREAMPlace - full step 3.514 ms
[INFO   ] DREAMPlace - optimizer step 2.359 ms
[INFO   ] DREAMPlace - iteration  678, ( 678,  0,  0), Obj 8.148270E+07, DensityWeight 8.407321E-03, wHPWL 9.077149E+07, Overflow 1.266723E-01, MaxDensity 3.555E+00, gamma 1.934157E+01, time 0.732ms
[INFO   ] DREAMPlace - full step 3.605 ms
[INFO   ] DREAMPlace - optimizer step 2.344 ms
[INFO   ] DREAMPlace - iteration  679, ( 679,  0,  0), Obj 8.139358E+07, DensityWeight 8.651134E-03, wHPWL 9.075242E+07, Overflow 1.245150E-01, MaxDensity 3.336E+00, gamma 1.913846E+01, time 0.692ms
[INFO   ] DREAMPlace - full step 3.533 ms
[INFO   ] DREAMPlace - plotting to gammalocal_results/gpos/bigblue1/plot/iter0680.png takes 2.104 seconds
[INFO   ] DREAMPlace - optimizer step 3.788 ms
[INFO   ] DREAMPlace - iteration  680, ( 680,  0,  0), Obj 8.130935E+07, DensityWeight 8.902017E-03, wHPWL 9.072876E+07, Overflow 1.222750E-01, MaxDensity 3.223E+00, gamma 1.892836E+01, time 1.356ms
[INFO   ] DREAMPlace - full step 2110.855 ms
[INFO   ] DREAMPlace - optimizer step 2.424 ms
[INFO   ] DREAMPlace - iteration  681, ( 681,  0,  0), Obj 8.122200E+07, DensityWeight 9.160176E-03, wHPWL 9.068744E+07, Overflow 1.202362E-01, MaxDensity 3.399E+00, gamma 1.871265E+01, time 0.779ms
[INFO   ] DREAMPlace - full step 3.731 ms
[INFO   ] DREAMPlace - optimizer step 2.340 ms
[INFO   ] DREAMPlace - iteration  682, ( 682,  0,  0), Obj 8.354550E+07, DensityWeight 9.425822E-03, wHPWL 9.064910E+07, Overflow 1.184903E-01, MaxDensity 3.202E+00, gamma 1.851844E+01, time 0.732ms
[INFO   ] DREAMPlace - full step 3.542 ms
[INFO   ] DREAMPlace - optimizer step 2.300 ms
[INFO   ] DREAMPlace - iteration  683, ( 683,  0,  0), Obj 8.318237E+07, DensityWeight 9.699171E-03, wHPWL 9.039818E+07, Overflow 1.173864E-01, MaxDensity 2.916E+00, gamma 1.835375E+01, time 0.715ms
[INFO   ] DREAMPlace - full step 3.491 ms
[INFO   ] DREAMPlace - optimizer step 2.305 ms
[INFO   ] DREAMPlace - iteration  684, ( 684,  0,  0), Obj 8.292251E+07, DensityWeight 9.980448E-03, wHPWL 9.026768E+07, Overflow 1.171215E-01, MaxDensity 2.811E+00, gamma 1.825037E+01, time 0.712ms
[INFO   ] DREAMPlace - full step 3.496 ms
[INFO   ] DREAMPlace - optimizer step 2.296 ms
[INFO   ] DREAMPlace - iteration  685, ( 685,  0,  0), Obj 8.273418E+07, DensityWeight 1.026988E-02, wHPWL 9.019143E+07, Overflow 1.166741E-01, MaxDensity 2.902E+00, gamma 1.822565E+01, time 0.707ms
[INFO   ] DREAMPlace - full step 3.477 ms
[INFO   ] DREAMPlace - optimizer step 2.297 ms
[INFO   ] DREAMPlace - iteration  686, ( 686,  0,  0), Obj 8.259227E+07, DensityWeight 1.056771E-02, wHPWL 9.014361E+07, Overflow 1.157647E-01, MaxDensity 2.840E+00, gamma 1.818397E+01, time 0.715ms
[INFO   ] DREAMPlace - full step 3.475 ms
[INFO   ] DREAMPlace - optimizer step 2.287 ms
[INFO   ] DREAMPlace - iteration  687, ( 687,  0,  0), Obj 8.248679E+07, DensityWeight 1.087417E-02, wHPWL 9.011038E+07, Overflow 1.142460E-01, MaxDensity 2.862E+00, gamma 1.809955E+01, time 0.709ms
[INFO   ] DREAMPlace - full step 3.458 ms
[INFO   ] DREAMPlace - optimizer step 2.284 ms
[INFO   ] DREAMPlace - iteration  688, ( 688,  0,  0), Obj 8.240495E+07, DensityWeight 1.118952E-02, wHPWL 9.009131E+07, Overflow 1.125502E-01, MaxDensity 2.857E+00, gamma 1.795945E+01, time 0.721ms
[INFO   ] DREAMPlace - full step 3.473 ms
[INFO   ] DREAMPlace - optimizer step 2.274 ms
[INFO   ] DREAMPlace - iteration  689, ( 689,  0,  0), Obj 8.233487E+07, DensityWeight 1.151402E-02, wHPWL 9.006744E+07, Overflow 1.106602E-01, MaxDensity 2.610E+00, gamma 1.780428E+01, time 0.724ms
[INFO   ] DREAMPlace - full step 3.462 ms
[INFO   ] DREAMPlace - optimizer step 2.335 ms
[INFO   ] DREAMPlace - iteration  690, ( 690,  0,  0), Obj 8.226695E+07, DensityWeight 1.184793E-02, wHPWL 9.003782E+07, Overflow 1.085730E-01, MaxDensity 2.644E+00, gamma 1.763293E+01, time 0.716ms
[INFO   ] DREAMPlace - full step 3.520 ms
[INFO   ] DREAMPlace - optimizer step 2.391 ms
[INFO   ] DREAMPlace - iteration  691, ( 691,  0,  0), Obj 8.220011E+07, DensityWeight 1.219152E-02, wHPWL 8.999672E+07, Overflow 1.067438E-01, MaxDensity 2.690E+00, gamma 1.744561E+01, time 0.832ms
[INFO   ] DREAMPlace - full step 3.692 ms
[INFO   ] DREAMPlace - optimizer step 2.292 ms
[INFO   ] DREAMPlace - iteration  692, ( 692,  0,  0), Obj 8.370515E+07, DensityWeight 1.254507E-02, wHPWL 8.995618E+07, Overflow 1.052006E-01, MaxDensity 2.746E+00, gamma 1.728309E+01, time 0.725ms
[INFO   ] DREAMPlace - full step 3.481 ms
[INFO   ] DREAMPlace - optimizer step 2.343 ms
[INFO   ] DREAMPlace - iteration  693, ( 693,  0,  0), Obj 8.341787E+07, DensityWeight 1.290888E-02, wHPWL 8.974918E+07, Overflow 1.044932E-01, MaxDensity 2.684E+00, gamma 1.714715E+01, time 0.712ms
[INFO   ] DREAMPlace - full step 3.514 ms
[INFO   ] DREAMPlace - optimizer step 2.324 ms
[INFO   ] DREAMPlace - iteration  694, ( 694,  0,  0), Obj 8.322341E+07, DensityWeight 1.328324E-02, wHPWL 8.965292E+07, Overflow 1.044283E-01, MaxDensity 2.704E+00, gamma 1.708520E+01, time 1.306ms
[INFO   ] DREAMPlace - full step 4.104 ms
[INFO   ] DREAMPlace - optimizer step 8.865 ms
[INFO   ] DREAMPlace - iteration  695, ( 695,  0,  0), Obj 8.309417E+07, DensityWeight 1.366845E-02, wHPWL 8.960794E+07, Overflow 1.040078E-01, MaxDensity 2.811E+00, gamma 1.707953E+01, time 0.716ms
[INFO   ] DREAMPlace - full step 10.069 ms
[INFO   ] DREAMPlace - optimizer step 2.354 ms
[INFO   ] DREAMPlace - iteration  696, ( 696,  0,  0), Obj 8.300343E+07, DensityWeight 1.406484E-02, wHPWL 8.958914E+07, Overflow 1.029842E-01, MaxDensity 3.120E+00, gamma 1.704282E+01, time 5.477ms
[INFO   ] DREAMPlace - full step 8.305 ms
[INFO   ] DREAMPlace - optimizer step 2.285 ms
[INFO   ] DREAMPlace - iteration  697, ( 697,  0,  0), Obj 8.293720E+07, DensityWeight 1.447272E-02, wHPWL 8.957695E+07, Overflow 1.015356E-01, MaxDensity 2.781E+00, gamma 1.695379E+01, time 0.708ms
[INFO   ] DREAMPlace - full step 3.457 ms
[INFO   ] DREAMPlace - optimizer step 2.305 ms
[INFO   ] DREAMPlace - iteration  698, ( 698,  0,  0), Obj 8.288085E+07, DensityWeight 1.489243E-02, wHPWL 8.956544E+07, Overflow 9.984982E-02, MaxDensity 2.626E+00, gamma 1.682858E+01, time 0.721ms
[INFO   ] DREAMPlace - full step 3.489 ms
[INFO   ] DREAMPlace - optimizer step 2.423 ms
[INFO   ] DREAMPlace - iteration  699, ( 699,  0,  0), Obj 8.282771E+07, DensityWeight 1.532431E-02, wHPWL 8.954500E+07, Overflow 9.803969E-02, MaxDensity 2.408E+00, gamma 1.668405E+01, time 0.725ms
[INFO   ] DREAMPlace - full step 3.617 ms
[INFO   ] DREAMPlace - optimizer step 2.279 ms
[INFO   ] DREAMPlace - iteration  700, ( 700,  0,  0), Obj 8.277793E+07, DensityWeight 1.576871E-02, wHPWL 8.952256E+07, Overflow 9.621766E-02, MaxDensity 2.448E+00, gamma 1.653023E+01, time 0.730ms
[INFO   ] DREAMPlace - full step 3.463 ms
[INFO   ] DREAMPlace - optimizer step 2.299 ms
[INFO   ] DREAMPlace - iteration  701, ( 701,  0,  0), Obj 8.273118E+07, DensityWeight 1.622601E-02, wHPWL 8.949322E+07, Overflow 9.472920E-02, MaxDensity 2.396E+00, gamma 1.637683E+01, time 0.731ms
[INFO   ] DREAMPlace - full step 3.493 ms
[INFO   ] DREAMPlace - optimizer step 2.290 ms
[INFO   ] DREAMPlace - iteration  702, ( 702,  0,  0), Obj 8.414126E+07, DensityWeight 1.669656E-02, wHPWL 8.946389E+07, Overflow 9.323024E-02, MaxDensity 2.458E+00, gamma 1.625258E+01, time 0.767ms
[INFO   ] DREAMPlace - full step 3.522 ms
[INFO   ] DREAMPlace - optimizer step 2.262 ms
[INFO   ] DREAMPlace - iteration  703, ( 703,  0,  0), Obj 8.391622E+07, DensityWeight 1.718076E-02, wHPWL 8.930857E+07, Overflow 9.231711E-02, MaxDensity 2.454E+00, gamma 1.612840E+01, time 0.724ms
[INFO   ] DREAMPlace - full step 3.446 ms
[INFO   ] DREAMPlace - optimizer step 2.262 ms
[INFO   ] DREAMPlace - iteration  704, ( 704,  0,  0), Obj 8.375784E+07, DensityWeight 1.767901E-02, wHPWL 8.923074E+07, Overflow 9.188244E-02, MaxDensity 2.434E+00, gamma 1.605322E+01, time 0.708ms
[INFO   ] DREAMPlace - full step 3.433 ms
[INFO   ] DREAMPlace - optimizer step 2.384 ms
[INFO   ] DREAMPlace - iteration  705, ( 705,  0,  0), Obj 8.365264E+07, DensityWeight 1.819170E-02, wHPWL 8.919533E+07, Overflow 9.130201E-02, MaxDensity 2.620E+00, gamma 1.601755E+01, time 0.714ms
[INFO   ] DREAMPlace - full step 3.552 ms
[INFO   ] DREAMPlace - optimizer step 2.273 ms
[INFO   ] DREAMPlace - iteration  706, ( 706,  0,  0), Obj 8.358061E+07, DensityWeight 1.871926E-02, wHPWL 8.917998E+07, Overflow 9.021361E-02, MaxDensity 2.643E+00, gamma 1.597005E+01, time 0.728ms
[INFO   ] DREAMPlace - full step 3.472 ms
[INFO   ] DREAMPlace - optimizer step 2.328 ms
[INFO   ] DREAMPlace - iteration  707, ( 707,  0,  0), Obj 8.352502E+07, DensityWeight 1.926212E-02, wHPWL 8.916810E+07, Overflow 8.872434E-02, MaxDensity 2.581E+00, gamma 1.588136E+01, time 0.713ms
[INFO   ] DREAMPlace - full step 3.505 ms
[INFO   ] DREAMPlace - optimizer step 2.377 ms
[INFO   ] DREAMPlace - iteration  708, ( 708,  0,  0), Obj 8.347575E+07, DensityWeight 1.982072E-02, wHPWL 8.915427E+07, Overflow 8.693506E-02, MaxDensity 2.415E+00, gamma 1.576080E+01, time 0.717ms
[INFO   ] DREAMPlace - full step 3.564 ms
[INFO   ] DREAMPlace - optimizer step 2.286 ms
[INFO   ] DREAMPlace - iteration  709, ( 709,  0,  0), Obj 8.342735E+07, DensityWeight 2.039552E-02, wHPWL 8.913163E+07, Overflow 8.528134E-02, MaxDensity 2.387E+00, gamma 1.561716E+01, time 0.722ms
[INFO   ] DREAMPlace - full step 3.473 ms
[INFO   ] DREAMPlace - optimizer step 2.292 ms
[INFO   ] DREAMPlace - iteration  710, ( 710,  0,  0), Obj 8.338160E+07, DensityWeight 2.098699E-02, wHPWL 8.910555E+07, Overflow 8.370391E-02, MaxDensity 2.192E+00, gamma 1.548556E+01, time 0.705ms
[INFO   ] DREAMPlace - full step 3.473 ms
[INFO   ] DREAMPlace - optimizer step 2.290 ms
[INFO   ] DREAMPlace - iteration  711, ( 711,  0,  0), Obj 8.333980E+07, DensityWeight 2.159561E-02, wHPWL 8.907594E+07, Overflow 8.246965E-02, MaxDensity 2.094E+00, gamma 1.536108E+01, time 0.705ms
[INFO   ] DREAMPlace - full step 3.476 ms
[INFO   ] DREAMPlace - optimizer step 2.312 ms
[INFO   ] DREAMPlace - iteration  712, ( 712,  0,  0), Obj 8.430588E+07, DensityWeight 2.222189E-02, wHPWL 8.904485E+07, Overflow 8.131804E-02, MaxDensity 2.057E+00, gamma 1.526437E+01, time 0.701ms
[INFO   ] DREAMPlace - full step 3.477 ms
[INFO   ] DREAMPlace - optimizer step 2.362 ms
[INFO   ] DREAMPlace - iteration  713, ( 713,  0,  0), Obj 8.412630E+07, DensityWeight 2.286632E-02, wHPWL 8.891502E+07, Overflow 8.093951E-02, MaxDensity 2.014E+00, gamma 1.517469E+01, time 0.714ms
[INFO   ] DREAMPlace - full step 3.545 ms
[INFO   ] DREAMPlace - optimizer step 2.276 ms
[INFO   ] DREAMPlace - iteration  714, ( 714,  0,  0), Obj 8.400032E+07, DensityWeight 2.352945E-02, wHPWL 8.884292E+07, Overflow 8.076391E-02, MaxDensity 2.170E+00, gamma 1.514532E+01, time 0.711ms
[INFO   ] DREAMPlace - full step 3.478 ms
[INFO   ] DREAMPlace - optimizer step 2.352 ms
[INFO   ] DREAMPlace - iteration  715, ( 715,  0,  0), Obj 8.391878E+07, DensityWeight 2.421180E-02, wHPWL 8.881022E+07, Overflow 8.019409E-02, MaxDensity 2.286E+00, gamma 1.513172E+01, time 0.722ms
[INFO   ] DREAMPlace - full step 3.529 ms
[INFO   ] DREAMPlace - optimizer step 2.305 ms
[INFO   ] DREAMPlace - iteration  716, ( 716,  0,  0), Obj 8.386530E+07, DensityWeight 2.491395E-02, wHPWL 8.879998E+07, Overflow 7.908326E-02, MaxDensity 2.370E+00, gamma 1.508767E+01, time 0.722ms
[INFO   ] DREAMPlace - full step 3.497 ms
[INFO   ] DREAMPlace - optimizer step 2.315 ms
[INFO   ] DREAMPlace - iteration  717, ( 717,  0,  0), Obj 8.382587E+07, DensityWeight 2.563645E-02, wHPWL 8.879624E+07, Overflow 7.785153E-02, MaxDensity 2.301E+00, gamma 1.500215E+01, time 0.713ms
[INFO   ] DREAMPlace - full step 3.484 ms
[INFO   ] DREAMPlace - optimizer step 2.292 ms
[INFO   ] DREAMPlace - iteration  718, ( 718,  0,  0), Obj 8.379020E+07, DensityWeight 2.637991E-02, wHPWL 8.878915E+07, Overflow 7.651208E-02, MaxDensity 2.255E+00, gamma 1.490789E+01, time 0.715ms
[INFO   ] DREAMPlace - full step 3.473 ms
[INFO   ] DREAMPlace - optimizer step 2.307 ms
[INFO   ] DREAMPlace - iteration  719, ( 719,  0,  0), Obj 8.375478E+07, DensityWeight 2.714493E-02, wHPWL 8.877526E+07, Overflow 7.511203E-02, MaxDensity 2.123E+00, gamma 1.480607E+01, time 0.726ms
[INFO   ] DREAMPlace - full step 3.500 ms
[INFO   ] DREAMPlace - plotting to gammalocal_results/gpos/bigblue1/plot/iter0720.png takes 2.112 seconds
[INFO   ] DREAMPlace - optimizer step 5.555 ms
[INFO   ] DREAMPlace - iteration  720, ( 720,  0,  0), Obj 8.372119E+07, DensityWeight 2.793213E-02, wHPWL 8.875724E+07, Overflow 7.378919E-02, MaxDensity 2.220E+00, gamma 1.470038E+01, time 0.718ms
[INFO   ] DREAMPlace - full step 2119.578 ms
[INFO   ] DREAMPlace - optimizer step 17.399 ms
[INFO   ] DREAMPlace - iteration  721, ( 721,  0,  0), Obj 8.369113E+07, DensityWeight 2.874216E-02, wHPWL 8.873779E+07, Overflow 7.247094E-02, MaxDensity 2.245E+00, gamma 1.460121E+01, time 0.777ms
[INFO   ] DREAMPlace - full step 18.754 ms
[INFO   ] DREAMPlace - optimizer step 2.461 ms
[INFO   ] DREAMPlace - iteration  722, ( 722,  0,  0), Obj 8.436626E+07, DensityWeight 2.957569E-02, wHPWL 8.871950E+07, Overflow 7.134398E-02, MaxDensity 2.318E+00, gamma 1.450305E+01, time 0.773ms
[INFO   ] DREAMPlace - full step 3.756 ms
[INFO   ] DREAMPlace - optimizer step 2.345 ms
[INFO   ] DREAMPlace - iteration  723, ( 723,  0,  0), Obj 8.423717E+07, DensityWeight 3.043338E-02, wHPWL 8.862998E+07, Overflow 7.075909E-02, MaxDensity 2.119E+00, gamma 1.441966E+01, time 0.743ms
[INFO   ] DREAMPlace - full step 3.600 ms
[INFO   ] DREAMPlace - optimizer step 2.308 ms
[INFO   ] DREAMPlace - iteration  724, ( 724,  0,  0), Obj 8.414842E+07, DensityWeight 3.131595E-02, wHPWL 8.858334E+07, Overflow 7.041581E-02, MaxDensity 2.114E+00, gamma 1.437657E+01, time 0.750ms
[INFO   ] DREAMPlace - full step 3.547 ms
[INFO   ] DREAMPlace - optimizer step 2.343 ms
[INFO   ] DREAMPlace - iteration  725, ( 725,  0,  0), Obj 8.409197E+07, DensityWeight 3.222411E-02, wHPWL 8.856650E+07, Overflow 6.969608E-02, MaxDensity 2.074E+00, gamma 1.435134E+01, time 0.718ms
[INFO   ] DREAMPlace - full step 3.535 ms
[INFO   ] DREAMPlace - optimizer step 2.410 ms
[INFO   ] DREAMPlace - iteration  726, ( 726,  0,  0), Obj 8.405393E+07, DensityWeight 3.315862E-02, wHPWL 8.856299E+07, Overflow 6.914303E-02, MaxDensity 2.050E+00, gamma 1.429859E+01, time 0.735ms
[INFO   ] DREAMPlace - full step 3.623 ms
[INFO   ] DREAMPlace - optimizer step 2.377 ms
[INFO   ] DREAMPlace - iteration  727, ( 727,  0,  0), Obj 8.402458E+07, DensityWeight 3.412022E-02, wHPWL 8.856202E+07, Overflow 6.838141E-02, MaxDensity 2.023E+00, gamma 1.425818E+01, time 0.707ms
[INFO   ] DREAMPlace - full step 3.559 ms
[INFO   ] DREAMPlace - optimizer step 2.340 ms
[INFO   ] DREAMPlace - iteration  728, ( 728,  0,  0), Obj 8.399882E+07, DensityWeight 3.510971E-02, wHPWL 8.855910E+07, Overflow 6.739601E-02, MaxDensity 1.952E+00, gamma 1.420273E+01, time 0.713ms
[INFO   ] DREAMPlace - full step 3.526 ms
[INFO   ] DREAMPlace - optimizer step 2.434 ms
[INFO   ] DREAMPlace - iteration  729, ( 729,  0,  0), Obj 8.397525E+07, DensityWeight 3.612789E-02, wHPWL 8.855241E+07, Overflow 6.614312E-02, MaxDensity 1.950E+00, gamma 1.413129E+01, time 0.701ms
[INFO   ] DREAMPlace - full step 3.673 ms
[INFO   ] DREAMPlace - optimizer step 2.300 ms
[INFO   ] DREAMPlace - iteration  730, ( 730,  0,  0), Obj 8.395385E+07, DensityWeight 3.717560E-02, wHPWL 8.854331E+07, Overflow 6.482588E-02, MaxDensity 1.885E+00, gamma 1.404099E+01, time 0.757ms
[INFO   ] DREAMPlace - full step 3.526 ms
[INFO   ] DREAMPlace - optimizer step 2.303 ms
[INFO   ] DREAMPlace - iteration  731, ( 731,  0,  0), Obj 8.393568E+07, DensityWeight 3.825369E-02, wHPWL 8.853413E+07, Overflow 6.371316E-02, MaxDensity 1.926E+00, gamma 1.394667E+01, time 0.761ms
[INFO   ] DREAMPlace - full step 3.536 ms
[INFO   ] DREAMPlace - optimizer step 2.338 ms
[INFO   ] DREAMPlace - iteration  732, ( 732,  0,  0), Obj 8.459987E+07, DensityWeight 3.936305E-02, wHPWL 8.852566E+07, Overflow 6.272429E-02, MaxDensity 1.841E+00, gamma 1.386749E+01, time 0.720ms
[INFO   ] DREAMPlace - full step 3.536 ms
[INFO   ] DREAMPlace - optimizer step 2.320 ms
[INFO   ] DREAMPlace - iteration  733, ( 733,  0,  0), Obj 8.451016E+07, DensityWeight 4.050458E-02, wHPWL 8.846352E+07, Overflow 6.226635E-02, MaxDensity 1.825E+00, gamma 1.379749E+01, time 0.706ms
[INFO   ] DREAMPlace - full step 3.490 ms
[INFO   ] DREAMPlace - optimizer step 2.323 ms
[INFO   ] DREAMPlace - iteration  734, ( 734,  0,  0), Obj 8.444652E+07, DensityWeight 4.167922E-02, wHPWL 8.842806E+07, Overflow 6.194974E-02, MaxDensity 1.888E+00, gamma 1.376520E+01, time 0.717ms
[INFO   ] DREAMPlace - full step 3.520 ms
[INFO   ] DREAMPlace - optimizer step 2.424 ms
[INFO   ] DREAMPlace - iteration  735, ( 735,  0,  0), Obj 8.440649E+07, DensityWeight 4.288792E-02, wHPWL 8.841470E+07, Overflow 6.141199E-02, MaxDensity 1.901E+00, gamma 1.374292E+01, time 0.723ms
[INFO   ] DREAMPlace - full step 3.651 ms
[INFO   ] DREAMPlace - optimizer step 2.282 ms
[INFO   ] DREAMPlace - iteration  736, ( 736,  0,  0), Obj 8.438077E+07, DensityWeight 4.413167E-02, wHPWL 8.841219E+07, Overflow 6.080452E-02, MaxDensity 2.112E+00, gamma 1.370516E+01, time 0.716ms
[INFO   ] DREAMPlace - full step 3.476 ms
[INFO   ] DREAMPlace - optimizer step 4.537 ms
[INFO   ] DREAMPlace - iteration  737, ( 737,  0,  0), Obj 8.436115E+07, DensityWeight 4.541149E-02, wHPWL 8.841227E+07, Overflow 5.998759E-02, MaxDensity 1.796E+00, gamma 1.366262E+01, time 0.763ms
[INFO   ] DREAMPlace - full step 5.787 ms
[INFO   ] DREAMPlace - optimizer nesterov takes 45.135 seconds
[INFO   ] DREAMPlace - plotting to gammalocal_results/gpos/bigblue1/plot/iter0738.png takes 2.136 seconds
[INFO   ] DREAMPlace - Start legalization
[WARNING] DEF input file not specified, cannot output DEF file; set to DEFSIMPLE
[INFO   ] lef_input = 
[INFO   ] def_input = 
[INFO   ] verilog_input = 
[INFO   ] bookshelf_aux_input = benchmarks/ispd2005/bigblue1/bigblue1.aux
[INFO   ] bookshelf_pl_input = 
[INFO   ] def_size_input = 
[INFO   ] def_output = -out.def
[INFO   ] rpt_output = 
[INFO   ] target_util = 0
[INFO   ] max_displace = 0
[INFO   ] bin size = (10, 10) #rows
[INFO   ] sbin size = (5, 5) #rows
[INFO   ] bin_space_threshold = 0.2
[INFO   ] abu = 2,10 5,5 10,2 20,1 
[INFO   ] def_ignore_cells = 
[INFO   ] macro_obs_aware_layers = 
[INFO   ] enable_place = true
[INFO   ] enable_legalize = true
[INFO   ] evaluate_overlap = false
[INFO   ] move_multi_row_cell = true
[INFO   ] align_power_line = true
[INFO   ] cluster_cell = false
[INFO   ] sort_nets_by_degree = false
[INFO   ] file_format = BOOKSHELF
[INFO   ] max_iters = 6
[WARNING] no DEF file specified
[WARNING] no Verilog file specified
[INFO   ] reading benchmarks/ispd2005/bigblue1/bigblue1.aux
[WARNING] no additional Bookshelf .pl file specified
[WARNING] 14016 nets with 17057 pins from same nodes
[WARNING] 1709 nets should be ignored due to not enough pins
[INFO   ] sort nodes in the order of movable and fixed
[INFO   ] Group cells for fence regions
[INFO   ] Construct 0 groups
[INFO   ] Fence region groups done
[DEBUG  ] num_terminals 560, numFixed 560, numPlaceBlockages 0, num_terminal_NIs 0
[INFO   ] -- Converting Node Orientation --
[INFO   ] ---------------------------------
[INFO   ] -------- Area Statistics --------
[INFO   ] fixed area overlap = 1.96398e+07
[INFO   ] fixed area total = 3.60628e+07
[INFO   ] space area = 9.45507e+07
[INFO   ] ---------------------------------
[DEBUG  ] deterministic mode: integer 32 bits, fraction 32 bits, scale factor 4294967296
[DEBUG  ] deterministic mode: integer 32 bits, fraction 32 bits, scale factor 4294967296
[INFO   ] writing placement to gammalocal_results/gpos/bigblue1/plot/iter0000.png
[INFO   ] writing placement to gammalocal_results/gpos/bigblue1/plot/iter0040.png
[INFO   ] writing placement to gammalocal_results/gpos/bigblue1/plot/iter0080.png
[INFO   ] writing placement to gammalocal_results/gpos/bigblue1/plot/iter0120.png
[INFO   ] writing placement to gammalocal_results/gpos/bigblue1/plot/iter0160.png
[INFO   ] writing placement to gammalocal_results/gpos/bigblue1/plot/iter0200.png
[INFO   ] writing placement to gammalocal_results/gpos/bigblue1/plot/iter0240.png
[INFO   ] writing placement to gammalocal_results/gpos/bigblue1/plot/iter0280.png
[INFO   ] writing placement to gammalocal_results/gpos/bigblue1/plot/iter0320.png
[INFO   ] writing placement to gammalocal_results/gpos/bigblue1/plot/iter0360.png
[INFO   ] writing placement to gammalocal_results/gpos/bigblue1/plot/iter0400.png
[INFO   ] writing placement to gammalocal_results/gpos/bigblue1/plot/iter0440.png
[INFO   ] writing placement to gammalocal_results/gpos/bigblue1/plot/iter0480.png
[INFO   ] writing placement to gammalocal_results/gpos/bigblue1/plot/iter0520.png
[INFO   ] writing placement to gammalocal_results/gpos/bigblue1/plot/iter0560.png
[INFO   ] writing placement to gammalocal_results/gpos/bigblue1/plot/iter0600.png
[INFO   ] writing placement to gammalocal_results/gpos/bigblue1/plot/iter0640.png
[INFO   ] writing placement to gammalocal_results/gpos/bigblue1/plot/iter0680.png
[INFO   ] writing placement to gammalocal_results/gpos/bigblue1/plot/iter0720.png
[INFO   ] writing placement to gammalocal_results/gpos/bigblue1/plot/iter0738.png
[INFO   ] Macro legalization: regard 0 cells as dummy fixed (movable macros)
[INFO   ] Macro legalization takes 0.784819 ms
[DEBUG  ] Standard cell legalization blank_num_bins_y = 890
[DEBUG  ] Standard cell legalization iteration 0 with 1x1 bins
[DEBUG  ] Standard cell legalization #bin_blanks
[DEBUG  ] #bin_objs = 5248
[INFO   ] Standard cell legalization legalizeBin takes 127.024 ms
[DEBUG  ] Standard cell legalization num_unplaced_cells = 0
[DEBUG  ] Standard cell legalization blank_num_bins_y = 890
[DEBUG  ] Standard cell legalization iteration 0 with 1x1 bins
[DEBUG  ] Standard cell legalization #bin_blanks
[DEBUG  ] #bin_objs = 5248
[INFO   ] Standard cell legalization legalizeBin takes 150.496 ms
[DEBUG  ] Standard cell legalization num_unplaced_cells = 0
[INFO   ] Greedy legalization takes 261.385 ms
[INFO   ] Legality check takes 22.917 ms
[DEBUG  ] average displace = 6.28413
[INFO   ] Abacus legalization takes 41.3915 ms
[INFO   ] DREAMPlace - legalization takes 0.364 seconds
[INFO   ] DREAMPlace - iteration  738, wHPWL 9.072254E+07, time 0.428ms
[INFO   ] DREAMPlace - plotting to gammalocal_results/gpos/bigblue1/plot/iter0739.png takes 2.092 seconds
[INFO   ] DREAMPlace - Start ABCDPlace for refinement
[INFO   ] Legality check takes 21.7936 ms
[INFO   ] writing placement to gammalocal_results/gpos/bigblue1/plot/iter0739.png
[INFO   ] DREAMPlace - ABCDPlace input legal flag = 1
[INFO   ] Legality check takes 22.2325 ms
[DEBUG  ] 4-reorder
[DEBUG  ] 24 permutations
[DEBUG  ] initializing CPU DB takes 22.7775 ms
[DEBUG  ] computing independent rows takes 56.1751 ms
[DEBUG  ] computing reorder instances takes 1.18732 ms
[DEBUG  ] initializing CUDA state takes 2.75881 ms
[INFO   ] initial hpwl = 90817400.000
[DEBUG  ] enumeration takes 285.529 ms for 328 runs, average 0.870516 ms
[DEBUG  ] apply_reorder takes 5.61146 ms for 328 runs, average 0.0171081 ms
[INFO   ] Iteration time(ms) 	 291.175
[INFO   ] iteration 0: hpwl 90817400.000 => 90482640.000 (imp. 0.368608%)
[DEBUG  ] enumeration takes 285.001 ms for 328 runs, average 0.868907 ms
[DEBUG  ] apply_reorder takes 5.53594 ms for 328 runs, average 0.0168779 ms
[INFO   ] Iteration time(ms) 	 290.565
[INFO   ] iteration 1: hpwl 90817400.000 => 90425944.000 (imp. 0.431036%)
[DEBUG  ] destroying CUDA state takes 0.835238 ms
[DEBUG  ] destroying CPU state takes 0.002735 ms
[INFO   ] Kernel time: 583.348 ms
[INFO   ] K-reorder time: 667.18 ms
[INFO   ] DREAMPlace - K-Reorder legal flag = 1
[INFO   ] Legality check takes 22.181 ms
[INFO   ] diamond search grid size 64, sequence length 2048
[INFO   ] initializing GPU memory takes 5.95537 ms
[INFO   ] initial hpwl 9.04259e+07
[DEBUG  ] allocate 2261503 bytes in shuffler for length 277604*(4+4)
[DEBUG  ] from 79688 nodes, collect 622 sets, avg 109 nodes, min/max 11/128 nodes
[INFO   ] iteration 0, target hpwl 9.04041e+07, delta -21808(-0.024117%), 622 independent sets, moved 3.20168% cells, runtime 18.1644 ms
[DEBUG  ] from 79462 nodes, collect 620 sets, avg 109 nodes, min/max 12/128 nodes
[DEBUG  ] from 79344 nodes, collect 619 sets, avg 109 nodes, min/max 26/128 nodes
[DEBUG  ] from 79517 nodes, collect 621 sets, avg 110 nodes, min/max 22/128 nodes
[DEBUG  ] from 79426 nodes, collect 620 sets, avg 108 nodes, min/max 12/128 nodes
[DEBUG  ] from 79458 nodes, collect 620 sets, avg 108 nodes, min/max 19/128 nodes
[INFO   ] iteration 5, target hpwl 9.03127e+07, delta -113280(-0.125274%), 620 independent sets, moved 15.5974% cells, runtime 16.241 ms
[DEBUG  ] from 79429 nodes, collect 620 sets, avg 108 nodes, min/max 22/128 nodes
[DEBUG  ] from 79528 nodes, collect 621 sets, avg 109 nodes, min/max 27/128 nodes
[DEBUG  ] from 79449 nodes, collect 620 sets, avg 108 nodes, min/max 18/128 nodes
[DEBUG  ] from 79342 nodes, collect 619 sets, avg 108 nodes, min/max 21/128 nodes
[DEBUG  ] from 79524 nodes, collect 621 sets, avg 110 nodes, min/max 19/128 nodes
[INFO   ] iteration 10, target hpwl 9.02906e+07, delta -135376(-0.149709%), 621 independent sets, moved 25.9413% cells, runtime 15.4496 ms
[DEBUG  ] from 79543 nodes, collect 621 sets, avg 108 nodes, min/max 15/128 nodes
[DEBUG  ] from 79478 nodes, collect 620 sets, avg 107 nodes, min/max 18/128 nodes
[DEBUG  ] from 79475 nodes, collect 620 sets, avg 107 nodes, min/max 6/128 nodes
[DEBUG  ] from 79482 nodes, collect 620 sets, avg 109 nodes, min/max 23/128 nodes
[DEBUG  ] from 79511 nodes, collect 621 sets, avg 108 nodes, min/max 19/128 nodes
[INFO   ] iteration 15, target hpwl 9.02603e+07, delta -165608(-0.183142%), 621 independent sets, moved 35.3439% cells, runtime 16.5941 ms
[DEBUG  ] from 79460 nodes, collect 620 sets, avg 108 nodes, min/max 7/128 nodes
[DEBUG  ] from 79332 nodes, collect 619 sets, avg 109 nodes, min/max 18/128 nodes
[DEBUG  ] from 79202 nodes, collect 618 sets, avg 107 nodes, min/max 17/128 nodes
[DEBUG  ] from 79399 nodes, collect 620 sets, avg 108 nodes, min/max 9/128 nodes
[DEBUG  ] from 79391 nodes, collect 620 sets, avg 108 nodes, min/max 15/128 nodes
[INFO   ] iteration 20, target hpwl 9.02457e+07, delta -180264(-0.19935%), 620 independent sets, moved 44.5642% cells, runtime 12.1521 ms
[DEBUG  ] from 79263 nodes, collect 619 sets, avg 108 nodes, min/max 19/128 nodes
[DEBUG  ] from 79475 nodes, collect 620 sets, avg 109 nodes, min/max 22/128 nodes
[DEBUG  ] from 79462 nodes, collect 620 sets, avg 108 nodes, min/max 17/128 nodes
[DEBUG  ] from 79309 nodes, collect 619 sets, avg 109 nodes, min/max 25/128 nodes
[DEBUG  ] from 79317 nodes, collect 619 sets, avg 108 nodes, min/max 20/128 nodes
[INFO   ] iteration 25, target hpwl 9.02239e+07, delta -202040(-0.223431%), 619 independent sets, moved 53.3263% cells, runtime 17.5665 ms
[DEBUG  ] from 79423 nodes, collect 620 sets, avg 109 nodes, min/max 15/128 nodes
[DEBUG  ] from 79309 nodes, collect 619 sets, avg 109 nodes, min/max 28/128 nodes
[DEBUG  ] from 79384 nodes, collect 620 sets, avg 107 nodes, min/max 14/128 nodes
[DEBUG  ] from 79329 nodes, collect 619 sets, avg 110 nodes, min/max 15/128 nodes
[DEBUG  ] from 79564 nodes, collect 621 sets, avg 108 nodes, min/max 1/128 nodes
[INFO   ] iteration 30, target hpwl 9.02092e+07, delta -216776(-0.239728%), 621 independent sets, moved 62.1216% cells, runtime 13.4762 ms
[DEBUG  ] from 79404 nodes, collect 620 sets, avg 108 nodes, min/max 14/128 nodes
[DEBUG  ] from 79611 nodes, collect 621 sets, avg 110 nodes, min/max 8/128 nodes
[DEBUG  ] from 79481 nodes, collect 620 sets, avg 107 nodes, min/max 16/128 nodes
[DEBUG  ] from 79417 nodes, collect 620 sets, avg 108 nodes, min/max 16/128 nodes
[DEBUG  ] from 79338 nodes, collect 619 sets, avg 109 nodes, min/max 25/128 nodes
[INFO   ] iteration 35, target hpwl 9.02113e+07, delta -214608(-0.23733%), 619 independent sets, moved 70.9075% cells, runtime 15.0259 ms
[DEBUG  ] from 79537 nodes, collect 621 sets, avg 108 nodes, min/max 12/128 nodes
[DEBUG  ] from 79420 nodes, collect 620 sets, avg 107 nodes, min/max 10/128 nodes
[DEBUG  ] from 79336 nodes, collect 619 sets, avg 108 nodes, min/max 11/128 nodes
[DEBUG  ] from 79474 nodes, collect 620 sets, avg 109 nodes, min/max 27/128 nodes
[DEBUG  ] from 79425 nodes, collect 620 sets, avg 108 nodes, min/max 22/128 nodes
[INFO   ] iteration 40, target hpwl 9.02074e+07, delta -218560(-0.241701%), 620 independent sets, moved 79.4038% cells, runtime 16.0694 ms
[DEBUG  ] from 79538 nodes, collect 621 sets, avg 108 nodes, min/max 11/128 nodes
[DEBUG  ] from 79405 nodes, collect 620 sets, avg 108 nodes, min/max 19/128 nodes
[DEBUG  ] from 79364 nodes, collect 620 sets, avg 109 nodes, min/max 11/128 nodes
[DEBUG  ] from 79387 nodes, collect 620 sets, avg 107 nodes, min/max 20/128 nodes
[DEBUG  ] from 79515 nodes, collect 621 sets, avg 108 nodes, min/max 14/128 nodes
[INFO   ] iteration 45, target hpwl 9.01988e+07, delta -227112(-0.251158%), 621 independent sets, moved 87.6861% cells, runtime 39.036 ms
[DEBUG  ] from 79528 nodes, collect 621 sets, avg 107 nodes, min/max 25/128 nodes
[DEBUG  ] from 79446 nodes, collect 620 sets, avg 110 nodes, min/max 20/128 nodes
[DEBUG  ] from 79257 nodes, collect 619 sets, avg 108 nodes, min/max 29/128 nodes
[DEBUG  ] from 79421 nodes, collect 620 sets, avg 108 nodes, min/max 19/128 nodes
[INFO   ] iteration 49, target hpwl 9.01982e+07, delta -227784(-0.251901%), 620 independent sets, moved 94.3956% cells, runtime 11.9417 ms
[DEBUG  ] random_shuffle takes 6.45555 ms, 50 runs, average 0.129111 ms
[DEBUG  ] maximal_independent_set takes 59.7345 ms, 50 runs, average 1.19469 ms
[DEBUG  ] collect_independent_sets takes 41.6812 ms, 50 runs, average 0.833623 ms
[DEBUG  ] cost_matrix_construction takes 25.099 ms, 50 runs, average 0.501979 ms
[DEBUG  ] independent_sets_solving takes 835.168 ms, 50 runs, average 16.7034 ms
[DEBUG  ] apply_solution takes 2.27693 ms, 50 runs, average 0.0455386 ms
[INFO   ] destroying GPU memory takes 1.56571 ms
[INFO   ] Kernel time 990.331 ms
[INFO   ] Independent set matching time 1021.25 ms
[INFO   ] DREAMPlace - Independent set matching legal flag = 1
[INFO   ] Legality check takes 22.1784 ms
[DEBUG  ] bins 256x256, bin sizes 41.7656x41.7188, die size 0, 0, 10692, 10680
[DEBUG  ] batch_size = 256, max_num_nodes_per_bin = 25, max_num_candidates = 125, max_num_candidates_all = 32000
[DEBUG  ] estimate_memory_usage = 477419520, use fast pair HPWL computation strategy requires additional memory
[INFO   ] initial hpwl = 90198160.000
[DEBUG  ] compute_search_bins takes 0.264596 ms
[INFO   ] Iteration time(ms) 	 130.613
[INFO   ] iteration 0: hpwl 90198160.000 => 90153808.000 (imp. 0.0491717%)
[DEBUG  ] compute_search_bins takes 0.010987 ms
[INFO   ] Iteration time(ms) 	 162.946
[INFO   ] iteration 1: hpwl 90198160.000 => 90045184.000 (imp. 0.1696%)
[INFO   ] Kernel time: 294.754 ms
[INFO   ] Global swap time: 342.758 ms
[INFO   ] DREAMPlace - Global swap legal flag = 1
[INFO   ] Legality check takes 22.2352 ms
[DEBUG  ] 4-reorder
[DEBUG  ] 24 permutations
[DEBUG  ] initializing CPU DB takes 22.8287 ms
[DEBUG  ] computing independent rows takes 56.0261 ms
[DEBUG  ] computing reorder instances takes 1.04496 ms
[DEBUG  ] initializing CUDA state takes 2.24148 ms
[INFO   ] initial hpwl = 90045184.000
[DEBUG  ] enumeration takes 275.63 ms for 318 runs, average 0.866761 ms
[DEBUG  ] apply_reorder takes 5.37493 ms for 318 runs, average 0.0169023 ms
[INFO   ] Iteration time(ms) 	 281.032
[INFO   ] iteration 0: hpwl 90045184.000 => 89986368.000 (imp. 0.0653183%)
[DEBUG  ] enumeration takes 274.977 ms for 318 runs, average 0.864706 ms
[DEBUG  ] apply_reorder takes 5.30372 ms for 318 runs, average 0.0166784 ms
[INFO   ] Iteration time(ms) 	 280.31
[INFO   ] iteration 1: hpwl 90045184.000 => 89973840.000 (imp. 0.0792313%)
[DEBUG  ] destroying CUDA state takes 0.760363 ms
[DEBUG  ] destroying CPU state takes 0.003727 ms
[INFO   ] Kernel time: 562.43 ms
[INFO   ] K-reorder time: 645.448 ms
[INFO   ] DREAMPlace - K-Reorder legal flag = 1
[INFO   ] DREAMPlace - detailed placement takes 2.796 seconds
[INFO   ] DREAMPlace - iteration  739, wHPWL 8.987898E+07, time 0.435ms
[INFO   ] DREAMPlace - plotting to gammalocal_results/gpos/bigblue1/plot/iter0740.png takes 2.088 seconds
[INFO   ] DREAMPlace - non-linear placement takes 55.85 seconds
[INFO   ] DREAMPlace - writing to gammalocal_results/gpos/bigblue1/bigblue1.gp.pl
[INFO   ] DREAMPlace - write SolutionFileFormat.BOOKSHELF takes 0.108 seconds
[INFO   ] DREAMPlace - placement takes 62.631 seconds
[INFO   ] Legality check takes 22.3675 ms
[INFO   ] writing placement to gammalocal_results/gpos/bigblue1/plot/iter0740.png
[INFO   ] writing placement to gammalocal_results/gpos/bigblue1/bigblue1.gp.pl
