========================================================
                       DREAMPlace
            Yibo Lin (http://yibolin.com)
   David Z. Pan (http://users.ece.utexas.edu/~dpan)
========================================================
[INFO   ] DREAMPlace - parameters = {'aux_input': 'benchmarks/ispd2005/bigblue4/bigblue4.aux', 'lef_input': '', 'def_input': '', 'verilog_input': '', 'gpu': 1, 'num_bins_x': 2048, 'num_bins_y': 2048, 'global_place_stages': [{'num_bins_x': 2048, 'num_bins_y': 2048, 'iteration': 1000, 'learning_rate': 0.01, 'wirelength': 'weighted_average', 'optimizer': 'nesterov', 'Llambda_density_weight_iteration': 1, 'Lsub_iteration': 1}], 'target_density': 1.0, 'density_weight': 0.0008, 'random_seed': 1000, 'result_dir': 'alignfiller_c8em4_results', 'scale_factor': 1.0, 'shift_factor': [0.0, 0.0], 'ignore_net_degree': 100, 'gp_noise_ratio': 0.025, 'enable_fillers': 1, 'global_place_flag': 1, 'legalize_flag': 1, 'abacus_legalize_flag': 1, 'detailed_place_flag': 1, 'stop_overflow': 0.07, 'dtype': 'float32', 'detailed_place_engine': '', 'detailed_place_command': '', 'plot_flag': 1, 'connectivity_grid_init_flag': 1, 'conn_init_sweeps': 32, 'conn_init_damping': 0.7, 'conn_capacity_spread_flag': 1, 'conn_spread_leaf_size': 16, 'conn_spread_density_slack': 1.5, 'conn_obstacle_project_flag': 1, 'conn_shrink_scale': 0, 'gamma_warmup_iters': 0, 'gamma_monotone_flag': 0, 'density_weight_warmup_iters': 0, 'random_uniform_init_flag': 0, 'filler_init_density_aware_flag': 0, 'initial_density_weight_absolute': 0.0, 'plot_iteration_interval': 56, 'RePlAce_ref_hpwl': 350000, 'RePlAce_LOWER_PCOF': 0.95, 'RePlAce_UPPER_PCOF': 1.05, 'gamma': 4.0, 'RePlAce_skip_energy_flag': 0, 'random_center_init_flag': 0, 'gift_init_flag': 0, 'gift_init_scale': 0.7, 'sort_nets_by_degree': 0, 'num_threads': 8, 'dump_global_place_solution_flag': 0, 'dump_legalize_solution_flag': 0, 'routability_opt_flag': 0, 'route_num_bins_x': 512, 'route_num_bins_y': 512, 'node_area_adjust_overflow': 0.15, 'max_num_area_adjust': 3, 'adjust_nctugr_area_flag': 0, 'adjust_rudy_area_flag': 1, 'adjust_pin_area_flag': 1, 'area_adjust_stop_ratio': 0.01, 'route_area_adjust_stop_ratio': 0.01, 'pin_area_adjust_stop_ratio': 0.05, 'unit_horizontal_capacity': 1.5625, 'unit_vertical_capacity': 1.45, 'unit_pin_capacity': 0.058, 'max_route_opt_adjust_rate': 2.0, 'route_opt_adjust_exponent': 2.0, 'pin_stretch_ratio': 1.414213562, 'max_pin_opt_adjust_rate': 1.5, 'deterministic_flag': 1, 'timing_opt_flag': 0, 'early_lib_input': '', 'late_lib_input': '', 'lib_input': '', 'sdc_input': '', 'wire_resistance_per_micron': 0, 'wire_capacitance_per_micron': 0, 'net_weighting_scheme': 'lilith', 'momentum_decay_factor': 0.5, 'enable_net_weighting': 1, 'max_net_weight': 'inf', 'use_bb': 'auto', 'macro_place_flag': 'auto', 'two_stage_density_scaler': 1000, 'macro_halo_x': 0, 'macro_halo_y': 0}
[INFO   ] DREAMPlace - set shift_factor = (36, 58), as original row bbox = (36, 58, 32226, 32386)
[INFO   ] DREAMPlace - set scale_factor = 1, as site_width = 1
[INFO   ] DREAMPlace - shift coordinate system by (36, 58), scale coordinate system by 1
[INFO   ] DREAMPlace - 
================================= Benchmark Statistics =================================
#nodes = 2177353, #terminals = 8170, # terminal_NIs = 0, #movable = 2169183, #nets = 2229886
die area = (0, 0, 32190, 32328) 1.04064e+09
row height = 12, site width = 1
#pins = 8731365, #movable_pins = 8560784
total_movable_node_area = 2.87504e+08, total_fixed_node_area = 3.9144e+08, total_space_area = 6.49199e+08
total_movable_cell_area = 2.87504e+08, total_movable_macro_area = 0
utilization = 0.44286, cell utilization = 0.44286, target_density = 1
use placeable_area = 6.49199e+08 to compute fillers
total_filler_node_area = 3.61695e+08, #fillers = 2885580, filler sizes = 10.4455x12
num_bins = 2048x2048, bin sizes = 1.30981x1.31543
========================================================================================
[INFO   ] DREAMPlace - reading benchmark takes 86.1163 seconds
[INFO   ] DREAMPlace - reading database takes 86.12 seconds
[INFO   ] DREAMPlace - connectivity grid init: obstacle projection enabled
[INFO   ] DREAMPlace - connectivity grid init: 32 sweeps done
[INFO   ] DREAMPlace - connectivity grid init: capacity spread, fill 0.443, cap_frac 0.664, 7851301 free anchors, 2169183 std cells, 0 movable macros kept at field
[INFO   ] DREAMPlace - connectivity grid init: 7851301 feasible anchors
[INFO   ] DREAMPlace - non-linear placement initialization takes 382.51 seconds
[INFO   ] DREAMPlace - Global placement: 2048x2048 bins by default
[INFO   ] DREAMPlace - 2048x2048 bins #bins 2048x2048, bin sizes 1.30981x1.31543, max_num_bins = 9, padding = 0
[INFO   ] dreamplace.ops.electric_potential.electric_potential - regard 0 cells as movable macros in global placement
[WARNING] DREAMPlace - quadratic density penalty is disabled, density weight update is forced to be based on HPWL
[INFO   ] DREAMPlace - Optimizer 'nesterov' does not rebuild the model. Every training epoch calls the function 'step()'.
[INFO   ] DREAMPlace - use nesterov optimizer
[INFO   ] DREAMPlace - add 2.5% noise
[INFO   ] dreamplace.ops.electric_potential.electric_potential - fixed density map: average 93.3267, max 248.108, bin area 248.108
[INFO   ] DREAMPlace - nesterov initialization takes 0.485871 seconds
[INFO   ] DREAMPlace - density_weight = 2.849738E-08
[INFO   ] DREAMPlace - plotting to alignfiller_c8em4_results/bigblue4/plot/iter0000.png takes 17.543 seconds
[INFO   ] DREAMPlace - optimizer step 79.513 ms
[INFO   ] DREAMPlace - iteration    0, (   0,  0,  0), Obj 1.006892E+10, DensityWeight 0.000000E+00, wHPWL 1.205938E+10, Overflow 6.538498E-01, MaxDensity 3.364E+02, gamma 1.260117E+03, time 39.561ms
[INFO   ] DREAMPlace - full step 17739.744 ms
[INFO   ] DREAMPlace - optimizer step 75.449 ms
[INFO   ] DREAMPlace - iteration    1, (   1,  0,  0), Obj 7.822714E+09, DensityWeight 2.849738E-08, wHPWL 9.751681E+09, Overflow 6.107633E-01, MaxDensity 2.409E+01, gamma 2.143819E+02, time 5.714ms
[INFO   ] DREAMPlace - full step 97.986 ms
[INFO   ] DREAMPlace - optimizer step 97.824 ms
[INFO   ] DREAMPlace - iteration    2, (   2,  0,  0), Obj 8.234040E+09, DensityWeight 2.991627E-08, wHPWL 8.633045E+09, Overflow 6.044156E-01, MaxDensity 1.817E+01, gamma 1.719651E+02, time 6.600ms
[INFO   ] DREAMPlace - full step 111.974 ms
[INFO   ] DREAMPlace - optimizer step 124.049 ms
[INFO   ] DREAMPlace - iteration    3, (   3,  0,  0), Obj 7.756386E+09, DensityWeight 3.140266E-08, wHPWL 8.063457E+09, Overflow 6.042963E-01, MaxDensity 1.926E+01, gamma 1.664694E+02, time 6.572ms
[INFO   ] DREAMPlace - full step 138.191 ms
[INFO   ] DREAMPlace - optimizer step 49.942 ms
[INFO   ] DREAMPlace - iteration    4, (   4,  0,  0), Obj 7.388872E+09, DensityWeight 3.295961E-08, wHPWL 7.695606E+09, Overflow 6.029399E-01, MaxDensity 2.497E+01, gamma 1.663679E+02, time 27.583ms
[INFO   ] DREAMPlace - full step 85.116 ms
[INFO   ] DREAMPlace - optimizer step 86.250 ms
[INFO   ] DREAMPlace - iteration    5, (   5,  0,  0), Obj 7.048328E+09, DensityWeight 3.459029E-08, wHPWL 7.351848E+09, Overflow 6.008479E-01, MaxDensity 3.057E+01, gamma 1.652171E+02, time 6.581ms
[INFO   ] DREAMPlace - full step 100.386 ms
[INFO   ] DREAMPlace - optimizer step 45.965 ms
[INFO   ] DREAMPlace - iteration    6, (   6,  0,  0), Obj 6.758447E+09, DensityWeight 3.629802E-08, wHPWL 7.070081E+09, Overflow 5.976329E-01, MaxDensity 3.389E+01, gamma 1.634580E+02, time 6.584ms
[INFO   ] DREAMPlace - full step 60.080 ms
[INFO   ] DREAMPlace - optimizer step 29.465 ms
[INFO   ] DREAMPlace - iteration    7, (   7,  0,  0), Obj 6.483660E+09, DensityWeight 3.808625E-08, wHPWL 6.791016E+09, Overflow 5.940289E-01, MaxDensity 3.686E+01, gamma 1.607910E+02, time 6.622ms
[INFO   ] DREAMPlace - full step 40.687 ms
[INFO   ] DREAMPlace - optimizer step 26.568 ms
[INFO   ] DREAMPlace - iteration    8, (   8,  0,  0), Obj 6.225112E+09, DensityWeight 3.995858E-08, wHPWL 6.536617E+09, Overflow 5.902919E-01, MaxDensity 5.314E+01, gamma 1.578530E+02, time 18.297ms
[INFO   ] DREAMPlace - full step 52.462 ms
[INFO   ] DREAMPlace - optimizer step 24.123 ms
[INFO   ] DREAMPlace - iteration    9, (   9,  0,  0), Obj 5.954078E+09, DensityWeight 4.191876E-08, wHPWL 6.259602E+09, Overflow 5.873596E-01, MaxDensity 5.060E+01, gamma 1.548633E+02, time 7.452ms
[INFO   ] DREAMPlace - full step 39.091 ms
[INFO   ] DREAMPlace - optimizer step 31.086 ms
[INFO   ] DREAMPlace - iteration   10, (  10,  0,  0), Obj 5.708427E+09, DensityWeight 4.397070E-08, wHPWL 6.015363E+09, Overflow 5.836542E-01, MaxDensity 5.510E+01, gamma 1.525571E+02, time 7.102ms
[INFO   ] DREAMPlace - full step 43.592 ms
[INFO   ] DREAMPlace - optimizer step 32.840 ms
[INFO   ] DREAMPlace - iteration   11, (  11,  0,  0), Obj 5.456074E+09, DensityWeight 4.611847E-08, wHPWL 5.759340E+09, Overflow 5.803107E-01, MaxDensity 7.539E+01, gamma 1.496918E+02, time 17.614ms
[INFO   ] DREAMPlace - full step 57.413 ms
[INFO   ] DREAMPlace - optimizer step 33.374 ms
[INFO   ] DREAMPlace - iteration   12, (  12,  0,  0), Obj 5.223273E+09, DensityWeight 4.836632E-08, wHPWL 5.526583E+09, Overflow 5.764163E-01, MaxDensity 7.738E+01, gamma 1.471527E+02, time 6.560ms
[INFO   ] DREAMPlace - full step 47.462 ms
[INFO   ] DREAMPlace - optimizer step 27.958 ms
[INFO   ] DREAMPlace - iteration   13, (  13,  0,  0), Obj 4.985542E+09, DensityWeight 5.071865E-08, wHPWL 5.284865E+09, Overflow 5.732747E-01, MaxDensity 9.025E+01, gamma 1.442493E+02, time 10.569ms
[INFO   ] DREAMPlace - full step 46.072 ms
[INFO   ] DREAMPlace - optimizer step 31.656 ms
[INFO   ] DREAMPlace - iteration   14, (  14,  0,  0), Obj 4.769544E+09, DensityWeight 5.318008E-08, wHPWL 5.067816E+09, Overflow 5.692976E-01, MaxDensity 1.054E+02, gamma 1.419491E+02, time 15.301ms
[INFO   ] DREAMPlace - full step 54.470 ms
[INFO   ] DREAMPlace - optimizer step 28.735 ms
[INFO   ] DREAMPlace - iteration   15, (  15,  0,  0), Obj 4.549420E+09, DensityWeight 5.575538E-08, wHPWL 4.844472E+09, Overflow 5.665963E-01, MaxDensity 1.021E+02, gamma 1.390895E+02, time 18.816ms
[INFO   ] DREAMPlace - full step 55.063 ms
[INFO   ] DREAMPlace - optimizer step 24.986 ms
[INFO   ] DREAMPlace - iteration   16, (  16,  0,  0), Obj 4.351620E+09, DensityWeight 5.844955E-08, wHPWL 4.644444E+09, Overflow 5.647377E-01, MaxDensity 1.232E+02, gamma 1.371803E+02, time 6.617ms
[INFO   ] DREAMPlace - full step 39.166 ms
[INFO   ] DREAMPlace - optimizer step 28.290 ms
[INFO   ] DREAMPlace - iteration   17, (  17,  0,  0), Obj 4.148791E+09, DensityWeight 6.126778E-08, wHPWL 4.439040E+09, Overflow 5.635523E-01, MaxDensity 1.072E+02, gamma 1.358818E+02, time 12.344ms
[INFO   ] DREAMPlace - full step 48.210 ms
[INFO   ] DREAMPlace - optimizer step 23.662 ms
[INFO   ] DREAMPlace - iteration   18, (  18,  0,  0), Obj 3.965876E+09, DensityWeight 6.421547E-08, wHPWL 4.256489E+09, Overflow 5.614328E-01, MaxDensity 1.032E+02, gamma 1.350602E+02, time 14.562ms
[INFO   ] DREAMPlace - full step 45.724 ms
[INFO   ] DREAMPlace - optimizer step 23.743 ms
[INFO   ] DREAMPlace - iteration   19, (  19,  0,  0), Obj 3.777838E+09, DensityWeight 6.729825E-08, wHPWL 4.067886E+09, Overflow 5.608506E-01, MaxDensity 1.046E+02, gamma 1.336033E+02, time 22.813ms
[INFO   ] DREAMPlace - full step 53.264 ms
[INFO   ] DREAMPlace - optimizer step 53.793 ms
[INFO   ] DREAMPlace - iteration   20, (  20,  0,  0), Obj 3.614406E+09, DensityWeight 7.052196E-08, wHPWL 3.903778E+09, Overflow 5.598739E-01, MaxDensity 1.088E+02, gamma 1.332059E+02, time 6.612ms
[INFO   ] DREAMPlace - full step 66.424 ms
[INFO   ] DREAMPlace - optimizer step 21.854 ms
[INFO   ] DREAMPlace - iteration   21, (  21,  0,  0), Obj 3.447247E+09, DensityWeight 7.389271E-08, wHPWL 3.736476E+09, Overflow 5.601590E-01, MaxDensity 1.255E+02, gamma 1.325419E+02, time 6.615ms
[INFO   ] DREAMPlace - full step 35.951 ms
[INFO   ] DREAMPlace - optimizer step 48.085 ms
[INFO   ] DREAMPlace - iteration   22, (  22,  0,  0), Obj 3.298200E+09, DensityWeight 7.741684E-08, wHPWL 3.587997E+09, Overflow 5.599878E-01, MaxDensity 1.279E+02, gamma 1.327353E+02, time 6.618ms
[INFO   ] DREAMPlace - full step 62.135 ms
[INFO   ] DREAMPlace - optimizer step 22.183 ms
[INFO   ] DREAMPlace - iteration   23, (  23,  0,  0), Obj 3.147274E+09, DensityWeight 8.110092E-08, wHPWL 3.437758E+09, Overflow 5.600703E-01, MaxDensity 1.524E+02, gamma 1.326191E+02, time 6.642ms
[INFO   ] DREAMPlace - full step 36.285 ms
[INFO   ] DREAMPlace - optimizer step 44.520 ms
[INFO   ] DREAMPlace - iteration   24, (  24,  0,  0), Obj 3.014003E+09, DensityWeight 8.495182E-08, wHPWL 3.305765E+09, Overflow 5.596151E-01, MaxDensity 1.462E+02, gamma 1.326751E+02, time 8.038ms
[INFO   ] DREAMPlace - full step 60.079 ms
[INFO   ] DREAMPlace - optimizer step 21.938 ms
[INFO   ] DREAMPlace - iteration   25, (  25,  0,  0), Obj 2.881069E+09, DensityWeight 8.897668E-08, wHPWL 3.172564E+09, Overflow 5.600041E-01, MaxDensity 1.122E+02, gamma 1.323664E+02, time 6.635ms
[INFO   ] DREAMPlace - full step 36.040 ms
[INFO   ] DREAMPlace - optimizer step 24.971 ms
[INFO   ] DREAMPlace - iteration   26, (  26,  0,  0), Obj 2.762602E+09, DensityWeight 9.318291E-08, wHPWL 3.054579E+09, Overflow 5.602927E-01, MaxDensity 1.278E+02, gamma 1.326301E+02, time 29.756ms
[INFO   ] DREAMPlace - full step 62.194 ms
[INFO   ] DREAMPlace - optimizer step 22.278 ms
[INFO   ] DREAMPlace - iteration   27, (  27,  0,  0), Obj 2.644024E+09, DensityWeight 9.757823E-08, wHPWL 2.935838E+09, Overflow 5.614669E-01, MaxDensity 1.159E+02, gamma 1.328261E+02, time 6.666ms
[INFO   ] DREAMPlace - full step 36.395 ms
[INFO   ] DREAMPlace - optimizer step 29.568 ms
[INFO   ] DREAMPlace - iteration   28, (  28,  0,  0), Obj 2.536831E+09, DensityWeight 1.021706E-07, wHPWL 2.829662E+09, Overflow 5.624082E-01, MaxDensity 1.229E+02, gamma 1.336266E+02, time 21.270ms
[INFO   ] DREAMPlace - full step 58.323 ms
[INFO   ] DREAMPlace - optimizer step 24.986 ms
[INFO   ] DREAMPlace - iteration   29, (  29,  0,  0), Obj 2.430479E+09, DensityWeight 1.069685E-07, wHPWL 2.723745E+09, Overflow 5.641182E-01, MaxDensity 1.547E+02, gamma 1.342718E+02, time 6.637ms
[INFO   ] DREAMPlace - full step 36.731 ms
[INFO   ] DREAMPlace - optimizer step 24.892 ms
[INFO   ] DREAMPlace - iteration   30, (  30,  0,  0), Obj 2.334449E+09, DensityWeight 1.119805E-07, wHPWL 2.629146E+09, Overflow 5.658110E-01, MaxDensity 1.269E+02, gamma 1.354518E+02, time 6.622ms
[INFO   ] DREAMPlace - full step 39.064 ms
[INFO   ] DREAMPlace - optimizer step 20.910 ms
[INFO   ] DREAMPlace - iteration   31, (  31,  0,  0), Obj 2.240473E+09, DensityWeight 1.172155E-07, wHPWL 2.535909E+09, Overflow 5.677837E-01, MaxDensity 1.855E+02, gamma 1.366302E+02, time 38.958ms
[INFO   ] DREAMPlace - full step 67.360 ms
[INFO   ] DREAMPlace - optimizer step 24.956 ms
[INFO   ] DREAMPlace - iteration   32, (  32,  0,  0), Obj 2.154850E+09, DensityWeight 1.226831E-07, wHPWL 2.452227E+09, Overflow 5.701835E-01, MaxDensity 1.655E+02, gamma 1.380163E+02, time 6.586ms
[INFO   ] DREAMPlace - full step 39.052 ms
[INFO   ] DREAMPlace - optimizer step 24.147 ms
[INFO   ] DREAMPlace - iteration   33, (  33,  0,  0), Obj 2.071386E+09, DensityWeight 1.283928E-07, wHPWL 2.369353E+09, Overflow 5.721778E-01, MaxDensity 1.484E+02, gamma 1.397214E+02, time 7.362ms
[INFO   ] DREAMPlace - full step 39.016 ms
[INFO   ] DREAMPlace - optimizer step 22.622 ms
[INFO   ] DREAMPlace - iteration   34, (  34,  0,  0), Obj 1.993949E+09, DensityWeight 1.343548E-07, wHPWL 2.294287E+09, Overflow 5.741067E-01, MaxDensity 1.774E+02, gamma 1.411546E+02, time 6.601ms
[INFO   ] DREAMPlace - full step 36.738 ms
[INFO   ] DREAMPlace - optimizer step 24.963 ms
[INFO   ] DREAMPlace - iteration   35, (  35,  0,  0), Obj 1.918940E+09, DensityWeight 1.405797E-07, wHPWL 2.219625E+09, Overflow 5.760630E-01, MaxDensity 1.573E+02, gamma 1.425546E+02, time 6.632ms
[INFO   ] DREAMPlace - full step 39.114 ms
[INFO   ] DREAMPlace - optimizer step 28.485 ms
[INFO   ] DREAMPlace - iteration   36, (  36,  0,  0), Obj 1.851007E+09, DensityWeight 1.470782E-07, wHPWL 2.153344E+09, Overflow 5.784026E-01, MaxDensity 1.797E+02, gamma 1.439889E+02, time 7.492ms
[INFO   ] DREAMPlace - full step 43.485 ms
[INFO   ] DREAMPlace - optimizer step 61.085 ms
[INFO   ] DREAMPlace - iteration   37, (  37,  0,  0), Obj 1.785262E+09, DensityWeight 1.538617E-07, wHPWL 2.088023E+09, Overflow 5.813583E-01, MaxDensity 1.768E+02, gamma 1.457229E+02, time 6.611ms
[INFO   ] DREAMPlace - full step 73.545 ms
[INFO   ] DREAMPlace - optimizer step 22.418 ms
[INFO   ] DREAMPlace - iteration   38, (  38,  0,  0), Obj 1.723679E+09, DensityWeight 1.609421E-07, wHPWL 2.028186E+09, Overflow 5.835422E-01, MaxDensity 1.816E+02, gamma 1.479435E+02, time 6.654ms
[INFO   ] DREAMPlace - full step 36.579 ms
[INFO   ] DREAMPlace - optimizer step 24.961 ms
[INFO   ] DREAMPlace - iteration   39, (  39,  0,  0), Obj 1.663718E+09, DensityWeight 1.683313E-07, wHPWL 1.969424E+09, Overflow 5.861493E-01, MaxDensity 1.761E+02, gamma 1.496061E+02, time 6.609ms
[INFO   ] DREAMPlace - full step 39.097 ms
[INFO   ] DREAMPlace - optimizer step 24.826 ms
[INFO   ] DREAMPlace - iteration   40, (  40,  0,  0), Obj 1.608425E+09, DensityWeight 1.760423E-07, wHPWL 1.915057E+09, Overflow 5.890614E-01, MaxDensity 1.880E+02, gamma 1.516152E+02, time 6.581ms
[INFO   ] DREAMPlace - full step 38.886 ms
[INFO   ] DREAMPlace - optimizer step 20.087 ms
[INFO   ] DREAMPlace - iteration   41, (  41,  0,  0), Obj 1.556496E+09, DensityWeight 1.840881E-07, wHPWL 1.863892E+09, Overflow 5.913456E-01, MaxDensity 1.668E+02, gamma 1.538913E+02, time 7.359ms
[INFO   ] DREAMPlace - full step 34.984 ms
[INFO   ] DREAMPlace - optimizer step 25.063 ms
[INFO   ] DREAMPlace - iteration   42, (  42,  0,  0), Obj 1.506922E+09, DensityWeight 1.924823E-07, wHPWL 1.815914E+09, Overflow 5.937076E-01, MaxDensity 1.987E+02, gamma 1.557005E+02, time 6.636ms
[INFO   ] DREAMPlace - full step 39.144 ms
[INFO   ] DREAMPlace - optimizer step 24.889 ms
[INFO   ] DREAMPlace - iteration   43, (  43,  0,  0), Obj 1.460250E+09, DensityWeight 2.012392E-07, wHPWL 1.769162E+09, Overflow 5.962874E-01, MaxDensity 2.808E+02, gamma 1.575938E+02, time 6.693ms
[INFO   ] DREAMPlace - full step 39.138 ms
[INFO   ] DREAMPlace - optimizer step 24.756 ms
[INFO   ] DREAMPlace - iteration   44, (  44,  0,  0), Obj 1.417136E+09, DensityWeight 2.103734E-07, wHPWL 1.726798E+09, Overflow 5.988154E-01, MaxDensity 1.809E+02, gamma 1.596879E+02, time 4.011ms
[INFO   ] DREAMPlace - full step 36.294 ms
[INFO   ] DREAMPlace - optimizer step 25.021 ms
[INFO   ] DREAMPlace - iteration   45, (  45,  0,  0), Obj 1.376029E+09, DensityWeight 2.199002E-07, wHPWL 1.686066E+09, Overflow 6.002825E-01, MaxDensity 1.747E+02, gamma 1.617669E+02, time 9.083ms
[INFO   ] DREAMPlace - full step 41.620 ms
[INFO   ] DREAMPlace - optimizer step 24.236 ms
[INFO   ] DREAMPlace - iteration   46, (  46,  0,  0), Obj 1.337051E+09, DensityWeight 2.298355E-07, wHPWL 1.647525E+09, Overflow 6.026186E-01, MaxDensity 1.591E+02, gamma 1.629858E+02, time 6.765ms
[INFO   ] DREAMPlace - full step 34.820 ms
[INFO   ] DREAMPlace - optimizer step 24.832 ms
[INFO   ] DREAMPlace - iteration   47, (  47,  0,  0), Obj 1.301527E+09, DensityWeight 2.401956E-07, wHPWL 1.610728E+09, Overflow 6.052226E-01, MaxDensity 1.756E+02, gamma 1.649457E+02, time 21.339ms
[INFO   ] DREAMPlace - full step 53.743 ms
[INFO   ] DREAMPlace - optimizer step 24.873 ms
[INFO   ] DREAMPlace - iteration   48, (  48,  0,  0), Obj 1.268040E+09, DensityWeight 2.509977E-07, wHPWL 1.577561E+09, Overflow 6.078673E-01, MaxDensity 1.846E+02, gamma 1.671582E+02, time 6.603ms
[INFO   ] DREAMPlace - full step 38.992 ms
[INFO   ] DREAMPlace - optimizer step 35.451 ms
[INFO   ] DREAMPlace - iteration   49, (  49,  0,  0), Obj 1.234568E+09, DensityWeight 2.622592E-07, wHPWL 1.543896E+09, Overflow 6.103513E-01, MaxDensity 1.841E+02, gamma 1.694357E+02, time 4.476ms
[INFO   ] DREAMPlace - full step 46.296 ms
[INFO   ] DREAMPlace - optimizer step 24.767 ms
[INFO   ] DREAMPlace - iteration   50, (  50,  0,  0), Obj 1.202419E+09, DensityWeight 2.739987E-07, wHPWL 1.511693E+09, Overflow 6.132959E-01, MaxDensity 2.126E+02, gamma 1.716030E+02, time 6.742ms
[INFO   ] DREAMPlace - full step 38.997 ms
[INFO   ] DREAMPlace - optimizer step 22.185 ms
[INFO   ] DREAMPlace - iteration   51, (  51,  0,  0), Obj 1.172775E+09, DensityWeight 2.862351E-07, wHPWL 1.481797E+09, Overflow 6.155776E-01, MaxDensity 2.411E+02, gamma 1.742081E+02, time 4.413ms
[INFO   ] DREAMPlace - full step 33.910 ms
[INFO   ] DREAMPlace - optimizer step 27.887 ms
[INFO   ] DREAMPlace - iteration   52, (  52,  0,  0), Obj 1.144531E+09, DensityWeight 2.989879E-07, wHPWL 1.454214E+09, Overflow 6.177958E-01, MaxDensity 2.159E+02, gamma 1.762540E+02, time 9.239ms
[INFO   ] DREAMPlace - full step 44.543 ms
[INFO   ] DREAMPlace - optimizer step 24.709 ms
[INFO   ] DREAMPlace - iteration   53, (  53,  0,  0), Obj 1.117682E+09, DensityWeight 3.122778E-07, wHPWL 1.426873E+09, Overflow 6.205143E-01, MaxDensity 2.030E+02, gamma 1.782659E+02, time 6.818ms
[INFO   ] DREAMPlace - full step 38.879 ms
[INFO   ] DREAMPlace - optimizer step 24.521 ms
[INFO   ] DREAMPlace - iteration   54, (  54,  0,  0), Obj 1.092691E+09, DensityWeight 3.261258E-07, wHPWL 1.401820E+09, Overflow 6.226807E-01, MaxDensity 1.881E+02, gamma 1.807630E+02, time 6.668ms
[INFO   ] DREAMPlace - full step 36.329 ms
[INFO   ] DREAMPlace - optimizer step 23.086 ms
[INFO   ] DREAMPlace - iteration   55, (  55,  0,  0), Obj 1.068211E+09, DensityWeight 3.405538E-07, wHPWL 1.377554E+09, Overflow 6.248319E-01, MaxDensity 2.131E+02, gamma 1.827779E+02, time 7.702ms
[INFO   ] DREAMPlace - full step 38.167 ms
[INFO   ] DREAMPlace - plotting to alignfiller_c8em4_results/bigblue4/plot/iter0056.png takes 15.855 seconds
[INFO   ] DREAMPlace - optimizer step 24.224 ms
[INFO   ] DREAMPlace - iteration   56, (  56,  0,  0), Obj 1.044719E+09, DensityWeight 3.555845E-07, wHPWL 1.353790E+09, Overflow 6.265216E-01, MaxDensity 2.487E+02, gamma 1.848008E+02, time 6.642ms
[INFO   ] DREAMPlace - full step 15905.346 ms
[INFO   ] DREAMPlace - optimizer step 20.835 ms
[INFO   ] DREAMPlace - iteration   57, (  57,  0,  0), Obj 1.022624E+09, DensityWeight 3.712415E-07, wHPWL 1.331273E+09, Overflow 6.282868E-01, MaxDensity 2.532E+02, gamma 1.864056E+02, time 6.501ms
[INFO   ] DREAMPlace - full step 34.817 ms
[INFO   ] DREAMPlace - optimizer step 26.424 ms
[INFO   ] DREAMPlace - iteration   58, (  58,  0,  0), Obj 1.002080E+09, DensityWeight 3.875491E-07, wHPWL 1.310375E+09, Overflow 6.297527E-01, MaxDensity 2.636E+02, gamma 1.880970E+02, time 6.663ms
[INFO   ] DREAMPlace - full step 40.405 ms
[INFO   ] DREAMPlace - optimizer step 21.679 ms
[INFO   ] DREAMPlace - iteration   59, (  59,  0,  0), Obj 9.820676E+08, DensityWeight 4.045327E-07, wHPWL 1.289858E+09, Overflow 6.315383E-01, MaxDensity 2.428E+02, gamma 1.895131E+02, time 7.486ms
[INFO   ] DREAMPlace - full step 36.810 ms
[INFO   ] DREAMPlace - optimizer step 23.083 ms
[INFO   ] DREAMPlace - iteration   60, (  60,  0,  0), Obj 9.629172E+08, DensityWeight 4.222182E-07, wHPWL 1.270312E+09, Overflow 6.330765E-01, MaxDensity 2.346E+02, gamma 1.912525E+02, time 6.633ms
[INFO   ] DREAMPlace - full step 37.076 ms
[INFO   ] DREAMPlace - optimizer step 24.910 ms
[INFO   ] DREAMPlace - iteration   61, (  61,  0,  0), Obj 9.441438E+08, DensityWeight 4.406329E-07, wHPWL 1.251193E+09, Overflow 6.347851E-01, MaxDensity 2.333E+02, gamma 1.927638E+02, time 6.615ms
[INFO   ] DREAMPlace - full step 34.970 ms
[INFO   ] DREAMPlace - optimizer step 24.055 ms
[INFO   ] DREAMPlace - iteration   62, (  62,  0,  0), Obj 9.263309E+08, DensityWeight 4.598048E-07, wHPWL 1.233193E+09, Overflow 6.362930E-01, MaxDensity 2.500E+02, gamma 1.944564E+02, time 6.612ms
[INFO   ] DREAMPlace - full step 38.049 ms
[INFO   ] DREAMPlace - optimizer step 24.099 ms
[INFO   ] DREAMPlace - iteration   63, (  63,  0,  0), Obj 9.090726E+08, DensityWeight 4.797628E-07, wHPWL 1.215789E+09, Overflow 6.384923E-01, MaxDensity 2.271E+02, gamma 1.959626E+02, time 5.004ms
[INFO   ] DREAMPlace - full step 36.467 ms
[INFO   ] DREAMPlace - optimizer step 22.024 ms
[INFO   ] DREAMPlace - iteration   64, (  64,  0,  0), Obj 8.926413E+08, DensityWeight 5.005371E-07, wHPWL 1.199323E+09, Overflow 6.397126E-01, MaxDensity 2.013E+02, gamma 1.981802E+02, time 6.595ms
[INFO   ] DREAMPlace - full step 35.176 ms
[INFO   ] DREAMPlace - optimizer step 25.085 ms
[INFO   ] DREAMPlace - iteration   65, (  65,  0,  0), Obj 8.761408E+08, DensityWeight 5.221587E-07, wHPWL 1.183216E+09, Overflow 6.413999E-01, MaxDensity 2.206E+02, gamma 1.994216E+02, time 64.955ms
[INFO   ] DREAMPlace - full step 97.435 ms
[INFO   ] DREAMPlace - optimizer step 24.865 ms
[INFO   ] DREAMPlace - iteration   66, (  66,  0,  0), Obj 8.606892E+08, DensityWeight 5.446598E-07, wHPWL 1.167287E+09, Overflow 6.426016E-01, MaxDensity 2.194E+02, gamma 2.011508E+02, time 6.570ms
[INFO   ] DREAMPlace - full step 38.881 ms
[INFO   ] DREAMPlace - optimizer step 22.722 ms
[INFO   ] DREAMPlace - iteration   67, (  67,  0,  0), Obj 8.459728E+08, DensityWeight 5.680737E-07, wHPWL 1.152770E+09, Overflow 6.448564E-01, MaxDensity 1.834E+02, gamma 2.023915E+02, time 6.613ms
[INFO   ] DREAMPlace - full step 36.925 ms
[INFO   ] DREAMPlace - optimizer step 23.031 ms
[INFO   ] DREAMPlace - iteration   68, (  68,  0,  0), Obj 8.319960E+08, DensityWeight 5.924350E-07, wHPWL 1.138651E+09, Overflow 6.468217E-01, MaxDensity 2.113E+02, gamma 2.047401E+02, time 6.582ms
[INFO   ] DREAMPlace - full step 36.949 ms
[INFO   ] DREAMPlace - optimizer step 37.119 ms
[INFO   ] DREAMPlace - iteration   69, (  69,  0,  0), Obj 8.176732E+08, DensityWeight 6.177791E-07, wHPWL 1.124970E+09, Overflow 6.495485E-01, MaxDensity 2.003E+02, gamma 2.068094E+02, time 12.219ms
[INFO   ] DREAMPlace - full step 55.833 ms
[INFO   ] DREAMPlace - optimizer step 20.274 ms
[INFO   ] DREAMPlace - iteration   70, (  70,  0,  0), Obj 8.036520E+08, DensityWeight 6.441429E-07, wHPWL 1.111146E+09, Overflow 6.519516E-01, MaxDensity 2.268E+02, gamma 2.097151E+02, time 7.250ms
[INFO   ] DREAMPlace - full step 34.887 ms
[INFO   ] DREAMPlace - optimizer step 35.461 ms
[INFO   ] DREAMPlace - iteration   71, (  71,  0,  0), Obj 7.898404E+08, DensityWeight 6.715647E-07, wHPWL 1.098318E+09, Overflow 6.541519E-01, MaxDensity 2.491E+02, gamma 2.123098E+02, time 24.896ms
[INFO   ] DREAMPlace - full step 67.737 ms
[INFO   ] DREAMPlace - optimizer step 51.916 ms
[INFO   ] DREAMPlace - iteration   72, (  72,  0,  0), Obj 7.767588E+08, DensityWeight 7.000839E-07, wHPWL 1.086109E+09, Overflow 6.565102E-01, MaxDensity 2.027E+02, gamma 2.147136E+02, time 7.321ms
[INFO   ] DREAMPlace - full step 66.557 ms
[INFO   ] DREAMPlace - optimizer step 31.291 ms
[INFO   ] DREAMPlace - iteration   73, (  73,  0,  0), Obj 7.645682E+08, DensityWeight 7.297413E-07, wHPWL 1.074729E+09, Overflow 6.588902E-01, MaxDensity 1.739E+02, gamma 2.173203E+02, time 19.137ms
[INFO   ] DREAMPlace - full step 55.856 ms
[INFO   ] DREAMPlace - optimizer step 28.056 ms
[INFO   ] DREAMPlace - iteration   74, (  74,  0,  0), Obj 7.528659E+08, DensityWeight 7.605789E-07, wHPWL 1.064319E+09, Overflow 6.606492E-01, MaxDensity 2.328E+02, gamma 2.199831E+02, time 7.178ms
[INFO   ] DREAMPlace - full step 42.738 ms
[INFO   ] DREAMPlace - optimizer step 246.080 ms
[INFO   ] DREAMPlace - iteration   75, (  75,  0,  0), Obj 7.413106E+08, DensityWeight 7.926404E-07, wHPWL 1.053845E+09, Overflow 6.624351E-01, MaxDensity 1.831E+02, gamma 2.219719E+02, time 328.912ms
[INFO   ] DREAMPlace - full step 582.349 ms
[INFO   ] DREAMPlace - optimizer step 40.977 ms
[INFO   ] DREAMPlace - iteration   76, (  76,  0,  0), Obj 7.305726E+08, DensityWeight 8.259709E-07, wHPWL 1.043671E+09, Overflow 6.642693E-01, MaxDensity 1.848E+02, gamma 2.240096E+02, time 15.564ms
[INFO   ] DREAMPlace - full step 63.021 ms
[INFO   ] DREAMPlace - optimizer step 24.356 ms
[INFO   ] DREAMPlace - iteration   77, (  77,  0,  0), Obj 7.206597E+08, DensityWeight 8.606168E-07, wHPWL 1.034552E+09, Overflow 6.665049E-01, MaxDensity 1.770E+02, gamma 2.261219E+02, time 6.613ms
[INFO   ] DREAMPlace - full step 37.439 ms
[INFO   ] DREAMPlace - optimizer step 24.829 ms
[INFO   ] DREAMPlace - iteration   78, (  78,  0,  0), Obj 7.109720E+08, DensityWeight 8.966263E-07, wHPWL 1.025731E+09, Overflow 6.692671E-01, MaxDensity 1.792E+02, gamma 2.287234E+02, time 5.141ms
[INFO   ] DREAMPlace - full step 37.753 ms
[INFO   ] DREAMPlace - optimizer step 24.335 ms
[INFO   ] DREAMPlace - iteration   79, (  79,  0,  0), Obj 7.011857E+08, DensityWeight 9.340491E-07, wHPWL 1.016960E+09, Overflow 6.716412E-01, MaxDensity 1.678E+02, gamma 2.319791E+02, time 6.612ms
[INFO   ] DREAMPlace - full step 38.282 ms
[INFO   ] DREAMPlace - optimizer step 22.209 ms
[INFO   ] DREAMPlace - iteration   80, (  80,  0,  0), Obj 6.912439E+08, DensityWeight 9.729365E-07, wHPWL 1.008417E+09, Overflow 6.736887E-01, MaxDensity 1.518E+02, gamma 2.348143E+02, time 6.635ms
[INFO   ] DREAMPlace - full step 36.203 ms
[INFO   ] DREAMPlace - optimizer step 24.402 ms
[INFO   ] DREAMPlace - iteration   81, (  81,  0,  0), Obj 6.820830E+08, DensityWeight 1.013341E-06, wHPWL 1.000411E+09, Overflow 6.751739E-01, MaxDensity 1.683E+02, gamma 2.372874E+02, time 6.643ms
[INFO   ] DREAMPlace - full step 37.510 ms
[INFO   ] DREAMPlace - optimizer step 24.991 ms
[INFO   ] DREAMPlace - iteration   82, (  82,  0,  0), Obj 6.739500E+08, DensityWeight 1.055319E-06, wHPWL 9.936620E+08, Overflow 6.769392E-01, MaxDensity 1.510E+02, gamma 2.390975E+02, time 6.087ms
[INFO   ] DREAMPlace - full step 35.485 ms
[INFO   ] DREAMPlace - optimizer step 23.994 ms
[INFO   ] DREAMPlace - iteration   83, (  83,  0,  0), Obj 6.668560E+08, DensityWeight 1.098925E-06, wHPWL 9.877838E+08, Overflow 6.784146E-01, MaxDensity 1.585E+02, gamma 2.412670E+02, time 6.661ms
[INFO   ] DREAMPlace - full step 38.024 ms
[INFO   ] DREAMPlace - optimizer step 24.034 ms
[INFO   ] DREAMPlace - iteration   84, (  84,  0,  0), Obj 6.597525E+08, DensityWeight 1.144219E-06, wHPWL 9.821274E+08, Overflow 6.800904E-01, MaxDensity 1.635E+02, gamma 2.430954E+02, time 6.599ms
[INFO   ] DREAMPlace - full step 38.009 ms
[INFO   ] DREAMPlace - optimizer step 24.386 ms
[INFO   ] DREAMPlace - iteration   85, (  85,  0,  0), Obj 6.528707E+08, DensityWeight 1.191261E-06, wHPWL 9.762372E+08, Overflow 6.822315E-01, MaxDensity 1.726E+02, gamma 2.451888E+02, time 6.145ms
[INFO   ] DREAMPlace - full step 37.893 ms
[INFO   ] DREAMPlace - optimizer step 24.300 ms
[INFO   ] DREAMPlace - iteration   86, (  86,  0,  0), Obj 6.461804E+08, DensityWeight 1.240112E-06, wHPWL 9.708097E+08, Overflow 6.837254E-01, MaxDensity 1.432E+02, gamma 2.478898E+02, time 6.547ms
[INFO   ] DREAMPlace - full step 37.764 ms
[INFO   ] DREAMPlace - optimizer step 26.464 ms
[INFO   ] DREAMPlace - iteration   87, (  87,  0,  0), Obj 6.396081E+08, DensityWeight 1.290838E-06, wHPWL 9.660349E+08, Overflow 6.848201E-01, MaxDensity 1.473E+02, gamma 2.497920E+02, time 6.610ms
[INFO   ] DREAMPlace - full step 40.409 ms
[INFO   ] DREAMPlace - optimizer step 22.310 ms
[INFO   ] DREAMPlace - iteration   88, (  88,  0,  0), Obj 6.335876E+08, DensityWeight 1.343505E-06, wHPWL 9.612401E+08, Overflow 6.854741E-01, MaxDensity 1.672E+02, gamma 2.511951E+02, time 6.609ms
[INFO   ] DREAMPlace - full step 35.479 ms
[INFO   ] DREAMPlace - optimizer step 5.945 ms
[INFO   ] DREAMPlace - iteration   89, (  89,  0,  0), Obj 6.286719E+08, DensityWeight 1.398180E-06, wHPWL 9.576438E+08, Overflow 6.856264E-01, MaxDensity 1.722E+02, gamma 2.520371E+02, time 4.811ms
[INFO   ] DREAMPlace - full step 11.973 ms
[INFO   ] DREAMPlace - optimizer step 6.333 ms
[INFO   ] DREAMPlace - iteration   90, (  90,  0,  0), Obj 6.244745E+08, DensityWeight 1.454935E-06, wHPWL 9.548056E+08, Overflow 6.856067E-01, MaxDensity 1.667E+02, gamma 2.522337E+02, time 2.335ms
[INFO   ] DREAMPlace - full step 9.768 ms
[INFO   ] DREAMPlace - optimizer step 25.163 ms
[INFO   ] DREAMPlace - iteration   91, (  91,  0,  0), Obj 6.208639E+08, DensityWeight 1.513842E-06, wHPWL 9.521967E+08, Overflow 6.855859E-01, MaxDensity 1.614E+02, gamma 2.522081E+02, time 6.545ms
[INFO   ] DREAMPlace - full step 39.084 ms
[INFO   ] DREAMPlace - optimizer step 25.239 ms
[INFO   ] DREAMPlace - iteration   92, (  92,  0,  0), Obj 6.175194E+08, DensityWeight 1.574977E-06, wHPWL 9.497733E+08, Overflow 6.858669E-01, MaxDensity 1.516E+02, gamma 2.521813E+02, time 4.988ms
[INFO   ] DREAMPlace - full step 37.643 ms
[INFO   ] DREAMPlace - optimizer step 25.208 ms
[INFO   ] DREAMPlace - iteration   93, (  93,  0,  0), Obj 6.143913E+08, DensityWeight 1.638416E-06, wHPWL 9.475426E+08, Overflow 6.868622E-01, MaxDensity 1.380E+02, gamma 2.525442E+02, time 5.067ms
[INFO   ] DREAMPlace - full step 37.672 ms
[INFO   ] DREAMPlace - optimizer step 25.174 ms
[INFO   ] DREAMPlace - iteration   94, (  94,  0,  0), Obj 6.111220E+08, DensityWeight 1.704241E-06, wHPWL 9.453736E+08, Overflow 6.880288E-01, MaxDensity 1.275E+02, gamma 2.538335E+02, time 5.019ms
[INFO   ] DREAMPlace - full step 37.601 ms
[INFO   ] DREAMPlace - optimizer step 27.280 ms
[INFO   ] DREAMPlace - iteration   95, (  95,  0,  0), Obj 6.074355E+08, DensityWeight 1.772533E-06, wHPWL 9.433597E+08, Overflow 6.890070E-01, MaxDensity 1.341E+02, gamma 2.553533E+02, time 5.047ms
[INFO   ] DREAMPlace - full step 39.690 ms
[INFO   ] DREAMPlace - optimizer step 24.892 ms
[INFO   ] DREAMPlace - iteration   96, (  96,  0,  0), Obj 6.035743E+08, DensityWeight 1.843377E-06, wHPWL 9.411721E+08, Overflow 6.902273E-01, MaxDensity 1.242E+02, gamma 2.566346E+02, time 2.747ms
[INFO   ] DREAMPlace - full step 35.029 ms
[INFO   ] DREAMPlace - optimizer step 25.177 ms
[INFO   ] DREAMPlace - iteration   97, (  97,  0,  0), Obj 6.003496E+08, DensityWeight 1.916861E-06, wHPWL 9.396772E+08, Overflow 6.915191E-01, MaxDensity 1.272E+02, gamma 2.582421E+02, time 4.966ms
[INFO   ] DREAMPlace - full step 37.546 ms
[INFO   ] DREAMPlace - optimizer step 25.131 ms
[INFO   ] DREAMPlace - iteration   98, (  98,  0,  0), Obj 5.974719E+08, DensityWeight 1.993075E-06, wHPWL 9.390853E+08, Overflow 6.929687E-01, MaxDensity 1.136E+02, gamma 2.599548E+02, time 5.046ms
[INFO   ] DREAMPlace - full step 37.562 ms
[INFO   ] DREAMPlace - optimizer step 24.001 ms
[INFO   ] DREAMPlace - iteration   99, (  99,  0,  0), Obj 5.945440E+08, DensityWeight 2.072112E-06, wHPWL 9.385180E+08, Overflow 6.939489E-01, MaxDensity 1.276E+02, gamma 2.618902E+02, time 6.138ms
[INFO   ] DREAMPlace - full step 37.529 ms
[INFO   ] DREAMPlace - optimizer step 25.184 ms
[INFO   ] DREAMPlace - iteration  100, ( 100,  0,  0), Obj 5.914772E+08, DensityWeight 2.154067E-06, wHPWL 9.379608E+08, Overflow 6.952000E-01, MaxDensity 1.281E+02, gamma 2.632070E+02, time 4.799ms
[INFO   ] DREAMPlace - full step 37.363 ms
[INFO   ] DREAMPlace - optimizer step 25.212 ms
[INFO   ] DREAMPlace - iteration  101, ( 101,  0,  0), Obj 5.890077E+08, DensityWeight 2.239041E-06, wHPWL 9.377041E+08, Overflow 6.953130E-01, MaxDensity 1.182E+02, gamma 2.648973E+02, time 5.113ms
[INFO   ] DREAMPlace - full step 37.701 ms
[INFO   ] DREAMPlace - optimizer step 24.855 ms
[INFO   ] DREAMPlace - iteration  102, ( 102,  0,  0), Obj 5.868862E+08, DensityWeight 2.327134E-06, wHPWL 9.385510E+08, Overflow 6.951887E-01, MaxDensity 1.021E+02, gamma 2.650506E+02, time 4.495ms
[INFO   ] DREAMPlace - full step 35.052 ms
[INFO   ] DREAMPlace - optimizer step 24.891 ms
[INFO   ] DREAMPlace - iteration  103, ( 103,  0,  0), Obj 5.856051E+08, DensityWeight 2.321316E-06, wHPWL 9.391811E+08, Overflow 6.948373E-01, MaxDensity 1.004E+02, gamma 2.648820E+02, time 6.605ms
[INFO   ] DREAMPlace - full step 36.812 ms
[INFO   ] DREAMPlace - optimizer step 24.890 ms
[INFO   ] DREAMPlace - iteration  104, ( 104,  0,  0), Obj 5.851737E+08, DensityWeight 2.315512E-06, wHPWL 9.409199E+08, Overflow 6.945959E-01, MaxDensity 1.094E+02, gamma 2.644061E+02, time 6.591ms
[INFO   ] DREAMPlace - full step 38.853 ms
[INFO   ] DREAMPlace - optimizer step 24.874 ms
[INFO   ] DREAMPlace - iteration  105, ( 105,  0,  0), Obj 5.848998E+08, DensityWeight 2.309723E-06, wHPWL 9.425423E+08, Overflow 6.946554E-01, MaxDensity 9.430E+01, gamma 2.640798E+02, time 6.610ms
[INFO   ] DREAMPlace - full step 38.809 ms
[INFO   ] DREAMPlace - optimizer step 24.686 ms
[INFO   ] DREAMPlace - iteration  106, ( 106,  0,  0), Obj 5.838556E+08, DensityWeight 2.303949E-06, wHPWL 9.430012E+08, Overflow 6.948209E-01, MaxDensity 8.281E+01, gamma 2.641602E+02, time 6.845ms
[INFO   ] DREAMPlace - full step 38.857 ms
[INFO   ] DREAMPlace - optimizer step 24.840 ms
[INFO   ] DREAMPlace - iteration  107, ( 107,  0,  0), Obj 5.820701E+08, DensityWeight 2.298189E-06, wHPWL 9.423852E+08, Overflow 6.948666E-01, MaxDensity 9.742E+01, gamma 2.643841E+02, time 6.643ms
[INFO   ] DREAMPlace - full step 38.869 ms
[INFO   ] DREAMPlace - optimizer step 24.779 ms
[INFO   ] DREAMPlace - iteration  108, ( 108,  0,  0), Obj 5.801176E+08, DensityWeight 2.387176E-06, wHPWL 9.413338E+08, Overflow 6.952642E-01, MaxDensity 8.700E+01, gamma 2.644458E+02, time 36.671ms
[INFO   ] DREAMPlace - full step 68.827 ms
[INFO   ] DREAMPlace - optimizer step 31.543 ms
[INFO   ] DREAMPlace - iteration  109, ( 109,  0,  0), Obj 5.783246E+08, DensityWeight 2.479360E-06, wHPWL 9.402003E+08, Overflow 6.954212E-01, MaxDensity 8.226E+01, gamma 2.649843E+02, time 6.657ms
[INFO   ] DREAMPlace - full step 43.434 ms
[INFO   ] DREAMPlace - optimizer step 21.198 ms
[INFO   ] DREAMPlace - iteration  110, ( 110,  0,  0), Obj 5.763210E+08, DensityWeight 2.574847E-06, wHPWL 9.390830E+08, Overflow 6.957905E-01, MaxDensity 8.971E+01, gamma 2.651972E+02, time 6.612ms
[INFO   ] DREAMPlace - full step 35.160 ms
[INFO   ] DREAMPlace - optimizer step 21.210 ms
[INFO   ] DREAMPlace - iteration  111, ( 111,  0,  0), Obj 5.743279E+08, DensityWeight 2.673744E-06, wHPWL 9.376224E+08, Overflow 6.956683E-01, MaxDensity 9.378E+01, gamma 2.656989E+02, time 6.610ms
[INFO   ] DREAMPlace - full step 35.203 ms
[INFO   ] DREAMPlace - plotting to alignfiller_c8em4_results/bigblue4/plot/iter0112.png takes 15.334 seconds
[INFO   ] DREAMPlace - optimizer step 7.391 ms
[INFO   ] DREAMPlace - iteration  112, ( 112,  0,  0), Obj 5.724625E+08, DensityWeight 2.776162E-06, wHPWL 9.364996E+08, Overflow 6.955684E-01, MaxDensity 9.468E+01, gamma 2.655328E+02, time 6.597ms
[INFO   ] DREAMPlace - full step 15364.840 ms
[INFO   ] DREAMPlace - optimizer step 4.608 ms
[INFO   ] DREAMPlace - iteration  113, ( 113,  0,  0), Obj 5.708402E+08, DensityWeight 2.882215E-06, wHPWL 9.351470E+08, Overflow 6.954570E-01, MaxDensity 8.238E+01, gamma 2.653972E+02, time 2.235ms
[INFO   ] DREAMPlace - full step 7.623 ms
[INFO   ] DREAMPlace - optimizer step 4.539 ms
[INFO   ] DREAMPlace - iteration  114, ( 114,  0,  0), Obj 5.694253E+08, DensityWeight 2.992020E-06, wHPWL 9.340293E+08, Overflow 6.957422E-01, MaxDensity 8.177E+01, gamma 2.652460E+02, time 2.112ms
[INFO   ] DREAMPlace - full step 7.131 ms
[INFO   ] DREAMPlace - optimizer step 4.562 ms
[INFO   ] DREAMPlace - iteration  115, ( 115,  0,  0), Obj 5.677916E+08, DensityWeight 3.105697E-06, wHPWL 9.325980E+08, Overflow 6.955641E-01, MaxDensity 8.591E+01, gamma 2.656332E+02, time 2.125ms
[INFO   ] DREAMPlace - full step 7.153 ms
[INFO   ] DREAMPlace - optimizer step 4.505 ms
[INFO   ] DREAMPlace - iteration  116, ( 116,  0,  0), Obj 5.655697E+08, DensityWeight 3.223372E-06, wHPWL 9.306107E+08, Overflow 6.955473E-01, MaxDensity 8.945E+01, gamma 2.653913E+02, time 2.106ms
[INFO   ] DREAMPlace - full step 7.081 ms
[INFO   ] DREAMPlace - optimizer step 4.528 ms
[INFO   ] DREAMPlace - iteration  117, ( 117,  0,  0), Obj 5.634451E+08, DensityWeight 3.345170E-06, wHPWL 9.280461E+08, Overflow 6.953715E-01, MaxDensity 8.523E+01, gamma 2.653685E+02, time 2.119ms
[INFO   ] DREAMPlace - full step 7.112 ms
[INFO   ] DREAMPlace - optimizer step 4.566 ms
[INFO   ] DREAMPlace - iteration  118, ( 118,  0,  0), Obj 5.616219E+08, DensityWeight 3.471223E-06, wHPWL 9.259998E+08, Overflow 6.953949E-01, MaxDensity 1.002E+02, gamma 2.651299E+02, time 2.111ms
[INFO   ] DREAMPlace - full step 7.225 ms
[INFO   ] DREAMPlace - optimizer step 4.564 ms
[INFO   ] DREAMPlace - iteration  119, ( 119,  0,  0), Obj 5.597262E+08, DensityWeight 3.601666E-06, wHPWL 9.236339E+08, Overflow 6.950938E-01, MaxDensity 7.512E+01, gamma 2.651616E+02, time 2.210ms
[INFO   ] DREAMPlace - full step 7.278 ms
[INFO   ] DREAMPlace - optimizer step 4.550 ms
[INFO   ] DREAMPlace - iteration  120, ( 120,  0,  0), Obj 5.574456E+08, DensityWeight 3.736637E-06, wHPWL 9.207562E+08, Overflow 6.945640E-01, MaxDensity 6.955E+01, gamma 2.647533E+02, time 2.122ms
[INFO   ] DREAMPlace - full step 7.139 ms
[INFO   ] DREAMPlace - optimizer step 4.464 ms
[INFO   ] DREAMPlace - iteration  121, ( 121,  0,  0), Obj 5.552022E+08, DensityWeight 3.876279E-06, wHPWL 9.174092E+08, Overflow 6.937429E-01, MaxDensity 7.086E+01, gamma 2.640367E+02, time 2.136ms
[INFO   ] DREAMPlace - full step 7.063 ms
[INFO   ] DREAMPlace - optimizer step 4.432 ms
[INFO   ] DREAMPlace - iteration  122, ( 122,  0,  0), Obj 5.533464E+08, DensityWeight 4.020737E-06, wHPWL 9.142113E+08, Overflow 6.922302E-01, MaxDensity 7.949E+01, gamma 2.629296E+02, time 2.129ms
[INFO   ] DREAMPlace - full step 7.031 ms
[INFO   ] DREAMPlace - optimizer step 4.402 ms
[INFO   ] DREAMPlace - iteration  123, ( 123,  0,  0), Obj 5.517884E+08, DensityWeight 4.170162E-06, wHPWL 9.111327E+08, Overflow 6.908685E-01, MaxDensity 1.280E+02, gamma 2.609024E+02, time 2.149ms
[INFO   ] DREAMPlace - full step 7.015 ms
[INFO   ] DREAMPlace - optimizer step 4.555 ms
[INFO   ] DREAMPlace - iteration  124, ( 124,  0,  0), Obj 5.506595E+08, DensityWeight 4.324707E-06, wHPWL 9.076866E+08, Overflow 6.892617E-01, MaxDensity 7.517E+01, gamma 2.590908E+02, time 2.110ms
[INFO   ] DREAMPlace - full step 7.121 ms
[INFO   ] DREAMPlace - optimizer step 5.013 ms
[INFO   ] DREAMPlace - iteration  125, ( 125,  0,  0), Obj 5.495334E+08, DensityWeight 4.484531E-06, wHPWL 9.044518E+08, Overflow 6.880373E-01, MaxDensity 7.966E+01, gamma 2.569693E+02, time 71.340ms
[INFO   ] DREAMPlace - full step 76.896 ms
[INFO   ] DREAMPlace - optimizer step 4.506 ms
[INFO   ] DREAMPlace - iteration  126, ( 126,  0,  0), Obj 5.481435E+08, DensityWeight 4.649797E-06, wHPWL 9.002783E+08, Overflow 6.867722E-01, MaxDensity 6.772E+01, gamma 2.553644E+02, time 2.119ms
[INFO   ] DREAMPlace - full step 7.140 ms
[INFO   ] DREAMPlace - optimizer step 10.002 ms
[INFO   ] DREAMPlace - iteration  127, ( 127,  0,  0), Obj 5.464072E+08, DensityWeight 4.820671E-06, wHPWL 8.959181E+08, Overflow 6.857758E-01, MaxDensity 6.605E+01, gamma 2.537168E+02, time 2.143ms
[INFO   ] DREAMPlace - full step 12.633 ms
[INFO   ] DREAMPlace - optimizer step 4.380 ms
[INFO   ] DREAMPlace - iteration  128, ( 128,  0,  0), Obj 5.445260E+08, DensityWeight 4.997324E-06, wHPWL 8.910468E+08, Overflow 6.844607E-01, MaxDensity 6.430E+01, gamma 2.524265E+02, time 2.137ms
[INFO   ] DREAMPlace - full step 6.988 ms
[INFO   ] DREAMPlace - optimizer step 4.568 ms
[INFO   ] DREAMPlace - iteration  129, ( 129,  0,  0), Obj 5.425981E+08, DensityWeight 5.179932E-06, wHPWL 8.863886E+08, Overflow 6.831862E-01, MaxDensity 6.583E+01, gamma 2.507336E+02, time 2.410ms
[INFO   ] DREAMPlace - full step 7.456 ms
[INFO   ] DREAMPlace - optimizer step 4.373 ms
[INFO   ] DREAMPlace - iteration  130, ( 130,  0,  0), Obj 5.409494E+08, DensityWeight 5.368677E-06, wHPWL 8.815803E+08, Overflow 6.814401E-01, MaxDensity 7.467E+01, gamma 2.491038E+02, time 2.140ms
[INFO   ] DREAMPlace - full step 6.991 ms
[INFO   ] DREAMPlace - optimizer step 4.364 ms
[INFO   ] DREAMPlace - iteration  131, ( 131,  0,  0), Obj 5.395866E+08, DensityWeight 5.563742E-06, wHPWL 8.773176E+08, Overflow 6.802855E-01, MaxDensity 6.327E+01, gamma 2.468880E+02, time 3.709ms
[INFO   ] DREAMPlace - full step 8.535 ms
[INFO   ] DREAMPlace - optimizer step 4.390 ms
[INFO   ] DREAMPlace - iteration  132, ( 132,  0,  0), Obj 5.386442E+08, DensityWeight 5.765319E-06, wHPWL 8.730144E+08, Overflow 6.786063E-01, MaxDensity 6.894E+01, gamma 2.454338E+02, time 2.203ms
[INFO   ] DREAMPlace - full step 7.062 ms
[INFO   ] DREAMPlace - optimizer step 4.384 ms
[INFO   ] DREAMPlace - iteration  133, ( 133,  0,  0), Obj 5.375488E+08, DensityWeight 5.973601E-06, wHPWL 8.692800E+08, Overflow 6.770306E-01, MaxDensity 6.645E+01, gamma 2.433340E+02, time 2.155ms
[INFO   ] DREAMPlace - full step 7.019 ms
[INFO   ] DREAMPlace - optimizer step 4.382 ms
[INFO   ] DREAMPlace - iteration  134, ( 134,  0,  0), Obj 5.366646E+08, DensityWeight 6.188789E-06, wHPWL 8.650829E+08, Overflow 6.756302E-01, MaxDensity 5.734E+01, gamma 2.413799E+02, time 2.127ms
[INFO   ] DREAMPlace - full step 6.981 ms
[INFO   ] DREAMPlace - optimizer step 4.364 ms
[INFO   ] DREAMPlace - iteration  135, ( 135,  0,  0), Obj 5.362417E+08, DensityWeight 6.411088E-06, wHPWL 8.617994E+08, Overflow 6.745343E-01, MaxDensity 5.567E+01, gamma 2.396565E+02, time 2.146ms
[INFO   ] DREAMPlace - full step 6.994 ms
[INFO   ] DREAMPlace - optimizer step 4.365 ms
[INFO   ] DREAMPlace - iteration  136, ( 136,  0,  0), Obj 5.359658E+08, DensityWeight 6.640707E-06, wHPWL 8.590915E+08, Overflow 6.728902E-01, MaxDensity 6.957E+01, gamma 2.383162E+02, time 2.126ms
[INFO   ] DREAMPlace - full step 6.953 ms
[INFO   ] DREAMPlace - optimizer step 4.421 ms
[INFO   ] DREAMPlace - iteration  137, ( 137,  0,  0), Obj 5.355450E+08, DensityWeight 6.877862E-06, wHPWL 8.565706E+08, Overflow 6.712945E-01, MaxDensity 6.837E+01, gamma 2.363199E+02, time 2.155ms
[INFO   ] DREAMPlace - full step 7.055 ms
[INFO   ] DREAMPlace - optimizer step 4.324 ms
[INFO   ] DREAMPlace - iteration  138, ( 138,  0,  0), Obj 5.357427E+08, DensityWeight 7.122775E-06, wHPWL 8.544387E+08, Overflow 6.697378E-01, MaxDensity 8.689E+01, gamma 2.343981E+02, time 2.114ms
[INFO   ] DREAMPlace - full step 6.911 ms
[INFO   ] DREAMPlace - optimizer step 4.503 ms
[INFO   ] DREAMPlace - iteration  139, ( 139,  0,  0), Obj 5.366405E+08, DensityWeight 7.375671E-06, wHPWL 8.536413E+08, Overflow 6.682318E-01, MaxDensity 7.536E+01, gamma 2.325385E+02, time 2.157ms
[INFO   ] DREAMPlace - full step 7.125 ms
[INFO   ] DREAMPlace - optimizer step 4.528 ms
[INFO   ] DREAMPlace - iteration  140, ( 140,  0,  0), Obj 5.377527E+08, DensityWeight 7.636782E-06, wHPWL 8.534692E+08, Overflow 6.669380E-01, MaxDensity 1.090E+02, gamma 2.307534E+02, time 2.121ms
[INFO   ] DREAMPlace - full step 7.108 ms
[INFO   ] DREAMPlace - optimizer step 4.568 ms
[INFO   ] DREAMPlace - iteration  141, ( 141,  0,  0), Obj 5.389042E+08, DensityWeight 7.906347E-06, wHPWL 8.534653E+08, Overflow 6.648462E-01, MaxDensity 9.403E+01, gamma 2.292309E+02, time 2.146ms
[INFO   ] DREAMPlace - full step 7.175 ms
[INFO   ] DREAMPlace - optimizer step 4.627 ms
[INFO   ] DREAMPlace - iteration  142, ( 142,  0,  0), Obj 5.401491E+08, DensityWeight 8.184607E-06, wHPWL 8.540111E+08, Overflow 6.630041E-01, MaxDensity 8.565E+01, gamma 2.267905E+02, time 2.187ms
[INFO   ] DREAMPlace - full step 7.288 ms
[INFO   ] DREAMPlace - optimizer step 4.341 ms
[INFO   ] DREAMPlace - iteration  143, ( 143,  0,  0), Obj 5.423115E+08, DensityWeight 8.164146E-06, wHPWL 8.550574E+08, Overflow 6.609089E-01, MaxDensity 7.523E+01, gamma 2.246628E+02, time 2.129ms
[INFO   ] DREAMPlace - full step 6.931 ms
[INFO   ] DREAMPlace - optimizer step 4.355 ms
[INFO   ] DREAMPlace - iteration  144, ( 144,  0,  0), Obj 5.449719E+08, DensityWeight 8.143735E-06, wHPWL 8.574167E+08, Overflow 6.588360E-01, MaxDensity 6.301E+01, gamma 2.222670E+02, time 2.120ms
[INFO   ] DREAMPlace - full step 6.965 ms
[INFO   ] DREAMPlace - optimizer step 4.355 ms
[INFO   ] DREAMPlace - iteration  145, ( 145,  0,  0), Obj 5.477457E+08, DensityWeight 8.123375E-06, wHPWL 8.596309E+08, Overflow 6.565409E-01, MaxDensity 6.899E+01, gamma 2.199220E+02, time 2.137ms
[INFO   ] DREAMPlace - full step 6.963 ms
[INFO   ] DREAMPlace - optimizer step 4.315 ms
[INFO   ] DREAMPlace - iteration  146, ( 146,  0,  0), Obj 5.502008E+08, DensityWeight 8.103066E-06, wHPWL 8.613531E+08, Overflow 6.547249E-01, MaxDensity 6.015E+01, gamma 2.173544E+02, time 2.115ms
[INFO   ] DREAMPlace - full step 6.923 ms
[INFO   ] DREAMPlace - optimizer step 4.347 ms
[INFO   ] DREAMPlace - iteration  147, ( 147,  0,  0), Obj 5.526966E+08, DensityWeight 8.082808E-06, wHPWL 8.626840E+08, Overflow 6.528736E-01, MaxDensity 4.671E+01, gamma 2.153440E+02, time 2.157ms
[INFO   ] DREAMPlace - full step 6.998 ms
[INFO   ] DREAMPlace - optimizer step 4.396 ms
[INFO   ] DREAMPlace - iteration  148, ( 148,  0,  0), Obj 5.548489E+08, DensityWeight 8.062601E-06, wHPWL 8.640338E+08, Overflow 6.514495E-01, MaxDensity 4.827E+01, gamma 2.133138E+02, time 2.134ms
[INFO   ] DREAMPlace - full step 7.031 ms
[INFO   ] DREAMPlace - optimizer step 4.567 ms
[INFO   ] DREAMPlace - iteration  149, ( 149,  0,  0), Obj 5.566369E+08, DensityWeight 8.042443E-06, wHPWL 8.646460E+08, Overflow 6.507686E-01, MaxDensity 4.757E+01, gamma 2.117651E+02, time 2.212ms
[INFO   ] DREAMPlace - full step 7.267 ms
[INFO   ] DREAMPlace - optimizer step 4.375 ms
[INFO   ] DREAMPlace - iteration  150, ( 150,  0,  0), Obj 5.578927E+08, DensityWeight 8.022337E-06, wHPWL 8.648626E+08, Overflow 6.499494E-01, MaxDensity 4.873E+01, gamma 2.110285E+02, time 2.129ms
[INFO   ] DREAMPlace - full step 6.967 ms
[INFO   ] DREAMPlace - optimizer step 4.398 ms
[INFO   ] DREAMPlace - iteration  151, ( 151,  0,  0), Obj 5.582513E+08, DensityWeight 8.172944E-06, wHPWL 8.644632E+08, Overflow 6.493858E-01, MaxDensity 5.085E+01, gamma 2.101458E+02, time 2.164ms
[INFO   ] DREAMPlace - full step 7.034 ms
[INFO   ] DREAMPlace - optimizer step 4.385 ms
[INFO   ] DREAMPlace - iteration  152, ( 152,  0,  0), Obj 5.581684E+08, DensityWeight 8.452131E-06, wHPWL 8.630555E+08, Overflow 6.495523E-01, MaxDensity 5.272E+01, gamma 2.095406E+02, time 2.132ms
[INFO   ] DREAMPlace - full step 6.988 ms
[INFO   ] DREAMPlace - optimizer step 4.422 ms
[INFO   ] DREAMPlace - iteration  153, ( 153,  0,  0), Obj 5.580717E+08, DensityWeight 8.739980E-06, wHPWL 8.618305E+08, Overflow 6.495830E-01, MaxDensity 4.954E+01, gamma 2.097193E+02, time 8.451ms
[INFO   ] DREAMPlace - full step 13.347 ms
[INFO   ] DREAMPlace - optimizer step 4.388 ms
[INFO   ] DREAMPlace - iteration  154, ( 154,  0,  0), Obj 5.573286E+08, DensityWeight 9.036729E-06, wHPWL 8.604881E+08, Overflow 6.496868E-01, MaxDensity 5.626E+01, gamma 2.097521E+02, time 2.138ms
[INFO   ] DREAMPlace - full step 7.010 ms
[INFO   ] DREAMPlace - optimizer step 4.525 ms
[INFO   ] DREAMPlace - iteration  155, ( 155,  0,  0), Obj 5.562621E+08, DensityWeight 9.342620E-06, wHPWL 8.583729E+08, Overflow 6.497973E-01, MaxDensity 4.733E+01, gamma 2.098636E+02, time 2.154ms
[INFO   ] DREAMPlace - full step 7.153 ms
[INFO   ] DREAMPlace - optimizer step 4.407 ms
[INFO   ] DREAMPlace - iteration  156, ( 156,  0,  0), Obj 5.552567E+08, DensityWeight 9.657898E-06, wHPWL 8.564205E+08, Overflow 6.496581E-01, MaxDensity 5.355E+01, gamma 2.099823E+02, time 2.125ms
[INFO   ] DREAMPlace - full step 7.011 ms
[INFO   ] DREAMPlace - optimizer step 4.528 ms
[INFO   ] DREAMPlace - iteration  157, ( 157,  0,  0), Obj 5.543107E+08, DensityWeight 9.982818E-06, wHPWL 8.545661E+08, Overflow 6.494055E-01, MaxDensity 5.957E+01, gamma 2.098328E+02, time 2.155ms
[INFO   ] DREAMPlace - full step 7.153 ms
[INFO   ] DREAMPlace - optimizer step 4.388 ms
[INFO   ] DREAMPlace - iteration  158, ( 158,  0,  0), Obj 5.533512E+08, DensityWeight 1.031764E-05, wHPWL 8.524474E+08, Overflow 6.488705E-01, MaxDensity 5.449E+01, gamma 2.095618E+02, time 2.129ms
[INFO   ] DREAMPlace - full step 7.008 ms
[INFO   ] DREAMPlace - optimizer step 4.408 ms
[INFO   ] DREAMPlace - iteration  159, ( 159,  0,  0), Obj 5.525142E+08, DensityWeight 1.066262E-05, wHPWL 8.503109E+08, Overflow 6.483444E-01, MaxDensity 5.567E+01, gamma 2.089888E+02, time 2.155ms
[INFO   ] DREAMPlace - full step 7.037 ms
[INFO   ] DREAMPlace - optimizer step 5.508 ms
[INFO   ] DREAMPlace - iteration  160, ( 160,  0,  0), Obj 5.518134E+08, DensityWeight 1.101803E-05, wHPWL 8.481165E+08, Overflow 6.472759E-01, MaxDensity 4.587E+01, gamma 2.084270E+02, time 3.168ms
[INFO   ] DREAMPlace - full step 9.155 ms
[INFO   ] DREAMPlace - optimizer step 4.426 ms
[INFO   ] DREAMPlace - iteration  161, ( 161,  0,  0), Obj 5.511582E+08, DensityWeight 1.138416E-05, wHPWL 8.459210E+08, Overflow 6.459956E-01, MaxDensity 4.053E+01, gamma 2.072905E+02, time 2.156ms
[INFO   ] DREAMPlace - full step 7.055 ms
[INFO   ] DREAMPlace - optimizer step 4.394 ms
[INFO   ] DREAMPlace - iteration  162, ( 162,  0,  0), Obj 5.507832E+08, DensityWeight 1.176127E-05, wHPWL 8.435822E+08, Overflow 6.446800E-01, MaxDensity 4.258E+01, gamma 2.059369E+02, time 2.114ms
[INFO   ] DREAMPlace - full step 6.979 ms
[INFO   ] DREAMPlace - optimizer step 4.453 ms
[INFO   ] DREAMPlace - iteration  163, ( 163,  0,  0), Obj 5.507970E+08, DensityWeight 1.214966E-05, wHPWL 8.415631E+08, Overflow 6.432446E-01, MaxDensity 4.276E+01, gamma 2.045553E+02, time 2.154ms
[INFO   ] DREAMPlace - full step 7.091 ms
[INFO   ] DREAMPlace - optimizer step 4.378 ms
[INFO   ] DREAMPlace - iteration  164, ( 164,  0,  0), Obj 5.508645E+08, DensityWeight 1.254963E-05, wHPWL 8.396968E+08, Overflow 6.421773E-01, MaxDensity 4.119E+01, gamma 2.030585E+02, time 2.122ms
[INFO   ] DREAMPlace - full step 6.974 ms
[INFO   ] DREAMPlace - optimizer step 4.517 ms
[INFO   ] DREAMPlace - iteration  165, ( 165,  0,  0), Obj 5.509871E+08, DensityWeight 1.296146E-05, wHPWL 8.377062E+08, Overflow 6.410019E-01, MaxDensity 4.217E+01, gamma 2.019525E+02, time 2.158ms
[INFO   ] DREAMPlace - full step 7.160 ms
[INFO   ] DREAMPlace - optimizer step 4.453 ms
[INFO   ] DREAMPlace - iteration  166, ( 166,  0,  0), Obj 5.509374E+08, DensityWeight 1.338547E-05, wHPWL 8.359626E+08, Overflow 6.394098E-01, MaxDensity 4.433E+01, gamma 2.007416E+02, time 9.168ms
[INFO   ] DREAMPlace - full step 14.114 ms
[INFO   ] DREAMPlace - optimizer step 4.483 ms
[INFO   ] DREAMPlace - iteration  167, ( 167,  0,  0), Obj 5.510287E+08, DensityWeight 1.382196E-05, wHPWL 8.342429E+08, Overflow 6.378034E-01, MaxDensity 3.980E+01, gamma 1.991128E+02, time 2.233ms
[INFO   ] DREAMPlace - full step 7.188 ms
[INFO   ] DREAMPlace - plotting to alignfiller_c8em4_results/bigblue4/plot/iter0168.png takes 15.391 seconds
[INFO   ] DREAMPlace - optimizer step 23.576 ms
[INFO   ] DREAMPlace - iteration  168, ( 168,  0,  0), Obj 5.516512E+08, DensityWeight 1.427127E-05, wHPWL 8.330395E+08, Overflow 6.358696E-01, MaxDensity 3.903E+01, gamma 1.974829E+02, time 2.106ms
[INFO   ] DREAMPlace - full step 15433.495 ms
[INFO   ] DREAMPlace - optimizer step 24.788 ms
[INFO   ] DREAMPlace - iteration  169, ( 169,  0,  0), Obj 5.526570E+08, DensityWeight 1.473370E-05, wHPWL 8.324308E+08, Overflow 6.336906E-01, MaxDensity 4.283E+01, gamma 1.955385E+02, time 6.475ms
[INFO   ] DREAMPlace - full step 38.738 ms
[INFO   ] DREAMPlace - optimizer step 22.703 ms
[INFO   ] DREAMPlace - iteration  170, ( 170,  0,  0), Obj 5.538334E+08, DensityWeight 1.520960E-05, wHPWL 8.318829E+08, Overflow 6.314226E-01, MaxDensity 4.578E+01, gamma 1.933704E+02, time 7.923ms
[INFO   ] DREAMPlace - full step 35.783 ms
[INFO   ] DREAMPlace - optimizer step 22.237 ms
[INFO   ] DREAMPlace - iteration  171, ( 171,  0,  0), Obj 5.552804E+08, DensityWeight 1.569930E-05, wHPWL 8.314037E+08, Overflow 6.291231E-01, MaxDensity 3.892E+01, gamma 1.911393E+02, time 6.606ms
[INFO   ] DREAMPlace - full step 36.243 ms
[INFO   ] DREAMPlace - optimizer step 24.812 ms
[INFO   ] DREAMPlace - iteration  172, ( 172,  0,  0), Obj 5.568790E+08, DensityWeight 1.620314E-05, wHPWL 8.312039E+08, Overflow 6.267537E-01, MaxDensity 4.360E+01, gamma 1.889035E+02, time 5.491ms
[INFO   ] DREAMPlace - full step 37.688 ms
[INFO   ] DREAMPlace - optimizer step 23.020 ms
[INFO   ] DREAMPlace - iteration  173, ( 173,  0,  0), Obj 5.585512E+08, DensityWeight 1.672149E-05, wHPWL 8.310034E+08, Overflow 6.240643E-01, MaxDensity 3.990E+01, gamma 1.866271E+02, time 6.633ms
[INFO   ] DREAMPlace - full step 35.791 ms
[INFO   ] DREAMPlace - optimizer step 27.154 ms
[INFO   ] DREAMPlace - iteration  174, ( 174,  0,  0), Obj 5.602404E+08, DensityWeight 1.725469E-05, wHPWL 8.308604E+08, Overflow 6.214118E-01, MaxDensity 4.384E+01, gamma 1.840764E+02, time 13.211ms
[INFO   ] DREAMPlace - full step 47.778 ms
[INFO   ] DREAMPlace - optimizer step 24.825 ms
[INFO   ] DREAMPlace - iteration  175, ( 175,  0,  0), Obj 5.622559E+08, DensityWeight 1.780311E-05, wHPWL 8.307876E+08, Overflow 6.189443E-01, MaxDensity 4.095E+01, gamma 1.815950E+02, time 6.636ms
[INFO   ] DREAMPlace - full step 37.741 ms
[INFO   ] DREAMPlace - optimizer step 23.823 ms
[INFO   ] DREAMPlace - iteration  176, ( 176,  0,  0), Obj 5.643553E+08, DensityWeight 1.836713E-05, wHPWL 8.310086E+08, Overflow 6.163265E-01, MaxDensity 4.214E+01, gamma 1.793166E+02, time 4.558ms
[INFO   ] DREAMPlace - full step 35.737 ms
[INFO   ] DREAMPlace - optimizer step 24.620 ms
[INFO   ] DREAMPlace - iteration  177, ( 177,  0,  0), Obj 5.662767E+08, DensityWeight 1.870042E-05, wHPWL 8.310641E+08, Overflow 6.137272E-01, MaxDensity 4.809E+01, gamma 1.769307E+02, time 6.632ms
[INFO   ] DREAMPlace - full step 38.645 ms
[INFO   ] DREAMPlace - optimizer step 24.748 ms
[INFO   ] DREAMPlace - iteration  178, ( 178,  0,  0), Obj 5.680942E+08, DensityWeight 1.948432E-05, wHPWL 8.308658E+08, Overflow 6.114822E-01, MaxDensity 4.519E+01, gamma 1.745930E+02, time 5.486ms
[INFO   ] DREAMPlace - full step 37.631 ms
[INFO   ] DREAMPlace - optimizer step 25.945 ms
[INFO   ] DREAMPlace - iteration  179, ( 179,  0,  0), Obj 5.700270E+08, DensityWeight 2.009557E-05, wHPWL 8.307360E+08, Overflow 6.095823E-01, MaxDensity 4.293E+01, gamma 1.725989E+02, time 6.506ms
[INFO   ] DREAMPlace - full step 39.817 ms
[INFO   ] DREAMPlace - optimizer step 12.497 ms
[INFO   ] DREAMPlace - iteration  180, ( 180,  0,  0), Obj 5.716075E+08, DensityWeight 2.072392E-05, wHPWL 8.305560E+08, Overflow 6.074167E-01, MaxDensity 4.100E+01, gamma 1.709291E+02, time 6.603ms
[INFO   ] DREAMPlace - full step 21.827 ms
[INFO   ] DREAMPlace - optimizer step 4.367 ms
[INFO   ] DREAMPlace - iteration  181, ( 181,  0,  0), Obj 5.728350E+08, DensityWeight 2.136978E-05, wHPWL 8.300647E+08, Overflow 6.054786E-01, MaxDensity 3.906E+01, gamma 1.690455E+02, time 2.160ms
[INFO   ] DREAMPlace - full step 7.007 ms
[INFO   ] DREAMPlace - optimizer step 4.388 ms
[INFO   ] DREAMPlace - iteration  182, ( 182,  0,  0), Obj 5.741515E+08, DensityWeight 2.203357E-05, wHPWL 8.295119E+08, Overflow 6.034703E-01, MaxDensity 4.126E+01, gamma 1.673773E+02, time 2.135ms
[INFO   ] DREAMPlace - full step 6.993 ms
[INFO   ] DREAMPlace - optimizer step 10.168 ms
[INFO   ] DREAMPlace - iteration  183, ( 183,  0,  0), Obj 5.756272E+08, DensityWeight 2.271570E-05, wHPWL 8.293699E+08, Overflow 6.012402E-01, MaxDensity 4.114E+01, gamma 1.656662E+02, time 2.441ms
[INFO   ] DREAMPlace - full step 17.739 ms
[INFO   ] DREAMPlace - optimizer step 5.956 ms
[INFO   ] DREAMPlace - iteration  184, ( 184,  0,  0), Obj 5.770045E+08, DensityWeight 2.341661E-05, wHPWL 8.291552E+08, Overflow 5.988392E-01, MaxDensity 4.040E+01, gamma 1.637865E+02, time 2.358ms
[INFO   ] DREAMPlace - full step 9.279 ms
[INFO   ] DREAMPlace - optimizer step 6.186 ms
[INFO   ] DREAMPlace - iteration  185, ( 185,  0,  0), Obj 5.785130E+08, DensityWeight 2.413673E-05, wHPWL 8.288110E+08, Overflow 5.965711E-01, MaxDensity 3.745E+01, gamma 1.617866E+02, time 2.313ms
[INFO   ] DREAMPlace - full step 9.506 ms
[INFO   ] DREAMPlace - optimizer step 5.989 ms
[INFO   ] DREAMPlace - iteration  186, ( 186,  0,  0), Obj 5.801274E+08, DensityWeight 2.487651E-05, wHPWL 8.285649E+08, Overflow 5.946245E-01, MaxDensity 3.419E+01, gamma 1.599198E+02, time 2.331ms
[INFO   ] DREAMPlace - full step 9.320 ms
[INFO   ] DREAMPlace - optimizer step 5.976 ms
[INFO   ] DREAMPlace - iteration  187, ( 187,  0,  0), Obj 5.816854E+08, DensityWeight 2.563640E-05, wHPWL 8.282783E+08, Overflow 5.930773E-01, MaxDensity 3.921E+01, gamma 1.583348E+02, time 2.368ms
[INFO   ] DREAMPlace - full step 9.395 ms
[INFO   ] DREAMPlace - optimizer step 10.491 ms
[INFO   ] DREAMPlace - iteration  188, ( 188,  0,  0), Obj 5.827881E+08, DensityWeight 2.641686E-05, wHPWL 8.277012E+08, Overflow 5.912685E-01, MaxDensity 4.000E+01, gamma 1.570863E+02, time 2.294ms
[INFO   ] DREAMPlace - full step 16.507 ms
[INFO   ] DREAMPlace - optimizer step 22.186 ms
[INFO   ] DREAMPlace - iteration  189, ( 189,  0,  0), Obj 5.835722E+08, DensityWeight 2.721836E-05, wHPWL 8.269098E+08, Overflow 5.895547E-01, MaxDensity 3.924E+01, gamma 1.556391E+02, time 6.629ms
[INFO   ] DREAMPlace - full step 36.182 ms
[INFO   ] DREAMPlace - optimizer step 23.095 ms
[INFO   ] DREAMPlace - iteration  190, ( 190,  0,  0), Obj 5.844759E+08, DensityWeight 2.804137E-05, wHPWL 8.261147E+08, Overflow 5.875259E-01, MaxDensity 4.101E+01, gamma 1.542803E+02, time 5.174ms
[INFO   ] DREAMPlace - full step 35.641 ms
[INFO   ] DREAMPlace - optimizer step 23.387 ms
[INFO   ] DREAMPlace - iteration  191, ( 191,  0,  0), Obj 5.856906E+08, DensityWeight 2.888638E-05, wHPWL 8.258491E+08, Overflow 5.855336E-01, MaxDensity 4.060E+01, gamma 1.526869E+02, time 6.611ms
[INFO   ] DREAMPlace - full step 37.364 ms
[INFO   ] DREAMPlace - optimizer step 23.883 ms
[INFO   ] DREAMPlace - iteration  192, ( 192,  0,  0), Obj 5.870095E+08, DensityWeight 2.975387E-05, wHPWL 8.255641E+08, Overflow 5.835041E-01, MaxDensity 3.839E+01, gamma 1.511383E+02, time 6.580ms
[INFO   ] DREAMPlace - full step 37.846 ms
[INFO   ] DREAMPlace - optimizer step 24.796 ms
[INFO   ] DREAMPlace - iteration  193, ( 193,  0,  0), Obj 5.883461E+08, DensityWeight 3.064435E-05, wHPWL 8.252745E+08, Overflow 5.813746E-01, MaxDensity 3.767E+01, gamma 1.495769E+02, time 6.618ms
[INFO   ] DREAMPlace - full step 35.633 ms
[INFO   ] DREAMPlace - optimizer step 20.942 ms
[INFO   ] DREAMPlace - iteration  194, ( 194,  0,  0), Obj 5.895210E+08, DensityWeight 3.155833E-05, wHPWL 8.247647E+08, Overflow 5.790578E-01, MaxDensity 4.141E+01, gamma 1.479559E+02, time 6.583ms
[INFO   ] DREAMPlace - full step 34.898 ms
[INFO   ] DREAMPlace - optimizer step 23.823 ms
[INFO   ] DREAMPlace - iteration  195, ( 195,  0,  0), Obj 5.907439E+08, DensityWeight 3.249632E-05, wHPWL 8.241444E+08, Overflow 5.767940E-01, MaxDensity 4.127E+01, gamma 1.462123E+02, time 6.650ms
[INFO   ] DREAMPlace - full step 37.812 ms
[INFO   ] DREAMPlace - optimizer step 23.362 ms
[INFO   ] DREAMPlace - iteration  196, ( 196,  0,  0), Obj 5.919941E+08, DensityWeight 3.345884E-05, wHPWL 8.234367E+08, Overflow 5.747586E-01, MaxDensity 3.797E+01, gamma 1.445284E+02, time 6.589ms
[INFO   ] DREAMPlace - full step 37.328 ms
[INFO   ] DREAMPlace - optimizer step 23.824 ms
[INFO   ] DREAMPlace - iteration  197, ( 197,  0,  0), Obj 5.932680E+08, DensityWeight 3.444642E-05, wHPWL 8.227366E+08, Overflow 5.727991E-01, MaxDensity 3.397E+01, gamma 1.430310E+02, time 6.604ms
[INFO   ] DREAMPlace - full step 37.806 ms
[INFO   ] DREAMPlace - optimizer step 25.323 ms
[INFO   ] DREAMPlace - iteration  198, ( 198,  0,  0), Obj 5.941677E+08, DensityWeight 3.545961E-05, wHPWL 8.217318E+08, Overflow 5.705577E-01, MaxDensity 3.910E+01, gamma 1.416040E+02, time 8.745ms
[INFO   ] DREAMPlace - full step 39.799 ms
[INFO   ] DREAMPlace - optimizer step 22.224 ms
[INFO   ] DREAMPlace - iteration  199, ( 199,  0,  0), Obj 5.949318E+08, DensityWeight 3.649895E-05, wHPWL 8.204814E+08, Overflow 5.686960E-01, MaxDensity 3.593E+01, gamma 1.399893E+02, time 6.589ms
[INFO   ] DREAMPlace - full step 36.200 ms
[INFO   ] DREAMPlace - optimizer step 24.785 ms
[INFO   ] DREAMPlace - iteration  200, ( 200,  0,  0), Obj 5.958241E+08, DensityWeight 3.756500E-05, wHPWL 8.191868E+08, Overflow 5.667128E-01, MaxDensity 3.507E+01, gamma 1.386621E+02, time 4.922ms
[INFO   ] DREAMPlace - full step 35.540 ms
[INFO   ] DREAMPlace - optimizer step 24.809 ms
[INFO   ] DREAMPlace - iteration  201, ( 201,  0,  0), Obj 5.967340E+08, DensityWeight 3.865832E-05, wHPWL 8.182246E+08, Overflow 5.648007E-01, MaxDensity 3.539E+01, gamma 1.372620E+02, time 6.624ms
[INFO   ] DREAMPlace - full step 37.375 ms
[INFO   ] DREAMPlace - optimizer step 23.797 ms
[INFO   ] DREAMPlace - iteration  202, ( 202,  0,  0), Obj 5.974899E+08, DensityWeight 3.977947E-05, wHPWL 8.169705E+08, Overflow 5.626016E-01, MaxDensity 3.770E+01, gamma 1.359256E+02, time 6.579ms
[INFO   ] DREAMPlace - full step 37.727 ms
[INFO   ] DREAMPlace - optimizer step 24.825 ms
[INFO   ] DREAMPlace - iteration  203, ( 203,  0,  0), Obj 5.983473E+08, DensityWeight 4.093308E-05, wHPWL 8.158724E+08, Overflow 5.604108E-01, MaxDensity 3.222E+01, gamma 1.344047E+02, time 4.924ms
[INFO   ] DREAMPlace - full step 36.107 ms
[INFO   ] DREAMPlace - optimizer step 23.387 ms
[INFO   ] DREAMPlace - iteration  204, ( 204,  0,  0), Obj 5.994284E+08, DensityWeight 4.212014E-05, wHPWL 8.149330E+08, Overflow 5.581922E-01, MaxDensity 3.253E+01, gamma 1.329064E+02, time 6.556ms
[INFO   ] DREAMPlace - full step 37.354 ms
[INFO   ] DREAMPlace - optimizer step 24.834 ms
[INFO   ] DREAMPlace - iteration  205, ( 205,  0,  0), Obj 6.007364E+08, DensityWeight 4.334162E-05, wHPWL 8.143386E+08, Overflow 5.559563E-01, MaxDensity 3.441E+01, gamma 1.314062E+02, time 5.658ms
[INFO   ] DREAMPlace - full step 37.905 ms
[INFO   ] DREAMPlace - optimizer step 23.350 ms
[INFO   ] DREAMPlace - iteration  206, ( 206,  0,  0), Obj 6.020047E+08, DensityWeight 4.459854E-05, wHPWL 8.137489E+08, Overflow 5.532917E-01, MaxDensity 3.327E+01, gamma 1.299114E+02, time 6.590ms
[INFO   ] DREAMPlace - full step 37.338 ms
[INFO   ] DREAMPlace - optimizer step 24.813 ms
[INFO   ] DREAMPlace - iteration  207, ( 207,  0,  0), Obj 6.033425E+08, DensityWeight 4.589189E-05, wHPWL 8.132113E+08, Overflow 5.508289E-01, MaxDensity 3.319E+01, gamma 1.281522E+02, time 5.672ms
[INFO   ] DREAMPlace - full step 37.890 ms
[INFO   ] DREAMPlace - optimizer step 23.364 ms
[INFO   ] DREAMPlace - iteration  208, ( 208,  0,  0), Obj 6.049373E+08, DensityWeight 4.722276E-05, wHPWL 8.127518E+08, Overflow 5.483174E-01, MaxDensity 3.245E+01, gamma 1.265473E+02, time 6.576ms
[INFO   ] DREAMPlace - full step 37.332 ms
[INFO   ] DREAMPlace - optimizer step 24.824 ms
[INFO   ] DREAMPlace - iteration  209, ( 209,  0,  0), Obj 6.066273E+08, DensityWeight 4.859222E-05, wHPWL 8.125973E+08, Overflow 5.461093E-01, MaxDensity 3.017E+01, gamma 1.249315E+02, time 5.625ms
[INFO   ] DREAMPlace - full step 37.868 ms
[INFO   ] DREAMPlace - optimizer step 23.322 ms
[INFO   ] DREAMPlace - iteration  210, ( 210,  0,  0), Obj 6.081315E+08, DensityWeight 5.000140E-05, wHPWL 8.121850E+08, Overflow 5.436900E-01, MaxDensity 3.216E+01, gamma 1.235279E+02, time 6.588ms
[INFO   ] DREAMPlace - full step 37.295 ms
[INFO   ] DREAMPlace - optimizer step 8.317 ms
[INFO   ] DREAMPlace - iteration  211, ( 211,  0,  0), Obj 6.094183E+08, DensityWeight 5.145145E-05, wHPWL 8.116524E+08, Overflow 5.419974E-01, MaxDensity 3.336E+01, gamma 1.220081E+02, time 3.272ms
[INFO   ] DREAMPlace - full step 14.735 ms
[INFO   ] DREAMPlace - optimizer step 5.533 ms
[INFO   ] DREAMPlace - iteration  212, ( 212,  0,  0), Obj 6.107136E+08, DensityWeight 5.294354E-05, wHPWL 8.109842E+08, Overflow 5.400898E-01, MaxDensity 3.486E+01, gamma 1.209560E+02, time 2.285ms
[INFO   ] DREAMPlace - full step 8.825 ms
[INFO   ] DREAMPlace - optimizer step 15.360 ms
[INFO   ] DREAMPlace - iteration  213, ( 213,  0,  0), Obj 6.117313E+08, DensityWeight 5.447891E-05, wHPWL 8.104995E+08, Overflow 5.383082E-01, MaxDensity 3.634E+01, gamma 1.197811E+02, time 2.320ms
[INFO   ] DREAMPlace - full step 22.980 ms
[INFO   ] DREAMPlace - optimizer step 21.899 ms
[INFO   ] DREAMPlace - iteration  214, ( 214,  0,  0), Obj 6.126125E+08, DensityWeight 5.605880E-05, wHPWL 8.096699E+08, Overflow 5.363691E-01, MaxDensity 3.471E+01, gamma 1.186941E+02, time 6.605ms
[INFO   ] DREAMPlace - full step 35.888 ms
[INFO   ] DREAMPlace - optimizer step 24.005 ms
[INFO   ] DREAMPlace - iteration  215, ( 215,  0,  0), Obj 6.135462E+08, DensityWeight 5.768451E-05, wHPWL 8.090020E+08, Overflow 5.345433E-01, MaxDensity 2.751E+01, gamma 1.175222E+02, time 6.602ms
[INFO   ] DREAMPlace - full step 35.836 ms
[INFO   ] DREAMPlace - optimizer step 24.829 ms
[INFO   ] DREAMPlace - iteration  216, ( 216,  0,  0), Obj 6.145900E+08, DensityWeight 5.935736E-05, wHPWL 8.084143E+08, Overflow 5.325798E-01, MaxDensity 3.292E+01, gamma 1.164294E+02, time 6.586ms
[INFO   ] DREAMPlace - full step 35.755 ms
[INFO   ] DREAMPlace - optimizer step 24.870 ms
[INFO   ] DREAMPlace - iteration  217, ( 217,  0,  0), Obj 6.155971E+08, DensityWeight 6.107872E-05, wHPWL 8.078803E+08, Overflow 5.306807E-01, MaxDensity 3.069E+01, gamma 1.152655E+02, time 6.624ms
[INFO   ] DREAMPlace - full step 38.078 ms
[INFO   ] DREAMPlace - optimizer step 24.813 ms
[INFO   ] DREAMPlace - iteration  218, ( 218,  0,  0), Obj 6.165583E+08, DensityWeight 6.285001E-05, wHPWL 8.071798E+08, Overflow 5.285859E-01, MaxDensity 3.154E+01, gamma 1.141509E+02, time 9.061ms
[INFO   ] DREAMPlace - full step 40.415 ms
[INFO   ] DREAMPlace - optimizer step 24.808 ms
[INFO   ] DREAMPlace - iteration  219, ( 219,  0,  0), Obj 6.175054E+08, DensityWeight 6.467267E-05, wHPWL 8.065184E+08, Overflow 5.265597E-01, MaxDensity 3.333E+01, gamma 1.129338E+02, time 6.637ms
[INFO   ] DREAMPlace - full step 38.802 ms
[INFO   ] DREAMPlace - optimizer step 24.875 ms
[INFO   ] DREAMPlace - iteration  220, ( 220,  0,  0), Obj 6.185336E+08, DensityWeight 6.654818E-05, wHPWL 8.058267E+08, Overflow 5.245721E-01, MaxDensity 2.655E+01, gamma 1.117690E+02, time 6.594ms
[INFO   ] DREAMPlace - full step 38.878 ms
[INFO   ] DREAMPlace - optimizer step 24.837 ms
[INFO   ] DREAMPlace - iteration  221, ( 221,  0,  0), Obj 6.196022E+08, DensityWeight 6.847808E-05, wHPWL 8.052765E+08, Overflow 5.225605E-01, MaxDensity 3.394E+01, gamma 1.106380E+02, time 6.626ms
[INFO   ] DREAMPlace - full step 38.865 ms
[INFO   ] DREAMPlace - optimizer step 26.982 ms
[INFO   ] DREAMPlace - iteration  222, ( 222,  0,  0), Obj 6.205794E+08, DensityWeight 7.046395E-05, wHPWL 8.046205E+08, Overflow 5.205708E-01, MaxDensity 2.857E+01, gamma 1.095051E+02, time 6.599ms
[INFO   ] DREAMPlace - full step 40.966 ms
[INFO   ] DREAMPlace - optimizer step 24.903 ms
[INFO   ] DREAMPlace - iteration  223, ( 223,  0,  0), Obj 6.215317E+08, DensityWeight 7.250741E-05, wHPWL 8.039277E+08, Overflow 5.184501E-01, MaxDensity 3.081E+01, gamma 1.083958E+02, time 6.663ms
[INFO   ] DREAMPlace - full step 38.932 ms
[INFO   ] DREAMPlace - plotting to alignfiller_c8em4_results/bigblue4/plot/iter0224.png takes 15.202 seconds
[INFO   ] DREAMPlace - optimizer step 25.790 ms
[INFO   ] DREAMPlace - iteration  224, ( 224,  0,  0), Obj 6.224763E+08, DensityWeight 7.461012E-05, wHPWL 8.032317E+08, Overflow 5.164801E-01, MaxDensity 3.011E+01, gamma 1.072260E+02, time 70.924ms
[INFO   ] DREAMPlace - full step 15319.408 ms
[INFO   ] DREAMPlace - optimizer step 19.028 ms
[INFO   ] DREAMPlace - iteration  225, ( 225,  0,  0), Obj 6.235136E+08, DensityWeight 7.677382E-05, wHPWL 8.025996E+08, Overflow 5.144895E-01, MaxDensity 3.379E+01, gamma 1.061506E+02, time 6.593ms
[INFO   ] DREAMPlace - full step 33.017 ms
[INFO   ] DREAMPlace - optimizer step 24.820 ms
[INFO   ] DREAMPlace - iteration  226, ( 226,  0,  0), Obj 6.244712E+08, DensityWeight 7.900026E-05, wHPWL 8.019626E+08, Overflow 5.126091E-01, MaxDensity 2.969E+01, gamma 1.050749E+02, time 6.580ms
[INFO   ] DREAMPlace - full step 37.769 ms
[INFO   ] DREAMPlace - optimizer step 24.361 ms
[INFO   ] DREAMPlace - iteration  227, ( 227,  0,  0), Obj 6.253953E+08, DensityWeight 8.129127E-05, wHPWL 8.012745E+08, Overflow 5.105190E-01, MaxDensity 3.082E+01, gamma 1.040687E+02, time 6.614ms
[INFO   ] DREAMPlace - full step 38.391 ms
[INFO   ] DREAMPlace - optimizer step 24.299 ms
[INFO   ] DREAMPlace - iteration  228, ( 228,  0,  0), Obj 6.262462E+08, DensityWeight 8.364872E-05, wHPWL 8.005595E+08, Overflow 5.084445E-01, MaxDensity 2.871E+01, gamma 1.029616E+02, time 11.438ms
[INFO   ] DREAMPlace - full step 40.914 ms
[INFO   ] DREAMPlace - optimizer step 24.475 ms
[INFO   ] DREAMPlace - iteration  229, ( 229,  0,  0), Obj 6.272429E+08, DensityWeight 8.607454E-05, wHPWL 7.999244E+08, Overflow 5.065356E-01, MaxDensity 2.926E+01, gamma 1.018745E+02, time 5.570ms
[INFO   ] DREAMPlace - full step 37.416 ms
[INFO   ] DREAMPlace - optimizer step 23.899 ms
[INFO   ] DREAMPlace - iteration  230, ( 230,  0,  0), Obj 6.282695E+08, DensityWeight 8.857070E-05, wHPWL 7.993720E+08, Overflow 5.043429E-01, MaxDensity 2.884E+01, gamma 1.008842E+02, time 6.582ms
[INFO   ] DREAMPlace - full step 37.908 ms
[INFO   ] DREAMPlace - optimizer step 21.415 ms
[INFO   ] DREAMPlace - iteration  231, ( 231,  0,  0), Obj 6.292081E+08, DensityWeight 9.113926E-05, wHPWL 7.988266E+08, Overflow 5.021669E-01, MaxDensity 3.005E+01, gamma 9.975871E+01, time 6.622ms
[INFO   ] DREAMPlace - full step 35.416 ms
[INFO   ] DREAMPlace - optimizer step 23.999 ms
[INFO   ] DREAMPlace - iteration  232, ( 232,  0,  0), Obj 6.301859E+08, DensityWeight 9.378230E-05, wHPWL 7.981596E+08, Overflow 4.996935E-01, MaxDensity 2.966E+01, gamma 9.865411E+01, time 7.437ms
[INFO   ] DREAMPlace - full step 38.805 ms
[INFO   ] DREAMPlace - optimizer step 22.645 ms
[INFO   ] DREAMPlace - iteration  233, ( 233,  0,  0), Obj 6.312655E+08, DensityWeight 9.650199E-05, wHPWL 7.976488E+08, Overflow 4.974191E-01, MaxDensity 2.977E+01, gamma 9.741339E+01, time 6.589ms
[INFO   ] DREAMPlace - full step 36.718 ms
[INFO   ] DREAMPlace - optimizer step 23.510 ms
[INFO   ] DREAMPlace - iteration  234, ( 234,  0,  0), Obj 6.324449E+08, DensityWeight 9.930055E-05, wHPWL 7.971242E+08, Overflow 4.949749E-01, MaxDensity 2.609E+01, gamma 9.628631E+01, time 6.599ms
[INFO   ] DREAMPlace - full step 37.068 ms
[INFO   ] DREAMPlace - optimizer step 21.396 ms
[INFO   ] DREAMPlace - iteration  235, ( 235,  0,  0), Obj 6.335645E+08, DensityWeight 1.021803E-04, wHPWL 7.966314E+08, Overflow 4.927783E-01, MaxDensity 2.445E+01, gamma 9.508956E+01, time 6.630ms
[INFO   ] DREAMPlace - full step 35.449 ms
[INFO   ] DREAMPlace - optimizer step 24.832 ms
[INFO   ] DREAMPlace - iteration  236, ( 236,  0,  0), Obj 6.346385E+08, DensityWeight 1.051435E-04, wHPWL 7.960013E+08, Overflow 4.905752E-01, MaxDensity 2.817E+01, gamma 9.402679E+01, time 6.606ms
[INFO   ] DREAMPlace - full step 38.858 ms
[INFO   ] DREAMPlace - optimizer step 24.373 ms
[INFO   ] DREAMPlace - iteration  237, ( 237,  0,  0), Obj 6.356298E+08, DensityWeight 1.081927E-04, wHPWL 7.953818E+08, Overflow 4.883451E-01, MaxDensity 2.254E+01, gamma 9.297280E+01, time 6.618ms
[INFO   ] DREAMPlace - full step 38.387 ms
[INFO   ] DREAMPlace - optimizer step 24.620 ms
[INFO   ] DREAMPlace - iteration  238, ( 238,  0,  0), Obj 6.365348E+08, DensityWeight 1.113303E-04, wHPWL 7.947044E+08, Overflow 4.861523E-01, MaxDensity 2.615E+01, gamma 9.191791E+01, time 6.723ms
[INFO   ] DREAMPlace - full step 36.518 ms
[INFO   ] DREAMPlace - optimizer step 23.973 ms
[INFO   ] DREAMPlace - iteration  239, ( 239,  0,  0), Obj 6.374691E+08, DensityWeight 1.145588E-04, wHPWL 7.940069E+08, Overflow 4.838246E-01, MaxDensity 2.610E+01, gamma 9.089230E+01, time 6.608ms
[INFO   ] DREAMPlace - full step 37.502 ms
[INFO   ] DREAMPlace - optimizer step 21.439 ms
[INFO   ] DREAMPlace - iteration  240, ( 240,  0,  0), Obj 6.383855E+08, DensityWeight 1.178810E-04, wHPWL 7.933976E+08, Overflow 4.817399E-01, MaxDensity 2.452E+01, gamma 8.981615E+01, time 6.596ms
[INFO   ] DREAMPlace - full step 35.450 ms
[INFO   ] DREAMPlace - optimizer step 24.805 ms
[INFO   ] DREAMPlace - iteration  241, ( 241,  0,  0), Obj 6.393744E+08, DensityWeight 1.212996E-04, wHPWL 7.927639E+08, Overflow 4.795049E-01, MaxDensity 2.369E+01, gamma 8.886317E+01, time 6.628ms
[INFO   ] DREAMPlace - full step 37.865 ms
[INFO   ] DREAMPlace - optimizer step 29.655 ms
[INFO   ] DREAMPlace - iteration  242, ( 242,  0,  0), Obj 6.402565E+08, DensityWeight 1.248173E-04, wHPWL 7.922276E+08, Overflow 4.775701E-01, MaxDensity 2.551E+01, gamma 8.785271E+01, time 8.445ms
[INFO   ] DREAMPlace - full step 45.513 ms
[INFO   ] DREAMPlace - optimizer step 24.414 ms
[INFO   ] DREAMPlace - iteration  243, ( 243,  0,  0), Obj 6.411807E+08, DensityWeight 1.284370E-04, wHPWL 7.916125E+08, Overflow 4.755291E-01, MaxDensity 2.195E+01, gamma 8.698724E+01, time 6.603ms
[INFO   ] DREAMPlace - full step 38.616 ms
[INFO   ] DREAMPlace - optimizer step 23.359 ms
[INFO   ] DREAMPlace - iteration  244, ( 244,  0,  0), Obj 6.419915E+08, DensityWeight 1.321617E-04, wHPWL 7.911169E+08, Overflow 4.733470E-01, MaxDensity 2.233E+01, gamma 8.608353E+01, time 6.582ms
[INFO   ] DREAMPlace - full step 37.346 ms
[INFO   ] DREAMPlace - optimizer step 19.176 ms
[INFO   ] DREAMPlace - iteration  245, ( 245,  0,  0), Obj 6.428221E+08, DensityWeight 1.359944E-04, wHPWL 7.905509E+08, Overflow 4.713838E-01, MaxDensity 2.392E+01, gamma 8.512772E+01, time 6.621ms
[INFO   ] DREAMPlace - full step 33.156 ms
[INFO   ] DREAMPlace - optimizer step 18.691 ms
[INFO   ] DREAMPlace - iteration  246, ( 246,  0,  0), Obj 6.437055E+08, DensityWeight 1.399382E-04, wHPWL 7.900494E+08, Overflow 4.691797E-01, MaxDensity 2.324E+01, gamma 8.427683E+01, time 6.585ms
[INFO   ] DREAMPlace - full step 28.010 ms
[INFO   ] DREAMPlace - optimizer step 4.331 ms
[INFO   ] DREAMPlace - iteration  247, ( 247,  0,  0), Obj 6.445307E+08, DensityWeight 1.439964E-04, wHPWL 7.895716E+08, Overflow 4.668199E-01, MaxDensity 2.002E+01, gamma 8.333170E+01, time 2.139ms
[INFO   ] DREAMPlace - full step 6.945 ms
[INFO   ] DREAMPlace - optimizer step 4.295 ms
[INFO   ] DREAMPlace - iteration  248, ( 248,  0,  0), Obj 6.453418E+08, DensityWeight 1.481723E-04, wHPWL 7.889821E+08, Overflow 4.644264E-01, MaxDensity 2.121E+01, gamma 8.233154E+01, time 2.101ms
[INFO   ] DREAMPlace - full step 6.888 ms
[INFO   ] DREAMPlace - optimizer step 14.450 ms
[INFO   ] DREAMPlace - iteration  249, ( 249,  0,  0), Obj 6.462560E+08, DensityWeight 1.524694E-04, wHPWL 7.884052E+08, Overflow 4.620072E-01, MaxDensity 1.990E+01, gamma 8.132935E+01, time 2.132ms
[INFO   ] DREAMPlace - full step 17.437 ms
[INFO   ] DREAMPlace - optimizer step 6.198 ms
[INFO   ] DREAMPlace - iteration  250, ( 250,  0,  0), Obj 6.472002E+08, DensityWeight 1.568910E-04, wHPWL 7.879026E+08, Overflow 4.598906E-01, MaxDensity 2.039E+01, gamma 8.032880E+01, time 2.284ms
[INFO   ] DREAMPlace - full step 9.478 ms
[INFO   ] DREAMPlace - optimizer step 6.222 ms
[INFO   ] DREAMPlace - iteration  251, ( 251,  0,  0), Obj 6.481152E+08, DensityWeight 1.614408E-04, wHPWL 7.873124E+08, Overflow 4.573733E-01, MaxDensity 1.951E+01, gamma 7.946352E+01, time 2.326ms
[INFO   ] DREAMPlace - full step 9.568 ms
[INFO   ] DREAMPlace - optimizer step 6.258 ms
[INFO   ] DREAMPlace - iteration  252, ( 252,  0,  0), Obj 6.488710E+08, DensityWeight 1.661226E-04, wHPWL 7.867005E+08, Overflow 4.551889E-01, MaxDensity 2.247E+01, gamma 7.844653E+01, time 2.310ms
[INFO   ] DREAMPlace - full step 9.547 ms
[INFO   ] DREAMPlace - optimizer step 21.476 ms
[INFO   ] DREAMPlace - iteration  253, ( 253,  0,  0), Obj 6.497574E+08, DensityWeight 1.709402E-04, wHPWL 7.860248E+08, Overflow 4.528749E-01, MaxDensity 1.998E+01, gamma 7.757460E+01, time 2.811ms
[INFO   ] DREAMPlace - full step 29.606 ms
[INFO   ] DREAMPlace - optimizer step 24.843 ms
[INFO   ] DREAMPlace - iteration  254, ( 254,  0,  0), Obj 6.506236E+08, DensityWeight 1.758974E-04, wHPWL 7.855487E+08, Overflow 4.505352E-01, MaxDensity 1.870E+01, gamma 7.666150E+01, time 6.593ms
[INFO   ] DREAMPlace - full step 36.929 ms
[INFO   ] DREAMPlace - optimizer step 21.674 ms
[INFO   ] DREAMPlace - iteration  255, ( 255,  0,  0), Obj 6.514887E+08, DensityWeight 1.809985E-04, wHPWL 7.850029E+08, Overflow 4.483725E-01, MaxDensity 1.782E+01, gamma 7.574919E+01, time 6.612ms
[INFO   ] DREAMPlace - full step 35.665 ms
[INFO   ] DREAMPlace - optimizer step 24.832 ms
[INFO   ] DREAMPlace - iteration  256, ( 256,  0,  0), Obj 6.523551E+08, DensityWeight 1.862474E-04, wHPWL 7.844624E+08, Overflow 4.461630E-01, MaxDensity 1.705E+01, gamma 7.491557E+01, time 5.114ms
[INFO   ] DREAMPlace - full step 37.342 ms
[INFO   ] DREAMPlace - optimizer step 23.376 ms
[INFO   ] DREAMPlace - iteration  257, ( 257,  0,  0), Obj 6.531658E+08, DensityWeight 1.916486E-04, wHPWL 7.839433E+08, Overflow 4.439339E-01, MaxDensity 1.805E+01, gamma 7.407336E+01, time 6.592ms
[INFO   ] DREAMPlace - full step 37.354 ms
[INFO   ] DREAMPlace - optimizer step 24.838 ms
[INFO   ] DREAMPlace - iteration  258, ( 258,  0,  0), Obj 6.539624E+08, DensityWeight 1.972064E-04, wHPWL 7.834028E+08, Overflow 4.419190E-01, MaxDensity 1.858E+01, gamma 7.323326E+01, time 5.600ms
[INFO   ] DREAMPlace - full step 37.848 ms
[INFO   ] DREAMPlace - optimizer step 23.373 ms
[INFO   ] DREAMPlace - iteration  259, ( 259,  0,  0), Obj 6.547790E+08, DensityWeight 2.029254E-04, wHPWL 7.828799E+08, Overflow 4.398304E-01, MaxDensity 1.807E+01, gamma 7.248212E+01, time 6.597ms
[INFO   ] DREAMPlace - full step 37.359 ms
[INFO   ] DREAMPlace - optimizer step 24.791 ms
[INFO   ] DREAMPlace - iteration  260, ( 260,  0,  0), Obj 6.555276E+08, DensityWeight 2.088102E-04, wHPWL 7.824050E+08, Overflow 4.376242E-01, MaxDensity 1.944E+01, gamma 7.171164E+01, time 5.580ms
[INFO   ] DREAMPlace - full step 37.695 ms
[INFO   ] DREAMPlace - optimizer step 23.054 ms
[INFO   ] DREAMPlace - iteration  261, ( 261,  0,  0), Obj 6.562543E+08, DensityWeight 2.148657E-04, wHPWL 7.818639E+08, Overflow 4.353462E-01, MaxDensity 1.921E+01, gamma 7.090663E+01, time 17.534ms
[INFO   ] DREAMPlace - full step 47.980 ms
[INFO   ] DREAMPlace - optimizer step 23.350 ms
[INFO   ] DREAMPlace - iteration  262, ( 262,  0,  0), Obj 6.570590E+08, DensityWeight 2.210969E-04, wHPWL 7.813888E+08, Overflow 4.328598E-01, MaxDensity 2.051E+01, gamma 7.008494E+01, time 6.578ms
[INFO   ] DREAMPlace - full step 37.347 ms
[INFO   ] DREAMPlace - optimizer step 23.854 ms
[INFO   ] DREAMPlace - iteration  263, ( 263,  0,  0), Obj 6.579298E+08, DensityWeight 2.275087E-04, wHPWL 7.809814E+08, Overflow 4.301973E-01, MaxDensity 1.749E+01, gamma 6.919895E+01, time 6.630ms
[INFO   ] DREAMPlace - full step 37.899 ms
[INFO   ] DREAMPlace - optimizer step 23.294 ms
[INFO   ] DREAMPlace - iteration  264, ( 264,  0,  0), Obj 6.588892E+08, DensityWeight 2.341064E-04, wHPWL 7.806178E+08, Overflow 4.276243E-01, MaxDensity 1.612E+01, gamma 6.826257E+01, time 6.679ms
[INFO   ] DREAMPlace - full step 37.339 ms
[INFO   ] DREAMPlace - optimizer step 22.113 ms
[INFO   ] DREAMPlace - iteration  265, ( 265,  0,  0), Obj 6.599060E+08, DensityWeight 2.408955E-04, wHPWL 7.802398E+08, Overflow 4.251780E-01, MaxDensity 1.543E+01, gamma 6.736977E+01, time 8.335ms
[INFO   ] DREAMPlace - full step 37.813 ms
[INFO   ] DREAMPlace - optimizer step 24.810 ms
[INFO   ] DREAMPlace - iteration  266, ( 266,  0,  0), Obj 6.608934E+08, DensityWeight 2.478815E-04, wHPWL 7.798870E+08, Overflow 4.229481E-01, MaxDensity 1.945E+01, gamma 6.653172E+01, time 6.585ms
[INFO   ] DREAMPlace - full step 37.331 ms
[INFO   ] DREAMPlace - optimizer step 37.468 ms
[INFO   ] DREAMPlace - iteration  267, ( 267,  0,  0), Obj 6.617762E+08, DensityWeight 2.550701E-04, wHPWL 7.794460E+08, Overflow 4.211555E-01, MaxDensity 1.749E+01, gamma 6.577691E+01, time 6.596ms
[INFO   ] DREAMPlace - full step 51.474 ms
[INFO   ] DREAMPlace - optimizer step 23.867 ms
[INFO   ] DREAMPlace - iteration  268, ( 268,  0,  0), Obj 6.625676E+08, DensityWeight 2.624672E-04, wHPWL 7.790054E+08, Overflow 4.191200E-01, MaxDensity 1.531E+01, gamma 6.517632E+01, time 6.585ms
[INFO   ] DREAMPlace - full step 37.817 ms
[INFO   ] DREAMPlace - optimizer step 24.816 ms
[INFO   ] DREAMPlace - iteration  269, ( 269,  0,  0), Obj 6.631843E+08, DensityWeight 2.700787E-04, wHPWL 7.785490E+08, Overflow 4.172759E-01, MaxDensity 1.566E+01, gamma 6.450102E+01, time 6.518ms
[INFO   ] DREAMPlace - full step 37.358 ms
[INFO   ] DREAMPlace - optimizer step 23.886 ms
[INFO   ] DREAMPlace - iteration  270, ( 270,  0,  0), Obj 6.638675E+08, DensityWeight 2.779110E-04, wHPWL 7.780896E+08, Overflow 4.153569E-01, MaxDensity 1.533E+01, gamma 6.389523E+01, time 6.588ms
[INFO   ] DREAMPlace - full step 37.877 ms
[INFO   ] DREAMPlace - optimizer step 24.830 ms
[INFO   ] DREAMPlace - iteration  271, ( 271,  0,  0), Obj 6.645307E+08, DensityWeight 2.859705E-04, wHPWL 7.777142E+08, Overflow 4.132797E-01, MaxDensity 1.589E+01, gamma 6.327091E+01, time 6.615ms
[INFO   ] DREAMPlace - full step 35.751 ms
[INFO   ] DREAMPlace - optimizer step 23.378 ms
[INFO   ] DREAMPlace - iteration  272, ( 272,  0,  0), Obj 6.652111E+08, DensityWeight 2.942636E-04, wHPWL 7.773553E+08, Overflow 4.109750E-01, MaxDensity 1.761E+01, gamma 6.260196E+01, time 6.579ms
[INFO   ] DREAMPlace - full step 37.323 ms
[INFO   ] DREAMPlace - optimizer step 24.818 ms
[INFO   ] DREAMPlace - iteration  273, ( 273,  0,  0), Obj 6.659125E+08, DensityWeight 3.027973E-04, wHPWL 7.769614E+08, Overflow 4.088271E-01, MaxDensity 1.514E+01, gamma 6.186806E+01, time 6.583ms
[INFO   ] DREAMPlace - full step 35.735 ms
[INFO   ] DREAMPlace - optimizer step 13.013 ms
[INFO   ] DREAMPlace - iteration  274, ( 274,  0,  0), Obj 6.667233E+08, DensityWeight 3.115784E-04, wHPWL 7.766267E+08, Overflow 4.067009E-01, MaxDensity 1.707E+01, gamma 6.119181E+01, time 9.036ms
[INFO   ] DREAMPlace - full step 25.142 ms
[INFO   ] DREAMPlace - optimizer step 8.795 ms
[INFO   ] DREAMPlace - iteration  275, ( 275,  0,  0), Obj 6.674698E+08, DensityWeight 3.206142E-04, wHPWL 7.762872E+08, Overflow 4.045553E-01, MaxDensity 1.456E+01, gamma 6.052971E+01, time 2.315ms
[INFO   ] DREAMPlace - full step 12.349 ms
[INFO   ] DREAMPlace - optimizer step 24.791 ms
[INFO   ] DREAMPlace - iteration  276, ( 276,  0,  0), Obj 6.681662E+08, DensityWeight 3.299120E-04, wHPWL 7.758959E+08, Overflow 4.022608E-01, MaxDensity 1.568E+01, gamma 5.986879E+01, time 6.618ms
[INFO   ] DREAMPlace - full step 38.812 ms
[INFO   ] DREAMPlace - optimizer step 24.801 ms
[INFO   ] DREAMPlace - iteration  277, ( 277,  0,  0), Obj 6.688377E+08, DensityWeight 3.394795E-04, wHPWL 7.754669E+08, Overflow 4.000127E-01, MaxDensity 1.444E+01, gamma 5.917002E+01, time 2.333ms
[INFO   ] DREAMPlace - full step 34.475 ms
[INFO   ] DREAMPlace - optimizer step 27.120 ms
[INFO   ] DREAMPlace - iteration  278, ( 278,  0,  0), Obj 6.695954E+08, DensityWeight 3.493244E-04, wHPWL 7.751070E+08, Overflow 3.976140E-01, MaxDensity 1.817E+01, gamma 5.849326E+01, time 6.587ms
[INFO   ] DREAMPlace - full step 41.087 ms
[INFO   ] DREAMPlace - optimizer step 22.411 ms
[INFO   ] DREAMPlace - iteration  279, ( 279,  0,  0), Obj 6.703416E+08, DensityWeight 3.594548E-04, wHPWL 7.747642E+08, Overflow 3.951598E-01, MaxDensity 1.639E+01, gamma 5.777972E+01, time 6.623ms
[INFO   ] DREAMPlace - full step 36.421 ms
[INFO   ] DREAMPlace - plotting to alignfiller_c8em4_results/bigblue4/plot/iter0280.png takes 15.187 seconds
[INFO   ] DREAMPlace - optimizer step 6.819 ms
[INFO   ] DREAMPlace - iteration  280, ( 280,  0,  0), Obj 6.711146E+08, DensityWeight 3.698790E-04, wHPWL 7.744123E+08, Overflow 3.925785E-01, MaxDensity 1.789E+01, gamma 5.705868E+01, time 6.611ms
[INFO   ] DREAMPlace - full step 15216.840 ms
[INFO   ] DREAMPlace - optimizer step 4.451 ms
[INFO   ] DREAMPlace - iteration  281, ( 281,  0,  0), Obj 6.718830E+08, DensityWeight 3.806055E-04, wHPWL 7.740284E+08, Overflow 3.901684E-01, MaxDensity 1.737E+01, gamma 5.631000E+01, time 2.247ms
[INFO   ] DREAMPlace - full step 7.365 ms
[INFO   ] DREAMPlace - optimizer step 4.379 ms
[INFO   ] DREAMPlace - iteration  282, ( 282,  0,  0), Obj 6.727027E+08, DensityWeight 3.916431E-04, wHPWL 7.736736E+08, Overflow 3.878951E-01, MaxDensity 1.454E+01, gamma 5.561983E+01, time 2.133ms
[INFO   ] DREAMPlace - full step 7.032 ms
[INFO   ] DREAMPlace - optimizer step 4.415 ms
[INFO   ] DREAMPlace - iteration  283, ( 283,  0,  0), Obj 6.734489E+08, DensityWeight 4.030008E-04, wHPWL 7.733009E+08, Overflow 3.854538E-01, MaxDensity 1.454E+01, gamma 5.497660E+01, time 2.161ms
[INFO   ] DREAMPlace - full step 7.076 ms
[INFO   ] DREAMPlace - optimizer step 4.384 ms
[INFO   ] DREAMPlace - iteration  284, ( 284,  0,  0), Obj 6.741288E+08, DensityWeight 4.146878E-04, wHPWL 7.729031E+08, Overflow 3.831391E-01, MaxDensity 1.719E+01, gamma 5.429410E+01, time 2.141ms
[INFO   ] DREAMPlace - full step 7.033 ms
[INFO   ] DREAMPlace - optimizer step 4.373 ms
[INFO   ] DREAMPlace - iteration  285, ( 285,  0,  0), Obj 6.748369E+08, DensityWeight 4.267138E-04, wHPWL 7.724904E+08, Overflow 3.810176E-01, MaxDensity 1.657E+01, gamma 5.365483E+01, time 2.144ms
[INFO   ] DREAMPlace - full step 7.021 ms
[INFO   ] DREAMPlace - optimizer step 9.431 ms
[INFO   ] DREAMPlace - iteration  286, ( 286,  0,  0), Obj 6.755568E+08, DensityWeight 4.390885E-04, wHPWL 7.721558E+08, Overflow 3.788094E-01, MaxDensity 1.578E+01, gamma 5.307556E+01, time 7.631ms
[INFO   ] DREAMPlace - full step 17.603 ms
[INFO   ] DREAMPlace - optimizer step 4.550 ms
[INFO   ] DREAMPlace - iteration  287, ( 287,  0,  0), Obj 6.761866E+08, DensityWeight 4.518221E-04, wHPWL 7.718057E+08, Overflow 3.764602E-01, MaxDensity 1.499E+01, gamma 5.247923E+01, time 4.646ms
[INFO   ] DREAMPlace - full step 9.704 ms
[INFO   ] DREAMPlace - optimizer step 4.431 ms
[INFO   ] DREAMPlace - iteration  288, ( 288,  0,  0), Obj 6.768198E+08, DensityWeight 4.649250E-04, wHPWL 7.714303E+08, Overflow 3.740759E-01, MaxDensity 1.453E+01, gamma 5.185217E+01, time 2.120ms
[INFO   ] DREAMPlace - full step 7.033 ms
[INFO   ] DREAMPlace - optimizer step 4.442 ms
[INFO   ] DREAMPlace - iteration  289, ( 289,  0,  0), Obj 6.775057E+08, DensityWeight 4.784078E-04, wHPWL 7.710950E+08, Overflow 3.716916E-01, MaxDensity 1.627E+01, gamma 5.122343E+01, time 2.148ms
[INFO   ] DREAMPlace - full step 7.077 ms
[INFO   ] DREAMPlace - optimizer step 5.478 ms
[INFO   ] DREAMPlace - iteration  290, ( 290,  0,  0), Obj 6.782339E+08, DensityWeight 4.922816E-04, wHPWL 7.708080E+08, Overflow 3.693884E-01, MaxDensity 1.649E+01, gamma 5.060227E+01, time 2.100ms
[INFO   ] DREAMPlace - full step 8.080 ms
[INFO   ] DREAMPlace - optimizer step 4.365 ms
[INFO   ] DREAMPlace - iteration  291, ( 291,  0,  0), Obj 6.789311E+08, DensityWeight 5.065578E-04, wHPWL 7.705034E+08, Overflow 3.667836E-01, MaxDensity 1.588E+01, gamma 5.000942E+01, time 2.131ms
[INFO   ] DREAMPlace - full step 6.993 ms
[INFO   ] DREAMPlace - optimizer step 4.518 ms
[INFO   ] DREAMPlace - iteration  292, ( 292,  0,  0), Obj 6.795937E+08, DensityWeight 5.212480E-04, wHPWL 7.701787E+08, Overflow 3.645693E-01, MaxDensity 1.638E+01, gamma 4.934729E+01, time 2.124ms
[INFO   ] DREAMPlace - full step 7.163 ms
[INFO   ] DREAMPlace - optimizer step 4.388 ms
[INFO   ] DREAMPlace - iteration  293, ( 293,  0,  0), Obj 6.803214E+08, DensityWeight 5.363643E-04, wHPWL 7.698456E+08, Overflow 3.621109E-01, MaxDensity 1.700E+01, gamma 4.879135E+01, time 2.125ms
[INFO   ] DREAMPlace - full step 6.999 ms
[INFO   ] DREAMPlace - optimizer step 4.366 ms
[INFO   ] DREAMPlace - iteration  294, ( 294,  0,  0), Obj 6.809864E+08, DensityWeight 5.519189E-04, wHPWL 7.695808E+08, Overflow 3.598680E-01, MaxDensity 1.522E+01, gamma 4.818144E+01, time 2.110ms
[INFO   ] DREAMPlace - full step 6.973 ms
[INFO   ] DREAMPlace - optimizer step 4.366 ms
[INFO   ] DREAMPlace - iteration  295, ( 295,  0,  0), Obj 6.816575E+08, DensityWeight 5.679245E-04, wHPWL 7.692531E+08, Overflow 3.574679E-01, MaxDensity 1.376E+01, gamma 4.763163E+01, time 2.150ms
[INFO   ] DREAMPlace - full step 7.020 ms
[INFO   ] DREAMPlace - optimizer step 4.390 ms
[INFO   ] DREAMPlace - iteration  296, ( 296,  0,  0), Obj 6.822922E+08, DensityWeight 5.843944E-04, wHPWL 7.689590E+08, Overflow 3.551784E-01, MaxDensity 1.335E+01, gamma 4.705023E+01, time 2.115ms
[INFO   ] DREAMPlace - full step 6.997 ms
[INFO   ] DREAMPlace - optimizer step 4.431 ms
[INFO   ] DREAMPlace - iteration  297, ( 297,  0,  0), Obj 6.829536E+08, DensityWeight 6.013418E-04, wHPWL 7.686643E+08, Overflow 3.528199E-01, MaxDensity 1.442E+01, gamma 4.650225E+01, time 2.145ms
[INFO   ] DREAMPlace - full step 7.070 ms
[INFO   ] DREAMPlace - optimizer step 4.351 ms
[INFO   ] DREAMPlace - iteration  298, ( 298,  0,  0), Obj 6.836047E+08, DensityWeight 6.187808E-04, wHPWL 7.684044E+08, Overflow 3.503711E-01, MaxDensity 1.368E+01, gamma 4.594444E+01, time 2.134ms
[INFO   ] DREAMPlace - full step 6.986 ms
[INFO   ] DREAMPlace - optimizer step 4.446 ms
[INFO   ] DREAMPlace - iteration  299, ( 299,  0,  0), Obj 6.842517E+08, DensityWeight 6.367255E-04, wHPWL 7.681236E+08, Overflow 3.481402E-01, MaxDensity 1.474E+01, gamma 4.537234E+01, time 2.147ms
[INFO   ] DREAMPlace - full step 7.079 ms
[INFO   ] DREAMPlace - optimizer step 4.372 ms
[INFO   ] DREAMPlace - iteration  300, ( 300,  0,  0), Obj 6.849220E+08, DensityWeight 6.551905E-04, wHPWL 7.678517E+08, Overflow 3.458815E-01, MaxDensity 1.416E+01, gamma 4.485736E+01, time 2.115ms
[INFO   ] DREAMPlace - full step 6.991 ms
[INFO   ] DREAMPlace - optimizer step 4.366 ms
[INFO   ] DREAMPlace - iteration  301, ( 301,  0,  0), Obj 6.855295E+08, DensityWeight 6.741910E-04, wHPWL 7.675787E+08, Overflow 3.435340E-01, MaxDensity 1.411E+01, gamma 4.434189E+01, time 2.153ms
[INFO   ] DREAMPlace - full step 7.008 ms
[INFO   ] DREAMPlace - optimizer step 4.366 ms
[INFO   ] DREAMPlace - iteration  302, ( 302,  0,  0), Obj 6.861192E+08, DensityWeight 6.937426E-04, wHPWL 7.672884E+08, Overflow 3.411419E-01, MaxDensity 1.236E+01, gamma 4.381245E+01, time 2.114ms
[INFO   ] DREAMPlace - full step 6.996 ms
[INFO   ] DREAMPlace - optimizer step 4.378 ms
[INFO   ] DREAMPlace - iteration  303, ( 303,  0,  0), Obj 6.867349E+08, DensityWeight 7.138611E-04, wHPWL 7.670067E+08, Overflow 3.388220E-01, MaxDensity 1.265E+01, gamma 4.327946E+01, time 2.139ms
[INFO   ] DREAMPlace - full step 7.012 ms
[INFO   ] DREAMPlace - optimizer step 4.497 ms
[INFO   ] DREAMPlace - iteration  304, ( 304,  0,  0), Obj 6.873802E+08, DensityWeight 7.345632E-04, wHPWL 7.667716E+08, Overflow 3.365615E-01, MaxDensity 1.238E+01, gamma 4.276876E+01, time 2.143ms
[INFO   ] DREAMPlace - full step 7.133 ms
[INFO   ] DREAMPlace - optimizer step 4.384 ms
[INFO   ] DREAMPlace - iteration  305, ( 305,  0,  0), Obj 6.879922E+08, DensityWeight 7.558655E-04, wHPWL 7.665168E+08, Overflow 3.341225E-01, MaxDensity 1.151E+01, gamma 4.227691E+01, time 2.154ms
[INFO   ] DREAMPlace - full step 7.046 ms
[INFO   ] DREAMPlace - optimizer step 4.405 ms
[INFO   ] DREAMPlace - iteration  306, ( 306,  0,  0), Obj 6.885606E+08, DensityWeight 7.777857E-04, wHPWL 7.662456E+08, Overflow 3.320371E-01, MaxDensity 1.146E+01, gamma 4.175257E+01, time 2.156ms
[INFO   ] DREAMPlace - full step 7.154 ms
[INFO   ] DREAMPlace - optimizer step 10.504 ms
[INFO   ] DREAMPlace - iteration  307, ( 307,  0,  0), Obj 6.891702E+08, DensityWeight 8.003415E-04, wHPWL 7.659691E+08, Overflow 3.296025E-01, MaxDensity 1.159E+01, gamma 4.130941E+01, time 6.930ms
[INFO   ] DREAMPlace - full step 17.941 ms
[INFO   ] DREAMPlace - optimizer step 13.407 ms
[INFO   ] DREAMPlace - iteration  308, ( 308,  0,  0), Obj 6.897084E+08, DensityWeight 8.235514E-04, wHPWL 7.657367E+08, Overflow 3.272699E-01, MaxDensity 1.141E+01, gamma 4.079799E+01, time 3.674ms
[INFO   ] DREAMPlace - full step 17.704 ms
[INFO   ] DREAMPlace - optimizer step 4.576 ms
[INFO   ] DREAMPlace - iteration  309, ( 309,  0,  0), Obj 6.903028E+08, DensityWeight 8.474345E-04, wHPWL 7.654699E+08, Overflow 3.249049E-01, MaxDensity 1.118E+01, gamma 4.031393E+01, time 2.290ms
[INFO   ] DREAMPlace - full step 7.529 ms
[INFO   ] DREAMPlace - optimizer step 4.874 ms
[INFO   ] DREAMPlace - iteration  310, ( 310,  0,  0), Obj 6.908917E+08, DensityWeight 8.720101E-04, wHPWL 7.652413E+08, Overflow 3.227118E-01, MaxDensity 1.157E+01, gamma 3.982902E+01, time 2.118ms
[INFO   ] DREAMPlace - full step 7.558 ms
[INFO   ] DREAMPlace - optimizer step 4.725 ms
[INFO   ] DREAMPlace - iteration  311, ( 311,  0,  0), Obj 6.914820E+08, DensityWeight 8.972984E-04, wHPWL 7.650161E+08, Overflow 3.203828E-01, MaxDensity 1.154E+01, gamma 3.938457E+01, time 2.127ms
[INFO   ] DREAMPlace - full step 7.381 ms
[INFO   ] DREAMPlace - optimizer step 4.503 ms
[INFO   ] DREAMPlace - iteration  312, ( 312,  0,  0), Obj 6.920068E+08, DensityWeight 9.233201E-04, wHPWL 7.647639E+08, Overflow 3.182436E-01, MaxDensity 1.189E+01, gamma 3.891801E+01, time 2.102ms
[INFO   ] DREAMPlace - full step 7.130 ms
[INFO   ] DREAMPlace - optimizer step 4.443 ms
[INFO   ] DREAMPlace - iteration  313, ( 313,  0,  0), Obj 6.925446E+08, DensityWeight 9.500964E-04, wHPWL 7.645009E+08, Overflow 3.160186E-01, MaxDensity 1.109E+01, gamma 3.849432E+01, time 2.120ms
[INFO   ] DREAMPlace - full step 7.082 ms
[INFO   ] DREAMPlace - optimizer step 4.390 ms
[INFO   ] DREAMPlace - iteration  314, ( 314,  0,  0), Obj 6.930521E+08, DensityWeight 9.776492E-04, wHPWL 7.642642E+08, Overflow 3.136930E-01, MaxDensity 1.077E+01, gamma 3.805856E+01, time 2.103ms
[INFO   ] DREAMPlace - full step 7.036 ms
[INFO   ] DREAMPlace - optimizer step 4.564 ms
[INFO   ] DREAMPlace - iteration  315, ( 315,  0,  0), Obj 6.935649E+08, DensityWeight 1.006001E-03, wHPWL 7.640243E+08, Overflow 3.113683E-01, MaxDensity 1.126E+01, gamma 3.760835E+01, time 5.028ms
[INFO   ] DREAMPlace - full step 10.170 ms
[INFO   ] DREAMPlace - optimizer step 4.370 ms
[INFO   ] DREAMPlace - iteration  316, ( 316,  0,  0), Obj 6.941054E+08, DensityWeight 1.035175E-03, wHPWL 7.637952E+08, Overflow 3.089755E-01, MaxDensity 1.140E+01, gamma 3.716364E+01, time 2.108ms
[INFO   ] DREAMPlace - full step 7.122 ms
[INFO   ] DREAMPlace - optimizer step 4.476 ms
[INFO   ] DREAMPlace - iteration  317, ( 317,  0,  0), Obj 6.946492E+08, DensityWeight 1.065195E-03, wHPWL 7.635844E+08, Overflow 3.066685E-01, MaxDensity 1.090E+01, gamma 3.671141E+01, time 2.204ms
[INFO   ] DREAMPlace - full step 7.194 ms
[INFO   ] DREAMPlace - optimizer step 4.351 ms
[INFO   ] DREAMPlace - iteration  318, ( 318,  0,  0), Obj 6.951972E+08, DensityWeight 1.096086E-03, wHPWL 7.633622E+08, Overflow 3.044255E-01, MaxDensity 1.071E+01, gamma 3.628058E+01, time 2.103ms
[INFO   ] DREAMPlace - full step 6.960 ms
[INFO   ] DREAMPlace - optimizer step 4.342 ms
[INFO   ] DREAMPlace - iteration  319, ( 319,  0,  0), Obj 6.957111E+08, DensityWeight 1.127872E-03, wHPWL 7.631304E+08, Overflow 3.021008E-01, MaxDensity 1.017E+01, gamma 3.586656E+01, time 2.149ms
[INFO   ] DREAMPlace - full step 6.990 ms
[INFO   ] DREAMPlace - optimizer step 4.345 ms
[INFO   ] DREAMPlace - iteration  320, ( 320,  0,  0), Obj 6.962061E+08, DensityWeight 1.160581E-03, wHPWL 7.628938E+08, Overflow 2.997381E-01, MaxDensity 1.040E+01, gamma 3.544245E+01, time 2.104ms
[INFO   ] DREAMPlace - full step 6.939 ms
[INFO   ] DREAMPlace - optimizer step 4.316 ms
[INFO   ] DREAMPlace - iteration  321, ( 321,  0,  0), Obj 6.967085E+08, DensityWeight 1.194238E-03, wHPWL 7.626597E+08, Overflow 2.975363E-01, MaxDensity 9.786E+00, gamma 3.501655E+01, time 2.134ms
[INFO   ] DREAMPlace - full step 6.950 ms
[INFO   ] DREAMPlace - optimizer step 4.353 ms
[INFO   ] DREAMPlace - iteration  322, ( 322,  0,  0), Obj 6.972322E+08, DensityWeight 1.228871E-03, wHPWL 7.624476E+08, Overflow 2.951539E-01, MaxDensity 1.038E+01, gamma 3.462427E+01, time 2.112ms
[INFO   ] DREAMPlace - full step 6.987 ms
[INFO   ] DREAMPlace - optimizer step 4.328 ms
[INFO   ] DREAMPlace - iteration  323, ( 323,  0,  0), Obj 6.977089E+08, DensityWeight 1.264508E-03, wHPWL 7.622319E+08, Overflow 2.928514E-01, MaxDensity 9.806E+00, gamma 3.420475E+01, time 2.146ms
[INFO   ] DREAMPlace - full step 6.966 ms
[INFO   ] DREAMPlace - optimizer step 4.342 ms
[INFO   ] DREAMPlace - iteration  324, ( 324,  0,  0), Obj 6.982059E+08, DensityWeight 1.301179E-03, wHPWL 7.619974E+08, Overflow 2.906055E-01, MaxDensity 9.511E+00, gamma 3.380412E+01, time 2.108ms
[INFO   ] DREAMPlace - full step 6.952 ms
[INFO   ] DREAMPlace - optimizer step 4.385 ms
[INFO   ] DREAMPlace - iteration  325, ( 325,  0,  0), Obj 6.986902E+08, DensityWeight 1.338913E-03, wHPWL 7.617779E+08, Overflow 2.883042E-01, MaxDensity 9.427E+00, gamma 3.341787E+01, time 3.675ms
[INFO   ] DREAMPlace - full step 8.554 ms
[INFO   ] DREAMPlace - optimizer step 4.346 ms
[INFO   ] DREAMPlace - iteration  326, ( 326,  0,  0), Obj 6.991618E+08, DensityWeight 1.377742E-03, wHPWL 7.615677E+08, Overflow 2.860888E-01, MaxDensity 9.004E+00, gamma 3.302666E+01, time 2.118ms
[INFO   ] DREAMPlace - full step 6.959 ms
[INFO   ] DREAMPlace - optimizer step 4.341 ms
[INFO   ] DREAMPlace - iteration  327, ( 327,  0,  0), Obj 6.996299E+08, DensityWeight 1.417696E-03, wHPWL 7.613487E+08, Overflow 2.837628E-01, MaxDensity 8.749E+00, gamma 3.265439E+01, time 2.155ms
[INFO   ] DREAMPlace - full step 6.985 ms
[INFO   ] DREAMPlace - optimizer step 4.353 ms
[INFO   ] DREAMPlace - iteration  328, ( 328,  0,  0), Obj 7.000870E+08, DensityWeight 1.458810E-03, wHPWL 7.611473E+08, Overflow 2.816550E-01, MaxDensity 8.481E+00, gamma 3.226805E+01, time 2.102ms
[INFO   ] DREAMPlace - full step 6.943 ms
[INFO   ] DREAMPlace - optimizer step 5.614 ms
[INFO   ] DREAMPlace - iteration  329, ( 329,  0,  0), Obj 7.005512E+08, DensityWeight 1.501115E-03, wHPWL 7.609338E+08, Overflow 2.793484E-01, MaxDensity 8.667E+00, gamma 3.192189E+01, time 2.151ms
[INFO   ] DREAMPlace - full step 8.259 ms
[INFO   ] DREAMPlace - optimizer step 4.350 ms
[INFO   ] DREAMPlace - iteration  330, ( 330,  0,  0), Obj 7.009766E+08, DensityWeight 1.544648E-03, wHPWL 7.607362E+08, Overflow 2.771440E-01, MaxDensity 9.702E+00, gamma 3.154736E+01, time 2.121ms
[INFO   ] DREAMPlace - full step 6.968 ms
[INFO   ] DREAMPlace - optimizer step 4.344 ms
[INFO   ] DREAMPlace - iteration  331, ( 331,  0,  0), Obj 7.014171E+08, DensityWeight 1.589442E-03, wHPWL 7.605146E+08, Overflow 2.747034E-01, MaxDensity 8.841E+00, gamma 3.119351E+01, time 2.161ms
[INFO   ] DREAMPlace - full step 6.995 ms
[INFO   ] DREAMPlace - optimizer step 4.299 ms
[INFO   ] DREAMPlace - iteration  332, ( 332,  0,  0), Obj 7.018497E+08, DensityWeight 1.635536E-03, wHPWL 7.603187E+08, Overflow 2.725537E-01, MaxDensity 8.468E+00, gamma 3.080639E+01, time 2.097ms
[INFO   ] DREAMPlace - full step 6.904 ms
[INFO   ] DREAMPlace - optimizer step 4.300 ms
[INFO   ] DREAMPlace - iteration  333, ( 333,  0,  0), Obj 7.023149E+08, DensityWeight 1.682967E-03, wHPWL 7.601128E+08, Overflow 2.702717E-01, MaxDensity 8.272E+00, gamma 3.046939E+01, time 2.128ms
[INFO   ] DREAMPlace - full step 6.922 ms
[INFO   ] DREAMPlace - optimizer step 9.429 ms
[INFO   ] DREAMPlace - iteration  334, ( 334,  0,  0), Obj 7.027277E+08, DensityWeight 1.731773E-03, wHPWL 7.599195E+08, Overflow 2.681237E-01, MaxDensity 8.049E+00, gamma 3.011567E+01, time 2.622ms
[INFO   ] DREAMPlace - full step 12.548 ms
[INFO   ] DREAMPlace - optimizer step 4.305 ms
[INFO   ] DREAMPlace - iteration  335, ( 335,  0,  0), Obj 7.031371E+08, DensityWeight 1.781995E-03, wHPWL 7.596950E+08, Overflow 2.659799E-01, MaxDensity 7.804E+00, gamma 2.978649E+01, time 2.131ms
[INFO   ] DREAMPlace - full step 6.932 ms
[INFO   ] DREAMPlace - plotting to alignfiller_c8em4_results/bigblue4/plot/iter0336.png takes 26.214 seconds
[INFO   ] DREAMPlace - optimizer step 26.587 ms
[INFO   ] DREAMPlace - iteration  336, ( 336,  0,  0), Obj 7.035275E+08, DensityWeight 1.833673E-03, wHPWL 7.594872E+08, Overflow 2.638732E-01, MaxDensity 7.679E+00, gamma 2.946152E+01, time 2.115ms
[INFO   ] DREAMPlace - full step 26259.682 ms
[INFO   ] DREAMPlace - optimizer step 24.740 ms
[INFO   ] DREAMPlace - iteration  337, ( 337,  0,  0), Obj 7.039100E+08, DensityWeight 1.886849E-03, wHPWL 7.592769E+08, Overflow 2.618538E-01, MaxDensity 8.058E+00, gamma 2.914565E+01, time 43.334ms
[INFO   ] DREAMPlace - full step 75.820 ms
[INFO   ] DREAMPlace - optimizer step 59.319 ms
[INFO   ] DREAMPlace - iteration  338, ( 338,  0,  0), Obj 7.042877E+08, DensityWeight 1.941568E-03, wHPWL 7.590836E+08, Overflow 2.595873E-01, MaxDensity 7.580E+00, gamma 2.884603E+01, time 6.618ms
[INFO   ] DREAMPlace - full step 71.059 ms
[INFO   ] DREAMPlace - optimizer step 24.744 ms
[INFO   ] DREAMPlace - iteration  339, ( 339,  0,  0), Obj 7.046415E+08, DensityWeight 1.997873E-03, wHPWL 7.588783E+08, Overflow 2.574083E-01, MaxDensity 7.984E+00, gamma 2.851343E+01, time 6.597ms
[INFO   ] DREAMPlace - full step 38.687 ms
[INFO   ] DREAMPlace - optimizer step 63.629 ms
[INFO   ] DREAMPlace - iteration  340, ( 340,  0,  0), Obj 7.050458E+08, DensityWeight 2.055812E-03, wHPWL 7.586999E+08, Overflow 2.552784E-01, MaxDensity 7.475E+00, gamma 2.819728E+01, time 45.413ms
[INFO   ] DREAMPlace - full step 116.450 ms
[INFO   ] DREAMPlace - optimizer step 51.219 ms
[INFO   ] DREAMPlace - iteration  341, ( 341,  0,  0), Obj 7.054364E+08, DensityWeight 2.115430E-03, wHPWL 7.585167E+08, Overflow 2.530048E-01, MaxDensity 7.790E+00, gamma 2.789165E+01, time 6.497ms
[INFO   ] DREAMPlace - full step 65.059 ms
[INFO   ] DREAMPlace - optimizer step 18.455 ms
[INFO   ] DREAMPlace - iteration  342, ( 342,  0,  0), Obj 7.058145E+08, DensityWeight 2.176778E-03, wHPWL 7.583466E+08, Overflow 2.508230E-01, MaxDensity 7.182E+00, gamma 2.756904E+01, time 6.579ms
[INFO   ] DREAMPlace - full step 32.361 ms
[INFO   ] DREAMPlace - optimizer step 24.780 ms
[INFO   ] DREAMPlace - iteration  343, ( 343,  0,  0), Obj 7.061979E+08, DensityWeight 2.239905E-03, wHPWL 7.581449E+08, Overflow 2.484607E-01, MaxDensity 7.847E+00, gamma 2.726297E+01, time 6.697ms
[INFO   ] DREAMPlace - full step 37.067 ms
[INFO   ] DREAMPlace - optimizer step 57.147 ms
[INFO   ] DREAMPlace - iteration  344, ( 344,  0,  0), Obj 7.065819E+08, DensityWeight 2.304862E-03, wHPWL 7.579805E+08, Overflow 2.462616E-01, MaxDensity 7.202E+00, gamma 2.693541E+01, time 6.510ms
[INFO   ] DREAMPlace - full step 70.181 ms
[INFO   ] DREAMPlace - optimizer step 23.829 ms
[INFO   ] DREAMPlace - iteration  345, ( 345,  0,  0), Obj 7.069804E+08, DensityWeight 2.371703E-03, wHPWL 7.577940E+08, Overflow 2.440855E-01, MaxDensity 6.949E+00, gamma 2.663402E+01, time 6.644ms
[INFO   ] DREAMPlace - full step 37.841 ms
[INFO   ] DREAMPlace - optimizer step 22.154 ms
[INFO   ] DREAMPlace - iteration  346, ( 346,  0,  0), Obj 7.073596E+08, DensityWeight 2.440483E-03, wHPWL 7.576300E+08, Overflow 2.420721E-01, MaxDensity 7.637E+00, gamma 2.633910E+01, time 6.597ms
[INFO   ] DREAMPlace - full step 36.314 ms
[INFO   ] DREAMPlace - optimizer step 24.293 ms
[INFO   ] DREAMPlace - iteration  347, ( 347,  0,  0), Obj 7.077124E+08, DensityWeight 2.511257E-03, wHPWL 7.574405E+08, Overflow 2.399973E-01, MaxDensity 7.462E+00, gamma 2.606914E+01, time 46.346ms
[INFO   ] DREAMPlace - full step 78.009 ms
[INFO   ] DREAMPlace - optimizer step 63.863 ms
[INFO   ] DREAMPlace - iteration  348, ( 348,  0,  0), Obj 7.080417E+08, DensityWeight 2.584083E-03, wHPWL 7.572660E+08, Overflow 2.379481E-01, MaxDensity 6.874E+00, gamma 2.579383E+01, time 6.632ms
[INFO   ] DREAMPlace - full step 76.923 ms
[INFO   ] DREAMPlace - optimizer step 20.309 ms
[INFO   ] DREAMPlace - iteration  349, ( 349,  0,  0), Obj 7.083725E+08, DensityWeight 2.659022E-03, wHPWL 7.570859E+08, Overflow 2.358584E-01, MaxDensity 6.211E+00, gamma 2.552480E+01, time 6.622ms
[INFO   ] DREAMPlace - full step 34.263 ms
[INFO   ] DREAMPlace - optimizer step 24.726 ms
[INFO   ] DREAMPlace - iteration  350, ( 350,  0,  0), Obj 7.087080E+08, DensityWeight 2.736134E-03, wHPWL 7.569275E+08, Overflow 2.337521E-01, MaxDensity 6.518E+00, gamma 2.525332E+01, time 6.603ms
[INFO   ] DREAMPlace - full step 38.682 ms
[INFO   ] DREAMPlace - optimizer step 56.885 ms
[INFO   ] DREAMPlace - iteration  351, ( 351,  0,  0), Obj 7.090415E+08, DensityWeight 2.815482E-03, wHPWL 7.567599E+08, Overflow 2.316622E-01, MaxDensity 6.457E+00, gamma 2.498260E+01, time 6.644ms
[INFO   ] DREAMPlace - full step 71.031 ms
[INFO   ] DREAMPlace - optimizer step 56.881 ms
[INFO   ] DREAMPlace - iteration  352, ( 352,  0,  0), Obj 7.093800E+08, DensityWeight 2.897131E-03, wHPWL 7.566058E+08, Overflow 2.295443E-01, MaxDensity 6.145E+00, gamma 2.471687E+01, time 6.242ms
[INFO   ] DREAMPlace - full step 78.459 ms
[INFO   ] DREAMPlace - optimizer step 24.736 ms
[INFO   ] DREAMPlace - iteration  353, ( 353,  0,  0), Obj 7.097085E+08, DensityWeight 2.981147E-03, wHPWL 7.564417E+08, Overflow 2.274946E-01, MaxDensity 6.210E+00, gamma 2.445046E+01, time 6.604ms
[INFO   ] DREAMPlace - full step 76.538 ms
[INFO   ] DREAMPlace - optimizer step 22.675 ms
[INFO   ] DREAMPlace - iteration  354, ( 354,  0,  0), Obj 7.100426E+08, DensityWeight 3.067601E-03, wHPWL 7.562912E+08, Overflow 2.253941E-01, MaxDensity 6.120E+00, gamma 2.419537E+01, time 3.006ms
[INFO   ] DREAMPlace - full step 30.928 ms
[INFO   ] DREAMPlace - optimizer step 47.087 ms
[INFO   ] DREAMPlace - iteration  355, ( 355,  0,  0), Obj 7.103609E+08, DensityWeight 3.156562E-03, wHPWL 7.561330E+08, Overflow 2.234333E-01, MaxDensity 5.978E+00, gamma 2.393672E+01, time 6.619ms
[INFO   ] DREAMPlace - full step 58.866 ms
[INFO   ] DREAMPlace - optimizer step 28.843 ms
[INFO   ] DREAMPlace - iteration  356, ( 356,  0,  0), Obj 7.106872E+08, DensityWeight 3.248102E-03, wHPWL 7.559871E+08, Overflow 2.213379E-01, MaxDensity 6.206E+00, gamma 2.369776E+01, time 6.755ms
[INFO   ] DREAMPlace - full step 79.746 ms
[INFO   ] DREAMPlace - optimizer step 24.783 ms
[INFO   ] DREAMPlace - iteration  357, ( 357,  0,  0), Obj 7.109873E+08, DensityWeight 3.342297E-03, wHPWL 7.558353E+08, Overflow 2.192436E-01, MaxDensity 6.270E+00, gamma 2.344503E+01, time 6.620ms
[INFO   ] DREAMPlace - full step 34.477 ms
[INFO   ] DREAMPlace - optimizer step 24.875 ms
[INFO   ] DREAMPlace - iteration  358, ( 358,  0,  0), Obj 7.113055E+08, DensityWeight 3.439224E-03, wHPWL 7.556945E+08, Overflow 2.171237E-01, MaxDensity 6.266E+00, gamma 2.319512E+01, time 38.600ms
[INFO   ] DREAMPlace - full step 70.569 ms
[INFO   ] DREAMPlace - optimizer step 4.746 ms
[INFO   ] DREAMPlace - iteration  359, ( 359,  0,  0), Obj 7.116221E+08, DensityWeight 3.538962E-03, wHPWL 7.555492E+08, Overflow 2.151063E-01, MaxDensity 6.138E+00, gamma 2.294488E+01, time 2.163ms
[INFO   ] DREAMPlace - full step 7.413 ms
[INFO   ] DREAMPlace - optimizer step 4.614 ms
[INFO   ] DREAMPlace - iteration  360, ( 360,  0,  0), Obj 7.119471E+08, DensityWeight 3.641592E-03, wHPWL 7.554212E+08, Overflow 2.130894E-01, MaxDensity 6.010E+00, gamma 2.270925E+01, time 2.143ms
[INFO   ] DREAMPlace - full step 7.252 ms
[INFO   ] DREAMPlace - optimizer step 4.489 ms
[INFO   ] DREAMPlace - iteration  361, ( 361,  0,  0), Obj 7.122483E+08, DensityWeight 3.747198E-03, wHPWL 7.552788E+08, Overflow 2.110016E-01, MaxDensity 5.798E+00, gamma 2.247609E+01, time 2.208ms
[INFO   ] DREAMPlace - full step 7.200 ms
[INFO   ] DREAMPlace - optimizer step 41.397 ms
[INFO   ] DREAMPlace - iteration  362, ( 362,  0,  0), Obj 7.125447E+08, DensityWeight 3.855867E-03, wHPWL 7.551424E+08, Overflow 2.089184E-01, MaxDensity 5.638E+00, gamma 2.223725E+01, time 6.603ms
[INFO   ] DREAMPlace - full step 48.862 ms
[INFO   ] DREAMPlace - optimizer step 5.964 ms
[INFO   ] DREAMPlace - iteration  363, ( 363,  0,  0), Obj 7.128500E+08, DensityWeight 3.967687E-03, wHPWL 7.550048E+08, Overflow 2.069789E-01, MaxDensity 5.415E+00, gamma 2.200147E+01, time 2.582ms
[INFO   ] DREAMPlace - full step 9.625 ms
[INFO   ] DREAMPlace - optimizer step 8.466 ms
[INFO   ] DREAMPlace - iteration  364, ( 364,  0,  0), Obj 7.131624E+08, DensityWeight 4.082750E-03, wHPWL 7.548891E+08, Overflow 2.049549E-01, MaxDensity 5.101E+00, gamma 2.178421E+01, time 2.326ms
[INFO   ] DREAMPlace - full step 11.775 ms
[INFO   ] DREAMPlace - optimizer step 27.719 ms
[INFO   ] DREAMPlace - iteration  365, ( 365,  0,  0), Obj 7.134452E+08, DensityWeight 4.201150E-03, wHPWL 7.547594E+08, Overflow 2.030338E-01, MaxDensity 5.651E+00, gamma 2.155976E+01, time 2.754ms
[INFO   ] DREAMPlace - full step 35.784 ms
[INFO   ] DREAMPlace - optimizer step 21.133 ms
[INFO   ] DREAMPlace - iteration  366, ( 366,  0,  0), Obj 7.137294E+08, DensityWeight 4.322984E-03, wHPWL 7.546268E+08, Overflow 2.011587E-01, MaxDensity 5.424E+00, gamma 2.134888E+01, time 6.619ms
[INFO   ] DREAMPlace - full step 35.071 ms
[INFO   ] DREAMPlace - optimizer step 24.824 ms
[INFO   ] DREAMPlace - iteration  367, ( 367,  0,  0), Obj 7.139979E+08, DensityWeight 4.448351E-03, wHPWL 7.544899E+08, Overflow 1.992564E-01, MaxDensity 4.958E+00, gamma 2.114502E+01, time 4.463ms
[INFO   ] DREAMPlace - full step 74.518 ms
[INFO   ] DREAMPlace - optimizer step 62.328 ms
[INFO   ] DREAMPlace - iteration  368, ( 368,  0,  0), Obj 7.142623E+08, DensityWeight 4.577353E-03, wHPWL 7.543676E+08, Overflow 1.973450E-01, MaxDensity 4.897E+00, gamma 2.094020E+01, time 6.610ms
[INFO   ] DREAMPlace - full step 76.315 ms
[INFO   ] DREAMPlace - optimizer step 52.794 ms
[INFO   ] DREAMPlace - iteration  369, ( 369,  0,  0), Obj 7.145308E+08, DensityWeight 4.710096E-03, wHPWL 7.542486E+08, Overflow 1.953437E-01, MaxDensity 4.888E+00, gamma 2.073639E+01, time 6.609ms
[INFO   ] DREAMPlace - full step 66.700 ms
[INFO   ] DREAMPlace - optimizer step 23.295 ms
[INFO   ] DREAMPlace - iteration  370, ( 370,  0,  0), Obj 7.148067E+08, DensityWeight 4.846689E-03, wHPWL 7.541464E+08, Overflow 1.933440E-01, MaxDensity 4.834E+00, gamma 2.052513E+01, time 6.614ms
[INFO   ] DREAMPlace - full step 37.278 ms
[INFO   ] DREAMPlace - optimizer step 31.818 ms
[INFO   ] DREAMPlace - iteration  371, ( 371,  0,  0), Obj 7.150906E+08, DensityWeight 4.987243E-03, wHPWL 7.540406E+08, Overflow 1.912982E-01, MaxDensity 5.447E+00, gamma 2.031618E+01, time 4.737ms
[INFO   ] DREAMPlace - full step 71.910 ms
[INFO   ] DREAMPlace - optimizer step 66.773 ms
[INFO   ] DREAMPlace - iteration  372, ( 372,  0,  0), Obj 7.153647E+08, DensityWeight 5.131873E-03, wHPWL 7.539267E+08, Overflow 1.893959E-01, MaxDensity 4.898E+00, gamma 2.010462E+01, time 7.603ms
[INFO   ] DREAMPlace - full step 80.070 ms
[INFO   ] DREAMPlace - optimizer step 59.768 ms
[INFO   ] DREAMPlace - iteration  373, ( 373,  0,  0), Obj 7.156381E+08, DensityWeight 5.280698E-03, wHPWL 7.538034E+08, Overflow 1.874711E-01, MaxDensity 4.764E+00, gamma 1.990987E+01, time 4.992ms
[INFO   ] DREAMPlace - full step 72.058 ms
[INFO   ] DREAMPlace - optimizer step 62.701 ms
[INFO   ] DREAMPlace - iteration  374, ( 374,  0,  0), Obj 7.158956E+08, DensityWeight 5.433838E-03, wHPWL 7.536900E+08, Overflow 1.856760E-01, MaxDensity 4.932E+00, gamma 1.971475E+01, time 6.588ms
[INFO   ] DREAMPlace - full step 76.609 ms
[INFO   ] DREAMPlace - optimizer step 24.800 ms
[INFO   ] DREAMPlace - iteration  375, ( 375,  0,  0), Obj 7.161544E+08, DensityWeight 5.591420E-03, wHPWL 7.535793E+08, Overflow 1.838346E-01, MaxDensity 4.447E+00, gamma 1.953448E+01, time 6.633ms
[INFO   ] DREAMPlace - full step 32.969 ms
[INFO   ] DREAMPlace - optimizer step 41.464 ms
[INFO   ] DREAMPlace - iteration  376, ( 376,  0,  0), Obj 7.163986E+08, DensityWeight 5.753572E-03, wHPWL 7.534785E+08, Overflow 1.820105E-01, MaxDensity 4.399E+00, gamma 1.935129E+01, time 42.008ms
[INFO   ] DREAMPlace - full step 88.630 ms
[INFO   ] DREAMPlace - optimizer step 22.903 ms
[INFO   ] DREAMPlace - iteration  377, ( 377,  0,  0), Obj 7.166465E+08, DensityWeight 5.920426E-03, wHPWL 7.533796E+08, Overflow 1.801243E-01, MaxDensity 4.312E+00, gamma 1.917152E+01, time 6.586ms
[INFO   ] DREAMPlace - full step 36.752 ms
[INFO   ] DREAMPlace - optimizer step 56.180 ms
[INFO   ] DREAMPlace - iteration  378, ( 378,  0,  0), Obj 7.168929E+08, DensityWeight 6.092118E-03, wHPWL 7.532870E+08, Overflow 1.782283E-01, MaxDensity 4.601E+00, gamma 1.898738E+01, time 5.101ms
[INFO   ] DREAMPlace - full step 68.588 ms
[INFO   ] DREAMPlace - optimizer step 54.363 ms
[INFO   ] DREAMPlace - iteration  379, ( 379,  0,  0), Obj 7.171439E+08, DensityWeight 6.268790E-03, wHPWL 7.531930E+08, Overflow 1.763680E-01, MaxDensity 4.218E+00, gamma 1.880406E+01, time 6.588ms
[INFO   ] DREAMPlace - full step 68.305 ms
[INFO   ] DREAMPlace - optimizer step 8.484 ms
[INFO   ] DREAMPlace - iteration  380, ( 380,  0,  0), Obj 7.173960E+08, DensityWeight 6.450585E-03, wHPWL 7.531030E+08, Overflow 1.745316E-01, MaxDensity 4.216E+00, gamma 1.862592E+01, time 4.671ms
[INFO   ] DREAMPlace - full step 16.272 ms
[INFO   ] DREAMPlace - optimizer step 13.051 ms
[INFO   ] DREAMPlace - iteration  381, ( 381,  0,  0), Obj 7.176423E+08, DensityWeight 6.637652E-03, wHPWL 7.530148E+08, Overflow 1.727391E-01, MaxDensity 4.379E+00, gamma 1.845172E+01, time 2.340ms
[INFO   ] DREAMPlace - full step 18.412 ms
[INFO   ] DREAMPlace - optimizer step 27.295 ms
[INFO   ] DREAMPlace - iteration  382, ( 382,  0,  0), Obj 7.178844E+08, DensityWeight 6.830145E-03, wHPWL 7.529282E+08, Overflow 1.709535E-01, MaxDensity 4.584E+00, gamma 1.828325E+01, time 6.497ms
[INFO   ] DREAMPlace - full step 40.602 ms
[INFO   ] DREAMPlace - optimizer step 24.819 ms
[INFO   ] DREAMPlace - iteration  383, ( 383,  0,  0), Obj 7.181228E+08, DensityWeight 7.028219E-03, wHPWL 7.528477E+08, Overflow 1.691788E-01, MaxDensity 4.429E+00, gamma 1.811696E+01, time 2.319ms
[INFO   ] DREAMPlace - full step 71.084 ms
[INFO   ] DREAMPlace - optimizer step 54.307 ms
[INFO   ] DREAMPlace - iteration  384, ( 384,  0,  0), Obj 7.183561E+08, DensityWeight 7.232038E-03, wHPWL 7.527651E+08, Overflow 1.673828E-01, MaxDensity 4.031E+00, gamma 1.795319E+01, time 6.636ms
[INFO   ] DREAMPlace - full step 66.577 ms
[INFO   ] DREAMPlace - optimizer step 21.614 ms
[INFO   ] DREAMPlace - iteration  385, ( 385,  0,  0), Obj 7.185894E+08, DensityWeight 7.441767E-03, wHPWL 7.526888E+08, Overflow 1.655909E-01, MaxDensity 4.059E+00, gamma 1.778895E+01, time 6.576ms
[INFO   ] DREAMPlace - full step 35.629 ms
[INFO   ] DREAMPlace - optimizer step 80.808 ms
[INFO   ] DREAMPlace - iteration  386, ( 386,  0,  0), Obj 7.188271E+08, DensityWeight 7.657579E-03, wHPWL 7.526199E+08, Overflow 1.637833E-01, MaxDensity 3.979E+00, gamma 1.762660E+01, time 6.655ms
[INFO   ] DREAMPlace - full step 90.434 ms
[INFO   ] DREAMPlace - optimizer step 24.127 ms
[INFO   ] DREAMPlace - iteration  387, ( 387,  0,  0), Obj 7.190618E+08, DensityWeight 7.879648E-03, wHPWL 7.525527E+08, Overflow 1.620054E-01, MaxDensity 3.924E+00, gamma 1.746432E+01, time 6.737ms
[INFO   ] DREAMPlace - full step 36.091 ms
[INFO   ] DREAMPlace - optimizer step 24.845 ms
[INFO   ] DREAMPlace - iteration  388, ( 388,  0,  0), Obj 7.192897E+08, DensityWeight 8.108159E-03, wHPWL 7.524751E+08, Overflow 1.602666E-01, MaxDensity 4.297E+00, gamma 1.730616E+01, time 6.530ms
[INFO   ] DREAMPlace - full step 36.833 ms
[INFO   ] DREAMPlace - optimizer step 38.040 ms
[INFO   ] DREAMPlace - iteration  389, ( 389,  0,  0), Obj 7.195130E+08, DensityWeight 8.343295E-03, wHPWL 7.523997E+08, Overflow 1.585698E-01, MaxDensity 4.838E+00, gamma 1.715287E+01, time 63.045ms
[INFO   ] DREAMPlace - full step 146.857 ms
[INFO   ] DREAMPlace - optimizer step 24.632 ms
[INFO   ] DREAMPlace - iteration  390, ( 390,  0,  0), Obj 7.197344E+08, DensityWeight 8.585251E-03, wHPWL 7.523303E+08, Overflow 1.568847E-01, MaxDensity 5.171E+00, gamma 1.700459E+01, time 6.691ms
[INFO   ] DREAMPlace - full step 37.897 ms
[INFO   ] DREAMPlace - optimizer step 19.557 ms
[INFO   ] DREAMPlace - iteration  391, ( 391,  0,  0), Obj 7.199533E+08, DensityWeight 8.834223E-03, wHPWL 7.522708E+08, Overflow 1.551835E-01, MaxDensity 5.263E+00, gamma 1.685859E+01, time 2.415ms
[INFO   ] DREAMPlace - full step 27.335 ms
[INFO   ] DREAMPlace - plotting to alignfiller_c8em4_results/bigblue4/plot/iter0392.png takes 31.200 seconds
[INFO   ] DREAMPlace - optimizer step 14.644 ms
[INFO   ] DREAMPlace - iteration  392, ( 392,  0,  0), Obj 7.201695E+08, DensityWeight 9.090416E-03, wHPWL 7.522117E+08, Overflow 1.535247E-01, MaxDensity 5.193E+00, gamma 1.671248E+01, time 6.626ms
[INFO   ] DREAMPlace - full step 31277.777 ms
[INFO   ] DREAMPlace - optimizer step 67.441 ms
[INFO   ] DREAMPlace - iteration  393, ( 393,  0,  0), Obj 7.203864E+08, DensityWeight 9.354038E-03, wHPWL 7.521572E+08, Overflow 1.518007E-01, MaxDensity 4.994E+00, gamma 1.657123E+01, time 11.127ms
[INFO   ] DREAMPlace - full step 79.432 ms
[INFO   ] DREAMPlace - optimizer step 6.369 ms
[INFO   ] DREAMPlace - iteration  394, ( 394,  0,  0), Obj 7.205995E+08, DensityWeight 9.625305E-03, wHPWL 7.521054E+08, Overflow 1.501147E-01, MaxDensity 4.663E+00, gamma 1.642569E+01, time 2.250ms
[INFO   ] DREAMPlace - full step 9.233 ms
[INFO   ] DREAMPlace - optimizer step 10.445 ms
[INFO   ] DREAMPlace - iteration  395, ( 395,  0,  0), Obj 7.208178E+08, DensityWeight 9.904440E-03, wHPWL 7.520556E+08, Overflow 1.484005E-01, MaxDensity 4.249E+00, gamma 1.628459E+01, time 2.228ms
[INFO   ] DREAMPlace - full step 13.212 ms
[INFO   ] DREAMPlace - optimizer step 79.719 ms
[INFO   ] DREAMPlace - iteration  396, ( 396,  0,  0), Obj 7.210308E+08, DensityWeight 1.019167E-02, wHPWL 7.520062E+08, Overflow 1.467536E-01, MaxDensity 3.796E+00, gamma 1.614238E+01, time 4.231ms
[INFO   ] DREAMPlace - full step 84.516 ms
[INFO   ] DREAMPlace - optimizer step 14.106 ms
[INFO   ] DREAMPlace - iteration  397, ( 397,  0,  0), Obj 7.212441E+08, DensityWeight 1.048723E-02, wHPWL 7.519552E+08, Overflow 1.450752E-01, MaxDensity 3.664E+00, gamma 1.600692E+01, time 28.819ms
[INFO   ] DREAMPlace - full step 43.547 ms
[INFO   ] DREAMPlace - optimizer step 41.336 ms
[INFO   ] DREAMPlace - iteration  398, ( 398,  0,  0), Obj 7.214510E+08, DensityWeight 1.079136E-02, wHPWL 7.519085E+08, Overflow 1.434750E-01, MaxDensity 3.694E+00, gamma 1.587004E+01, time 10.964ms
[INFO   ] DREAMPlace - full step 52.894 ms
[INFO   ] DREAMPlace - optimizer step 11.094 ms
[INFO   ] DREAMPlace - iteration  399, ( 399,  0,  0), Obj 7.216616E+08, DensityWeight 1.110431E-02, wHPWL 7.518651E+08, Overflow 1.418568E-01, MaxDensity 3.660E+00, gamma 1.574063E+01, time 3.841ms
[INFO   ] DREAMPlace - full step 15.472 ms
[INFO   ] DREAMPlace - optimizer step 20.535 ms
[INFO   ] DREAMPlace - iteration  400, ( 400,  0,  0), Obj 7.218643E+08, DensityWeight 1.142633E-02, wHPWL 7.518273E+08, Overflow 1.403023E-01, MaxDensity 3.636E+00, gamma 1.561083E+01, time 4.008ms
[INFO   ] DREAMPlace - full step 25.073 ms
[INFO   ] DREAMPlace - optimizer step 13.791 ms
[INFO   ] DREAMPlace - iteration  401, ( 401,  0,  0), Obj 7.220687E+08, DensityWeight 1.175770E-02, wHPWL 7.517924E+08, Overflow 1.386421E-01, MaxDensity 4.131E+00, gamma 1.548715E+01, time 52.418ms
[INFO   ] DREAMPlace - full step 66.814 ms
[INFO   ] DREAMPlace - optimizer step 4.511 ms
[INFO   ] DREAMPlace - iteration  402, ( 402,  0,  0), Obj 7.222643E+08, DensityWeight 1.209867E-02, wHPWL 7.517588E+08, Overflow 1.370633E-01, MaxDensity 4.406E+00, gamma 1.535614E+01, time 2.127ms
[INFO   ] DREAMPlace - full step 7.173 ms
[INFO   ] DREAMPlace - optimizer step 4.549 ms
[INFO   ] DREAMPlace - iteration  403, ( 403,  0,  0), Obj 7.224688E+08, DensityWeight 1.244953E-02, wHPWL 7.517244E+08, Overflow 1.354374E-01, MaxDensity 4.344E+00, gamma 1.523259E+01, time 2.184ms
[INFO   ] DREAMPlace - full step 7.251 ms
[INFO   ] DREAMPlace - optimizer step 19.846 ms
[INFO   ] DREAMPlace - iteration  404, ( 404,  0,  0), Obj 7.226655E+08, DensityWeight 1.281057E-02, wHPWL 7.516938E+08, Overflow 1.339148E-01, MaxDensity 3.977E+00, gamma 1.510639E+01, time 2.135ms
[INFO   ] DREAMPlace - full step 22.542 ms
[INFO   ] DREAMPlace - optimizer step 28.209 ms
[INFO   ] DREAMPlace - iteration  405, ( 405,  0,  0), Obj 7.228655E+08, DensityWeight 1.318208E-02, wHPWL 7.516623E+08, Overflow 1.323839E-01, MaxDensity 3.586E+00, gamma 1.498916E+01, time 53.419ms
[INFO   ] DREAMPlace - full step 82.353 ms
[INFO   ] DREAMPlace - optimizer step 56.607 ms
[INFO   ] DREAMPlace - iteration  406, ( 406,  0,  0), Obj 7.230508E+08, DensityWeight 1.356436E-02, wHPWL 7.516273E+08, Overflow 1.309378E-01, MaxDensity 3.608E+00, gamma 1.487220E+01, time 4.928ms
[INFO   ] DREAMPlace - full step 62.168 ms
[INFO   ] DREAMPlace - optimizer step 6.378 ms
[INFO   ] DREAMPlace - iteration  407, ( 407,  0,  0), Obj 7.232317E+08, DensityWeight 1.395773E-02, wHPWL 7.515873E+08, Overflow 1.294405E-01, MaxDensity 3.793E+00, gamma 1.476255E+01, time 2.192ms
[INFO   ] DREAMPlace - full step 9.170 ms
[INFO   ] DREAMPlace - optimizer step 9.181 ms
[INFO   ] DREAMPlace - iteration  408, ( 408,  0,  0), Obj 7.234038E+08, DensityWeight 1.436250E-02, wHPWL 7.515494E+08, Overflow 1.279409E-01, MaxDensity 3.604E+00, gamma 1.464988E+01, time 2.161ms
[INFO   ] DREAMPlace - full step 11.874 ms
[INFO   ] DREAMPlace - optimizer step 36.746 ms
[INFO   ] DREAMPlace - iteration  409, ( 409,  0,  0), Obj 7.235844E+08, DensityWeight 1.477901E-02, wHPWL 7.515205E+08, Overflow 1.264088E-01, MaxDensity 3.347E+00, gamma 1.453791E+01, time 2.511ms
[INFO   ] DREAMPlace - full step 39.803 ms
[INFO   ] DREAMPlace - optimizer step 4.683 ms
[INFO   ] DREAMPlace - iteration  410, ( 410,  0,  0), Obj 7.237711E+08, DensityWeight 1.520761E-02, wHPWL 7.515019E+08, Overflow 1.249000E-01, MaxDensity 3.364E+00, gamma 1.442438E+01, time 16.732ms
[INFO   ] DREAMPlace - full step 21.982 ms
[INFO   ] DREAMPlace - optimizer step 9.520 ms
[INFO   ] DREAMPlace - iteration  411, ( 411,  0,  0), Obj 7.239621E+08, DensityWeight 1.564863E-02, wHPWL 7.514878E+08, Overflow 1.233750E-01, MaxDensity 3.366E+00, gamma 1.431345E+01, time 2.191ms
[INFO   ] DREAMPlace - full step 12.342 ms
[INFO   ] DREAMPlace - optimizer step 4.991 ms
[INFO   ] DREAMPlace - iteration  412, ( 412,  0,  0), Obj 7.241494E+08, DensityWeight 1.610244E-02, wHPWL 7.514747E+08, Overflow 1.219212E-01, MaxDensity 3.349E+00, gamma 1.420219E+01, time 2.238ms
[INFO   ] DREAMPlace - full step 7.878 ms
[INFO   ] DREAMPlace - optimizer step 46.259 ms
[INFO   ] DREAMPlace - iteration  413, ( 413,  0,  0), Obj 7.243343E+08, DensityWeight 1.656941E-02, wHPWL 7.514579E+08, Overflow 1.205056E-01, MaxDensity 3.463E+00, gamma 1.409694E+01, time 9.537ms
[INFO   ] DREAMPlace - full step 56.369 ms
[INFO   ] DREAMPlace - optimizer step 14.779 ms
[INFO   ] DREAMPlace - iteration  414, ( 414,  0,  0), Obj 7.245073E+08, DensityWeight 1.704992E-02, wHPWL 7.514373E+08, Overflow 1.190921E-01, MaxDensity 3.709E+00, gamma 1.399519E+01, time 14.190ms
[INFO   ] DREAMPlace - full step 29.527 ms
[INFO   ] DREAMPlace - optimizer step 85.845 ms
[INFO   ] DREAMPlace - iteration  415, ( 415,  0,  0), Obj 7.246711E+08, DensityWeight 1.754437E-02, wHPWL 7.514099E+08, Overflow 1.176710E-01, MaxDensity 3.724E+00, gamma 1.389433E+01, time 14.458ms
[INFO   ] DREAMPlace - full step 100.869 ms
[INFO   ] DREAMPlace - optimizer step 47.940 ms
[INFO   ] DREAMPlace - iteration  416, ( 416,  0,  0), Obj 7.248340E+08, DensityWeight 1.805316E-02, wHPWL 7.513852E+08, Overflow 1.163035E-01, MaxDensity 3.552E+00, gamma 1.379367E+01, time 21.042ms
[INFO   ] DREAMPlace - full step 69.543 ms
[INFO   ] DREAMPlace - optimizer step 4.487 ms
[INFO   ] DREAMPlace - iteration  417, ( 417,  0,  0), Obj 7.249971E+08, DensityWeight 1.857670E-02, wHPWL 7.513596E+08, Overflow 1.149284E-01, MaxDensity 3.309E+00, gamma 1.369749E+01, time 7.295ms
[INFO   ] DREAMPlace - full step 12.287 ms
[INFO   ] DREAMPlace - optimizer step 4.535 ms
[INFO   ] DREAMPlace - iteration  418, ( 418,  0,  0), Obj 7.251610E+08, DensityWeight 1.911543E-02, wHPWL 7.513469E+08, Overflow 1.135814E-01, MaxDensity 3.075E+00, gamma 1.360145E+01, time 2.118ms
[INFO   ] DREAMPlace - full step 7.184 ms
[INFO   ] DREAMPlace - optimizer step 4.475 ms
[INFO   ] DREAMPlace - iteration  419, ( 419,  0,  0), Obj 7.253279E+08, DensityWeight 1.966977E-02, wHPWL 7.513391E+08, Overflow 1.122700E-01, MaxDensity 3.058E+00, gamma 1.350803E+01, time 2.179ms
[INFO   ] DREAMPlace - full step 7.185 ms
[INFO   ] DREAMPlace - optimizer step 4.486 ms
[INFO   ] DREAMPlace - iteration  420, ( 420,  0,  0), Obj 7.254924E+08, DensityWeight 2.024020E-02, wHPWL 7.513359E+08, Overflow 1.109424E-01, MaxDensity 3.309E+00, gamma 1.341769E+01, time 2.134ms
[INFO   ] DREAMPlace - full step 7.116 ms
[INFO   ] DREAMPlace - optimizer step 4.507 ms
[INFO   ] DREAMPlace - iteration  421, ( 421,  0,  0), Obj 7.256499E+08, DensityWeight 2.082716E-02, wHPWL 7.513277E+08, Overflow 1.096089E-01, MaxDensity 3.302E+00, gamma 1.332685E+01, time 2.189ms
[INFO   ] DREAMPlace - full step 7.208 ms
[INFO   ] DREAMPlace - optimizer step 4.580 ms
[INFO   ] DREAMPlace - iteration  422, ( 422,  0,  0), Obj 7.258031E+08, DensityWeight 2.143115E-02, wHPWL 7.513135E+08, Overflow 1.082914E-01, MaxDensity 3.056E+00, gamma 1.323622E+01, time 2.202ms
[INFO   ] DREAMPlace - full step 7.329 ms
[INFO   ] DREAMPlace - optimizer step 4.580 ms
[INFO   ] DREAMPlace - iteration  423, ( 423,  0,  0), Obj 7.259532E+08, DensityWeight 2.205266E-02, wHPWL 7.512945E+08, Overflow 1.069765E-01, MaxDensity 2.862E+00, gamma 1.314729E+01, time 2.198ms
[INFO   ] DREAMPlace - full step 44.993 ms
[INFO   ] DREAMPlace - optimizer step 4.616 ms
[INFO   ] DREAMPlace - iteration  424, ( 424,  0,  0), Obj 7.261015E+08, DensityWeight 2.269218E-02, wHPWL 7.512762E+08, Overflow 1.056912E-01, MaxDensity 2.891E+00, gamma 1.305913E+01, time 2.141ms
[INFO   ] DREAMPlace - full step 7.274 ms
[INFO   ] DREAMPlace - optimizer step 4.509 ms
[INFO   ] DREAMPlace - iteration  425, ( 425,  0,  0), Obj 7.262508E+08, DensityWeight 2.335026E-02, wHPWL 7.512614E+08, Overflow 1.044400E-01, MaxDensity 2.940E+00, gamma 1.297353E+01, time 2.196ms
[INFO   ] DREAMPlace - full step 7.217 ms
[INFO   ] DREAMPlace - optimizer step 5.479 ms
[INFO   ] DREAMPlace - iteration  426, ( 426,  0,  0), Obj 7.263945E+08, DensityWeight 2.402742E-02, wHPWL 7.512437E+08, Overflow 1.032092E-01, MaxDensity 2.932E+00, gamma 1.289073E+01, time 2.147ms
[INFO   ] DREAMPlace - full step 8.194 ms
[INFO   ] DREAMPlace - optimizer step 4.625 ms
[INFO   ] DREAMPlace - iteration  427, ( 427,  0,  0), Obj 7.265382E+08, DensityWeight 2.472422E-02, wHPWL 7.512323E+08, Overflow 1.019526E-01, MaxDensity 2.942E+00, gamma 1.280981E+01, time 2.202ms
[INFO   ] DREAMPlace - full step 7.405 ms
[INFO   ] DREAMPlace - optimizer step 4.540 ms
[INFO   ] DREAMPlace - iteration  428, ( 428,  0,  0), Obj 7.266847E+08, DensityWeight 2.544122E-02, wHPWL 7.512305E+08, Overflow 1.007150E-01, MaxDensity 2.938E+00, gamma 1.272770E+01, time 2.174ms
[INFO   ] DREAMPlace - full step 7.302 ms
[INFO   ] DREAMPlace - optimizer step 4.526 ms
[INFO   ] DREAMPlace - iteration  429, ( 429,  0,  0), Obj 7.268353E+08, DensityWeight 2.617901E-02, wHPWL 7.512323E+08, Overflow 9.945635E-02, MaxDensity 2.907E+00, gamma 1.264736E+01, time 2.195ms
[INFO   ] DREAMPlace - full step 7.259 ms
[INFO   ] DREAMPlace - optimizer step 4.667 ms
[INFO   ] DREAMPlace - iteration  430, ( 430,  0,  0), Obj 7.269800E+08, DensityWeight 2.748085E-02, wHPWL 7.512320E+08, Overflow 9.826875E-02, MaxDensity 2.839E+00, gamma 1.256617E+01, time 2.141ms
[INFO   ] DREAMPlace - full step 7.322 ms
[INFO   ] DREAMPlace - optimizer step 45.467 ms
[INFO   ] DREAMPlace - iteration  431, ( 431,  0,  0), Obj 7.271198E+08, DensityWeight 2.827780E-02, wHPWL 7.512207E+08, Overflow 9.707747E-02, MaxDensity 2.789E+00, gamma 1.249004E+01, time 2.169ms
[INFO   ] DREAMPlace - full step 48.165 ms
[INFO   ] DREAMPlace - optimizer step 5.769 ms
[INFO   ] DREAMPlace - iteration  432, ( 432,  0,  0), Obj 7.272669E+08, DensityWeight 2.909786E-02, wHPWL 7.512209E+08, Overflow 9.540579E-02, MaxDensity 2.753E+00, gamma 1.241413E+01, time 2.187ms
[INFO   ] DREAMPlace - full step 8.488 ms
[INFO   ] DREAMPlace - optimizer step 4.477 ms
[INFO   ] DREAMPlace - iteration  433, ( 433,  0,  0), Obj 7.274217E+08, DensityWeight 3.055220E-02, wHPWL 7.512390E+08, Overflow 9.395345E-02, MaxDensity 2.743E+00, gamma 1.230840E+01, time 2.159ms
[INFO   ] DREAMPlace - full step 7.134 ms
[INFO   ] DREAMPlace - optimizer step 4.354 ms
[INFO   ] DREAMPlace - iteration  434, ( 434,  0,  0), Obj 7.276148E+08, DensityWeight 3.199891E-02, wHPWL 7.512619E+08, Overflow 9.272020E-02, MaxDensity 2.748E+00, gamma 1.221727E+01, time 2.100ms
[INFO   ] DREAMPlace - full step 6.979 ms
[INFO   ] DREAMPlace - optimizer step 4.646 ms
[INFO   ] DREAMPlace - iteration  435, ( 435,  0,  0), Obj 7.277869E+08, DensityWeight 3.349172E-02, wHPWL 7.512625E+08, Overflow 9.106567E-02, MaxDensity 2.741E+00, gamma 1.214042E+01, time 2.170ms
[INFO   ] DREAMPlace - full step 7.363 ms
[INFO   ] DREAMPlace - optimizer step 5.945 ms
[INFO   ] DREAMPlace - iteration  436, ( 436,  0,  0), Obj 7.279466E+08, DensityWeight 3.516348E-02, wHPWL 7.512754E+08, Overflow 8.928902E-02, MaxDensity 2.742E+00, gamma 1.203807E+01, time 3.034ms
[INFO   ] DREAMPlace - full step 9.644 ms
[INFO   ] DREAMPlace - optimizer step 4.658 ms
[INFO   ] DREAMPlace - iteration  437, ( 437,  0,  0), Obj 7.281585E+08, DensityWeight 3.685517E-02, wHPWL 7.513130E+08, Overflow 8.747384E-02, MaxDensity 2.728E+00, gamma 1.192913E+01, time 2.362ms
[INFO   ] DREAMPlace - full step 7.633 ms
[INFO   ] DREAMPlace - optimizer step 4.608 ms
[INFO   ] DREAMPlace - iteration  438, ( 438,  0,  0), Obj 7.283832E+08, DensityWeight 3.849545E-02, wHPWL 7.513544E+08, Overflow 8.563524E-02, MaxDensity 2.724E+00, gamma 1.181884E+01, time 2.166ms
[INFO   ] DREAMPlace - full step 7.286 ms
[INFO   ] DREAMPlace - optimizer step 39.426 ms
[INFO   ] DREAMPlace - iteration  439, ( 439,  0,  0), Obj 7.285987E+08, DensityWeight 4.018794E-02, wHPWL 7.513756E+08, Overflow 8.389788E-02, MaxDensity 2.720E+00, gamma 1.170817E+01, time 2.150ms
[INFO   ] DREAMPlace - full step 42.111 ms
[INFO   ] DREAMPlace - optimizer step 7.752 ms
[INFO   ] DREAMPlace - iteration  440, ( 440,  0,  0), Obj 7.288034E+08, DensityWeight 4.207253E-02, wHPWL 7.513830E+08, Overflow 8.230142E-02, MaxDensity 2.713E+00, gamma 1.160456E+01, time 2.144ms
[INFO   ] DREAMPlace - full step 10.474 ms
[INFO   ] DREAMPlace - optimizer step 4.550 ms
[INFO   ] DREAMPlace - iteration  441, ( 441,  0,  0), Obj 7.289974E+08, DensityWeight 4.413046E-02, wHPWL 7.513873E+08, Overflow 8.082414E-02, MaxDensity 2.693E+00, gamma 1.151015E+01, time 2.201ms
[INFO   ] DREAMPlace - full step 7.318 ms
[INFO   ] DREAMPlace - optimizer step 4.509 ms
[INFO   ] DREAMPlace - iteration  442, ( 442,  0,  0), Obj 7.291830E+08, DensityWeight 4.630928E-02, wHPWL 7.513999E+08, Overflow 7.934095E-02, MaxDensity 2.652E+00, gamma 1.142347E+01, time 2.157ms
[INFO   ] DREAMPlace - full step 7.269 ms
[INFO   ] DREAMPlace - optimizer step 5.476 ms
[INFO   ] DREAMPlace - iteration  443, ( 443,  0,  0), Obj 7.293588E+08, DensityWeight 4.853936E-02, wHPWL 7.514127E+08, Overflow 7.780787E-02, MaxDensity 2.571E+00, gamma 1.133710E+01, time 2.404ms
[INFO   ] DREAMPlace - full step 8.518 ms
[INFO   ] DREAMPlace - optimizer step 4.562 ms
[INFO   ] DREAMPlace - iteration  444, ( 444,  0,  0), Obj 7.295362E+08, DensityWeight 5.087592E-02, wHPWL 7.514313E+08, Overflow 7.626146E-02, MaxDensity 2.444E+00, gamma 1.124851E+01, time 2.132ms
[INFO   ] DREAMPlace - full step 7.222 ms
[INFO   ] DREAMPlace - optimizer step 46.458 ms
[INFO   ] DREAMPlace - iteration  445, ( 445,  0,  0), Obj 7.297158E+08, DensityWeight 5.328121E-02, wHPWL 7.514486E+08, Overflow 7.473685E-02, MaxDensity 2.352E+00, gamma 1.115986E+01, time 2.171ms
[INFO   ] DREAMPlace - full step 49.265 ms
[INFO   ] DREAMPlace - optimizer step 8.827 ms
[INFO   ] DREAMPlace - iteration  446, ( 446,  0,  0), Obj 7.298890E+08, DensityWeight 5.581017E-02, wHPWL 7.514591E+08, Overflow 7.323842E-02, MaxDensity 2.284E+00, gamma 1.107314E+01, time 2.220ms
[INFO   ] DREAMPlace - full step 11.597 ms
[INFO   ] DREAMPlace - optimizer step 4.592 ms
[INFO   ] DREAMPlace - iteration  447, ( 447,  0,  0), Obj 7.300454E+08, DensityWeight 5.851500E-02, wHPWL 7.514472E+08, Overflow 7.179139E-02, MaxDensity 2.241E+00, gamma 1.098856E+01, time 2.172ms
[INFO   ] DREAMPlace - full step 7.295 ms
[INFO   ] DREAMPlace - plotting to alignfiller_c8em4_results/bigblue4/plot/iter0448.png takes 31.565 seconds
[INFO   ] DREAMPlace - optimizer step 23.977 ms
[INFO   ] DREAMPlace - iteration  448, ( 448,  0,  0), Obj 7.301848E+08, DensityWeight 6.021194E-02, wHPWL 7.514142E+08, Overflow 7.042369E-02, MaxDensity 2.189E+00, gamma 1.090750E+01, time 2.154ms
[INFO   ] DREAMPlace - full step 31616.447 ms
[INFO   ] DREAMPlace - optimizer step 27.084 ms
[INFO   ] DREAMPlace - iteration  449, ( 449,  0,  0), Obj 7.302915E+08, DensityWeight 6.195809E-02, wHPWL 7.513322E+08, Overflow 6.905050E-02, MaxDensity 2.146E+00, gamma 1.083143E+01, time 45.830ms
[INFO   ] DREAMPlace - full step 80.338 ms
[INFO   ] DREAMPlace - optimizer step 64.857 ms
[INFO   ] DREAMPlace - iteration  450, ( 450,  0,  0), Obj 7.303248E+08, DensityWeight 6.375487E-02, wHPWL 7.511510E+08, Overflow 6.809746E-02, MaxDensity 2.062E+00, gamma 1.075559E+01, time 6.523ms
[INFO   ] DREAMPlace - full step 78.976 ms
[INFO   ] DREAMPlace - optimizer step 21.111 ms
[INFO   ] DREAMPlace - iteration  451, ( 451,  0,  0), Obj 7.303217E+08, DensityWeight 6.560376E-02, wHPWL 7.508839E+08, Overflow 6.725296E-02, MaxDensity 2.079E+00, gamma 1.070327E+01, time 6.574ms
[INFO   ] DREAMPlace - full step 72.875 ms
[INFO   ] DREAMPlace - optimizer step 23.183 ms
[INFO   ] DREAMPlace - iteration  452, ( 452,  0,  0), Obj 7.302930E+08, DensityWeight 6.750628E-02, wHPWL 7.505999E+08, Overflow 6.649885E-02, MaxDensity 2.158E+00, gamma 1.065712E+01, time 6.586ms
[INFO   ] DREAMPlace - full step 35.303 ms
[INFO   ] DREAMPlace - optimizer step 21.233 ms
[INFO   ] DREAMPlace - iteration  453, ( 453,  0,  0), Obj 7.303172E+08, DensityWeight 6.946396E-02, wHPWL 7.504165E+08, Overflow 6.573173E-02, MaxDensity 2.155E+00, gamma 1.061607E+01, time 6.605ms
[INFO   ] DREAMPlace - full step 35.343 ms
[INFO   ] DREAMPlace - optimizer step 49.787 ms
[INFO   ] DREAMPlace - iteration  454, ( 454,  0,  0), Obj 7.303763E+08, DensityWeight 7.147842E-02, wHPWL 7.503299E+08, Overflow 6.500670E-02, MaxDensity 2.219E+00, gamma 1.057448E+01, time 4.761ms
[INFO   ] DREAMPlace - full step 61.922 ms
[INFO   ] DREAMPlace - optimizer step 23.200 ms
[INFO   ] DREAMPlace - iteration  455, ( 455,  0,  0), Obj 7.304582E+08, DensityWeight 7.355130E-02, wHPWL 7.503037E+08, Overflow 6.427293E-02, MaxDensity 2.121E+00, gamma 1.053533E+01, time 4.985ms
[INFO   ] DREAMPlace - full step 68.243 ms
[INFO   ] DREAMPlace - optimizer step 13.870 ms
[INFO   ] DREAMPlace - iteration  456, ( 456,  0,  0), Obj 7.305392E+08, DensityWeight 7.568429E-02, wHPWL 7.502948E+08, Overflow 6.354903E-02, MaxDensity 2.070E+00, gamma 1.049584E+01, time 2.315ms
[INFO   ] DREAMPlace - full step 16.789 ms
[INFO   ] DREAMPlace - optimizer step 4.637 ms
[INFO   ] DREAMPlace - iteration  457, ( 457,  0,  0), Obj 7.306256E+08, DensityWeight 7.787913E-02, wHPWL 7.502993E+08, Overflow 6.278018E-02, MaxDensity 2.163E+00, gamma 1.045704E+01, time 2.151ms
[INFO   ] DREAMPlace - full step 7.313 ms
[INFO   ] DREAMPlace - optimizer nesterov takes 202.770 seconds
[INFO   ] DREAMPlace - plotting to alignfiller_c8em4_results/bigblue4/plot/iter0458.png takes 30.666 seconds
[INFO   ] DREAMPlace - Start legalization
[WARNING] DEF input file not specified, cannot output DEF file; set to DEFSIMPLE
[INFO   ] lef_input = 
[INFO   ] def_input = 
[INFO   ] verilog_input = 
[INFO   ] bookshelf_aux_input = benchmarks/ispd2005/bigblue4/bigblue4.aux
[INFO   ] bookshelf_pl_input = 
[INFO   ] def_size_input = 
[INFO   ] def_output = -out.def
[INFO   ] rpt_output = 
[INFO   ] target_util = 0
[INFO   ] max_displace = 0
[INFO   ] bin size = (10, 10) #rows
[INFO   ] sbin size = (5, 5) #rows
[INFO   ] bin_space_threshold = 0.2
[INFO   ] abu = 2,10 5,5 10,2 20,1 
[INFO   ] def_ignore_cells = 
[INFO   ] macro_obs_aware_layers = 
[INFO   ] enable_place = true
[INFO   ] enable_legalize = true
[INFO   ] evaluate_overlap = false
[INFO   ] move_multi_row_cell = true
[INFO   ] align_power_line = true
[INFO   ] cluster_cell = false
[INFO   ] sort_nets_by_degree = false
[INFO   ] file_format = BOOKSHELF
[INFO   ] max_iters = 6
[WARNING] no DEF file specified
[WARNING] no Verilog file specified
[INFO   ] reading benchmarks/ispd2005/bigblue4/bigblue4.aux
[WARNING] no additional Bookshelf .pl file specified
[WARNING] 135260 nets with 168713 pins from same nodes
[WARNING] 7335 nets should be ignored due to not enough pins
[INFO   ] sort nodes in the order of movable and fixed
[INFO   ] Group cells for fence regions
[INFO   ] Construct 0 groups
[INFO   ] Fence region groups done
[DEBUG  ] num_terminals 8170, numFixed 8170, numPlaceBlockages 0, num_terminal_NIs 0
[INFO   ] -- Converting Node Orientation --
[INFO   ] ---------------------------------
[INFO   ] -------- Area Statistics --------
[INFO   ] fixed area overlap = 3.9144e+08
[INFO   ] fixed area total = 3.9144e+08
[INFO   ] space area = 6.49199e+08
[INFO   ] ---------------------------------
[DEBUG  ] deterministic mode: integer 32 bits, fraction 32 bits, scale factor 4294967296
[DEBUG  ] deterministic mode: integer 32 bits, fraction 32 bits, scale factor 4294967296
[INFO   ] writing placement to alignfiller_c8em4_results/bigblue4/plot/iter0000.png
[INFO   ] writing placement to alignfiller_c8em4_results/bigblue4/plot/iter0056.png
[INFO   ] writing placement to alignfiller_c8em4_results/bigblue4/plot/iter0112.png
[INFO   ] writing placement to alignfiller_c8em4_results/bigblue4/plot/iter0168.png
[INFO   ] writing placement to alignfiller_c8em4_results/bigblue4/plot/iter0224.png
[INFO   ] writing placement to alignfiller_c8em4_results/bigblue4/plot/iter0280.png
[INFO   ] writing placement to alignfiller_c8em4_results/bigblue4/plot/iter0336.png
[INFO   ] writing placement to alignfiller_c8em4_results/bigblue4/plot/iter0392.png
[INFO   ] writing placement to alignfiller_c8em4_results/bigblue4/plot/iter0448.png
[INFO   ] writing placement to alignfiller_c8em4_results/bigblue4/plot/iter0458.png
[INFO   ] Macro legalization: regard 0 cells as dummy fixed (movable macros)
[INFO   ] Macro legalization takes 8.7851 ms
[DEBUG  ] Standard cell legalization blank_num_bins_y = 2694
[DEBUG  ] Standard cell legalization iteration 0 with 1x1 bins
[DEBUG  ] Standard cell legalization #bin_blanks
[DEBUG  ] #bin_objs = 52941
[INFO   ] Standard cell legalization legalizeBin takes 2437.856 ms
[DEBUG  ] Standard cell legalization num_unplaced_cells = 0
[DEBUG  ] Standard cell legalization blank_num_bins_y = 2694
[DEBUG  ] Standard cell legalization iteration 0 with 1x1 bins
[DEBUG  ] Standard cell legalization #bin_blanks
[DEBUG  ] #bin_objs = 52941
[INFO   ] Standard cell legalization legalizeBin takes 4318.336 ms
[DEBUG  ] Standard cell legalization num_unplaced_cells = 0
[INFO   ] Greedy legalization takes 11191.1 ms
[INFO   ] Legality check takes 354.575 ms
[DEBUG  ] average displace = 7.32091
[INFO   ] Abacus legalization takes 610.984 ms
[INFO   ] DREAMPlace - legalization takes 12.846 seconds
[INFO   ] DREAMPlace - iteration  458, wHPWL 7.728310E+08, time 0.876ms
[INFO   ] DREAMPlace - plotting to alignfiller_c8em4_results/bigblue4/plot/iter0459.png takes 31.356 seconds
[INFO   ] DREAMPlace - Start ABCDPlace for refinement
[INFO   ] Legality check takes 350.077 ms
[INFO   ] writing placement to alignfiller_c8em4_results/bigblue4/plot/iter0459.png
[INFO   ] DREAMPlace - ABCDPlace input legal flag = 1
[INFO   ] Legality check takes 377.901 ms
[DEBUG  ] 4-reorder
[DEBUG  ] 24 permutations
[DEBUG  ] initializing CPU DB takes 386.874 ms
[DEBUG  ] computing independent rows takes 941.864 ms
[DEBUG  ] computing reorder instances takes 18.1643 ms
[DEBUG  ] initializing CUDA state takes 50.191 ms
[INFO   ] initial hpwl = 772831040.000
[DEBUG  ] enumeration takes 2205.08 ms for 402 runs, average 5.48527 ms
[DEBUG  ] apply_reorder takes 1424.32 ms for 402 runs, average 3.54309 ms
[INFO   ] Iteration time(ms) 	 3629.49
[INFO   ] iteration 0: hpwl 772831040.000 => 770685824.000 (imp. 0.277579%)
[DEBUG  ] enumeration takes 2179.89 ms for 402 runs, average 5.42261 ms
[DEBUG  ] apply_reorder takes 1048.63 ms for 402 runs, average 2.60853 ms
[INFO   ] Iteration time(ms) 	 3228.6
[INFO   ] iteration 1: hpwl 772831040.000 => 770383872.000 (imp. 0.31665%)
[DEBUG  ] destroying CUDA state takes 1.72891 ms
[DEBUG  ] destroying CPU state takes 0.019094 ms
[INFO   ] Kernel time: 6919.89 ms
[INFO   ] K-reorder time: 8319.43 ms
[INFO   ] DREAMPlace - K-Reorder legal flag = 1
[INFO   ] Legality check takes 384.664 ms
[INFO   ] diamond search grid size 256, sequence length 32768
[INFO   ] initializing GPU memory takes 87.9152 ms
[INFO   ] initial hpwl 7.70384e+08
[DEBUG  ] allocate 17633791 bytes in shuffler for length 2169183*(4+4)
[DEBUG  ] from 487154 nodes, collect 2048 sets, avg 125 nodes, min/max 16/128 nodes
[INFO   ] iteration 0, target hpwl 7.70261e+08, delta -123136(-0.0159837%), 2048 independent sets, moved 0.857466% cells, runtime 181.947 ms
[DEBUG  ] from 487069 nodes, collect 2048 sets, avg 125 nodes, min/max 27/128 nodes
[DEBUG  ] from 487502 nodes, collect 2048 sets, avg 125 nodes, min/max 13/128 nodes
[DEBUG  ] from 487733 nodes, collect 2048 sets, avg 125 nodes, min/max 22/128 nodes
[DEBUG  ] from 487383 nodes, collect 2048 sets, avg 125 nodes, min/max 25/128 nodes
[DEBUG  ] from 487885 nodes, collect 2048 sets, avg 125 nodes, min/max 19/128 nodes
[INFO   ] iteration 5, target hpwl 7.69891e+08, delta -493120(-0.0640097%), 2048 independent sets, moved 4.60464% cells, runtime 97.7098 ms
[DEBUG  ] from 488008 nodes, collect 2048 sets, avg 125 nodes, min/max 0/128 nodes
[DEBUG  ] from 487585 nodes, collect 2048 sets, avg 124 nodes, min/max 17/128 nodes
[DEBUG  ] from 487786 nodes, collect 2048 sets, avg 125 nodes, min/max 16/128 nodes
[DEBUG  ] from 487465 nodes, collect 2048 sets, avg 125 nodes, min/max 37/128 nodes
[DEBUG  ] from 488005 nodes, collect 2048 sets, avg 125 nodes, min/max 18/128 nodes
[INFO   ] iteration 10, target hpwl 7.6971e+08, delta -673920(-0.0874785%), 2048 independent sets, moved 8.10079% cells, runtime 87.3298 ms
[DEBUG  ] from 487348 nodes, collect 2048 sets, avg 124 nodes, min/max 32/128 nodes
[DEBUG  ] from 488003 nodes, collect 2048 sets, avg 125 nodes, min/max 9/128 nodes
[DEBUG  ] from 487757 nodes, collect 2048 sets, avg 125 nodes, min/max 26/128 nodes
[DEBUG  ] from 488099 nodes, collect 2048 sets, avg 125 nodes, min/max 1/128 nodes
[DEBUG  ] from 487660 nodes, collect 2048 sets, avg 125 nodes, min/max 40/128 nodes
[INFO   ] iteration 15, target hpwl 7.69537e+08, delta -846976(-0.109942%), 2048 independent sets, moved 11.5353% cells, runtime 117.226 ms
[DEBUG  ] from 488381 nodes, collect 2048 sets, avg 125 nodes, min/max 24/128 nodes
[DEBUG  ] from 488005 nodes, collect 2048 sets, avg 124 nodes, min/max 24/128 nodes
[DEBUG  ] from 488259 nodes, collect 2048 sets, avg 125 nodes, min/max 23/128 nodes
[DEBUG  ] from 488318 nodes, collect 2048 sets, avg 125 nodes, min/max 20/128 nodes
[DEBUG  ] from 488494 nodes, collect 2048 sets, avg 125 nodes, min/max 25/128 nodes
[INFO   ] iteration 20, target hpwl 7.69431e+08, delta -953344(-0.123749%), 2048 independent sets, moved 14.9729% cells, runtime 95.0692 ms
[DEBUG  ] from 488369 nodes, collect 2048 sets, avg 125 nodes, min/max 25/128 nodes
[DEBUG  ] from 488031 nodes, collect 2048 sets, avg 125 nodes, min/max 28/128 nodes
[DEBUG  ] from 488453 nodes, collect 2048 sets, avg 124 nodes, min/max 26/128 nodes
[DEBUG  ] from 488348 nodes, collect 2048 sets, avg 125 nodes, min/max 18/128 nodes
[DEBUG  ] from 488557 nodes, collect 2048 sets, avg 125 nodes, min/max 2/128 nodes
[INFO   ] iteration 25, target hpwl 7.69301e+08, delta -1.08269e+06(-0.140539%), 2048 independent sets, moved 18.2994% cells, runtime 151.48 ms
[DEBUG  ] from 488676 nodes, collect 2048 sets, avg 125 nodes, min/max 35/128 nodes
[DEBUG  ] from 488717 nodes, collect 2048 sets, avg 125 nodes, min/max 9/128 nodes
[DEBUG  ] from 488803 nodes, collect 2048 sets, avg 125 nodes, min/max 12/128 nodes
[DEBUG  ] from 488540 nodes, collect 2048 sets, avg 125 nodes, min/max 19/128 nodes
[DEBUG  ] from 488911 nodes, collect 2048 sets, avg 125 nodes, min/max 19/128 nodes
[INFO   ] iteration 30, target hpwl 7.69225e+08, delta -1.15872e+06(-0.150408%), 2048 independent sets, moved 21.6059% cells, runtime 100.016 ms
[DEBUG  ] from 488799 nodes, collect 2048 sets, avg 125 nodes, min/max 20/128 nodes
[DEBUG  ] from 488635 nodes, collect 2048 sets, avg 125 nodes, min/max 17/128 nodes
[DEBUG  ] from 488875 nodes, collect 2048 sets, avg 125 nodes, min/max 25/128 nodes
[DEBUG  ] from 488855 nodes, collect 2048 sets, avg 125 nodes, min/max 19/128 nodes
[DEBUG  ] from 488876 nodes, collect 2048 sets, avg 125 nodes, min/max 30/128 nodes
[INFO   ] iteration 35, target hpwl 7.69144e+08, delta -1.24032e+06(-0.161%), 2048 independent sets, moved 24.8137% cells, runtime 92.1677 ms
[DEBUG  ] from 488774 nodes, collect 2048 sets, avg 125 nodes, min/max 0/128 nodes
[DEBUG  ] from 488906 nodes, collect 2048 sets, avg 125 nodes, min/max 21/128 nodes
[DEBUG  ] from 489018 nodes, collect 2048 sets, avg 125 nodes, min/max 22/128 nodes
[DEBUG  ] from 488808 nodes, collect 2048 sets, avg 125 nodes, min/max 26/128 nodes
[DEBUG  ] from 488805 nodes, collect 2048 sets, avg 124 nodes, min/max 22/128 nodes
[INFO   ] iteration 40, target hpwl 7.69093e+08, delta -1.29082e+06(-0.167555%), 2048 independent sets, moved 28.1976% cells, runtime 121.82 ms
[DEBUG  ] from 488850 nodes, collect 2048 sets, avg 125 nodes, min/max 25/128 nodes
[DEBUG  ] from 489257 nodes, collect 2048 sets, avg 124 nodes, min/max 13/128 nodes
[DEBUG  ] from 488643 nodes, collect 2048 sets, avg 125 nodes, min/max 3/128 nodes
[DEBUG  ] from 488890 nodes, collect 2048 sets, avg 125 nodes, min/max 16/128 nodes
[DEBUG  ] from 488473 nodes, collect 2048 sets, avg 125 nodes, min/max 24/128 nodes
[INFO   ] iteration 45, target hpwl 7.69038e+08, delta -1.34611e+06(-0.174733%), 2048 independent sets, moved 31.4024% cells, runtime 120.671 ms
[DEBUG  ] from 489350 nodes, collect 2048 sets, avg 125 nodes, min/max 30/128 nodes
[DEBUG  ] from 488982 nodes, collect 2048 sets, avg 124 nodes, min/max 27/128 nodes
[DEBUG  ] from 489253 nodes, collect 2048 sets, avg 124 nodes, min/max 27/128 nodes
[DEBUG  ] from 488793 nodes, collect 2048 sets, avg 125 nodes, min/max 20/128 nodes
[INFO   ] iteration 49, target hpwl 7.69009e+08, delta -1.3751e+06(-0.178496%), 2048 independent sets, moved 34.0645% cells, runtime 97.2224 ms
[DEBUG  ] random_shuffle takes 147.583 ms, 50 runs, average 2.95166 ms
[DEBUG  ] maximal_independent_set takes 1381.4 ms, 50 runs, average 27.6279 ms
[DEBUG  ] collect_independent_sets takes 652.847 ms, 50 runs, average 13.0569 ms
[DEBUG  ] cost_matrix_construction takes 287.258 ms, 50 runs, average 5.74516 ms
[DEBUG  ] independent_sets_solving takes 3470.51 ms, 50 runs, average 69.4102 ms
[DEBUG  ] apply_solution takes 58.5242 ms, 50 runs, average 1.17048 ms
[INFO   ] destroying GPU memory takes 2.75337 ms
[INFO   ] Kernel time 6312.61 ms
[INFO   ] Independent set matching time 6787 ms
[INFO   ] DREAMPlace - Independent set matching legal flag = 1
[INFO   ] Legality check takes 375.654 ms
[DEBUG  ] bins 1024x1024, bin sizes 31.4355x31.5703, die size 0, 0, 32190, 32328
[DEBUG  ] batch_size = 256, max_num_nodes_per_bin = 24, max_num_candidates = 120, max_num_candidates_all = 30720
[DEBUG  ] estimate_memory_usage = 3742005840, use fast pair HPWL computation strategy requires additional memory
[INFO   ] initial hpwl = 769008768.000
[DEBUG  ] compute_search_bins takes 1.22355 ms
[INFO   ] Iteration time(ms) 	 2162
[INFO   ] iteration 0: hpwl 769008768.000 => 768673920.000 (imp. 0.0435428%)
[DEBUG  ] compute_search_bins takes 2.40195 ms
[INFO   ] Iteration time(ms) 	 2690.11
[INFO   ] iteration 1: hpwl 769008768.000 => 767687296.000 (imp. 0.171841%)
[INFO   ] Kernel time: 4873.29 ms
[INFO   ] Global swap time: 5979.07 ms
[INFO   ] DREAMPlace - Global swap legal flag = 1
[INFO   ] Legality check takes 391.274 ms
[DEBUG  ] 4-reorder
[DEBUG  ] 24 permutations
[DEBUG  ] initializing CPU DB takes 370.823 ms
[DEBUG  ] computing independent rows takes 1019.09 ms
[DEBUG  ] computing reorder instances takes 16.1395 ms
[DEBUG  ] initializing CUDA state takes 14.5828 ms
[INFO   ] initial hpwl = 767687296.000
[DEBUG  ] enumeration takes 1995.17 ms for 398 runs, average 5.01298 ms
[DEBUG  ] apply_reorder takes 1226.97 ms for 398 runs, average 3.08285 ms
[INFO   ] Iteration time(ms) 	 3222.21
[INFO   ] iteration 0: hpwl 767687296.000 => 767298112.000 (imp. 0.0506956%)
[DEBUG  ] enumeration takes 2252.12 ms for 398 runs, average 5.65858 ms
[DEBUG  ] apply_reorder takes 1244.49 ms for 398 runs, average 3.12687 ms
[INFO   ] Iteration time(ms) 	 3496.69
[INFO   ] iteration 1: hpwl 767687296.000 => 767235328.000 (imp. 0.058874%)
[DEBUG  ] destroying CUDA state takes 12.4433 ms
[DEBUG  ] destroying CPU state takes 0.018486 ms
[INFO   ] Kernel time: 6774.72 ms
[INFO   ] K-reorder time: 8208.73 ms
[INFO   ] DREAMPlace - K-Reorder legal flag = 1
[INFO   ] DREAMPlace - detailed placement takes 31.412 seconds
[INFO   ] DREAMPlace - iteration  459, wHPWL 7.672353E+08, time 0.888ms
[INFO   ] DREAMPlace - plotting to alignfiller_c8em4_results/bigblue4/plot/iter0460.png takes 30.623 seconds
[INFO   ] DREAMPlace - non-linear placement takes 722.32 seconds
[INFO   ] DREAMPlace - writing to alignfiller_c8em4_results/bigblue4/bigblue4.gp.pl
[INFO   ] DREAMPlace - write SolutionFileFormat.BOOKSHELF takes 1.235 seconds
[INFO   ] DREAMPlace - placement takes 809.686 seconds
[INFO   ] Legality check takes 378.729 ms
[INFO   ] writing placement to alignfiller_c8em4_results/bigblue4/plot/iter0460.png
[INFO   ] writing placement to alignfiller_c8em4_results/bigblue4/bigblue4.gp.pl
