========================================================
                       DREAMPlace
            Yibo Lin (http://yibolin.com)
   David Z. Pan (http://users.ece.utexas.edu/~dpan)
========================================================
[INFO   ] DREAMPlace - parameters = {'aux_input': 'benchmarks/ispd2005/bigblue1/bigblue1.aux', 'lef_input': '', 'def_input': '', 'verilog_input': '', 'gpu': 1, 'num_bins_x': 512, 'num_bins_y': 512, 'global_place_stages': [{'num_bins_x': 512, 'num_bins_y': 512, 'iteration': 1000, 'learning_rate': 0.01, 'wirelength': 'weighted_average', 'optimizer': 'nesterov', 'Llambda_density_weight_iteration': 1, 'Lsub_iteration': 1}], 'target_density': 1.0, 'density_weight': 8e-05, 'random_seed': 1000, 'result_dir': 'obsspread_results', 'scale_factor': 1.0, 'shift_factor': [0.0, 0.0], 'ignore_net_degree': 100, 'gp_noise_ratio': 0.025, 'enable_fillers': 1, 'global_place_flag': 1, 'legalize_flag': 1, 'abacus_legalize_flag': 1, 'detailed_place_flag': 1, 'stop_overflow': 0.07, 'dtype': 'float32', 'detailed_place_engine': '', 'detailed_place_command': '', 'plot_flag': 1, 'connectivity_grid_init_flag': 1, 'conn_init_sweeps': 32, 'conn_init_damping': 0.7, 'conn_capacity_spread_flag': 1, 'conn_spread_leaf_size': 16, 'conn_spread_density_slack': 1.5, 'conn_obstacle_project_flag': 1, 'gamma_warmup_iters': 0, 'gamma_monotone_flag': 0, 'density_weight_warmup_iters': 0, 'random_uniform_init_flag': 0, 'plot_iteration_interval': 45, 'RePlAce_ref_hpwl': 350000, 'RePlAce_LOWER_PCOF': 0.95, 'RePlAce_UPPER_PCOF': 1.05, 'gamma': 4.0, 'RePlAce_skip_energy_flag': 0, 'random_center_init_flag': 0, 'gift_init_flag': 0, 'gift_init_scale': 0.7, 'sort_nets_by_degree': 0, 'num_threads': 8, 'dump_global_place_solution_flag': 0, 'dump_legalize_solution_flag': 0, 'routability_opt_flag': 0, 'route_num_bins_x': 512, 'route_num_bins_y': 512, 'node_area_adjust_overflow': 0.15, 'max_num_area_adjust': 3, 'adjust_nctugr_area_flag': 0, 'adjust_rudy_area_flag': 1, 'adjust_pin_area_flag': 1, 'area_adjust_stop_ratio': 0.01, 'route_area_adjust_stop_ratio': 0.01, 'pin_area_adjust_stop_ratio': 0.05, 'unit_horizontal_capacity': 1.5625, 'unit_vertical_capacity': 1.45, 'unit_pin_capacity': 0.058, 'max_route_opt_adjust_rate': 2.0, 'route_opt_adjust_exponent': 2.0, 'pin_stretch_ratio': 1.414213562, 'max_pin_opt_adjust_rate': 1.5, 'deterministic_flag': 1, 'timing_opt_flag': 0, 'early_lib_input': '', 'late_lib_input': '', 'lib_input': '', 'sdc_input': '', 'wire_resistance_per_micron': 0, 'wire_capacitance_per_micron': 0, 'net_weighting_scheme': 'lilith', 'momentum_decay_factor': 0.5, 'enable_net_weighting': 1, 'max_net_weight': 'inf', 'use_bb': 'auto', 'macro_place_flag': 'auto', 'two_stage_density_scaler': 1000, 'macro_halo_x': 0, 'macro_halo_y': 0}
[INFO   ] DREAMPlace - set shift_factor = (459, 459), as original row bbox = (459, 459, 11151, 11139)
[INFO   ] DREAMPlace - set scale_factor = 1, as site_width = 1
[INFO   ] DREAMPlace - shift coordinate system by (459, 459), scale coordinate system by 1
[INFO   ] DREAMPlace - 
================================= Benchmark Statistics =================================
#nodes = 278164, #terminals = 560, # terminal_NIs = 0, #movable = 277604, #nets = 284479
die area = (0, 0, 10692, 10680) 1.14191e+08
row height = 12, site width = 1
#pins = 1127634, #movable_pins = 1116535
total_movable_node_area = 4.22383e+07, total_fixed_node_area = 1.96398e+07, total_space_area = 9.45507e+07
total_movable_cell_area = 4.22383e+07, total_movable_macro_area = 0
utilization = 0.446726, cell utilization = 0.446726, target_density = 1
use placeable_area = 9.45507e+07 to compute fillers
total_filler_node_area = 5.23125e+07, #fillers = 358038, filler sizes = 12.1757x12
num_bins = 512x512, bin sizes = 1.74023x1.73828
========================================================================================
[INFO   ] DREAMPlace - reading benchmark takes 9.5775 seconds
[INFO   ] DREAMPlace - reading database takes 9.58 seconds
[INFO   ] DREAMPlace - connectivity grid init: obstacle projection enabled
[INFO   ] DREAMPlace - connectivity grid init: 32 sweeps done
[INFO   ] DREAMPlace - connectivity grid init: capacity spread, fill 0.445, cap_frac 0.668, 653150 free anchors, 277604 std cells, 0 movable macros kept at field
[INFO   ] DREAMPlace - connectivity grid init: 653150 feasible anchors
[INFO   ] DREAMPlace - non-linear placement initialization takes 19.69 seconds
[INFO   ] DREAMPlace - Global placement: 512x512 bins by default
[INFO   ] DREAMPlace - 512x512 bins #bins 512x512, bin sizes 1.74023x1.73828, max_num_bins = 5, padding = 0
[INFO   ] dreamplace.ops.electric_potential.electric_potential - regard 0 cells as movable macros in global placement
[WARNING] DREAMPlace - quadratic density penalty is disabled, density weight update is forced to be based on HPWL
[INFO   ] DREAMPlace - Optimizer 'nesterov' does not rebuild the model. Every training epoch calls the function 'step()'.
[INFO   ] DREAMPlace - use nesterov optimizer
[INFO   ] DREAMPlace - add 2.5% noise
[INFO   ] dreamplace.ops.electric_potential.electric_potential - fixed density map: average 74.9201, max 435.602, bin area 435.602
[INFO   ] DREAMPlace - nesterov initialization takes 0.246881 seconds
[INFO   ] DREAMPlace - density_weight = 9.395762E-10
[I] plotting to obsspread_results/bigblue1/plot/iter0000.png takes 6.668 seconds
[INFO   ] DREAMPlace - plotting to obsspread_results/bigblue1/plot/iter0000.png takes 6.729 seconds
[INFO   ] DREAMPlace - optimizer step 67.510 ms
[INFO   ] DREAMPlace - iteration    0, (   0,  0,  0), Obj 1.471109E+08, DensityWeight 0.000000E+00, wHPWL 2.771860E+08, Overflow 6.985866E-01, MaxDensity 7.200E+02, gamma 1.669688E+03, time 11.919ms
[INFO   ] DREAMPlace - full step 6845.270 ms
[INFO   ] DREAMPlace - optimizer step 59.836 ms
[INFO   ] DREAMPlace - iteration    1, (   1,  0,  0), Obj 1.009113E+08, DensityWeight 9.395762E-10, wHPWL 2.244189E+08, Overflow 7.214717E-01, MaxDensity 3.550E+02, gamma 3.571310E+02, time 5.033ms
[INFO   ] DREAMPlace - full step 72.414 ms
[INFO   ] DREAMPlace - optimizer step 44.238 ms
[INFO   ] DREAMPlace - iteration    2, (   2,  0,  0), Obj 1.535232E+08, DensityWeight 9.863577E-10, wHPWL 2.034001E+08, Overflow 7.333249E-01, MaxDensity 3.611E+02, gamma 4.014979E+02, time 3.203ms
[INFO   ] DREAMPlace - full step 54.591 ms
[INFO   ] DREAMPlace - optimizer step 65.252 ms
[INFO   ] DREAMPlace - iteration    3, (   3,  0,  0), Obj 1.316388E+08, DensityWeight 1.035365E-09, wHPWL 1.803984E+08, Overflow 7.714407E-01, MaxDensity 3.751E+02, gamma 4.266030E+02, time 10.118ms
[INFO   ] DREAMPlace - full step 80.417 ms
[INFO   ] DREAMPlace - optimizer step 19.977 ms
[INFO   ] DREAMPlace - iteration    4, (   4,  0,  0), Obj 1.196945E+08, DensityWeight 1.086698E-09, wHPWL 1.713620E+08, Overflow 7.998705E-01, MaxDensity 3.697E+02, gamma 5.184723E+02, time 5.184ms
[INFO   ] DREAMPlace - full step 32.573 ms
[INFO   ] DREAMPlace - optimizer step 21.277 ms
[INFO   ] DREAMPlace - iteration    5, (   5,  0,  0), Obj 1.065320E+08, DensityWeight 1.140463E-09, wHPWL 1.624395E+08, Overflow 8.175077E-01, MaxDensity 3.537E+02, gamma 5.996572E+02, time 5.202ms
[INFO   ] DREAMPlace - full step 33.850 ms
[INFO   ] DREAMPlace - optimizer step 21.061 ms
[INFO   ] DREAMPlace - iteration    6, (   6,  0,  0), Obj 9.421408E+07, DensityWeight 1.196768E-09, wHPWL 1.549452E+08, Overflow 8.320180E-01, MaxDensity 3.541E+02, gamma 6.562916E+02, time 8.205ms
[INFO   ] DREAMPlace - full step 36.683 ms
[INFO   ] DREAMPlace - optimizer step 28.851 ms
[INFO   ] DREAMPlace - iteration    7, (   7,  0,  0), Obj 8.541224E+07, DensityWeight 1.255727E-09, wHPWL 1.476154E+08, Overflow 8.395190E-01, MaxDensity 3.490E+02, gamma 7.068738E+02, time 5.193ms
[INFO   ] DREAMPlace - full step 40.191 ms
[INFO   ] DREAMPlace - optimizer step 24.173 ms
[INFO   ] DREAMPlace - iteration    8, (   8,  0,  0), Obj 7.842112E+07, DensityWeight 1.317458E-09, wHPWL 1.437965E+08, Overflow 8.478002E-01, MaxDensity 3.129E+02, gamma 7.345318E+02, time 5.203ms
[INFO   ] DREAMPlace - full step 36.740 ms
[INFO   ] DREAMPlace - optimizer step 21.316 ms
[INFO   ] DREAMPlace - iteration    9, (   9,  0,  0), Obj 7.287927E+07, DensityWeight 1.382087E-09, wHPWL 1.396075E+08, Overflow 8.510989E-01, MaxDensity 2.922E+02, gamma 7.663255E+02, time 5.226ms
[INFO   ] DREAMPlace - full step 33.899 ms
[INFO   ] DREAMPlace - optimizer step 22.123 ms
[INFO   ] DREAMPlace - iteration   10, (  10,  0,  0), Obj 6.764254E+07, DensityWeight 1.449741E-09, wHPWL 1.365269E+08, Overflow 8.549016E-01, MaxDensity 2.970E+02, gamma 7.793703E+02, time 9.047ms
[INFO   ] DREAMPlace - full step 38.551 ms
[INFO   ] DREAMPlace - optimizer step 22.297 ms
[INFO   ] DREAMPlace - iteration   11, (  11,  0,  0), Obj 6.279099E+07, DensityWeight 1.520554E-09, wHPWL 1.320533E+08, Overflow 8.559858E-01, MaxDensity 2.985E+02, gamma 7.946833E+02, time 17.310ms
[INFO   ] DREAMPlace - full step 47.021 ms
[INFO   ] DREAMPlace - optimizer step 34.944 ms
[INFO   ] DREAMPlace - iteration   12, (  12,  0,  0), Obj 5.910365E+07, DensityWeight 1.594667E-09, wHPWL 1.287167E+08, Overflow 8.575475E-01, MaxDensity 2.936E+02, gamma 7.991047E+02, time 5.197ms
[INFO   ] DREAMPlace - full step 47.519 ms
[INFO   ] DREAMPlace - optimizer step 19.604 ms
[INFO   ] DREAMPlace - iteration   13, (  13,  0,  0), Obj 5.563222E+07, DensityWeight 1.672225E-09, wHPWL 1.229252E+08, Overflow 8.567317E-01, MaxDensity 2.944E+02, gamma 8.055157E+02, time 5.248ms
[INFO   ] DREAMPlace - full step 32.245 ms
[INFO   ] DREAMPlace - optimizer step 21.347 ms
[INFO   ] DREAMPlace - iteration   14, (  14,  0,  0), Obj 5.302862E+07, DensityWeight 1.753380E-09, wHPWL 1.187360E+08, Overflow 8.563989E-01, MaxDensity 2.935E+02, gamma 8.021603E+02, time 5.193ms
[INFO   ] DREAMPlace - full step 33.924 ms
[INFO   ] DREAMPlace - optimizer step 2.364 ms
[INFO   ] DREAMPlace - iteration   15, (  15,  0,  0), Obj 5.142346E+07, DensityWeight 1.838289E-09, wHPWL 1.162798E+08, Overflow 8.536988E-01, MaxDensity 3.015E+02, gamma 8.007957E+02, time 0.726ms
[INFO   ] DREAMPlace - full step 3.751 ms
[INFO   ] DREAMPlace - optimizer step 4.450 ms
[INFO   ] DREAMPlace - iteration   16, (  16,  0,  0), Obj 5.028612E+07, DensityWeight 1.927117E-09, wHPWL 1.149565E+08, Overflow 8.511103E-01, MaxDensity 3.167E+02, gamma 7.898080E+02, time 0.729ms
[INFO   ] DREAMPlace - full step 5.644 ms
[INFO   ] DREAMPlace - optimizer step 2.335 ms
[INFO   ] DREAMPlace - iteration   17, (  17,  0,  0), Obj 4.891419E+07, DensityWeight 2.020036E-09, wHPWL 1.120210E+08, Overflow 8.479826E-01, MaxDensity 3.172E+02, gamma 7.794156E+02, time 0.750ms
[INFO   ] DREAMPlace - full step 3.544 ms
[INFO   ] DREAMPlace - optimizer step 4.767 ms
[INFO   ] DREAMPlace - iteration   18, (  18,  0,  0), Obj 4.787858E+07, DensityWeight 2.117223E-09, wHPWL 1.099102E+08, Overflow 8.447912E-01, MaxDensity 3.232E+02, gamma 7.670410E+02, time 0.747ms
[INFO   ] DREAMPlace - full step 5.961 ms
[INFO   ] DREAMPlace - optimizer step 6.857 ms
[INFO   ] DREAMPlace - iteration   19, (  19,  0,  0), Obj 4.719108E+07, DensityWeight 2.218864E-09, wHPWL 1.084005E+08, Overflow 8.400829E-01, MaxDensity 3.308E+02, gamma 7.546174E+02, time 0.721ms
[INFO   ] DREAMPlace - full step 8.309 ms
[INFO   ] DREAMPlace - optimizer step 4.147 ms
[INFO   ] DREAMPlace - iteration   20, (  20,  0,  0), Obj 4.654619E+07, DensityWeight 2.325153E-09, wHPWL 1.069608E+08, Overflow 8.361464E-01, MaxDensity 3.262E+02, gamma 7.366546E+02, time 0.933ms
[INFO   ] DREAMPlace - full step 6.012 ms
[INFO   ] DREAMPlace - optimizer step 6.680 ms
[INFO   ] DREAMPlace - iteration   21, (  21,  0,  0), Obj 4.598140E+07, DensityWeight 2.436288E-09, wHPWL 1.052255E+08, Overflow 8.315364E-01, MaxDensity 3.058E+02, gamma 7.219650E+02, time 0.893ms
[INFO   ] DREAMPlace - full step 12.798 ms
[INFO   ] DREAMPlace - optimizer step 19.483 ms
[INFO   ] DREAMPlace - iteration   22, (  22,  0,  0), Obj 4.541446E+07, DensityWeight 2.552481E-09, wHPWL 1.036641E+08, Overflow 8.273990E-01, MaxDensity 3.176E+02, gamma 7.051339E+02, time 4.071ms
[INFO   ] DREAMPlace - full step 28.853 ms
[INFO   ] DREAMPlace - optimizer step 18.423 ms
[INFO   ] DREAMPlace - iteration   23, (  23,  0,  0), Obj 4.499012E+07, DensityWeight 2.673947E-09, wHPWL 1.022373E+08, Overflow 8.226130E-01, MaxDensity 3.368E+02, gamma 6.903626E+02, time 5.227ms
[INFO   ] DREAMPlace - full step 28.986 ms
[INFO   ] DREAMPlace - optimizer step 16.120 ms
[INFO   ] DREAMPlace - iteration   24, (  24,  0,  0), Obj 4.460988E+07, DensityWeight 2.800914E-09, wHPWL 1.010166E+08, Overflow 8.178619E-01, MaxDensity 3.937E+02, gamma 6.736616E+02, time 5.227ms
[INFO   ] DREAMPlace - full step 28.734 ms
[INFO   ] DREAMPlace - optimizer step 18.480 ms
[INFO   ] DREAMPlace - iteration   25, (  25,  0,  0), Obj 4.429910E+07, DensityWeight 2.933616E-09, wHPWL 9.979342E+07, Overflow 8.127363E-01, MaxDensity 4.325E+02, gamma 6.574819E+02, time 5.228ms
[INFO   ] DREAMPlace - full step 30.965 ms
[INFO   ] DREAMPlace - optimizer step 18.631 ms
[INFO   ] DREAMPlace - iteration   26, (  26,  0,  0), Obj 4.400912E+07, DensityWeight 3.072298E-09, wHPWL 9.861608E+07, Overflow 8.075609E-01, MaxDensity 4.419E+02, gamma 6.404625E+02, time 3.156ms
[INFO   ] DREAMPlace - full step 29.061 ms
[INFO   ] DREAMPlace - optimizer step 18.406 ms
[INFO   ] DREAMPlace - iteration   27, (  27,  0,  0), Obj 4.376751E+07, DensityWeight 3.217214E-09, wHPWL 9.744106E+07, Overflow 8.024226E-01, MaxDensity 4.835E+02, gamma 6.237242E+02, time 3.206ms
[INFO   ] DREAMPlace - full step 29.001 ms
[INFO   ] DREAMPlace - optimizer step 18.500 ms
[INFO   ] DREAMPlace - iteration   28, (  28,  0,  0), Obj 4.358014E+07, DensityWeight 3.368629E-09, wHPWL 9.634404E+07, Overflow 7.981052E-01, MaxDensity 5.200E+02, gamma 6.075393E+02, time 5.215ms
[INFO   ] DREAMPlace - full step 29.076 ms
[INFO   ] DREAMPlace - optimizer step 18.594 ms
[INFO   ] DREAMPlace - iteration   29, (  29,  0,  0), Obj 4.342293E+07, DensityWeight 3.526818E-09, wHPWL 9.526638E+07, Overflow 7.942840E-01, MaxDensity 4.992E+02, gamma 5.942650E+02, time 5.236ms
[INFO   ] DREAMPlace - full step 31.214 ms
[INFO   ] DREAMPlace - optimizer step 18.897 ms
[INFO   ] DREAMPlace - iteration   30, (  30,  0,  0), Obj 4.323609E+07, DensityWeight 3.692065E-09, wHPWL 9.423165E+07, Overflow 7.908860E-01, MaxDensity 5.020E+02, gamma 5.827583E+02, time 5.231ms
[INFO   ] DREAMPlace - full step 31.343 ms
[INFO   ] DREAMPlace - optimizer step 17.627 ms
[INFO   ] DREAMPlace - iteration   31, (  31,  0,  0), Obj 4.302525E+07, DensityWeight 3.864669E-09, wHPWL 9.319711E+07, Overflow 7.875275E-01, MaxDensity 3.938E+02, gamma 5.727136E+02, time 3.208ms
[INFO   ] DREAMPlace - full step 25.002 ms
[INFO   ] DREAMPlace - optimizer step 4.230 ms
[INFO   ] DREAMPlace - iteration   32, (  32,  0,  0), Obj 4.281959E+07, DensityWeight 4.044937E-09, wHPWL 9.220533E+07, Overflow 7.844977E-01, MaxDensity 4.387E+02, gamma 5.629554E+02, time 0.917ms
[INFO   ] DREAMPlace - full step 6.085 ms
[INFO   ] DREAMPlace - optimizer step 18.889 ms
[INFO   ] DREAMPlace - iteration   33, (  33,  0,  0), Obj 4.263728E+07, DensityWeight 4.233190E-09, wHPWL 9.126516E+07, Overflow 7.821817E-01, MaxDensity 4.326E+02, gamma 5.542952E+02, time 0.987ms
[INFO   ] DREAMPlace - full step 22.014 ms
[INFO   ] DREAMPlace - optimizer step 19.462 ms
[INFO   ] DREAMPlace - iteration   34, (  34,  0,  0), Obj 4.245300E+07, DensityWeight 4.429762E-09, wHPWL 9.039714E+07, Overflow 7.806517E-01, MaxDensity 3.801E+02, gamma 5.477654E+02, time 5.248ms
[INFO   ] DREAMPlace - full step 28.892 ms
[INFO   ] DREAMPlace - optimizer step 19.577 ms
[INFO   ] DREAMPlace - iteration   35, (  35,  0,  0), Obj 4.222410E+07, DensityWeight 4.634999E-09, wHPWL 8.956494E+07, Overflow 7.793211E-01, MaxDensity 4.389E+02, gamma 5.434938E+02, time 5.236ms
[INFO   ] DREAMPlace - full step 28.998 ms
[INFO   ] DREAMPlace - optimizer step 19.480 ms
[INFO   ] DREAMPlace - iteration   36, (  36,  0,  0), Obj 4.196264E+07, DensityWeight 4.849259E-09, wHPWL 8.880986E+07, Overflow 7.783345E-01, MaxDensity 3.798E+02, gamma 5.398059E+02, time 5.218ms
[INFO   ] DREAMPlace - full step 28.971 ms
[INFO   ] DREAMPlace - optimizer step 18.971 ms
[INFO   ] DREAMPlace - iteration   37, (  37,  0,  0), Obj 4.171308E+07, DensityWeight 5.072916E-09, wHPWL 8.813242E+07, Overflow 7.775529E-01, MaxDensity 3.461E+02, gamma 5.370876E+02, time 6.000ms
[INFO   ] DREAMPlace - full step 29.097 ms
[INFO   ] DREAMPlace - optimizer step 19.553 ms
[INFO   ] DREAMPlace - iteration   38, (  38,  0,  0), Obj 4.147320E+07, DensityWeight 5.306358E-09, wHPWL 8.754016E+07, Overflow 7.768235E-01, MaxDensity 3.523E+02, gamma 5.349439E+02, time 5.210ms
[INFO   ] DREAMPlace - full step 28.970 ms
[INFO   ] DREAMPlace - optimizer step 19.577 ms
[INFO   ] DREAMPlace - iteration   39, (  39,  0,  0), Obj 4.123569E+07, DensityWeight 5.549988E-09, wHPWL 8.697335E+07, Overflow 7.758212E-01, MaxDensity 3.773E+02, gamma 5.329512E+02, time 5.219ms
[INFO   ] DREAMPlace - full step 29.029 ms
[INFO   ] DREAMPlace - optimizer step 19.530 ms
[INFO   ] DREAMPlace - iteration   40, (  40,  0,  0), Obj 4.101112E+07, DensityWeight 5.804223E-09, wHPWL 8.642952E+07, Overflow 7.752162E-01, MaxDensity 3.807E+02, gamma 5.302249E+02, time 5.203ms
[INFO   ] DREAMPlace - full step 28.971 ms
[INFO   ] DREAMPlace - optimizer step 19.513 ms
[INFO   ] DREAMPlace - iteration   41, (  41,  0,  0), Obj 4.081501E+07, DensityWeight 6.069497E-09, wHPWL 8.590495E+07, Overflow 7.746599E-01, MaxDensity 3.366E+02, gamma 5.285859E+02, time 5.220ms
[INFO   ] DREAMPlace - full step 28.933 ms
[INFO   ] DREAMPlace - optimizer step 19.563 ms
[INFO   ] DREAMPlace - iteration   42, (  42,  0,  0), Obj 4.060922E+07, DensityWeight 6.346260E-09, wHPWL 8.543134E+07, Overflow 7.743133E-01, MaxDensity 3.550E+02, gamma 5.270833E+02, time 5.230ms
[INFO   ] DREAMPlace - full step 29.035 ms
[INFO   ] DREAMPlace - optimizer step 19.482 ms
[INFO   ] DREAMPlace - iteration   43, (  43,  0,  0), Obj 4.040226E+07, DensityWeight 6.634980E-09, wHPWL 8.496395E+07, Overflow 7.742367E-01, MaxDensity 3.299E+02, gamma 5.261495E+02, time 5.263ms
[INFO   ] DREAMPlace - full step 28.961 ms
[INFO   ] DREAMPlace - optimizer step 19.552 ms
[INFO   ] DREAMPlace - iteration   44, (  44,  0,  0), Obj 4.018948E+07, DensityWeight 6.936141E-09, wHPWL 8.452164E+07, Overflow 7.743305E-01, MaxDensity 3.169E+02, gamma 5.259434E+02, time 5.243ms
[INFO   ] DREAMPlace - full step 29.043 ms
[I] plotting to obsspread_results/bigblue1/plot/iter0045.png takes 5.959 seconds
[INFO   ] DREAMPlace - plotting to obsspread_results/bigblue1/plot/iter0045.png takes 6.007 seconds
[INFO   ] DREAMPlace - optimizer step 24.543 ms
[INFO   ] DREAMPlace - iteration   45, (  45,  0,  0), Obj 3.996012E+07, DensityWeight 7.250246E-09, wHPWL 8.408489E+07, Overflow 7.752110E-01, MaxDensity 2.944E+02, gamma 5.261957E+02, time 7.241ms
[INFO   ] DREAMPlace - full step 6048.527 ms
[INFO   ] DREAMPlace - optimizer step 22.291 ms
[INFO   ] DREAMPlace - iteration   46, (  46,  0,  0), Obj 3.973043E+07, DensityWeight 7.577818E-09, wHPWL 8.367937E+07, Overflow 7.760296E-01, MaxDensity 2.882E+02, gamma 5.285719E+02, time 7.397ms
[INFO   ] DREAMPlace - full step 37.201 ms
[INFO   ] DREAMPlace - optimizer step 22.583 ms
[INFO   ] DREAMPlace - iteration   47, (  47,  0,  0), Obj 3.945198E+07, DensityWeight 7.919399E-09, wHPWL 8.327766E+07, Overflow 7.769560E-01, MaxDensity 2.660E+02, gamma 5.307906E+02, time 5.206ms
[INFO   ] DREAMPlace - full step 35.155 ms
[INFO   ] DREAMPlace - optimizer step 22.524 ms
[INFO   ] DREAMPlace - iteration   48, (  48,  0,  0), Obj 3.918709E+07, DensityWeight 8.275549E-09, wHPWL 8.290789E+07, Overflow 7.781231E-01, MaxDensity 2.760E+02, gamma 5.333124E+02, time 5.199ms
[INFO   ] DREAMPlace - full step 35.115 ms
[INFO   ] DREAMPlace - optimizer step 21.191 ms
[INFO   ] DREAMPlace - iteration   49, (  49,  0,  0), Obj 3.892132E+07, DensityWeight 8.646850E-09, wHPWL 8.255481E+07, Overflow 7.789052E-01, MaxDensity 2.855E+02, gamma 5.365069E+02, time 8.976ms
[INFO   ] DREAMPlace - full step 37.543 ms
[INFO   ] DREAMPlace - optimizer step 22.619 ms
[INFO   ] DREAMPlace - iteration   50, (  50,  0,  0), Obj 3.865354E+07, DensityWeight 9.033908E-09, wHPWL 8.224355E+07, Overflow 7.799932E-01, MaxDensity 2.820E+02, gamma 5.386584E+02, time 5.195ms
[INFO   ] DREAMPlace - full step 35.113 ms
[INFO   ] DREAMPlace - optimizer step 22.513 ms
[INFO   ] DREAMPlace - iteration   51, (  51,  0,  0), Obj 3.841076E+07, DensityWeight 9.437348E-09, wHPWL 8.192685E+07, Overflow 7.807508E-01, MaxDensity 2.641E+02, gamma 5.416655E+02, time 5.171ms
[INFO   ] DREAMPlace - full step 34.925 ms
[INFO   ] DREAMPlace - optimizer step 22.566 ms
[INFO   ] DREAMPlace - iteration   52, (  52,  0,  0), Obj 3.815805E+07, DensityWeight 9.857819E-09, wHPWL 8.164112E+07, Overflow 7.816470E-01, MaxDensity 2.568E+02, gamma 5.437695E+02, time 5.166ms
[INFO   ] DREAMPlace - full step 35.001 ms
[INFO   ] DREAMPlace - optimizer step 24.709 ms
[INFO   ] DREAMPlace - iteration   53, (  53,  0,  0), Obj 3.792516E+07, DensityWeight 1.029599E-08, wHPWL 8.134878E+07, Overflow 7.822240E-01, MaxDensity 2.592E+02, gamma 5.462685E+02, time 5.180ms
[INFO   ] DREAMPlace - full step 37.128 ms
[INFO   ] DREAMPlace - optimizer step 22.571 ms
[INFO   ] DREAMPlace - iteration   54, (  54,  0,  0), Obj 3.769243E+07, DensityWeight 1.075257E-08, wHPWL 8.109158E+07, Overflow 7.827977E-01, MaxDensity 2.655E+02, gamma 5.478839E+02, time 5.202ms
[INFO   ] DREAMPlace - full step 35.016 ms
[INFO   ] DREAMPlace - optimizer step 22.583 ms
[INFO   ] DREAMPlace - iteration   55, (  55,  0,  0), Obj 3.747920E+07, DensityWeight 1.122827E-08, wHPWL 8.083187E+07, Overflow 7.833807E-01, MaxDensity 2.811E+02, gamma 5.494945E+02, time 5.219ms
[INFO   ] DREAMPlace - full step 35.028 ms
[INFO   ] DREAMPlace - optimizer step 22.666 ms
[INFO   ] DREAMPlace - iteration   56, (  56,  0,  0), Obj 3.727365E+07, DensityWeight 1.172384E-08, wHPWL 8.060304E+07, Overflow 7.836492E-01, MaxDensity 3.048E+02, gamma 5.511363E+02, time 5.185ms
[INFO   ] DREAMPlace - full step 35.128 ms
[INFO   ] DREAMPlace - optimizer step 22.518 ms
[INFO   ] DREAMPlace - iteration   57, (  57,  0,  0), Obj 3.706434E+07, DensityWeight 1.224006E-08, wHPWL 8.036306E+07, Overflow 7.843629E-01, MaxDensity 3.239E+02, gamma 5.518939E+02, time 5.209ms
[INFO   ] DREAMPlace - full step 34.966 ms
[INFO   ] DREAMPlace - optimizer step 22.603 ms
[INFO   ] DREAMPlace - iteration   58, (  58,  0,  0), Obj 3.688059E+07, DensityWeight 1.277774E-08, wHPWL 8.014778E+07, Overflow 7.846429E-01, MaxDensity 3.252E+02, gamma 5.539131E+02, time 5.194ms
[INFO   ] DREAMPlace - full step 35.037 ms
[INFO   ] DREAMPlace - optimizer step 22.611 ms
[INFO   ] DREAMPlace - iteration   59, (  59,  0,  0), Obj 3.666673E+07, DensityWeight 1.333769E-08, wHPWL 7.992411E+07, Overflow 7.850208E-01, MaxDensity 3.073E+02, gamma 5.547072E+02, time 5.217ms
[INFO   ] DREAMPlace - full step 35.083 ms
[INFO   ] DREAMPlace - optimizer step 26.159 ms
[INFO   ] DREAMPlace - iteration   60, (  60,  0,  0), Obj 3.648563E+07, DensityWeight 1.392080E-08, wHPWL 7.972510E+07, Overflow 7.854357E-01, MaxDensity 2.899E+02, gamma 5.557811E+02, time 6.149ms
[INFO   ] DREAMPlace - full step 39.598 ms
[INFO   ] DREAMPlace - optimizer step 22.571 ms
[INFO   ] DREAMPlace - iteration   61, (  61,  0,  0), Obj 3.629754E+07, DensityWeight 1.452794E-08, wHPWL 7.951566E+07, Overflow 7.856024E-01, MaxDensity 3.089E+02, gamma 5.569620E+02, time 5.226ms
[INFO   ] DREAMPlace - full step 35.087 ms
[INFO   ] DREAMPlace - optimizer step 22.590 ms
[INFO   ] DREAMPlace - iteration   62, (  62,  0,  0), Obj 3.611360E+07, DensityWeight 1.516005E-08, wHPWL 7.933589E+07, Overflow 7.857691E-01, MaxDensity 3.167E+02, gamma 5.574373E+02, time 5.218ms
[INFO   ] DREAMPlace - full step 35.086 ms
[INFO   ] DREAMPlace - optimizer step 22.581 ms
[INFO   ] DREAMPlace - iteration   63, (  63,  0,  0), Obj 3.594109E+07, DensityWeight 1.581808E-08, wHPWL 7.913278E+07, Overflow 7.863619E-01, MaxDensity 3.111E+02, gamma 5.579130E+02, time 5.191ms
[INFO   ] DREAMPlace - full step 35.006 ms
[INFO   ] DREAMPlace - optimizer step 24.669 ms
[INFO   ] DREAMPlace - iteration   64, (  64,  0,  0), Obj 3.577573E+07, DensityWeight 1.650302E-08, wHPWL 7.896093E+07, Overflow 7.868127E-01, MaxDensity 2.936E+02, gamma 5.596078E+02, time 5.201ms
[INFO   ] DREAMPlace - full step 37.154 ms
[INFO   ] DREAMPlace - optimizer step 22.617 ms
[INFO   ] DREAMPlace - iteration   65, (  65,  0,  0), Obj 3.557740E+07, DensityWeight 1.721590E-08, wHPWL 7.876662E+07, Overflow 7.871662E-01, MaxDensity 2.659E+02, gamma 5.609001E+02, time 5.211ms
[INFO   ] DREAMPlace - full step 35.085 ms
[INFO   ] DREAMPlace - optimizer step 22.629 ms
[INFO   ] DREAMPlace - iteration   66, (  66,  0,  0), Obj 3.539055E+07, DensityWeight 1.795777E-08, wHPWL 7.859369E+07, Overflow 7.874008E-01, MaxDensity 2.619E+02, gamma 5.619158E+02, time 5.212ms
[INFO   ] DREAMPlace - full step 35.024 ms
[INFO   ] DREAMPlace - optimizer step 22.538 ms
[INFO   ] DREAMPlace - iteration   67, (  67,  0,  0), Obj 3.520649E+07, DensityWeight 1.872974E-08, wHPWL 7.840506E+07, Overflow 7.873877E-01, MaxDensity 2.632E+02, gamma 5.625908E+02, time 5.199ms
[INFO   ] DREAMPlace - full step 34.940 ms
[INFO   ] DREAMPlace - optimizer step 24.627 ms
[INFO   ] DREAMPlace - iteration   68, (  68,  0,  0), Obj 3.503955E+07, DensityWeight 1.953295E-08, wHPWL 7.825754E+07, Overflow 7.875819E-01, MaxDensity 2.798E+02, gamma 5.625530E+02, time 5.264ms
[INFO   ] DREAMPlace - full step 37.122 ms
[INFO   ] DREAMPlace - optimizer step 22.625 ms
[INFO   ] DREAMPlace - iteration   69, (  69,  0,  0), Obj 3.488508E+07, DensityWeight 2.036856E-08, wHPWL 7.808626E+07, Overflow 7.874065E-01, MaxDensity 2.961E+02, gamma 5.631120E+02, time 5.203ms
[INFO   ] DREAMPlace - full step 35.054 ms
[INFO   ] DREAMPlace - optimizer step 22.573 ms
[INFO   ] DREAMPlace - iteration   70, (  70,  0,  0), Obj 3.472116E+07, DensityWeight 2.123779E-08, wHPWL 7.793774E+07, Overflow 7.875659E-01, MaxDensity 2.957E+02, gamma 5.626071E+02, time 13.954ms
[INFO   ] DREAMPlace - full step 43.758 ms
[INFO   ] DREAMPlace - optimizer step 22.595 ms
[INFO   ] DREAMPlace - iteration   71, (  71,  0,  0), Obj 3.457352E+07, DensityWeight 2.214191E-08, wHPWL 7.775168E+07, Overflow 7.877254E-01, MaxDensity 2.727E+02, gamma 5.630661E+02, time 5.188ms
[INFO   ] DREAMPlace - full step 35.015 ms
[INFO   ] DREAMPlace - optimizer step 22.577 ms
[INFO   ] DREAMPlace - iteration   72, (  72,  0,  0), Obj 3.441163E+07, DensityWeight 2.308220E-08, wHPWL 7.760045E+07, Overflow 7.877142E-01, MaxDensity 2.611E+02, gamma 5.635258E+02, time 5.217ms
[INFO   ] DREAMPlace - full step 35.052 ms
[INFO   ] DREAMPlace - optimizer step 22.249 ms
[INFO   ] DREAMPlace - iteration   73, (  73,  0,  0), Obj 3.424347E+07, DensityWeight 2.406003E-08, wHPWL 7.742093E+07, Overflow 7.876316E-01, MaxDensity 2.625E+02, gamma 5.634934E+02, time 5.572ms
[INFO   ] DREAMPlace - full step 35.073 ms
[INFO   ] DREAMPlace - optimizer step 22.509 ms
[INFO   ] DREAMPlace - iteration   74, (  74,  0,  0), Obj 3.409302E+07, DensityWeight 2.507676E-08, wHPWL 7.727058E+07, Overflow 7.878233E-01, MaxDensity 2.525E+02, gamma 5.632554E+02, time 5.225ms
[INFO   ] DREAMPlace - full step 34.963 ms
[INFO   ] DREAMPlace - optimizer step 22.541 ms
[INFO   ] DREAMPlace - iteration   75, (  75,  0,  0), Obj 3.394309E+07, DensityWeight 2.613385E-08, wHPWL 7.709520E+07, Overflow 7.878525E-01, MaxDensity 2.533E+02, gamma 5.638082E+02, time 5.233ms
[INFO   ] DREAMPlace - full step 35.007 ms
[INFO   ] DREAMPlace - optimizer step 22.681 ms
[INFO   ] DREAMPlace - iteration   76, (  76,  0,  0), Obj 3.378148E+07, DensityWeight 2.723277E-08, wHPWL 7.695066E+07, Overflow 7.880114E-01, MaxDensity 2.542E+02, gamma 5.638925E+02, time 5.209ms
[INFO   ] DREAMPlace - full step 35.122 ms
[INFO   ] DREAMPlace - optimizer step 22.530 ms
[INFO   ] DREAMPlace - iteration   77, (  77,  0,  0), Obj 3.362212E+07, DensityWeight 2.837507E-08, wHPWL 7.677130E+07, Overflow 7.880136E-01, MaxDensity 2.644E+02, gamma 5.643512E+02, time 5.219ms
[INFO   ] DREAMPlace - full step 35.002 ms
[INFO   ] DREAMPlace - optimizer step 27.115 ms
[INFO   ] DREAMPlace - iteration   78, (  78,  0,  0), Obj 3.346204E+07, DensityWeight 2.956233E-08, wHPWL 7.662545E+07, Overflow 7.881935E-01, MaxDensity 2.550E+02, gamma 5.643575E+02, time 5.260ms
[INFO   ] DREAMPlace - full step 39.585 ms
[INFO   ] DREAMPlace - optimizer step 22.517 ms
[INFO   ] DREAMPlace - iteration   79, (  79,  0,  0), Obj 3.330756E+07, DensityWeight 3.079618E-08, wHPWL 7.645654E+07, Overflow 7.882797E-01, MaxDensity 2.557E+02, gamma 5.648770E+02, time 5.239ms
[INFO   ] DREAMPlace - full step 34.941 ms
[INFO   ] DREAMPlace - optimizer step 22.632 ms
[INFO   ] DREAMPlace - iteration   80, (  80,  0,  0), Obj 3.314944E+07, DensityWeight 3.207832E-08, wHPWL 7.632058E+07, Overflow 7.883207E-01, MaxDensity 2.609E+02, gamma 5.651262E+02, time 5.238ms
[INFO   ] DREAMPlace - full step 35.045 ms
[INFO   ] DREAMPlace - optimizer step 22.511 ms
[INFO   ] DREAMPlace - iteration   81, (  81,  0,  0), Obj 3.298947E+07, DensityWeight 3.341050E-08, wHPWL 7.615384E+07, Overflow 7.884501E-01, MaxDensity 2.455E+02, gamma 5.652451E+02, time 5.250ms
[INFO   ] DREAMPlace - full step 34.925 ms
[INFO   ] DREAMPlace - optimizer step 22.598 ms
[INFO   ] DREAMPlace - iteration   82, (  82,  0,  0), Obj 3.284103E+07, DensityWeight 3.479452E-08, wHPWL 7.601811E+07, Overflow 7.886653E-01, MaxDensity 2.616E+02, gamma 5.656193E+02, time 5.216ms
[INFO   ] DREAMPlace - full step 34.986 ms
[INFO   ] DREAMPlace - optimizer step 22.650 ms
[INFO   ] DREAMPlace - iteration   83, (  83,  0,  0), Obj 3.268127E+07, DensityWeight 3.623225E-08, wHPWL 7.585971E+07, Overflow 7.886766E-01, MaxDensity 2.373E+02, gamma 5.662426E+02, time 5.229ms
[INFO   ] DREAMPlace - full step 35.082 ms
[INFO   ] DREAMPlace - optimizer step 21.928 ms
[INFO   ] DREAMPlace - iteration   84, (  84,  0,  0), Obj 3.252339E+07, DensityWeight 3.772562E-08, wHPWL 7.573161E+07, Overflow 7.889351E-01, MaxDensity 2.529E+02, gamma 5.662751E+02, time 5.902ms
[INFO   ] DREAMPlace - full step 35.006 ms
[INFO   ] DREAMPlace - optimizer step 22.542 ms
[INFO   ] DREAMPlace - iteration   85, (  85,  0,  0), Obj 3.237191E+07, DensityWeight 3.927661E-08, wHPWL 7.557602E+07, Overflow 7.891188E-01, MaxDensity 2.377E+02, gamma 5.670247E+02, time 5.264ms
[INFO   ] DREAMPlace - full step 35.059 ms
[INFO   ] DREAMPlace - optimizer step 22.255 ms
[INFO   ] DREAMPlace - iteration   86, (  86,  0,  0), Obj 3.221367E+07, DensityWeight 4.088728E-08, wHPWL 7.545576E+07, Overflow 7.891834E-01, MaxDensity 2.429E+02, gamma 5.675580E+02, time 5.618ms
[INFO   ] DREAMPlace - full step 35.121 ms
[INFO   ] DREAMPlace - optimizer step 22.569 ms
[INFO   ] DREAMPlace - iteration   87, (  87,  0,  0), Obj 3.205250E+07, DensityWeight 4.255974E-08, wHPWL 7.530784E+07, Overflow 7.892627E-01, MaxDensity 2.435E+02, gamma 5.677456E+02, time 5.253ms
[INFO   ] DREAMPlace - full step 35.063 ms
[INFO   ] DREAMPlace - optimizer step 22.578 ms
[INFO   ] DREAMPlace - iteration   88, (  88,  0,  0), Obj 3.190901E+07, DensityWeight 4.429618E-08, wHPWL 7.519047E+07, Overflow 7.890504E-01, MaxDensity 2.466E+02, gamma 5.679761E+02, time 5.210ms
[INFO   ] DREAMPlace - full step 35.069 ms
[INFO   ] DREAMPlace - optimizer step 22.573 ms
[INFO   ] DREAMPlace - iteration   89, (  89,  0,  0), Obj 3.175888E+07, DensityWeight 4.609886E-08, wHPWL 7.504972E+07, Overflow 7.889286E-01, MaxDensity 2.612E+02, gamma 5.673594E+02, time 5.263ms
[INFO   ] DREAMPlace - full step 35.065 ms
[I] plotting to obsspread_results/bigblue1/plot/iter0090.png takes 5.947 seconds
[INFO   ] DREAMPlace - plotting to obsspread_results/bigblue1/plot/iter0090.png takes 5.997 seconds
[INFO   ] DREAMPlace - optimizer step 23.332 ms
[INFO   ] DREAMPlace - iteration   90, (  90,  0,  0), Obj 3.163833E+07, DensityWeight 4.797010E-08, wHPWL 7.493865E+07, Overflow 7.889956E-01, MaxDensity 2.544E+02, gamma 5.670060E+02, time 5.230ms
[INFO   ] DREAMPlace - full step 6036.112 ms
[INFO   ] DREAMPlace - optimizer step 22.005 ms
[INFO   ] DREAMPlace - iteration   91, (  91,  0,  0), Obj 3.150500E+07, DensityWeight 4.991231E-08, wHPWL 7.479984E+07, Overflow 7.888100E-01, MaxDensity 2.365E+02, gamma 5.672003E+02, time 5.222ms
[INFO   ] DREAMPlace - full step 34.491 ms
[INFO   ] DREAMPlace - optimizer step 22.298 ms
[INFO   ] DREAMPlace - iteration   92, (  92,  0,  0), Obj 3.136665E+07, DensityWeight 5.192796E-08, wHPWL 7.468632E+07, Overflow 7.887756E-01, MaxDensity 2.495E+02, gamma 5.666620E+02, time 5.113ms
[INFO   ] DREAMPlace - full step 34.564 ms
[INFO   ] DREAMPlace - optimizer step 22.273 ms
[INFO   ] DREAMPlace - iteration   93, (  93,  0,  0), Obj 3.123617E+07, DensityWeight 5.401960E-08, wHPWL 7.453839E+07, Overflow 7.887137E-01, MaxDensity 2.456E+02, gamma 5.665623E+02, time 5.135ms
[INFO   ] DREAMPlace - full step 34.575 ms
[INFO   ] DREAMPlace - optimizer step 22.277 ms
[INFO   ] DREAMPlace - iteration   94, (  94,  0,  0), Obj 3.110833E+07, DensityWeight 5.618989E-08, wHPWL 7.442939E+07, Overflow 7.887268E-01, MaxDensity 2.386E+02, gamma 5.663827E+02, time 5.137ms
[INFO   ] DREAMPlace - full step 34.562 ms
[INFO   ] DREAMPlace - optimizer step 22.187 ms
[INFO   ] DREAMPlace - iteration   95, (  95,  0,  0), Obj 3.097495E+07, DensityWeight 5.844151E-08, wHPWL 7.429173E+07, Overflow 7.889155E-01, MaxDensity 2.422E+02, gamma 5.664208E+02, time 5.207ms
[INFO   ] DREAMPlace - full step 34.553 ms
[INFO   ] DREAMPlace - optimizer step 22.280 ms
[INFO   ] DREAMPlace - iteration   96, (  96,  0,  0), Obj 3.084565E+07, DensityWeight 6.077729E-08, wHPWL 7.418453E+07, Overflow 7.889277E-01, MaxDensity 2.589E+02, gamma 5.669680E+02, time 5.129ms
[INFO   ] DREAMPlace - full step 34.567 ms
[INFO   ] DREAMPlace - optimizer step 22.242 ms
[INFO   ] DREAMPlace - iteration   97, (  97,  0,  0), Obj 3.069504E+07, DensityWeight 6.320010E-08, wHPWL 7.404547E+07, Overflow 7.890098E-01, MaxDensity 2.613E+02, gamma 5.670032E+02, time 5.143ms
[INFO   ] DREAMPlace - full step 34.538 ms
[INFO   ] DREAMPlace - optimizer step 22.019 ms
[INFO   ] DREAMPlace - iteration   98, (  98,  0,  0), Obj 3.056680E+07, DensityWeight 6.571292E-08, wHPWL 7.394146E+07, Overflow 7.891009E-01, MaxDensity 2.536E+02, gamma 5.672415E+02, time 5.378ms
[INFO   ] DREAMPlace - full step 34.576 ms
[INFO   ] DREAMPlace - optimizer step 23.945 ms
[INFO   ] DREAMPlace - iteration   99, (  99,  0,  0), Obj 3.042820E+07, DensityWeight 6.831882E-08, wHPWL 7.381618E+07, Overflow 7.892047E-01, MaxDensity 2.753E+02, gamma 5.675063E+02, time 10.063ms
[INFO   ] DREAMPlace - full step 41.157 ms
[INFO   ] DREAMPlace - optimizer step 22.272 ms
[INFO   ] DREAMPlace - iteration  100, ( 100,  0,  0), Obj 3.029957E+07, DensityWeight 7.102096E-08, wHPWL 7.372813E+07, Overflow 7.893565E-01, MaxDensity 2.821E+02, gamma 5.678074E+02, time 5.147ms
[INFO   ] DREAMPlace - full step 34.574 ms
[INFO   ] DREAMPlace - optimizer step 22.242 ms
[INFO   ] DREAMPlace - iteration  101, ( 101,  0,  0), Obj 3.015965E+07, DensityWeight 7.382258E-08, wHPWL 7.360624E+07, Overflow 7.894823E-01, MaxDensity 2.712E+02, gamma 5.682485E+02, time 5.147ms
[INFO   ] DREAMPlace - full step 34.549 ms
[INFO   ] DREAMPlace - optimizer step 22.264 ms
[INFO   ] DREAMPlace - iteration  102, ( 102,  0,  0), Obj 3.002645E+07, DensityWeight 7.672705E-08, wHPWL 7.351978E+07, Overflow 7.897407E-01, MaxDensity 2.753E+02, gamma 5.686146E+02, time 5.133ms
[INFO   ] DREAMPlace - full step 34.560 ms
[INFO   ] DREAMPlace - optimizer step 22.273 ms
[INFO   ] DREAMPlace - iteration  103, ( 103,  0,  0), Obj 2.988654E+07, DensityWeight 7.973782E-08, wHPWL 7.340534E+07, Overflow 7.898069E-01, MaxDensity 2.965E+02, gamma 5.693671E+02, time 5.138ms
[INFO   ] DREAMPlace - full step 34.542 ms
[INFO   ] DREAMPlace - optimizer step 22.274 ms
[INFO   ] DREAMPlace - iteration  104, ( 104,  0,  0), Obj 2.974912E+07, DensityWeight 8.285845E-08, wHPWL 7.333095E+07, Overflow 7.898084E-01, MaxDensity 2.636E+02, gamma 5.695599E+02, time 5.139ms
[INFO   ] DREAMPlace - full step 34.561 ms
[INFO   ] DREAMPlace - optimizer step 22.271 ms
[INFO   ] DREAMPlace - iteration  105, ( 105,  0,  0), Obj 2.961489E+07, DensityWeight 8.609259E-08, wHPWL 7.322614E+07, Overflow 7.900082E-01, MaxDensity 2.909E+02, gamma 5.695642E+02, time 5.132ms
[INFO   ] DREAMPlace - full step 34.561 ms
[INFO   ] DREAMPlace - optimizer step 24.365 ms
[INFO   ] DREAMPlace - iteration  106, ( 106,  0,  0), Obj 2.949721E+07, DensityWeight 8.944403E-08, wHPWL 7.316091E+07, Overflow 7.902802E-01, MaxDensity 2.658E+02, gamma 5.701469E+02, time 5.137ms
[INFO   ] DREAMPlace - full step 36.659 ms
[INFO   ] DREAMPlace - optimizer step 22.278 ms
[INFO   ] DREAMPlace - iteration  107, ( 107,  0,  0), Obj 2.935635E+07, DensityWeight 9.291664E-08, wHPWL 7.306719E+07, Overflow 7.907071E-01, MaxDensity 2.666E+02, gamma 5.709410E+02, time 5.125ms
[INFO   ] DREAMPlace - full step 34.565 ms
[INFO   ] DREAMPlace - optimizer step 22.283 ms
[INFO   ] DREAMPlace - iteration  108, ( 108,  0,  0), Obj 2.921853E+07, DensityWeight 9.651441E-08, wHPWL 7.300389E+07, Overflow 7.909318E-01, MaxDensity 2.509E+02, gamma 5.721896E+02, time 5.135ms
[INFO   ] DREAMPlace - full step 34.567 ms
[INFO   ] DREAMPlace - optimizer step 22.249 ms
[INFO   ] DREAMPlace - iteration  109, ( 109,  0,  0), Obj 2.905922E+07, DensityWeight 1.002415E-07, wHPWL 7.291119E+07, Overflow 7.912142E-01, MaxDensity 2.413E+02, gamma 5.728477E+02, time 5.125ms
[INFO   ] DREAMPlace - full step 34.537 ms
[INFO   ] DREAMPlace - optimizer step 22.280 ms
[INFO   ] DREAMPlace - iteration  110, ( 110,  0,  0), Obj 2.892613E+07, DensityWeight 1.041020E-07, wHPWL 7.286160E+07, Overflow 7.912349E-01, MaxDensity 2.478E+02, gamma 5.736758E+02, time 5.116ms
[INFO   ] DREAMPlace - full step 34.549 ms
[INFO   ] DREAMPlace - optimizer step 22.251 ms
[INFO   ] DREAMPlace - iteration  111, ( 111,  0,  0), Obj 2.878203E+07, DensityWeight 1.081005E-07, wHPWL 7.279246E+07, Overflow 7.913545E-01, MaxDensity 2.388E+02, gamma 5.737366E+02, time 5.152ms
[INFO   ] DREAMPlace - full step 34.564 ms
[INFO   ] DREAMPlace - optimizer step 22.267 ms
[INFO   ] DREAMPlace - iteration  112, ( 112,  0,  0), Obj 2.866636E+07, DensityWeight 1.122413E-07, wHPWL 7.275958E+07, Overflow 7.912573E-01, MaxDensity 2.389E+02, gamma 5.740879E+02, time 5.118ms
[INFO   ] DREAMPlace - full step 34.487 ms
[INFO   ] DREAMPlace - optimizer step 22.241 ms
[INFO   ] DREAMPlace - iteration  113, ( 113,  0,  0), Obj 2.853265E+07, DensityWeight 1.165290E-07, wHPWL 7.269355E+07, Overflow 7.911695E-01, MaxDensity 2.385E+02, gamma 5.738026E+02, time 5.104ms
[INFO   ] DREAMPlace - full step 34.532 ms
[INFO   ] DREAMPlace - optimizer step 22.267 ms
[INFO   ] DREAMPlace - iteration  114, ( 114,  0,  0), Obj 2.842359E+07, DensityWeight 1.209685E-07, wHPWL 7.265970E+07, Overflow 7.909659E-01, MaxDensity 2.266E+02, gamma 5.735449E+02, time 5.115ms
[INFO   ] DREAMPlace - full step 34.558 ms
[INFO   ] DREAMPlace - optimizer step 22.259 ms
[INFO   ] DREAMPlace - iteration  115, ( 115,  0,  0), Obj 2.830454E+07, DensityWeight 1.255645E-07, wHPWL 7.259594E+07, Overflow 7.908088E-01, MaxDensity 2.426E+02, gamma 5.729477E+02, time 5.131ms
[INFO   ] DREAMPlace - full step 34.548 ms
[INFO   ] DREAMPlace - optimizer step 22.933 ms
[INFO   ] DREAMPlace - iteration  116, ( 116,  0,  0), Obj 2.820568E+07, DensityWeight 1.303221E-07, wHPWL 7.256914E+07, Overflow 7.905646E-01, MaxDensity 2.340E+02, gamma 5.724872E+02, time 5.139ms
[INFO   ] DREAMPlace - full step 34.573 ms
[INFO   ] DREAMPlace - optimizer step 22.251 ms
[INFO   ] DREAMPlace - iteration  117, ( 117,  0,  0), Obj 2.809232E+07, DensityWeight 1.352465E-07, wHPWL 7.250675E+07, Overflow 7.904267E-01, MaxDensity 2.151E+02, gamma 5.717724E+02, time 5.129ms
[INFO   ] DREAMPlace - full step 34.528 ms
[INFO   ] DREAMPlace - optimizer step 22.277 ms
[INFO   ] DREAMPlace - iteration  118, ( 118,  0,  0), Obj 2.799562E+07, DensityWeight 1.403428E-07, wHPWL 7.247579E+07, Overflow 7.900784E-01, MaxDensity 2.151E+02, gamma 5.713692E+02, time 5.126ms
[INFO   ] DREAMPlace - full step 34.555 ms
[INFO   ] DREAMPlace - optimizer step 22.227 ms
[INFO   ] DREAMPlace - iteration  119, ( 119,  0,  0), Obj 2.788062E+07, DensityWeight 1.456167E-07, wHPWL 7.240946E+07, Overflow 7.898084E-01, MaxDensity 2.271E+02, gamma 5.703516E+02, time 51.610ms
[INFO   ] DREAMPlace - full step 80.997 ms
[INFO   ] DREAMPlace - optimizer step 22.286 ms
[INFO   ] DREAMPlace - iteration  120, ( 120,  0,  0), Obj 2.779246E+07, DensityWeight 1.510736E-07, wHPWL 7.237785E+07, Overflow 7.893448E-01, MaxDensity 2.333E+02, gamma 5.695642E+02, time 5.109ms
[INFO   ] DREAMPlace - full step 34.553 ms
[INFO   ] DREAMPlace - optimizer step 22.249 ms
[INFO   ] DREAMPlace - iteration  121, ( 121,  0,  0), Obj 2.768951E+07, DensityWeight 1.567194E-07, wHPWL 7.231421E+07, Overflow 7.888816E-01, MaxDensity 2.201E+02, gamma 5.682147E+02, time 5.144ms
[INFO   ] DREAMPlace - full step 34.554 ms
[INFO   ] DREAMPlace - optimizer step 22.259 ms
[INFO   ] DREAMPlace - iteration  122, ( 122,  0,  0), Obj 2.761187E+07, DensityWeight 1.625599E-07, wHPWL 7.228327E+07, Overflow 7.884296E-01, MaxDensity 1.945E+02, gamma 5.668697E+02, time 5.141ms
[INFO   ] DREAMPlace - full step 34.551 ms
[INFO   ] DREAMPlace - optimizer step 22.251 ms
[INFO   ] DREAMPlace - iteration  123, ( 123,  0,  0), Obj 2.752308E+07, DensityWeight 1.686012E-07, wHPWL 7.221440E+07, Overflow 7.879657E-01, MaxDensity 2.137E+02, gamma 5.655602E+02, time 5.141ms
[INFO   ] DREAMPlace - full step 34.545 ms
[INFO   ] DREAMPlace - optimizer step 22.279 ms
[INFO   ] DREAMPlace - iteration  124, ( 124,  0,  0), Obj 2.744603E+07, DensityWeight 1.748495E-07, wHPWL 7.217818E+07, Overflow 7.875073E-01, MaxDensity 2.241E+02, gamma 5.642192E+02, time 5.129ms
[INFO   ] DREAMPlace - full step 34.571 ms
[INFO   ] DREAMPlace - optimizer step 22.247 ms
[INFO   ] DREAMPlace - iteration  125, ( 125,  0,  0), Obj 2.735760E+07, DensityWeight 1.813112E-07, wHPWL 7.210245E+07, Overflow 7.870936E-01, MaxDensity 2.236E+02, gamma 5.628972E+02, time 5.135ms
[INFO   ] DREAMPlace - full step 34.528 ms
[INFO   ] DREAMPlace - optimizer step 22.261 ms
[INFO   ] DREAMPlace - iteration  126, ( 126,  0,  0), Obj 2.728246E+07, DensityWeight 1.879930E-07, wHPWL 7.206261E+07, Overflow 7.866705E-01, MaxDensity 2.104E+02, gamma 5.617072E+02, time 5.115ms
[INFO   ] DREAMPlace - full step 34.535 ms
[INFO   ] DREAMPlace - optimizer step 22.260 ms
[INFO   ] DREAMPlace - iteration  127, ( 127,  0,  0), Obj 2.719307E+07, DensityWeight 1.949015E-07, wHPWL 7.198698E+07, Overflow 7.861934E-01, MaxDensity 2.021E+02, gamma 5.604923E+02, time 5.126ms
[INFO   ] DREAMPlace - full step 34.543 ms
[INFO   ] DREAMPlace - optimizer step 24.367 ms
[INFO   ] DREAMPlace - iteration  128, ( 128,  0,  0), Obj 2.711754E+07, DensityWeight 2.020436E-07, wHPWL 7.194692E+07, Overflow 7.856056E-01, MaxDensity 2.135E+02, gamma 5.591257E+02, time 5.121ms
[INFO   ] DREAMPlace - full step 36.656 ms
[INFO   ] DREAMPlace - optimizer step 22.290 ms
[INFO   ] DREAMPlace - iteration  129, ( 129,  0,  0), Obj 2.703427E+07, DensityWeight 2.094266E-07, wHPWL 7.187066E+07, Overflow 7.853693E-01, MaxDensity 2.265E+02, gamma 5.574464E+02, time 5.122ms
[INFO   ] DREAMPlace - full step 34.558 ms
[INFO   ] DREAMPlace - optimizer step 22.278 ms
[INFO   ] DREAMPlace - iteration  130, ( 130,  0,  0), Obj 2.697347E+07, DensityWeight 2.170576E-07, wHPWL 7.183326E+07, Overflow 7.849863E-01, MaxDensity 2.275E+02, gamma 5.567729E+02, time 5.121ms
[INFO   ] DREAMPlace - full step 34.539 ms
[INFO   ] DREAMPlace - optimizer step 22.254 ms
[INFO   ] DREAMPlace - iteration  131, ( 131,  0,  0), Obj 2.687691E+07, DensityWeight 2.249442E-07, wHPWL 7.176054E+07, Overflow 7.848011E-01, MaxDensity 2.148E+02, gamma 5.556826E+02, time 5.146ms
[INFO   ] DREAMPlace - full step 34.560 ms
[INFO   ] DREAMPlace - optimizer step 25.640 ms
[INFO   ] DREAMPlace - iteration  132, ( 132,  0,  0), Obj 2.680048E+07, DensityWeight 2.330940E-07, wHPWL 7.171681E+07, Overflow 7.846639E-01, MaxDensity 1.924E+02, gamma 5.551566E+02, time 23.035ms
[INFO   ] DREAMPlace - full step 55.829 ms
[INFO   ] DREAMPlace - optimizer step 22.261 ms
[INFO   ] DREAMPlace - iteration  133, ( 133,  0,  0), Obj 2.670041E+07, DensityWeight 2.415149E-07, wHPWL 7.164250E+07, Overflow 7.843618E-01, MaxDensity 1.939E+02, gamma 5.547667E+02, time 5.139ms
[INFO   ] DREAMPlace - full step 34.549 ms
[INFO   ] DREAMPlace - optimizer step 22.252 ms
[INFO   ] DREAMPlace - iteration  134, ( 134,  0,  0), Obj 2.661223E+07, DensityWeight 2.502150E-07, wHPWL 7.161119E+07, Overflow 7.841871E-01, MaxDensity 2.040E+02, gamma 5.539099E+02, time 5.127ms
[INFO   ] DREAMPlace - full step 34.537 ms
[I] plotting to obsspread_results/bigblue1/plot/iter0135.png takes 6.039 seconds
[INFO   ] DREAMPlace - plotting to obsspread_results/bigblue1/plot/iter0135.png takes 6.082 seconds
[INFO   ] DREAMPlace - optimizer step 4.086 ms
[INFO   ] DREAMPlace - iteration  135, ( 135,  0,  0), Obj 2.652406E+07, DensityWeight 2.592026E-07, wHPWL 7.154622E+07, Overflow 7.839832E-01, MaxDensity 2.130E+02, gamma 5.534149E+02, time 5.145ms
[INFO   ] DREAMPlace - full step 6097.188 ms
[INFO   ] DREAMPlace - optimizer step 3.018 ms
[INFO   ] DREAMPlace - iteration  136, ( 136,  0,  0), Obj 2.644327E+07, DensityWeight 2.684862E-07, wHPWL 7.152546E+07, Overflow 7.836806E-01, MaxDensity 2.183E+02, gamma 5.528381E+02, time 0.792ms
[INFO   ] DREAMPlace - full step 4.378 ms
[INFO   ] DREAMPlace - optimizer step 3.643 ms
[INFO   ] DREAMPlace - iteration  137, ( 137,  0,  0), Obj 2.635099E+07, DensityWeight 2.780745E-07, wHPWL 7.146560E+07, Overflow 7.833068E-01, MaxDensity 2.123E+02, gamma 5.519824E+02, time 1.660ms
[INFO   ] DREAMPlace - full step 5.793 ms
[INFO   ] DREAMPlace - optimizer step 2.379 ms
[INFO   ] DREAMPlace - iteration  138, ( 138,  0,  0), Obj 2.627969E+07, DensityWeight 2.879763E-07, wHPWL 7.144416E+07, Overflow 7.828381E-01, MaxDensity 1.952E+02, gamma 5.509279E+02, time 13.140ms
[INFO   ] DREAMPlace - full step 15.989 ms
[INFO   ] DREAMPlace - optimizer step 2.300 ms
[INFO   ] DREAMPlace - iteration  139, ( 139,  0,  0), Obj 2.620388E+07, DensityWeight 2.982010E-07, wHPWL 7.139088E+07, Overflow 7.825255E-01, MaxDensity 1.720E+02, gamma 5.496080E+02, time 0.731ms
[INFO   ] DREAMPlace - full step 3.499 ms
[INFO   ] DREAMPlace - optimizer step 2.338 ms
[INFO   ] DREAMPlace - iteration  140, ( 140,  0,  0), Obj 2.615043E+07, DensityWeight 3.087578E-07, wHPWL 7.137797E+07, Overflow 7.822827E-01, MaxDensity 1.822E+02, gamma 5.487299E+02, time 0.743ms
[INFO   ] DREAMPlace - full step 3.559 ms
[INFO   ] DREAMPlace - optimizer step 2.319 ms
[INFO   ] DREAMPlace - iteration  141, ( 141,  0,  0), Obj 2.607373E+07, DensityWeight 3.196564E-07, wHPWL 7.132496E+07, Overflow 7.818423E-01, MaxDensity 1.979E+02, gamma 5.480484E+02, time 0.737ms
[INFO   ] DREAMPlace - full step 3.530 ms
[INFO   ] DREAMPlace - optimizer step 2.300 ms
[INFO   ] DREAMPlace - iteration  142, ( 142,  0,  0), Obj 2.600391E+07, DensityWeight 3.309066E-07, wHPWL 7.130293E+07, Overflow 7.815235E-01, MaxDensity 1.961E+02, gamma 5.468147E+02, time 0.744ms
[INFO   ] DREAMPlace - full step 3.516 ms
[INFO   ] DREAMPlace - optimizer step 2.604 ms
[INFO   ] DREAMPlace - iteration  143, ( 143,  0,  0), Obj 2.593630E+07, DensityWeight 3.425185E-07, wHPWL 7.124342E+07, Overflow 7.810517E-01, MaxDensity 1.997E+02, gamma 5.459236E+02, time 0.738ms
[INFO   ] DREAMPlace - full step 3.824 ms
[INFO   ] DREAMPlace - optimizer step 2.508 ms
[INFO   ] DREAMPlace - iteration  144, ( 144,  0,  0), Obj 2.588001E+07, DensityWeight 3.545024E-07, wHPWL 7.123346E+07, Overflow 7.806002E-01, MaxDensity 2.007E+02, gamma 5.446072E+02, time 0.794ms
[INFO   ] DREAMPlace - full step 3.794 ms
[INFO   ] DREAMPlace - optimizer step 4.606 ms
[INFO   ] DREAMPlace - iteration  145, ( 145,  0,  0), Obj 2.582184E+07, DensityWeight 3.668689E-07, wHPWL 7.118402E+07, Overflow 7.803696E-01, MaxDensity 1.908E+02, gamma 5.433505E+02, time 0.744ms
[INFO   ] DREAMPlace - full step 5.806 ms
[INFO   ] DREAMPlace - optimizer step 2.303 ms
[INFO   ] DREAMPlace - iteration  146, ( 146,  0,  0), Obj 2.577640E+07, DensityWeight 3.796288E-07, wHPWL 7.117034E+07, Overflow 7.798814E-01, MaxDensity 1.913E+02, gamma 5.427098E+02, time 0.732ms
[INFO   ] DREAMPlace - full step 3.485 ms
[INFO   ] DREAMPlace - optimizer step 3.465 ms
[INFO   ] DREAMPlace - iteration  147, ( 147,  0,  0), Obj 2.570313E+07, DensityWeight 3.927933E-07, wHPWL 7.111598E+07, Overflow 7.795849E-01, MaxDensity 1.781E+02, gamma 5.413558E+02, time 0.732ms
[INFO   ] DREAMPlace - full step 4.655 ms
[INFO   ] DREAMPlace - optimizer step 2.546 ms
[INFO   ] DREAMPlace - iteration  148, ( 148,  0,  0), Obj 2.566081E+07, DensityWeight 4.063736E-07, wHPWL 7.109667E+07, Overflow 7.793780E-01, MaxDensity 1.787E+02, gamma 5.405352E+02, time 0.743ms
[INFO   ] DREAMPlace - full step 3.744 ms
[INFO   ] DREAMPlace - optimizer step 2.263 ms
[INFO   ] DREAMPlace - iteration  149, ( 149,  0,  0), Obj 2.559840E+07, DensityWeight 4.203814E-07, wHPWL 7.104993E+07, Overflow 7.790271E-01, MaxDensity 1.679E+02, gamma 5.399631E+02, time 0.772ms
[INFO   ] DREAMPlace - full step 3.487 ms
[INFO   ] DREAMPlace - optimizer step 2.977 ms
[INFO   ] DREAMPlace - iteration  150, ( 150,  0,  0), Obj 2.554378E+07, DensityWeight 4.348285E-07, wHPWL 7.104113E+07, Overflow 7.785485E-01, MaxDensity 1.662E+02, gamma 5.389944E+02, time 2.313ms
[INFO   ] DREAMPlace - full step 5.755 ms
[INFO   ] DREAMPlace - optimizer step 2.302 ms
[INFO   ] DREAMPlace - iteration  151, ( 151,  0,  0), Obj 2.548506E+07, DensityWeight 4.497272E-07, wHPWL 7.098980E+07, Overflow 7.782016E-01, MaxDensity 1.617E+02, gamma 5.376760E+02, time 0.728ms
[INFO   ] DREAMPlace - full step 3.483 ms
[INFO   ] DREAMPlace - optimizer step 5.056 ms
[INFO   ] DREAMPlace - iteration  152, ( 152,  0,  0), Obj 2.545279E+07, DensityWeight 4.650898E-07, wHPWL 7.098438E+07, Overflow 7.774921E-01, MaxDensity 1.547E+02, gamma 5.367226E+02, time 0.741ms
[INFO   ] DREAMPlace - full step 6.257 ms
[INFO   ] DREAMPlace - optimizer step 4.590 ms
[INFO   ] DREAMPlace - iteration  153, ( 153,  0,  0), Obj 2.540287E+07, DensityWeight 4.809291E-07, wHPWL 7.094899E+07, Overflow 7.769844E-01, MaxDensity 1.572E+02, gamma 5.347776E+02, time 3.695ms
[INFO   ] DREAMPlace - full step 8.755 ms
[INFO   ] DREAMPlace - optimizer step 2.314 ms
[INFO   ] DREAMPlace - iteration  154, ( 154,  0,  0), Obj 2.538962E+07, DensityWeight 4.972581E-07, wHPWL 7.094659E+07, Overflow 7.761981E-01, MaxDensity 1.486E+02, gamma 5.333900E+02, time 0.730ms
[INFO   ] DREAMPlace - full step 3.512 ms
[INFO   ] DREAMPlace - optimizer step 2.342 ms
[INFO   ] DREAMPlace - iteration  155, ( 155,  0,  0), Obj 2.535353E+07, DensityWeight 5.140901E-07, wHPWL 7.091189E+07, Overflow 7.754316E-01, MaxDensity 1.512E+02, gamma 5.312482E+02, time 3.529ms
[INFO   ] DREAMPlace - full step 6.333 ms
[INFO   ] DREAMPlace - optimizer step 2.297 ms
[INFO   ] DREAMPlace - iteration  156, ( 156,  0,  0), Obj 2.534913E+07, DensityWeight 5.314387E-07, wHPWL 7.091213E+07, Overflow 7.746049E-01, MaxDensity 1.520E+02, gamma 5.291690E+02, time 0.751ms
[INFO   ] DREAMPlace - full step 3.512 ms
[INFO   ] DREAMPlace - optimizer step 2.311 ms
[INFO   ] DREAMPlace - iteration  157, ( 157,  0,  0), Obj 2.533431E+07, DensityWeight 5.579919E-07, wHPWL 7.088026E+07, Overflow 7.738131E-01, MaxDensity 1.421E+02, gamma 5.269351E+02, time 1.332ms
[INFO   ] DREAMPlace - full step 4.111 ms
[INFO   ] DREAMPlace - optimizer step 2.296 ms
[INFO   ] DREAMPlace - iteration  158, ( 158,  0,  0), Obj 2.533842E+07, DensityWeight 5.767067E-07, wHPWL 7.088847E+07, Overflow 7.730439E-01, MaxDensity 1.470E+02, gamma 5.248046E+02, time 0.730ms
[INFO   ] DREAMPlace - full step 3.480 ms
[INFO   ] DREAMPlace - optimizer step 2.363 ms
[INFO   ] DREAMPlace - iteration  159, ( 159,  0,  0), Obj 2.532820E+07, DensityWeight 6.048489E-07, wHPWL 7.086025E+07, Overflow 7.723777E-01, MaxDensity 1.427E+02, gamma 5.227432E+02, time 0.741ms
[INFO   ] DREAMPlace - full step 3.576 ms
[INFO   ] DREAMPlace - optimizer step 2.287 ms
[INFO   ] DREAMPlace - iteration  160, ( 160,  0,  0), Obj 2.533101E+07, DensityWeight 6.250103E-07, wHPWL 7.087259E+07, Overflow 7.718130E-01, MaxDensity 1.353E+02, gamma 5.209640E+02, time 0.739ms
[INFO   ] DREAMPlace - full step 3.489 ms
[INFO   ] DREAMPlace - optimizer step 2.275 ms
[INFO   ] DREAMPlace - iteration  161, ( 161,  0,  0), Obj 2.531645E+07, DensityWeight 6.551325E-07, wHPWL 7.085413E+07, Overflow 7.711158E-01, MaxDensity 1.320E+02, gamma 5.194609E+02, time 0.746ms
[INFO   ] DREAMPlace - full step 3.514 ms
[INFO   ] DREAMPlace - optimizer step 2.297 ms
[INFO   ] DREAMPlace - iteration  162, ( 162,  0,  0), Obj 2.530980E+07, DensityWeight 6.768346E-07, wHPWL 7.087893E+07, Overflow 7.704720E-01, MaxDensity 1.234E+02, gamma 5.176111E+02, time 0.748ms
[INFO   ] DREAMPlace - full step 3.503 ms
[INFO   ] DREAMPlace - optimizer step 2.299 ms
[INFO   ] DREAMPlace - iteration  163, ( 163,  0,  0), Obj 2.530188E+07, DensityWeight 7.082236E-07, wHPWL 7.087493E+07, Overflow 7.698330E-01, MaxDensity 1.152E+02, gamma 5.159090E+02, time 0.744ms
[INFO   ] DREAMPlace - full step 3.514 ms
[INFO   ] DREAMPlace - optimizer step 2.283 ms
[INFO   ] DREAMPlace - iteration  164, ( 164,  0,  0), Obj 2.530820E+07, DensityWeight 7.315381E-07, wHPWL 7.092183E+07, Overflow 7.691563E-01, MaxDensity 1.137E+02, gamma 5.142245E+02, time 0.746ms
[INFO   ] DREAMPlace - full step 3.493 ms
[INFO   ] DREAMPlace - optimizer step 2.362 ms
[INFO   ] DREAMPlace - iteration  165, ( 165,  0,  0), Obj 2.530404E+07, DensityWeight 7.631091E-07, wHPWL 7.094052E+07, Overflow 7.684452E-01, MaxDensity 1.168E+02, gamma 5.124473E+02, time 0.741ms
[INFO   ] DREAMPlace - full step 3.571 ms
[INFO   ] DREAMPlace - optimizer step 2.333 ms
[INFO   ] DREAMPlace - iteration  166, ( 166,  0,  0), Obj 2.531595E+07, DensityWeight 7.991799E-07, wHPWL 7.100059E+07, Overflow 7.678280E-01, MaxDensity 1.132E+02, gamma 5.105860E+02, time 0.722ms
[INFO   ] DREAMPlace - full step 3.524 ms
[INFO   ] DREAMPlace - optimizer step 2.300 ms
[INFO   ] DREAMPlace - iteration  167, ( 167,  0,  0), Obj 2.532163E+07, DensityWeight 8.321412E-07, wHPWL 7.103452E+07, Overflow 7.672178E-01, MaxDensity 1.111E+02, gamma 5.089763E+02, time 0.738ms
[INFO   ] DREAMPlace - full step 3.504 ms
[INFO   ] DREAMPlace - optimizer step 2.290 ms
[INFO   ] DREAMPlace - iteration  168, ( 168,  0,  0), Obj 2.533705E+07, DensityWeight 8.696255E-07, wHPWL 7.111750E+07, Overflow 7.664174E-01, MaxDensity 9.986E+01, gamma 5.073894E+02, time 0.738ms
[INFO   ] DREAMPlace - full step 3.496 ms
[INFO   ] DREAMPlace - optimizer step 2.288 ms
[INFO   ] DREAMPlace - iteration  169, ( 169,  0,  0), Obj 2.534325E+07, DensityWeight 9.026047E-07, wHPWL 7.117486E+07, Overflow 7.659230E-01, MaxDensity 1.067E+02, gamma 5.053156E+02, time 0.751ms
[INFO   ] DREAMPlace - full step 3.503 ms
[INFO   ] DREAMPlace - optimizer step 2.321 ms
[INFO   ] DREAMPlace - iteration  170, ( 170,  0,  0), Obj 2.537742E+07, DensityWeight 9.401870E-07, wHPWL 7.127971E+07, Overflow 7.650551E-01, MaxDensity 1.015E+02, gamma 5.040387E+02, time 0.735ms
[INFO   ] DREAMPlace - full step 3.510 ms
[INFO   ] DREAMPlace - optimizer step 2.293 ms
[INFO   ] DREAMPlace - iteration  171, ( 171,  0,  0), Obj 2.538642E+07, DensityWeight 9.728725E-07, wHPWL 7.136720E+07, Overflow 7.644506E-01, MaxDensity 9.612E+01, gamma 5.018054E+02, time 0.731ms
[INFO   ] DREAMPlace - full step 3.476 ms
[INFO   ] DREAMPlace - optimizer step 2.336 ms
[INFO   ] DREAMPlace - iteration  172, ( 172,  0,  0), Obj 2.543161E+07, DensityWeight 1.009133E-06, wHPWL 7.149314E+07, Overflow 7.634355E-01, MaxDensity 9.992E+01, gamma 5.002557E+02, time 0.736ms
[INFO   ] DREAMPlace - full step 3.541 ms
[INFO   ] DREAMPlace - optimizer step 2.282 ms
[INFO   ] DREAMPlace - iteration  173, ( 173,  0,  0), Obj 2.545616E+07, DensityWeight 1.041151E-06, wHPWL 7.160312E+07, Overflow 7.627469E-01, MaxDensity 1.001E+02, gamma 4.976641E+02, time 0.739ms
[INFO   ] DREAMPlace - full step 3.489 ms
[INFO   ] DREAMPlace - optimizer step 2.302 ms
[INFO   ] DREAMPlace - iteration  174, ( 174,  0,  0), Obj 2.552163E+07, DensityWeight 1.076575E-06, wHPWL 7.175512E+07, Overflow 7.616642E-01, MaxDensity 9.394E+01, gamma 4.959136E+02, time 0.738ms
[INFO   ] DREAMPlace - full step 3.522 ms
[INFO   ] DREAMPlace - optimizer step 2.293 ms
[INFO   ] DREAMPlace - iteration  175, ( 175,  0,  0), Obj 2.556228E+07, DensityWeight 1.106704E-06, wHPWL 7.188978E+07, Overflow 7.608884E-01, MaxDensity 9.533E+01, gamma 4.931736E+02, time 0.724ms
[INFO   ] DREAMPlace - full step 3.483 ms
[INFO   ] DREAMPlace - optimizer step 2.295 ms
[INFO   ] DREAMPlace - iteration  176, ( 176,  0,  0), Obj 2.564004E+07, DensityWeight 1.140428E-06, wHPWL 7.205885E+07, Overflow 7.597787E-01, MaxDensity 8.656E+01, gamma 4.912201E+02, time 0.945ms
[INFO   ] DREAMPlace - full step 3.711 ms
[INFO   ] DREAMPlace - optimizer step 2.290 ms
[INFO   ] DREAMPlace - iteration  177, ( 177,  0,  0), Obj 2.569476E+07, DensityWeight 1.169559E-06, wHPWL 7.220941E+07, Overflow 7.586442E-01, MaxDensity 8.638E+01, gamma 4.884385E+02, time 0.750ms
[INFO   ] DREAMPlace - full step 3.505 ms
[INFO   ] DREAMPlace - optimizer step 2.300 ms
[INFO   ] DREAMPlace - iteration  178, ( 178,  0,  0), Obj 2.578402E+07, DensityWeight 1.202531E-06, wHPWL 7.239600E+07, Overflow 7.574560E-01, MaxDensity 8.142E+01, gamma 4.856115E+02, time 0.736ms
[INFO   ] DREAMPlace - full step 3.493 ms
[INFO   ] DREAMPlace - optimizer step 2.358 ms
[INFO   ] DREAMPlace - iteration  179, ( 179,  0,  0), Obj 2.587385E+07, DensityWeight 1.230238E-06, wHPWL 7.256377E+07, Overflow 7.564701E-01, MaxDensity 8.793E+01, gamma 4.826680E+02, time 0.745ms
[INFO   ] DREAMPlace - full step 3.572 ms
[I] plotting to obsspread_results/bigblue1/plot/iter0180.png takes 7.799 seconds
[INFO   ] DREAMPlace - plotting to obsspread_results/bigblue1/plot/iter0180.png takes 7.851 seconds
[INFO   ] DREAMPlace - optimizer step 47.796 ms
[INFO   ] DREAMPlace - iteration  180, ( 180,  0,  0), Obj 2.598177E+07, DensityWeight 1.261890E-06, wHPWL 7.277063E+07, Overflow 7.551079E-01, MaxDensity 8.306E+01, gamma 4.802393E+02, time 0.732ms
[INFO   ] DREAMPlace - full step 7909.842 ms
[INFO   ] DREAMPlace - optimizer step 26.988 ms
[INFO   ] DREAMPlace - iteration  181, ( 181,  0,  0), Obj 2.606888E+07, DensityWeight 1.287322E-06, wHPWL 7.294599E+07, Overflow 7.538645E-01, MaxDensity 8.649E+01, gamma 4.769037E+02, time 5.036ms
[INFO   ] DREAMPlace - full step 39.363 ms
[INFO   ] DREAMPlace - optimizer step 20.416 ms
[INFO   ] DREAMPlace - iteration  182, ( 182,  0,  0), Obj 2.619166E+07, DensityWeight 1.319046E-06, wHPWL 7.314896E+07, Overflow 7.524654E-01, MaxDensity 8.683E+01, gamma 4.738788E+02, time 5.240ms
[INFO   ] DREAMPlace - full step 33.003 ms
[INFO   ] DREAMPlace - optimizer step 49.545 ms
[INFO   ] DREAMPlace - iteration  183, ( 183,  0,  0), Obj 2.630981E+07, DensityWeight 1.346360E-06, wHPWL 7.333988E+07, Overflow 7.511102E-01, MaxDensity 8.053E+01, gamma 4.704985E+02, time 5.298ms
[INFO   ] DREAMPlace - full step 60.008 ms
[INFO   ] DREAMPlace - optimizer step 18.447 ms
[INFO   ] DREAMPlace - iteration  184, ( 184,  0,  0), Obj 2.645051E+07, DensityWeight 1.376550E-06, wHPWL 7.356202E+07, Overflow 7.496134E-01, MaxDensity 8.164E+01, gamma 4.672471E+02, time 10.299ms
[INFO   ] DREAMPlace - full step 35.988 ms
[INFO   ] DREAMPlace - optimizer step 48.747 ms
[INFO   ] DREAMPlace - iteration  185, ( 185,  0,  0), Obj 2.658310E+07, DensityWeight 1.401305E-06, wHPWL 7.375324E+07, Overflow 7.480992E-01, MaxDensity 8.046E+01, gamma 4.636823E+02, time 5.187ms
[INFO   ] DREAMPlace - full step 61.171 ms
[INFO   ] DREAMPlace - optimizer step 29.284 ms
[INFO   ] DREAMPlace - iteration  186, ( 186,  0,  0), Obj 2.673567E+07, DensityWeight 1.432668E-06, wHPWL 7.397063E+07, Overflow 7.466672E-01, MaxDensity 7.448E+01, gamma 4.601037E+02, time 5.227ms
[INFO   ] DREAMPlace - full step 41.343 ms
[INFO   ] DREAMPlace - optimizer step 22.151 ms
[INFO   ] DREAMPlace - iteration  187, ( 187,  0,  0), Obj 2.688916E+07, DensityWeight 1.459398E-06, wHPWL 7.416519E+07, Overflow 7.451604E-01, MaxDensity 7.042E+01, gamma 4.567446E+02, time 5.282ms
[INFO   ] DREAMPlace - full step 34.781 ms
[INFO   ] DREAMPlace - optimizer step 50.699 ms
[INFO   ] DREAMPlace - iteration  188, ( 188,  0,  0), Obj 2.704762E+07, DensityWeight 1.491366E-06, wHPWL 7.438803E+07, Overflow 7.437273E-01, MaxDensity 7.525E+01, gamma 4.532365E+02, time 5.258ms
[INFO   ] DREAMPlace - full step 60.993 ms
[INFO   ] DREAMPlace - optimizer step 22.467 ms
[INFO   ] DREAMPlace - iteration  189, ( 189,  0,  0), Obj 2.720603E+07, DensityWeight 1.518037E-06, wHPWL 7.457859E+07, Overflow 7.422721E-01, MaxDensity 7.781E+01, gamma 4.499251E+02, time 5.338ms
[INFO   ] DREAMPlace - full step 30.240 ms
[INFO   ] DREAMPlace - optimizer step 37.822 ms
[INFO   ] DREAMPlace - iteration  190, ( 190,  0,  0), Obj 2.736975E+07, DensityWeight 1.552155E-06, wHPWL 7.479641E+07, Overflow 7.409064E-01, MaxDensity 7.790E+01, gamma 4.465874E+02, time 4.925ms
[INFO   ] DREAMPlace - full step 50.052 ms
[INFO   ] DREAMPlace - optimizer step 21.459 ms
[INFO   ] DREAMPlace - iteration  191, ( 191,  0,  0), Obj 2.753306E+07, DensityWeight 1.581021E-06, wHPWL 7.499006E+07, Overflow 7.395589E-01, MaxDensity 7.531E+01, gamma 4.434775E+02, time 16.149ms
[INFO   ] DREAMPlace - full step 44.496 ms
[INFO   ] DREAMPlace - optimizer step 22.267 ms
[INFO   ] DREAMPlace - iteration  192, ( 192,  0,  0), Obj 2.769857E+07, DensityWeight 1.615858E-06, wHPWL 7.520846E+07, Overflow 7.381106E-01, MaxDensity 7.107E+01, gamma 4.404302E+02, time 5.360ms
[INFO   ] DREAMPlace - full step 32.689 ms
[INFO   ] DREAMPlace - optimizer step 57.892 ms
[INFO   ] DREAMPlace - iteration  193, ( 193,  0,  0), Obj 2.785960E+07, DensityWeight 1.645774E-06, wHPWL 7.540146E+07, Overflow 7.366968E-01, MaxDensity 6.940E+01, gamma 4.371785E+02, time 5.327ms
[INFO   ] DREAMPlace - full step 68.193 ms
[INFO   ] DREAMPlace - optimizer step 26.730 ms
[INFO   ] DREAMPlace - iteration  194, ( 194,  0,  0), Obj 2.803601E+07, DensityWeight 1.682190E-06, wHPWL 7.561883E+07, Overflow 7.354635E-01, MaxDensity 6.666E+01, gamma 4.340273E+02, time 5.212ms
[INFO   ] DREAMPlace - full step 38.816 ms
[INFO   ] DREAMPlace - optimizer step 27.038 ms
[INFO   ] DREAMPlace - iteration  195, ( 195,  0,  0), Obj 2.821160E+07, DensityWeight 1.713580E-06, wHPWL 7.581941E+07, Overflow 7.341121E-01, MaxDensity 6.949E+01, gamma 4.312968E+02, time 3.003ms
[INFO   ] DREAMPlace - full step 35.211 ms
[INFO   ] DREAMPlace - optimizer step 58.795 ms
[INFO   ] DREAMPlace - iteration  196, ( 196,  0,  0), Obj 2.837862E+07, DensityWeight 1.749647E-06, wHPWL 7.604052E+07, Overflow 7.328790E-01, MaxDensity 7.183E+01, gamma 4.283249E+02, time 5.244ms
[INFO   ] DREAMPlace - full step 67.405 ms
[INFO   ] DREAMPlace - optimizer step 17.138 ms
[INFO   ] DREAMPlace - iteration  197, ( 197,  0,  0), Obj 2.854834E+07, DensityWeight 1.781367E-06, wHPWL 7.623059E+07, Overflow 7.317572E-01, MaxDensity 7.116E+01, gamma 4.256308E+02, time 5.234ms
[INFO   ] DREAMPlace - full step 29.589 ms
[INFO   ] DREAMPlace - optimizer step 31.994 ms
[INFO   ] DREAMPlace - iteration  198, ( 198,  0,  0), Obj 2.871919E+07, DensityWeight 1.821527E-06, wHPWL 7.645158E+07, Overflow 7.306124E-01, MaxDensity 7.027E+01, gamma 4.231946E+02, time 5.207ms
[INFO   ] DREAMPlace - full step 44.448 ms
[INFO   ] DREAMPlace - optimizer step 21.804 ms
[INFO   ] DREAMPlace - iteration  199, ( 199,  0,  0), Obj 2.888063E+07, DensityWeight 1.854583E-06, wHPWL 7.665306E+07, Overflow 7.293507E-01, MaxDensity 6.708E+01, gamma 4.207228E+02, time 5.226ms
[INFO   ] DREAMPlace - full step 34.260 ms
[INFO   ] DREAMPlace - optimizer step 20.710 ms
[INFO   ] DREAMPlace - iteration  200, ( 200,  0,  0), Obj 2.904480E+07, DensityWeight 1.893380E-06, wHPWL 7.687093E+07, Overflow 7.281285E-01, MaxDensity 6.847E+01, gamma 4.180154E+02, time 37.543ms
[INFO   ] DREAMPlace - full step 65.378 ms
[INFO   ] DREAMPlace - optimizer step 22.552 ms
[INFO   ] DREAMPlace - iteration  201, ( 201,  0,  0), Obj 2.921968E+07, DensityWeight 1.928577E-06, wHPWL 7.707328E+07, Overflow 7.269832E-01, MaxDensity 6.838E+01, gamma 4.154094E+02, time 4.469ms
[INFO   ] DREAMPlace - full step 61.549 ms
[INFO   ] DREAMPlace - optimizer step 2.366 ms
[INFO   ] DREAMPlace - iteration  202, ( 202,  0,  0), Obj 2.939919E+07, DensityWeight 1.968682E-06, wHPWL 7.730335E+07, Overflow 7.257259E-01, MaxDensity 7.156E+01, gamma 4.129820E+02, time 0.787ms
[INFO   ] DREAMPlace - full step 3.664 ms
[INFO   ] DREAMPlace - optimizer step 2.451 ms
[INFO   ] DREAMPlace - iteration  203, ( 203,  0,  0), Obj 2.956883E+07, DensityWeight 2.001872E-06, wHPWL 7.750830E+07, Overflow 7.246491E-01, MaxDensity 6.700E+01, gamma 4.103338E+02, time 0.744ms
[INFO   ] DREAMPlace - full step 3.671 ms
[INFO   ] DREAMPlace - optimizer step 2.519 ms
[INFO   ] DREAMPlace - iteration  204, ( 204,  0,  0), Obj 2.974518E+07, DensityWeight 2.042761E-06, wHPWL 7.772289E+07, Overflow 7.236638E-01, MaxDensity 6.623E+01, gamma 4.080789E+02, time 0.762ms
[INFO   ] DREAMPlace - full step 3.799 ms
[INFO   ] DREAMPlace - optimizer step 2.831 ms
[INFO   ] DREAMPlace - iteration  205, ( 205,  0,  0), Obj 2.991132E+07, DensityWeight 2.081688E-06, wHPWL 7.792494E+07, Overflow 7.225626E-01, MaxDensity 6.645E+01, gamma 4.060268E+02, time 0.736ms
[INFO   ] DREAMPlace - full step 4.071 ms
[INFO   ] DREAMPlace - optimizer step 3.323 ms
[INFO   ] DREAMPlace - iteration  206, ( 206,  0,  0), Obj 3.006769E+07, DensityWeight 2.125068E-06, wHPWL 7.813810E+07, Overflow 7.215282E-01, MaxDensity 6.984E+01, gamma 4.037452E+02, time 0.909ms
[INFO   ] DREAMPlace - full step 4.768 ms
[INFO   ] DREAMPlace - optimizer step 2.423 ms
[INFO   ] DREAMPlace - iteration  207, ( 207,  0,  0), Obj 3.023002E+07, DensityWeight 2.165994E-06, wHPWL 7.832794E+07, Overflow 7.205263E-01, MaxDensity 6.318E+01, gamma 4.016140E+02, time 0.779ms
[INFO   ] DREAMPlace - full step 3.685 ms
[INFO   ] DREAMPlace - optimizer step 12.680 ms
[INFO   ] DREAMPlace - iteration  208, ( 208,  0,  0), Obj 3.039385E+07, DensityWeight 2.214896E-06, wHPWL 7.854476E+07, Overflow 7.195868E-01, MaxDensity 6.221E+01, gamma 3.995605E+02, time 0.788ms
[INFO   ] DREAMPlace - full step 14.220 ms
[INFO   ] DREAMPlace - optimizer step 6.634 ms
[INFO   ] DREAMPlace - iteration  209, ( 209,  0,  0), Obj 3.055324E+07, DensityWeight 2.256399E-06, wHPWL 7.874323E+07, Overflow 7.186207E-01, MaxDensity 6.058E+01, gamma 3.976444E+02, time 0.942ms
[INFO   ] DREAMPlace - full step 8.421 ms
[INFO   ] DREAMPlace - optimizer step 20.584 ms
[INFO   ] DREAMPlace - iteration  210, ( 210,  0,  0), Obj 3.070230E+07, DensityWeight 2.304568E-06, wHPWL 7.894723E+07, Overflow 7.178043E-01, MaxDensity 5.937E+01, gamma 3.956833E+02, time 1.316ms
[INFO   ] DREAMPlace - full step 27.049 ms
[INFO   ] DREAMPlace - optimizer step 18.904 ms
[INFO   ] DREAMPlace - iteration  211, ( 211,  0,  0), Obj 3.085226E+07, DensityWeight 2.351952E-06, wHPWL 7.913358E+07, Overflow 7.168518E-01, MaxDensity 6.084E+01, gamma 3.940339E+02, time 9.806ms
[INFO   ] DREAMPlace - full step 35.917 ms
[INFO   ] DREAMPlace - optimizer step 22.646 ms
[INFO   ] DREAMPlace - iteration  212, ( 212,  0,  0), Obj 3.099023E+07, DensityWeight 2.406226E-06, wHPWL 7.933494E+07, Overflow 7.161571E-01, MaxDensity 5.999E+01, gamma 3.921181E+02, time 3.448ms
[INFO   ] DREAMPlace - full step 27.368 ms
[INFO   ] DREAMPlace - optimizer step 25.528 ms
[INFO   ] DREAMPlace - iteration  213, ( 213,  0,  0), Obj 3.113472E+07, DensityWeight 2.456601E-06, wHPWL 7.951371E+07, Overflow 7.152762E-01, MaxDensity 5.954E+01, gamma 3.907267E+02, time 0.765ms
[INFO   ] DREAMPlace - full step 31.338 ms
[INFO   ] DREAMPlace - optimizer step 22.612 ms
[INFO   ] DREAMPlace - iteration  214, ( 214,  0,  0), Obj 3.125844E+07, DensityWeight 2.515945E-06, wHPWL 7.970669E+07, Overflow 7.147329E-01, MaxDensity 6.011E+01, gamma 3.889695E+02, time 3.382ms
[INFO   ] DREAMPlace - full step 29.944 ms
[INFO   ] DREAMPlace - optimizer step 42.544 ms
[INFO   ] DREAMPlace - iteration  215, ( 215,  0,  0), Obj 3.138906E+07, DensityWeight 2.571624E-06, wHPWL 7.987063E+07, Overflow 7.140086E-01, MaxDensity 5.703E+01, gamma 3.878899E+02, time 5.266ms
[INFO   ] DREAMPlace - full step 55.009 ms
[INFO   ] DREAMPlace - optimizer step 19.106 ms
[INFO   ] DREAMPlace - iteration  216, ( 216,  0,  0), Obj 3.149209E+07, DensityWeight 2.639194E-06, wHPWL 8.004734E+07, Overflow 7.134232E-01, MaxDensity 5.615E+01, gamma 3.864549E+02, time 7.628ms
[INFO   ] DREAMPlace - full step 33.947 ms
[INFO   ] DREAMPlace - optimizer step 23.237 ms
[INFO   ] DREAMPlace - iteration  217, ( 217,  0,  0), Obj 3.160017E+07, DensityWeight 2.703724E-06, wHPWL 8.019404E+07, Overflow 7.125323E-01, MaxDensity 5.534E+01, gamma 3.852990E+02, time 8.031ms
[INFO   ] DREAMPlace - full step 36.630 ms
[INFO   ] DREAMPlace - optimizer step 51.175 ms
[INFO   ] DREAMPlace - iteration  218, ( 218,  0,  0), Obj 3.169686E+07, DensityWeight 2.781446E-06, wHPWL 8.035214E+07, Overflow 7.119284E-01, MaxDensity 5.487E+01, gamma 3.835465E+02, time 3.370ms
[INFO   ] DREAMPlace - full step 61.736 ms
[INFO   ] DREAMPlace - optimizer step 22.532 ms
[INFO   ] DREAMPlace - iteration  219, ( 219,  0,  0), Obj 3.181748E+07, DensityWeight 2.856854E-06, wHPWL 8.049641E+07, Overflow 7.110776E-01, MaxDensity 5.232E+01, gamma 3.823632E+02, time 3.421ms
[INFO   ] DREAMPlace - full step 31.863 ms
[INFO   ] DREAMPlace - optimizer step 22.582 ms
[INFO   ] DREAMPlace - iteration  220, ( 220,  0,  0), Obj 3.191383E+07, DensityWeight 2.939974E-06, wHPWL 8.065052E+07, Overflow 7.105356E-01, MaxDensity 5.255E+01, gamma 3.807021E+02, time 30.847ms
[INFO   ] DREAMPlace - full step 58.901 ms
[INFO   ] DREAMPlace - optimizer step 48.286 ms
[INFO   ] DREAMPlace - iteration  221, ( 221,  0,  0), Obj 3.201684E+07, DensityWeight 3.021362E-06, wHPWL 8.076965E+07, Overflow 7.095706E-01, MaxDensity 5.023E+01, gamma 3.796479E+02, time 23.854ms
[INFO   ] DREAMPlace - full step 79.341 ms
[INFO   ] DREAMPlace - optimizer step 23.477 ms
[INFO   ] DREAMPlace - iteration  222, ( 222,  0,  0), Obj 3.209269E+07, DensityWeight 3.120182E-06, wHPWL 8.089605E+07, Overflow 7.087802E-01, MaxDensity 5.061E+01, gamma 3.777778E+02, time 5.323ms
[INFO   ] DREAMPlace - full step 36.017 ms
[INFO   ] DREAMPlace - optimizer step 22.566 ms
[INFO   ] DREAMPlace - iteration  223, ( 223,  0,  0), Obj 3.219814E+07, DensityWeight 3.218969E-06, wHPWL 8.100009E+07, Overflow 7.078417E-01, MaxDensity 4.973E+01, gamma 3.762531E+02, time 3.487ms
[INFO   ] DREAMPlace - full step 53.700 ms
[INFO   ] DREAMPlace - optimizer step 50.860 ms
[INFO   ] DREAMPlace - iteration  224, ( 224,  0,  0), Obj 3.229654E+07, DensityWeight 3.331251E-06, wHPWL 8.112922E+07, Overflow 7.067589E-01, MaxDensity 4.931E+01, gamma 3.744506E+02, time 5.230ms
[INFO   ] DREAMPlace - full step 63.410 ms
[I] plotting to obsspread_results/bigblue1/plot/iter0225.png takes 11.121 seconds
[INFO   ] DREAMPlace - plotting to obsspread_results/bigblue1/plot/iter0225.png takes 11.296 seconds
[INFO   ] DREAMPlace - optimizer step 30.141 ms
[INFO   ] DREAMPlace - iteration  225, ( 225,  0,  0), Obj 3.240102E+07, DensityWeight 3.435410E-06, wHPWL 8.123457E+07, Overflow 7.057977E-01, MaxDensity 4.820E+01, gamma 3.723816E+02, time 8.712ms
[INFO   ] DREAMPlace - full step 11350.487 ms
[INFO   ] DREAMPlace - optimizer step 20.048 ms
[INFO   ] DREAMPlace - iteration  226, ( 226,  0,  0), Obj 3.250825E+07, DensityWeight 3.554596E-06, wHPWL 8.133490E+07, Overflow 7.044998E-01, MaxDensity 4.686E+01, gamma 3.705546E+02, time 5.056ms
[INFO   ] DREAMPlace - full step 32.712 ms
[INFO   ] DREAMPlace - optimizer step 66.014 ms
[INFO   ] DREAMPlace - iteration  227, ( 227,  0,  0), Obj 3.261419E+07, DensityWeight 3.680490E-06, wHPWL 8.143339E+07, Overflow 7.031946E-01, MaxDensity 4.637E+01, gamma 3.681019E+02, time 5.187ms
[INFO   ] DREAMPlace - full step 78.326 ms
[INFO   ] DREAMPlace - optimizer step 28.645 ms
[INFO   ] DREAMPlace - iteration  228, ( 228,  0,  0), Obj 3.273560E+07, DensityWeight 3.811816E-06, wHPWL 8.152264E+07, Overflow 7.015674E-01, MaxDensity 4.632E+01, gamma 3.656518E+02, time 9.661ms
[INFO   ] DREAMPlace - full step 43.561 ms
[INFO   ] DREAMPlace - optimizer step 21.746 ms
[INFO   ] DREAMPlace - iteration  229, ( 229,  0,  0), Obj 3.287040E+07, DensityWeight 3.952920E-06, wHPWL 8.161390E+07, Overflow 6.999416E-01, MaxDensity 4.364E+01, gamma 3.626198E+02, time 5.217ms
[INFO   ] DREAMPlace - full step 34.387 ms
[INFO   ] DREAMPlace - optimizer step 45.624 ms
[INFO   ] DREAMPlace - iteration  230, ( 230,  0,  0), Obj 3.302554E+07, DensityWeight 4.098095E-06, wHPWL 8.170578E+07, Overflow 6.981460E-01, MaxDensity 4.201E+01, gamma 3.596159E+02, time 5.208ms
[INFO   ] DREAMPlace - full step 57.820 ms
[INFO   ] DREAMPlace - optimizer step 23.107 ms
[INFO   ] DREAMPlace - iteration  231, ( 231,  0,  0), Obj 3.318757E+07, DensityWeight 4.248243E-06, wHPWL 8.178729E+07, Overflow 6.961579E-01, MaxDensity 4.394E+01, gamma 3.563268E+02, time 5.244ms
[INFO   ] DREAMPlace - full step 35.573 ms
[INFO   ] DREAMPlace - optimizer step 28.906 ms
[INFO   ] DREAMPlace - iteration  232, ( 232,  0,  0), Obj 3.335364E+07, DensityWeight 4.410257E-06, wHPWL 8.186059E+07, Overflow 6.941562E-01, MaxDensity 4.329E+01, gamma 3.527204E+02, time 31.527ms
[INFO   ] DREAMPlace - full step 67.571 ms
[INFO   ] DREAMPlace - optimizer step 51.676 ms
[INFO   ] DREAMPlace - iteration  233, ( 233,  0,  0), Obj 3.354185E+07, DensityWeight 4.583690E-06, wHPWL 8.191810E+07, Overflow 6.917757E-01, MaxDensity 4.004E+01, gamma 3.491261E+02, time 3.128ms
[INFO   ] DREAMPlace - full step 62.090 ms
[INFO   ] DREAMPlace - optimizer step 22.331 ms
[INFO   ] DREAMPlace - iteration  234, ( 234,  0,  0), Obj 3.373371E+07, DensityWeight 4.774448E-06, wHPWL 8.198977E+07, Overflow 6.895398E-01, MaxDensity 4.386E+01, gamma 3.448994E+02, time 5.200ms
[INFO   ] DREAMPlace - full step 34.738 ms
[INFO   ] DREAMPlace - optimizer step 24.603 ms
[INFO   ] DREAMPlace - iteration  235, ( 235,  0,  0), Obj 3.396054E+07, DensityWeight 4.963332E-06, wHPWL 8.203942E+07, Overflow 6.867275E-01, MaxDensity 3.947E+01, gamma 3.409758E+02, time 20.574ms
[INFO   ] DREAMPlace - full step 52.373 ms
[INFO   ] DREAMPlace - optimizer step 55.660 ms
[INFO   ] DREAMPlace - iteration  236, ( 236,  0,  0), Obj 3.418096E+07, DensityWeight 5.175548E-06, wHPWL 8.210727E+07, Overflow 6.842601E-01, MaxDensity 4.132E+01, gamma 3.361044E+02, time 5.178ms
[INFO   ] DREAMPlace - full step 68.105 ms
[INFO   ] DREAMPlace - optimizer step 18.694 ms
[INFO   ] DREAMPlace - iteration  237, ( 237,  0,  0), Obj 3.444954E+07, DensityWeight 5.383170E-06, wHPWL 8.214378E+07, Overflow 6.812883E-01, MaxDensity 4.221E+01, gamma 3.318875E+02, time 5.094ms
[INFO   ] DREAMPlace - full step 30.204 ms
[INFO   ] DREAMPlace - optimizer step 37.975 ms
[INFO   ] DREAMPlace - iteration  238, ( 238,  0,  0), Obj 3.470151E+07, DensityWeight 5.623638E-06, wHPWL 8.220778E+07, Overflow 6.786578E-01, MaxDensity 4.304E+01, gamma 3.268789E+02, time 5.159ms
[INFO   ] DREAMPlace - full step 49.563 ms
[INFO   ] DREAMPlace - optimizer step 23.622 ms
[INFO   ] DREAMPlace - iteration  239, ( 239,  0,  0), Obj 3.499103E+07, DensityWeight 5.852373E-06, wHPWL 8.223138E+07, Overflow 6.754364E-01, MaxDensity 4.282E+01, gamma 3.225088E+02, time 5.108ms
[INFO   ] DREAMPlace - full step 36.008 ms
[INFO   ] DREAMPlace - optimizer step 17.705 ms
[INFO   ] DREAMPlace - iteration  240, ( 240,  0,  0), Obj 3.526246E+07, DensityWeight 6.124808E-06, wHPWL 8.227725E+07, Overflow 6.724932E-01, MaxDensity 4.172E+01, gamma 3.172361E+02, time 5.213ms
[INFO   ] DREAMPlace - full step 28.034 ms
[INFO   ] DREAMPlace - optimizer step 41.346 ms
[INFO   ] DREAMPlace - iteration  241, ( 241,  0,  0), Obj 3.558628E+07, DensityWeight 6.390055E-06, wHPWL 8.229482E+07, Overflow 6.692534E-01, MaxDensity 4.231E+01, gamma 3.124944E+02, time 9.754ms
[INFO   ] DREAMPlace - full step 58.305 ms
[INFO   ] DREAMPlace - optimizer step 50.102 ms
[INFO   ] DREAMPlace - iteration  242, ( 242,  0,  0), Obj 3.590460E+07, DensityWeight 6.693146E-06, wHPWL 8.234640E+07, Overflow 6.658397E-01, MaxDensity 3.883E+01, gamma 3.073568E+02, time 25.022ms
[INFO   ] DREAMPlace - full step 82.496 ms
[INFO   ] DREAMPlace - optimizer step 22.401 ms
[INFO   ] DREAMPlace - iteration  243, ( 243,  0,  0), Obj 3.625054E+07, DensityWeight 6.977448E-06, wHPWL 8.237202E+07, Overflow 6.624890E-01, MaxDensity 3.607E+01, gamma 3.020347E+02, time 5.191ms
[INFO   ] DREAMPlace - full step 34.920 ms
[INFO   ] DREAMPlace - optimizer step 49.242 ms
[INFO   ] DREAMPlace - iteration  244, ( 244,  0,  0), Obj 3.662282E+07, DensityWeight 7.300205E-06, wHPWL 8.241494E+07, Overflow 6.591707E-01, MaxDensity 3.891E+01, gamma 2.969004E+02, time 5.175ms
[INFO   ] DREAMPlace - full step 61.690 ms
[INFO   ] DREAMPlace - optimizer step 21.742 ms
[INFO   ] DREAMPlace - iteration  245, ( 245,  0,  0), Obj 3.700941E+07, DensityWeight 7.619482E-06, wHPWL 8.246421E+07, Overflow 6.555933E-01, MaxDensity 3.253E+01, gamma 2.919019E+02, time 3.360ms
[INFO   ] DREAMPlace - full step 32.303 ms
[INFO   ] DREAMPlace - optimizer step 19.965 ms
[INFO   ] DREAMPlace - iteration  246, ( 246,  0,  0), Obj 3.739883E+07, DensityWeight 7.945702E-06, wHPWL 8.252234E+07, Overflow 6.518874E-01, MaxDensity 3.469E+01, gamma 2.866071E+02, time 5.200ms
[INFO   ] DREAMPlace - full step 32.652 ms
[INFO   ] DREAMPlace - optimizer step 50.272 ms
[INFO   ] DREAMPlace - iteration  247, ( 247,  0,  0), Obj 3.782526E+07, DensityWeight 8.275657E-06, wHPWL 8.257814E+07, Overflow 6.483402E-01, MaxDensity 3.189E+01, gamma 2.812235E+02, time 5.248ms
[INFO   ] DREAMPlace - full step 62.736 ms
[INFO   ] DREAMPlace - optimizer step 18.763 ms
[INFO   ] DREAMPlace - iteration  248, ( 248,  0,  0), Obj 3.829174E+07, DensityWeight 8.622111E-06, wHPWL 8.268119E+07, Overflow 6.444702E-01, MaxDensity 3.058E+01, gamma 2.761651E+02, time 7.676ms
[INFO   ] DREAMPlace - full step 32.801 ms
[INFO   ] DREAMPlace - optimizer step 26.377 ms
[INFO   ] DREAMPlace - iteration  249, ( 249,  0,  0), Obj 3.876452E+07, DensityWeight 8.924087E-06, wHPWL 8.279754E+07, Overflow 6.408632E-01, MaxDensity 2.967E+01, gamma 2.707502E+02, time 26.910ms
[INFO   ] DREAMPlace - full step 60.530 ms
[INFO   ] DREAMPlace - optimizer step 5.123 ms
[INFO   ] DREAMPlace - iteration  250, ( 250,  0,  0), Obj 3.927435E+07, DensityWeight 9.219544E-06, wHPWL 8.292403E+07, Overflow 6.371062E-01, MaxDensity 3.138E+01, gamma 2.657990E+02, time 0.889ms
[INFO   ] DREAMPlace - full step 6.792 ms
[INFO   ] DREAMPlace - optimizer step 6.594 ms
[INFO   ] DREAMPlace - iteration  251, ( 251,  0,  0), Obj 3.978434E+07, DensityWeight 9.511315E-06, wHPWL 8.306866E+07, Overflow 6.332254E-01, MaxDensity 3.069E+01, gamma 2.607382E+02, time 0.934ms
[INFO   ] DREAMPlace - full step 8.137 ms
[INFO   ] DREAMPlace - optimizer step 37.256 ms
[INFO   ] DREAMPlace - iteration  252, ( 252,  0,  0), Obj 4.032054E+07, DensityWeight 9.787544E-06, wHPWL 8.323152E+07, Overflow 6.298016E-01, MaxDensity 2.878E+01, gamma 2.556117E+02, time 0.852ms
[INFO   ] DREAMPlace - full step 38.655 ms
[INFO   ] DREAMPlace - optimizer step 9.901 ms
[INFO   ] DREAMPlace - iteration  253, ( 253,  0,  0), Obj 4.088138E+07, DensityWeight 1.004624E-05, wHPWL 8.339749E+07, Overflow 6.265132E-01, MaxDensity 2.689E+01, gamma 2.511725E+02, time 3.208ms
[INFO   ] DREAMPlace - full step 13.872 ms
[INFO   ] DREAMPlace - optimizer step 16.402 ms
[INFO   ] DREAMPlace - iteration  254, ( 254,  0,  0), Obj 4.142018E+07, DensityWeight 1.030730E-05, wHPWL 8.359074E+07, Overflow 6.236445E-01, MaxDensity 2.701E+01, gamma 2.469815E+02, time 1.032ms
[INFO   ] DREAMPlace - full step 22.526 ms
[INFO   ] DREAMPlace - optimizer step 48.790 ms
[INFO   ] DREAMPlace - iteration  255, ( 255,  0,  0), Obj 4.193535E+07, DensityWeight 1.053501E-05, wHPWL 8.375112E+07, Overflow 6.206738E-01, MaxDensity 2.904E+01, gamma 2.433827E+02, time 5.232ms
[INFO   ] DREAMPlace - full step 61.226 ms
[INFO   ] DREAMPlace - optimizer step 19.831 ms
[INFO   ] DREAMPlace - iteration  256, ( 256,  0,  0), Obj 4.241948E+07, DensityWeight 1.081719E-05, wHPWL 8.392177E+07, Overflow 6.180221E-01, MaxDensity 2.993E+01, gamma 2.397110E+02, time 5.183ms
[INFO   ] DREAMPlace - full step 32.204 ms
[INFO   ] DREAMPlace - optimizer step 24.033 ms
[INFO   ] DREAMPlace - iteration  257, ( 257,  0,  0), Obj 4.290983E+07, DensityWeight 1.109105E-05, wHPWL 8.408153E+07, Overflow 6.152232E-01, MaxDensity 2.850E+01, gamma 2.364805E+02, time 5.246ms
[INFO   ] DREAMPlace - full step 35.808 ms
[INFO   ] DREAMPlace - optimizer step 57.922 ms
[INFO   ] DREAMPlace - iteration  258, ( 258,  0,  0), Obj 4.338552E+07, DensityWeight 1.138911E-05, wHPWL 8.426868E+07, Overflow 6.127873E-01, MaxDensity 2.818E+01, gamma 2.331179E+02, time 4.183ms
[INFO   ] DREAMPlace - full step 68.358 ms
[INFO   ] DREAMPlace - optimizer step 24.470 ms
[INFO   ] DREAMPlace - iteration  259, ( 259,  0,  0), Obj 4.386044E+07, DensityWeight 1.165061E-05, wHPWL 8.443322E+07, Overflow 6.102230E-01, MaxDensity 2.968E+01, gamma 2.302303E+02, time 4.667ms
[INFO   ] DREAMPlace - full step 36.327 ms
[INFO   ] DREAMPlace - optimizer step 21.372 ms
[INFO   ] DREAMPlace - iteration  260, ( 260,  0,  0), Obj 4.430796E+07, DensityWeight 1.195575E-05, wHPWL 8.460720E+07, Overflow 6.082253E-01, MaxDensity 3.053E+01, gamma 2.272291E+02, time 5.194ms
[INFO   ] DREAMPlace - full step 35.529 ms
[INFO   ] DREAMPlace - optimizer step 50.228 ms
[INFO   ] DREAMPlace - iteration  261, ( 261,  0,  0), Obj 4.474768E+07, DensityWeight 1.225273E-05, wHPWL 8.475190E+07, Overflow 6.059986E-01, MaxDensity 3.021E+01, gamma 2.249182E+02, time 10.891ms
[INFO   ] DREAMPlace - full step 68.493 ms
[INFO   ] DREAMPlace - optimizer step 19.661 ms
[INFO   ] DREAMPlace - iteration  262, ( 262,  0,  0), Obj 4.514227E+07, DensityWeight 1.260847E-05, wHPWL 8.490457E+07, Overflow 6.042401E-01, MaxDensity 2.774E+01, gamma 2.223702E+02, time 7.684ms
[INFO   ] DREAMPlace - full step 34.579 ms
[INFO   ] DREAMPlace - optimizer step 24.492 ms
[INFO   ] DREAMPlace - iteration  263, ( 263,  0,  0), Obj 4.552988E+07, DensityWeight 1.296011E-05, wHPWL 8.501883E+07, Overflow 6.027252E-01, MaxDensity 2.785E+01, gamma 2.203783E+02, time 3.504ms
[INFO   ] DREAMPlace - full step 35.184 ms
[INFO   ] DREAMPlace - optimizer step 49.022 ms
[INFO   ] DREAMPlace - iteration  264, ( 264,  0,  0), Obj 4.588544E+07, DensityWeight 1.339307E-05, wHPWL 8.514787E+07, Overflow 6.010137E-01, MaxDensity 2.669E+01, gamma 2.186766E+02, time 5.183ms
[INFO   ] DREAMPlace - full step 60.508 ms
[INFO   ] DREAMPlace - optimizer step 63.415 ms
[INFO   ] DREAMPlace - iteration  265, ( 265,  0,  0), Obj 4.618719E+07, DensityWeight 1.381202E-05, wHPWL 8.523358E+07, Overflow 5.995463E-01, MaxDensity 2.680E+01, gamma 2.167699E+02, time 4.611ms
[INFO   ] DREAMPlace - full step 75.294 ms
[INFO   ] DREAMPlace - optimizer step 23.222 ms
[INFO   ] DREAMPlace - iteration  266, ( 266,  0,  0), Obj 4.648226E+07, DensityWeight 1.433037E-05, wHPWL 8.528074E+07, Overflow 5.980947E-01, MaxDensity 2.535E+01, gamma 2.151483E+02, time 3.061ms
[INFO   ] DREAMPlace - full step 33.411 ms
[INFO   ] DREAMPlace - optimizer step 22.612 ms
[INFO   ] DREAMPlace - iteration  267, ( 267,  0,  0), Obj 4.674244E+07, DensityWeight 1.494831E-05, wHPWL 8.531027E+07, Overflow 5.963888E-01, MaxDensity 2.523E+01, gamma 2.135562E+02, time 32.092ms
[INFO   ] DREAMPlace - full step 61.949 ms
[INFO   ] DREAMPlace - optimizer step 22.562 ms
[INFO   ] DREAMPlace - iteration  268, ( 268,  0,  0), Obj 4.700330E+07, DensityWeight 1.563124E-05, wHPWL 8.534666E+07, Overflow 5.945407E-01, MaxDensity 2.404E+01, gamma 2.117002E+02, time 5.162ms
[INFO   ] DREAMPlace - full step 56.808 ms
[INFO   ] DREAMPlace - optimizer step 23.041 ms
[INFO   ] DREAMPlace - iteration  269, ( 269,  0,  0), Obj 4.728048E+07, DensityWeight 1.632975E-05, wHPWL 8.538701E+07, Overflow 5.929198E-01, MaxDensity 2.681E+01, gamma 2.097078E+02, time 5.170ms
[INFO   ] DREAMPlace - full step 35.500 ms
[I] plotting to obsspread_results/bigblue1/plot/iter0270.png takes 10.750 seconds
[INFO   ] DREAMPlace - plotting to obsspread_results/bigblue1/plot/iter0270.png takes 11.001 seconds
[INFO   ] DREAMPlace - optimizer step 11.437 ms
[INFO   ] DREAMPlace - iteration  270, ( 270,  0,  0), Obj 4.759487E+07, DensityWeight 1.705007E-05, wHPWL 8.547256E+07, Overflow 5.909034E-01, MaxDensity 2.554E+01, gamma 2.079757E+02, time 5.170ms
[INFO   ] DREAMPlace - full step 11025.149 ms
[INFO   ] DREAMPlace - optimizer step 22.547 ms
[INFO   ] DREAMPlace - iteration  271, ( 271,  0,  0), Obj 4.788505E+07, DensityWeight 1.769034E-05, wHPWL 8.556387E+07, Overflow 5.886031E-01, MaxDensity 2.651E+01, gamma 2.058409E+02, time 4.376ms
[INFO   ] DREAMPlace - full step 34.230 ms
[INFO   ] DREAMPlace - optimizer step 26.387 ms
[INFO   ] DREAMPlace - iteration  272, ( 272,  0,  0), Obj 4.820471E+07, DensityWeight 1.833992E-05, wHPWL 8.564743E+07, Overflow 5.863349E-01, MaxDensity 2.396E+01, gamma 2.034323E+02, time 5.178ms
[INFO   ] DREAMPlace - full step 48.706 ms
[INFO   ] DREAMPlace - optimizer step 2.778 ms
[INFO   ] DREAMPlace - iteration  273, ( 273,  0,  0), Obj 4.854819E+07, DensityWeight 1.903390E-05, wHPWL 8.573602E+07, Overflow 5.838392E-01, MaxDensity 2.515E+01, gamma 2.010849E+02, time 0.829ms
[INFO   ] DREAMPlace - full step 4.163 ms
[INFO   ] DREAMPlace - optimizer step 2.615 ms
[INFO   ] DREAMPlace - iteration  274, ( 274,  0,  0), Obj 4.890313E+07, DensityWeight 1.974032E-05, wHPWL 8.584032E+07, Overflow 5.814004E-01, MaxDensity 2.411E+01, gamma 1.985334E+02, time 10.049ms
[INFO   ] DREAMPlace - full step 13.189 ms
[INFO   ] DREAMPlace - optimizer step 13.538 ms
[INFO   ] DREAMPlace - iteration  275, ( 275,  0,  0), Obj 4.925708E+07, DensityWeight 2.042813E-05, wHPWL 8.591489E+07, Overflow 5.788518E-01, MaxDensity 2.665E+01, gamma 1.960712E+02, time 0.793ms
[INFO   ] DREAMPlace - full step 15.086 ms
[INFO   ] DREAMPlace - optimizer step 10.752 ms
[INFO   ] DREAMPlace - iteration  276, ( 276,  0,  0), Obj 4.961042E+07, DensityWeight 2.122773E-05, wHPWL 8.598272E+07, Overflow 5.763522E-01, MaxDensity 2.313E+01, gamma 1.935309E+02, time 0.910ms
[INFO   ] DREAMPlace - full step 15.377 ms
[INFO   ] DREAMPlace - optimizer step 20.619 ms
[INFO   ] DREAMPlace - iteration  277, ( 277,  0,  0), Obj 4.996187E+07, DensityWeight 2.207934E-05, wHPWL 8.603522E+07, Overflow 5.735666E-01, MaxDensity 2.662E+01, gamma 1.910713E+02, time 3.031ms
[INFO   ] DREAMPlace - full step 63.823 ms
[INFO   ] DREAMPlace - optimizer step 59.975 ms
[INFO   ] DREAMPlace - iteration  278, ( 278,  0,  0), Obj 5.031314E+07, DensityWeight 2.301427E-05, wHPWL 8.608350E+07, Overflow 5.712369E-01, MaxDensity 2.403E+01, gamma 1.883672E+02, time 3.495ms
[INFO   ] DREAMPlace - full step 70.266 ms
[INFO   ] DREAMPlace - optimizer step 22.808 ms
[INFO   ] DREAMPlace - iteration  279, ( 279,  0,  0), Obj 5.067872E+07, DensityWeight 2.400287E-05, wHPWL 8.612096E+07, Overflow 5.685244E-01, MaxDensity 2.612E+01, gamma 1.861351E+02, time 5.176ms
[INFO   ] DREAMPlace - full step 35.229 ms
[INFO   ] DREAMPlace - optimizer step 20.557 ms
[INFO   ] DREAMPlace - iteration  280, ( 280,  0,  0), Obj 5.101550E+07, DensityWeight 2.507176E-05, wHPWL 8.616345E+07, Overflow 5.661030E-01, MaxDensity 2.499E+01, gamma 1.835695E+02, time 5.215ms
[INFO   ] DREAMPlace - full step 32.954 ms
[INFO   ] DREAMPlace - optimizer step 62.768 ms
[INFO   ] DREAMPlace - iteration  281, ( 281,  0,  0), Obj 5.137205E+07, DensityWeight 2.616988E-05, wHPWL 8.619348E+07, Overflow 5.636823E-01, MaxDensity 2.600E+01, gamma 1.813091E+02, time 5.768ms
[INFO   ] DREAMPlace - full step 75.789 ms
[INFO   ] DREAMPlace - optimizer step 52.673 ms
[INFO   ] DREAMPlace - iteration  282, ( 282,  0,  0), Obj 5.172419E+07, DensityWeight 2.736358E-05, wHPWL 8.624923E+07, Overflow 5.614201E-01, MaxDensity 2.502E+01, gamma 1.790772E+02, time 5.202ms
[INFO   ] DREAMPlace - full step 65.161 ms
[INFO   ] DREAMPlace - optimizer step 28.491 ms
[INFO   ] DREAMPlace - iteration  283, ( 283,  0,  0), Obj 5.208294E+07, DensityWeight 2.850932E-05, wHPWL 8.632541E+07, Overflow 5.586756E-01, MaxDensity 2.433E+01, gamma 1.770163E+02, time 8.372ms
[INFO   ] DREAMPlace - full step 43.742 ms
[INFO   ] DREAMPlace - optimizer step 20.302 ms
[INFO   ] DREAMPlace - iteration  284, ( 284,  0,  0), Obj 5.244425E+07, DensityWeight 2.961859E-05, wHPWL 8.642824E+07, Overflow 5.560055E-01, MaxDensity 2.499E+01, gamma 1.745478E+02, time 3.517ms
[INFO   ] DREAMPlace - full step 61.596 ms
[INFO   ] DREAMPlace - optimizer step 22.180 ms
[INFO   ] DREAMPlace - iteration  285, ( 285,  0,  0), Obj 5.286294E+07, DensityWeight 3.065689E-05, wHPWL 8.657021E+07, Overflow 5.528362E-01, MaxDensity 2.410E+01, gamma 1.721792E+02, time 3.370ms
[INFO   ] DREAMPlace - full step 32.345 ms
[INFO   ] DREAMPlace - optimizer step 20.263 ms
[INFO   ] DREAMPlace - iteration  286, ( 286,  0,  0), Obj 5.330687E+07, DensityWeight 3.155895E-05, wHPWL 8.676446E+07, Overflow 5.500998E-01, MaxDensity 2.384E+01, gamma 1.694095E+02, time 5.201ms
[INFO   ] DREAMPlace - full step 32.739 ms
[INFO   ] DREAMPlace - optimizer step 46.886 ms
[INFO   ] DREAMPlace - iteration  287, ( 287,  0,  0), Obj 5.380336E+07, DensityWeight 3.225164E-05, wHPWL 8.698237E+07, Overflow 5.471883E-01, MaxDensity 2.422E+01, gamma 1.670541E+02, time 5.196ms
[INFO   ] DREAMPlace - full step 59.319 ms
[INFO   ] DREAMPlace - optimizer step 24.159 ms
[INFO   ] DREAMPlace - iteration  288, ( 288,  0,  0), Obj 5.427632E+07, DensityWeight 3.285100E-05, wHPWL 8.721480E+07, Overflow 5.443012E-01, MaxDensity 2.170E+01, gamma 1.645838E+02, time 3.375ms
[INFO   ] DREAMPlace - full step 34.625 ms
[INFO   ] DREAMPlace - optimizer step 20.865 ms
[INFO   ] DREAMPlace - iteration  289, ( 289,  0,  0), Obj 5.475388E+07, DensityWeight 3.339383E-05, wHPWL 8.743101E+07, Overflow 5.417119E-01, MaxDensity 2.363E+01, gamma 1.621703E+02, time 30.297ms
[INFO   ] DREAMPlace - full step 56.228 ms
[INFO   ] DREAMPlace - optimizer step 5.987 ms
[INFO   ] DREAMPlace - iteration  290, ( 290,  0,  0), Obj 5.522108E+07, DensityWeight 3.402249E-05, wHPWL 8.763027E+07, Overflow 5.395319E-01, MaxDensity 2.193E+01, gamma 1.600359E+02, time 2.921ms
[INFO   ] DREAMPlace - full step 11.846 ms
[INFO   ] DREAMPlace - optimizer step 3.772 ms
[INFO   ] DREAMPlace - iteration  291, ( 291,  0,  0), Obj 5.565410E+07, DensityWeight 3.474496E-05, wHPWL 8.780997E+07, Overflow 5.377021E-01, MaxDensity 2.259E+01, gamma 1.582606E+02, time 1.021ms
[INFO   ] DREAMPlace - full step 5.659 ms
[INFO   ] DREAMPlace - optimizer step 2.722 ms
[INFO   ] DREAMPlace - iteration  292, ( 292,  0,  0), Obj 5.601898E+07, DensityWeight 3.557968E-05, wHPWL 8.793671E+07, Overflow 5.358965E-01, MaxDensity 2.010E+01, gamma 1.567858E+02, time 3.824ms
[INFO   ] DREAMPlace - full step 9.222 ms
[INFO   ] DREAMPlace - optimizer step 22.485 ms
[INFO   ] DREAMPlace - iteration  293, ( 293,  0,  0), Obj 5.632650E+07, DensityWeight 3.670440E-05, wHPWL 8.801830E+07, Overflow 5.345224E-01, MaxDensity 2.169E+01, gamma 1.553439E+02, time 25.021ms
[INFO   ] DREAMPlace - full step 52.610 ms
[INFO   ] DREAMPlace - optimizer step 52.625 ms
[INFO   ] DREAMPlace - iteration  294, ( 294,  0,  0), Obj 5.660347E+07, DensityWeight 3.810376E-05, wHPWL 8.806308E+07, Overflow 5.335679E-01, MaxDensity 1.941E+01, gamma 1.542555E+02, time 5.215ms
[INFO   ] DREAMPlace - full step 65.063 ms
[INFO   ] DREAMPlace - optimizer step 19.739 ms
[INFO   ] DREAMPlace - iteration  295, ( 295,  0,  0), Obj 5.683114E+07, DensityWeight 3.975999E-05, wHPWL 8.808810E+07, Overflow 5.320626E-01, MaxDensity 2.235E+01, gamma 1.535039E+02, time 5.220ms
[INFO   ] DREAMPlace - full step 32.187 ms
[INFO   ] DREAMPlace - optimizer step 24.963 ms
[INFO   ] DREAMPlace - iteration  296, ( 296,  0,  0), Obj 5.699096E+07, DensityWeight 4.160265E-05, wHPWL 8.806874E+07, Overflow 5.307912E-01, MaxDensity 1.994E+01, gamma 1.523261E+02, time 5.189ms
[INFO   ] DREAMPlace - full step 35.418 ms
[INFO   ] DREAMPlace - optimizer step 51.731 ms
[INFO   ] DREAMPlace - iteration  297, ( 297,  0,  0), Obj 5.717442E+07, DensityWeight 4.280913E-05, wHPWL 8.802684E+07, Overflow 5.291521E-01, MaxDensity 2.221E+01, gamma 1.513384E+02, time 6.805ms
[INFO   ] DREAMPlace - full step 65.741 ms
[INFO   ] DREAMPlace - optimizer step 22.187 ms
[INFO   ] DREAMPlace - iteration  298, ( 298,  0,  0), Obj 5.734557E+07, DensityWeight 4.405060E-05, wHPWL 8.800063E+07, Overflow 5.274654E-01, MaxDensity 1.930E+01, gamma 1.500744E+02, time 5.222ms
[INFO   ] DREAMPlace - full step 34.779 ms
[INFO   ] DREAMPlace - optimizer step 24.250 ms
[INFO   ] DREAMPlace - iteration  299, ( 299,  0,  0), Obj 5.753644E+07, DensityWeight 4.532807E-05, wHPWL 8.796606E+07, Overflow 5.253336E-01, MaxDensity 2.121E+01, gamma 1.487847E+02, time 26.053ms
[INFO   ] DREAMPlace - full step 57.588 ms
[INFO   ] DREAMPlace - optimizer step 54.144 ms
[INFO   ] DREAMPlace - iteration  300, ( 300,  0,  0), Obj 5.771991E+07, DensityWeight 4.664258E-05, wHPWL 8.791386E+07, Overflow 5.233096E-01, MaxDensity 1.871E+01, gamma 1.471706E+02, time 5.174ms
[INFO   ] DREAMPlace - full step 66.586 ms
[INFO   ] DREAMPlace - optimizer step 23.072 ms
[INFO   ] DREAMPlace - iteration  301, ( 301,  0,  0), Obj 5.794012E+07, DensityWeight 4.799522E-05, wHPWL 8.786702E+07, Overflow 5.208476E-01, MaxDensity 1.953E+01, gamma 1.456543E+02, time 11.320ms
[INFO   ] DREAMPlace - full step 75.460 ms
[INFO   ] DREAMPlace - optimizer step 19.262 ms
[INFO   ] DREAMPlace - iteration  302, ( 302,  0,  0), Obj 5.815746E+07, DensityWeight 4.938708E-05, wHPWL 8.782732E+07, Overflow 5.185567E-01, MaxDensity 1.858E+01, gamma 1.438309E+02, time 5.308ms
[INFO   ] DREAMPlace - full step 31.772 ms
[INFO   ] DREAMPlace - optimizer step 44.623 ms
[INFO   ] DREAMPlace - iteration  303, ( 303,  0,  0), Obj 5.841198E+07, DensityWeight 5.081931E-05, wHPWL 8.779730E+07, Overflow 5.159097E-01, MaxDensity 1.806E+01, gamma 1.421546E+02, time 5.205ms
[INFO   ] DREAMPlace - full step 57.065 ms
[INFO   ] DREAMPlace - optimizer step 22.882 ms
[INFO   ] DREAMPlace - iteration  304, ( 304,  0,  0), Obj 5.865772E+07, DensityWeight 5.229307E-05, wHPWL 8.777237E+07, Overflow 5.135229E-01, MaxDensity 1.798E+01, gamma 1.402423E+02, time 4.235ms
[INFO   ] DREAMPlace - full step 64.483 ms
[INFO   ] DREAMPlace - optimizer step 22.113 ms
[INFO   ] DREAMPlace - iteration  305, ( 305,  0,  0), Obj 5.893458E+07, DensityWeight 5.380958E-05, wHPWL 8.775827E+07, Overflow 5.113001E-01, MaxDensity 1.781E+01, gamma 1.385399E+02, time 5.196ms
[INFO   ] DREAMPlace - full step 32.401 ms
[INFO   ] DREAMPlace - optimizer step 22.534 ms
[INFO   ] DREAMPlace - iteration  306, ( 306,  0,  0), Obj 5.919532E+07, DensityWeight 5.537006E-05, wHPWL 8.775040E+07, Overflow 5.092037E-01, MaxDensity 1.734E+01, gamma 1.369732E+02, time 3.042ms
[INFO   ] DREAMPlace - full step 70.855 ms
[INFO   ] DREAMPlace - optimizer step 49.772 ms
[INFO   ] DREAMPlace - iteration  307, ( 307,  0,  0), Obj 5.944481E+07, DensityWeight 5.697579E-05, wHPWL 8.774690E+07, Overflow 5.069819E-01, MaxDensity 1.790E+01, gamma 1.355117E+02, time 5.237ms
[INFO   ] DREAMPlace - full step 58.505 ms
[INFO   ] DREAMPlace - optimizer step 24.005 ms
[INFO   ] DREAMPlace - iteration  308, ( 308,  0,  0), Obj 5.967655E+07, DensityWeight 5.862809E-05, wHPWL 8.773664E+07, Overflow 5.048285E-01, MaxDensity 1.692E+01, gamma 1.339798E+02, time 5.243ms
[INFO   ] DREAMPlace - full step 36.495 ms
[INFO   ] DREAMPlace - optimizer step 27.248 ms
[INFO   ] DREAMPlace - iteration  309, ( 309,  0,  0), Obj 5.991652E+07, DensityWeight 6.032831E-05, wHPWL 8.772831E+07, Overflow 5.029290E-01, MaxDensity 1.795E+01, gamma 1.325116E+02, time 5.188ms
[INFO   ] DREAMPlace - full step 37.577 ms
[INFO   ] DREAMPlace - optimizer step 48.907 ms
[INFO   ] DREAMPlace - iteration  310, ( 310,  0,  0), Obj 6.014878E+07, DensityWeight 6.207784E-05, wHPWL 8.772482E+07, Overflow 5.009733E-01, MaxDensity 1.770E+01, gamma 1.312299E+02, time 5.206ms
[INFO   ] DREAMPlace - full step 61.313 ms
[INFO   ] DREAMPlace - optimizer step 19.886 ms
[INFO   ] DREAMPlace - iteration  311, ( 311,  0,  0), Obj 6.036008E+07, DensityWeight 6.387810E-05, wHPWL 8.771779E+07, Overflow 4.992852E-01, MaxDensity 1.813E+01, gamma 1.299233E+02, time 5.237ms
[INFO   ] DREAMPlace - full step 32.368 ms
[INFO   ] DREAMPlace - optimizer step 31.007 ms
[INFO   ] DREAMPlace - iteration  312, ( 312,  0,  0), Obj 6.056122E+07, DensityWeight 6.573056E-05, wHPWL 8.770182E+07, Overflow 4.977186E-01, MaxDensity 1.717E+01, gamma 1.288059E+02, time 5.221ms
[INFO   ] DREAMPlace - full step 40.532 ms
[INFO   ] DREAMPlace - optimizer step 40.515 ms
[INFO   ] DREAMPlace - iteration  313, ( 313,  0,  0), Obj 6.074052E+07, DensityWeight 6.763676E-05, wHPWL 8.768045E+07, Overflow 4.961761E-01, MaxDensity 1.768E+01, gamma 1.277775E+02, time 44.782ms
[INFO   ] DREAMPlace - full step 92.668 ms
[INFO   ] DREAMPlace - optimizer step 20.215 ms
[INFO   ] DREAMPlace - iteration  314, ( 314,  0,  0), Obj 6.090522E+07, DensityWeight 6.959822E-05, wHPWL 8.766658E+07, Overflow 4.945654E-01, MaxDensity 1.671E+01, gamma 1.267729E+02, time 38.788ms
[INFO   ] DREAMPlace - full step 66.221 ms
[I] plotting to obsspread_results/bigblue1/plot/iter0315.png takes 10.818 seconds
[INFO   ] DREAMPlace - plotting to obsspread_results/bigblue1/plot/iter0315.png takes 11.112 seconds
[INFO   ] DREAMPlace - optimizer step 50.065 ms
[INFO   ] DREAMPlace - iteration  315, ( 315,  0,  0), Obj 6.106676E+07, DensityWeight 7.161657E-05, wHPWL 8.765140E+07, Overflow 4.929242E-01, MaxDensity 1.704E+01, gamma 1.257324E+02, time 5.208ms
[INFO   ] DREAMPlace - full step 11177.239 ms
[INFO   ] DREAMPlace - optimizer step 19.199 ms
[INFO   ] DREAMPlace - iteration  316, ( 316,  0,  0), Obj 6.123503E+07, DensityWeight 7.369346E-05, wHPWL 8.765854E+07, Overflow 4.912240E-01, MaxDensity 1.600E+01, gamma 1.246810E+02, time 5.027ms
[INFO   ] DREAMPlace - full step 31.529 ms
[INFO   ] DREAMPlace - optimizer step 22.478 ms
[INFO   ] DREAMPlace - iteration  317, ( 317,  0,  0), Obj 6.140876E+07, DensityWeight 7.730119E-05, wHPWL 8.767008E+07, Overflow 4.891897E-01, MaxDensity 1.700E+01, gamma 1.236010E+02, time 5.232ms
[INFO   ] DREAMPlace - full step 34.342 ms
[INFO   ] DREAMPlace - optimizer step 52.726 ms
[INFO   ] DREAMPlace - iteration  318, ( 318,  0,  0), Obj 6.158855E+07, DensityWeight 8.103574E-05, wHPWL 8.770211E+07, Overflow 4.872229E-01, MaxDensity 1.501E+01, gamma 1.223211E+02, time 5.218ms
[INFO   ] DREAMPlace - full step 65.181 ms
[INFO   ] DREAMPlace - optimizer step 22.568 ms
[INFO   ] DREAMPlace - iteration  319, ( 319,  0,  0), Obj 6.179614E+07, DensityWeight 8.470842E-05, wHPWL 8.773993E+07, Overflow 4.848318E-01, MaxDensity 1.567E+01, gamma 1.210962E+02, time 5.213ms
[INFO   ] DREAMPlace - full step 31.678 ms
[INFO   ] DREAMPlace - optimizer step 22.557 ms
[INFO   ] DREAMPlace - iteration  320, ( 320,  0,  0), Obj 6.201361E+07, DensityWeight 8.847620E-05, wHPWL 8.781602E+07, Overflow 4.821653E-01, MaxDensity 1.395E+01, gamma 1.196236E+02, time 3.245ms
[INFO   ] DREAMPlace - full step 62.708 ms
[INFO   ] DREAMPlace - optimizer step 50.632 ms
[INFO   ] DREAMPlace - iteration  321, ( 321,  0,  0), Obj 6.226321E+07, DensityWeight 9.191984E-05, wHPWL 8.788968E+07, Overflow 4.788580E-01, MaxDensity 1.432E+01, gamma 1.180026E+02, time 10.260ms
[INFO   ] DREAMPlace - full step 68.291 ms
[INFO   ] DREAMPlace - optimizer step 24.220 ms
[INFO   ] DREAMPlace - iteration  322, ( 322,  0,  0), Obj 6.253542E+07, DensityWeight 9.552980E-05, wHPWL 8.797680E+07, Overflow 4.753987E-01, MaxDensity 1.258E+01, gamma 1.160224E+02, time 18.250ms
[INFO   ] DREAMPlace - full step 49.764 ms
[INFO   ] DREAMPlace - optimizer step 21.380 ms
[INFO   ] DREAMPlace - iteration  323, ( 323,  0,  0), Obj 6.284369E+07, DensityWeight 9.909549E-05, wHPWL 8.803403E+07, Overflow 4.718783E-01, MaxDensity 1.280E+01, gamma 1.139868E+02, time 3.655ms
[INFO   ] DREAMPlace - full step 51.540 ms
[INFO   ] DREAMPlace - optimizer step 45.968 ms
[INFO   ] DREAMPlace - iteration  324, ( 324,  0,  0), Obj 6.315713E+07, DensityWeight 1.032234E-04, wHPWL 8.807986E+07, Overflow 4.684550E-01, MaxDensity 1.106E+01, gamma 1.119519E+02, time 5.284ms
[INFO   ] DREAMPlace - full step 58.638 ms
[INFO   ] DREAMPlace - optimizer step 17.214 ms
[INFO   ] DREAMPlace - iteration  325, ( 325,  0,  0), Obj 6.345656E+07, DensityWeight 1.076943E-04, wHPWL 8.807478E+07, Overflow 4.648635E-01, MaxDensity 1.120E+01, gamma 1.100080E+02, time 5.167ms
[INFO   ] DREAMPlace - full step 29.597 ms
[INFO   ] DREAMPlace - optimizer step 36.846 ms
[INFO   ] DREAMPlace - iteration  326, ( 326,  0,  0), Obj 6.373814E+07, DensityWeight 1.108175E-04, wHPWL 8.805046E+07, Overflow 4.616583E-01, MaxDensity 1.108E+01, gamma 1.080048E+02, time 5.111ms
[INFO   ] DREAMPlace - full step 44.762 ms
[INFO   ] DREAMPlace - optimizer step 9.019 ms
[INFO   ] DREAMPlace - iteration  327, ( 327,  0,  0), Obj 6.402354E+07, DensityWeight 1.140312E-04, wHPWL 8.799787E+07, Overflow 4.582025E-01, MaxDensity 1.105E+01, gamma 1.062479E+02, time 0.846ms
[INFO   ] DREAMPlace - full step 10.421 ms
[INFO   ] DREAMPlace - optimizer step 4.718 ms
[INFO   ] DREAMPlace - iteration  328, ( 328,  0,  0), Obj 6.428758E+07, DensityWeight 1.173381E-04, wHPWL 8.795267E+07, Overflow 4.555131E-01, MaxDensity 1.105E+01, gamma 1.043856E+02, time 0.808ms
[INFO   ] DREAMPlace - full step 6.708 ms
[INFO   ] DREAMPlace - optimizer step 2.802 ms
[INFO   ] DREAMPlace - iteration  329, ( 329,  0,  0), Obj 6.456188E+07, DensityWeight 1.207409E-04, wHPWL 8.789050E+07, Overflow 4.527875E-01, MaxDensity 1.038E+01, gamma 1.029590E+02, time 1.333ms
[INFO   ] DREAMPlace - full step 5.668 ms
[INFO   ] DREAMPlace - optimizer step 6.131 ms
[INFO   ] DREAMPlace - iteration  330, ( 330,  0,  0), Obj 6.479440E+07, DensityWeight 1.242424E-04, wHPWL 8.784526E+07, Overflow 4.507627E-01, MaxDensity 1.012E+01, gamma 1.015330E+02, time 3.092ms
[INFO   ] DREAMPlace - full step 9.779 ms
[INFO   ] DREAMPlace - optimizer step 2.967 ms
[INFO   ] DREAMPlace - iteration  331, ( 331,  0,  0), Obj 6.502754E+07, DensityWeight 1.278454E-04, wHPWL 8.779902E+07, Overflow 4.492245E-01, MaxDensity 1.145E+01, gamma 1.004865E+02, time 1.226ms
[INFO   ] DREAMPlace - full step 4.751 ms
[INFO   ] DREAMPlace - optimizer step 2.712 ms
[INFO   ] DREAMPlace - iteration  332, ( 332,  0,  0), Obj 6.522665E+07, DensityWeight 1.315530E-04, wHPWL 8.777972E+07, Overflow 4.475740E-01, MaxDensity 1.018E+01, gamma 9.969872E+01, time 1.233ms
[INFO   ] DREAMPlace - full step 4.454 ms
[INFO   ] DREAMPlace - optimizer step 10.724 ms
[INFO   ] DREAMPlace - iteration  333, ( 333,  0,  0), Obj 6.540009E+07, DensityWeight 1.353680E-04, wHPWL 8.777627E+07, Overflow 4.458676E-01, MaxDensity 1.063E+01, gamma 9.886031E+01, time 0.803ms
[INFO   ] DREAMPlace - full step 12.049 ms
[INFO   ] DREAMPlace - optimizer step 2.507 ms
[INFO   ] DREAMPlace - iteration  334, ( 334,  0,  0), Obj 6.558555E+07, DensityWeight 1.392937E-04, wHPWL 8.779754E+07, Overflow 4.437727E-01, MaxDensity 1.124E+01, gamma 9.800086E+01, time 0.784ms
[INFO   ] DREAMPlace - full step 3.776 ms
[INFO   ] DREAMPlace - optimizer step 31.484 ms
[INFO   ] DREAMPlace - iteration  335, ( 335,  0,  0), Obj 6.578693E+07, DensityWeight 1.458255E-04, wHPWL 8.784474E+07, Overflow 4.418762E-01, MaxDensity 1.171E+01, gamma 9.695599E+01, time 0.728ms
[INFO   ] DREAMPlace - full step 32.729 ms
[INFO   ] DREAMPlace - optimizer step 3.258 ms
[INFO   ] DREAMPlace - iteration  336, ( 336,  0,  0), Obj 6.601697E+07, DensityWeight 1.521126E-04, wHPWL 8.791095E+07, Overflow 4.395468E-01, MaxDensity 1.206E+01, gamma 9.601964E+01, time 0.810ms
[INFO   ] DREAMPlace - full step 4.610 ms
[INFO   ] DREAMPlace - optimizer step 2.968 ms
[INFO   ] DREAMPlace - iteration  337, ( 337,  0,  0), Obj 6.624024E+07, DensityWeight 1.582507E-04, wHPWL 8.798424E+07, Overflow 4.372620E-01, MaxDensity 1.188E+01, gamma 9.488197E+01, time 2.430ms
[INFO   ] DREAMPlace - full step 5.917 ms
[INFO   ] DREAMPlace - optimizer step 2.606 ms
[INFO   ] DREAMPlace - iteration  338, ( 338,  0,  0), Obj 6.648670E+07, DensityWeight 1.644743E-04, wHPWL 8.806099E+07, Overflow 4.346962E-01, MaxDensity 1.152E+01, gamma 9.377915E+01, time 1.227ms
[INFO   ] DREAMPlace - full step 4.386 ms
[INFO   ] DREAMPlace - optimizer step 2.603 ms
[INFO   ] DREAMPlace - iteration  339, ( 339,  0,  0), Obj 6.673765E+07, DensityWeight 1.708601E-04, wHPWL 8.814154E+07, Overflow 4.319600E-01, MaxDensity 1.096E+01, gamma 9.255602E+01, time 0.772ms
[INFO   ] DREAMPlace - full step 3.872 ms
[INFO   ] DREAMPlace - optimizer step 2.705 ms
[INFO   ] DREAMPlace - iteration  340, ( 340,  0,  0), Obj 6.700011E+07, DensityWeight 1.774001E-04, wHPWL 8.821701E+07, Overflow 4.291448E-01, MaxDensity 1.022E+01, gamma 9.126916E+01, time 0.765ms
[INFO   ] DREAMPlace - full step 3.985 ms
[INFO   ] DREAMPlace - optimizer step 2.533 ms
[INFO   ] DREAMPlace - iteration  341, ( 341,  0,  0), Obj 6.727057E+07, DensityWeight 1.843206E-04, wHPWL 8.827928E+07, Overflow 4.255063E-01, MaxDensity 1.091E+01, gamma 8.996384E+01, time 0.832ms
[INFO   ] DREAMPlace - full step 3.968 ms
[INFO   ] DREAMPlace - optimizer step 3.259 ms
[INFO   ] DREAMPlace - iteration  342, ( 342,  0,  0), Obj 6.753754E+07, DensityWeight 1.918638E-04, wHPWL 8.832866E+07, Overflow 4.223602E-01, MaxDensity 1.110E+01, gamma 8.830445E+01, time 19.104ms
[INFO   ] DREAMPlace - full step 22.918 ms
[INFO   ] DREAMPlace - optimizer step 55.036 ms
[INFO   ] DREAMPlace - iteration  343, ( 343,  0,  0), Obj 6.785022E+07, DensityWeight 2.000751E-04, wHPWL 8.836278E+07, Overflow 4.189025E-01, MaxDensity 1.116E+01, gamma 8.689431E+01, time 0.792ms
[INFO   ] DREAMPlace - full step 56.328 ms
[INFO   ] DREAMPlace - optimizer step 14.091 ms
[INFO   ] DREAMPlace - iteration  344, ( 344,  0,  0), Obj 6.813234E+07, DensityWeight 2.090818E-04, wHPWL 8.839149E+07, Overflow 4.150781E-01, MaxDensity 1.081E+01, gamma 8.537042E+01, time 1.343ms
[INFO   ] DREAMPlace - full step 16.068 ms
[INFO   ] DREAMPlace - optimizer step 3.637 ms
[INFO   ] DREAMPlace - iteration  345, ( 345,  0,  0), Obj 6.842514E+07, DensityWeight 2.186592E-04, wHPWL 8.840281E+07, Overflow 4.111953E-01, MaxDensity 1.159E+01, gamma 8.371607E+01, time 4.718ms
[INFO   ] DREAMPlace - full step 9.038 ms
[INFO   ] DREAMPlace - optimizer step 2.822 ms
[INFO   ] DREAMPlace - iteration  346, ( 346,  0,  0), Obj 6.874031E+07, DensityWeight 2.292302E-04, wHPWL 8.841561E+07, Overflow 4.074232E-01, MaxDensity 9.441E+00, gamma 8.206924E+01, time 0.826ms
[INFO   ] DREAMPlace - full step 4.165 ms
[INFO   ] DREAMPlace - optimizer step 2.763 ms
[INFO   ] DREAMPlace - iteration  347, ( 347,  0,  0), Obj 6.907232E+07, DensityWeight 2.402625E-04, wHPWL 8.844255E+07, Overflow 4.034491E-01, MaxDensity 1.055E+01, gamma 8.050038E+01, time 0.779ms
[INFO   ] DREAMPlace - full step 4.049 ms
[INFO   ] DREAMPlace - optimizer step 2.922 ms
[INFO   ] DREAMPlace - iteration  348, ( 348,  0,  0), Obj 6.940083E+07, DensityWeight 2.513299E-04, wHPWL 8.847810E+07, Overflow 3.989920E-01, MaxDensity 1.033E+01, gamma 7.887994E+01, time 0.873ms
[INFO   ] DREAMPlace - full step 4.462 ms
[INFO   ] DREAMPlace - optimizer step 4.966 ms
[INFO   ] DREAMPlace - iteration  349, ( 349,  0,  0), Obj 6.974478E+07, DensityWeight 2.625920E-04, wHPWL 8.851835E+07, Overflow 3.948601E-01, MaxDensity 1.028E+01, gamma 7.710133E+01, time 2.082ms
[INFO   ] DREAMPlace - full step 7.618 ms
[INFO   ] DREAMPlace - optimizer step 35.927 ms
[INFO   ] DREAMPlace - iteration  350, ( 350,  0,  0), Obj 7.012340E+07, DensityWeight 2.741787E-04, wHPWL 8.857342E+07, Overflow 3.905489E-01, MaxDensity 9.740E+00, gamma 7.548833E+01, time 2.230ms
[INFO   ] DREAMPlace - full step 38.665 ms
[INFO   ] DREAMPlace - optimizer step 4.996 ms
[INFO   ] DREAMPlace - iteration  351, ( 351,  0,  0), Obj 7.049071E+07, DensityWeight 2.856859E-04, wHPWL 8.863531E+07, Overflow 3.866864E-01, MaxDensity 1.082E+01, gamma 7.384133E+01, time 0.764ms
[INFO   ] DREAMPlace - full step 6.327 ms
[INFO   ] DREAMPlace - optimizer step 2.764 ms
[INFO   ] DREAMPlace - iteration  352, ( 352,  0,  0), Obj 7.085818E+07, DensityWeight 2.973934E-04, wHPWL 8.868938E+07, Overflow 3.830694E-01, MaxDensity 9.089E+00, gamma 7.239624E+01, time 0.768ms
[INFO   ] DREAMPlace - full step 4.095 ms
[INFO   ] DREAMPlace - optimizer step 3.144 ms
[INFO   ] DREAMPlace - iteration  353, ( 353,  0,  0), Obj 7.119095E+07, DensityWeight 3.099182E-04, wHPWL 8.872818E+07, Overflow 3.796452E-01, MaxDensity 9.690E+00, gamma 7.106869E+01, time 0.734ms
[INFO   ] DREAMPlace - full step 4.398 ms
[INFO   ] DREAMPlace - optimizer step 3.108 ms
[INFO   ] DREAMPlace - iteration  354, ( 354,  0,  0), Obj 7.149816E+07, DensityWeight 3.236587E-04, wHPWL 8.876067E+07, Overflow 3.763615E-01, MaxDensity 1.043E+01, gamma 6.983434E+01, time 0.788ms
[INFO   ] DREAMPlace - full step 4.433 ms
[INFO   ] DREAMPlace - optimizer step 2.649 ms
[INFO   ] DREAMPlace - iteration  355, ( 355,  0,  0), Obj 7.178307E+07, DensityWeight 3.383060E-04, wHPWL 8.878085E+07, Overflow 3.732097E-01, MaxDensity 8.935E+00, gamma 6.867075E+01, time 0.764ms
[INFO   ] DREAMPlace - full step 3.925 ms
[INFO   ] DREAMPlace - optimizer step 2.685 ms
[INFO   ] DREAMPlace - iteration  356, ( 356,  0,  0), Obj 7.205374E+07, DensityWeight 3.542237E-04, wHPWL 8.880269E+07, Overflow 3.703332E-01, MaxDensity 8.971E+00, gamma 6.757217E+01, time 0.782ms
[INFO   ] DREAMPlace - full step 3.981 ms
[INFO   ] DREAMPlace - optimizer step 2.347 ms
[INFO   ] DREAMPlace - iteration  357, ( 357,  0,  0), Obj 7.230493E+07, DensityWeight 3.708042E-04, wHPWL 8.881290E+07, Overflow 3.672864E-01, MaxDensity 9.912E+00, gamma 6.658487E+01, time 0.794ms
[INFO   ] DREAMPlace - full step 3.628 ms
[INFO   ] DREAMPlace - optimizer step 2.641 ms
[INFO   ] DREAMPlace - iteration  358, ( 358,  0,  0), Obj 7.253310E+07, DensityWeight 3.887907E-04, wHPWL 8.882086E+07, Overflow 3.640798E-01, MaxDensity 8.547E+00, gamma 6.555485E+01, time 0.767ms
[INFO   ] DREAMPlace - full step 3.950 ms
[INFO   ] DREAMPlace - optimizer step 2.767 ms
[INFO   ] DREAMPlace - iteration  359, ( 359,  0,  0), Obj 7.275956E+07, DensityWeight 4.077770E-04, wHPWL 8.881974E+07, Overflow 3.603242E-01, MaxDensity 8.894E+00, gamma 6.448804E+01, time 0.809ms
[INFO   ] DREAMPlace - full step 4.074 ms
[I] plotting to obsspread_results/bigblue1/plot/iter0360.png takes 10.362 seconds
[INFO   ] DREAMPlace - plotting to obsspread_results/bigblue1/plot/iter0360.png takes 10.714 seconds
[INFO   ] DREAMPlace - optimizer step 44.438 ms
[INFO   ] DREAMPlace - iteration  360, ( 360,  0,  0), Obj 7.299246E+07, DensityWeight 4.196026E-04, wHPWL 8.882341E+07, Overflow 3.566194E-01, MaxDensity 8.383E+00, gamma 6.326063E+01, time 0.767ms
[INFO   ] DREAMPlace - full step 10764.059 ms
[INFO   ] DREAMPlace - optimizer step 3.417 ms
[INFO   ] DREAMPlace - iteration  361, ( 361,  0,  0), Obj 7.324898E+07, DensityWeight 4.403577E-04, wHPWL 8.882282E+07, Overflow 3.526808E-01, MaxDensity 8.569E+00, gamma 6.207269E+01, time 0.884ms
[INFO   ] DREAMPlace - full step 5.098 ms
[INFO   ] DREAMPlace - optimizer step 2.383 ms
[INFO   ] DREAMPlace - iteration  362, ( 362,  0,  0), Obj 7.349562E+07, DensityWeight 4.531281E-04, wHPWL 8.881388E+07, Overflow 3.493913E-01, MaxDensity 8.543E+00, gamma 6.083422E+01, time 0.768ms
[INFO   ] DREAMPlace - full step 3.678 ms
[INFO   ] DREAMPlace - optimizer step 6.655 ms
[INFO   ] DREAMPlace - iteration  363, ( 363,  0,  0), Obj 7.374394E+07, DensityWeight 4.662688E-04, wHPWL 8.879139E+07, Overflow 3.457299E-01, MaxDensity 8.049E+00, gamma 5.981885E+01, time 0.768ms
[INFO   ] DREAMPlace - full step 7.943 ms
[INFO   ] DREAMPlace - optimizer step 2.335 ms
[INFO   ] DREAMPlace - iteration  364, ( 364,  0,  0), Obj 7.395391E+07, DensityWeight 4.797906E-04, wHPWL 8.876314E+07, Overflow 3.427267E-01, MaxDensity 7.921E+00, gamma 5.870860E+01, time 0.742ms
[INFO   ] DREAMPlace - full step 3.571 ms
[INFO   ] DREAMPlace - optimizer step 2.568 ms
[INFO   ] DREAMPlace - iteration  365, ( 365,  0,  0), Obj 7.417044E+07, DensityWeight 4.937046E-04, wHPWL 8.872403E+07, Overflow 3.400735E-01, MaxDensity 8.184E+00, gamma 5.781332E+01, time 1.506ms
[INFO   ] DREAMPlace - full step 4.584 ms
[INFO   ] DREAMPlace - optimizer step 2.568 ms
[INFO   ] DREAMPlace - iteration  366, ( 366,  0,  0), Obj 7.435323E+07, DensityWeight 5.080220E-04, wHPWL 8.868963E+07, Overflow 3.378826E-01, MaxDensity 7.804E+00, gamma 5.703374E+01, time 0.776ms
[INFO   ] DREAMPlace - full step 3.841 ms
[INFO   ] DREAMPlace - optimizer step 2.564 ms
[INFO   ] DREAMPlace - iteration  367, ( 367,  0,  0), Obj 7.451055E+07, DensityWeight 5.227547E-04, wHPWL 8.864877E+07, Overflow 3.359719E-01, MaxDensity 7.819E+00, gamma 5.639795E+01, time 2.083ms
[INFO   ] DREAMPlace - full step 5.143 ms
[INFO   ] DREAMPlace - optimizer step 2.518 ms
[INFO   ] DREAMPlace - iteration  368, ( 368,  0,  0), Obj 7.463707E+07, DensityWeight 5.379146E-04, wHPWL 8.860710E+07, Overflow 3.339076E-01, MaxDensity 7.768E+00, gamma 5.584922E+01, time 0.763ms
[INFO   ] DREAMPlace - full step 3.791 ms
[INFO   ] DREAMPlace - optimizer step 5.486 ms
[INFO   ] DREAMPlace - iteration  369, ( 369,  0,  0), Obj 7.474664E+07, DensityWeight 5.535141E-04, wHPWL 8.856822E+07, Overflow 3.319777E-01, MaxDensity 8.306E+00, gamma 5.526243E+01, time 0.796ms
[INFO   ] DREAMPlace - full step 6.789 ms
[INFO   ] DREAMPlace - optimizer step 3.564 ms
[INFO   ] DREAMPlace - iteration  370, ( 370,  0,  0), Obj 7.486157E+07, DensityWeight 5.695660E-04, wHPWL 8.853983E+07, Overflow 3.301786E-01, MaxDensity 8.369E+00, gamma 5.471939E+01, time 47.013ms
[INFO   ] DREAMPlace - full step 51.139 ms
[INFO   ] DREAMPlace - optimizer step 2.700 ms
[INFO   ] DREAMPlace - iteration  371, ( 371,  0,  0), Obj 7.497408E+07, DensityWeight 5.860834E-04, wHPWL 8.852070E+07, Overflow 3.283747E-01, MaxDensity 8.471E+00, gamma 5.421797E+01, time 0.865ms
[INFO   ] DREAMPlace - full step 4.143 ms
[INFO   ] DREAMPlace - optimizer step 2.609 ms
[INFO   ] DREAMPlace - iteration  372, ( 372,  0,  0), Obj 7.507604E+07, DensityWeight 6.030799E-04, wHPWL 8.850250E+07, Overflow 3.264912E-01, MaxDensity 7.977E+00, gamma 5.371983E+01, time 0.761ms
[INFO   ] DREAMPlace - full step 3.923 ms
[INFO   ] DREAMPlace - optimizer step 2.494 ms
[INFO   ] DREAMPlace - iteration  373, ( 373,  0,  0), Obj 7.517774E+07, DensityWeight 6.205693E-04, wHPWL 8.848619E+07, Overflow 3.244440E-01, MaxDensity 8.338E+00, gamma 5.320457E+01, time 0.780ms
[INFO   ] DREAMPlace - full step 3.766 ms
[INFO   ] DREAMPlace - optimizer step 2.516 ms
[INFO   ] DREAMPlace - iteration  374, ( 374,  0,  0), Obj 7.528483E+07, DensityWeight 6.385658E-04, wHPWL 8.847717E+07, Overflow 3.220011E-01, MaxDensity 7.927E+00, gamma 5.265015E+01, time 0.729ms
[INFO   ] DREAMPlace - full step 3.728 ms
[INFO   ] DREAMPlace - optimizer step 2.636 ms
[INFO   ] DREAMPlace - iteration  375, ( 375,  0,  0), Obj 7.540461E+07, DensityWeight 6.570842E-04, wHPWL 8.847643E+07, Overflow 3.193610E-01, MaxDensity 7.840E+00, gamma 5.199612E+01, time 0.767ms
[INFO   ] DREAMPlace - full step 3.919 ms
[INFO   ] DREAMPlace - optimizer step 4.339 ms
[INFO   ] DREAMPlace - iteration  376, ( 376,  0,  0), Obj 7.554276E+07, DensityWeight 6.761397E-04, wHPWL 8.847776E+07, Overflow 3.167118E-01, MaxDensity 7.973E+00, gamma 5.129842E+01, time 0.793ms
[INFO   ] DREAMPlace - full step 5.646 ms
[INFO   ] DREAMPlace - optimizer step 6.421 ms
[INFO   ] DREAMPlace - iteration  377, ( 377,  0,  0), Obj 7.569234E+07, DensityWeight 7.098152E-04, wHPWL 8.847942E+07, Overflow 3.141328E-01, MaxDensity 8.087E+00, gamma 5.060774E+01, time 0.805ms
[INFO   ] DREAMPlace - full step 7.740 ms
[INFO   ] DREAMPlace - optimizer step 2.582 ms
[INFO   ] DREAMPlace - iteration  378, ( 378,  0,  0), Obj 7.584024E+07, DensityWeight 7.451331E-04, wHPWL 8.847667E+07, Overflow 3.118403E-01, MaxDensity 7.327E+00, gamma 4.994429E+01, time 0.796ms
[INFO   ] DREAMPlace - full step 3.929 ms
[INFO   ] DREAMPlace - optimizer step 2.578 ms
[INFO   ] DREAMPlace - iteration  379, ( 379,  0,  0), Obj 7.598947E+07, DensityWeight 7.667420E-04, wHPWL 8.847861E+07, Overflow 3.093079E-01, MaxDensity 7.671E+00, gamma 4.936185E+01, time 0.804ms
[INFO   ] DREAMPlace - full step 3.890 ms
[INFO   ] DREAMPlace - optimizer step 2.547 ms
[INFO   ] DREAMPlace - iteration  380, ( 380,  0,  0), Obj 7.613438E+07, DensityWeight 8.048618E-04, wHPWL 8.849104E+07, Overflow 3.060890E-01, MaxDensity 8.079E+00, gamma 4.872635E+01, time 0.769ms
[INFO   ] DREAMPlace - full step 3.824 ms
[INFO   ] DREAMPlace - optimizer step 2.318 ms
[INFO   ] DREAMPlace - iteration  381, ( 381,  0,  0), Obj 7.629446E+07, DensityWeight 8.436415E-04, wHPWL 8.851078E+07, Overflow 3.027736E-01, MaxDensity 7.627E+00, gamma 4.793036E+01, time 0.790ms
[INFO   ] DREAMPlace - full step 3.587 ms
[INFO   ] DREAMPlace - optimizer step 8.539 ms
[INFO   ] DREAMPlace - iteration  382, ( 382,  0,  0), Obj 7.648700E+07, DensityWeight 8.833889E-04, wHPWL 8.853520E+07, Overflow 2.991895E-01, MaxDensity 6.764E+00, gamma 4.712411E+01, time 32.571ms
[INFO   ] DREAMPlace - full step 41.639 ms
[INFO   ] DREAMPlace - optimizer step 2.569 ms
[INFO   ] DREAMPlace - iteration  383, ( 383,  0,  0), Obj 7.669250E+07, DensityWeight 9.244065E-04, wHPWL 8.856724E+07, Overflow 2.952121E-01, MaxDensity 7.288E+00, gamma 4.626776E+01, time 0.768ms
[INFO   ] DREAMPlace - full step 3.852 ms
[INFO   ] DREAMPlace - optimizer step 5.284 ms
[INFO   ] DREAMPlace - iteration  384, ( 384,  0,  0), Obj 7.690634E+07, DensityWeight 9.663012E-04, wHPWL 8.859253E+07, Overflow 2.909830E-01, MaxDensity 7.178E+00, gamma 4.533565E+01, time 0.780ms
[INFO   ] DREAMPlace - full step 6.587 ms
[INFO   ] DREAMPlace - optimizer step 2.722 ms
[INFO   ] DREAMPlace - iteration  385, ( 385,  0,  0), Obj 7.713492E+07, DensityWeight 1.011046E-03, wHPWL 8.861448E+07, Overflow 2.866438E-01, MaxDensity 7.007E+00, gamma 4.436514E+01, time 0.817ms
[INFO   ] DREAMPlace - full step 4.046 ms
[INFO   ] DREAMPlace - optimizer step 3.258 ms
[INFO   ] DREAMPlace - iteration  386, ( 386,  0,  0), Obj 7.737233E+07, DensityWeight 1.058354E-03, wHPWL 8.863266E+07, Overflow 2.826550E-01, MaxDensity 6.972E+00, gamma 4.339095E+01, time 0.765ms
[INFO   ] DREAMPlace - full step 4.574 ms
[INFO   ] DREAMPlace - optimizer step 3.653 ms
[INFO   ] DREAMPlace - iteration  387, ( 387,  0,  0), Obj 7.761038E+07, DensityWeight 1.108460E-03, wHPWL 8.864644E+07, Overflow 2.787296E-01, MaxDensity 6.958E+00, gamma 4.251433E+01, time 0.751ms
[INFO   ] DREAMPlace - full step 4.935 ms
[INFO   ] DREAMPlace - optimizer step 3.056 ms
[INFO   ] DREAMPlace - iteration  388, ( 388,  0,  0), Obj 7.782746E+07, DensityWeight 1.161648E-03, wHPWL 8.865213E+07, Overflow 2.755481E-01, MaxDensity 6.455E+00, gamma 4.166890E+01, time 0.771ms
[INFO   ] DREAMPlace - full step 4.421 ms
[INFO   ] DREAMPlace - optimizer step 2.762 ms
[INFO   ] DREAMPlace - iteration  389, ( 389,  0,  0), Obj 7.803371E+07, DensityWeight 1.218764E-03, wHPWL 8.865178E+07, Overflow 2.722885E-01, MaxDensity 6.079E+00, gamma 4.099606E+01, time 0.805ms
[INFO   ] DREAMPlace - full step 4.107 ms
[INFO   ] DREAMPlace - optimizer step 2.371 ms
[INFO   ] DREAMPlace - iteration  390, ( 390,  0,  0), Obj 7.820626E+07, DensityWeight 1.254108E-03, wHPWL 8.865170E+07, Overflow 2.690834E-01, MaxDensity 6.083E+00, gamma 4.031796E+01, time 0.798ms
[INFO   ] DREAMPlace - full step 3.678 ms
[INFO   ] DREAMPlace - optimizer step 10.958 ms
[INFO   ] DREAMPlace - iteration  391, ( 391,  0,  0), Obj 7.837376E+07, DensityWeight 1.290477E-03, wHPWL 8.864931E+07, Overflow 2.657723E-01, MaxDensity 5.843E+00, gamma 3.966213E+01, time 0.743ms
[INFO   ] DREAMPlace - full step 12.179 ms
[INFO   ] DREAMPlace - optimizer step 2.659 ms
[INFO   ] DREAMPlace - iteration  392, ( 392,  0,  0), Obj 7.853162E+07, DensityWeight 1.327901E-03, wHPWL 8.864776E+07, Overflow 2.628312E-01, MaxDensity 5.708E+00, gamma 3.899582E+01, time 0.764ms
[INFO   ] DREAMPlace - full step 3.938 ms
[INFO   ] DREAMPlace - optimizer step 2.441 ms
[INFO   ] DREAMPlace - iteration  393, ( 393,  0,  0), Obj 7.867989E+07, DensityWeight 1.366411E-03, wHPWL 8.863269E+07, Overflow 2.605740E-01, MaxDensity 5.862E+00, gamma 3.841336E+01, time 0.767ms
[INFO   ] DREAMPlace - full step 3.703 ms
[INFO   ] DREAMPlace - optimizer step 29.498 ms
[INFO   ] DREAMPlace - iteration  394, ( 394,  0,  0), Obj 7.879981E+07, DensityWeight 1.406036E-03, wHPWL 8.860758E+07, Overflow 2.585202E-01, MaxDensity 5.840E+00, gamma 3.797226E+01, time 0.736ms
[INFO   ] DREAMPlace - full step 30.744 ms
[INFO   ] DREAMPlace - optimizer step 2.818 ms
[INFO   ] DREAMPlace - iteration  395, ( 395,  0,  0), Obj 7.888333E+07, DensityWeight 1.446812E-03, wHPWL 8.856923E+07, Overflow 2.569683E-01, MaxDensity 5.750E+00, gamma 3.757529E+01, time 0.768ms
[INFO   ] DREAMPlace - full step 4.102 ms
[INFO   ] DREAMPlace - optimizer step 3.984 ms
[INFO   ] DREAMPlace - iteration  396, ( 396,  0,  0), Obj 7.894756E+07, DensityWeight 1.488769E-03, wHPWL 8.852822E+07, Overflow 2.554186E-01, MaxDensity 5.844E+00, gamma 3.727808E+01, time 0.816ms
[INFO   ] DREAMPlace - full step 5.367 ms
[INFO   ] DREAMPlace - optimizer step 2.629 ms
[INFO   ] DREAMPlace - iteration  397, ( 397,  0,  0), Obj 7.899194E+07, DensityWeight 1.531944E-03, wHPWL 8.848598E+07, Overflow 2.540057E-01, MaxDensity 5.933E+00, gamma 3.698365E+01, time 0.744ms
[INFO   ] DREAMPlace - full step 3.835 ms
[INFO   ] DREAMPlace - optimizer step 2.681 ms
[INFO   ] DREAMPlace - iteration  398, ( 398,  0,  0), Obj 7.903357E+07, DensityWeight 1.576370E-03, wHPWL 8.845298E+07, Overflow 2.522353E-01, MaxDensity 5.867E+00, gamma 3.671725E+01, time 0.790ms
[INFO   ] DREAMPlace - full step 3.979 ms
[INFO   ] DREAMPlace - optimizer step 2.555 ms
[INFO   ] DREAMPlace - iteration  399, ( 399,  0,  0), Obj 7.907193E+07, DensityWeight 1.622085E-03, wHPWL 8.842078E+07, Overflow 2.506516E-01, MaxDensity 5.702E+00, gamma 3.638613E+01, time 0.779ms
[INFO   ] DREAMPlace - full step 3.837 ms
[INFO   ] DREAMPlace - optimizer step 5.552 ms
[INFO   ] DREAMPlace - iteration  400, ( 400,  0,  0), Obj 7.912226E+07, DensityWeight 1.669125E-03, wHPWL 8.839754E+07, Overflow 2.487588E-01, MaxDensity 5.288E+00, gamma 3.609247E+01, time 0.757ms
[INFO   ] DREAMPlace - full step 6.871 ms
[INFO   ] DREAMPlace - optimizer step 2.822 ms
[INFO   ] DREAMPlace - iteration  401, ( 401,  0,  0), Obj 7.917177E+07, DensityWeight 1.717530E-03, wHPWL 8.837539E+07, Overflow 2.469614E-01, MaxDensity 5.413E+00, gamma 3.574459E+01, time 0.791ms
[INFO   ] DREAMPlace - full step 4.124 ms
[INFO   ] DREAMPlace - optimizer step 3.875 ms
[INFO   ] DREAMPlace - iteration  402, ( 402,  0,  0), Obj 7.923330E+07, DensityWeight 1.767338E-03, wHPWL 8.836055E+07, Overflow 2.448036E-01, MaxDensity 5.175E+00, gamma 3.541735E+01, time 0.787ms
[INFO   ] DREAMPlace - full step 5.175 ms
[INFO   ] DREAMPlace - optimizer step 4.613 ms
[INFO   ] DREAMPlace - iteration  403, ( 403,  0,  0), Obj 7.929865E+07, DensityWeight 1.818591E-03, wHPWL 8.834842E+07, Overflow 2.426525E-01, MaxDensity 5.335E+00, gamma 3.502846E+01, time 0.764ms
[INFO   ] DREAMPlace - full step 5.913 ms
[INFO   ] DREAMPlace - optimizer step 2.572 ms
[INFO   ] DREAMPlace - iteration  404, ( 404,  0,  0), Obj 7.937875E+07, DensityWeight 1.871331E-03, wHPWL 8.834222E+07, Overflow 2.402659E-01, MaxDensity 5.402E+00, gamma 3.464502E+01, time 0.784ms
[INFO   ] DREAMPlace - full step 3.875 ms
[WARNING] DEF input file not specified, cannot output DEF file; set to DEFSIMPLE
[INFO   ] lef_input = 
[INFO   ] def_input = 
[INFO   ] verilog_input = 
[INFO   ] bookshelf_aux_input = benchmarks/ispd2005/bigblue1/bigblue1.aux
[INFO   ] bookshelf_pl_input = 
[INFO   ] def_size_input = 
[INFO   ] def_output = -out.def
[INFO   ] rpt_output = 
[INFO   ] target_util = 0
[INFO   ] max_displace = 0
[INFO   ] bin size = (10, 10) #rows
[INFO   ] sbin size = (5, 5) #rows
[INFO   ] bin_space_threshold = 0.2
[INFO   ] abu = 2,10 5,5 10,2 20,1 
[INFO   ] def_ignore_cells = 
[INFO   ] macro_obs_aware_layers = 
[INFO   ] enable_place = true
[INFO   ] enable_legalize = true
[INFO   ] evaluate_overlap = false
[INFO   ] move_multi_row_cell = true
[INFO   ] align_power_line = true
[INFO   ] cluster_cell = false
[INFO   ] sort_nets_by_degree = false
[INFO   ] file_format = BOOKSHELF
[INFO   ] max_iters = 6
[WARNING] no DEF file specified
[WARNING] no Verilog file specified
[INFO   ] reading benchmarks/ispd2005/bigblue1/bigblue1.aux
[WARNING] no additional Bookshelf .pl file specified
[WARNING] 14016 nets with 17057 pins from same nodes
[WARNING] 1709 nets should be ignored due to not enough pins
[INFO   ] sort nodes in the order of movable and fixed
[INFO   ] Group cells for fence regions
[INFO   ] Construct 0 groups
[INFO   ] Fence region groups done
[DEBUG  ] num_terminals 560, numFixed 560, numPlaceBlockages 0, num_terminal_NIs 0
[INFO   ] -- Converting Node Orientation --
[INFO   ] ---------------------------------
[INFO   ] -------- Area Statistics --------
[INFO   ] fixed area overlap = 1.96398e+07
[INFO   ] fixed area total = 3.60628e+07
[INFO   ] space area = 9.45507e+07
[INFO   ] ---------------------------------
[DEBUG  ] deterministic mode: integer 32 bits, fraction 32 bits, scale factor 4294967296
[DEBUG  ] deterministic mode: integer 32 bits, fraction 32 bits, scale factor 4294967296
[INFO   ] writing placement to obsspread_results/bigblue1/plot/iter0000.png
[WARNING] filename = obsspread_results/bigblue1/plot/iter0000.png, width = 800, height = 799, file format = 3 not used, as DRAWPLACE not enabled
[INFO   ] writing placement to obsspread_results/bigblue1/plot/iter0045.png
[WARNING] filename = obsspread_results/bigblue1/plot/iter0045.png, width = 800, height = 799, file format = 3 not used, as DRAWPLACE not enabled
[INFO   ] writing placement to obsspread_results/bigblue1/plot/iter0090.png
[WARNING] filename = obsspread_results/bigblue1/plot/iter0090.png, width = 800, height = 799, file format = 3 not used, as DRAWPLACE not enabled
[INFO   ] writing placement to obsspread_results/bigblue1/plot/iter0135.png
[WARNING] filename = obsspread_results/bigblue1/plot/iter0135.png, width = 800, height = 799, file format = 3 not used, as DRAWPLACE not enabled
[INFO   ] writing placement to obsspread_results/bigblue1/plot/iter0180.png
[WARNING] filename = obsspread_results/bigblue1/plot/iter0180.png, width = 800, height = 799, file format = 3 not used, as DRAWPLACE not enabled
[INFO   ] writing placement to obsspread_results/bigblue1/plot/iter0225.png
[WARNING] filename = obsspread_results/bigblue1/plot/iter0225.png, width = 800, height = 799, file format = 3 not used, as DRAWPLACE not enabled
[INFO   ] writing placement to obsspread_results/bigblue1/plot/iter0270.png
[WARNING] filename = obsspread_results/bigblue1/plot/iter0270.png, width = 800, height = 799, file format = 3 not used, as DRAWPLACE not enabled
[INFO   ] writing placement to obsspread_results/bigblue1/plot/iter0315.png
[WARNING] filename = obsspread_results/bigblue1/plot/iter0315.png, width = 800, height = 799, file format = 3 not used, as DRAWPLACE not enabled
[INFO   ] writing placement to obsspread_results/bigblue1/plot/iter0360.png
[WARNING] filename = obsspread_results/bigblue1/plot/iter0360.png, width = 800, height = 799, file format = 3 not used, as DRAWPLACE not enabled
[INFO   ] writing placement to obsspread_results/bigblue1/plot/iter0405.png
[WARNING] filename = obsspread_results/bigblue1/plot/iter0405.png, width = 800, height = 799, file format = 3 not used,[I] plotting to obsspread_results/bigblue1/plot/iter0405.png takes 10.244 seconds
[INFO   ] DREAMPlace - plotting to obsspread_results/bigblue1/plot/iter0405.png takes 10.606 seconds
[INFO   ] DREAMPlace - optimizer step 51.449 ms
[INFO   ] DREAMPlace - iteration  405, ( 405,  0,  0), Obj 7.946510E+07, DensityWeight 1.925599E-03, wHPWL 8.833890E+07, Overflow 2.380725E-01, MaxDensity 5.088E+00, gamma 3.422451E+01, time 0.786ms
[INFO   ] DREAMPlace - full step 10664.891 ms
[INFO   ] DREAMPlace - optimizer step 21.905 ms
[INFO   ] DREAMPlace - iteration  406, ( 406,  0,  0), Obj 7.955731E+07, DensityWeight 1.981442E-03, wHPWL 8.833430E+07, Overflow 2.358756E-01, MaxDensity 5.272E+00, gamma 3.384254E+01, time 5.069ms
[INFO   ] DREAMPlace - full step 34.565 ms
[INFO   ] DREAMPlace - optimizer step 22.050 ms
[INFO   ] DREAMPlace - iteration  407, ( 407,  0,  0), Obj 7.964526E+07, DensityWeight 2.038904E-03, wHPWL 8.832785E+07, Overflow 2.340166E-01, MaxDensity 5.345E+00, gamma 3.346424E+01, time 5.276ms
[INFO   ] DREAMPlace - full step 32.430 ms
[INFO   ] DREAMPlace - optimizer step 21.617 ms
[INFO   ] DREAMPlace - iteration  408, ( 408,  0,  0), Obj 7.973182E+07, DensityWeight 2.098032E-03, wHPWL 8.832274E+07, Overflow 2.319093E-01, MaxDensity 5.240E+00, gamma 3.314742E+01, time 5.030ms
[INFO   ] DREAMPlace - full step 34.556 ms
[INFO   ] DREAMPlace - optimizer step 21.890 ms
[INFO   ] DREAMPlace - iteration  409, ( 409,  0,  0), Obj 7.981002E+07, DensityWeight 2.158875E-03, wHPWL 8.831944E+07, Overflow 2.296481E-01, MaxDensity 5.068E+00, gamma 3.279193E+01, time 5.215ms
[INFO   ] DREAMPlace - full step 32.343 ms
[INFO   ] DREAMPlace - optimizer step 22.011 ms
[INFO   ] DREAMPlace - iteration  410, ( 410,  0,  0), Obj 7.989173E+07, DensityWeight 2.221482E-03, wHPWL 8.831665E+07, Overflow 2.276746E-01, MaxDensity 4.958E+00, gamma 3.241470E+01, time 5.229ms
[INFO   ] DREAMPlace - full step 32.249 ms
[INFO   ] DREAMPlace - optimizer step 25.890 ms
[INFO   ] DREAMPlace - iteration  411, ( 411,  0,  0), Obj 7.997762E+07, DensityWeight 2.285905E-03, wHPWL 8.831283E+07, Overflow 2.256290E-01, MaxDensity 4.975E+00, gamma 3.208903E+01, time 4.536ms
[INFO   ] DREAMPlace - full step 37.725 ms
[INFO   ] DREAMPlace - optimizer step 52.038 ms
[INFO   ] DREAMPlace - iteration  412, ( 412,  0,  0), Obj 8.005116E+07, DensityWeight 2.352197E-03, wHPWL 8.830758E+07, Overflow 2.238470E-01, MaxDensity 4.721E+00, gamma 3.175490E+01, time 5.197ms
[INFO   ] DREAMPlace - full step 64.500 ms
[INFO   ] DREAMPlace - optimizer step 21.907 ms
[INFO   ] DREAMPlace - iteration  413, ( 413,  0,  0), Obj 8.012191E+07, DensityWeight 2.420411E-03, wHPWL 8.829576E+07, Overflow 2.221335E-01, MaxDensity 4.596E+00, gamma 3.146666E+01, time 4.289ms
[INFO   ] DREAMPlace - full step 60.180 ms
[INFO   ] DREAMPlace - optimizer step 25.028 ms
[INFO   ] DREAMPlace - iteration  414, ( 414,  0,  0), Obj 8.017994E+07, DensityWeight 2.490602E-03, wHPWL 8.828183E+07, Overflow 2.203207E-01, MaxDensity 4.515E+00, gamma 3.119198E+01, time 4.716ms
[INFO   ] DREAMPlace - full step 33.602 ms
[INFO   ] DREAMPlace - optimizer step 51.936 ms
[INFO   ] DREAMPlace - iteration  415, ( 415,  0,  0), Obj 8.023498E+07, DensityWeight 2.562830E-03, wHPWL 8.826613E+07, Overflow 2.184370E-01, MaxDensity 4.682E+00, gamma 3.090398E+01, time 3.335ms
[INFO   ] DREAMPlace - full step 61.866 ms
[INFO   ] DREAMPlace - optimizer step 19.118 ms
[INFO   ] DREAMPlace - iteration  416, ( 416,  0,  0), Obj 8.029046E+07, DensityWeight 2.637152E-03, wHPWL 8.825258E+07, Overflow 2.164488E-01, MaxDensity 4.480E+00, gamma 3.060755E+01, time 5.242ms
[INFO   ] DREAMPlace - full step 31.677 ms
[INFO   ] DREAMPlace - optimizer step 33.361 ms
[INFO   ] DREAMPlace - iteration  417, ( 417,  0,  0), Obj 8.034856E+07, DensityWeight 2.713630E-03, wHPWL 8.823710E+07, Overflow 2.143495E-01, MaxDensity 4.418E+00, gamma 3.029774E+01, time 21.570ms
[INFO   ] DREAMPlace - full step 62.190 ms
[INFO   ] DREAMPlace - optimizer step 52.849 ms
[INFO   ] DREAMPlace - iteration  418, ( 418,  0,  0), Obj 8.040856E+07, DensityWeight 2.792325E-03, wHPWL 8.822372E+07, Overflow 2.122936E-01, MaxDensity 4.542E+00, gamma 2.997404E+01, time 5.264ms
[INFO   ] DREAMPlace - full step 65.548 ms
[INFO   ] DREAMPlace - optimizer step 7.192 ms
[INFO   ] DREAMPlace - iteration  419, ( 419,  0,  0), Obj 8.047319E+07, DensityWeight 2.873302E-03, wHPWL 8.820851E+07, Overflow 2.103251E-01, MaxDensity 4.570E+00, gamma 2.966036E+01, time 5.219ms
[INFO   ] DREAMPlace - full step 15.072 ms
[INFO   ] DREAMPlace - optimizer step 2.431 ms
[INFO   ] DREAMPlace - iteration  420, ( 420,  0,  0), Obj 8.053678E+07, DensityWeight 2.956628E-03, wHPWL 8.819698E+07, Overflow 2.085584E-01, MaxDensity 4.595E+00, gamma 2.936311E+01, time 0.726ms
[INFO   ] DREAMPlace - full step 3.635 ms
[INFO   ] DREAMPlace - optimizer step 2.770 ms
[INFO   ] DREAMPlace - iteration  421, ( 421,  0,  0), Obj 8.060089E+07, DensityWeight 3.042371E-03, wHPWL 8.818572E+07, Overflow 2.064717E-01, MaxDensity 4.433E+00, gamma 2.909886E+01, time 0.727ms
[INFO   ] DREAMPlace - full step 4.007 ms
[INFO   ] DREAMPlace - optimizer step 3.248 ms
[INFO   ] DREAMPlace - iteration  422, ( 422,  0,  0), Obj 8.065867E+07, DensityWeight 3.130600E-03, wHPWL 8.817795E+07, Overflow 2.047595E-01, MaxDensity 4.410E+00, gamma 2.878983E+01, time 0.806ms
[INFO   ] DREAMPlace - full step 4.550 ms
[INFO   ] DREAMPlace - optimizer step 6.694 ms
[INFO   ] DREAMPlace - iteration  423, ( 423,  0,  0), Obj 8.072496E+07, DensityWeight 3.221387E-03, wHPWL 8.816723E+07, Overflow 2.028708E-01, MaxDensity 4.627E+00, gamma 2.853869E+01, time 0.745ms
[INFO   ] DREAMPlace - full step 7.948 ms
[INFO   ] DREAMPlace - optimizer step 4.187 ms
[INFO   ] DREAMPlace - iteration  424, ( 424,  0,  0), Obj 8.078186E+07, DensityWeight 3.314807E-03, wHPWL 8.816132E+07, Overflow 2.008252E-01, MaxDensity 4.571E+00, gamma 2.826421E+01, time 0.874ms
[INFO   ] DREAMPlace - full step 6.011 ms
[INFO   ] DREAMPlace - optimizer step 4.180 ms
[INFO   ] DREAMPlace - iteration  425, ( 425,  0,  0), Obj 8.084204E+07, DensityWeight 3.410937E-03, wHPWL 8.815173E+07, Overflow 1.987079E-01, MaxDensity 4.500E+00, gamma 2.796992E+01, time 0.897ms
[INFO   ] DREAMPlace - full step 5.980 ms
[INFO   ] DREAMPlace - optimizer step 19.742 ms
[INFO   ] DREAMPlace - iteration  426, ( 426,  0,  0), Obj 8.090434E+07, DensityWeight 3.509854E-03, wHPWL 8.814275E+07, Overflow 1.967255E-01, MaxDensity 4.260E+00, gamma 2.766852E+01, time 0.952ms
[INFO   ] DREAMPlace - full step 25.848 ms
[INFO   ] DREAMPlace - optimizer step 22.933 ms
[INFO   ] DREAMPlace - iteration  427, ( 427,  0,  0), Obj 8.096807E+07, DensityWeight 3.611640E-03, wHPWL 8.813032E+07, Overflow 1.949790E-01, MaxDensity 4.137E+00, gamma 2.738930E+01, time 12.599ms
[INFO   ] DREAMPlace - full step 42.842 ms
[INFO   ] DREAMPlace - optimizer step 38.859 ms
[INFO   ] DREAMPlace - iteration  428, ( 428,  0,  0), Obj 8.102707E+07, DensityWeight 3.716378E-03, wHPWL 8.811914E+07, Overflow 1.934272E-01, MaxDensity 4.465E+00, gamma 2.714561E+01, time 5.196ms
[INFO   ] DREAMPlace - full step 49.394 ms
[INFO   ] DREAMPlace - optimizer step 20.027 ms
[INFO   ] DREAMPlace - iteration  429, ( 429,  0,  0), Obj 8.108000E+07, DensityWeight 3.824153E-03, wHPWL 8.810675E+07, Overflow 1.918101E-01, MaxDensity 4.129E+00, gamma 2.693093E+01, time 35.696ms
[INFO   ] DREAMPlace - full step 62.914 ms
[INFO   ] DREAMPlace - optimizer step 20.218 ms
[INFO   ] DREAMPlace - iteration  430, ( 430,  0,  0), Obj 8.112758E+07, DensityWeight 3.935053E-03, wHPWL 8.809832E+07, Overflow 1.900111E-01, MaxDensity 4.350E+00, gamma 2.670900E+01, time 5.205ms
[INFO   ] DREAMPlace - full step 32.724 ms
[INFO   ] DREAMPlace - optimizer step 24.355 ms
[INFO   ] DREAMPlace - iteration  431, ( 431,  0,  0), Obj 8.117801E+07, DensityWeight 4.049170E-03, wHPWL 8.809152E+07, Overflow 1.880314E-01, MaxDensity 4.396E+00, gamma 2.646426E+01, time 5.213ms
[INFO   ] DREAMPlace - full step 36.348 ms
[INFO   ] DREAMPlace - optimizer step 48.928 ms
[INFO   ] DREAMPlace - iteration  432, ( 432,  0,  0), Obj 8.123406E+07, DensityWeight 4.166597E-03, wHPWL 8.808986E+07, Overflow 1.859732E-01, MaxDensity 4.414E+00, gamma 2.619754E+01, time 4.519ms
[INFO   ] DREAMPlace - full step 60.758 ms
[INFO   ] DREAMPlace - optimizer step 22.148 ms
[INFO   ] DREAMPlace - iteration  433, ( 433,  0,  0), Obj 8.129393E+07, DensityWeight 4.287428E-03, wHPWL 8.808523E+07, Overflow 1.841870E-01, MaxDensity 4.130E+00, gamma 2.592308E+01, time 5.223ms
[INFO   ] DREAMPlace - full step 34.189 ms
[INFO   ] DREAMPlace - optimizer step 20.033 ms
[INFO   ] DREAMPlace - iteration  434, ( 434,  0,  0), Obj 8.135222E+07, DensityWeight 4.411764E-03, wHPWL 8.807760E+07, Overflow 1.822836E-01, MaxDensity 4.152E+00, gamma 2.568724E+01, time 5.203ms
[INFO   ] DREAMPlace - full step 30.735 ms
[INFO   ] DREAMPlace - optimizer step 89.424 ms
[INFO   ] DREAMPlace - iteration  435, ( 435,  0,  0), Obj 8.140150E+07, DensityWeight 4.539705E-03, wHPWL 8.806483E+07, Overflow 1.806670E-01, MaxDensity 4.297E+00, gamma 2.543827E+01, time 5.070ms
[INFO   ] DREAMPlace - full step 101.822 ms
[INFO   ] DREAMPlace - optimizer step 53.634 ms
[INFO   ] DREAMPlace - iteration  436, ( 436,  0,  0), Obj 8.145216E+07, DensityWeight 4.671357E-03, wHPWL 8.805250E+07, Overflow 1.791094E-01, MaxDensity 4.304E+00, gamma 2.522872E+01, time 5.198ms
[INFO   ] DREAMPlace - full step 65.435 ms
[INFO   ] DREAMPlace - optimizer step 6.366 ms
[INFO   ] DREAMPlace - iteration  437, ( 437,  0,  0), Obj 8.149699E+07, DensityWeight 4.806827E-03, wHPWL 8.804080E+07, Overflow 1.773082E-01, MaxDensity 4.319E+00, gamma 2.502845E+01, time 1.423ms
[INFO   ] DREAMPlace - full step 8.732 ms
[INFO   ] DREAMPlace - optimizer step 19.171 ms
[INFO   ] DREAMPlace - iteration  438, ( 438,  0,  0), Obj 8.153960E+07, DensityWeight 4.946225E-03, wHPWL 8.803065E+07, Overflow 1.755108E-01, MaxDensity 3.999E+00, gamma 2.479883E+01, time 0.896ms
[INFO   ] DREAMPlace - full step 52.566 ms
[INFO   ] DREAMPlace - optimizer step 23.124 ms
[INFO   ] DREAMPlace - iteration  439, ( 439,  0,  0), Obj 8.158851E+07, DensityWeight 5.089666E-03, wHPWL 8.802105E+07, Overflow 1.736345E-01, MaxDensity 4.097E+00, gamma 2.457180E+01, time 5.369ms
[INFO   ] DREAMPlace - full step 35.822 ms
[INFO   ] DREAMPlace - optimizer step 47.140 ms
[INFO   ] DREAMPlace - iteration  440, ( 440,  0,  0), Obj 8.163874E+07, DensityWeight 5.237266E-03, wHPWL 8.801471E+07, Overflow 1.718888E-01, MaxDensity 4.249E+00, gamma 2.433703E+01, time 5.165ms
[INFO   ] DREAMPlace - full step 59.584 ms
[INFO   ] DREAMPlace - optimizer step 22.540 ms
[INFO   ] DREAMPlace - iteration  441, ( 441,  0,  0), Obj 8.169151E+07, DensityWeight 5.389147E-03, wHPWL 8.800859E+07, Overflow 1.700985E-01, MaxDensity 4.033E+00, gamma 2.412060E+01, time 1.171ms
[INFO   ] DREAMPlace - full step 30.989 ms
[INFO   ] DREAMPlace - optimizer step 25.023 ms
[INFO   ] DREAMPlace - iteration  442, ( 442,  0,  0), Obj 8.174230E+07, DensityWeight 5.545433E-03, wHPWL 8.800515E+07, Overflow 1.683221E-01, MaxDensity 4.063E+00, gamma 2.390065E+01, time 5.196ms
[INFO   ] DREAMPlace - full step 35.437 ms
[INFO   ] DREAMPlace - optimizer step 36.584 ms
[INFO   ] DREAMPlace - iteration  443, ( 443,  0,  0), Obj 8.179434E+07, DensityWeight 5.706251E-03, wHPWL 8.800186E+07, Overflow 1.664853E-01, MaxDensity 3.775E+00, gamma 2.368439E+01, time 10.164ms
[INFO   ] DREAMPlace - full step 53.813 ms
[INFO   ] DREAMPlace - optimizer step 23.052 ms
[INFO   ] DREAMPlace - iteration  444, ( 444,  0,  0), Obj 8.184428E+07, DensityWeight 5.871733E-03, wHPWL 8.799790E+07, Overflow 1.647270E-01, MaxDensity 4.166E+00, gamma 2.346283E+01, time 5.182ms
[INFO   ] DREAMPlace - full step 33.322 ms
[INFO   ] DREAMPlace - optimizer step 23.786 ms
[INFO   ] DREAMPlace - iteration  445, ( 445,  0,  0), Obj 8.189411E+07, DensityWeight 6.042013E-03, wHPWL 8.799208E+07, Overflow 1.629431E-01, MaxDensity 4.148E+00, gamma 2.325268E+01, time 36.328ms
[INFO   ] DREAMPlace - full step 67.417 ms
[INFO   ] DREAMPlace - optimizer step 48.078 ms
[INFO   ] DREAMPlace - iteration  446, ( 446,  0,  0), Obj 8.194066E+07, DensityWeight 6.217232E-03, wHPWL 8.798570E+07, Overflow 1.611935E-01, MaxDensity 3.752E+00, gamma 2.304139E+01, time 5.211ms
[INFO   ] DREAMPlace - full step 58.442 ms
[INFO   ] DREAMPlace - optimizer step 23.721 ms
[INFO   ] DREAMPlace - iteration  447, ( 447,  0,  0), Obj 8.198576E+07, DensityWeight 6.397532E-03, wHPWL 8.797710E+07, Overflow 1.594552E-01, MaxDensity 3.955E+00, gamma 2.283604E+01, time 15.454ms
[INFO   ] DREAMPlace - full step 46.421 ms
[INFO   ] DREAMPlace - optimizer step 22.575 ms
[INFO   ] DREAMPlace - iteration  448, ( 448,  0,  0), Obj 8.203162E+07, DensityWeight 6.583061E-03, wHPWL 8.797138E+07, Overflow 1.577914E-01, MaxDensity 3.875E+00, gamma 2.263381E+01, time 5.194ms
[INFO   ] DREAMPlace - full step 35.095 ms
[INFO   ] DREAMPlace - optimizer step 43.540 ms
[INFO   ] DREAMPlace - iteration  449, ( 449,  0,  0), Obj 8.207864E+07, DensityWeight 6.773970E-03, wHPWL 8.796816E+07, Overflow 1.561360E-01, MaxDensity 3.756E+00, gamma 2.244195E+01, time 5.192ms
[INFO   ] DREAMPlace - full step 56.147 ms
[I] plotting to obsspread_results/bigblue1/plot/iter0450.png takes 6.728 seconds
[INFO   ] DREAMPlace - plotting to obsspread_results/bigblue1/plot/iter0450.png takes 7.144 seconds
[INFO   ] DREAMPlace - optimizer step 22.619 ms
[INFO   ] DREAMPlace - iteration  450, ( 450,  0,  0), Obj 8.212259E+07, DensityWeight 6.970415E-03, wHPWL 8.796372E+07, Overflow 1.545646E-01, MaxDensity 3.681E+00, gamma 2.225266E+01, time 5.242ms
[INFO   ] DREAMPlace - full step 7183.767 ms
[INFO   ] DREAMPlace - optimizer step 19.768 ms
[INFO   ] DREAMPlace - iteration  451, ( 451,  0,  0), Obj 8.216399E+07, DensityWeight 7.172557E-03, wHPWL 8.795650E+07, Overflow 1.530360E-01, MaxDensity 3.688E+00, gamma 2.207445E+01, time 5.010ms
[INFO   ] DREAMPlace - full step 32.200 ms
[INFO   ] DREAMPlace - optimizer step 20.701 ms
[INFO   ] DREAMPlace - iteration  452, ( 452,  0,  0), Obj 8.220303E+07, DensityWeight 7.380561E-03, wHPWL 8.794870E+07, Overflow 1.515148E-01, MaxDensity 3.723E+00, gamma 2.190247E+01, time 5.255ms
[INFO   ] DREAMPlace - full step 32.470 ms
[INFO   ] DREAMPlace - optimizer step 16.770 ms
[INFO   ] DREAMPlace - iteration  453, ( 453,  0,  0), Obj 8.224022E+07, DensityWeight 7.594598E-03, wHPWL 8.794078E+07, Overflow 1.497856E-01, MaxDensity 3.486E+00, gamma 2.173264E+01, time 5.195ms
[INFO   ] DREAMPlace - full step 27.601 ms
[INFO   ] DREAMPlace - optimizer step 20.036 ms
[INFO   ] DREAMPlace - iteration  454, ( 454,  0,  0), Obj 8.227694E+07, DensityWeight 7.814841E-03, wHPWL 8.793187E+07, Overflow 1.480569E-01, MaxDensity 3.432E+00, gamma 2.154120E+01, time 5.173ms
[INFO   ] DREAMPlace - full step 32.487 ms
[INFO   ] DREAMPlace - optimizer step 20.647 ms
[INFO   ] DREAMPlace - iteration  455, ( 455,  0,  0), Obj 8.231663E+07, DensityWeight 8.041472E-03, wHPWL 8.792283E+07, Overflow 1.464612E-01, MaxDensity 3.641E+00, gamma 2.135150E+01, time 5.213ms
[INFO   ] DREAMPlace - full step 30.914 ms
[INFO   ] DREAMPlace - optimizer step 16.549 ms
[INFO   ] DREAMPlace - iteration  456, ( 456,  0,  0), Obj 8.235782E+07, DensityWeight 8.274675E-03, wHPWL 8.791431E+07, Overflow 1.448866E-01, MaxDensity 3.712E+00, gamma 2.117787E+01, time 5.194ms
[INFO   ] DREAMPlace - full step 27.173 ms
[INFO   ] DREAMPlace - optimizer step 19.678 ms
[INFO   ] DREAMPlace - iteration  457, ( 457,  0,  0), Obj 8.239977E+07, DensityWeight 8.514641E-03, wHPWL 8.791283E+07, Overflow 1.433439E-01, MaxDensity 3.513E+00, gamma 2.100793E+01, time 5.177ms
[INFO   ] DREAMPlace - full step 32.068 ms
[INFO   ] DREAMPlace - optimizer step 20.588 ms
[INFO   ] DREAMPlace - iteration  458, ( 458,  0,  0), Obj 8.244577E+07, DensityWeight 8.761566E-03, wHPWL 8.791675E+07, Overflow 1.418279E-01, MaxDensity 3.517E+00, gamma 2.084274E+01, time 5.161ms
[INFO   ] DREAMPlace - full step 30.863 ms
[INFO   ] DREAMPlace - optimizer step 14.534 ms
[INFO   ] DREAMPlace - iteration  459, ( 459,  0,  0), Obj 8.248955E+07, DensityWeight 9.194618E-03, wHPWL 8.792108E+07, Overflow 1.403386E-01, MaxDensity 3.616E+00, gamma 2.068169E+01, time 7.053ms
[INFO   ] DREAMPlace - full step 27.201 ms
[INFO   ] DREAMPlace - optimizer step 19.631 ms
[INFO   ] DREAMPlace - iteration  460, ( 460,  0,  0), Obj 8.252575E+07, DensityWeight 9.648526E-03, wHPWL 8.791490E+07, Overflow 1.388481E-01, MaxDensity 3.598E+00, gamma 2.052469E+01, time 5.181ms
[INFO   ] DREAMPlace - full step 32.012 ms
[INFO   ] DREAMPlace - optimizer step 20.681 ms
[INFO   ] DREAMPlace - iteration  461, ( 461,  0,  0), Obj 8.256126E+07, DensityWeight 9.928334E-03, wHPWL 8.790986E+07, Overflow 1.365950E-01, MaxDensity 3.618E+00, gamma 2.036874E+01, time 5.172ms
[INFO   ] DREAMPlace - full step 30.941 ms
[INFO   ] DREAMPlace - optimizer step 16.567 ms
[INFO   ] DREAMPlace - iteration  462, ( 462,  0,  0), Obj 8.260842E+07, DensityWeight 1.021626E-02, wHPWL 8.791782E+07, Overflow 1.337356E-01, MaxDensity 3.434E+00, gamma 2.013527E+01, time 5.191ms
[INFO   ] DREAMPlace - full step 27.179 ms
[INFO   ] DREAMPlace - optimizer step 21.979 ms
[INFO   ] DREAMPlace - iteration  463, ( 463,  0,  0), Obj 8.267738E+07, DensityWeight 1.071516E-02, wHPWL 8.793643E+07, Overflow 1.311956E-01, MaxDensity 3.145E+00, gamma 1.984281E+01, time 5.171ms
[INFO   ] DREAMPlace - full step 34.359 ms
[INFO   ] DREAMPlace - optimizer step 20.690 ms
[INFO   ] DREAMPlace - iteration  464, ( 464,  0,  0), Obj 8.274898E+07, DensityWeight 1.122177E-02, wHPWL 8.793904E+07, Overflow 1.293815E-01, MaxDensity 3.179E+00, gamma 1.958659E+01, time 5.200ms
[INFO   ] DREAMPlace - full step 32.197 ms
[INFO   ] DREAMPlace - optimizer step 16.472 ms
[INFO   ] DREAMPlace - iteration  465, ( 465,  0,  0), Obj 8.280467E+07, DensityWeight 1.177858E-02, wHPWL 8.792923E+07, Overflow 1.273780E-01, MaxDensity 3.247E+00, gamma 1.940561E+01, time 5.181ms
[INFO   ] DREAMPlace - full step 27.190 ms
[INFO   ] DREAMPlace - optimizer step 19.618 ms
[INFO   ] DREAMPlace - iteration  466, ( 466,  0,  0), Obj 8.284840E+07, DensityWeight 1.212016E-02, wHPWL 8.792070E+07, Overflow 1.251289E-01, MaxDensity 3.196E+00, gamma 1.920769E+01, time 5.175ms
[INFO   ] DREAMPlace - full step 32.048 ms
[INFO   ] DREAMPlace - optimizer step 20.684 ms
[INFO   ] DREAMPlace - iteration  467, ( 467,  0,  0), Obj 8.290204E+07, DensityWeight 1.247164E-02, wHPWL 8.792450E+07, Overflow 1.225678E-01, MaxDensity 3.146E+00, gamma 1.898791E+01, time 5.190ms
[INFO   ] DREAMPlace - full step 32.135 ms
[INFO   ] DREAMPlace - optimizer step 16.378 ms
[INFO   ] DREAMPlace - iteration  468, ( 468,  0,  0), Obj 8.296013E+07, DensityWeight 1.308830E-02, wHPWL 8.792669E+07, Overflow 1.206667E-01, MaxDensity 3.041E+00, gamma 1.874070E+01, time 5.224ms
[INFO   ] DREAMPlace - full step 26.980 ms
[INFO   ] DREAMPlace - optimizer step 19.389 ms
[INFO   ] DREAMPlace - iteration  469, ( 469,  0,  0), Obj 8.301634E+07, DensityWeight 1.373851E-02, wHPWL 8.792230E+07, Overflow 1.192067E-01, MaxDensity 3.002E+00, gamma 1.855928E+01, time 9.716ms
[INFO   ] DREAMPlace - full step 36.304 ms
[INFO   ] DREAMPlace - optimizer step 2.392 ms
[INFO   ] DREAMPlace - iteration  470, ( 470,  0,  0), Obj 8.305494E+07, DensityWeight 1.413693E-02, wHPWL 8.790818E+07, Overflow 1.174899E-01, MaxDensity 2.984E+00, gamma 1.842115E+01, time 0.766ms
[INFO   ] DREAMPlace - full step 3.682 ms
[INFO   ] DREAMPlace - optimizer step 2.305 ms
[INFO   ] DREAMPlace - iteration  471, ( 471,  0,  0), Obj 8.309041E+07, DensityWeight 1.454690E-02, wHPWL 8.790522E+07, Overflow 1.153143E-01, MaxDensity 2.993E+00, gamma 1.826003E+01, time 0.730ms
[INFO   ] DREAMPlace - full step 3.518 ms
[INFO   ] DREAMPlace - optimizer step 2.302 ms
[INFO   ] DREAMPlace - iteration  472, ( 472,  0,  0), Obj 8.313590E+07, DensityWeight 1.496877E-02, wHPWL 8.790895E+07, Overflow 1.135585E-01, MaxDensity 2.873E+00, gamma 1.805789E+01, time 0.722ms
[INFO   ] DREAMPlace - full step 3.510 ms
[INFO   ] DREAMPlace - optimizer step 2.289 ms
[INFO   ] DREAMPlace - iteration  473, ( 473,  0,  0), Obj 8.318508E+07, DensityWeight 1.570902E-02, wHPWL 8.791022E+07, Overflow 1.120714E-01, MaxDensity 2.761E+00, gamma 1.789638E+01, time 0.726ms
[INFO   ] DREAMPlace - full step 3.492 ms
[INFO   ] DREAMPlace - optimizer step 2.512 ms
[INFO   ] DREAMPlace - iteration  474, ( 474,  0,  0), Obj 8.321671E+07, DensityWeight 1.649156E-02, wHPWL 8.789630E+07, Overflow 1.109475E-01, MaxDensity 2.715E+00, gamma 1.776072E+01, time 0.733ms
[INFO   ] DREAMPlace - full step 3.729 ms
[INFO   ] DREAMPlace - optimizer step 4.109 ms
[INFO   ] DREAMPlace - iteration  475, ( 475,  0,  0), Obj 8.324802E+07, DensityWeight 1.696982E-02, wHPWL 8.789126E+07, Overflow 1.091518E-01, MaxDensity 2.819E+00, gamma 1.765888E+01, time 0.895ms
[INFO   ] DREAMPlace - full step 5.898 ms
[INFO   ] DREAMPlace - optimizer step 4.143 ms
[INFO   ] DREAMPlace - iteration  476, ( 476,  0,  0), Obj 8.328564E+07, DensityWeight 1.746195E-02, wHPWL 8.790110E+07, Overflow 1.069092E-01, MaxDensity 2.785E+00, gamma 1.749736E+01, time 0.908ms
[INFO   ] DREAMPlace - full step 5.979 ms
[INFO   ] DREAMPlace - optimizer step 6.612 ms
[INFO   ] DREAMPlace - iteration  477, ( 477,  0,  0), Obj 8.333488E+07, DensityWeight 1.830989E-02, wHPWL 8.791410E+07, Overflow 1.050003E-01, MaxDensity 2.677E+00, gamma 1.729773E+01, time 0.909ms
[INFO   ] DREAMPlace - full step 11.750 ms
[INFO   ] DREAMPlace - optimizer step 20.723 ms
[INFO   ] DREAMPlace - iteration  478, ( 478,  0,  0), Obj 8.337755E+07, DensityWeight 1.919059E-02, wHPWL 8.790520E+07, Overflow 1.036678E-01, MaxDensity 2.621E+00, gamma 1.712959E+01, time 5.197ms
[INFO   ] DREAMPlace - full step 31.322 ms
[INFO   ] DREAMPlace - optimizer step 18.769 ms
[INFO   ] DREAMPlace - iteration  479, ( 479,  0,  0), Obj 8.340935E+07, DensityWeight 1.974712E-02, wHPWL 8.789010E+07, Overflow 1.019163E-01, MaxDensity 2.698E+00, gamma 1.701319E+01, time 3.100ms
[INFO   ] DREAMPlace - full step 29.132 ms
[INFO   ] DREAMPlace - optimizer step 18.866 ms
[INFO   ] DREAMPlace - iteration  480, ( 480,  0,  0), Obj 8.343971E+07, DensityWeight 2.031979E-02, wHPWL 8.788468E+07, Overflow 9.997318E-02, MaxDensity 2.660E+00, gamma 1.686140E+01, time 5.204ms
[INFO   ] DREAMPlace - full step 31.366 ms
[INFO   ] DREAMPlace - optimizer step 20.528 ms
[INFO   ] DREAMPlace - iteration  481, ( 481,  0,  0), Obj 8.348291E+07, DensityWeight 2.090906E-02, wHPWL 8.789103E+07, Overflow 9.843904E-02, MaxDensity 2.516E+00, gamma 1.669459E+01, time 5.187ms
[INFO   ] DREAMPlace - full step 31.111 ms
[INFO   ] DREAMPlace - optimizer step 20.729 ms
[INFO   ] DREAMPlace - iteration  482, ( 482,  0,  0), Obj 8.352144E+07, DensityWeight 2.193508E-02, wHPWL 8.788575E+07, Overflow 9.740227E-02, MaxDensity 2.482E+00, gamma 1.656404E+01, time 5.192ms
[INFO   ] DREAMPlace - full step 31.351 ms
[INFO   ] DREAMPlace - optimizer step 18.780 ms
[INFO   ] DREAMPlace - iteration  483, ( 483,  0,  0), Obj 8.354314E+07, DensityWeight 2.257120E-02, wHPWL 8.787040E+07, Overflow 9.654691E-02, MaxDensity 2.491E+00, gamma 1.647640E+01, time 3.184ms
[INFO   ] DREAMPlace - full step 29.248 ms
[INFO   ] DREAMPlace - optimizer step 18.691 ms
[INFO   ] DREAMPlace - iteration  484, ( 484,  0,  0), Obj 8.355514E+07, DensityWeight 2.322576E-02, wHPWL 8.785133E+07, Overflow 9.504342E-02, MaxDensity 2.451E+00, gamma 1.640445E+01, time 5.185ms
[INFO   ] DREAMPlace - full step 31.102 ms
[INFO   ] DREAMPlace - optimizer step 18.569 ms
[INFO   ] DREAMPlace - iteration  485, ( 485,  0,  0), Obj 8.357123E+07, DensityWeight 2.389931E-02, wHPWL 8.784602E+07, Overflow 9.361953E-02, MaxDensity 2.402E+00, gamma 1.627873E+01, time 5.188ms
[INFO   ] DREAMPlace - full step 31.040 ms
[INFO   ] DREAMPlace - optimizer step 18.629 ms
[INFO   ] DREAMPlace - iteration  486, ( 486,  0,  0), Obj 8.360069E+07, DensityWeight 2.459239E-02, wHPWL 8.784278E+07, Overflow 9.240567E-02, MaxDensity 2.361E+00, gamma 1.616056E+01, time 3.143ms
[INFO   ] DREAMPlace - full step 29.061 ms
[INFO   ] DREAMPlace - optimizer step 18.861 ms
[INFO   ] DREAMPlace - iteration  487, ( 487,  0,  0), Obj 8.362159E+07, DensityWeight 2.530557E-02, wHPWL 8.783118E+07, Overflow 9.133501E-02, MaxDensity 2.356E+00, gamma 1.606049E+01, time 5.176ms
[INFO   ] DREAMPlace - full step 31.321 ms
[INFO   ] DREAMPlace - optimizer step 22.984 ms
[INFO   ] DREAMPlace - iteration  488, ( 488,  0,  0), Obj 8.363505E+07, DensityWeight 2.603944E-02, wHPWL 8.781186E+07, Overflow 9.034430E-02, MaxDensity 2.342E+00, gamma 1.597275E+01, time 5.177ms
[INFO   ] DREAMPlace - full step 31.650 ms
[INFO   ] DREAMPlace - optimizer step 12.609 ms
[INFO   ] DREAMPlace - iteration  489, ( 489,  0,  0), Obj 8.364782E+07, DensityWeight 2.679458E-02, wHPWL 8.779635E+07, Overflow 8.919781E-02, MaxDensity 2.347E+00, gamma 1.589198E+01, time 5.178ms
[INFO   ] DREAMPlace - full step 18.677 ms
[INFO   ] DREAMPlace - optimizer step 23.356 ms
[INFO   ] DREAMPlace - iteration  490, ( 490,  0,  0), Obj 8.366263E+07, DensityWeight 2.757162E-02, wHPWL 8.778462E+07, Overflow 8.789519E-02, MaxDensity 2.359E+00, gamma 1.579903E+01, time 0.883ms
[INFO   ] DREAMPlace - full step 29.405 ms
[INFO   ] DREAMPlace - optimizer step 28.728 ms
[INFO   ] DREAMPlace - iteration  491, ( 491,  0,  0), Obj 8.368147E+07, DensityWeight 2.837120E-02, wHPWL 8.777704E+07, Overflow 8.659317E-02, MaxDensity 2.322E+00, gamma 1.569407E+01, time 5.182ms
[INFO   ] DREAMPlace - full step 41.178 ms
[INFO   ] DREAMPlace - optimizer step 21.968 ms
[INFO   ] DREAMPlace - iteration  492, ( 492,  0,  0), Obj 8.370098E+07, DensityWeight 2.919397E-02, wHPWL 8.776566E+07, Overflow 8.550860E-02, MaxDensity 2.279E+00, gamma 1.558986E+01, time 61.927ms
[INFO   ] DREAMPlace - full step 91.222 ms
[INFO   ] DREAMPlace - optimizer step 20.170 ms
[INFO   ] DREAMPlace - iteration  493, ( 493,  0,  0), Obj 8.371762E+07, DensityWeight 3.004059E-02, wHPWL 8.775123E+07, Overflow 8.451843E-02, MaxDensity 2.254E+00, gamma 1.550358E+01, time 5.214ms
[INFO   ] DREAMPlace - full step 32.652 ms
[INFO   ] DREAMPlace - optimizer step 20.120 ms
[INFO   ] DREAMPlace - iteration  494, ( 494,  0,  0), Obj 8.372890E+07, DensityWeight 3.091177E-02, wHPWL 8.773332E+07, Overflow 8.376891E-02, MaxDensity 2.196E+00, gamma 1.542523E+01, time 5.193ms
[INFO   ] DREAMPlace - full step 32.610 ms
[I] plotting to obsspread_results/bigblue1/plot/iter0495.png takes 5.916 seconds
[INFO   ] DREAMPlace - plotting to obsspread_results/bigblue1/plot/iter0495.png takes 5.964 seconds
[INFO   ] DREAMPlace - optimizer step 23.273 ms
[INFO   ] DREAMPlace - iteration  495, ( 495,  0,  0), Obj 8.373671E+07, DensityWeight 3.180822E-02, wHPWL 8.771409E+07, Overflow 8.283582E-02, MaxDensity 2.176E+00, gamma 1.536619E+01, time 7.382ms
[INFO   ] DREAMPlace - full step 6005.894 ms
[INFO   ] DREAMPlace - optimizer step 19.553 ms
[INFO   ] DREAMPlace - iteration  496, ( 496,  0,  0), Obj 8.374227E+07, DensityWeight 3.273066E-02, wHPWL 8.769626E+07, Overflow 8.183803E-02, MaxDensity 2.162E+00, gamma 1.529299E+01, time 5.128ms
[INFO   ] DREAMPlace - full step 32.008 ms
[INFO   ] DREAMPlace - optimizer step 22.571 ms
[INFO   ] DREAMPlace - iteration  497, ( 497,  0,  0), Obj 8.375130E+07, DensityWeight 3.367985E-02, wHPWL 8.768010E+07, Overflow 8.077031E-02, MaxDensity 2.145E+00, gamma 1.521512E+01, time 5.200ms
[INFO   ] DREAMPlace - full step 35.007 ms
[INFO   ] DREAMPlace - optimizer step 20.661 ms
[INFO   ] DREAMPlace - iteration  498, ( 498,  0,  0), Obj 8.376054E+07, DensityWeight 3.465656E-02, wHPWL 8.766158E+07, Overflow 7.969280E-02, MaxDensity 2.128E+00, gamma 1.513222E+01, time 5.187ms
[INFO   ] DREAMPlace - full step 30.970 ms
[INFO   ] DREAMPlace - optimizer step 22.598 ms
[INFO   ] DREAMPlace - iteration  499, ( 499,  0,  0), Obj 8.377086E+07, DensityWeight 3.566160E-02, wHPWL 8.764299E+07, Overflow 7.858381E-02, MaxDensity 2.092E+00, gamma 1.504901E+01, time 5.230ms
[INFO   ] DREAMPlace - full step 35.099 ms
[INFO   ] DREAMPlace - optimizer step 22.660 ms
[INFO   ] DREAMPlace - iteration  500, ( 500,  0,  0), Obj 8.378294E+07, DensityWeight 3.669579E-02, wHPWL 8.762602E+07, Overflow 7.760170E-02, MaxDensity 2.060E+00, gamma 1.496386E+01, time 5.171ms
[INFO   ] DREAMPlace - full step 31.420 ms
[INFO   ] DREAMPlace - optimizer step 22.623 ms
[INFO   ] DREAMPlace - iteration  501, ( 501,  0,  0), Obj 8.379698E+07, DensityWeight 3.775997E-02, wHPWL 8.761208E+07, Overflow 7.662371E-02, MaxDensity 2.014E+00, gamma 1.488885E+01, time 5.204ms
[INFO   ] DREAMPlace - full step 35.072 ms
[INFO   ] DREAMPlace - optimizer step 22.581 ms
[INFO   ] DREAMPlace - iteration  502, ( 502,  0,  0), Obj 8.380943E+07, DensityWeight 3.885502E-02, wHPWL 8.759823E+07, Overflow 7.576376E-02, MaxDensity 2.009E+00, gamma 1.481453E+01, time 5.170ms
[INFO   ] DREAMPlace - full step 32.945 ms
[INFO   ] DREAMPlace - optimizer step 22.575 ms
[INFO   ] DREAMPlace - iteration  503, ( 503,  0,  0), Obj 8.382168E+07, DensityWeight 3.998181E-02, wHPWL 8.758495E+07, Overflow 7.483477E-02, MaxDensity 2.004E+00, gamma 1.474949E+01, time 5.187ms
[INFO   ] DREAMPlace - full step 35.061 ms
[INFO   ] DREAMPlace - optimizer step 22.083 ms
[INFO   ] DREAMPlace - iteration  504, ( 504,  0,  0), Obj 8.383298E+07, DensityWeight 4.114129E-02, wHPWL 8.757165E+07, Overflow 7.386922E-02, MaxDensity 1.972E+00, gamma 1.467954E+01, time 5.650ms
[INFO   ] DREAMPlace - full step 34.558 ms
[INFO   ] DREAMPlace - optimizer step 22.582 ms
[INFO   ] DREAMPlace - iteration  505, ( 505,  0,  0), Obj 8.384662E+07, DensityWeight 4.233439E-02, wHPWL 8.756083E+07, Overflow 7.291087E-02, MaxDensity 2.020E+00, gamma 1.460719E+01, time 5.190ms
[INFO   ] DREAMPlace - full step 35.052 ms
[INFO   ] DREAMPlace - optimizer step 22.287 ms
[INFO   ] DREAMPlace - iteration  506, ( 506,  0,  0), Obj 8.386147E+07, DensityWeight 4.356208E-02, wHPWL 8.755010E+07, Overflow 7.196812E-02, MaxDensity 2.003E+00, gamma 1.453574E+01, time 5.435ms
[INFO   ] DREAMPlace - full step 34.562 ms
[INFO   ] DREAMPlace - optimizer step 22.646 ms
[INFO   ] DREAMPlace - iteration  507, ( 507,  0,  0), Obj 8.387657E+07, DensityWeight 4.482539E-02, wHPWL 8.754098E+07, Overflow 7.107133E-02, MaxDensity 2.002E+00, gamma 1.446579E+01, time 5.167ms
[INFO   ] DREAMPlace - full step 35.105 ms
[INFO   ] DREAMPlace - optimizer step 22.617 ms
[INFO   ] DREAMPlace - iteration  508, ( 508,  0,  0), Obj 8.389210E+07, DensityWeight 4.612532E-02, wHPWL 8.753285E+07, Overflow 7.029483E-02, MaxDensity 1.998E+00, gamma 1.439956E+01, time 5.179ms
[INFO   ] DREAMPlace - full step 34.833 ms
[INFO   ] DREAMPlace - optimizer step 22.610 ms
[INFO   ] DREAMPlace - iteration  509, ( 509,  0,  0), Obj 8.390806E+07, DensityWeight 4.746296E-02, wHPWL 8.752812E+07, Overflow 6.938937E-02, MaxDensity 1.989E+00, gamma 1.434246E+01, time 5.179ms
[INFO   ] DREAMPlace - full step 35.109 ms
[INFO   ] DREAMPlace - optimizer step 22.631 ms
[INFO   ] DREAMPlace - iteration  510, ( 510,  0,  0), Obj 8.392312E+07, DensityWeight 4.883939E-02, wHPWL 8.752474E+07, Overflow 6.848188E-02, MaxDensity 1.978E+00, gamma 1.427616E+01, time 5.187ms
[INFO   ] DREAMPlace - full step 33.408 ms
[INFO   ] DREAMPlace - optimizer step 22.664 ms
[INFO   ] DREAMPlace - iteration  511, ( 511,  0,  0), Obj 8.393984E+07, DensityWeight 5.025573E-02, wHPWL 8.752209E+07, Overflow 6.761628E-02, MaxDensity 1.970E+00, gamma 1.421003E+01, time 5.192ms
[INFO   ] DREAMPlace - full step 35.097 ms
[INFO   ] DREAMPlace - optimizer step 22.354 ms
[INFO   ] DREAMPlace - iteration  512, ( 512,  0,  0), Obj 8.395618E+07, DensityWeight 5.171315E-02, wHPWL 8.751890E+07, Overflow 6.674399E-02, MaxDensity 2.000E+00, gamma 1.414723E+01, time 5.163ms
[INFO   ] DREAMPlace - full step 32.629 ms
[INFO   ] DREAMPlace - optimizer step 24.726 ms
[INFO   ] DREAMPlace - iteration  513, ( 513,  0,  0), Obj 8.397288E+07, DensityWeight 5.321283E-02, wHPWL 8.751740E+07, Overflow 6.591691E-02, MaxDensity 1.968E+00, gamma 1.408423E+01, time 5.211ms
[INFO   ] DREAMPlace - full step 37.225 ms
[INFO   ] DREAMPlace - optimizer step 18.576 ms
[INFO   ] DREAMPlace - iteration  514, ( 514,  0,  0), Obj 8.399030E+07, DensityWeight 5.475601E-02, wHPWL 8.751535E+07, Overflow 6.520776E-02, MaxDensity 1.954E+00, gamma 1.402474E+01, time 5.220ms
[INFO   ] DREAMPlace - full step 31.049 ms
[INFO   ] DREAMPlace - optimizer step 22.631 ms
[INFO   ] DREAMPlace - iteration  515, ( 515,  0,  0), Obj 8.400743E+07, DensityWeight 5.634394E-02, wHPWL 8.751460E+07, Overflow 6.446204E-02, MaxDensity 1.915E+00, gamma 1.397395E+01, time 5.224ms
[INFO   ] DREAMPlace - full step 35.110 ms
[INFO   ] DREAMPlace - optimizer step 20.583 ms
[INFO   ] DREAMPlace - iteration  516, ( 516,  0,  0), Obj 8.402220E+07, DensityWeight 5.797791E-02, wHPWL 8.751354E+07, Overflow 6.376853E-02, MaxDensity 1.890E+00, gamma 1.392073E+01, time 5.431ms
[INFO   ] DREAMPlace - full step 33.249 ms
[INFO   ] DREAMPlace - optimizer step 22.612 ms
[INFO   ] DREAMPlace - iteration  517, ( 517,  0,  0), Obj 8.403737E+07, DensityWeight 5.965927E-02, wHPWL 8.751378E+07, Overflow 6.305575E-02, MaxDensity 1.868E+00, gamma 1.387142E+01, time 5.241ms
[INFO   ] DREAMPlace - full step 35.146 ms
[INFO   ] DREAMPlace - optimizer nesterov takes 121.223 seconds
[I] plotting to obsspread_results/bigblue1/plot/iter0518.png takes 5.902 seconds
[INFO   ] DREAMPlace - plotting to obsspread_results/bigblue1/plot/iter0518.png takes 5.950 seconds
[INFO   ] DREAMPlace - Start legalization
 as DRAWPLACE not enabled
[INFO   ] writing placement to obsspread_results/bigblue1/plot/iter0450.png
[WARNING] filename = obsspread_results/bigblue1/plot/iter0450.png, width = 800, height = 799, file format = 3 not used, as DRAWPLACE not enabled
[INFO   ] writing placement to obsspread_results/bigblue1/plot/iter0495.png
[WARNING] filename = obsspread_results/bigblue1/plot/iter0495.png, width = 800, height = 799, file format = 3 not used, as DRAWPLACE not enabled
[INFO   ] writing placement to obsspread_results/bigblue1/plot/iter0518.png
[WARNING] filename = obsspread_results/bigblue1/plot/iter0518.png, width = 800, height = 799, file format = 3 not used, as DRAWPLACE not enabled
[INFO   ] Macro legalization: regard 0 cells as dummy fixed (movable macros)
[INFO   ] Macro legalization takes 0.662347 ms
[DEBUG  ] Standard cell legalization blank_num_bins_y = 890
[DEBUG  ] Standard cell legalization iteration 0 with 1x1 bins
[DEBUG  ] Standard cell legalization #bin_blanks
[DEBUG  ] #bin_objs = 5248
[INFO   ] Standard cell legalization legalizeBin takes 133.088 ms
[DEBUG  ] Standard cell legalization num_unplaced_cells = 0
[DEBUG  ] Standard cell legalization blank_num_bins_y = 890
[DEBUG  ] Standard cell legalization iteration 0 with 1x1 bins
[DEBUG  ] Standard cell legalization #bin_blanks
[DEBUG  ] #bin_objs = 5248
[INFO   ] Standard cell legalization legalizeBin takes 150.128 ms
[DEBUG  ] Standard cell legalization num_unplaced_cells = 0
[INFO   ] Greedy legalization takes 266.209 ms
[INFO   ] Legality check takes 22.7455 ms
[DEBUG  ] average displace = 6.38492
[INFO   ] Abacus legalization takes 40.5559 ms
[INFO   ] DREAMPlace - legalization takes 0.364 seconds
[INFO   ] DREAMPlace - iteration  518, wHPWL 9.005822E+07, time 0.389ms
[I] plotting to obsspread_results/bigblue1/plot/iter0519.png takes 6.149 seconds
[INFO   ] DREAMPlace - plotting to obsspread_results/bigblue1/plot/iter0519.png takes 6.205 seconds
[INFO   ] DREAMPlace - Start ABCDPlace for refinement
[INFO   ] Legality check takes 21.9058 ms
[INFO   ] writing placement to obsspread_results/bigblue1/plot/iter0519.png
[WARNING] filename = obsspread_results/bigblue1/plot/iter0519.png, width = 800, height = 799, file format = 3 not used, as DRAWPLACE not enabled
[INFO   ] DREAMPlace - ABCDPlace input legal flag = 1
[INFO   ] Legality check takes 22.1803 ms
[DEBUG  ] 4-reorder
[DEBUG  ] 24 permutations
[DEBUG  ] initializing CPU DB takes 24.4427 ms
[DEBUG  ] computing independent rows takes 56.0999 ms
[DEBUG  ] computing reorder instances takes 1.06202 ms
[DEBUG  ] initializing CUDA state takes 5.41717 ms
[INFO   ] initial hpwl = 90153080.000
[DEBUG  ] enumeration takes 1012.34 ms for 308 runs, average 3.28683 ms
[DEBUG  ] apply_reorder takes 739.1 ms for 308 runs, average 2.39968 ms
[INFO   ] Iteration time(ms) 	 1751.49
[INFO   ] iteration 0: hpwl 90153080.000 => 89917280.000 (imp. 0.261555%)
[DEBUG  ] enumeration takes 1012.24 ms for 308 runs, average 3.28649 ms
[DEBUG  ] apply_reorder takes 739.097 ms for 308 runs, average 2.39966 ms
[INFO   ] Iteration time(ms) 	 1751.37
[INFO   ] iteration 1: hpwl 90153080.000 => 89885632.000 (imp. 0.29666%)
[DEBUG  ] destroying CUDA state takes 0.945363 ms
[DEBUG  ] destroying CPU state takes 0.002866 ms
[INFO   ] Kernel time: 3513.05 ms
[INFO   ] K-reorder time: 3601.14 ms
[INFO   ] DREAMPlace - K-Reorder legal flag = 1
[INFO   ] Legality check takes 22.3705 ms
[INFO   ] diamond search grid size 64, sequence length 2048
[INFO   ] initializing GPU memory takes 12.417 ms
[INFO   ] initial hpwl 8.98856e+07
[DEBUG  ] allocate 2261503 bytes in shuffler for length 277604*(4+4)
[DEBUG  ] from 77219 nodes, collect 603 sets, avg 109 nodes, min/max 32/128 nodes
[INFO   ] iteration 0, target hpwl 8.98541e+07, delta -31552(-0.0351024%), 603 independent sets, moved 2.34939% cells, runtime 67.158 ms
[DEBUG  ] from 77162 nodes, collect 602 sets, avg 106 nodes, min/max 11/128 nodes
[DEBUG  ] from 77180 nodes, collect 602 sets, avg 107 nodes, min/max 13/128 nodes
[DEBUG  ] from 77357 nodes, collect 604 sets, avg 108 nodes, min/max 27/128 nodes
[DEBUG  ] from 77318 nodes, collect 604 sets, avg 108 nodes, min/max 19/128 nodes
[DEBUG  ] from 77340 nodes, collect 604 sets, avg 107 nodes, min/max 15/128 nodes
[INFO   ] iteration 5, target hpwl 8.97931e+07, delta -92536(-0.102949%), 604 independent sets, moved 10.7981% cells, runtime 81.4024 ms
[DEBUG  ] from 77370 nodes, collect 604 sets, avg 109 nodes, min/max 11/128 nodes
[DEBUG  ] from 77485 nodes, collect 605 sets, avg 109 nodes, min/max 22/128 nodes
[DEBUG  ] from 77343 nodes, collect 604 sets, avg 107 nodes, min/max 14/128 nodes
[DEBUG  ] from 77334 nodes, collect 604 sets, avg 109 nodes, min/max 22/128 nodes
[DEBUG  ] from 77424 nodes, collect 604 sets, avg 108 nodes, min/max 15/128 nodes
[INFO   ] iteration 10, target hpwl 8.9766e+07, delta -119680(-0.133147%), 604 independent sets, moved 17.7606% cells, runtime 146.689 ms
[DEBUG  ] from 77437 nodes, collect 604 sets, avg 108 nodes, min/max 15/128 nodes
[DEBUG  ] from 77436 nodes, collect 604 sets, avg 109 nodes, min/max 5/128 nodes
[DEBUG  ] from 77415 nodes, collect 604 sets, avg 110 nodes, min/max 20/128 nodes
[DEBUG  ] from 77358 nodes, collect 604 sets, avg 109 nodes, min/max 28/128 nodes
[DEBUG  ] from 77503 nodes, collect 605 sets, avg 111 nodes, min/max 16/128 nodes
[INFO   ] iteration 15, target hpwl 8.97456e+07, delta -140016(-0.155771%), 605 independent sets, moved 24.2468% cells, runtime 54.3306 ms
[DEBUG  ] from 77472 nodes, collect 605 sets, avg 110 nodes, min/max 14/128 nodes
[DEBUG  ] from 77309 nodes, collect 603 sets, avg 107 nodes, min/max 12/128 nodes
[DEBUG  ] from 77299 nodes, collect 603 sets, avg 109 nodes, min/max 16/128 nodes
[DEBUG  ] from 77329 nodes, collect 604 sets, avg 108 nodes, min/max 14/128 nodes
[DEBUG  ] from 77301 nodes, collect 603 sets, avg 108 nodes, min/max 15/128 nodes
[INFO   ] iteration 20, target hpwl 8.97354e+07, delta -150240(-0.167146%), 603 independent sets, moved 30.2968% cells, runtime 91.6421 ms
[DEBUG  ] from 77288 nodes, collect 603 sets, avg 110 nodes, min/max 24/128 nodes
[DEBUG  ] from 77416 nodes, collect 604 sets, avg 108 nodes, min/max 20/128 nodes
[DEBUG  ] from 77448 nodes, collect 605 sets, avg 108 nodes, min/max 21/128 nodes
[DEBUG  ] from 77389 nodes, collect 604 sets, avg 110 nodes, min/max 23/128 nodes
[DEBUG  ] from 77372 nodes, collect 604 sets, avg 109 nodes, min/max 17/128 nodes
[INFO   ] iteration 25, target hpwl 8.97299e+07, delta -155728(-0.173251%), 604 independent sets, moved 36.0906% cells, runtime 65.1106 ms
[DEBUG  ] from 77387 nodes, collect 604 sets, avg 110 nodes, min/max 11/128 nodes
[DEBUG  ] from 77238 nodes, collect 603 sets, avg 109 nodes, min/max 21/128 nodes
[DEBUG  ] from 77314 nodes, collect 604 sets, avg 108 nodes, min/max 22/128 nodes
[DEBUG  ] from 77380 nodes, collect 604 sets, avg 109 nodes, min/max 23/128 nodes
[DEBUG  ] from 77464 nodes, collect 605 sets, avg 108 nodes, min/max 19/128 nodes
[INFO   ] iteration 30, target hpwl 8.97173e+07, delta -168360(-0.187305%), 605 independent sets, moved 41.8791% cells, runtime 55.2225 ms
[DEBUG  ] from 77519 nodes, collect 605 sets, avg 110 nodes, min/max 18/128 nodes
[DEBUG  ] from 77503 nodes, collect 605 sets, avg 107 nodes, min/max 3/128 nodes
[DEBUG  ] from 77431 nodes, collect 604 sets, avg 108 nodes, min/max 6/128 nodes
[DEBUG  ] from 77329 nodes, collect 604 sets, avg 110 nodes, min/max 21/128 nodes
[DEBUG  ] from 77167 nodes, collect 602 sets, avg 108 nodes, min/max 12/128 nodes
[INFO   ] iteration 35, target hpwl 8.97154e+07, delta -170200(-0.189352%), 602 independent sets, moved 47.4467% cells, runtime 54.6643 ms
[DEBUG  ] from 77557 nodes, collect 605 sets, avg 109 nodes, min/max 20/128 nodes
[DEBUG  ] from 77566 nodes, collect 605 sets, avg 107 nodes, min/max 27/128 nodes
[DEBUG  ] from 77401 nodes, collect 604 sets, avg 108 nodes, min/max 19/128 nodes
[DEBUG  ] from 77371 nodes, collect 604 sets, avg 107 nodes, min/max 26/128 nodes
[DEBUG  ] from 77416 nodes, collect 604 sets, avg 108 nodes, min/max 12/128 nodes
[INFO   ] iteration 40, target hpwl 8.97102e+07, delta -175472(-0.195217%), 604 independent sets, moved 52.9376% cells, runtime 62.911 ms
[DEBUG  ] from 77504 nodes, collect 605 sets, avg 110 nodes, min/max 16/128 nodes
[DEBUG  ] from 77339 nodes, collect 604 sets, avg 107 nodes, min/max 16/128 nodes
[DEBUG  ] from 77384 nodes, collect 604 sets, avg 110 nodes, min/max 11/128 nodes
[DEBUG  ] from 77356 nodes, collect 604 sets, avg 108 nodes, min/max 23/128 nodes
[DEBUG  ] from 77509 nodes, collect 605 sets, avg 110 nodes, min/max 7/128 nodes
[INFO   ] iteration 45, target hpwl 8.97043e+07, delta -181296(-0.201696%), 605 independent sets, moved 58.4963% cells, runtime 63.4091 ms
[DEBUG  ] from 77452 nodes, collect 605 sets, avg 108 nodes, min/max 24/128 nodes
[DEBUG  ] from 77499 nodes, collect 605 sets, avg 107 nodes, min/max 29/128 nodes
[DEBUG  ] from 77391 nodes, collect 604 sets, avg 109 nodes, min/max 10/128 nodes
[DEBUG  ] from 77549 nodes, collect 605 sets, avg 109 nodes, min/max 21/128 nodes
[INFO   ] iteration 49, target hpwl 8.96993e+07, delta -186304(-0.207268%), 605 independent sets, moved 62.9879% cells, runtime 57.0615 ms
[DEBUG  ] random_shuffle takes 129.948 ms, 50 runs, average 2.59896 ms
[DEBUG  ] maximal_independent_set takes 1157.43 ms, 50 runs, average 23.1485 ms
[DEBUG  ] collect_independent_sets takes 254.121 ms, 50 runs, average 5.08243 ms
[DEBUG  ] cost_matrix_construction takes 143.807 ms, 50 runs, average 2.87613 ms
[DEBUG  ] independent_sets_solving takes 1464.09 ms, 50 runs, average 29.2818 ms
[DEBUG  ] apply_solution takes 121.402 ms, 50 runs, average 2.42804 ms
[INFO   ] destroying GPU memory takes 5.8914 ms
[INFO   ] Kernel time 3411.58 ms
[INFO   ] Independent set matching time 3453.93 ms
[INFO   ] DREAMPlace - Independent set matching legal flag = 1
[INFO   ] Legality check takes 22.4528 ms
[DEBUG  ] bins 256x256, bin sizes 41.7656x41.7188, die size 0, 0, 10692, 10680
[DEBUG  ] batch_size = 256, max_num_nodes_per_bin = 26, max_num_candidates = 130, max_num_candidates_all = 33280
[DEBUG  ] estimate_memory_usage = 477419520, use fast pair HPWL computation strategy requires additional memory
[INFO   ] initial hpwl = 89699328.000
[DEBUG  ] compute_search_bins takes 2.54943 ms
[INFO   ] Iteration time(ms) 	 281.672
[INFO   ] iteration 0: hpwl 89699328.000 => 89666712.000 (imp. 0.0363615%)
[DEBUG  ] compute_search_bins takes 2.36626 ms
[INFO   ] Iteration time(ms) 	 334.51
[INFO   ] iteration 1: hpwl 89699328.000 => 89583520.000 (imp. 0.129107%)
[INFO   ] Kernel time: 624.603 ms
[INFO   ] Global swap time: 682.952 ms
[INFO   ] DREAMPlace - Global swap legal flag = 1
[INFO   ] Legality check takes 21.9989 ms
[DEBUG  ] 4-reorder
[DEBUG  ] 24 permutations
[DEBUG  ] initializing CPU DB takes 23.7807 ms
[DEBUG  ] computing independent rows takes 55.7995 ms
[DEBUG  ] computing reorder instances takes 0.971465 ms
[DEBUG  ] initializing CUDA state takes 5.4411 ms
[INFO   ] initial hpwl = 89583520.000
[DEBUG  ] enumeration takes 998.753 ms for 302 runs, average 3.30713 ms
[DEBUG  ] apply_reorder takes 724.929 ms for 302 runs, average 2.40043 ms
[INFO   ] Iteration time(ms) 	 1723.72
[INFO   ] iteration 0: hpwl 89583520.000 => 89544304.000 (imp. 0.0437759%)
[DEBUG  ] enumeration takes 680.655 ms for 302 runs, average 2.25382 ms
[DEBUG  ] apply_reorder takes 407.393 ms for 302 runs, average 1.34898 ms
[INFO   ] Iteration time(ms) 	 1088.08
[INFO   ] iteration 1: hpwl 89583520.000 => 89537888.000 (imp. 0.0509379%)
[DEBUG  ] destroying CUDA state takes 0.942737 ms
[DEBUG  ] destroying CPU state takes 0.004111 ms
[INFO   ] Kernel time: 2817.14 ms
[INFO   ] K-reorder time: 2904.2 ms
[INFO   ] DREAMPlace - K-Reorder legal flag = 1
[INFO   ] DREAMPlace - detailed placement takes 10.763 seconds
[INFO   ] DREAMPlace - iteration  519, wHPWL 8.944303E+07, time 0.597ms
[I] plotting to obsspread_results/bigblue1/plot/iter0520.png takes 5.913 seconds
[INFO   ] DREAMPlace - plotting to obsspread_results/bigblue1/plot/iter0520.png takes 5.963 seconds
[INFO   ] DREAMPlace - non-linear placement takes 170.18 seconds
[INFO   ] DREAMPlace - writing to obsspread_results/bigblue1/bigblue1.gp.pl
[INFO   ] DREAMPlace - write SolutionFileFormat.BOOKSHELF takes 0.133 seconds
[INFO   ] DREAMPlace - placement takes 179.893 seconds
[INFO   ] Legality check takes 22.8151 ms
[INFO   ] writing placement to obsspread_results/bigblue1/plot/iter0520.png
[WARNING] filename = obsspread_results/bigblue1/plot/iter0520.png, width = 800, height = 799, file format = 3 not used, as DRAWPLACE not enabled
[INFO   ] writing placement to obsspread_results/bigblue1/bigblue1.gp.pl
