========================================================
                       DREAMPlace
            Yibo Lin (http://yibolin.com)
   David Z. Pan (http://users.ece.utexas.edu/~dpan)
========================================================
[INFO   ] DREAMPlace - parameters = {'aux_input': 'benchmarks/ispd2005/adaptec4/adaptec4.aux', 'lef_input': '', 'def_input': '', 'verilog_input': '', 'gpu': 1, 'num_bins_x': 1024, 'num_bins_y': 1024, 'global_place_stages': [{'num_bins_x': 1024, 'num_bins_y': 1024, 'iteration': 1000, 'learning_rate': 0.01, 'wirelength': 'weighted_average', 'optimizer': 'nesterov', 'Llambda_density_weight_iteration': 1, 'Lsub_iteration': 1}], 'target_density': 1.0, 'density_weight': 8e-05, 'random_seed': 1000, 'result_dir': 'results', 'scale_factor': 1.0, 'shift_factor': [0.0, 0.0], 'ignore_net_degree': 100, 'gp_noise_ratio': 0.025, 'enable_fillers': 1, 'global_place_flag': 1, 'legalize_flag': 1, 'abacus_legalize_flag': 1, 'detailed_place_flag': 1, 'stop_overflow': 0.07, 'dtype': 'float32', 'detailed_place_engine': '', 'detailed_place_command': '', 'plot_flag': 0, 'RePlAce_ref_hpwl': 350000, 'RePlAce_LOWER_PCOF': 0.95, 'RePlAce_UPPER_PCOF': 1.05, 'gamma': 4.0, 'RePlAce_skip_energy_flag': 0, 'random_center_init_flag': 1, 'gift_init_flag': 0, 'gift_init_scale': 0.7, 'sort_nets_by_degree': 0, 'num_threads': 8, 'dump_global_place_solution_flag': 0, 'dump_legalize_solution_flag': 0, 'routability_opt_flag': 0, 'route_num_bins_x': 512, 'route_num_bins_y': 512, 'node_area_adjust_overflow': 0.15, 'max_num_area_adjust': 3, 'adjust_nctugr_area_flag': 0, 'adjust_rudy_area_flag': 1, 'adjust_pin_area_flag': 1, 'area_adjust_stop_ratio': 0.01, 'route_area_adjust_stop_ratio': 0.01, 'pin_area_adjust_stop_ratio': 0.05, 'unit_horizontal_capacity': 1.5625, 'unit_vertical_capacity': 1.45, 'unit_pin_capacity': 0.058, 'max_route_opt_adjust_rate': 2.0, 'route_opt_adjust_exponent': 2.0, 'pin_stretch_ratio': 1.414213562, 'max_pin_opt_adjust_rate': 1.5, 'deterministic_flag': 1, 'timing_opt_flag': 0, 'early_lib_input': '', 'late_lib_input': '', 'lib_input': '', 'sdc_input': '', 'wire_resistance_per_micron': 0, 'wire_capacitance_per_micron': 0, 'net_weighting_scheme': 'lilith', 'momentum_decay_factor': 0.5, 'enable_net_weighting': 1, 'max_net_weight': 'inf', 'use_bb': 'auto', 'macro_place_flag': 'auto', 'two_stage_density_scaler': 1000, 'macro_halo_x': 0, 'macro_halo_y': 0}
[INFO   ] DREAMPlace - set shift_factor = (36, 58), as original row bbox = (36, 58, 23226, 23386)
[INFO   ] DREAMPlace - set scale_factor = 1, as site_width = 1
[INFO   ] DREAMPlace - shift coordinate system by (36, 58), scale coordinate system by 1
[INFO   ] DREAMPlace - 
================================= Benchmark Statistics =================================
#nodes = 496045, #terminals = 1329, # terminal_NIs = 0, #movable = 494716, #nets = 515951
die area = (0, 0, 23190, 23328) 5.40976e+08
row height = 12, site width = 1
#pins = 1880722, #movable_pins = 1851516
total_movable_node_area = 7.54353e+07, total_fixed_node_area = 2.63026e+08, total_space_area = 2.77951e+08
total_movable_cell_area = 7.54353e+07, total_movable_macro_area = 0
utilization = 0.271398, cell utilization = 0.271398, target_density = 1
use placeable_area = 2.77951e+08 to compute fillers
total_filler_node_area = 2.02515e+08, #fillers = 1384901, filler sizes = 12.1859x12
num_bins = 1024x1024, bin sizes = 1.88721x1.89844
========================================================================================
[INFO   ] DREAMPlace - reading benchmark takes 8.1973 seconds
[INFO   ] DREAMPlace - reading database takes 8.20 seconds
[INFO   ] DREAMPlace - move cells to the center of layout with random noise
[INFO   ] DREAMPlace - non-linear placement initialization takes 0.43 seconds
[INFO   ] DREAMPlace - Global placement: 1024x1024 bins by default
[INFO   ] DREAMPlace - 1024x1024 bins #bins 1024x1024, bin sizes 1.88721x1.89844, max_num_bins = 6, padding = 0
[INFO   ] dreamplace.ops.electric_potential.electric_potential - regard 0 cells as movable macros in global placement
[WARNING] DREAMPlace - quadratic density penalty is disabled, density weight update is forced to be based on HPWL
[INFO   ] DREAMPlace - Optimizer 'nesterov' does not rebuild the model. Every training epoch calls the function 'step()'.
[INFO   ] DREAMPlace - use nesterov optimizer
[INFO   ] DREAMPlace - add 2.5% noise
[INFO   ] dreamplace.ops.electric_potential.electric_potential - fixed density map: average 250.841, max 515.915, bin area 515.915
[INFO   ] DREAMPlace - nesterov initialization takes 0.118432 seconds
[INFO   ] DREAMPlace - density_weight = 7.368498E-12
[INFO   ] DREAMPlace - optimizer step 30.115 ms
[INFO   ] DREAMPlace - iteration    0, (   0,  0,  0), Obj 1.548867E+08, DensityWeight 0.000000E+00, wHPWL 2.129940E+08, Overflow 9.994097E-01, MaxDensity 1.705E+04, gamma 1.817109E+03, time 4.239ms
[INFO   ] DREAMPlace - full step 44.347 ms
[INFO   ] DREAMPlace - optimizer step 19.540 ms
[INFO   ] DREAMPlace - iteration    1, (   1,  0,  0), Obj 1.292310E+08, DensityWeight 7.368498E-12, wHPWL 2.060455E+08, Overflow 9.833173E-01, MaxDensity 2.884E+04, gamma 1.811629E+03, time 1.698ms
[INFO   ] DREAMPlace - full step 22.051 ms
[INFO   ] DREAMPlace - optimizer step 19.531 ms
[INFO   ] DREAMPlace - iteration    2, (   2,  0,  0), Obj 1.165562E+08, DensityWeight 7.735376E-12, wHPWL 2.078798E+08, Overflow 9.706112E-01, MaxDensity 2.960E+04, gamma 1.668432E+03, time 1.685ms
[INFO   ] DREAMPlace - full step 22.012 ms
[INFO   ] DREAMPlace - optimizer step 19.702 ms
[INFO   ] DREAMPlace - iteration    3, (   3,  0,  0), Obj 1.107445E+08, DensityWeight 7.716037E-12, wHPWL 2.007104E+08, Overflow 9.655283E-01, MaxDensity 3.371E+04, gamma 1.563408E+03, time 1.715ms
[INFO   ] DREAMPlace - full step 22.190 ms
[INFO   ] DREAMPlace - optimizer step 19.650 ms
[INFO   ] DREAMPlace - iteration    4, (   4,  0,  0), Obj 1.062568E+08, DensityWeight 8.098599E-12, wHPWL 1.960782E+08, Overflow 9.612712E-01, MaxDensity 3.547E+04, gamma 1.523271E+03, time 1.741ms
[INFO   ] DREAMPlace - full step 22.173 ms
[INFO   ] DREAMPlace - optimizer step 19.740 ms
[INFO   ] DREAMPlace - iteration    5, (   5,  0,  0), Obj 1.015299E+08, DensityWeight 8.499278E-12, wHPWL 1.922230E+08, Overflow 9.566817E-01, MaxDensity 3.589E+04, gamma 1.490449E+03, time 1.758ms
[INFO   ] DREAMPlace - full step 22.268 ms
[INFO   ] DREAMPlace - optimizer step 19.701 ms
[INFO   ] DREAMPlace - iteration    6, (   6,  0,  0), Obj 9.762573E+07, DensityWeight 8.918888E-12, wHPWL 1.890063E+08, Overflow 9.532762E-01, MaxDensity 3.581E+04, gamma 1.455855E+03, time 1.767ms
[INFO   ] DREAMPlace - full step 22.244 ms
[INFO   ] DREAMPlace - optimizer step 19.153 ms
[INFO   ] DREAMPlace - iteration    7, (   7,  0,  0), Obj 9.456515E+07, DensityWeight 9.358280E-12, wHPWL 1.863972E+08, Overflow 9.504426E-01, MaxDensity 3.509E+04, gamma 1.430706E+03, time 1.763ms
[INFO   ] DREAMPlace - full step 21.683 ms
[INFO   ] DREAMPlace - optimizer step 9.421 ms
[INFO   ] DREAMPlace - iteration    8, (   8,  0,  0), Obj 9.185834E+07, DensityWeight 9.818335E-12, wHPWL 1.849902E+08, Overflow 9.463282E-01, MaxDensity 3.398E+04, gamma 1.410111E+03, time 1.624ms
[INFO   ] DREAMPlace - full step 11.818 ms
[INFO   ] DREAMPlace - optimizer step 18.677 ms
[INFO   ] DREAMPlace - iteration    9, (   9,  0,  0), Obj 8.954551E+07, DensityWeight 1.029998E-11, wHPWL 1.859324E+08, Overflow 9.408288E-01, MaxDensity 3.214E+04, gamma 1.380735E+03, time 1.621ms
[INFO   ] DREAMPlace - full step 21.059 ms
[INFO   ] DREAMPlace - optimizer step 9.321 ms
[INFO   ] DREAMPlace - iteration   10, (  10,  0,  0), Obj 8.739764E+07, DensityWeight 1.027423E-11, wHPWL 1.848753E+08, Overflow 9.355565E-01, MaxDensity 3.052E+04, gamma 1.342423E+03, time 1.587ms
[INFO   ] DREAMPlace - full step 11.673 ms
[INFO   ] DREAMPlace - optimizer step 18.580 ms
[INFO   ] DREAMPlace - iteration   11, (  11,  0,  0), Obj 8.598546E+07, DensityWeight 1.077608E-11, wHPWL 1.852856E+08, Overflow 9.308967E-01, MaxDensity 2.856E+04, gamma 1.306692E+03, time 1.584ms
[INFO   ] DREAMPlace - full step 20.924 ms
[INFO   ] DREAMPlace - optimizer step 9.358 ms
[INFO   ] DREAMPlace - iteration   12, (  12,  0,  0), Obj 8.461861E+07, DensityWeight 1.074914E-11, wHPWL 1.847443E+08, Overflow 9.273669E-01, MaxDensity 2.673E+04, gamma 1.275904E+03, time 1.579ms
[INFO   ] DREAMPlace - full step 11.709 ms
[INFO   ] DREAMPlace - optimizer step 18.543 ms
[INFO   ] DREAMPlace - iteration   13, (  13,  0,  0), Obj 8.363083E+07, DensityWeight 1.127193E-11, wHPWL 1.857221E+08, Overflow 9.237900E-01, MaxDensity 2.475E+04, gamma 1.253067E+03, time 1.574ms
[INFO   ] DREAMPlace - full step 20.890 ms
[INFO   ] DREAMPlace - optimizer step 9.316 ms
[INFO   ] DREAMPlace - iteration   14, (  14,  0,  0), Obj 8.237780E+07, DensityWeight 1.124375E-11, wHPWL 1.852970E+08, Overflow 9.206493E-01, MaxDensity 2.294E+04, gamma 1.230341E+03, time 1.569ms
[INFO   ] DREAMPlace - full step 11.645 ms
[INFO   ] DREAMPlace - optimizer step 9.301 ms
[INFO   ] DREAMPlace - iteration   15, (  15,  0,  0), Obj 8.153246E+07, DensityWeight 1.178824E-11, wHPWL 1.858761E+08, Overflow 9.174587E-01, MaxDensity 2.105E+04, gamma 1.210727E+03, time 1.552ms
[INFO   ] DREAMPlace - full step 11.609 ms
[INFO   ] DREAMPlace - optimizer step 9.218 ms
[INFO   ] DREAMPlace - iteration   16, (  16,  0,  0), Obj 8.089286E+07, DensityWeight 1.175877E-11, wHPWL 1.870722E+08, Overflow 9.148036E-01, MaxDensity 1.924E+04, gamma 1.191121E+03, time 1.548ms
[INFO   ] DREAMPlace - full step 11.532 ms
[INFO   ] DREAMPlace - optimizer step 9.360 ms
[INFO   ] DREAMPlace - iteration   17, (  17,  0,  0), Obj 8.020717E+07, DensityWeight 1.172937E-11, wHPWL 1.875047E+08, Overflow 9.118174E-01, MaxDensity 1.756E+04, gamma 1.175048E+03, time 1.533ms
[INFO   ] DREAMPlace - full step 11.651 ms
[INFO   ] DREAMPlace - optimizer step 9.285 ms
[INFO   ] DREAMPlace - iteration   18, (  18,  0,  0), Obj 7.938006E+07, DensityWeight 1.170005E-11, wHPWL 1.873401E+08, Overflow 9.091862E-01, MaxDensity 1.606E+04, gamma 1.157230E+03, time 1.514ms
[INFO   ] DREAMPlace - full step 11.570 ms
[INFO   ] DREAMPlace - optimizer step 9.256 ms
[INFO   ] DREAMPlace - iteration   19, (  19,  0,  0), Obj 7.873980E+07, DensityWeight 1.226173E-11, wHPWL 1.873980E+08, Overflow 9.058321E-01, MaxDensity 1.470E+04, gamma 1.141754E+03, time 1.512ms
[INFO   ] DREAMPlace - full step 11.535 ms
[INFO   ] DREAMPlace - optimizer step 9.238 ms
[INFO   ] DREAMPlace - iteration   20, (  20,  0,  0), Obj 7.822569E+07, DensityWeight 1.277120E-11, wHPWL 1.880444E+08, Overflow 9.026533E-01, MaxDensity 1.346E+04, gamma 1.122325E+03, time 1.484ms
[INFO   ] DREAMPlace - full step 11.482 ms
[INFO   ] DREAMPlace - optimizer step 9.218 ms
[INFO   ] DREAMPlace - iteration   21, (  21,  0,  0), Obj 7.794766E+07, DensityWeight 1.273927E-11, wHPWL 1.888647E+08, Overflow 8.992625E-01, MaxDensity 1.237E+04, gamma 1.104218E+03, time 1.470ms
[INFO   ] DREAMPlace - full step 11.451 ms
[INFO   ] DREAMPlace - optimizer step 9.202 ms
[INFO   ] DREAMPlace - iteration   22, (  22,  0,  0), Obj 7.763166E+07, DensityWeight 1.270742E-11, wHPWL 1.893512E+08, Overflow 8.958222E-01, MaxDensity 1.138E+04, gamma 1.085225E+03, time 1.454ms
[INFO   ] DREAMPlace - full step 11.419 ms
[INFO   ] DREAMPlace - optimizer step 9.162 ms
[INFO   ] DREAMPlace - iteration   23, (  23,  0,  0), Obj 7.733933E+07, DensityWeight 1.267565E-11, wHPWL 1.894691E+08, Overflow 8.928465E-01, MaxDensity 1.048E+04, gamma 1.066288E+03, time 1.425ms
[INFO   ] DREAMPlace - full step 11.348 ms
[INFO   ] DREAMPlace - optimizer step 9.142 ms
[INFO   ] DREAMPlace - iteration   24, (  24,  0,  0), Obj 7.713059E+07, DensityWeight 1.309250E-11, wHPWL 1.895995E+08, Overflow 8.898826E-01, MaxDensity 9.622E+03, gamma 1.050176E+03, time 1.416ms
[INFO   ] DREAMPlace - full step 11.325 ms
[INFO   ] DREAMPlace - optimizer step 9.125 ms
[INFO   ] DREAMPlace - iteration   25, (  25,  0,  0), Obj 7.694005E+07, DensityWeight 1.349949E-11, wHPWL 1.899308E+08, Overflow 8.871869E-01, MaxDensity 8.784E+03, gamma 1.034369E+03, time 1.410ms
[INFO   ] DREAMPlace - full step 11.298 ms
[INFO   ] DREAMPlace - optimizer step 9.207 ms
[INFO   ] DREAMPlace - iteration   26, (  26,  0,  0), Obj 7.680147E+07, DensityWeight 1.353476E-11, wHPWL 1.903044E+08, Overflow 8.849317E-01, MaxDensity 7.950E+03, gamma 1.020200E+03, time 1.403ms
[INFO   ] DREAMPlace - full step 11.402 ms
[INFO   ] DREAMPlace - optimizer step 9.159 ms
[INFO   ] DREAMPlace - iteration   27, (  27,  0,  0), Obj 7.660885E+07, DensityWeight 1.350092E-11, wHPWL 1.904951E+08, Overflow 8.823508E-01, MaxDensity 7.111E+03, gamma 1.008495E+03, time 1.416ms
[INFO   ] DREAMPlace - full step 11.347 ms
[INFO   ] DREAMPlace - optimizer step 9.251 ms
[INFO   ] DREAMPlace - iteration   28, (  28,  0,  0), Obj 7.633521E+07, DensityWeight 1.380420E-11, wHPWL 1.905530E+08, Overflow 8.800921E-01, MaxDensity 6.267E+03, gamma 9.952642E+02, time 1.413ms
[INFO   ] DREAMPlace - full step 11.475 ms
[INFO   ] DREAMPlace - optimizer step 9.144 ms
[INFO   ] DREAMPlace - iteration   29, (  29,  0,  0), Obj 7.616163E+07, DensityWeight 1.437788E-11, wHPWL 1.906281E+08, Overflow 8.776957E-01, MaxDensity 5.421E+03, gamma 9.838281E+02, time 1.387ms
[INFO   ] DREAMPlace - full step 11.320 ms
[INFO   ] DREAMPlace - optimizer step 9.177 ms
[INFO   ] DREAMPlace - iteration   30, (  30,  0,  0), Obj 7.598646E+07, DensityWeight 1.493961E-11, wHPWL 1.907954E+08, Overflow 8.754706E-01, MaxDensity 4.581E+03, gamma 9.718375E+02, time 1.368ms
[INFO   ] DREAMPlace - full step 11.378 ms
[INFO   ] DREAMPlace - optimizer step 9.124 ms
[INFO   ] DREAMPlace - iteration   31, (  31,  0,  0), Obj 7.586650E+07, DensityWeight 1.532492E-11, wHPWL 1.909308E+08, Overflow 8.730508E-01, MaxDensity 4.041E+03, gamma 9.608354E+02, time 1.361ms
[INFO   ] DREAMPlace - full step 11.281 ms
[INFO   ] DREAMPlace - optimizer step 9.241 ms
[INFO   ] DREAMPlace - iteration   32, (  32,  0,  0), Obj 7.571914E+07, DensityWeight 1.579032E-11, wHPWL 1.909577E+08, Overflow 8.712140E-01, MaxDensity 3.860E+03, gamma 9.490120E+02, time 1.319ms
[INFO   ] DREAMPlace - full step 11.330 ms
[INFO   ] DREAMPlace - optimizer step 9.201 ms
[INFO   ] DREAMPlace - iteration   33, (  33,  0,  0), Obj 7.561755E+07, DensityWeight 1.651775E-11, wHPWL 1.909095E+08, Overflow 8.691378E-01, MaxDensity 3.598E+03, gamma 9.401342E+02, time 1.317ms
[INFO   ] DREAMPlace - full step 11.335 ms
[INFO   ] DREAMPlace - optimizer step 9.073 ms
[INFO   ] DREAMPlace - iteration   34, (  34,  0,  0), Obj 7.543795E+07, DensityWeight 1.728476E-11, wHPWL 1.908718E+08, Overflow 8.672633E-01, MaxDensity 3.365E+03, gamma 9.301997E+02, time 1.322ms
[INFO   ] DREAMPlace - full step 11.169 ms
[INFO   ] DREAMPlace - optimizer step 9.037 ms
[INFO   ] DREAMPlace - iteration   35, (  35,  0,  0), Obj 7.533386E+07, DensityWeight 1.808559E-11, wHPWL 1.908212E+08, Overflow 8.653063E-01, MaxDensity 3.346E+03, gamma 9.213199E+02, time 1.258ms
[INFO   ] DREAMPlace - full step 11.059 ms
[INFO   ] DREAMPlace - optimizer step 9.008 ms
[INFO   ] DREAMPlace - iteration   36, (  36,  0,  0), Obj 7.521894E+07, DensityWeight 1.892162E-11, wHPWL 1.907473E+08, Overflow 8.628491E-01, MaxDensity 3.204E+03, gamma 9.121404E+02, time 1.256ms
[INFO   ] DREAMPlace - full step 11.026 ms
[INFO   ] DREAMPlace - optimizer step 9.244 ms
[INFO   ] DREAMPlace - iteration   37, (  37,  0,  0), Obj 7.513318E+07, DensityWeight 1.979433E-11, wHPWL 1.906073E+08, Overflow 8.607438E-01, MaxDensity 2.947E+03, gamma 9.007438E+02, time 1.369ms
[INFO   ] DREAMPlace - full step 11.434 ms
[INFO   ] DREAMPlace - optimizer step 9.118 ms
[INFO   ] DREAMPlace - iteration   38, (  38,  0,  0), Obj 7.515677E+07, DensityWeight 2.070521E-11, wHPWL 1.904111E+08, Overflow 8.592701E-01, MaxDensity 2.592E+03, gamma 8.910923E+02, time 1.350ms
[INFO   ] DREAMPlace - full step 11.285 ms
[INFO   ] DREAMPlace - optimizer step 9.011 ms
[INFO   ] DREAMPlace - iteration   39, (  39,  0,  0), Obj 7.513202E+07, DensityWeight 2.165585E-11, wHPWL 1.901866E+08, Overflow 8.574948E-01, MaxDensity 2.226E+03, gamma 8.843985E+02, time 1.251ms
[INFO   ] DREAMPlace - full step 11.047 ms
[INFO   ] DREAMPlace - optimizer step 8.987 ms
[INFO   ] DREAMPlace - iteration   40, (  40,  0,  0), Obj 7.499746E+07, DensityWeight 2.264786E-11, wHPWL 1.899298E+08, Overflow 8.556159E-01, MaxDensity 2.213E+03, gamma 8.764011E+02, time 1.230ms
[INFO   ] DREAMPlace - full step 10.995 ms
[INFO   ] DREAMPlace - optimizer step 8.998 ms
[INFO   ] DREAMPlace - iteration   41, (  41,  0,  0), Obj 7.492310E+07, DensityWeight 2.368295E-11, wHPWL 1.896173E+08, Overflow 8.539770E-01, MaxDensity 2.109E+03, gamma 8.680152E+02, time 1.218ms
[INFO   ] DREAMPlace - full step 10.975 ms
[INFO   ] DREAMPlace - optimizer step 9.007 ms
[INFO   ] DREAMPlace - iteration   42, (  42,  0,  0), Obj 7.488620E+07, DensityWeight 2.476287E-11, wHPWL 1.893170E+08, Overflow 8.519132E-01, MaxDensity 2.111E+03, gamma 8.607665E+02, time 1.235ms
[INFO   ] DREAMPlace - full step 11.016 ms
[INFO   ] DREAMPlace - optimizer step 8.991 ms
[INFO   ] DREAMPlace - iteration   43, (  43,  0,  0), Obj 7.481850E+07, DensityWeight 2.588944E-11, wHPWL 1.890233E+08, Overflow 8.497749E-01, MaxDensity 1.998E+03, gamma 8.517245E+02, time 1.219ms
[INFO   ] DREAMPlace - full step 10.976 ms
[INFO   ] DREAMPlace - optimizer step 8.980 ms
[INFO   ] DREAMPlace - iteration   44, (  44,  0,  0), Obj 7.483454E+07, DensityWeight 2.706456E-11, wHPWL 1.887147E+08, Overflow 8.482282E-01, MaxDensity 1.826E+03, gamma 8.424565E+02, time 1.246ms
[INFO   ] DREAMPlace - full step 10.982 ms
[INFO   ] DREAMPlace - optimizer step 9.007 ms
[INFO   ] DREAMPlace - iteration   45, (  45,  0,  0), Obj 7.486646E+07, DensityWeight 2.829019E-11, wHPWL 1.883839E+08, Overflow 8.469722E-01, MaxDensity 1.864E+03, gamma 8.358152E+02, time 1.217ms
[INFO   ] DREAMPlace - full step 10.986 ms
[INFO   ] DREAMPlace - optimizer step 9.000 ms
[INFO   ] DREAMPlace - iteration   46, (  46,  0,  0), Obj 7.478932E+07, DensityWeight 2.956836E-11, wHPWL 1.880462E+08, Overflow 8.451061E-01, MaxDensity 1.810E+03, gamma 8.304611E+02, time 1.225ms
[INFO   ] DREAMPlace - full step 10.985 ms
[INFO   ] DREAMPlace - optimizer step 8.978 ms
[INFO   ] DREAMPlace - iteration   47, (  47,  0,  0), Obj 7.465286E+07, DensityWeight 3.090119E-11, wHPWL 1.876818E+08, Overflow 8.434175E-01, MaxDensity 1.679E+03, gamma 8.225693E+02, time 1.215ms
[INFO   ] DREAMPlace - full step 10.953 ms
[INFO   ] DREAMPlace - optimizer step 9.023 ms
[INFO   ] DREAMPlace - iteration   48, (  48,  0,  0), Obj 7.463570E+07, DensityWeight 3.229088E-11, wHPWL 1.873213E+08, Overflow 8.418516E-01, MaxDensity 1.495E+03, gamma 8.154923E+02, time 1.221ms
[INFO   ] DREAMPlace - full step 11.002 ms
[INFO   ] DREAMPlace - optimizer step 9.060 ms
[INFO   ] DREAMPlace - iteration   49, (  49,  0,  0), Obj 7.459906E+07, DensityWeight 3.373968E-11, wHPWL 1.869932E+08, Overflow 8.400068E-01, MaxDensity 1.444E+03, gamma 8.089845E+02, time 1.215ms
[INFO   ] DREAMPlace - full step 11.036 ms
[INFO   ] DREAMPlace - optimizer step 9.002 ms
[INFO   ] DREAMPlace - iteration   50, (  50,  0,  0), Obj 7.454241E+07, DensityWeight 3.524997E-11, wHPWL 1.866605E+08, Overflow 8.384448E-01, MaxDensity 1.421E+03, gamma 8.013836E+02, time 1.209ms
[INFO   ] DREAMPlace - full step 10.981 ms
[INFO   ] DREAMPlace - optimizer step 8.954 ms
[INFO   ] DREAMPlace - iteration   51, (  51,  0,  0), Obj 7.453069E+07, DensityWeight 3.682418E-11, wHPWL 1.862950E+08, Overflow 8.363988E-01, MaxDensity 1.336E+03, gamma 7.950042E+02, time 1.207ms
[INFO   ] DREAMPlace - full step 10.931 ms
[INFO   ] DREAMPlace - optimizer step 8.986 ms
[INFO   ] DREAMPlace - iteration   52, (  52,  0,  0), Obj 7.446981E+07, DensityWeight 3.846484E-11, wHPWL 1.859231E+08, Overflow 8.343468E-01, MaxDensity 1.227E+03, gamma 7.867249E+02, time 1.198ms
[INFO   ] DREAMPlace - full step 10.962 ms
[INFO   ] DREAMPlace - optimizer step 8.986 ms
[INFO   ] DREAMPlace - iteration   53, (  53,  0,  0), Obj 7.450496E+07, DensityWeight 4.017458E-11, wHPWL 1.855573E+08, Overflow 8.325380E-01, MaxDensity 1.106E+03, gamma 7.785074E+02, time 1.210ms
[INFO   ] DREAMPlace - full step 10.970 ms
[INFO   ] DREAMPlace - optimizer step 8.976 ms
[INFO   ] DREAMPlace - iteration   54, (  54,  0,  0), Obj 7.455382E+07, DensityWeight 4.195612E-11, wHPWL 1.852089E+08, Overflow 8.311656E-01, MaxDensity 1.014E+03, gamma 7.713354E+02, time 1.199ms
[INFO   ] DREAMPlace - full step 10.952 ms
[INFO   ] DREAMPlace - optimizer step 8.944 ms
[INFO   ] DREAMPlace - iteration   55, (  55,  0,  0), Obj 7.455893E+07, DensityWeight 4.381228E-11, wHPWL 1.848525E+08, Overflow 8.297778E-01, MaxDensity 9.494E+02, gamma 7.659374E+02, time 1.185ms
[INFO   ] DREAMPlace - full step 10.898 ms
[INFO   ] DREAMPlace - optimizer step 8.975 ms
[INFO   ] DREAMPlace - iteration   56, (  56,  0,  0), Obj 7.447836E+07, DensityWeight 4.574599E-11, wHPWL 1.844676E+08, Overflow 8.285495E-01, MaxDensity 8.913E+02, gamma 7.605182E+02, time 1.185ms
[INFO   ] DREAMPlace - full step 10.926 ms
[INFO   ] DREAMPlace - optimizer step 8.975 ms
[INFO   ] DREAMPlace - iteration   57, (  57,  0,  0), Obj 7.439989E+07, DensityWeight 4.776026E-11, wHPWL 1.840746E+08, Overflow 8.273191E-01, MaxDensity 8.396E+02, gamma 7.557532E+02, time 1.172ms
[INFO   ] DREAMPlace - full step 10.924 ms
[INFO   ] DREAMPlace - optimizer step 8.964 ms
[INFO   ] DREAMPlace - iteration   58, (  58,  0,  0), Obj 7.430658E+07, DensityWeight 4.985825E-11, wHPWL 1.837150E+08, Overflow 8.261318E-01, MaxDensity 7.779E+02, gamma 7.510103E+02, time 1.163ms
[INFO   ] DREAMPlace - full step 10.893 ms
[INFO   ] DREAMPlace - optimizer step 8.928 ms
[INFO   ] DREAMPlace - iteration   59, (  59,  0,  0), Obj 7.422504E+07, DensityWeight 5.204318E-11, wHPWL 1.833829E+08, Overflow 8.246935E-01, MaxDensity 7.227E+02, gamma 7.464613E+02, time 1.163ms
[INFO   ] DREAMPlace - full step 10.854 ms
[INFO   ] DREAMPlace - optimizer step 8.907 ms
[INFO   ] DREAMPlace - iteration   60, (  60,  0,  0), Obj 7.414086E+07, DensityWeight 5.431843E-11, wHPWL 1.830545E+08, Overflow 8.236908E-01, MaxDensity 7.456E+02, gamma 7.409879E+02, time 1.170ms
[INFO   ] DREAMPlace - full step 10.837 ms
[INFO   ] DREAMPlace - optimizer step 8.979 ms
[INFO   ] DREAMPlace - iteration   61, (  61,  0,  0), Obj 7.410342E+07, DensityWeight 5.668748E-11, wHPWL 1.827180E+08, Overflow 8.227201E-01, MaxDensity 6.592E+02, gamma 7.371955E+02, time 1.167ms
[INFO   ] DREAMPlace - full step 10.908 ms
[INFO   ] DREAMPlace - optimizer step 8.933 ms
[INFO   ] DREAMPlace - iteration   62, (  62,  0,  0), Obj 7.399374E+07, DensityWeight 5.915395E-11, wHPWL 1.823907E+08, Overflow 8.217380E-01, MaxDensity 6.763E+02, gamma 7.335433E+02, time 1.167ms
[INFO   ] DREAMPlace - full step 10.868 ms
[INFO   ] DREAMPlace - optimizer step 8.938 ms
[INFO   ] DREAMPlace - iteration   63, (  63,  0,  0), Obj 7.388175E+07, DensityWeight 6.172154E-11, wHPWL 1.820700E+08, Overflow 8.201913E-01, MaxDensity 6.435E+02, gamma 7.298662E+02, time 1.165ms
[INFO   ] DREAMPlace - full step 10.862 ms
[INFO   ] DREAMPlace - optimizer step 8.946 ms
[INFO   ] DREAMPlace - iteration   64, (  64,  0,  0), Obj 7.378037E+07, DensityWeight 6.439416E-11, wHPWL 1.817649E+08, Overflow 8.186008E-01, MaxDensity 5.737E+02, gamma 7.241125E+02, time 1.165ms
[INFO   ] DREAMPlace - full step 10.871 ms
[INFO   ] DREAMPlace - optimizer step 8.913 ms
[INFO   ] DREAMPlace - iteration   65, (  65,  0,  0), Obj 7.379203E+07, DensityWeight 6.717578E-11, wHPWL 1.814801E+08, Overflow 8.167117E-01, MaxDensity 6.316E+02, gamma 7.182434E+02, time 1.157ms
[INFO   ] DREAMPlace - full step 10.830 ms
[INFO   ] DREAMPlace - optimizer step 8.990 ms
[INFO   ] DREAMPlace - iteration   66, (  66,  0,  0), Obj 7.382424E+07, DensityWeight 7.007055E-11, wHPWL 1.812147E+08, Overflow 8.145515E-01, MaxDensity 6.416E+02, gamma 7.113340E+02, time 1.171ms
[INFO   ] DREAMPlace - full step 10.929 ms
[INFO   ] DREAMPlace - optimizer step 8.954 ms
[INFO   ] DREAMPlace - iteration   67, (  67,  0,  0), Obj 7.391281E+07, DensityWeight 7.308276E-11, wHPWL 1.809407E+08, Overflow 8.123574E-01, MaxDensity 5.512E+02, gamma 7.035148E+02, time 1.156ms
[INFO   ] DREAMPlace - full step 10.881 ms
[INFO   ] DREAMPlace - optimizer step 8.928 ms
[INFO   ] DREAMPlace - iteration   68, (  68,  0,  0), Obj 7.405421E+07, DensityWeight 7.621683E-11, wHPWL 1.806567E+08, Overflow 8.110164E-01, MaxDensity 5.595E+02, gamma 6.956609E+02, time 1.193ms
[INFO   ] DREAMPlace - full step 10.899 ms
[INFO   ] DREAMPlace - optimizer step 8.927 ms
[INFO   ] DREAMPlace - iteration   69, (  69,  0,  0), Obj 7.420808E+07, DensityWeight 7.947736E-11, wHPWL 1.803714E+08, Overflow 8.096951E-01, MaxDensity 5.519E+02, gamma 6.909038E+02, time 1.151ms
[INFO   ] DREAMPlace - full step 10.841 ms
[INFO   ] DREAMPlace - optimizer step 8.957 ms
[INFO   ] DREAMPlace - iteration   70, (  70,  0,  0), Obj 7.421074E+07, DensityWeight 8.286907E-11, wHPWL 1.800889E+08, Overflow 8.083398E-01, MaxDensity 5.096E+02, gamma 6.862482E+02, time 1.150ms
[INFO   ] DREAMPlace - full step 10.868 ms
[INFO   ] DREAMPlace - optimizer step 8.962 ms
[INFO   ] DREAMPlace - iteration   71, (  71,  0,  0), Obj 7.420546E+07, DensityWeight 8.639690E-11, wHPWL 1.797922E+08, Overflow 8.072943E-01, MaxDensity 5.749E+02, gamma 6.815057E+02, time 1.152ms
[INFO   ] DREAMPlace - full step 10.881 ms
[INFO   ] DREAMPlace - optimizer step 8.933 ms
[INFO   ] DREAMPlace - iteration   72, (  72,  0,  0), Obj 7.421555E+07, DensityWeight 9.006589E-11, wHPWL 1.795161E+08, Overflow 8.059576E-01, MaxDensity 5.465E+02, gamma 6.778696E+02, time 1.149ms
[INFO   ] DREAMPlace - full step 10.844 ms
[INFO   ] DREAMPlace - optimizer step 8.951 ms
[INFO   ] DREAMPlace - iteration   73, (  73,  0,  0), Obj 7.418227E+07, DensityWeight 9.388131E-11, wHPWL 1.792710E+08, Overflow 8.043707E-01, MaxDensity 4.906E+02, gamma 6.732491E+02, time 1.154ms
[INFO   ] DREAMPlace - full step 10.870 ms
[INFO   ] DREAMPlace - optimizer step 8.934 ms
[INFO   ] DREAMPlace - iteration   74, (  74,  0,  0), Obj 7.420759E+07, DensityWeight 9.784858E-11, wHPWL 1.790382E+08, Overflow 8.028876E-01, MaxDensity 5.117E+02, gamma 6.678044E+02, time 1.144ms
[INFO   ] DREAMPlace - full step 10.841 ms
[INFO   ] DREAMPlace - optimizer step 8.967 ms
[INFO   ] DREAMPlace - iteration   75, (  75,  0,  0), Obj 7.428290E+07, DensityWeight 1.019733E-10, wHPWL 1.788073E+08, Overflow 8.020670E-01, MaxDensity 4.636E+02, gamma 6.627555E+02, time 1.156ms
[INFO   ] DREAMPlace - full step 10.888 ms
[INFO   ] DREAMPlace - optimizer step 9.044 ms
[INFO   ] DREAMPlace - iteration   76, (  76,  0,  0), Obj 7.434598E+07, DensityWeight 1.062613E-10, wHPWL 1.785838E+08, Overflow 8.008552E-01, MaxDensity 5.311E+02, gamma 6.599787E+02, time 1.172ms
[INFO   ] DREAMPlace - full step 10.995 ms
[INFO   ] DREAMPlace - optimizer step 9.075 ms
[INFO   ] DREAMPlace - iteration   77, (  77,  0,  0), Obj 7.428939E+07, DensityWeight 1.107185E-10, wHPWL 1.783569E+08, Overflow 7.997609E-01, MaxDensity 5.182E+02, gamma 6.558990E+02, time 1.188ms
[INFO   ] DREAMPlace - full step 11.061 ms
[INFO   ] DREAMPlace - optimizer step 9.157 ms
[INFO   ] DREAMPlace - iteration   78, (  78,  0,  0), Obj 7.430461E+07, DensityWeight 1.153511E-10, wHPWL 1.781302E+08, Overflow 7.988890E-01, MaxDensity 4.814E+02, gamma 6.522367E+02, time 1.184ms
[INFO   ] DREAMPlace - full step 11.161 ms
[INFO   ] DREAMPlace - optimizer step 9.154 ms
[INFO   ] DREAMPlace - iteration   79, (  79,  0,  0), Obj 7.431115E+07, DensityWeight 1.201655E-10, wHPWL 1.779281E+08, Overflow 7.976657E-01, MaxDensity 4.702E+02, gamma 6.493334E+02, time 1.223ms
[INFO   ] DREAMPlace - full step 11.182 ms
[INFO   ] DREAMPlace - optimizer step 9.090 ms
[INFO   ] DREAMPlace - iteration   80, (  80,  0,  0), Obj 7.428742E+07, DensityWeight 1.251684E-10, wHPWL 1.777503E+08, Overflow 7.959813E-01, MaxDensity 4.842E+02, gamma 6.452816E+02, time 1.182ms
[INFO   ] DREAMPlace - full step 11.067 ms
[INFO   ] DREAMPlace - optimizer step 8.934 ms
[INFO   ] DREAMPlace - iteration   81, (  81,  0,  0), Obj 7.432882E+07, DensityWeight 1.303665E-10, wHPWL 1.775681E+08, Overflow 7.945927E-01, MaxDensity 5.160E+02, gamma 6.397438E+02, time 1.192ms
[INFO   ] DREAMPlace - full step 10.905 ms
[INFO   ] DREAMPlace - optimizer step 8.996 ms
[INFO   ] DREAMPlace - iteration   82, (  82,  0,  0), Obj 7.446175E+07, DensityWeight 1.357669E-10, wHPWL 1.773957E+08, Overflow 7.929238E-01, MaxDensity 4.669E+02, gamma 6.352144E+02, time 1.153ms
[INFO   ] DREAMPlace - full step 10.937 ms
[INFO   ] DREAMPlace - optimizer step 9.061 ms
[INFO   ] DREAMPlace - iteration   83, (  83,  0,  0), Obj 7.455023E+07, DensityWeight 1.413769E-10, wHPWL 1.772297E+08, Overflow 7.914528E-01, MaxDensity 4.710E+02, gamma 6.298132E+02, time 1.151ms
[INFO   ] DREAMPlace - full step 10.969 ms
[INFO   ] DREAMPlace - optimizer step 9.051 ms
[INFO   ] DREAMPlace - iteration   84, (  84,  0,  0), Obj 7.469202E+07, DensityWeight 1.472040E-10, wHPWL 1.770599E+08, Overflow 7.901738E-01, MaxDensity 4.922E+02, gamma 6.250903E+02, time 1.176ms
[INFO   ] DREAMPlace - full step 10.984 ms
[INFO   ] DREAMPlace - optimizer step 9.017 ms
[INFO   ] DREAMPlace - iteration   85, (  85,  0,  0), Obj 7.480179E+07, DensityWeight 1.532559E-10, wHPWL 1.768838E+08, Overflow 7.886286E-01, MaxDensity 4.918E+02, gamma 6.210131E+02, time 1.156ms
[INFO   ] DREAMPlace - full step 10.953 ms
[INFO   ] DREAMPlace - optimizer step 9.014 ms
[INFO   ] DREAMPlace - iteration   86, (  86,  0,  0), Obj 7.488158E+07, DensityWeight 1.595406E-10, wHPWL 1.767128E+08, Overflow 7.867115E-01, MaxDensity 4.655E+02, gamma 6.161221E+02, time 1.156ms
[INFO   ] DREAMPlace - full step 10.941 ms
[INFO   ] DREAMPlace - optimizer step 9.046 ms
[INFO   ] DREAMPlace - iteration   87, (  87,  0,  0), Obj 7.501581E+07, DensityWeight 1.660665E-10, wHPWL 1.765452E+08, Overflow 7.851009E-01, MaxDensity 4.448E+02, gamma 6.101078E+02, time 1.152ms
[INFO   ] DREAMPlace - full step 10.968 ms
[INFO   ] DREAMPlace - optimizer step 9.030 ms
[INFO   ] DREAMPlace - iteration   88, (  88,  0,  0), Obj 7.522893E+07, DensityWeight 1.728420E-10, wHPWL 1.763915E+08, Overflow 7.830435E-01, MaxDensity 4.963E+02, gamma 6.051002E+02, time 1.153ms
[INFO   ] DREAMPlace - full step 10.959 ms
[INFO   ] DREAMPlace - optimizer step 9.002 ms
[INFO   ] DREAMPlace - iteration   89, (  89,  0,  0), Obj 7.539335E+07, DensityWeight 1.798760E-10, wHPWL 1.762410E+08, Overflow 7.809862E-01, MaxDensity 5.141E+02, gamma 5.987636E+02, time 1.154ms
[INFO   ] DREAMPlace - full step 10.921 ms
[INFO   ] DREAMPlace - optimizer step 9.002 ms
[INFO   ] DREAMPlace - iteration   90, (  90,  0,  0), Obj 7.563966E+07, DensityWeight 1.871775E-10, wHPWL 1.760775E+08, Overflow 7.791886E-01, MaxDensity 4.953E+02, gamma 5.924935E+02, time 1.153ms
[INFO   ] DREAMPlace - full step 10.924 ms
[INFO   ] DREAMPlace - optimizer step 9.024 ms
[INFO   ] DREAMPlace - iteration   91, (  91,  0,  0), Obj 7.589181E+07, DensityWeight 1.947559E-10, wHPWL 1.759101E+08, Overflow 7.777735E-01, MaxDensity 5.039E+02, gamma 5.870690E+02, time 1.160ms
[INFO   ] DREAMPlace - full step 10.953 ms
[INFO   ] DREAMPlace - optimizer step 9.032 ms
[INFO   ] DREAMPlace - iteration   92, (  92,  0,  0), Obj 7.610288E+07, DensityWeight 2.026209E-10, wHPWL 1.757464E+08, Overflow 7.763615E-01, MaxDensity 5.022E+02, gamma 5.828333E+02, time 1.156ms
[INFO   ] DREAMPlace - full step 10.952 ms
[INFO   ] DREAMPlace - optimizer step 8.958 ms
[INFO   ] DREAMPlace - iteration   93, (  93,  0,  0), Obj 7.624512E+07, DensityWeight 2.107824E-10, wHPWL 1.755779E+08, Overflow 7.750009E-01, MaxDensity 5.154E+02, gamma 5.786377E+02, time 1.157ms
[INFO   ] DREAMPlace - full step 10.880 ms
[INFO   ] DREAMPlace - optimizer step 8.990 ms
[INFO   ] DREAMPlace - iteration   94, (  94,  0,  0), Obj 7.638874E+07, DensityWeight 2.192508E-10, wHPWL 1.754110E+08, Overflow 7.739882E-01, MaxDensity 5.322E+02, gamma 5.746230E+02, time 1.154ms
[INFO   ] DREAMPlace - full step 10.915 ms
[INFO   ] DREAMPlace - optimizer step 8.952 ms
[INFO   ] DREAMPlace - iteration   95, (  95,  0,  0), Obj 7.653030E+07, DensityWeight 2.280366E-10, wHPWL 1.752551E+08, Overflow 7.730705E-01, MaxDensity 5.467E+02, gamma 5.716531E+02, time 1.154ms
[INFO   ] DREAMPlace - full step 10.871 ms
[INFO   ] DREAMPlace - optimizer step 9.000 ms
[INFO   ] DREAMPlace - iteration   96, (  96,  0,  0), Obj 7.661469E+07, DensityWeight 2.371507E-10, wHPWL 1.751134E+08, Overflow 7.727472E-01, MaxDensity 5.010E+02, gamma 5.689749E+02, time 1.153ms
[INFO   ] DREAMPlace - full step 10.922 ms
[INFO   ] DREAMPlace - optimizer step 9.025 ms
[INFO   ] DREAMPlace - iteration   97, (  97,  0,  0), Obj 7.668289E+07, DensityWeight 2.466044E-10, wHPWL 1.749733E+08, Overflow 7.728337E-01, MaxDensity 4.818E+02, gamma 5.680347E+02, time 1.157ms
[INFO   ] DREAMPlace - full step 10.940 ms
[INFO   ] DREAMPlace - optimizer step 8.974 ms
[INFO   ] DREAMPlace - iteration   98, (  98,  0,  0), Obj 7.664310E+07, DensityWeight 2.564093E-10, wHPWL 1.748402E+08, Overflow 7.722006E-01, MaxDensity 5.739E+02, gamma 5.682861E+02, time 1.152ms
[INFO   ] DREAMPlace - full step 10.901 ms
[INFO   ] DREAMPlace - optimizer step 9.030 ms
[INFO   ] DREAMPlace - iteration   99, (  99,  0,  0), Obj 7.652951E+07, DensityWeight 2.665775E-10, wHPWL 1.747177E+08, Overflow 7.714970E-01, MaxDensity 5.428E+02, gamma 5.664481E+02, time 1.157ms
[INFO   ] DREAMPlace - full step 10.950 ms
[INFO   ] DREAMPlace - optimizer step 9.020 ms
[INFO   ] DREAMPlace - iteration  100, ( 100,  0,  0), Obj 7.655515E+07, DensityWeight 2.771211E-10, wHPWL 1.746180E+08, Overflow 7.707319E-01, MaxDensity 5.679E+02, gamma 5.644123E+02, time 1.153ms
[INFO   ] DREAMPlace - full step 10.946 ms
[INFO   ] DREAMPlace - optimizer step 8.971 ms
[INFO   ] DREAMPlace - iteration  101, ( 101,  0,  0), Obj 7.660662E+07, DensityWeight 2.880529E-10, wHPWL 1.745442E+08, Overflow 7.703004E-01, MaxDensity 5.312E+02, gamma 5.622072E+02, time 1.156ms
[INFO   ] DREAMPlace - full step 10.907 ms
[INFO   ] DREAMPlace - optimizer step 8.918 ms
[INFO   ] DREAMPlace - iteration  102, ( 102,  0,  0), Obj 7.667295E+07, DensityWeight 2.993860E-10, wHPWL 1.744751E+08, Overflow 7.693979E-01, MaxDensity 5.788E+02, gamma 5.609672E+02, time 1.150ms
[INFO   ] DREAMPlace - full step 10.837 ms
[INFO   ] DREAMPlace - optimizer step 8.934 ms
[INFO   ] DREAMPlace - iteration  103, ( 103,  0,  0), Obj 7.667411E+07, DensityWeight 3.111340E-10, wHPWL 1.743920E+08, Overflow 7.687518E-01, MaxDensity 5.710E+02, gamma 5.583825E+02, time 1.143ms
[INFO   ] DREAMPlace - full step 10.841 ms
[INFO   ] DREAMPlace - optimizer step 8.940 ms
[INFO   ] DREAMPlace - iteration  104, ( 104,  0,  0), Obj 7.676214E+07, DensityWeight 3.233105E-10, wHPWL 1.743068E+08, Overflow 7.674720E-01, MaxDensity 5.879E+02, gamma 5.565397E+02, time 1.143ms
[INFO   ] DREAMPlace - full step 10.859 ms
[INFO   ] DREAMPlace - optimizer step 8.952 ms
[INFO   ] DREAMPlace - iteration  105, ( 105,  0,  0), Obj 7.681238E+07, DensityWeight 3.359300E-10, wHPWL 1.742375E+08, Overflow 7.661485E-01, MaxDensity 5.474E+02, gamma 5.529071E+02, time 1.151ms
[INFO   ] DREAMPlace - full step 10.889 ms
[INFO   ] DREAMPlace - optimizer step 8.970 ms
[INFO   ] DREAMPlace - iteration  106, ( 106,  0,  0), Obj 7.698640E+07, DensityWeight 3.490072E-10, wHPWL 1.741778E+08, Overflow 7.647678E-01, MaxDensity 5.402E+02, gamma 5.491754E+02, time 1.148ms
[INFO   ] DREAMPlace - full step 10.884 ms
[INFO   ] DREAMPlace - optimizer step 9.041 ms
[INFO   ] DREAMPlace - iteration  107, ( 107,  0,  0), Obj 7.717297E+07, DensityWeight 3.625572E-10, wHPWL 1.741134E+08, Overflow 7.634383E-01, MaxDensity 6.158E+02, gamma 5.453091E+02, time 1.194ms
[INFO   ] DREAMPlace - full step 11.039 ms
[INFO   ] DREAMPlace - optimizer step 8.949 ms
[INFO   ] DREAMPlace - iteration  108, ( 108,  0,  0), Obj 7.737032E+07, DensityWeight 3.765955E-10, wHPWL 1.740349E+08, Overflow 7.624711E-01, MaxDensity 5.354E+02, gamma 5.416122E+02, time 1.138ms
[INFO   ] DREAMPlace - full step 10.874 ms
[INFO   ] DREAMPlace - optimizer step 8.953 ms
[INFO   ] DREAMPlace - iteration  109, ( 109,  0,  0), Obj 7.755876E+07, DensityWeight 3.911383E-10, wHPWL 1.739429E+08, Overflow 7.619436E-01, MaxDensity 5.423E+02, gamma 5.389382E+02, time 1.139ms
[INFO   ] DREAMPlace - full step 10.862 ms
[INFO   ] DREAMPlace - optimizer step 8.956 ms
[INFO   ] DREAMPlace - iteration  110, ( 110,  0,  0), Obj 7.768307E+07, DensityWeight 4.062021E-10, wHPWL 1.738490E+08, Overflow 7.611684E-01, MaxDensity 5.897E+02, gamma 5.374857E+02, time 1.126ms
[INFO   ] DREAMPlace - full step 10.857 ms
[INFO   ] DREAMPlace - optimizer step 8.917 ms
[INFO   ] DREAMPlace - iteration  111, ( 111,  0,  0), Obj 7.772790E+07, DensityWeight 4.218039E-10, wHPWL 1.737560E+08, Overflow 7.608486E-01, MaxDensity 5.461E+02, gamma 5.353578E+02, time 1.127ms
[INFO   ] DREAMPlace - full step 10.816 ms
[INFO   ] DREAMPlace - optimizer step 8.907 ms
[INFO   ] DREAMPlace - iteration  112, ( 112,  0,  0), Obj 7.782128E+07, DensityWeight 4.379611E-10, wHPWL 1.736682E+08, Overflow 7.601791E-01, MaxDensity 5.735E+02, gamma 5.344825E+02, time 1.136ms
[INFO   ] DREAMPlace - full step 10.804 ms
[INFO   ] DREAMPlace - optimizer step 8.934 ms
[INFO   ] DREAMPlace - iteration  113, ( 113,  0,  0), Obj 7.783440E+07, DensityWeight 4.546918E-10, wHPWL 1.735872E+08, Overflow 7.597573E-01, MaxDensity 5.213E+02, gamma 5.326546E+02, time 1.131ms
[INFO   ] DREAMPlace - full step 10.832 ms
[INFO   ] DREAMPlace - optimizer step 8.946 ms
[INFO   ] DREAMPlace - iteration  114, ( 114,  0,  0), Obj 7.791443E+07, DensityWeight 4.720143E-10, wHPWL 1.735105E+08, Overflow 7.591392E-01, MaxDensity 5.349E+02, gamma 5.315063E+02, time 1.137ms
[INFO   ] DREAMPlace - full step 10.857 ms
[INFO   ] DREAMPlace - optimizer step 8.924 ms
[INFO   ] DREAMPlace - iteration  115, ( 115,  0,  0), Obj 7.795118E+07, DensityWeight 4.899478E-10, wHPWL 1.734358E+08, Overflow 7.586154E-01, MaxDensity 5.554E+02, gamma 5.298279E+02, time 1.137ms
[INFO   ] DREAMPlace - full step 10.828 ms
[INFO   ] DREAMPlace - optimizer step 8.936 ms
[INFO   ] DREAMPlace - iteration  116, ( 116,  0,  0), Obj 7.802627E+07, DensityWeight 5.085118E-10, wHPWL 1.733628E+08, Overflow 7.580540E-01, MaxDensity 5.072E+02, gamma 5.284097E+02, time 1.140ms
[INFO   ] DREAMPlace - full step 10.841 ms
[INFO   ] DREAMPlace - optimizer step 8.945 ms
[INFO   ] DREAMPlace - iteration  117, ( 117,  0,  0), Obj 7.808622E+07, DensityWeight 5.277264E-10, wHPWL 1.732901E+08, Overflow 7.576846E-01, MaxDensity 4.909E+02, gamma 5.268940E+02, time 1.144ms
[INFO   ] DREAMPlace - full step 10.856 ms
[INFO   ] DREAMPlace - optimizer step 8.921 ms
[INFO   ] DREAMPlace - iteration  118, ( 118,  0,  0), Obj 7.815528E+07, DensityWeight 5.476123E-10, wHPWL 1.732193E+08, Overflow 7.574358E-01, MaxDensity 4.931E+02, gamma 5.258992E+02, time 1.134ms
[INFO   ] DREAMPlace - full step 10.822 ms
[INFO   ] DREAMPlace - optimizer step 8.933 ms
[INFO   ] DREAMPlace - iteration  119, ( 119,  0,  0), Obj 7.819021E+07, DensityWeight 5.681907E-10, wHPWL 1.731478E+08, Overflow 7.573649E-01, MaxDensity 5.187E+02, gamma 5.252301E+02, time 1.142ms
[INFO   ] DREAMPlace - full step 10.851 ms
[INFO   ] DREAMPlace - optimizer step 8.953 ms
[INFO   ] DREAMPlace - iteration  120, ( 120,  0,  0), Obj 7.820362E+07, DensityWeight 5.894835E-10, wHPWL 1.730782E+08, Overflow 7.576119E-01, MaxDensity 4.368E+02, gamma 5.250395E+02, time 1.141ms
[INFO   ] DREAMPlace - full step 10.900 ms
[INFO   ] DREAMPlace - optimizer step 8.936 ms
[INFO   ] DREAMPlace - iteration  121, ( 121,  0,  0), Obj 7.818501E+07, DensityWeight 6.115130E-10, wHPWL 1.730122E+08, Overflow 7.577114E-01, MaxDensity 4.319E+02, gamma 5.257033E+02, time 1.152ms
[INFO   ] DREAMPlace - full step 10.834 ms
[INFO   ] DREAMPlace - optimizer step 8.876 ms
[INFO   ] DREAMPlace - iteration  122, ( 122,  0,  0), Obj 7.810842E+07, DensityWeight 6.343024E-10, wHPWL 1.729540E+08, Overflow 7.577229E-01, MaxDensity 4.760E+02, gamma 5.259712E+02, time 1.143ms
[INFO   ] DREAMPlace - full step 10.770 ms
[INFO   ] DREAMPlace - optimizer step 8.853 ms
[INFO   ] DREAMPlace - iteration  123, ( 123,  0,  0), Obj 7.806057E+07, DensityWeight 6.578753E-10, wHPWL 1.729054E+08, Overflow 7.578235E-01, MaxDensity 4.624E+02, gamma 5.260020E+02, time 1.137ms
[INFO   ] DREAMPlace - full step 10.735 ms
[INFO   ] DREAMPlace - optimizer step 8.872 ms
[INFO   ] DREAMPlace - iteration  124, ( 124,  0,  0), Obj 7.803177E+07, DensityWeight 6.822560E-10, wHPWL 1.728665E+08, Overflow 7.579989E-01, MaxDensity 3.841E+02, gamma 5.262730E+02, time 1.133ms
[INFO   ] DREAMPlace - full step 10.760 ms
[INFO   ] DREAMPlace - optimizer step 8.872 ms
[INFO   ] DREAMPlace - iteration  125, ( 125,  0,  0), Obj 7.798809E+07, DensityWeight 7.074695E-10, wHPWL 1.728342E+08, Overflow 7.580634E-01, MaxDensity 3.780E+02, gamma 5.267455E+02, time 1.131ms
[INFO   ] DREAMPlace - full step 10.750 ms
[INFO   ] DREAMPlace - optimizer step 8.890 ms
[INFO   ] DREAMPlace - iteration  126, ( 126,  0,  0), Obj 7.793028E+07, DensityWeight 7.335414E-10, wHPWL 1.728025E+08, Overflow 7.581320E-01, MaxDensity 4.258E+02, gamma 5.269194E+02, time 1.163ms
[INFO   ] DREAMPlace - full step 10.825 ms
[INFO   ] DREAMPlace - optimizer step 8.941 ms
[INFO   ] DREAMPlace - iteration  127, ( 127,  0,  0), Obj 7.789334E+07, DensityWeight 7.604981E-10, wHPWL 1.727748E+08, Overflow 7.580875E-01, MaxDensity 3.903E+02, gamma 5.271042E+02, time 1.186ms
[INFO   ] DREAMPlace - full step 10.914 ms
[INFO   ] DREAMPlace - optimizer step 8.974 ms
[INFO   ] DREAMPlace - iteration  128, ( 128,  0,  0), Obj 7.785750E+07, DensityWeight 7.883665E-10, wHPWL 1.727518E+08, Overflow 7.580369E-01, MaxDensity 3.469E+02, gamma 5.269844E+02, time 1.199ms
[INFO   ] DREAMPlace - full step 10.981 ms
[INFO   ] DREAMPlace - optimizer step 8.973 ms
[INFO   ] DREAMPlace - iteration  129, ( 129,  0,  0), Obj 7.784448E+07, DensityWeight 8.171745E-10, wHPWL 1.727355E+08, Overflow 7.579523E-01, MaxDensity 3.410E+02, gamma 5.268476E+02, time 1.203ms
[INFO   ] DREAMPlace - full step 10.991 ms
[INFO   ] DREAMPlace - optimizer step 8.982 ms
[INFO   ] DREAMPlace - iteration  130, ( 130,  0,  0), Obj 7.783347E+07, DensityWeight 8.469504E-10, wHPWL 1.727188E+08, Overflow 7.579356E-01, MaxDensity 3.590E+02, gamma 5.266198E+02, time 1.184ms
[INFO   ] DREAMPlace - full step 10.916 ms
[INFO   ] DREAMPlace - optimizer step 8.838 ms
[INFO   ] DREAMPlace - iteration  131, ( 131,  0,  0), Obj 7.782895E+07, DensityWeight 8.777235E-10, wHPWL 1.727024E+08, Overflow 7.577369E-01, MaxDensity 3.579E+02, gamma 5.265750E+02, time 1.154ms
[INFO   ] DREAMPlace - full step 10.778 ms
[INFO   ] DREAMPlace - optimizer step 8.849 ms
[INFO   ] DREAMPlace - iteration  132, ( 132,  0,  0), Obj 7.781214E+07, DensityWeight 9.095238E-10, wHPWL 1.726844E+08, Overflow 7.575232E-01, MaxDensity 3.411E+02, gamma 5.260398E+02, time 1.130ms
[INFO   ] DREAMPlace - full step 10.735 ms
[INFO   ] DREAMPlace - optimizer step 8.809 ms
[INFO   ] DREAMPlace - iteration  133, ( 133,  0,  0), Obj 7.783045E+07, DensityWeight 9.423820E-10, wHPWL 1.726693E+08, Overflow 7.572337E-01, MaxDensity 3.533E+02, gamma 5.254648E+02, time 1.123ms
[INFO   ] DREAMPlace - full step 10.699 ms
[INFO   ] DREAMPlace - optimizer step 8.846 ms
[INFO   ] DREAMPlace - iteration  134, ( 134,  0,  0), Obj 7.785301E+07, DensityWeight 9.763295E-10, wHPWL 1.726538E+08, Overflow 7.572949E-01, MaxDensity 3.411E+02, gamma 5.246872E+02, time 1.124ms
[INFO   ] DREAMPlace - full step 10.724 ms
[INFO   ] DREAMPlace - optimizer step 8.835 ms
[INFO   ] DREAMPlace - iteration  135, ( 135,  0,  0), Obj 7.789038E+07, DensityWeight 1.011399E-09, wHPWL 1.726381E+08, Overflow 7.570739E-01, MaxDensity 3.426E+02, gamma 5.248513E+02, time 1.119ms
[INFO   ] DREAMPlace - full step 10.722 ms
[INFO   ] DREAMPlace - optimizer step 8.835 ms
[INFO   ] DREAMPlace - iteration  136, ( 136,  0,  0), Obj 7.786150E+07, DensityWeight 1.047623E-09, wHPWL 1.726181E+08, Overflow 7.571701E-01, MaxDensity 3.418E+02, gamma 5.242584E+02, time 1.130ms
[INFO   ] DREAMPlace - full step 10.707 ms
[INFO   ] DREAMPlace - optimizer step 8.951 ms
[INFO   ] DREAMPlace - iteration  137, ( 137,  0,  0), Obj 7.788530E+07, DensityWeight 1.085036E-09, wHPWL 1.725998E+08, Overflow 7.570332E-01, MaxDensity 3.388E+02, gamma 5.245164E+02, time 1.131ms
[INFO   ] DREAMPlace - full step 10.844 ms
[INFO   ] DREAMPlace - optimizer step 8.855 ms
[INFO   ] DREAMPlace - iteration  138, ( 138,  0,  0), Obj 7.785050E+07, DensityWeight 1.123673E-09, wHPWL 1.725829E+08, Overflow 7.570420E-01, MaxDensity 3.306E+02, gamma 5.241490E+02, time 1.140ms
[INFO   ] DREAMPlace - full step 10.738 ms
[INFO   ] DREAMPlace - optimizer step 8.859 ms
[INFO   ] DREAMPlace - iteration  139, ( 139,  0,  0), Obj 7.786028E+07, DensityWeight 1.163569E-09, wHPWL 1.725716E+08, Overflow 7.571695E-01, MaxDensity 3.636E+02, gamma 5.241726E+02, time 1.132ms
[INFO   ] DREAMPlace - full step 10.756 ms
[INFO   ] DREAMPlace - optimizer step 8.877 ms
[INFO   ] DREAMPlace - iteration  140, ( 140,  0,  0), Obj 7.784312E+07, DensityWeight 1.204762E-09, wHPWL 1.725607E+08, Overflow 7.570629E-01, MaxDensity 3.340E+02, gamma 5.245146E+02, time 1.137ms
[INFO   ] DREAMPlace - full step 10.767 ms
[INFO   ] DREAMPlace - optimizer step 8.855 ms
[INFO   ] DREAMPlace - iteration  141, ( 141,  0,  0), Obj 7.780316E+07, DensityWeight 1.247287E-09, wHPWL 1.725508E+08, Overflow 7.570352E-01, MaxDensity 3.069E+02, gamma 5.242289E+02, time 1.135ms
[INFO   ] DREAMPlace - full step 10.737 ms
[INFO   ] DREAMPlace - optimizer step 8.852 ms
[INFO   ] DREAMPlace - iteration  142, ( 142,  0,  0), Obj 7.780718E+07, DensityWeight 1.291185E-09, wHPWL 1.725424E+08, Overflow 7.569484E-01, MaxDensity 3.807E+02, gamma 5.241544E+02, time 1.137ms
[INFO   ] DREAMPlace - full step 10.750 ms
[INFO   ] DREAMPlace - optimizer step 8.834 ms
[INFO   ] DREAMPlace - iteration  143, ( 143,  0,  0), Obj 7.779728E+07, DensityWeight 1.336494E-09, wHPWL 1.725369E+08, Overflow 7.567554E-01, MaxDensity 3.254E+02, gamma 5.239216E+02, time 1.143ms
[INFO   ] DREAMPlace - full step 10.740 ms
[INFO   ] DREAMPlace - optimizer step 8.842 ms
[INFO   ] DREAMPlace - iteration  144, ( 144,  0,  0), Obj 7.779893E+07, DensityWeight 1.383255E-09, wHPWL 1.725328E+08, Overflow 7.567100E-01, MaxDensity 3.253E+02, gamma 5.234044E+02, time 1.138ms
[INFO   ] DREAMPlace - full step 10.739 ms
[INFO   ] DREAMPlace - optimizer step 8.824 ms
[INFO   ] DREAMPlace - iteration  145, ( 145,  0,  0), Obj 7.782055E+07, DensityWeight 1.431509E-09, wHPWL 1.725288E+08, Overflow 7.567740E-01, MaxDensity 3.901E+02, gamma 5.232829E+02, time 1.138ms
[INFO   ] DREAMPlace - full step 10.702 ms
[INFO   ] DREAMPlace - optimizer step 8.869 ms
[INFO   ] DREAMPlace - iteration  146, ( 146,  0,  0), Obj 7.781405E+07, DensityWeight 1.481297E-09, wHPWL 1.725220E+08, Overflow 7.566614E-01, MaxDensity 3.108E+02, gamma 5.234545E+02, time 1.135ms
[INFO   ] DREAMPlace - full step 10.779 ms
[INFO   ] DREAMPlace - optimizer step 8.861 ms
[INFO   ] DREAMPlace - iteration  147, ( 147,  0,  0), Obj 7.778643E+07, DensityWeight 1.532664E-09, wHPWL 1.725163E+08, Overflow 7.567055E-01, MaxDensity 3.301E+02, gamma 5.231527E+02, time 1.146ms
[INFO   ] DREAMPlace - full step 10.758 ms
[INFO   ] DREAMPlace - optimizer step 8.824 ms
[INFO   ] DREAMPlace - iteration  148, ( 148,  0,  0), Obj 7.779245E+07, DensityWeight 1.585654E-09, wHPWL 1.725125E+08, Overflow 7.564723E-01, MaxDensity 3.870E+02, gamma 5.232709E+02, time 1.139ms
[INFO   ] DREAMPlace - full step 10.729 ms
[INFO   ] DREAMPlace - optimizer step 8.823 ms
[INFO   ] DREAMPlace - iteration  149, ( 149,  0,  0), Obj 7.776924E+07, DensityWeight 1.640312E-09, wHPWL 1.725115E+08, Overflow 7.564775E-01, MaxDensity 3.104E+02, gamma 5.226469E+02, time 1.147ms
[INFO   ] DREAMPlace - full step 10.731 ms
[INFO   ] DREAMPlace - optimizer step 8.842 ms
[INFO   ] DREAMPlace - iteration  150, ( 150,  0,  0), Obj 7.779870E+07, DensityWeight 1.696684E-09, wHPWL 1.725114E+08, Overflow 7.563502E-01, MaxDensity 3.348E+02, gamma 5.226608E+02, time 1.132ms
[INFO   ] DREAMPlace - full step 10.742 ms
[INFO   ] DREAMPlace - optimizer step 8.826 ms
[INFO   ] DREAMPlace - iteration  151, ( 151,  0,  0), Obj 7.778277E+07, DensityWeight 1.754818E-09, wHPWL 1.725097E+08, Overflow 7.563608E-01, MaxDensity 3.679E+02, gamma 5.223204E+02, time 1.130ms
[INFO   ] DREAMPlace - full step 10.711 ms
[INFO   ] DREAMPlace - optimizer step 8.818 ms
[INFO   ] DREAMPlace - iteration  152, ( 152,  0,  0), Obj 7.779155E+07, DensityWeight 1.814763E-09, wHPWL 1.725069E+08, Overflow 7.561902E-01, MaxDensity 3.122E+02, gamma 5.223487E+02, time 1.134ms
[INFO   ] DREAMPlace - full step 10.720 ms
[INFO   ] DREAMPlace - optimizer step 8.846 ms
[INFO   ] DREAMPlace - iteration  153, ( 153,  0,  0), Obj 7.777418E+07, DensityWeight 1.876567E-09, wHPWL 1.725047E+08, Overflow 7.560487E-01, MaxDensity 3.217E+02, gamma 5.218931E+02, time 1.125ms
[INFO   ] DREAMPlace - full step 10.736 ms
[INFO   ] DREAMPlace - optimizer step 8.838 ms
[INFO   ] DREAMPlace - iteration  154, ( 154,  0,  0), Obj 7.779156E+07, DensityWeight 1.940282E-09, wHPWL 1.725036E+08, Overflow 7.556124E-01, MaxDensity 3.314E+02, gamma 5.215153E+02, time 1.123ms
[INFO   ] DREAMPlace - full step 10.715 ms
[INFO   ] DREAMPlace - optimizer step 8.870 ms
[INFO   ] DREAMPlace - iteration  155, ( 155,  0,  0), Obj 7.780369E+07, DensityWeight 2.005960E-09, wHPWL 1.725027E+08, Overflow 7.553877E-01, MaxDensity 3.466E+02, gamma 5.203524E+02, time 1.130ms
[INFO   ] DREAMPlace - full step 10.757 ms
[INFO   ] DREAMPlace - optimizer step 8.849 ms
[INFO   ] DREAMPlace - iteration  156, ( 156,  0,  0), Obj 7.787206E+07, DensityWeight 2.073654E-09, wHPWL 1.724992E+08, Overflow 7.551333E-01, MaxDensity 2.894E+02, gamma 5.197543E+02, time 1.129ms
[INFO   ] DREAMPlace - full step 10.731 ms
[INFO   ] DREAMPlace - optimizer step 8.854 ms
[INFO   ] DREAMPlace - iteration  157, ( 157,  0,  0), Obj 7.790007E+07, DensityWeight 2.143418E-09, wHPWL 1.724912E+08, Overflow 7.549704E-01, MaxDensity 3.250E+02, gamma 5.190782E+02, time 1.126ms
[INFO   ] DREAMPlace - full step 10.746 ms
[INFO   ] DREAMPlace - optimizer step 8.862 ms
[INFO   ] DREAMPlace - iteration  158, ( 158,  0,  0), Obj 7.793330E+07, DensityWeight 2.215307E-09, wHPWL 1.724795E+08, Overflow 7.547356E-01, MaxDensity 3.700E+02, gamma 5.186458E+02, time 1.134ms
[INFO   ] DREAMPlace - full step 10.755 ms
[INFO   ] DREAMPlace - optimizer step 8.901 ms
[INFO   ] DREAMPlace - iteration  159, ( 159,  0,  0), Obj 7.794889E+07, DensityWeight 2.289378E-09, wHPWL 1.724666E+08, Overflow 7.545641E-01, MaxDensity 3.054E+02, gamma 5.180229E+02, time 1.143ms
[INFO   ] DREAMPlace - full step 10.786 ms
[INFO   ] DREAMPlace - optimizer step 8.847 ms
[INFO   ] DREAMPlace - iteration  160, ( 160,  0,  0), Obj 7.797845E+07, DensityWeight 2.365690E-09, wHPWL 1.724536E+08, Overflow 7.542857E-01, MaxDensity 3.403E+02, gamma 5.175686E+02, time 1.143ms
[INFO   ] DREAMPlace - full step 10.762 ms
[INFO   ] DREAMPlace - optimizer step 8.856 ms
[INFO   ] DREAMPlace - iteration  161, ( 161,  0,  0), Obj 7.799615E+07, DensityWeight 2.444300E-09, wHPWL 1.724410E+08, Overflow 7.540791E-01, MaxDensity 3.701E+02, gamma 5.168318E+02, time 1.148ms
[INFO   ] DREAMPlace - full step 10.768 ms
[INFO   ] DREAMPlace - optimizer step 8.899 ms
[INFO   ] DREAMPlace - iteration  162, ( 162,  0,  0), Obj 7.803423E+07, DensityWeight 2.525271E-09, wHPWL 1.724267E+08, Overflow 7.539650E-01, MaxDensity 2.991E+02, gamma 5.162856E+02, time 1.136ms
[INFO   ] DREAMPlace - full step 10.808 ms
[INFO   ] DREAMPlace - optimizer step 8.870 ms
[INFO   ] DREAMPlace - iteration  163, ( 163,  0,  0), Obj 7.805846E+07, DensityWeight 2.608663E-09, wHPWL 1.724107E+08, Overflow 7.538170E-01, MaxDensity 3.326E+02, gamma 5.159844E+02, time 1.144ms
[INFO   ] DREAMPlace - full step 10.794 ms
[INFO   ] DREAMPlace - optimizer step 8.890 ms
[INFO   ] DREAMPlace - iteration  164, ( 164,  0,  0), Obj 7.806471E+07, DensityWeight 2.694539E-09, wHPWL 1.723927E+08, Overflow 7.535945E-01, MaxDensity 3.423E+02, gamma 5.155939E+02, time 1.144ms
[INFO   ] DREAMPlace - full step 10.810 ms
[INFO   ] DREAMPlace - optimizer step 8.874 ms
[INFO   ] DREAMPlace - iteration  165, ( 165,  0,  0), Obj 7.807742E+07, DensityWeight 2.782964E-09, wHPWL 1.723757E+08, Overflow 7.534931E-01, MaxDensity 3.215E+02, gamma 5.150071E+02, time 1.143ms
[INFO   ] DREAMPlace - full step 10.785 ms
[INFO   ] DREAMPlace - optimizer step 8.896 ms
[INFO   ] DREAMPlace - iteration  166, ( 166,  0,  0), Obj 7.810472E+07, DensityWeight 2.874003E-09, wHPWL 1.723586E+08, Overflow 7.533085E-01, MaxDensity 2.966E+02, gamma 5.147402E+02, time 1.145ms
[INFO   ] DREAMPlace - full step 10.813 ms
[INFO   ] DREAMPlace - optimizer step 8.891 ms
[INFO   ] DREAMPlace - iteration  167, ( 167,  0,  0), Obj 7.810900E+07, DensityWeight 2.967723E-09, wHPWL 1.723414E+08, Overflow 7.529780E-01, MaxDensity 3.087E+02, gamma 5.142541E+02, time 1.141ms
[INFO   ] DREAMPlace - full step 10.803 ms
[INFO   ] DREAMPlace - optimizer step 8.895 ms
[INFO   ] DREAMPlace - iteration  168, ( 168,  0,  0), Obj 7.812898E+07, DensityWeight 3.064193E-09, wHPWL 1.723228E+08, Overflow 7.529588E-01, MaxDensity 3.549E+02, gamma 5.133849E+02, time 1.149ms
[INFO   ] DREAMPlace - full step 10.796 ms
[INFO   ] DREAMPlace - optimizer step 8.866 ms
[INFO   ] DREAMPlace - iteration  169, ( 169,  0,  0), Obj 7.817702E+07, DensityWeight 3.163483E-09, wHPWL 1.723036E+08, Overflow 7.528593E-01, MaxDensity 2.773E+02, gamma 5.133346E+02, time 1.137ms
[INFO   ] DREAMPlace - full step 10.772 ms
[INFO   ] DREAMPlace - optimizer step 8.875 ms
[INFO   ] DREAMPlace - iteration  170, ( 170,  0,  0), Obj 7.816550E+07, DensityWeight 3.265664E-09, wHPWL 1.722812E+08, Overflow 7.529266E-01, MaxDensity 3.238E+02, gamma 5.130734E+02, time 1.134ms
[INFO   ] DREAMPlace - full step 10.763 ms
[INFO   ] DREAMPlace - optimizer step 8.882 ms
[INFO   ] DREAMPlace - iteration  171, ( 171,  0,  0), Obj 7.816906E+07, DensityWeight 3.370807E-09, wHPWL 1.722606E+08, Overflow 7.528272E-01, MaxDensity 3.585E+02, gamma 5.132502E+02, time 1.132ms
[INFO   ] DREAMPlace - full step 10.784 ms
[INFO   ] DREAMPlace - optimizer step 8.913 ms
[INFO   ] DREAMPlace - iteration  172, ( 172,  0,  0), Obj 7.814065E+07, DensityWeight 3.478988E-09, wHPWL 1.722392E+08, Overflow 7.529023E-01, MaxDensity 2.760E+02, gamma 5.129891E+02, time 1.138ms
[INFO   ] DREAMPlace - full step 10.803 ms
[INFO   ] DREAMPlace - optimizer step 8.906 ms
[INFO   ] DREAMPlace - iteration  173, ( 173,  0,  0), Obj 7.814444E+07, DensityWeight 3.590282E-09, wHPWL 1.722216E+08, Overflow 7.528809E-01, MaxDensity 3.073E+02, gamma 5.131862E+02, time 1.160ms
[INFO   ] DREAMPlace - full step 10.810 ms
[INFO   ] DREAMPlace - optimizer step 8.936 ms
[INFO   ] DREAMPlace - iteration  174, ( 174,  0,  0), Obj 7.811510E+07, DensityWeight 3.704766E-09, wHPWL 1.722035E+08, Overflow 7.529116E-01, MaxDensity 3.233E+02, gamma 5.131301E+02, time 1.140ms
[INFO   ] DREAMPlace - full step 10.816 ms
[INFO   ] DREAMPlace - optimizer step 8.977 ms
[INFO   ] DREAMPlace - iteration  175, ( 175,  0,  0), Obj 7.810412E+07, DensityWeight 3.822518E-09, wHPWL 1.721875E+08, Overflow 7.530678E-01, MaxDensity 3.227E+02, gamma 5.132108E+02, time 1.163ms
[INFO   ] DREAMPlace - full step 10.915 ms
[INFO   ] DREAMPlace - optimizer step 8.991 ms
[INFO   ] DREAMPlace - iteration  176, ( 176,  0,  0), Obj 7.808312E+07, DensityWeight 3.943619E-09, wHPWL 1.721706E+08, Overflow 7.530802E-01, MaxDensity 3.371E+02, gamma 5.136211E+02, time 1.163ms
[INFO   ] DREAMPlace - full step 10.920 ms
[INFO   ] DREAMPlace - optimizer step 8.992 ms
[INFO   ] DREAMPlace - iteration  177, ( 177,  0,  0), Obj 7.803814E+07, DensityWeight 4.068149E-09, wHPWL 1.721555E+08, Overflow 7.531157E-01, MaxDensity 3.182E+02, gamma 5.136538E+02, time 1.246ms
[INFO   ] DREAMPlace - full step 11.011 ms
[INFO   ] DREAMPlace - optimizer step 9.030 ms
[INFO   ] DREAMPlace - iteration  178, ( 178,  0,  0), Obj 7.802078E+07, DensityWeight 4.196192E-09, wHPWL 1.721421E+08, Overflow 7.531599E-01, MaxDensity 3.480E+02, gamma 5.137468E+02, time 1.176ms
[INFO   ] DREAMPlace - full step 10.998 ms
[INFO   ] DREAMPlace - optimizer step 9.012 ms
[INFO   ] DREAMPlace - iteration  179, ( 179,  0,  0), Obj 7.799946E+07, DensityWeight 4.327831E-09, wHPWL 1.721306E+08, Overflow 7.532825E-01, MaxDensity 2.977E+02, gamma 5.138632E+02, time 1.227ms
[INFO   ] DREAMPlace - full step 11.055 ms
[INFO   ] DREAMPlace - optimizer step 9.002 ms
[INFO   ] DREAMPlace - iteration  180, ( 180,  0,  0), Obj 7.797662E+07, DensityWeight 4.463155E-09, wHPWL 1.721188E+08, Overflow 7.533302E-01, MaxDensity 3.156E+02, gamma 5.141857E+02, time 1.170ms
[INFO   ] DREAMPlace - full step 11.005 ms
[INFO   ] DREAMPlace - optimizer step 8.955 ms
[INFO   ] DREAMPlace - iteration  181, ( 181,  0,  0), Obj 7.793866E+07, DensityWeight 4.602249E-09, wHPWL 1.721076E+08, Overflow 7.533622E-01, MaxDensity 3.309E+02, gamma 5.143110E+02, time 1.163ms
[INFO   ] DREAMPlace - full step 10.899 ms
[INFO   ] DREAMPlace - optimizer step 8.883 ms
[INFO   ] DREAMPlace - iteration  182, ( 182,  0,  0), Obj 7.791508E+07, DensityWeight 4.745203E-09, wHPWL 1.720964E+08, Overflow 7.533668E-01, MaxDensity 3.823E+02, gamma 5.143954E+02, time 1.145ms
[INFO   ] DREAMPlace - full step 10.792 ms
[INFO   ] DREAMPlace - optimizer step 8.879 ms
[INFO   ] DREAMPlace - iteration  183, ( 183,  0,  0), Obj 7.789495E+07, DensityWeight 4.892109E-09, wHPWL 1.720871E+08, Overflow 7.533398E-01, MaxDensity 3.532E+02, gamma 5.144075E+02, time 1.138ms
[INFO   ] DREAMPlace - full step 10.778 ms
[INFO   ] DREAMPlace - optimizer step 8.898 ms
[INFO   ] DREAMPlace - iteration  184, ( 184,  0,  0), Obj 7.788050E+07, DensityWeight 5.043058E-09, wHPWL 1.720776E+08, Overflow 7.532260E-01, MaxDensity 3.837E+02, gamma 5.143364E+02, time 1.133ms
[INFO   ] DREAMPlace - full step 10.777 ms
[INFO   ] DREAMPlace - optimizer step 8.865 ms
[INFO   ] DREAMPlace - iteration  185, ( 185,  0,  0), Obj 7.787228E+07, DensityWeight 5.198145E-09, wHPWL 1.720681E+08, Overflow 7.532626E-01, MaxDensity 3.285E+02, gamma 5.140370E+02, time 1.139ms
[INFO   ] DREAMPlace - full step 10.750 ms
[INFO   ] DREAMPlace - optimizer step 8.867 ms
[INFO   ] DREAMPlace - iteration  186, ( 186,  0,  0), Obj 7.788073E+07, DensityWeight 5.357466E-09, wHPWL 1.720562E+08, Overflow 7.532805E-01, MaxDensity 3.105E+02, gamma 5.141334E+02, time 1.133ms
[INFO   ] DREAMPlace - full step 10.755 ms
[INFO   ] DREAMPlace - optimizer step 8.842 ms
[INFO   ] DREAMPlace - iteration  187, ( 187,  0,  0), Obj 7.786056E+07, DensityWeight 5.521118E-09, wHPWL 1.720434E+08, Overflow 7.532786E-01, MaxDensity 3.135E+02, gamma 5.141802E+02, time 1.132ms
[INFO   ] DREAMPlace - full step 10.721 ms
[INFO   ] DREAMPlace - optimizer step 8.888 ms
[INFO   ] DREAMPlace - iteration  188, ( 188,  0,  0), Obj 7.784410E+07, DensityWeight 5.689199E-09, wHPWL 1.720301E+08, Overflow 7.534082E-01, MaxDensity 3.705E+02, gamma 5.141754E+02, time 1.134ms
[INFO   ] DREAMPlace - full step 10.772 ms
[INFO   ] DREAMPlace - optimizer step 8.884 ms
[INFO   ] DREAMPlace - iteration  189, ( 189,  0,  0), Obj 7.783175E+07, DensityWeight 5.861812E-09, wHPWL 1.720182E+08, Overflow 7.534359E-01, MaxDensity 3.590E+02, gamma 5.145164E+02, time 1.135ms
[INFO   ] DREAMPlace - full step 10.761 ms
[INFO   ] DREAMPlace - optimizer step 8.881 ms
[INFO   ] DREAMPlace - iteration  190, ( 190,  0,  0), Obj 7.779459E+07, DensityWeight 6.039057E-09, wHPWL 1.720059E+08, Overflow 7.535080E-01, MaxDensity 3.913E+02, gamma 5.145894E+02, time 1.138ms
[INFO   ] DREAMPlace - full step 10.781 ms
[INFO   ] DREAMPlace - optimizer step 8.861 ms
[INFO   ] DREAMPlace - iteration  191, ( 191,  0,  0), Obj 7.777703E+07, DensityWeight 6.221040E-09, wHPWL 1.719956E+08, Overflow 7.534589E-01, MaxDensity 3.368E+02, gamma 5.147792E+02, time 1.127ms
[INFO   ] DREAMPlace - full step 10.736 ms
[INFO   ] DREAMPlace - optimizer step 8.863 ms
[INFO   ] DREAMPlace - iteration  192, ( 192,  0,  0), Obj 7.775126E+07, DensityWeight 6.407866E-09, wHPWL 1.719846E+08, Overflow 7.534829E-01, MaxDensity 3.444E+02, gamma 5.146500E+02, time 1.131ms
[INFO   ] DREAMPlace - full step 10.741 ms
[INFO   ] DREAMPlace - optimizer step 8.847 ms
[INFO   ] DREAMPlace - iteration  193, ( 193,  0,  0), Obj 7.774901E+07, DensityWeight 6.599643E-09, wHPWL 1.719751E+08, Overflow 7.534438E-01, MaxDensity 3.042E+02, gamma 5.147132E+02, time 1.125ms
[INFO   ] DREAMPlace - full step 10.721 ms
[INFO   ] DREAMPlace - optimizer step 8.856 ms
[INFO   ] DREAMPlace - iteration  194, ( 194,  0,  0), Obj 7.773310E+07, DensityWeight 6.796479E-09, wHPWL 1.719640E+08, Overflow 7.533612E-01, MaxDensity 2.904E+02, gamma 5.146103E+02, time 1.186ms
[INFO   ] DREAMPlace - full step 10.787 ms
[INFO   ] DREAMPlace - optimizer step 8.881 ms
[INFO   ] DREAMPlace - iteration  195, ( 195,  0,  0), Obj 7.772938E+07, DensityWeight 6.998487E-09, wHPWL 1.719532E+08, Overflow 7.533370E-01, MaxDensity 2.820E+02, gamma 5.143928E+02, time 1.126ms
[INFO   ] DREAMPlace - full step 10.767 ms
[INFO   ] DREAMPlace - optimizer step 8.895 ms
[INFO   ] DREAMPlace - iteration  196, ( 196,  0,  0), Obj 7.773421E+07, DensityWeight 7.205777E-09, wHPWL 1.719408E+08, Overflow 7.532681E-01, MaxDensity 3.078E+02, gamma 5.143290E+02, time 1.156ms
[INFO   ] DREAMPlace - full step 10.833 ms
[INFO   ] DREAMPlace - optimizer step 8.888 ms
[INFO   ] DREAMPlace - iteration  197, ( 197,  0,  0), Obj 7.772816E+07, DensityWeight 7.418466E-09, wHPWL 1.719279E+08, Overflow 7.532358E-01, MaxDensity 2.897E+02, gamma 5.141476E+02, time 1.141ms
[INFO   ] DREAMPlace - full step 10.804 ms
[INFO   ] DREAMPlace - optimizer step 8.857 ms
[INFO   ] DREAMPlace - iteration  198, ( 198,  0,  0), Obj 7.773085E+07, DensityWeight 7.636669E-09, wHPWL 1.719142E+08, Overflow 7.531549E-01, MaxDensity 2.839E+02, gamma 5.140628E+02, time 1.135ms
[INFO   ] DREAMPlace - full step 10.740 ms
[INFO   ] DREAMPlace - optimizer step 8.855 ms
[INFO   ] DREAMPlace - iteration  199, ( 199,  0,  0), Obj 7.772675E+07, DensityWeight 7.860503E-09, wHPWL 1.719002E+08, Overflow 7.529833E-01, MaxDensity 2.844E+02, gamma 5.138500E+02, time 1.136ms
[INFO   ] DREAMPlace - full step 10.772 ms
[INFO   ] DREAMPlace - optimizer step 8.887 ms
[INFO   ] DREAMPlace - iteration  200, ( 200,  0,  0), Obj 7.773218E+07, DensityWeight 8.090089E-09, wHPWL 1.718855E+08, Overflow 7.530372E-01, MaxDensity 2.941E+02, gamma 5.133989E+02, time 1.138ms
[INFO   ] DREAMPlace - full step 10.780 ms
[INFO   ] DREAMPlace - optimizer step 8.841 ms
[INFO   ] DREAMPlace - iteration  201, ( 201,  0,  0), Obj 7.775535E+07, DensityWeight 8.325549E-09, wHPWL 1.718704E+08, Overflow 7.529532E-01, MaxDensity 2.666E+02, gamma 5.135406E+02, time 1.130ms
[INFO   ] DREAMPlace - full step 10.721 ms
[INFO   ] DREAMPlace - optimizer step 8.833 ms
[INFO   ] DREAMPlace - iteration  202, ( 202,  0,  0), Obj 7.773552E+07, DensityWeight 8.567004E-09, wHPWL 1.718529E+08, Overflow 7.530720E-01, MaxDensity 2.675E+02, gamma 5.133200E+02, time 1.131ms
[INFO   ] DREAMPlace - full step 10.714 ms
[INFO   ] DREAMPlace - optimizer step 8.858 ms
[INFO   ] DREAMPlace - iteration  203, ( 203,  0,  0), Obj 7.774202E+07, DensityWeight 8.815448E-09, wHPWL 1.718362E+08, Overflow 7.530121E-01, MaxDensity 2.645E+02, gamma 5.136320E+02, time 1.131ms
[INFO   ] DREAMPlace - full step 10.743 ms
[INFO   ] DREAMPlace - optimizer step 8.839 ms
[INFO   ] DREAMPlace - iteration  204, ( 204,  0,  0), Obj 7.770994E+07, DensityWeight 9.071096E-09, wHPWL 1.718185E+08, Overflow 7.530890E-01, MaxDensity 2.610E+02, gamma 5.134747E+02, time 1.132ms
[INFO   ] DREAMPlace - full step 10.724 ms
[INFO   ] DREAMPlace - optimizer step 8.895 ms
[INFO   ] DREAMPlace - iteration  205, ( 205,  0,  0), Obj 7.771235E+07, DensityWeight 9.334158E-09, wHPWL 1.718034E+08, Overflow 7.529319E-01, MaxDensity 2.734E+02, gamma 5.136768E+02, time 1.133ms
[INFO   ] DREAMPlace - full step 10.767 ms
[INFO   ] DREAMPlace - optimizer step 8.859 ms
[INFO   ] DREAMPlace - iteration  206, ( 206,  0,  0), Obj 7.768899E+07, DensityWeight 9.604849E-09, wHPWL 1.717879E+08, Overflow 7.530073E-01, MaxDensity 2.679E+02, gamma 5.132641E+02, time 1.135ms
[INFO   ] DREAMPlace - full step 10.744 ms
[INFO   ] DREAMPlace - optimizer step 8.849 ms
[INFO   ] DREAMPlace - iteration  207, ( 207,  0,  0), Obj 7.771055E+07, DensityWeight 9.883390E-09, wHPWL 1.717735E+08, Overflow 7.529297E-01, MaxDensity 2.571E+02, gamma 5.134621E+02, time 1.134ms
[INFO   ] DREAMPlace - full step 10.731 ms
[INFO   ] DREAMPlace - optimizer step 8.856 ms
[INFO   ] DREAMPlace - iteration  208, ( 208,  0,  0), Obj 7.768782E+07, DensityWeight 1.017001E-08, wHPWL 1.717564E+08, Overflow 7.529844E-01, MaxDensity 2.779E+02, gamma 5.132584E+02, time 1.131ms
[INFO   ] DREAMPlace - full step 10.736 ms
[INFO   ] DREAMPlace - optimizer step 8.821 ms
[INFO   ] DREAMPlace - iteration  209, ( 209,  0,  0), Obj 7.769426E+07, DensityWeight 1.046494E-08, wHPWL 1.717398E+08, Overflow 7.530131E-01, MaxDensity 2.649E+02, gamma 5.134019E+02, time 1.125ms
[INFO   ] DREAMPlace - full step 10.688 ms
[INFO   ] DREAMPlace - optimizer step 9.087 ms
[INFO   ] DREAMPlace - iteration  210, ( 210,  0,  0), Obj 7.767567E+07, DensityWeight 1.076842E-08, wHPWL 1.717224E+08, Overflow 7.530755E-01, MaxDensity 2.947E+02, gamma 5.134771E+02, time 1.129ms
[INFO   ] DREAMPlace - full step 10.965 ms
[INFO   ] DREAMPlace - optimizer step 8.971 ms
[INFO   ] DREAMPlace - iteration  211, ( 211,  0,  0), Obj 7.766226E+07, DensityWeight 1.108071E-08, wHPWL 1.717063E+08, Overflow 7.531044E-01, MaxDensity 2.689E+02, gamma 5.136412E+02, time 1.195ms
[INFO   ] DREAMPlace - full step 10.914 ms
[INFO   ] DREAMPlace - optimizer step 8.955 ms
[INFO   ] DREAMPlace - iteration  212, ( 212,  0,  0), Obj 7.764258E+07, DensityWeight 1.140205E-08, wHPWL 1.716906E+08, Overflow 7.531235E-01, MaxDensity 2.899E+02, gamma 5.137172E+02, time 1.135ms
[INFO   ] DREAMPlace - full step 10.849 ms
[INFO   ] DREAMPlace - optimizer step 8.936 ms
[INFO   ] DREAMPlace - iteration  213, ( 213,  0,  0), Obj 7.762942E+07, DensityWeight 1.173271E-08, wHPWL 1.716754E+08, Overflow 7.530288E-01, MaxDensity 2.706E+02, gamma 5.137674E+02, time 1.139ms
[INFO   ] DREAMPlace - full step 10.810 ms
[INFO   ] DREAMPlace - optimizer step 9.167 ms
[INFO   ] DREAMPlace - iteration  214, ( 214,  0,  0), Obj 7.761831E+07, DensityWeight 1.207296E-08, wHPWL 1.716603E+08, Overflow 7.530450E-01, MaxDensity 2.814E+02, gamma 5.135186E+02, time 1.211ms
[INFO   ] DREAMPlace - full step 11.166 ms
[INFO   ] DREAMPlace - optimizer step 9.266 ms
[INFO   ] DREAMPlace - iteration  215, ( 215,  0,  0), Obj 7.762917E+07, DensityWeight 1.242307E-08, wHPWL 1.716450E+08, Overflow 7.530035E-01, MaxDensity 2.820E+02, gamma 5.135612E+02, time 1.219ms
[INFO   ] DREAMPlace - full step 11.325 ms
[INFO   ] DREAMPlace - optimizer step 9.159 ms
[INFO   ] DREAMPlace - iteration  216, ( 216,  0,  0), Obj 7.761902E+07, DensityWeight 1.278334E-08, wHPWL 1.716281E+08, Overflow 7.529535E-01, MaxDensity 2.659E+02, gamma 5.134521E+02, time 1.305ms
[INFO   ] DREAMPlace - full step 11.323 ms
[INFO   ] DREAMPlace - optimizer step 9.016 ms
[INFO   ] DREAMPlace - iteration  217, ( 217,  0,  0), Obj 7.761985E+07, DensityWeight 1.315406E-08, wHPWL 1.716106E+08, Overflow 7.528964E-01, MaxDensity 2.589E+02, gamma 5.133209E+02, time 1.228ms
[INFO   ] DREAMPlace - full step 11.049 ms
[INFO   ] DREAMPlace - optimizer step 8.942 ms
[INFO   ] DREAMPlace - iteration  218, ( 218,  0,  0), Obj 7.762241E+07, DensityWeight 1.353553E-08, wHPWL 1.715920E+08, Overflow 7.529524E-01, MaxDensity 2.445E+02, gamma 5.131708E+02, time 1.154ms
[INFO   ] DREAMPlace - full step 10.872 ms
[INFO   ] DREAMPlace - optimizer step 9.218 ms
[INFO   ] DREAMPlace - iteration  219, ( 219,  0,  0), Obj 7.762659E+07, DensityWeight 1.392806E-08, wHPWL 1.715730E+08, Overflow 7.529525E-01, MaxDensity 2.936E+02, gamma 5.133179E+02, time 1.137ms
[INFO   ] DREAMPlace - full step 11.112 ms
[INFO   ] DREAMPlace - optimizer step 9.096 ms
[INFO   ] DREAMPlace - iteration  220, ( 220,  0,  0), Obj 7.760928E+07, DensityWeight 1.433197E-08, wHPWL 1.715530E+08, Overflow 7.529743E-01, MaxDensity 2.664E+02, gamma 5.133181E+02, time 1.203ms
[INFO   ] DREAMPlace - full step 11.115 ms
[INFO   ] DREAMPlace - optimizer step 9.175 ms
[INFO   ] DREAMPlace - iteration  221, ( 221,  0,  0), Obj 7.760262E+07, DensityWeight 1.474760E-08, wHPWL 1.715333E+08, Overflow 7.529235E-01, MaxDensity 2.657E+02, gamma 5.133755E+02, time 1.206ms
[INFO   ] DREAMPlace - full step 11.169 ms
[INFO   ] DREAMPlace - optimizer step 9.110 ms
[INFO   ] DREAMPlace - iteration  222, ( 222,  0,  0), Obj 7.759194E+07, DensityWeight 1.517528E-08, wHPWL 1.715134E+08, Overflow 7.529373E-01, MaxDensity 2.568E+02, gamma 5.132419E+02, time 1.254ms
[INFO   ] DREAMPlace - full step 11.200 ms
[INFO   ] DREAMPlace - optimizer step 8.942 ms
[INFO   ] DREAMPlace - iteration  223, ( 223,  0,  0), Obj 7.759536E+07, DensityWeight 1.561537E-08, wHPWL 1.714939E+08, Overflow 7.528712E-01, MaxDensity 2.910E+02, gamma 5.132780E+02, time 1.139ms
[INFO   ] DREAMPlace - full step 10.863 ms
[INFO   ] DREAMPlace - optimizer step 8.880 ms
[INFO   ] DREAMPlace - iteration  224, ( 224,  0,  0), Obj 7.758662E+07, DensityWeight 1.606821E-08, wHPWL 1.714732E+08, Overflow 7.527549E-01, MaxDensity 2.929E+02, gamma 5.131045E+02, time 1.126ms
[INFO   ] DREAMPlace - full step 10.796 ms
[INFO   ] DREAMPlace - optimizer step 8.909 ms
[INFO   ] DREAMPlace - iteration  225, ( 225,  0,  0), Obj 7.759308E+07, DensityWeight 1.653419E-08, wHPWL 1.714522E+08, Overflow 7.528177E-01, MaxDensity 2.975E+02, gamma 5.127993E+02, time 1.126ms
[INFO   ] DREAMPlace - full step 10.781 ms
[INFO   ] DREAMPlace - optimizer step 8.994 ms
[INFO   ] DREAMPlace - iteration  226, ( 226,  0,  0), Obj 7.760920E+07, DensityWeight 1.701368E-08, wHPWL 1.714296E+08, Overflow 7.527519E-01, MaxDensity 2.682E+02, gamma 5.129642E+02, time 1.143ms
[INFO   ] DREAMPlace - full step 10.913 ms
[INFO   ] DREAMPlace - optimizer step 9.053 ms
[INFO   ] DREAMPlace - iteration  227, ( 227,  0,  0), Obj 7.759126E+07, DensityWeight 1.750708E-08, wHPWL 1.714058E+08, Overflow 7.526880E-01, MaxDensity 3.001E+02, gamma 5.127916E+02, time 1.213ms
[INFO   ] DREAMPlace - full step 11.084 ms
[INFO   ] DREAMPlace - optimizer step 9.061 ms
[INFO   ] DREAMPlace - iteration  228, ( 228,  0,  0), Obj 7.759779E+07, DensityWeight 1.801479E-08, wHPWL 1.713823E+08, Overflow 7.526361E-01, MaxDensity 3.051E+02, gamma 5.126239E+02, time 1.153ms
[INFO   ] DREAMPlace - full step 11.002 ms
[INFO   ] DREAMPlace - optimizer step 9.106 ms
[INFO   ] DREAMPlace - iteration  229, ( 229,  0,  0), Obj 7.760418E+07, DensityWeight 1.853722E-08, wHPWL 1.713584E+08, Overflow 7.525681E-01, MaxDensity 2.954E+02, gamma 5.124877E+02, time 1.185ms
[INFO   ] DREAMPlace - full step 11.094 ms
[INFO   ] DREAMPlace - optimizer step 8.991 ms
[INFO   ] DREAMPlace - iteration  230, ( 230,  0,  0), Obj 7.760846E+07, DensityWeight 1.907480E-08, wHPWL 1.713336E+08, Overflow 7.525701E-01, MaxDensity 2.606E+02, gamma 5.123093E+02, time 1.157ms
[INFO   ] DREAMPlace - full step 10.926 ms
[INFO   ] DREAMPlace - optimizer step 8.949 ms
[INFO   ] DREAMPlace - iteration  231, ( 231,  0,  0), Obj 7.761580E+07, DensityWeight 1.962797E-08, wHPWL 1.713082E+08, Overflow 7.523534E-01, MaxDensity 2.795E+02, gamma 5.123147E+02, time 1.171ms
[INFO   ] DREAMPlace - full step 10.911 ms
[INFO   ] DREAMPlace - optimizer step 8.912 ms
[INFO   ] DREAMPlace - iteration  232, ( 232,  0,  0), Obj 7.760973E+07, DensityWeight 2.019718E-08, wHPWL 1.712813E+08, Overflow 7.523905E-01, MaxDensity 2.961E+02, gamma 5.117469E+02, time 1.129ms
[INFO   ] DREAMPlace - full step 10.810 ms
[INFO   ] DREAMPlace - optimizer step 8.946 ms
[INFO   ] DREAMPlace - iteration  233, ( 233,  0,  0), Obj 7.764542E+07, DensityWeight 2.078290E-08, wHPWL 1.712549E+08, Overflow 7.523920E-01, MaxDensity 2.790E+02, gamma 5.118441E+02, time 1.127ms
[INFO   ] DREAMPlace - full step 10.828 ms
[INFO   ] DREAMPlace - optimizer step 8.920 ms
[INFO   ] DREAMPlace - iteration  234, ( 234,  0,  0), Obj 7.763307E+07, DensityWeight 2.138561E-08, wHPWL 1.712263E+08, Overflow 7.524387E-01, MaxDensity 2.381E+02, gamma 5.118480E+02, time 1.130ms
[INFO   ] DREAMPlace - full step 10.796 ms
[INFO   ] DREAMPlace - optimizer step 8.929 ms
[INFO   ] DREAMPlace - iteration  235, ( 235,  0,  0), Obj 7.762737E+07, DensityWeight 2.200579E-08, wHPWL 1.711985E+08, Overflow 7.525161E-01, MaxDensity 2.726E+02, gamma 5.119704E+02, time 1.127ms
[INFO   ] DREAMPlace - full step 10.806 ms
[INFO   ] DREAMPlace - optimizer step 8.942 ms
[INFO   ] DREAMPlace - iteration  236, ( 236,  0,  0), Obj 7.761300E+07, DensityWeight 2.264396E-08, wHPWL 1.711706E+08, Overflow 7.526362E-01, MaxDensity 2.426E+02, gamma 5.121731E+02, time 1.135ms
[INFO   ] DREAMPlace - full step 10.829 ms
[INFO   ] DREAMPlace - optimizer step 8.936 ms
[INFO   ] DREAMPlace - iteration  237, ( 237,  0,  0), Obj 7.759302E+07, DensityWeight 2.330063E-08, wHPWL 1.711444E+08, Overflow 7.527022E-01, MaxDensity 2.983E+02, gamma 5.124880E+02, time 1.131ms
[INFO   ] DREAMPlace - full step 10.824 ms
[INFO   ] DREAMPlace - optimizer step 8.945 ms
[INFO   ] DREAMPlace - iteration  238, ( 238,  0,  0), Obj 7.756510E+07, DensityWeight 2.397635E-08, wHPWL 1.711200E+08, Overflow 7.527387E-01, MaxDensity 2.496E+02, gamma 5.126613E+02, time 1.127ms
[INFO   ] DREAMPlace - full step 10.819 ms
[INFO   ] DREAMPlace - optimizer step 8.903 ms
[INFO   ] DREAMPlace - iteration  239, ( 239,  0,  0), Obj 7.754752E+07, DensityWeight 2.467167E-08, wHPWL 1.710975E+08, Overflow 7.526429E-01, MaxDensity 3.061E+02, gamma 5.127568E+02, time 1.131ms
[INFO   ] DREAMPlace - full step 10.785 ms
[INFO   ] DREAMPlace - optimizer step 8.945 ms
[INFO   ] DREAMPlace - iteration  240, ( 240,  0,  0), Obj 7.753566E+07, DensityWeight 2.538715E-08, wHPWL 1.710757E+08, Overflow 7.527610E-01, MaxDensity 2.600E+02, gamma 5.125054E+02, time 1.137ms
[INFO   ] DREAMPlace - full step 10.834 ms
[INFO   ] DREAMPlace - optimizer step 8.897 ms
[INFO   ] DREAMPlace - iteration  241, ( 241,  0,  0), Obj 7.754902E+07, DensityWeight 2.612338E-08, wHPWL 1.710544E+08, Overflow 7.527913E-01, MaxDensity 3.009E+02, gamma 5.128154E+02, time 1.130ms
[INFO   ] DREAMPlace - full step 10.777 ms
[INFO   ] DREAMPlace - optimizer step 8.902 ms
[INFO   ] DREAMPlace - iteration  242, ( 242,  0,  0), Obj 7.752189E+07, DensityWeight 2.688096E-08, wHPWL 1.710316E+08, Overflow 7.529513E-01, MaxDensity 2.634E+02, gamma 5.128948E+02, time 1.127ms
[INFO   ] DREAMPlace - full step 10.777 ms
[INFO   ] DREAMPlace - optimizer step 8.913 ms
[INFO   ] DREAMPlace - iteration  243, ( 243,  0,  0), Obj 7.751128E+07, DensityWeight 2.766050E-08, wHPWL 1.710103E+08, Overflow 7.529867E-01, MaxDensity 2.818E+02, gamma 5.133149E+02, time 1.132ms
[INFO   ] DREAMPlace - full step 10.795 ms
[INFO   ] DREAMPlace - optimizer step 8.939 ms
[INFO   ] DREAMPlace - iteration  244, ( 244,  0,  0), Obj 7.747616E+07, DensityWeight 2.846266E-08, wHPWL 1.709895E+08, Overflow 7.531076E-01, MaxDensity 2.549E+02, gamma 5.134078E+02, time 1.126ms
[INFO   ] DREAMPlace - full step 10.813 ms
[INFO   ] DREAMPlace - optimizer step 8.882 ms
[INFO   ] DREAMPlace - iteration  245, ( 245,  0,  0), Obj 7.746484E+07, DensityWeight 2.928808E-08, wHPWL 1.709718E+08, Overflow 7.531359E-01, MaxDensity 2.492E+02, gamma 5.137257E+02, time 1.126ms
[INFO   ] DREAMPlace - full step 10.762 ms
[INFO   ] DREAMPlace - optimizer step 8.911 ms
[INFO   ] DREAMPlace - iteration  246, ( 246,  0,  0), Obj 7.743753E+07, DensityWeight 3.013744E-08, wHPWL 1.709547E+08, Overflow 7.532200E-01, MaxDensity 2.346E+02, gamma 5.137999E+02, time 1.125ms
[INFO   ] DREAMPlace - full step 10.800 ms
[INFO   ] DREAMPlace - optimizer step 8.898 ms
[INFO   ] DREAMPlace - iteration  247, ( 247,  0,  0), Obj 7.742778E+07, DensityWeight 3.101142E-08, wHPWL 1.709392E+08, Overflow 7.532126E-01, MaxDensity 2.700E+02, gamma 5.140212E+02, time 1.122ms
[INFO   ] DREAMPlace - full step 10.771 ms
[INFO   ] DREAMPlace - optimizer step 8.930 ms
[INFO   ] DREAMPlace - iteration  248, ( 248,  0,  0), Obj 7.740745E+07, DensityWeight 3.191075E-08, wHPWL 1.709234E+08, Overflow 7.532859E-01, MaxDensity 2.615E+02, gamma 5.140017E+02, time 1.129ms
[INFO   ] DREAMPlace - full step 10.792 ms
[INFO   ] DREAMPlace - optimizer step 8.929 ms
[INFO   ] DREAMPlace - iteration  249, ( 249,  0,  0), Obj 7.740450E+07, DensityWeight 3.283617E-08, wHPWL 1.709087E+08, Overflow 7.533488E-01, MaxDensity 2.936E+02, gamma 5.141948E+02, time 1.133ms
[INFO   ] DREAMPlace - full step 10.814 ms
[INFO   ] DREAMPlace - optimizer step 8.936 ms
[INFO   ] DREAMPlace - iteration  250, ( 250,  0,  0), Obj 7.738641E+07, DensityWeight 3.378842E-08, wHPWL 1.708941E+08, Overflow 7.533562E-01, MaxDensity 2.966E+02, gamma 5.143599E+02, time 1.127ms
[INFO   ] DREAMPlace - full step 10.815 ms
[INFO   ] DREAMPlace - optimizer step 8.940 ms
[INFO   ] DREAMPlace - iteration  251, ( 251,  0,  0), Obj 7.737038E+07, DensityWeight 3.476829E-08, wHPWL 1.708808E+08, Overflow 7.534838E-01, MaxDensity 2.873E+02, gamma 5.143796E+02, time 1.127ms
[INFO   ] DREAMPlace - full step 10.819 ms
[INFO   ] DREAMPlace - optimizer step 8.977 ms
[INFO   ] DREAMPlace - iteration  252, ( 252,  0,  0), Obj 7.736485E+07, DensityWeight 3.577657E-08, wHPWL 1.708680E+08, Overflow 7.535245E-01, MaxDensity 2.986E+02, gamma 5.147156E+02, time 1.140ms
[INFO   ] DREAMPlace - full step 10.866 ms
[INFO   ] DREAMPlace - optimizer step 8.974 ms
[INFO   ] DREAMPlace - iteration  253, ( 253,  0,  0), Obj 7.733671E+07, DensityWeight 3.681409E-08, wHPWL 1.708558E+08, Overflow 7.536682E-01, MaxDensity 2.505E+02, gamma 5.148226E+02, time 1.135ms
[INFO   ] DREAMPlace - full step 10.869 ms
[INFO   ] DREAMPlace - optimizer step 8.967 ms
[INFO   ] DREAMPlace - iteration  254, ( 254,  0,  0), Obj 7.732503E+07, DensityWeight 3.788170E-08, wHPWL 1.708451E+08, Overflow 7.536702E-01, MaxDensity 2.757E+02, gamma 5.152014E+02, time 1.146ms
[INFO   ] DREAMPlace - full step 10.865 ms
[INFO   ] DREAMPlace - optimizer step 8.916 ms
[INFO   ] DREAMPlace - iteration  255, ( 255,  0,  0), Obj 7.729400E+07, DensityWeight 3.898028E-08, wHPWL 1.708354E+08, Overflow 7.538436E-01, MaxDensity 2.172E+02, gamma 5.152064E+02, time 1.131ms
[INFO   ] DREAMPlace - full step 10.796 ms
[INFO   ] DREAMPlace - optimizer step 8.960 ms
[INFO   ] DREAMPlace - iteration  256, ( 256,  0,  0), Obj 7.728985E+07, DensityWeight 4.011071E-08, wHPWL 1.708275E+08, Overflow 7.538496E-01, MaxDensity 2.625E+02, gamma 5.156640E+02, time 1.130ms
[INFO   ] DREAMPlace - full step 10.841 ms
[INFO   ] DREAMPlace - optimizer step 8.935 ms
[INFO   ] DREAMPlace - iteration  257, ( 257,  0,  0), Obj 7.725344E+07, DensityWeight 4.127392E-08, wHPWL 1.708200E+08, Overflow 7.539680E-01, MaxDensity 2.382E+02, gamma 5.156797E+02, time 1.137ms
[INFO   ] DREAMPlace - full step 10.827 ms
[INFO   ] DREAMPlace - optimizer step 8.942 ms
[INFO   ] DREAMPlace - iteration  258, ( 258,  0,  0), Obj 7.724864E+07, DensityWeight 4.247086E-08, wHPWL 1.708142E+08, Overflow 7.539340E-01, MaxDensity 2.999E+02, gamma 5.159922E+02, time 1.133ms
[INFO   ] DREAMPlace - full step 10.853 ms
[INFO   ] DREAMPlace - optimizer step 8.976 ms
[INFO   ] DREAMPlace - iteration  259, ( 259,  0,  0), Obj 7.722277E+07, DensityWeight 4.370252E-08, wHPWL 1.708088E+08, Overflow 7.541084E-01, MaxDensity 2.572E+02, gamma 5.159026E+02, time 1.141ms
[INFO   ] DREAMPlace - full step 10.859 ms
[INFO   ] DREAMPlace - optimizer step 8.993 ms
[INFO   ] DREAMPlace - iteration  260, ( 260,  0,  0), Obj 7.722574E+07, DensityWeight 4.496989E-08, wHPWL 1.708047E+08, Overflow 7.540638E-01, MaxDensity 2.989E+02, gamma 5.163633E+02, time 1.136ms
[INFO   ] DREAMPlace - full step 10.886 ms
[INFO   ] DREAMPlace - optimizer step 9.025 ms
[INFO   ] DREAMPlace - iteration  261, ( 261,  0,  0), Obj 7.718952E+07, DensityWeight 4.627402E-08, wHPWL 1.708007E+08, Overflow 7.542018E-01, MaxDensity 2.685E+02, gamma 5.162454E+02, time 1.133ms
[INFO   ] DREAMPlace - full step 10.908 ms
[INFO   ] DREAMPlace - optimizer step 8.966 ms
[INFO   ] DREAMPlace - iteration  262, ( 262,  0,  0), Obj 7.719458E+07, DensityWeight 4.761597E-08, wHPWL 1.707984E+08, Overflow 7.542580E-01, MaxDensity 2.581E+02, gamma 5.166100E+02, time 1.137ms
[INFO   ] DREAMPlace - full step 10.855 ms
[INFO   ] DREAMPlace - optimizer step 8.963 ms
[INFO   ] DREAMPlace - iteration  263, ( 263,  0,  0), Obj 7.716537E+07, DensityWeight 4.899684E-08, wHPWL 1.707963E+08, Overflow 7.543906E-01, MaxDensity 2.468E+02, gamma 5.167586E+02, time 1.127ms
[INFO   ] DREAMPlace - full step 10.836 ms
[INFO   ] DREAMPlace - optimizer step 8.950 ms
[INFO   ] DREAMPlace - iteration  264, ( 264,  0,  0), Obj 7.715161E+07, DensityWeight 5.041775E-08, wHPWL 1.707959E+08, Overflow 7.543882E-01, MaxDensity 2.556E+02, gamma 5.171094E+02, time 1.133ms
[INFO   ] DREAMPlace - full step 10.830 ms
[INFO   ] DREAMPlace - optimizer step 8.997 ms
[INFO   ] DREAMPlace - iteration  265, ( 265,  0,  0), Obj 7.712353E+07, DensityWeight 5.187987E-08, wHPWL 1.707969E+08, Overflow 7.543597E-01, MaxDensity 2.712E+02, gamma 5.171029E+02, time 1.128ms
[INFO   ] DREAMPlace - full step 10.872 ms
[INFO   ] DREAMPlace - optimizer step 8.925 ms
[INFO   ] DREAMPlace - iteration  266, ( 266,  0,  0), Obj 7.712102E+07, DensityWeight 5.446645E-08, wHPWL 1.707994E+08, Overflow 7.541923E-01, MaxDensity 2.689E+02, gamma 5.170276E+02, time 1.130ms
[INFO   ] DREAMPlace - full step 10.805 ms
[INFO   ] DREAMPlace - optimizer step 8.935 ms
[INFO   ] DREAMPlace - iteration  267, ( 267,  0,  0), Obj 7.712364E+07, DensityWeight 5.716962E-08, wHPWL 1.708028E+08, Overflow 7.541994E-01, MaxDensity 2.991E+02, gamma 5.165848E+02, time 1.129ms
[INFO   ] DREAMPlace - full step 10.822 ms
[INFO   ] DREAMPlace - optimizer step 8.980 ms
[INFO   ] DREAMPlace - iteration  268, ( 268,  0,  0), Obj 7.715265E+07, DensityWeight 5.999932E-08, wHPWL 1.708055E+08, Overflow 7.540517E-01, MaxDensity 2.375E+02, gamma 5.166038E+02, time 1.142ms
[INFO   ] DREAMPlace - full step 10.880 ms
[INFO   ] DREAMPlace - optimizer step 8.967 ms
[INFO   ] DREAMPlace - iteration  269, ( 269,  0,  0), Obj 7.714878E+07, DensityWeight 6.297582E-08, wHPWL 1.708070E+08, Overflow 7.540209E-01, MaxDensity 2.684E+02, gamma 5.162136E+02, time 1.138ms
[INFO   ] DREAMPlace - full step 10.883 ms
[INFO   ] DREAMPlace - optimizer step 8.967 ms
[INFO   ] DREAMPlace - iteration  270, ( 270,  0,  0), Obj 7.717410E+07, DensityWeight 6.611060E-08, wHPWL 1.708087E+08, Overflow 7.538816E-01, MaxDensity 2.267E+02, gamma 5.161319E+02, time 1.141ms
[INFO   ] DREAMPlace - full step 10.854 ms
[INFO   ] DREAMPlace - optimizer step 8.967 ms
[INFO   ] DREAMPlace - iteration  271, ( 271,  0,  0), Obj 7.717759E+07, DensityWeight 6.940034E-08, wHPWL 1.708106E+08, Overflow 7.538619E-01, MaxDensity 2.639E+02, gamma 5.157643E+02, time 1.140ms
[INFO   ] DREAMPlace - full step 10.866 ms
[INFO   ] DREAMPlace - optimizer step 8.940 ms
[INFO   ] DREAMPlace - iteration  272, ( 272,  0,  0), Obj 7.720178E+07, DensityWeight 7.285101E-08, wHPWL 1.708134E+08, Overflow 7.536452E-01, MaxDensity 2.466E+02, gamma 5.157123E+02, time 1.129ms
[INFO   ] DREAMPlace - full step 10.821 ms
[INFO   ] DREAMPlace - optimizer step 8.980 ms
[INFO   ] DREAMPlace - iteration  273, ( 273,  0,  0), Obj 7.720358E+07, DensityWeight 7.646354E-08, wHPWL 1.708168E+08, Overflow 7.535510E-01, MaxDensity 2.821E+02, gamma 5.151409E+02, time 1.138ms
[INFO   ] DREAMPlace - full step 10.871 ms
[INFO   ] DREAMPlace - optimizer step 8.952 ms
[INFO   ] DREAMPlace - iteration  274, ( 274,  0,  0), Obj 7.724269E+07, DensityWeight 8.024821E-08, wHPWL 1.708209E+08, Overflow 7.533200E-01, MaxDensity 2.736E+02, gamma 5.148926E+02, time 1.151ms
[INFO   ] DREAMPlace - full step 10.846 ms
[INFO   ] DREAMPlace - optimizer step 8.998 ms
[INFO   ] DREAMPlace - iteration  275, ( 275,  0,  0), Obj 7.725892E+07, DensityWeight 8.421252E-08, wHPWL 1.708248E+08, Overflow 7.531801E-01, MaxDensity 2.351E+02, gamma 5.142841E+02, time 1.137ms
[INFO   ] DREAMPlace - full step 10.888 ms
[INFO   ] DREAMPlace - optimizer step 9.063 ms
[INFO   ] DREAMPlace - iteration  276, ( 276,  0,  0), Obj 7.730122E+07, DensityWeight 8.837543E-08, wHPWL 1.708290E+08, Overflow 7.529233E-01, MaxDensity 2.389E+02, gamma 5.139164E+02, time 1.180ms
[INFO   ] DREAMPlace - full step 11.016 ms
[INFO   ] DREAMPlace - optimizer step 9.093 ms
[INFO   ] DREAMPlace - iteration  277, ( 277,  0,  0), Obj 7.732652E+07, DensityWeight 9.274019E-08, wHPWL 1.708332E+08, Overflow 7.527940E-01, MaxDensity 2.301E+02, gamma 5.132413E+02, time 1.156ms
[INFO   ] DREAMPlace - full step 11.024 ms
[INFO   ] DREAMPlace - optimizer step 8.994 ms
[INFO   ] DREAMPlace - iteration  278, ( 278,  0,  0), Obj 7.737418E+07, DensityWeight 9.732053E-08, wHPWL 1.708375E+08, Overflow 7.525207E-01, MaxDensity 2.681E+02, gamma 5.129019E+02, time 1.187ms
[INFO   ] DREAMPlace - full step 10.998 ms
[INFO   ] DREAMPlace - optimizer step 9.259 ms
[INFO   ] DREAMPlace - iteration  279, ( 279,  0,  0), Obj 7.739801E+07, DensityWeight 1.021252E-07, wHPWL 1.708419E+08, Overflow 7.523896E-01, MaxDensity 2.264E+02, gamma 5.121854E+02, time 1.189ms
[INFO   ] DREAMPlace - full step 11.223 ms
[INFO   ] DREAMPlace - optimizer step 9.038 ms
[INFO   ] DREAMPlace - iteration  280, ( 280,  0,  0), Obj 7.744926E+07, DensityWeight 1.071658E-07, wHPWL 1.708470E+08, Overflow 7.522079E-01, MaxDensity 2.665E+02, gamma 5.118416E+02, time 1.183ms
[INFO   ] DREAMPlace - full step 11.027 ms
[INFO   ] DREAMPlace - optimizer step 8.941 ms
[INFO   ] DREAMPlace - iteration  281, ( 281,  0,  0), Obj 7.747405E+07, DensityWeight 1.124438E-07, wHPWL 1.708526E+08, Overflow 7.521838E-01, MaxDensity 2.280E+02, gamma 5.113662E+02, time 1.182ms
[INFO   ] DREAMPlace - full step 10.926 ms
[INFO   ] DREAMPlace - optimizer step 8.943 ms
[INFO   ] DREAMPlace - iteration  282, ( 282,  0,  0), Obj 7.750859E+07, DensityWeight 1.179728E-07, wHPWL 1.708596E+08, Overflow 7.518971E-01, MaxDensity 2.174E+02, gamma 5.113031E+02, time 1.132ms
[INFO   ] DREAMPlace - full step 10.873 ms
[INFO   ] DREAMPlace - optimizer step 8.970 ms
[INFO   ] DREAMPlace - iteration  283, ( 283,  0,  0), Obj 7.751365E+07, DensityWeight 1.237507E-07, wHPWL 1.708684E+08, Overflow 7.518758E-01, MaxDensity 2.150E+02, gamma 5.105534E+02, time 1.142ms
[INFO   ] DREAMPlace - full step 10.896 ms
[INFO   ] DREAMPlace - optimizer step 9.047 ms
[INFO   ] DREAMPlace - iteration  284, ( 284,  0,  0), Obj 7.756874E+07, DensityWeight 1.297795E-07, wHPWL 1.708803E+08, Overflow 7.516006E-01, MaxDensity 2.538E+02, gamma 5.104979E+02, time 1.139ms
[INFO   ] DREAMPlace - full step 10.936 ms
[INFO   ] DREAMPlace - optimizer step 8.918 ms
[INFO   ] DREAMPlace - iteration  285, ( 285,  0,  0), Obj 7.757430E+07, DensityWeight 1.360422E-07, wHPWL 1.708934E+08, Overflow 7.515515E-01, MaxDensity 2.480E+02, gamma 5.097796E+02, time 1.242ms
[INFO   ] DREAMPlace - full step 11.030 ms
[INFO   ] DREAMPlace - optimizer step 8.837 ms
[INFO   ] DREAMPlace - iteration  286, ( 286,  0,  0), Obj 7.762813E+07, DensityWeight 1.425843E-07, wHPWL 1.709093E+08, Overflow 7.513113E-01, MaxDensity 2.161E+02, gamma 5.096515E+02, time 1.143ms
[INFO   ] DREAMPlace - full step 10.763 ms
[INFO   ] DREAMPlace - optimizer step 8.803 ms
[INFO   ] DREAMPlace - iteration  287, ( 287,  0,  0), Obj 7.763968E+07, DensityWeight 1.493823E-07, wHPWL 1.709258E+08, Overflow 7.512398E-01, MaxDensity 2.107E+02, gamma 5.090255E+02, time 1.121ms
[INFO   ] DREAMPlace - full step 10.684 ms
[INFO   ] DREAMPlace - optimizer step 8.837 ms
[INFO   ] DREAMPlace - iteration  288, ( 288,  0,  0), Obj 7.768771E+07, DensityWeight 1.564901E-07, wHPWL 1.709451E+08, Overflow 7.509668E-01, MaxDensity 2.123E+02, gamma 5.088393E+02, time 1.120ms
[INFO   ] DREAMPlace - full step 10.717 ms
[INFO   ] DREAMPlace - optimizer step 8.825 ms
[INFO   ] DREAMPlace - iteration  289, ( 289,  0,  0), Obj 7.770455E+07, DensityWeight 1.638739E-07, wHPWL 1.709665E+08, Overflow 7.508945E-01, MaxDensity 2.333E+02, gamma 5.081290E+02, time 1.129ms
[INFO   ] DREAMPlace - full step 10.724 ms
[INFO   ] DREAMPlace - optimizer step 8.833 ms
[INFO   ] DREAMPlace - iteration  290, ( 290,  0,  0), Obj 7.776010E+07, DensityWeight 1.715556E-07, wHPWL 1.709908E+08, Overflow 7.505811E-01, MaxDensity 2.115E+02, gamma 5.079409E+02, time 1.125ms
[INFO   ] DREAMPlace - full step 10.722 ms
[INFO   ] DREAMPlace - optimizer step 8.848 ms
[INFO   ] DREAMPlace - iteration  291, ( 291,  0,  0), Obj 7.777839E+07, DensityWeight 1.795233E-07, wHPWL 1.710170E+08, Overflow 7.504466E-01, MaxDensity 2.234E+02, gamma 5.071272E+02, time 1.127ms
[INFO   ] DREAMPlace - full step 10.746 ms
[INFO   ] DREAMPlace - optimizer step 8.821 ms
[INFO   ] DREAMPlace - iteration  292, ( 292,  0,  0), Obj 7.784274E+07, DensityWeight 1.878125E-07, wHPWL 1.710456E+08, Overflow 7.501854E-01, MaxDensity 1.819E+02, gamma 5.067780E+02, time 1.124ms
[INFO   ] DREAMPlace - full step 10.703 ms
[INFO   ] DREAMPlace - optimizer step 8.846 ms
[INFO   ] DREAMPlace - iteration  293, ( 293,  0,  0), Obj 7.787416E+07, DensityWeight 1.964187E-07, wHPWL 1.710761E+08, Overflow 7.500029E-01, MaxDensity 1.972E+02, gamma 5.061013E+02, time 1.131ms
[INFO   ] DREAMPlace - full step 10.741 ms
[INFO   ] DREAMPlace - optimizer step 8.809 ms
[INFO   ] DREAMPlace - iteration  294, ( 294,  0,  0), Obj 7.793017E+07, DensityWeight 2.053647E-07, wHPWL 1.711085E+08, Overflow 7.497033E-01, MaxDensity 1.906E+02, gamma 5.056289E+02, time 1.123ms
[INFO   ] DREAMPlace - full step 10.697 ms
[INFO   ] DREAMPlace - optimizer step 8.819 ms
[INFO   ] DREAMPlace - iteration  295, ( 295,  0,  0), Obj 7.797215E+07, DensityWeight 2.146593E-07, wHPWL 1.711441E+08, Overflow 7.495009E-01, MaxDensity 2.174E+02, gamma 5.048545E+02, time 1.124ms
[INFO   ] DREAMPlace - full step 10.718 ms
[INFO   ] DREAMPlace - optimizer step 8.814 ms
[INFO   ] DREAMPlace - iteration  296, ( 296,  0,  0), Obj 7.803717E+07, DensityWeight 2.242765E-07, wHPWL 1.711811E+08, Overflow 7.491915E-01, MaxDensity 1.831E+02, gamma 5.043317E+02, time 1.121ms
[INFO   ] DREAMPlace - full step 10.697 ms
[INFO   ] DREAMPlace - optimizer step 8.818 ms
[INFO   ] DREAMPlace - iteration  297, ( 297,  0,  0), Obj 7.808487E+07, DensityWeight 2.342817E-07, wHPWL 1.712216E+08, Overflow 7.490722E-01, MaxDensity 1.775E+02, gamma 5.035338E+02, time 1.130ms
[INFO   ] DREAMPlace - full step 10.716 ms
[INFO   ] DREAMPlace - optimizer step 8.837 ms
[INFO   ] DREAMPlace - iteration  298, ( 298,  0,  0), Obj 7.815366E+07, DensityWeight 2.446093E-07, wHPWL 1.712628E+08, Overflow 7.488652E-01, MaxDensity 1.636E+02, gamma 5.032267E+02, time 1.124ms
[INFO   ] DREAMPlace - full step 10.722 ms
[INFO   ] DREAMPlace - optimizer step 8.888 ms
[INFO   ] DREAMPlace - iteration  299, ( 299,  0,  0), Obj 7.818736E+07, DensityWeight 2.553678E-07, wHPWL 1.713081E+08, Overflow 7.486327E-01, MaxDensity 1.891E+02, gamma 5.026942E+02, time 1.173ms
[INFO   ] DREAMPlace - full step 10.874 ms
[INFO   ] DREAMPlace - optimizer step 8.843 ms
[INFO   ] DREAMPlace - iteration  300, ( 300,  0,  0), Obj 7.823845E+07, DensityWeight 2.664484E-07, wHPWL 1.713554E+08, Overflow 7.483369E-01, MaxDensity 1.713E+02, gamma 5.020962E+02, time 1.128ms
[INFO   ] DREAMPlace - full step 10.752 ms
[INFO   ] DREAMPlace - optimizer step 8.797 ms
[INFO   ] DREAMPlace - iteration  301, ( 301,  0,  0), Obj 7.829594E+07, DensityWeight 2.779323E-07, wHPWL 1.714091E+08, Overflow 7.482765E-01, MaxDensity 1.823E+02, gamma 5.013369E+02, time 1.114ms
[INFO   ] DREAMPlace - full step 10.687 ms
[INFO   ] DREAMPlace - optimizer step 8.838 ms
[INFO   ] DREAMPlace - iteration  302, ( 302,  0,  0), Obj 7.836718E+07, DensityWeight 2.896533E-07, wHPWL 1.714648E+08, Overflow 7.480886E-01, MaxDensity 1.518E+02, gamma 5.011819E+02, time 1.123ms
[INFO   ] DREAMPlace - full step 10.727 ms
[INFO   ] DREAMPlace - optimizer step 8.816 ms
[INFO   ] DREAMPlace - iteration  303, ( 303,  0,  0), Obj 7.839472E+07, DensityWeight 3.017831E-07, wHPWL 1.715248E+08, Overflow 7.477953E-01, MaxDensity 1.397E+02, gamma 5.007003E+02, time 1.115ms
[INFO   ] DREAMPlace - full step 10.698 ms
[INFO   ] DREAMPlace - optimizer step 8.860 ms
[INFO   ] DREAMPlace - iteration  304, ( 304,  0,  0), Obj 7.844672E+07, DensityWeight 3.142322E-07, wHPWL 1.715869E+08, Overflow 7.475705E-01, MaxDensity 1.600E+02, gamma 4.999496E+02, time 1.120ms
[INFO   ] DREAMPlace - full step 10.736 ms
[INFO   ] DREAMPlace - optimizer step 8.797 ms
[INFO   ] DREAMPlace - iteration  305, ( 305,  0,  0), Obj 7.852089E+07, DensityWeight 3.271030E-07, wHPWL 1.716552E+08, Overflow 7.473170E-01, MaxDensity 1.587E+02, gamma 4.993747E+02, time 1.122ms
[INFO   ] DREAMPlace - full step 10.698 ms
[INFO   ] DREAMPlace - optimizer step 8.778 ms
[INFO   ] DREAMPlace - iteration  306, ( 306,  0,  0), Obj 7.858477E+07, DensityWeight 3.402018E-07, wHPWL 1.717280E+08, Overflow 7.470652E-01, MaxDensity 1.568E+02, gamma 4.987274E+02, time 1.119ms
[INFO   ] DREAMPlace - full step 10.659 ms
[INFO   ] DREAMPlace - optimizer step 8.792 ms
[INFO   ] DREAMPlace - iteration  307, ( 307,  0,  0), Obj 7.865512E+07, DensityWeight 3.536067E-07, wHPWL 1.718043E+08, Overflow 7.464826E-01, MaxDensity 1.442E+02, gamma 4.980854E+02, time 1.122ms
[INFO   ] DREAMPlace - full step 10.684 ms
[INFO   ] DREAMPlace - optimizer step 8.833 ms
[INFO   ] DREAMPlace - iteration  308, ( 308,  0,  0), Obj 7.872590E+07, DensityWeight 3.673578E-07, wHPWL 1.718810E+08, Overflow 7.462361E-01, MaxDensity 1.228E+02, gamma 4.966026E+02, time 1.136ms
[INFO   ] DREAMPlace - full step 10.725 ms
[INFO   ] DREAMPlace - optimizer step 8.808 ms
[INFO   ] DREAMPlace - iteration  309, ( 309,  0,  0), Obj 7.886213E+07, DensityWeight 3.816250E-07, wHPWL 1.719628E+08, Overflow 7.456925E-01, MaxDensity 1.273E+02, gamma 4.959766E+02, time 1.130ms
[INFO   ] DREAMPlace - full step 10.715 ms
[INFO   ] DREAMPlace - optimizer step 8.760 ms
[INFO   ] DREAMPlace - iteration  310, ( 310,  0,  0), Obj 7.893763E+07, DensityWeight 3.961590E-07, wHPWL 1.720458E+08, Overflow 7.453198E-01, MaxDensity 1.315E+02, gamma 4.945990E+02, time 1.116ms
[INFO   ] DREAMPlace - full step 10.659 ms
[INFO   ] DREAMPlace - optimizer step 8.761 ms
[INFO   ] DREAMPlace - iteration  311, ( 311,  0,  0), Obj 7.907002E+07, DensityWeight 4.111822E-07, wHPWL 1.721316E+08, Overflow 7.447390E-01, MaxDensity 1.378E+02, gamma 4.936569E+02, time 1.116ms
[INFO   ] DREAMPlace - full step 10.650 ms
[INFO   ] DREAMPlace - optimizer step 8.770 ms
[INFO   ] DREAMPlace - iteration  312, ( 312,  0,  0), Obj 7.917179E+07, DensityWeight 4.266087E-07, wHPWL 1.722156E+08, Overflow 7.442929E-01, MaxDensity 1.238E+02, gamma 4.921917E+02, time 1.110ms
[INFO   ] DREAMPlace - full step 10.640 ms
[INFO   ] DREAMPlace - optimizer step 8.766 ms
[INFO   ] DREAMPlace - iteration  313, ( 313,  0,  0), Obj 7.931566E+07, DensityWeight 4.427255E-07, wHPWL 1.723047E+08, Overflow 7.434739E-01, MaxDensity 1.235E+02, gamma 4.910695E+02, time 1.119ms
[INFO   ] DREAMPlace - full step 10.647 ms
[INFO   ] DREAMPlace - optimizer step 8.763 ms
[INFO   ] DREAMPlace - iteration  314, ( 314,  0,  0), Obj 7.943680E+07, DensityWeight 4.591233E-07, wHPWL 1.723945E+08, Overflow 7.427474E-01, MaxDensity 1.106E+02, gamma 4.890159E+02, time 1.124ms
[INFO   ] DREAMPlace - full step 10.653 ms
[INFO   ] DREAMPlace - optimizer step 8.768 ms
[INFO   ] DREAMPlace - iteration  315, ( 315,  0,  0), Obj 7.963148E+07, DensityWeight 4.760796E-07, wHPWL 1.724874E+08, Overflow 7.418609E-01, MaxDensity 9.767E+01, gamma 4.872014E+02, time 1.117ms
[INFO   ] DREAMPlace - full step 10.674 ms
[INFO   ] DREAMPlace - optimizer step 8.765 ms
[INFO   ] DREAMPlace - iteration  316, ( 316,  0,  0), Obj 7.981229E+07, DensityWeight 4.934553E-07, wHPWL 1.725780E+08, Overflow 7.411981E-01, MaxDensity 1.098E+02, gamma 4.849966E+02, time 1.134ms
[INFO   ] DREAMPlace - full step 10.668 ms
[INFO   ] DREAMPlace - optimizer step 8.757 ms
[INFO   ] DREAMPlace - iteration  317, ( 317,  0,  0), Obj 8.002534E+07, DensityWeight 5.116248E-07, wHPWL 1.726685E+08, Overflow 7.405047E-01, MaxDensity 1.093E+02, gamma 4.833544E+02, time 1.122ms
[INFO   ] DREAMPlace - full step 10.640 ms
[INFO   ] DREAMPlace - optimizer step 8.724 ms
[INFO   ] DREAMPlace - iteration  318, ( 318,  0,  0), Obj 8.019681E+07, DensityWeight 5.304681E-07, wHPWL 1.727534E+08, Overflow 7.399896E-01, MaxDensity 1.079E+02, gamma 4.816424E+02, time 1.124ms
[INFO   ] DREAMPlace - full step 10.611 ms
[INFO   ] DREAMPlace - optimizer step 8.714 ms
[INFO   ] DREAMPlace - iteration  319, ( 319,  0,  0), Obj 8.037490E+07, DensityWeight 5.504411E-07, wHPWL 1.728411E+08, Overflow 7.395022E-01, MaxDensity 1.181E+02, gamma 4.803748E+02, time 1.116ms
[INFO   ] DREAMPlace - full step 10.596 ms
[INFO   ] DREAMPlace - optimizer step 8.714 ms
[INFO   ] DREAMPlace - iteration  320, ( 320,  0,  0), Obj 8.052161E+07, DensityWeight 5.709445E-07, wHPWL 1.729296E+08, Overflow 7.391310E-01, MaxDensity 1.060E+02, gamma 4.791781E+02, time 1.117ms
[INFO   ] DREAMPlace - full step 10.602 ms
[INFO   ] DREAMPlace - optimizer step 8.719 ms
[INFO   ] DREAMPlace - iteration  321, ( 321,  0,  0), Obj 8.066560E+07, DensityWeight 5.921335E-07, wHPWL 1.730272E+08, Overflow 7.385685E-01, MaxDensity 1.063E+02, gamma 4.782689E+02, time 1.116ms
[INFO   ] DREAMPlace - full step 10.594 ms
[INFO   ] DREAMPlace - optimizer step 8.712 ms
[INFO   ] DREAMPlace - iteration  322, ( 322,  0,  0), Obj 8.078958E+07, DensityWeight 6.133397E-07, wHPWL 1.731285E+08, Overflow 7.381854E-01, MaxDensity 1.106E+02, gamma 4.768943E+02, time 1.122ms
[INFO   ] DREAMPlace - full step 10.598 ms
[INFO   ] DREAMPlace - optimizer step 8.709 ms
[INFO   ] DREAMPlace - iteration  323, ( 323,  0,  0), Obj 8.095330E+07, DensityWeight 6.349795E-07, wHPWL 1.732389E+08, Overflow 7.376916E-01, MaxDensity 9.875E+01, gamma 4.759604E+02, time 1.125ms
[INFO   ] DREAMPlace - full step 10.604 ms
[INFO   ] DREAMPlace - optimizer step 8.743 ms
[INFO   ] DREAMPlace - iteration  324, ( 324,  0,  0), Obj 8.108685E+07, DensityWeight 6.565477E-07, wHPWL 1.733541E+08, Overflow 7.372853E-01, MaxDensity 9.626E+01, gamma 4.747592E+02, time 1.130ms
[INFO   ] DREAMPlace - full step 10.640 ms
[INFO   ] DREAMPlace - optimizer step 8.728 ms
[INFO   ] DREAMPlace - iteration  325, ( 325,  0,  0), Obj 8.124236E+07, DensityWeight 6.783928E-07, wHPWL 1.734748E+08, Overflow 7.366146E-01, MaxDensity 1.013E+02, gamma 4.737733E+02, time 1.123ms
[INFO   ] DREAMPlace - full step 10.612 ms
[INFO   ] DREAMPlace - optimizer step 8.778 ms
[INFO   ] DREAMPlace - iteration  326, ( 326,  0,  0), Obj 8.138333E+07, DensityWeight 7.004210E-07, wHPWL 1.735980E+08, Overflow 7.361544E-01, MaxDensity 9.577E+01, gamma 4.721503E+02, time 1.140ms
[INFO   ] DREAMPlace - full step 10.681 ms
[INFO   ] DREAMPlace - optimizer step 8.808 ms
[INFO   ] DREAMPlace - iteration  327, ( 327,  0,  0), Obj 8.157887E+07, DensityWeight 7.229289E-07, wHPWL 1.737280E+08, Overflow 7.355540E-01, MaxDensity 8.557E+01, gamma 4.710396E+02, time 1.173ms
[INFO   ] DREAMPlace - full step 10.780 ms
[INFO   ] DREAMPlace - optimizer step 8.817 ms
[INFO   ] DREAMPlace - iteration  328, ( 328,  0,  0), Obj 8.173856E+07, DensityWeight 7.454432E-07, wHPWL 1.738634E+08, Overflow 7.349829E-01, MaxDensity 9.496E+01, gamma 4.695947E+02, time 1.168ms
[INFO   ] DREAMPlace - full step 10.775 ms
[INFO   ] DREAMPlace - optimizer step 8.816 ms
[INFO   ] DREAMPlace - iteration  329, ( 329,  0,  0), Obj 8.192403E+07, DensityWeight 7.680725E-07, wHPWL 1.739984E+08, Overflow 7.344966E-01, MaxDensity 9.683E+01, gamma 4.682245E+02, time 1.181ms
[INFO   ] DREAMPlace - full step 10.792 ms
[INFO   ] DREAMPlace - optimizer step 8.706 ms
[INFO   ] DREAMPlace - iteration  330, ( 330,  0,  0), Obj 8.210627E+07, DensityWeight 7.914436E-07, wHPWL 1.741367E+08, Overflow 7.338696E-01, MaxDensity 9.105E+01, gamma 4.670609E+02, time 1.158ms
[INFO   ] DREAMPlace - full step 10.691 ms
[INFO   ] DREAMPlace - optimizer step 8.715 ms
[INFO   ] DREAMPlace - iteration  331, ( 331,  0,  0), Obj 8.227456E+07, DensityWeight 8.151438E-07, wHPWL 1.742785E+08, Overflow 7.332734E-01, MaxDensity 8.618E+01, gamma 4.655649E+02, time 1.135ms
[INFO   ] DREAMPlace - full step 10.644 ms
[INFO   ] DREAMPlace - optimizer step 8.618 ms
[INFO   ] DREAMPlace - iteration  332, ( 332,  0,  0), Obj 8.247045E+07, DensityWeight 8.391569E-07, wHPWL 1.744225E+08, Overflow 7.329463E-01, MaxDensity 9.480E+01, gamma 4.641466E+02, time 1.112ms
[INFO   ] DREAMPlace - full step 10.503 ms
[INFO   ] DREAMPlace - optimizer step 8.575 ms
[INFO   ] DREAMPlace - iteration  333, ( 333,  0,  0), Obj 8.266434E+07, DensityWeight 8.636019E-07, wHPWL 1.745669E+08, Overflow 7.324123E-01, MaxDensity 9.718E+01, gamma 4.633705E+02, time 1.113ms
[INFO   ] DREAMPlace - full step 10.453 ms
[INFO   ] DREAMPlace - optimizer step 8.542 ms
[INFO   ] DREAMPlace - iteration  334, ( 334,  0,  0), Obj 8.280489E+07, DensityWeight 8.887075E-07, wHPWL 1.747152E+08, Overflow 7.320629E-01, MaxDensity 9.172E+01, gamma 4.621063E+02, time 1.119ms
[INFO   ] DREAMPlace - full step 10.431 ms
[INFO   ] DREAMPlace - optimizer step 8.568 ms
[INFO   ] DREAMPlace - iteration  335, ( 335,  0,  0), Obj 8.298183E+07, DensityWeight 9.140454E-07, wHPWL 1.748565E+08, Overflow 7.314903E-01, MaxDensity 7.843E+01, gamma 4.612808E+02, time 1.116ms
[INFO   ] DREAMPlace - full step 10.453 ms
[INFO   ] DREAMPlace - optimizer step 8.540 ms
[INFO   ] DREAMPlace - iteration  336, ( 336,  0,  0), Obj 8.312905E+07, DensityWeight 9.410371E-07, wHPWL 1.750119E+08, Overflow 7.311019E-01, MaxDensity 8.205E+01, gamma 4.599310E+02, time 1.112ms
[INFO   ] DREAMPlace - full step 10.447 ms
[INFO   ] DREAMPlace - optimizer step 8.541 ms
[INFO   ] DREAMPlace - iteration  337, ( 337,  0,  0), Obj 8.332031E+07, DensityWeight 9.669087E-07, wHPWL 1.751661E+08, Overflow 7.305053E-01, MaxDensity 7.959E+01, gamma 4.590180E+02, time 1.116ms
[INFO   ] DREAMPlace - full step 10.412 ms
[INFO   ] DREAMPlace - optimizer step 8.523 ms
[INFO   ] DREAMPlace - iteration  338, ( 338,  0,  0), Obj 8.347717E+07, DensityWeight 9.936670E-07, wHPWL 1.753260E+08, Overflow 7.298771E-01, MaxDensity 7.053E+01, gamma 4.576190E+02, time 1.117ms
[INFO   ] DREAMPlace - full step 10.424 ms
[INFO   ] DREAMPlace - optimizer step 8.502 ms
[INFO   ] DREAMPlace - iteration  339, ( 339,  0,  0), Obj 8.367170E+07, DensityWeight 1.020353E-06, wHPWL 1.754798E+08, Overflow 7.292319E-01, MaxDensity 7.531E+01, gamma 4.561503E+02, time 1.122ms
[INFO   ] DREAMPlace - full step 10.409 ms
[INFO   ] DREAMPlace - optimizer step 8.477 ms
[INFO   ] DREAMPlace - iteration  340, ( 340,  0,  0), Obj 8.387571E+07, DensityWeight 1.048644E-06, wHPWL 1.756370E+08, Overflow 7.287507E-01, MaxDensity 7.360E+01, gamma 4.546469E+02, time 1.116ms
[INFO   ] DREAMPlace - full step 10.362 ms
[INFO   ] DREAMPlace - optimizer step 8.456 ms
[INFO   ] DREAMPlace - iteration  341, ( 341,  0,  0), Obj 8.408332E+07, DensityWeight 1.077215E-06, wHPWL 1.757909E+08, Overflow 7.280476E-01, MaxDensity 8.107E+01, gamma 4.535288E+02, time 1.120ms
[INFO   ] DREAMPlace - full step 10.344 ms
[INFO   ] DREAMPlace - optimizer step 8.445 ms
[INFO   ] DREAMPlace - iteration  342, ( 342,  0,  0), Obj 8.425348E+07, DensityWeight 1.107055E-06, wHPWL 1.759397E+08, Overflow 7.275698E-01, MaxDensity 8.095E+01, gamma 4.518999E+02, time 1.121ms
[INFO   ] DREAMPlace - full step 10.325 ms
[INFO   ] DREAMPlace - optimizer step 8.470 ms
[INFO   ] DREAMPlace - iteration  343, ( 343,  0,  0), Obj 8.446342E+07, DensityWeight 1.138554E-06, wHPWL 1.760816E+08, Overflow 7.269024E-01, MaxDensity 7.198E+01, gamma 4.507965E+02, time 1.129ms
[INFO   ] DREAMPlace - full step 10.362 ms
[INFO   ] DREAMPlace - optimizer step 8.441 ms
[INFO   ] DREAMPlace - iteration  344, ( 344,  0,  0), Obj 8.463395E+07, DensityWeight 1.172066E-06, wHPWL 1.762313E+08, Overflow 7.265159E-01, MaxDensity 6.922E+01, gamma 4.492596E+02, time 1.129ms
[INFO   ] DREAMPlace - full step 10.344 ms
[INFO   ] DREAMPlace - optimizer step 8.372 ms
[INFO   ] DREAMPlace - iteration  345, ( 345,  0,  0), Obj 8.483609E+07, DensityWeight 1.205251E-06, wHPWL 1.763720E+08, Overflow 7.257219E-01, MaxDensity 6.997E+01, gamma 4.483720E+02, time 1.120ms
[INFO   ] DREAMPlace - full step 10.272 ms
[INFO   ] DREAMPlace - optimizer step 8.365 ms
[INFO   ] DREAMPlace - iteration  346, ( 346,  0,  0), Obj 8.498146E+07, DensityWeight 1.240928E-06, wHPWL 1.765140E+08, Overflow 7.252883E-01, MaxDensity 6.846E+01, gamma 4.465541E+02, time 1.125ms
[INFO   ] DREAMPlace - full step 10.249 ms
[INFO   ] DREAMPlace - optimizer step 8.351 ms
[INFO   ] DREAMPlace - iteration  347, ( 347,  0,  0), Obj 8.520127E+07, DensityWeight 1.277436E-06, wHPWL 1.766412E+08, Overflow 7.243304E-01, MaxDensity 6.495E+01, gamma 4.455645E+02, time 1.117ms
[INFO   ] DREAMPlace - full step 10.237 ms
[INFO   ] DREAMPlace - optimizer step 8.283 ms
[INFO   ] DREAMPlace - iteration  348, ( 348,  0,  0), Obj 8.535468E+07, DensityWeight 1.317734E-06, wHPWL 1.767776E+08, Overflow 7.239379E-01, MaxDensity 6.508E+01, gamma 4.433861E+02, time 1.126ms
[INFO   ] DREAMPlace - full step 10.178 ms
[INFO   ] DREAMPlace - optimizer step 8.279 ms
[INFO   ] DREAMPlace - iteration  349, ( 349,  0,  0), Obj 8.560128E+07, DensityWeight 1.357560E-06, wHPWL 1.768892E+08, Overflow 7.229676E-01, MaxDensity 6.780E+01, gamma 4.424963E+02, time 1.124ms
[INFO   ] DREAMPlace - full step 10.169 ms
[INFO   ] DREAMPlace - optimizer step 8.246 ms
[INFO   ] DREAMPlace - iteration  350, ( 350,  0,  0), Obj 8.573890E+07, DensityWeight 1.403450E-06, wHPWL 1.770086E+08, Overflow 7.223325E-01, MaxDensity 6.034E+01, gamma 4.403048E+02, time 1.123ms
[INFO   ] DREAMPlace - full step 10.139 ms
[INFO   ] DREAMPlace - optimizer step 8.229 ms
[INFO   ] DREAMPlace - iteration  351, ( 351,  0,  0), Obj 8.597535E+07, DensityWeight 1.449293E-06, wHPWL 1.770956E+08, Overflow 7.214946E-01, MaxDensity 5.748E+01, gamma 4.388764E+02, time 1.117ms
[INFO   ] DREAMPlace - full step 10.123 ms
[INFO   ] DREAMPlace - optimizer step 8.251 ms
[INFO   ] DREAMPlace - iteration  352, ( 352,  0,  0), Obj 8.615355E+07, DensityWeight 1.503415E-06, wHPWL 1.771950E+08, Overflow 7.208813E-01, MaxDensity 6.580E+01, gamma 4.369988E+02, time 1.122ms
[INFO   ] DREAMPlace - full step 10.140 ms
[INFO   ] DREAMPlace - optimizer step 8.172 ms
[INFO   ] DREAMPlace - iteration  353, ( 353,  0,  0), Obj 8.636158E+07, DensityWeight 1.556850E-06, wHPWL 1.772732E+08, Overflow 7.201049E-01, MaxDensity 5.258E+01, gamma 4.356296E+02, time 1.117ms
[INFO   ] DREAMPlace - full step 10.054 ms
[INFO   ] DREAMPlace - optimizer step 8.113 ms
[INFO   ] DREAMPlace - iteration  354, ( 354,  0,  0), Obj 8.651798E+07, DensityWeight 1.616975E-06, wHPWL 1.773431E+08, Overflow 7.195569E-01, MaxDensity 5.157E+01, gamma 4.339023E+02, time 1.122ms
[INFO   ] DREAMPlace - full step 9.992 ms
[INFO   ] DREAMPlace - optimizer step 8.092 ms
[INFO   ] DREAMPlace - iteration  355, ( 355,  0,  0), Obj 8.669917E+07, DensityWeight 1.681359E-06, wHPWL 1.774018E+08, Overflow 7.188149E-01, MaxDensity 5.766E+01, gamma 4.326874E+02, time 1.121ms
[INFO   ] DREAMPlace - full step 9.985 ms
[INFO   ] DREAMPlace - optimizer step 8.096 ms
[INFO   ] DREAMPlace - iteration  356, ( 356,  0,  0), Obj 8.683321E+07, DensityWeight 1.751047E-06, wHPWL 1.774579E+08, Overflow 7.184483E-01, MaxDensity 6.226E+01, gamma 4.310477E+02, time 1.111ms
[INFO   ] DREAMPlace - full step 9.963 ms
[INFO   ] DREAMPlace - optimizer step 8.099 ms
[INFO   ] DREAMPlace - iteration  357, ( 357,  0,  0), Obj 8.699607E+07, DensityWeight 1.824266E-06, wHPWL 1.775013E+08, Overflow 7.177675E-01, MaxDensity 5.259E+01, gamma 4.302397E+02, time 1.130ms
[INFO   ] DREAMPlace - full step 10.001 ms
[INFO   ] DREAMPlace - optimizer step 8.018 ms
[INFO   ] DREAMPlace - iteration  358, ( 358,  0,  0), Obj 8.708028E+07, DensityWeight 1.903940E-06, wHPWL 1.775430E+08, Overflow 7.171698E-01, MaxDensity 5.240E+01, gamma 4.287437E+02, time 1.127ms
[INFO   ] DREAMPlace - full step 9.921 ms
[INFO   ] DREAMPlace - optimizer step 8.027 ms
[INFO   ] DREAMPlace - iteration  359, ( 359,  0,  0), Obj 8.721376E+07, DensityWeight 1.987533E-06, wHPWL 1.775671E+08, Overflow 7.163213E-01, MaxDensity 6.012E+01, gamma 4.274344E+02, time 1.122ms
[INFO   ] DREAMPlace - full step 9.921 ms
[INFO   ] DREAMPlace - optimizer step 7.997 ms
[INFO   ] DREAMPlace - iteration  360, ( 360,  0,  0), Obj 8.733440E+07, DensityWeight 2.079907E-06, wHPWL 1.775984E+08, Overflow 7.155935E-01, MaxDensity 5.431E+01, gamma 4.255827E+02, time 1.119ms
[INFO   ] DREAMPlace - full step 9.881 ms
[INFO   ] DREAMPlace - optimizer step 7.938 ms
[INFO   ] DREAMPlace - iteration  361, ( 361,  0,  0), Obj 8.749968E+07, DensityWeight 2.174409E-06, wHPWL 1.776193E+08, Overflow 7.148720E-01, MaxDensity 5.143E+01, gamma 4.240007E+02, time 1.113ms
[INFO   ] DREAMPlace - full step 9.819 ms
[INFO   ] DREAMPlace - optimizer step 7.901 ms
[INFO   ] DREAMPlace - iteration  362, ( 362,  0,  0), Obj 8.763353E+07, DensityWeight 2.276479E-06, wHPWL 1.776327E+08, Overflow 7.140362E-01, MaxDensity 5.226E+01, gamma 4.224383E+02, time 1.124ms
[INFO   ] DREAMPlace - full step 9.799 ms
[INFO   ] DREAMPlace - optimizer step 7.883 ms
[INFO   ] DREAMPlace - iteration  363, ( 363,  0,  0), Obj 8.775246E+07, DensityWeight 2.385834E-06, wHPWL 1.776225E+08, Overflow 7.133325E-01, MaxDensity 5.750E+01, gamma 4.206354E+02, time 1.117ms
[INFO   ] DREAMPlace - full step 9.763 ms
[INFO   ] DREAMPlace - optimizer step 7.859 ms
[INFO   ] DREAMPlace - iteration  364, ( 364,  0,  0), Obj 8.788624E+07, DensityWeight 2.455023E-06, wHPWL 1.776053E+08, Overflow 7.127025E-01, MaxDensity 4.336E+01, gamma 4.191237E+02, time 1.116ms
[INFO   ] DREAMPlace - full step 9.751 ms
[INFO   ] DREAMPlace - optimizer step 7.824 ms
[INFO   ] DREAMPlace - iteration  365, ( 365,  0,  0), Obj 8.799338E+07, DensityWeight 2.526219E-06, wHPWL 1.775818E+08, Overflow 7.121428E-01, MaxDensity 5.415E+01, gamma 4.177746E+02, time 1.118ms
[INFO   ] DREAMPlace - full step 9.708 ms
[INFO   ] DREAMPlace - optimizer step 7.794 ms
[INFO   ] DREAMPlace - iteration  366, ( 366,  0,  0), Obj 8.807355E+07, DensityWeight 2.599480E-06, wHPWL 1.775461E+08, Overflow 7.117282E-01, MaxDensity 4.830E+01, gamma 4.165799E+02, time 1.134ms
[INFO   ] DREAMPlace - full step 9.697 ms
[INFO   ] DREAMPlace - optimizer step 7.799 ms
[INFO   ] DREAMPlace - iteration  367, ( 367,  0,  0), Obj 8.813124E+07, DensityWeight 2.674865E-06, wHPWL 1.774929E+08, Overflow 7.113048E-01, MaxDensity 5.046E+01, gamma 4.156970E+02, time 1.122ms
[INFO   ] DREAMPlace - full step 9.695 ms
[INFO   ] DREAMPlace - optimizer step 7.755 ms
[INFO   ] DREAMPlace - iteration  368, ( 368,  0,  0), Obj 8.815560E+07, DensityWeight 2.752436E-06, wHPWL 1.774369E+08, Overflow 7.106426E-01, MaxDensity 4.170E+01, gamma 4.147976E+02, time 1.115ms
[INFO   ] DREAMPlace - full step 9.629 ms
[INFO   ] DREAMPlace - optimizer step 7.738 ms
[INFO   ] DREAMPlace - iteration  369, ( 369,  0,  0), Obj 8.817872E+07, DensityWeight 2.832257E-06, wHPWL 1.773747E+08, Overflow 7.099978E-01, MaxDensity 5.346E+01, gamma 4.133943E+02, time 1.119ms
[INFO   ] DREAMPlace - full step 9.621 ms
[INFO   ] DREAMPlace - optimizer step 7.772 ms
[INFO   ] DREAMPlace - iteration  370, ( 370,  0,  0), Obj 8.824906E+07, DensityWeight 2.914392E-06, wHPWL 1.773101E+08, Overflow 7.090278E-01, MaxDensity 4.382E+01, gamma 4.120326E+02, time 1.120ms
[INFO   ] DREAMPlace - full step 9.630 ms
[INFO   ] DREAMPlace - optimizer step 7.797 ms
[INFO   ] DREAMPlace - iteration  371, ( 371,  0,  0), Obj 8.832103E+07, DensityWeight 2.998910E-06, wHPWL 1.772494E+08, Overflow 7.079038E-01, MaxDensity 4.348E+01, gamma 4.099927E+02, time 1.156ms
[INFO   ] DREAMPlace - full step 9.739 ms
[INFO   ] DREAMPlace - optimizer step 7.693 ms
[INFO   ] DREAMPlace - iteration  372, ( 372,  0,  0), Obj 8.845258E+07, DensityWeight 3.085878E-06, wHPWL 1.771709E+08, Overflow 7.068556E-01, MaxDensity 4.278E+01, gamma 4.076415E+02, time 1.130ms
[INFO   ] DREAMPlace - full step 9.598 ms
[INFO   ] DREAMPlace - optimizer step 7.654 ms
[INFO   ] DREAMPlace - iteration  373, ( 373,  0,  0), Obj 8.861910E+07, DensityWeight 3.175369E-06, wHPWL 1.770926E+08, Overflow 7.053759E-01, MaxDensity 5.011E+01, gamma 4.054609E+02, time 1.122ms
[INFO   ] DREAMPlace - full step 9.540 ms
[INFO   ] DREAMPlace - optimizer step 7.647 ms
[INFO   ] DREAMPlace - iteration  374, ( 374,  0,  0), Obj 8.877098E+07, DensityWeight 3.267455E-06, wHPWL 1.769986E+08, Overflow 7.037326E-01, MaxDensity 4.043E+01, gamma 4.024026E+02, time 1.119ms
[INFO   ] DREAMPlace - full step 9.526 ms
[INFO   ] DREAMPlace - optimizer step 7.648 ms
[INFO   ] DREAMPlace - iteration  375, ( 375,  0,  0), Obj 8.900880E+07, DensityWeight 3.362211E-06, wHPWL 1.769001E+08, Overflow 7.020255E-01, MaxDensity 4.047E+01, gamma 3.990332E+02, time 1.124ms
[INFO   ] DREAMPlace - full step 9.534 ms
[INFO   ] DREAMPlace - optimizer step 7.669 ms
[INFO   ] DREAMPlace - iteration  376, ( 376,  0,  0), Obj 8.929010E+07, DensityWeight 3.459715E-06, wHPWL 1.767956E+08, Overflow 7.002040E-01, MaxDensity 4.327E+01, gamma 3.955629E+02, time 1.123ms
[INFO   ] DREAMPlace - full step 9.552 ms
[INFO   ] DREAMPlace - optimizer step 7.627 ms
[INFO   ] DREAMPlace - iteration  377, ( 377,  0,  0), Obj 8.959269E+07, DensityWeight 3.560047E-06, wHPWL 1.766985E+08, Overflow 6.986123E-01, MaxDensity 4.588E+01, gamma 3.918932E+02, time 1.132ms
[INFO   ] DREAMPlace - full step 9.530 ms
[INFO   ] DREAMPlace - optimizer step 7.618 ms
[INFO   ] DREAMPlace - iteration  378, ( 378,  0,  0), Obj 8.991882E+07, DensityWeight 3.663289E-06, wHPWL 1.765814E+08, Overflow 6.972466E-01, MaxDensity 4.155E+01, gamma 3.887143E+02, time 1.160ms
[INFO   ] DREAMPlace - full step 9.537 ms
[INFO   ] DREAMPlace - optimizer step 7.614 ms
[INFO   ] DREAMPlace - iteration  379, ( 379,  0,  0), Obj 9.020729E+07, DensityWeight 3.769524E-06, wHPWL 1.764728E+08, Overflow 6.959237E-01, MaxDensity 3.779E+01, gamma 3.860075E+02, time 1.133ms
[INFO   ] DREAMPlace - full step 9.509 ms
[INFO   ] DREAMPlace - optimizer step 7.644 ms
[INFO   ] DREAMPlace - iteration  380, ( 380,  0,  0), Obj 9.045651E+07, DensityWeight 3.878841E-06, wHPWL 1.763623E+08, Overflow 6.946327E-01, MaxDensity 4.141E+01, gamma 3.834033E+02, time 1.143ms
[INFO   ] DREAMPlace - full step 9.585 ms
[INFO   ] DREAMPlace - optimizer step 7.669 ms
[INFO   ] DREAMPlace - iteration  381, ( 381,  0,  0), Obj 9.070951E+07, DensityWeight 3.991328E-06, wHPWL 1.762761E+08, Overflow 6.935255E-01, MaxDensity 3.806E+01, gamma 3.808791E+02, time 1.150ms
[INFO   ] DREAMPlace - full step 9.612 ms
[INFO   ] DREAMPlace - optimizer step 7.639 ms
[INFO   ] DREAMPlace - iteration  382, ( 382,  0,  0), Obj 9.097245E+07, DensityWeight 4.107076E-06, wHPWL 1.762130E+08, Overflow 6.922686E-01, MaxDensity 4.231E+01, gamma 3.787273E+02, time 1.146ms
[INFO   ] DREAMPlace - full step 9.598 ms
[INFO   ] DREAMPlace - optimizer step 7.640 ms
[INFO   ] DREAMPlace - iteration  383, ( 383,  0,  0), Obj 9.121598E+07, DensityWeight 4.226182E-06, wHPWL 1.761843E+08, Overflow 6.911626E-01, MaxDensity 3.743E+01, gamma 3.762993E+02, time 1.155ms
[INFO   ] DREAMPlace - full step 9.613 ms
[INFO   ] DREAMPlace - optimizer step 7.621 ms
[INFO   ] DREAMPlace - iteration  384, ( 384,  0,  0), Obj 9.150051E+07, DensityWeight 4.348741E-06, wHPWL 1.761746E+08, Overflow 6.900259E-01, MaxDensity 3.431E+01, gamma 3.741759E+02, time 1.142ms
[INFO   ] DREAMPlace - full step 9.593 ms
[INFO   ] DREAMPlace - optimizer step 7.618 ms
[INFO   ] DREAMPlace - iteration  385, ( 385,  0,  0), Obj 9.177417E+07, DensityWeight 4.474855E-06, wHPWL 1.762009E+08, Overflow 6.887802E-01, MaxDensity 3.591E+01, gamma 3.720059E+02, time 1.125ms
[INFO   ] DREAMPlace - full step 17.734 ms
[INFO   ] DREAMPlace - optimizer step 7.580 ms
[INFO   ] DREAMPlace - iteration  386, ( 386,  0,  0), Obj 9.206928E+07, DensityWeight 4.681421E-06, wHPWL 1.762545E+08, Overflow 6.875596E-01, MaxDensity 3.802E+01, gamma 3.696422E+02, time 1.307ms
[INFO   ] DREAMPlace - full step 9.800 ms
[INFO   ] DREAMPlace - optimizer step 7.462 ms
[INFO   ] DREAMPlace - iteration  387, ( 387,  0,  0), Obj 9.240430E+07, DensityWeight 4.878857E-06, wHPWL 1.763420E+08, Overflow 6.860366E-01, MaxDensity 3.448E+01, gamma 3.673408E+02, time 1.101ms
[INFO   ] DREAMPlace - full step 9.324 ms
[INFO   ] DREAMPlace - optimizer step 7.443 ms
[INFO   ] DREAMPlace - iteration  388, ( 388,  0,  0), Obj 9.275288E+07, DensityWeight 5.060747E-06, wHPWL 1.764595E+08, Overflow 6.847879E-01, MaxDensity 3.750E+01, gamma 3.644893E+02, time 1.110ms
[INFO   ] DREAMPlace - full step 9.322 ms
[INFO   ] DREAMPlace - optimizer step 7.514 ms
[INFO   ] DREAMPlace - iteration  389, ( 389,  0,  0), Obj 9.318233E+07, DensityWeight 5.227430E-06, wHPWL 1.766139E+08, Overflow 6.836178E-01, MaxDensity 3.665E+01, gamma 3.621678E+02, time 1.111ms
[INFO   ] DREAMPlace - full step 9.388 ms
[INFO   ] DREAMPlace - optimizer step 7.468 ms
[INFO   ] DREAMPlace - iteration  390, ( 390,  0,  0), Obj 9.357966E+07, DensityWeight 5.371914E-06, wHPWL 1.767994E+08, Overflow 6.824135E-01, MaxDensity 3.279E+01, gamma 3.600057E+02, time 1.119ms
[INFO   ] DREAMPlace - full step 9.353 ms
[INFO   ] DREAMPlace - optimizer step 7.498 ms
[INFO   ] DREAMPlace - iteration  391, ( 391,  0,  0), Obj 9.396873E+07, DensityWeight 5.496506E-06, wHPWL 1.770017E+08, Overflow 6.814901E-01, MaxDensity 3.105E+01, gamma 3.577941E+02, time 1.117ms
[INFO   ] DREAMPlace - full step 9.403 ms
[INFO   ] DREAMPlace - optimizer step 7.666 ms
[INFO   ] DREAMPlace - iteration  392, ( 392,  0,  0), Obj 9.437230E+07, DensityWeight 5.610883E-06, wHPWL 1.772152E+08, Overflow 6.806369E-01, MaxDensity 3.106E+01, gamma 3.561075E+02, time 1.114ms
[INFO   ] DREAMPlace - full step 9.549 ms
[INFO   ] DREAMPlace - optimizer step 7.530 ms
[INFO   ] DREAMPlace - iteration  393, ( 393,  0,  0), Obj 9.473497E+07, DensityWeight 5.718642E-06, wHPWL 1.774545E+08, Overflow 6.794859E-01, MaxDensity 3.009E+01, gamma 3.545563E+02, time 1.122ms
[INFO   ] DREAMPlace - full step 9.423 ms
[INFO   ] DREAMPlace - optimizer step 7.545 ms
[INFO   ] DREAMPlace - iteration  394, ( 394,  0,  0), Obj 9.508405E+07, DensityWeight 5.807577E-06, wHPWL 1.776985E+08, Overflow 6.784213E-01, MaxDensity 3.022E+01, gamma 3.524742E+02, time 1.113ms
[INFO   ] DREAMPlace - full step 9.427 ms
[INFO   ] DREAMPlace - optimizer step 7.547 ms
[INFO   ] DREAMPlace - iteration  395, ( 395,  0,  0), Obj 9.549310E+07, DensityWeight 5.894003E-06, wHPWL 1.779473E+08, Overflow 6.772240E-01, MaxDensity 3.141E+01, gamma 3.505594E+02, time 1.111ms
[INFO   ] DREAMPlace - full step 9.423 ms
[INFO   ] DREAMPlace - optimizer step 7.571 ms
[INFO   ] DREAMPlace - iteration  396, ( 396,  0,  0), Obj 9.589309E+07, DensityWeight 5.977754E-06, wHPWL 1.782052E+08, Overflow 6.761079E-01, MaxDensity 3.195E+01, gamma 3.484185E+02, time 1.127ms
[INFO   ] DREAMPlace - full step 9.475 ms
[INFO   ] DREAMPlace - optimizer step 7.569 ms
[INFO   ] DREAMPlace - iteration  397, ( 397,  0,  0), Obj 9.630602E+07, DensityWeight 6.055060E-06, wHPWL 1.784446E+08, Overflow 6.750724E-01, MaxDensity 3.208E+01, gamma 3.464342E+02, time 1.111ms
[INFO   ] DREAMPlace - full step 9.443 ms
[INFO   ] DREAMPlace - optimizer step 7.569 ms
[INFO   ] DREAMPlace - iteration  398, ( 398,  0,  0), Obj 9.668744E+07, DensityWeight 6.149063E-06, wHPWL 1.786585E+08, Overflow 6.742642E-01, MaxDensity 3.186E+01, gamma 3.446035E+02, time 1.114ms
[INFO   ] DREAMPlace - full step 9.451 ms
[INFO   ] DREAMPlace - optimizer step 7.572 ms
[INFO   ] DREAMPlace - iteration  399, ( 399,  0,  0), Obj 9.703556E+07, DensityWeight 6.266905E-06, wHPWL 1.788511E+08, Overflow 6.734878E-01, MaxDensity 3.111E+01, gamma 3.431814E+02, time 1.116ms
[INFO   ] DREAMPlace - full step 9.448 ms
[INFO   ] DREAMPlace - optimizer step 7.643 ms
[INFO   ] DREAMPlace - iteration  400, ( 400,  0,  0), Obj 9.731918E+07, DensityWeight 6.405895E-06, wHPWL 1.790157E+08, Overflow 6.725965E-01, MaxDensity 2.926E+01, gamma 3.418208E+02, time 1.115ms
[INFO   ] DREAMPlace - full step 9.514 ms
[INFO   ] DREAMPlace - optimizer step 7.600 ms
[INFO   ] DREAMPlace - iteration  401, ( 401,  0,  0), Obj 9.757394E+07, DensityWeight 6.573604E-06, wHPWL 1.791602E+08, Overflow 6.720272E-01, MaxDensity 3.009E+01, gamma 3.402654E+02, time 1.120ms
[INFO   ] DREAMPlace - full step 9.487 ms
[INFO   ] DREAMPlace - optimizer step 7.754 ms
[INFO   ] DREAMPlace - iteration  402, ( 402,  0,  0), Obj 9.783728E+07, DensityWeight 6.764689E-06, wHPWL 1.792839E+08, Overflow 6.710919E-01, MaxDensity 3.154E+01, gamma 3.392755E+02, time 1.118ms
[INFO   ] DREAMPlace - full step 9.635 ms
[INFO   ] DREAMPlace - optimizer step 7.687 ms
[INFO   ] DREAMPlace - iteration  403, ( 403,  0,  0), Obj 9.802164E+07, DensityWeight 6.981480E-06, wHPWL 1.793991E+08, Overflow 6.703814E-01, MaxDensity 3.123E+01, gamma 3.376557E+02, time 1.154ms
[INFO   ] DREAMPlace - full step 9.630 ms
[INFO   ] DREAMPlace - optimizer step 7.688 ms
[INFO   ] DREAMPlace - iteration  404, ( 404,  0,  0), Obj 9.824633E+07, DensityWeight 7.213773E-06, wHPWL 1.794681E+08, Overflow 6.693870E-01, MaxDensity 2.863E+01, gamma 3.364304E+02, time 1.124ms
[INFO   ] DREAMPlace - full step 9.578 ms
[INFO   ] DREAMPlace - optimizer step 7.710 ms
[INFO   ] DREAMPlace - iteration  405, ( 405,  0,  0), Obj 9.841784E+07, DensityWeight 7.501946E-06, wHPWL 1.795351E+08, Overflow 6.686804E-01, MaxDensity 2.957E+01, gamma 3.347229E+02, time 1.119ms
[INFO   ] DREAMPlace - full step 9.588 ms
[INFO   ] DREAMPlace - optimizer step 7.761 ms
[INFO   ] DREAMPlace - iteration  406, ( 406,  0,  0), Obj 9.861977E+07, DensityWeight 7.803807E-06, wHPWL 1.795607E+08, Overflow 6.678058E-01, MaxDensity 2.784E+01, gamma 3.335149E+02, time 1.121ms
[INFO   ] DREAMPlace - full step 9.643 ms
[INFO   ] DREAMPlace - optimizer step 7.741 ms
[INFO   ] DREAMPlace - iteration  407, ( 407,  0,  0), Obj 9.874660E+07, DensityWeight 8.164753E-06, wHPWL 1.795708E+08, Overflow 6.672384E-01, MaxDensity 2.672E+01, gamma 3.320257E+02, time 1.112ms
[INFO   ] DREAMPlace - full step 9.624 ms
[INFO   ] DREAMPlace - optimizer step 7.774 ms
[INFO   ] DREAMPlace - iteration  408, ( 408,  0,  0), Obj 9.887980E+07, DensityWeight 8.560971E-06, wHPWL 1.795363E+08, Overflow 6.665671E-01, MaxDensity 2.836E+01, gamma 3.310631E+02, time 1.119ms
[INFO   ] DREAMPlace - full step 9.662 ms
[INFO   ] DREAMPlace - optimizer step 7.797 ms
[INFO   ] DREAMPlace - iteration  409, ( 409,  0,  0), Obj 9.894044E+07, DensityWeight 8.809239E-06, wHPWL 1.794960E+08, Overflow 6.657435E-01, MaxDensity 2.559E+01, gamma 3.299278E+02, time 1.117ms
[INFO   ] DREAMPlace - full step 9.712 ms
[INFO   ] DREAMPlace - optimizer step 7.828 ms
[INFO   ] DREAMPlace - iteration  410, ( 410,  0,  0), Obj 9.900577E+07, DensityWeight 9.064707E-06, wHPWL 1.794268E+08, Overflow 6.644670E-01, MaxDensity 2.928E+01, gamma 3.285403E+02, time 1.118ms
[INFO   ] DREAMPlace - full step 9.704 ms
[INFO   ] DREAMPlace - optimizer step 7.887 ms
[INFO   ] DREAMPlace - iteration  411, ( 411,  0,  0), Obj 9.909474E+07, DensityWeight 9.327584E-06, wHPWL 1.793581E+08, Overflow 6.633037E-01, MaxDensity 2.653E+01, gamma 3.264015E+02, time 1.155ms
[INFO   ] DREAMPlace - full step 9.831 ms
[INFO   ] DREAMPlace - optimizer step 7.894 ms
[INFO   ] DREAMPlace - iteration  412, ( 412,  0,  0), Obj 9.927737E+07, DensityWeight 9.598084E-06, wHPWL 1.792789E+08, Overflow 6.619933E-01, MaxDensity 2.576E+01, gamma 3.244643E+02, time 1.120ms
[INFO   ] DREAMPlace - full step 9.781 ms
[INFO   ] DREAMPlace - optimizer step 7.922 ms
[INFO   ] DREAMPlace - iteration  413, ( 413,  0,  0), Obj 9.944101E+07, DensityWeight 9.876429E-06, wHPWL 1.792094E+08, Overflow 6.608599E-01, MaxDensity 2.428E+01, gamma 3.222962E+02, time 1.114ms
[INFO   ] DREAMPlace - full step 9.810 ms
[INFO   ] DREAMPlace - optimizer step 7.932 ms
[INFO   ] DREAMPlace - iteration  414, ( 414,  0,  0), Obj 9.962214E+07, DensityWeight 1.016285E-05, wHPWL 1.791020E+08, Overflow 6.592909E-01, MaxDensity 2.341E+01, gamma 3.204323E+02, time 1.120ms
[INFO   ] DREAMPlace - full step 9.822 ms
[INFO   ] DREAMPlace - optimizer step 7.949 ms
[INFO   ] DREAMPlace - iteration  415, ( 415,  0,  0), Obj 9.976973E+07, DensityWeight 1.045757E-05, wHPWL 1.790018E+08, Overflow 6.578965E-01, MaxDensity 2.611E+01, gamma 3.178701E+02, time 1.121ms
[INFO   ] DREAMPlace - full step 9.831 ms
[INFO   ] DREAMPlace - optimizer step 7.913 ms
[INFO   ] DREAMPlace - iteration  416, ( 416,  0,  0), Obj 1.000126E+08, DensityWeight 1.076084E-05, wHPWL 1.788974E+08, Overflow 6.563749E-01, MaxDensity 2.346E+01, gamma 3.156101E+02, time 1.118ms
[INFO   ] DREAMPlace - full step 9.806 ms
[INFO   ] DREAMPlace - optimizer step 7.958 ms
[INFO   ] DREAMPlace - iteration  417, ( 417,  0,  0), Obj 1.002446E+08, DensityWeight 1.107290E-05, wHPWL 1.788369E+08, Overflow 6.550294E-01, MaxDensity 2.545E+01, gamma 3.131624E+02, time 1.115ms
[INFO   ] DREAMPlace - full step 9.844 ms
[INFO   ] DREAMPlace - optimizer step 7.928 ms
[INFO   ] DREAMPlace - iteration  418, ( 418,  0,  0), Obj 1.005081E+08, DensityWeight 1.139402E-05, wHPWL 1.787684E+08, Overflow 6.534971E-01, MaxDensity 2.443E+01, gamma 3.110138E+02, time 1.117ms
[INFO   ] DREAMPlace - full step 9.814 ms
[INFO   ] DREAMPlace - optimizer step 7.926 ms
[INFO   ] DREAMPlace - iteration  419, ( 419,  0,  0), Obj 1.007480E+08, DensityWeight 1.172444E-05, wHPWL 1.787287E+08, Overflow 6.518654E-01, MaxDensity 2.182E+01, gamma 3.085848E+02, time 1.116ms
[INFO   ] DREAMPlace - full step 9.811 ms
[INFO   ] DREAMPlace - optimizer step 7.959 ms
[INFO   ] DREAMPlace - iteration  420, ( 420,  0,  0), Obj 1.010427E+08, DensityWeight 1.206445E-05, wHPWL 1.787021E+08, Overflow 6.505556E-01, MaxDensity 2.264E+01, gamma 3.060191E+02, time 1.123ms
[INFO   ] DREAMPlace - full step 9.840 ms
[INFO   ] DREAMPlace - optimizer step 7.935 ms
[INFO   ] DREAMPlace - iteration  421, ( 421,  0,  0), Obj 1.013818E+08, DensityWeight 1.241432E-05, wHPWL 1.787318E+08, Overflow 6.490647E-01, MaxDensity 2.253E+01, gamma 3.039751E+02, time 1.112ms
[INFO   ] DREAMPlace - full step 9.818 ms
[INFO   ] DREAMPlace - optimizer step 7.951 ms
[INFO   ] DREAMPlace - iteration  422, ( 422,  0,  0), Obj 1.016804E+08, DensityWeight 1.298131E-05, wHPWL 1.787810E+08, Overflow 6.476054E-01, MaxDensity 2.231E+01, gamma 3.016649E+02, time 1.122ms
[INFO   ] DREAMPlace - full step 9.836 ms
[INFO   ] DREAMPlace - optimizer step 7.928 ms
[INFO   ] DREAMPlace - iteration  423, ( 423,  0,  0), Obj 1.020111E+08, DensityWeight 1.353718E-05, wHPWL 1.788473E+08, Overflow 6.458884E-01, MaxDensity 2.045E+01, gamma 2.994207E+02, time 1.110ms
[INFO   ] DREAMPlace - full step 9.808 ms
[INFO   ] DREAMPlace - optimizer step 7.902 ms
[INFO   ] DREAMPlace - iteration  424, ( 424,  0,  0), Obj 1.023564E+08, DensityWeight 1.408332E-05, wHPWL 1.789341E+08, Overflow 6.443018E-01, MaxDensity 2.074E+01, gamma 2.968017E+02, time 1.109ms
[INFO   ] DREAMPlace - full step 9.779 ms
[INFO   ] DREAMPlace - optimizer step 7.906 ms
[INFO   ] DREAMPlace - iteration  425, ( 425,  0,  0), Obj 1.027695E+08, DensityWeight 1.460961E-05, wHPWL 1.790732E+08, Overflow 6.424848E-01, MaxDensity 1.927E+01, gamma 2.944018E+02, time 1.123ms
[INFO   ] DREAMPlace - full step 9.794 ms
[INFO   ] DREAMPlace - optimizer step 7.923 ms
[INFO   ] DREAMPlace - iteration  426, ( 426,  0,  0), Obj 1.031758E+08, DensityWeight 1.504539E-05, wHPWL 1.792284E+08, Overflow 6.410646E-01, MaxDensity 2.168E+01, gamma 2.916774E+02, time 1.122ms
[INFO   ] DREAMPlace - full step 9.823 ms
[INFO   ] DREAMPlace - optimizer step 7.889 ms
[INFO   ] DREAMPlace - iteration  427, ( 427,  0,  0), Obj 1.036201E+08, DensityWeight 1.545969E-05, wHPWL 1.793968E+08, Overflow 6.391123E-01, MaxDensity 2.296E+01, gamma 2.895656E+02, time 1.120ms
[INFO   ] DREAMPlace - full step 9.765 ms
[INFO   ] DREAMPlace - optimizer step 7.914 ms
[INFO   ] DREAMPlace - iteration  428, ( 428,  0,  0), Obj 1.039943E+08, DensityWeight 1.585605E-05, wHPWL 1.795549E+08, Overflow 6.377981E-01, MaxDensity 2.086E+01, gamma 2.866872E+02, time 1.121ms
[INFO   ] DREAMPlace - full step 9.804 ms
[INFO   ] DREAMPlace - optimizer step 7.894 ms
[INFO   ] DREAMPlace - iteration  429, ( 429,  0,  0), Obj 1.044539E+08, DensityWeight 1.628583E-05, wHPWL 1.797096E+08, Overflow 6.359180E-01, MaxDensity 2.137E+01, gamma 2.847660E+02, time 1.117ms
[INFO   ] DREAMPlace - full step 9.776 ms
[INFO   ] DREAMPlace - optimizer step 7.908 ms
[INFO   ] DREAMPlace - iteration  430, ( 430,  0,  0), Obj 1.048056E+08, DensityWeight 1.673533E-05, wHPWL 1.798596E+08, Overflow 6.346385E-01, MaxDensity 2.025E+01, gamma 2.820395E+02, time 1.113ms
[INFO   ] DREAMPlace - full step 9.787 ms
[INFO   ] DREAMPlace - optimizer step 7.901 ms
[INFO   ] DREAMPlace - iteration  431, ( 431,  0,  0), Obj 1.052332E+08, DensityWeight 1.720855E-05, wHPWL 1.799844E+08, Overflow 6.330559E-01, MaxDensity 2.138E+01, gamma 2.801989E+02, time 1.121ms
[INFO   ] DREAMPlace - full step 9.790 ms
[INFO   ] DREAMPlace - optimizer step 7.895 ms
[INFO   ] DREAMPlace - iteration  432, ( 432,  0,  0), Obj 1.055521E+08, DensityWeight 1.775723E-05, wHPWL 1.800880E+08, Overflow 6.317610E-01, MaxDensity 2.192E+01, gamma 2.779391E+02, time 1.125ms
[INFO   ] DREAMPlace - full step 9.783 ms
[INFO   ] DREAMPlace - optimizer step 7.899 ms
[INFO   ] DREAMPlace - iteration  433, ( 433,  0,  0), Obj 1.058972E+08, DensityWeight 1.837788E-05, wHPWL 1.801671E+08, Overflow 6.303555E-01, MaxDensity 2.002E+01, gamma 2.761036E+02, time 1.121ms
[INFO   ] DREAMPlace - full step 9.808 ms
[INFO   ] DREAMPlace - optimizer step 8.025 ms
[INFO   ] DREAMPlace - iteration  434, ( 434,  0,  0), Obj 1.061820E+08, DensityWeight 1.908498E-05, wHPWL 1.802096E+08, Overflow 6.291357E-01, MaxDensity 1.819E+01, gamma 2.741251E+02, time 1.190ms
[INFO   ] DREAMPlace - full step 9.984 ms
[INFO   ] DREAMPlace - optimizer step 7.979 ms
[INFO   ] DREAMPlace - iteration  435, ( 435,  0,  0), Obj 1.064682E+08, DensityWeight 1.992091E-05, wHPWL 1.802435E+08, Overflow 6.276863E-01, MaxDensity 2.009E+01, gamma 2.724195E+02, time 1.180ms
[INFO   ] DREAMPlace - full step 9.967 ms
[INFO   ] DREAMPlace - optimizer step 8.030 ms
[INFO   ] DREAMPlace - iteration  436, ( 436,  0,  0), Obj 1.067087E+08, DensityWeight 2.081828E-05, wHPWL 1.802351E+08, Overflow 6.261104E-01, MaxDensity 1.935E+01, gamma 2.704065E+02, time 1.195ms
[INFO   ] DREAMPlace - full step 10.044 ms
[INFO   ] DREAMPlace - optimizer step 8.056 ms
[INFO   ] DREAMPlace - iteration  437, ( 437,  0,  0), Obj 1.069778E+08, DensityWeight 2.142202E-05, wHPWL 1.802264E+08, Overflow 6.242840E-01, MaxDensity 1.874E+01, gamma 2.682350E+02, time 1.148ms
[INFO   ] DREAMPlace - full step 10.011 ms
[INFO   ] DREAMPlace - optimizer step 7.987 ms
[INFO   ] DREAMPlace - iteration  438, ( 438,  0,  0), Obj 1.072733E+08, DensityWeight 2.204326E-05, wHPWL 1.801963E+08, Overflow 6.224611E-01, MaxDensity 2.099E+01, gamma 2.657398E+02, time 1.190ms
[INFO   ] DREAMPlace - full step 9.948 ms
[INFO   ] DREAMPlace - optimizer step 7.961 ms
[INFO   ] DREAMPlace - iteration  439, ( 439,  0,  0), Obj 1.076172E+08, DensityWeight 2.268251E-05, wHPWL 1.801860E+08, Overflow 6.204908E-01, MaxDensity 1.887E+01, gamma 2.632726E+02, time 1.161ms
[INFO   ] DREAMPlace - full step 9.924 ms
[INFO   ] DREAMPlace - optimizer step 7.892 ms
[INFO   ] DREAMPlace - iteration  440, ( 440,  0,  0), Obj 1.079570E+08, DensityWeight 2.334030E-05, wHPWL 1.801396E+08, Overflow 6.183565E-01, MaxDensity 1.797E+01, gamma 2.606318E+02, time 1.122ms
[INFO   ] DREAMPlace - full step 9.792 ms
[INFO   ] DREAMPlace - optimizer step 7.897 ms
[INFO   ] DREAMPlace - iteration  441, ( 441,  0,  0), Obj 1.083178E+08, DensityWeight 2.401717E-05, wHPWL 1.800985E+08, Overflow 6.162433E-01, MaxDensity 1.768E+01, gamma 2.578008E+02, time 1.126ms
[INFO   ] DREAMPlace - full step 9.828 ms
[INFO   ] DREAMPlace - optimizer step 7.869 ms
[INFO   ] DREAMPlace - iteration  442, ( 442,  0,  0), Obj 1.087156E+08, DensityWeight 2.471367E-05, wHPWL 1.800373E+08, Overflow 6.139054E-01, MaxDensity 1.731E+01, gamma 2.550283E+02, time 1.129ms
[INFO   ] DREAMPlace - full step 9.762 ms
[INFO   ] DREAMPlace - optimizer step 7.863 ms
[INFO   ] DREAMPlace - iteration  443, ( 443,  0,  0), Obj 1.091258E+08, DensityWeight 2.543037E-05, wHPWL 1.800188E+08, Overflow 6.117779E-01, MaxDensity 1.714E+01, gamma 2.519957E+02, time 1.120ms
[INFO   ] DREAMPlace - full step 9.745 ms
[INFO   ] DREAMPlace - optimizer step 7.869 ms
[INFO   ] DREAMPlace - iteration  444, ( 444,  0,  0), Obj 1.095833E+08, DensityWeight 2.616785E-05, wHPWL 1.799844E+08, Overflow 6.095391E-01, MaxDensity 1.715E+01, gamma 2.492672E+02, time 1.129ms
[INFO   ] DREAMPlace - full step 9.767 ms
[INFO   ] DREAMPlace - optimizer step 7.896 ms
[INFO   ] DREAMPlace - iteration  445, ( 445,  0,  0), Obj 1.100205E+08, DensityWeight 2.692672E-05, wHPWL 1.799986E+08, Overflow 6.074937E-01, MaxDensity 1.678E+01, gamma 2.464281E+02, time 1.118ms
[INFO   ] DREAMPlace - full step 9.774 ms
[INFO   ] DREAMPlace - optimizer step 7.861 ms
[INFO   ] DREAMPlace - iteration  446, ( 446,  0,  0), Obj 1.104817E+08, DensityWeight 2.821724E-05, wHPWL 1.799960E+08, Overflow 6.054134E-01, MaxDensity 1.643E+01, gamma 2.438624E+02, time 1.125ms
[INFO   ] DREAMPlace - full step 9.746 ms
[INFO   ] DREAMPlace - optimizer step 7.863 ms
[INFO   ] DREAMPlace - iteration  447, ( 447,  0,  0), Obj 1.109236E+08, DensityWeight 2.903554E-05, wHPWL 1.800438E+08, Overflow 6.036372E-01, MaxDensity 1.719E+01, gamma 2.412804E+02, time 1.121ms
[INFO   ] DREAMPlace - full step 9.745 ms
[INFO   ] DREAMPlace - optimizer step 7.881 ms
[INFO   ] DREAMPlace - iteration  448, ( 448,  0,  0), Obj 1.113810E+08, DensityWeight 3.028515E-05, wHPWL 1.800910E+08, Overflow 6.013128E-01, MaxDensity 1.497E+01, gamma 2.390974E+02, time 1.119ms
[INFO   ] DREAMPlace - full step 9.761 ms
[INFO   ] DREAMPlace - optimizer step 7.881 ms
[INFO   ] DREAMPlace - iteration  449, ( 449,  0,  0), Obj 1.118024E+08, DensityWeight 3.159086E-05, wHPWL 1.801984E+08, Overflow 5.995851E-01, MaxDensity 1.704E+01, gamma 2.362704E+02, time 1.122ms
[INFO   ] DREAMPlace - full step 9.775 ms
[INFO   ] DREAMPlace - optimizer step 7.900 ms
[INFO   ] DREAMPlace - iteration  450, ( 450,  0,  0), Obj 1.123214E+08, DensityWeight 3.267753E-05, wHPWL 1.802940E+08, Overflow 5.974767E-01, MaxDensity 1.566E+01, gamma 2.341910E+02, time 1.128ms
[INFO   ] DREAMPlace - full step 9.801 ms
[INFO   ] DREAMPlace - optimizer step 7.925 ms
[INFO   ] DREAMPlace - iteration  451, ( 451,  0,  0), Obj 1.127601E+08, DensityWeight 3.385702E-05, wHPWL 1.804612E+08, Overflow 5.953897E-01, MaxDensity 1.598E+01, gamma 2.316780E+02, time 1.123ms
[INFO   ] DREAMPlace - full step 9.823 ms
[INFO   ] DREAMPlace - optimizer step 7.908 ms
[INFO   ] DREAMPlace - iteration  452, ( 452,  0,  0), Obj 1.132450E+08, DensityWeight 3.473110E-05, wHPWL 1.805827E+08, Overflow 5.932898E-01, MaxDensity 1.532E+01, gamma 2.292172E+02, time 1.117ms
[INFO   ] DREAMPlace - full step 9.793 ms
[INFO   ] DREAMPlace - optimizer step 7.892 ms
[INFO   ] DREAMPlace - iteration  453, ( 453,  0,  0), Obj 1.137255E+08, DensityWeight 3.585493E-05, wHPWL 1.807294E+08, Overflow 5.909953E-01, MaxDensity 1.523E+01, gamma 2.267674E+02, time 1.117ms
[INFO   ] DREAMPlace - full step 9.778 ms
[INFO   ] DREAMPlace - optimizer step 7.919 ms
[INFO   ] DREAMPlace - iteration  454, ( 454,  0,  0), Obj 1.141997E+08, DensityWeight 3.688541E-05, wHPWL 1.808402E+08, Overflow 5.888302E-01, MaxDensity 1.527E+01, gamma 2.241206E+02, time 1.123ms
[INFO   ] DREAMPlace - full step 9.816 ms
[INFO   ] DREAMPlace - optimizer step 7.876 ms
[INFO   ] DREAMPlace - iteration  455, ( 455,  0,  0), Obj 1.146778E+08, DensityWeight 3.813650E-05, wHPWL 1.809263E+08, Overflow 5.863556E-01, MaxDensity 1.557E+01, gamma 2.216514E+02, time 1.120ms
[INFO   ] DREAMPlace - full step 9.765 ms
[INFO   ] DREAMPlace - optimizer step 7.900 ms
[INFO   ] DREAMPlace - iteration  456, ( 456,  0,  0), Obj 1.151197E+08, DensityWeight 3.956534E-05, wHPWL 1.809642E+08, Overflow 5.837240E-01, MaxDensity 1.547E+01, gamma 2.188624E+02, time 1.121ms
[INFO   ] DREAMPlace - full step 9.792 ms
[INFO   ] DREAMPlace - optimizer step 7.897 ms
[INFO   ] DREAMPlace - iteration  457, ( 457,  0,  0), Obj 1.155841E+08, DensityWeight 4.132477E-05, wHPWL 1.809714E+08, Overflow 5.814004E-01, MaxDensity 1.601E+01, gamma 2.159351E+02, time 1.123ms
[INFO   ] DREAMPlace - full step 9.790 ms
[INFO   ] DREAMPlace - optimizer step 7.904 ms
[INFO   ] DREAMPlace - iteration  458, ( 458,  0,  0), Obj 1.160699E+08, DensityWeight 4.334757E-05, wHPWL 1.809439E+08, Overflow 5.791097E-01, MaxDensity 1.555E+01, gamma 2.133830E+02, time 1.122ms
[INFO   ] DREAMPlace - full step 9.796 ms
[INFO   ] DREAMPlace - optimizer step 7.897 ms
[INFO   ] DREAMPlace - iteration  459, ( 459,  0,  0), Obj 1.164885E+08, DensityWeight 4.460465E-05, wHPWL 1.809080E+08, Overflow 5.767361E-01, MaxDensity 1.494E+01, gamma 2.108965E+02, time 1.117ms
[INFO   ] DREAMPlace - full step 9.782 ms
[INFO   ] DREAMPlace - optimizer step 7.879 ms
[INFO   ] DREAMPlace - iteration  460, ( 460,  0,  0), Obj 1.168746E+08, DensityWeight 4.589819E-05, wHPWL 1.808151E+08, Overflow 5.742024E-01, MaxDensity 1.540E+01, gamma 2.083505E+02, time 1.123ms
[INFO   ] DREAMPlace - full step 9.771 ms
[INFO   ] DREAMPlace - optimizer step 7.894 ms
[INFO   ] DREAMPlace - iteration  461, ( 461,  0,  0), Obj 1.172709E+08, DensityWeight 4.722924E-05, wHPWL 1.807251E+08, Overflow 5.712408E-01, MaxDensity 1.526E+01, gamma 2.056668E+02, time 1.112ms
[INFO   ] DREAMPlace - full step 9.772 ms
[INFO   ] DREAMPlace - optimizer step 7.873 ms
[INFO   ] DREAMPlace - iteration  462, ( 462,  0,  0), Obj 1.177112E+08, DensityWeight 4.859889E-05, wHPWL 1.806474E+08, Overflow 5.687076E-01, MaxDensity 1.464E+01, gamma 2.025736E+02, time 1.122ms
[INFO   ] DREAMPlace - full step 9.763 ms
[INFO   ] DREAMPlace - optimizer step 7.882 ms
[INFO   ] DREAMPlace - iteration  463, ( 463,  0,  0), Obj 1.182296E+08, DensityWeight 5.000826E-05, wHPWL 1.805922E+08, Overflow 5.659043E-01, MaxDensity 1.407E+01, gamma 1.999648E+02, time 1.121ms
[INFO   ] DREAMPlace - full step 9.772 ms
[INFO   ] DREAMPlace - optimizer step 7.893 ms
[INFO   ] DREAMPlace - iteration  464, ( 464,  0,  0), Obj 1.186965E+08, DensityWeight 5.145850E-05, wHPWL 1.805550E+08, Overflow 5.636930E-01, MaxDensity 1.408E+01, gamma 1.971170E+02, time 1.124ms
[INFO   ] DREAMPlace - full step 9.784 ms
[INFO   ] DREAMPlace - optimizer step 7.874 ms
[INFO   ] DREAMPlace - iteration  465, ( 465,  0,  0), Obj 1.191860E+08, DensityWeight 5.295080E-05, wHPWL 1.804988E+08, Overflow 5.610123E-01, MaxDensity 1.465E+01, gamma 1.948992E+02, time 1.119ms
[INFO   ] DREAMPlace - full step 9.759 ms
[INFO   ] DREAMPlace - optimizer step 7.877 ms
[INFO   ] DREAMPlace - iteration  466, ( 466,  0,  0), Obj 1.196014E+08, DensityWeight 5.448638E-05, wHPWL 1.804656E+08, Overflow 5.590073E-01, MaxDensity 1.336E+01, gamma 1.922441E+02, time 1.118ms
[INFO   ] DREAMPlace - full step 9.759 ms
[INFO   ] DREAMPlace - optimizer step 7.865 ms
[INFO   ] DREAMPlace - iteration  467, ( 467,  0,  0), Obj 1.200864E+08, DensityWeight 5.606649E-05, wHPWL 1.804407E+08, Overflow 5.565868E-01, MaxDensity 1.263E+01, gamma 1.902819E+02, time 1.117ms
[INFO   ] DREAMPlace - full step 9.751 ms
[INFO   ] DREAMPlace - optimizer step 7.849 ms
[INFO   ] DREAMPlace - iteration  468, ( 468,  0,  0), Obj 1.204936E+08, DensityWeight 5.769242E-05, wHPWL 1.804576E+08, Overflow 5.542923E-01, MaxDensity 1.395E+01, gamma 1.879397E+02, time 1.114ms
[INFO   ] DREAMPlace - full step 9.717 ms
[INFO   ] DREAMPlace - optimizer step 7.866 ms
[INFO   ] DREAMPlace - iteration  469, ( 469,  0,  0), Obj 1.209438E+08, DensityWeight 6.043480E-05, wHPWL 1.804584E+08, Overflow 5.518422E-01, MaxDensity 1.362E+01, gamma 1.857460E+02, time 1.124ms
[INFO   ] DREAMPlace - full step 9.748 ms
[INFO   ] DREAMPlace - optimizer step 7.855 ms
[INFO   ] DREAMPlace - iteration  470, ( 470,  0,  0), Obj 1.213867E+08, DensityWeight 6.344875E-05, wHPWL 1.804726E+08, Overflow 5.500394E-01, MaxDensity 1.338E+01, gamma 1.834319E+02, time 1.121ms
[INFO   ] DREAMPlace - full step 9.743 ms
[INFO   ] DREAMPlace - optimizer step 7.868 ms
[INFO   ] DREAMPlace - iteration  471, ( 471,  0,  0), Obj 1.218507E+08, DensityWeight 6.648937E-05, wHPWL 1.804991E+08, Overflow 5.475364E-01, MaxDensity 1.369E+01, gamma 1.817476E+02, time 1.113ms
[INFO   ] DREAMPlace - full step 9.746 ms
[INFO   ] DREAMPlace - optimizer step 7.919 ms
[INFO   ] DREAMPlace - iteration  472, ( 472,  0,  0), Obj 1.222131E+08, DensityWeight 6.955706E-05, wHPWL 1.805269E+08, Overflow 5.449473E-01, MaxDensity 1.317E+01, gamma 1.794346E+02, time 1.120ms
[INFO   ] DREAMPlace - full step 9.814 ms
[INFO   ] DREAMPlace - optimizer step 7.903 ms
[INFO   ] DREAMPlace - iteration  473, ( 473,  0,  0), Obj 1.226568E+08, DensityWeight 7.275170E-05, wHPWL 1.805279E+08, Overflow 5.417525E-01, MaxDensity 1.226E+01, gamma 1.770732E+02, time 1.125ms
[INFO   ] DREAMPlace - full step 9.824 ms
[INFO   ] DREAMPlace - optimizer step 8.043 ms
[INFO   ] DREAMPlace - iteration  474, ( 474,  0,  0), Obj 1.231477E+08, DensityWeight 7.637956E-05, wHPWL 1.805775E+08, Overflow 5.384960E-01, MaxDensity 1.407E+01, gamma 1.742021E+02, time 1.156ms
[INFO   ] DREAMPlace - full step 9.998 ms
[INFO   ] DREAMPlace - optimizer step 7.921 ms
[INFO   ] DREAMPlace - iteration  475, ( 475,  0,  0), Obj 1.237336E+08, DensityWeight 7.964522E-05, wHPWL 1.806384E+08, Overflow 5.350206E-01, MaxDensity 1.336E+01, gamma 1.713233E+02, time 1.132ms
[INFO   ] DREAMPlace - full step 9.850 ms
[INFO   ] DREAMPlace - optimizer step 7.882 ms
[INFO   ] DREAMPlace - iteration  476, ( 476,  0,  0), Obj 1.243223E+08, DensityWeight 8.292113E-05, wHPWL 1.806850E+08, Overflow 5.311550E-01, MaxDensity 1.166E+01, gamma 1.683036E+02, time 1.120ms
[INFO   ] DREAMPlace - full step 9.770 ms
[INFO   ] DREAMPlace - optimizer step 7.874 ms
[INFO   ] DREAMPlace - iteration  477, ( 477,  0,  0), Obj 1.249249E+08, DensityWeight 8.650274E-05, wHPWL 1.806985E+08, Overflow 5.272118E-01, MaxDensity 1.088E+01, gamma 1.650074E+02, time 1.127ms
[INFO   ] DREAMPlace - full step 9.775 ms
[INFO   ] DREAMPlace - optimizer step 7.863 ms
[INFO   ] DREAMPlace - iteration  478, ( 478,  0,  0), Obj 1.255750E+08, DensityWeight 9.065746E-05, wHPWL 1.806870E+08, Overflow 5.231850E-01, MaxDensity 1.048E+01, gamma 1.617114E+02, time 1.121ms
[INFO   ] DREAMPlace - full step 9.751 ms
[INFO   ] DREAMPlace - optimizer step 7.904 ms
[INFO   ] DREAMPlace - iteration  479, ( 479,  0,  0), Obj 1.262493E+08, DensityWeight 9.328653E-05, wHPWL 1.806837E+08, Overflow 5.192624E-01, MaxDensity 1.084E+01, gamma 1.584135E+02, time 1.122ms
[INFO   ] DREAMPlace - full step 9.794 ms
[INFO   ] DREAMPlace - optimizer step 7.877 ms
[INFO   ] DREAMPlace - iteration  480, ( 480,  0,  0), Obj 1.269235E+08, DensityWeight 9.599184E-05, wHPWL 1.806626E+08, Overflow 5.152571E-01, MaxDensity 1.047E+01, gamma 1.552656E+02, time 1.123ms
[INFO   ] DREAMPlace - full step 9.773 ms
[INFO   ] DREAMPlace - optimizer step 7.866 ms
[INFO   ] DREAMPlace - iteration  481, ( 481,  0,  0), Obj 1.275760E+08, DensityWeight 9.877561E-05, wHPWL 1.806195E+08, Overflow 5.115594E-01, MaxDensity 1.117E+01, gamma 1.521159E+02, time 1.121ms
[INFO   ] DREAMPlace - full step 9.754 ms
[INFO   ] DREAMPlace - optimizer step 7.839 ms
[INFO   ] DREAMPlace - iteration  482, ( 482,  0,  0), Obj 1.282208E+08, DensityWeight 1.016401E-04, wHPWL 1.805498E+08, Overflow 5.084662E-01, MaxDensity 1.076E+01, gamma 1.492648E+02, time 1.129ms
[INFO   ] DREAMPlace - full step 9.742 ms
[INFO   ] DREAMPlace - optimizer step 7.841 ms
[INFO   ] DREAMPlace - iteration  483, ( 483,  0,  0), Obj 1.288198E+08, DensityWeight 1.045877E-04, wHPWL 1.804675E+08, Overflow 5.054702E-01, MaxDensity 1.148E+01, gamma 1.469210E+02, time 1.116ms
[INFO   ] DREAMPlace - full step 9.722 ms
[INFO   ] DREAMPlace - optimizer step 7.870 ms
[INFO   ] DREAMPlace - iteration  484, ( 484,  0,  0), Obj 1.293118E+08, DensityWeight 1.076207E-04, wHPWL 1.803700E+08, Overflow 5.023980E-01, MaxDensity 1.132E+01, gamma 1.446858E+02, time 1.119ms
[INFO   ] DREAMPlace - full step 9.758 ms
[INFO   ] DREAMPlace - optimizer step 7.824 ms
[INFO   ] DREAMPlace - iteration  485, ( 485,  0,  0), Obj 1.297697E+08, DensityWeight 1.107417E-04, wHPWL 1.802377E+08, Overflow 4.995344E-01, MaxDensity 1.155E+01, gamma 1.424291E+02, time 1.118ms
[INFO   ] DREAMPlace - full step 9.712 ms
[INFO   ] DREAMPlace - optimizer step 7.856 ms
[INFO   ] DREAMPlace - iteration  486, ( 486,  0,  0), Obj 1.302458E+08, DensityWeight 1.139532E-04, wHPWL 1.801371E+08, Overflow 4.971802E-01, MaxDensity 1.149E+01, gamma 1.403574E+02, time 1.112ms
[INFO   ] DREAMPlace - full step 9.733 ms
[INFO   ] DREAMPlace - optimizer step 7.859 ms
[INFO   ] DREAMPlace - iteration  487, ( 487,  0,  0), Obj 1.307089E+08, DensityWeight 1.172579E-04, wHPWL 1.800601E+08, Overflow 4.946229E-01, MaxDensity 1.202E+01, gamma 1.386767E+02, time 1.116ms
[INFO   ] DREAMPlace - full step 9.740 ms
[INFO   ] DREAMPlace - optimizer step 7.951 ms
[INFO   ] DREAMPlace - iteration  488, ( 488,  0,  0), Obj 1.310814E+08, DensityWeight 1.206584E-04, wHPWL 1.799823E+08, Overflow 4.919972E-01, MaxDensity 1.088E+01, gamma 1.368740E+02, time 1.118ms
[INFO   ] DREAMPlace - full step 9.826 ms
[INFO   ] DREAMPlace - optimizer step 7.918 ms
[INFO   ] DREAMPlace - iteration  489, ( 489,  0,  0), Obj 1.314514E+08, DensityWeight 1.241575E-04, wHPWL 1.798577E+08, Overflow 4.892402E-01, MaxDensity 9.803E+00, gamma 1.350473E+02, time 1.136ms
[INFO   ] DREAMPlace - full step 9.858 ms
[INFO   ] DREAMPlace - optimizer step 8.132 ms
[INFO   ] DREAMPlace - iteration  490, ( 490,  0,  0), Obj 1.318507E+08, DensityWeight 1.277580E-04, wHPWL 1.797859E+08, Overflow 4.866911E-01, MaxDensity 1.043E+01, gamma 1.331556E+02, time 1.175ms
[INFO   ] DREAMPlace - full step 10.104 ms
[INFO   ] DREAMPlace - optimizer step 7.965 ms
[INFO   ] DREAMPlace - iteration  491, ( 491,  0,  0), Obj 1.322682E+08, DensityWeight 1.314630E-04, wHPWL 1.797142E+08, Overflow 4.845615E-01, MaxDensity 1.114E+01, gamma 1.314300E+02, time 1.191ms
[INFO   ] DREAMPlace - full step 9.996 ms
[INFO   ] DREAMPlace - optimizer step 7.970 ms
[INFO   ] DREAMPlace - iteration  492, ( 492,  0,  0), Obj 1.326454E+08, DensityWeight 1.352754E-04, wHPWL 1.796483E+08, Overflow 4.822513E-01, MaxDensity 1.154E+01, gamma 1.300056E+02, time 1.158ms
[INFO   ] DREAMPlace - full step 9.959 ms
[INFO   ] DREAMPlace - optimizer step 7.904 ms
[INFO   ] DREAMPlace - iteration  493, ( 493,  0,  0), Obj 1.329381E+08, DensityWeight 1.391984E-04, wHPWL 1.795364E+08, Overflow 4.796465E-01, MaxDensity 1.292E+01, gamma 1.284779E+02, time 1.139ms
[INFO   ] DREAMPlace - full step 9.857 ms
[INFO   ] DREAMPlace - optimizer step 7.832 ms
[INFO   ] DREAMPlace - iteration  494, ( 494,  0,  0), Obj 1.332423E+08, DensityWeight 1.432352E-04, wHPWL 1.794280E+08, Overflow 4.773809E-01, MaxDensity 1.104E+01, gamma 1.267768E+02, time 1.144ms
[INFO   ] DREAMPlace - full step 9.778 ms
[INFO   ] DREAMPlace - optimizer step 7.941 ms
[INFO   ] DREAMPlace - iteration  495, ( 495,  0,  0), Obj 1.335987E+08, DensityWeight 1.473890E-04, wHPWL 1.793356E+08, Overflow 4.746849E-01, MaxDensity 9.846E+00, gamma 1.253156E+02, time 1.126ms
[INFO   ] DREAMPlace - full step 9.838 ms
[INFO   ] DREAMPlace - optimizer step 7.812 ms
[INFO   ] DREAMPlace - iteration  496, ( 496,  0,  0), Obj 1.339259E+08, DensityWeight 1.516633E-04, wHPWL 1.792874E+08, Overflow 4.723670E-01, MaxDensity 9.634E+00, gamma 1.235987E+02, time 1.124ms
[INFO   ] DREAMPlace - full step 9.720 ms
[INFO   ] DREAMPlace - optimizer step 7.806 ms
[INFO   ] DREAMPlace - iteration  497, ( 497,  0,  0), Obj 1.342648E+08, DensityWeight 1.560616E-04, wHPWL 1.791735E+08, Overflow 4.697587E-01, MaxDensity 9.304E+00, gamma 1.221415E+02, time 1.114ms
[INFO   ] DREAMPlace - full step 9.695 ms
[INFO   ] DREAMPlace - optimizer step 7.782 ms
[INFO   ] DREAMPlace - iteration  498, ( 498,  0,  0), Obj 1.345709E+08, DensityWeight 1.605874E-04, wHPWL 1.790949E+08, Overflow 4.676418E-01, MaxDensity 9.473E+00, gamma 1.205222E+02, time 1.108ms
[INFO   ] DREAMPlace - full step 9.661 ms
[INFO   ] DREAMPlace - optimizer step 7.782 ms
[INFO   ] DREAMPlace - iteration  499, ( 499,  0,  0), Obj 1.348905E+08, DensityWeight 1.652444E-04, wHPWL 1.789753E+08, Overflow 4.651164E-01, MaxDensity 9.669E+00, gamma 1.192238E+02, time 1.106ms
[INFO   ] DREAMPlace - full step 9.655 ms
[INFO   ] DREAMPlace - optimizer step 7.822 ms
[INFO   ] DREAMPlace - iteration  500, ( 500,  0,  0), Obj 1.351645E+08, DensityWeight 1.700365E-04, wHPWL 1.788958E+08, Overflow 4.628157E-01, MaxDensity 9.896E+00, gamma 1.176930E+02, time 1.132ms
[INFO   ] DREAMPlace - full step 9.722 ms
[INFO   ] DREAMPlace - optimizer step 7.816 ms
[INFO   ] DREAMPlace - iteration  501, ( 501,  0,  0), Obj 1.354624E+08, DensityWeight 1.749675E-04, wHPWL 1.787705E+08, Overflow 4.604178E-01, MaxDensity 1.120E+01, gamma 1.163157E+02, time 1.120ms
[INFO   ] DREAMPlace - full step 9.706 ms
[INFO   ] DREAMPlace - optimizer step 7.824 ms
[INFO   ] DREAMPlace - iteration  502, ( 502,  0,  0), Obj 1.357598E+08, DensityWeight 1.800416E-04, wHPWL 1.787034E+08, Overflow 4.580973E-01, MaxDensity 1.175E+01, gamma 1.148972E+02, time 1.124ms
[INFO   ] DREAMPlace - full step 9.723 ms
[INFO   ] DREAMPlace - optimizer step 7.809 ms
[INFO   ] DREAMPlace - iteration  503, ( 503,  0,  0), Obj 1.360497E+08, DensityWeight 1.852628E-04, wHPWL 1.786020E+08, Overflow 4.556204E-01, MaxDensity 1.183E+01, gamma 1.135410E+02, time 1.118ms
[INFO   ] DREAMPlace - full step 9.722 ms
[INFO   ] DREAMPlace - optimizer step 7.798 ms
[INFO   ] DREAMPlace - iteration  504, ( 504,  0,  0), Obj 1.363360E+08, DensityWeight 1.906354E-04, wHPWL 1.785266E+08, Overflow 4.531028E-01, MaxDensity 1.114E+01, gamma 1.121111E+02, time 1.124ms
[INFO   ] DREAMPlace - full step 9.690 ms
[INFO   ] DREAMPlace - optimizer step 7.778 ms
[INFO   ] DREAMPlace - iteration  505, ( 505,  0,  0), Obj 1.366310E+08, DensityWeight 1.961639E-04, wHPWL 1.784264E+08, Overflow 4.503025E-01, MaxDensity 1.105E+01, gamma 1.106761E+02, time 1.123ms
[INFO   ] DREAMPlace - full step 9.668 ms
[INFO   ] DREAMPlace - optimizer step 7.810 ms
[INFO   ] DREAMPlace - iteration  506, ( 506,  0,  0), Obj 1.369460E+08, DensityWeight 2.018526E-04, wHPWL 1.783636E+08, Overflow 4.476534E-01, MaxDensity 1.092E+01, gamma 1.091016E+02, time 1.118ms
[INFO   ] DREAMPlace - full step 9.695 ms
[INFO   ] DREAMPlace - optimizer step 7.796 ms
[INFO   ] DREAMPlace - iteration  507, ( 507,  0,  0), Obj 1.372837E+08, DensityWeight 2.077064E-04, wHPWL 1.782767E+08, Overflow 4.445899E-01, MaxDensity 1.072E+01, gamma 1.076327E+02, time 1.110ms
[INFO   ] DREAMPlace - full step 9.672 ms
[INFO   ] DREAMPlace - optimizer step 7.814 ms
[INFO   ] DREAMPlace - iteration  508, ( 508,  0,  0), Obj 1.376162E+08, DensityWeight 2.137299E-04, wHPWL 1.782221E+08, Overflow 4.421321E-01, MaxDensity 9.644E+00, gamma 1.059586E+02, time 1.112ms
[INFO   ] DREAMPlace - full step 9.700 ms
[INFO   ] DREAMPlace - optimizer step 7.808 ms
[INFO   ] DREAMPlace - iteration  509, ( 509,  0,  0), Obj 1.379752E+08, DensityWeight 2.199280E-04, wHPWL 1.781286E+08, Overflow 4.392482E-01, MaxDensity 9.042E+00, gamma 1.046345E+02, time 1.118ms
[INFO   ] DREAMPlace - full step 9.691 ms
[INFO   ] DREAMPlace - optimizer step 7.822 ms
[INFO   ] DREAMPlace - iteration  510, ( 510,  0,  0), Obj 1.382800E+08, DensityWeight 2.263060E-04, wHPWL 1.780696E+08, Overflow 4.366666E-01, MaxDensity 8.795E+00, gamma 1.031017E+02, time 1.130ms
[INFO   ] DREAMPlace - full step 9.713 ms
[INFO   ] DREAMPlace - optimizer step 7.780 ms
[INFO   ] DREAMPlace - iteration  511, ( 511,  0,  0), Obj 1.386015E+08, DensityWeight 2.328689E-04, wHPWL 1.779596E+08, Overflow 4.335709E-01, MaxDensity 9.173E+00, gamma 1.017488E+02, time 1.120ms
[INFO   ] DREAMPlace - full step 9.666 ms
[INFO   ] DREAMPlace - optimizer step 7.761 ms
[INFO   ] DREAMPlace - iteration  512, ( 512,  0,  0), Obj 1.389105E+08, DensityWeight 2.396221E-04, wHPWL 1.778914E+08, Overflow 4.313381E-01, MaxDensity 8.999E+00, gamma 1.001497E+02, time 1.110ms
[INFO   ] DREAMPlace - full step 9.634 ms
[INFO   ] DREAMPlace - optimizer step 7.809 ms
[INFO   ] DREAMPlace - iteration  513, ( 513,  0,  0), Obj 1.392648E+08, DensityWeight 2.465711E-04, wHPWL 1.777995E+08, Overflow 4.281360E-01, MaxDensity 9.363E+00, gamma 9.901204E+01, time 1.121ms
[INFO   ] DREAMPlace - full step 9.690 ms
[INFO   ] DREAMPlace - optimizer step 7.791 ms
[INFO   ] DREAMPlace - iteration  514, ( 514,  0,  0), Obj 1.395358E+08, DensityWeight 2.537217E-04, wHPWL 1.777419E+08, Overflow 4.255287E-01, MaxDensity 1.025E+01, gamma 9.740295E+01, time 1.112ms
[INFO   ] DREAMPlace - full step 9.664 ms
[INFO   ] DREAMPlace - optimizer step 7.761 ms
[INFO   ] DREAMPlace - iteration  515, ( 515,  0,  0), Obj 1.398760E+08, DensityWeight 2.610796E-04, wHPWL 1.776217E+08, Overflow 4.225855E-01, MaxDensity 9.204E+00, gamma 9.611214E+01, time 1.116ms
[INFO   ] DREAMPlace - full step 9.634 ms
[INFO   ] DREAMPlace - optimizer step 7.776 ms
[INFO   ] DREAMPlace - iteration  516, ( 516,  0,  0), Obj 1.401930E+08, DensityWeight 2.686510E-04, wHPWL 1.775717E+08, Overflow 4.202172E-01, MaxDensity 9.260E+00, gamma 9.467555E+01, time 1.111ms
[INFO   ] DREAMPlace - full step 9.654 ms
[INFO   ] DREAMPlace - optimizer step 7.748 ms
[INFO   ] DREAMPlace - iteration  517, ( 517,  0,  0), Obj 1.405220E+08, DensityWeight 2.764419E-04, wHPWL 1.774814E+08, Overflow 4.174911E-01, MaxDensity 9.193E+00, gamma 9.353519E+01, time 1.113ms
[INFO   ] DREAMPlace - full step 9.623 ms
[INFO   ] DREAMPlace - optimizer step 7.795 ms
[INFO   ] DREAMPlace - iteration  518, ( 518,  0,  0), Obj 1.407897E+08, DensityWeight 2.844587E-04, wHPWL 1.774058E+08, Overflow 4.150745E-01, MaxDensity 9.025E+00, gamma 9.223946E+01, time 1.118ms
[INFO   ] DREAMPlace - full step 9.683 ms
[INFO   ] DREAMPlace - optimizer step 7.783 ms
[INFO   ] DREAMPlace - iteration  519, ( 519,  0,  0), Obj 1.410752E+08, DensityWeight 2.927080E-04, wHPWL 1.772953E+08, Overflow 4.122879E-01, MaxDensity 8.676E+00, gamma 9.110592E+01, time 1.112ms
[INFO   ] DREAMPlace - full step 9.659 ms
[INFO   ] DREAMPlace - optimizer step 7.770 ms
[INFO   ] DREAMPlace - iteration  520, ( 520,  0,  0), Obj 1.413488E+08, DensityWeight 3.011965E-04, wHPWL 1.772262E+08, Overflow 4.098848E-01, MaxDensity 8.684E+00, gamma 8.981611E+01, time 1.117ms
[INFO   ] DREAMPlace - full step 9.648 ms
[INFO   ] DREAMPlace - optimizer step 7.772 ms
[INFO   ] DREAMPlace - iteration  521, ( 521,  0,  0), Obj 1.416517E+08, DensityWeight 3.099312E-04, wHPWL 1.771409E+08, Overflow 4.071104E-01, MaxDensity 8.333E+00, gamma 8.871843E+01, time 1.117ms
[INFO   ] DREAMPlace - full step 9.649 ms
[INFO   ] DREAMPlace - optimizer step 7.762 ms
[INFO   ] DREAMPlace - iteration  522, ( 522,  0,  0), Obj 1.419248E+08, DensityWeight 3.189193E-04, wHPWL 1.770804E+08, Overflow 4.043637E-01, MaxDensity 8.068E+00, gamma 8.746786E+01, time 1.118ms
[INFO   ] DREAMPlace - full step 9.641 ms
[INFO   ] DREAMPlace - optimizer step 7.797 ms
[INFO   ] DREAMPlace - iteration  523, ( 523,  0,  0), Obj 1.422197E+08, DensityWeight 3.281679E-04, wHPWL 1.769930E+08, Overflow 4.020369E-01, MaxDensity 8.505E+00, gamma 8.624716E+01, time 1.111ms
[INFO   ] DREAMPlace - full step 9.671 ms
[INFO   ] DREAMPlace - optimizer step 7.786 ms
[INFO   ] DREAMPlace - iteration  524, ( 524,  0,  0), Obj 1.425277E+08, DensityWeight 3.376848E-04, wHPWL 1.769362E+08, Overflow 3.998088E-01, MaxDensity 8.901E+00, gamma 8.522643E+01, time 1.117ms
[INFO   ] DREAMPlace - full step 9.665 ms
[INFO   ] DREAMPlace - optimizer step 7.788 ms
[INFO   ] DREAMPlace - iteration  525, ( 525,  0,  0), Obj 1.427892E+08, DensityWeight 3.474777E-04, wHPWL 1.768726E+08, Overflow 3.972971E-01, MaxDensity 8.905E+00, gamma 8.426025E+01, time 1.111ms
[INFO   ] DREAMPlace - full step 9.663 ms
[INFO   ] DREAMPlace - optimizer step 7.780 ms
[INFO   ] DREAMPlace - iteration  526, ( 526,  0,  0), Obj 1.430215E+08, DensityWeight 3.575546E-04, wHPWL 1.767935E+08, Overflow 3.949792E-01, MaxDensity 8.601E+00, gamma 8.318429E+01, time 1.112ms
[INFO   ] DREAMPlace - full step 9.658 ms
[INFO   ] DREAMPlace - optimizer step 7.750 ms
[INFO   ] DREAMPlace - iteration  527, ( 527,  0,  0), Obj 1.432874E+08, DensityWeight 3.679237E-04, wHPWL 1.767164E+08, Overflow 3.925310E-01, MaxDensity 7.900E+00, gamma 8.220352E+01, time 1.115ms
[INFO   ] DREAMPlace - full step 9.635 ms
[INFO   ] DREAMPlace - optimizer step 7.754 ms
[INFO   ] DREAMPlace - iteration  528, ( 528,  0,  0), Obj 1.435598E+08, DensityWeight 3.785935E-04, wHPWL 1.766864E+08, Overflow 3.902846E-01, MaxDensity 8.154E+00, gamma 8.118019E+01, time 1.123ms
[INFO   ] DREAMPlace - full step 9.641 ms
[INFO   ] DREAMPlace - optimizer step 7.780 ms
[INFO   ] DREAMPlace - iteration  529, ( 529,  0,  0), Obj 1.438325E+08, DensityWeight 3.895727E-04, wHPWL 1.766391E+08, Overflow 3.875694E-01, MaxDensity 7.908E+00, gamma 8.025237E+01, time 1.114ms
[INFO   ] DREAMPlace - full step 9.660 ms
[INFO   ] DREAMPlace - optimizer step 7.758 ms
[INFO   ] DREAMPlace - iteration  530, ( 530,  0,  0), Obj 1.440832E+08, DensityWeight 4.008703E-04, wHPWL 1.765957E+08, Overflow 3.853003E-01, MaxDensity 8.185E+00, gamma 7.914513E+01, time 1.126ms
[INFO   ] DREAMPlace - full step 9.648 ms
[INFO   ] DREAMPlace - optimizer step 7.777 ms
[INFO   ] DREAMPlace - iteration  531, ( 531,  0,  0), Obj 1.443714E+08, DensityWeight 4.124956E-04, wHPWL 1.765394E+08, Overflow 3.824607E-01, MaxDensity 7.517E+00, gamma 7.823153E+01, time 1.133ms
[INFO   ] DREAMPlace - full step 9.671 ms
[INFO   ] DREAMPlace - optimizer step 7.777 ms
[INFO   ] DREAMPlace - iteration  532, ( 532,  0,  0), Obj 1.446337E+08, DensityWeight 4.244580E-04, wHPWL 1.765138E+08, Overflow 3.798041E-01, MaxDensity 8.234E+00, gamma 7.710304E+01, time 1.117ms
[INFO   ] DREAMPlace - full step 9.656 ms
[INFO   ] DREAMPlace - optimizer step 7.758 ms
[INFO   ] DREAMPlace - iteration  533, ( 533,  0,  0), Obj 1.449270E+08, DensityWeight 4.367673E-04, wHPWL 1.764555E+08, Overflow 3.770208E-01, MaxDensity 7.562E+00, gamma 7.606204E+01, time 1.115ms
[INFO   ] DREAMPlace - full step 9.626 ms
[INFO   ] DREAMPlace - optimizer step 7.722 ms
[INFO   ] DREAMPlace - iteration  534, ( 534,  0,  0), Obj 1.452138E+08, DensityWeight 4.494336E-04, wHPWL 1.764181E+08, Overflow 3.745788E-01, MaxDensity 7.828E+00, gamma 7.498647E+01, time 1.117ms
[INFO   ] DREAMPlace - full step 9.604 ms
[INFO   ] DREAMPlace - optimizer step 7.719 ms
[INFO   ] DREAMPlace - iteration  535, ( 535,  0,  0), Obj 1.455009E+08, DensityWeight 4.624672E-04, wHPWL 1.763643E+08, Overflow 3.720088E-01, MaxDensity 7.569E+00, gamma 7.405531E+01, time 1.127ms
[INFO   ] DREAMPlace - full step 9.617 ms
[INFO   ] DREAMPlace - optimizer step 7.753 ms
[INFO   ] DREAMPlace - iteration  536, ( 536,  0,  0), Obj 1.457462E+08, DensityWeight 4.758787E-04, wHPWL 1.763050E+08, Overflow 3.691774E-01, MaxDensity 7.645E+00, gamma 7.308782E+01, time 1.127ms
[INFO   ] DREAMPlace - full step 9.640 ms
[INFO   ] DREAMPlace - optimizer step 7.741 ms
[INFO   ] DREAMPlace - iteration  537, ( 537,  0,  0), Obj 1.459889E+08, DensityWeight 4.896792E-04, wHPWL 1.762246E+08, Overflow 3.667375E-01, MaxDensity 7.778E+00, gamma 7.203658E+01, time 1.116ms
[INFO   ] DREAMPlace - full step 9.634 ms
[INFO   ] DREAMPlace - optimizer step 7.768 ms
[INFO   ] DREAMPlace - iteration  538, ( 538,  0,  0), Obj 1.462635E+08, DensityWeight 5.038799E-04, wHPWL 1.761634E+08, Overflow 3.641236E-01, MaxDensity 7.374E+00, gamma 7.114279E+01, time 1.116ms
[INFO   ] DREAMPlace - full step 9.655 ms
[INFO   ] DREAMPlace - optimizer step 7.754 ms
[INFO   ] DREAMPlace - iteration  539, ( 539,  0,  0), Obj 1.465069E+08, DensityWeight 5.184925E-04, wHPWL 1.761060E+08, Overflow 3.616478E-01, MaxDensity 7.815E+00, gamma 7.019762E+01, time 1.118ms
[INFO   ] DREAMPlace - full step 9.635 ms
[INFO   ] DREAMPlace - optimizer step 7.787 ms
[INFO   ] DREAMPlace - iteration  540, ( 540,  0,  0), Obj 1.467413E+08, DensityWeight 5.335288E-04, wHPWL 1.760268E+08, Overflow 3.593670E-01, MaxDensity 7.022E+00, gamma 6.931394E+01, time 1.117ms
[INFO   ] DREAMPlace - full step 9.672 ms
[INFO   ] DREAMPlace - optimizer step 7.727 ms
[INFO   ] DREAMPlace - iteration  541, ( 541,  0,  0), Obj 1.469628E+08, DensityWeight 5.490012E-04, wHPWL 1.759392E+08, Overflow 3.567788E-01, MaxDensity 7.460E+00, gamma 6.850972E+01, time 1.122ms
[INFO   ] DREAMPlace - full step 9.631 ms
[INFO   ] DREAMPlace - optimizer step 7.752 ms
[INFO   ] DREAMPlace - iteration  542, ( 542,  0,  0), Obj 1.471710E+08, DensityWeight 5.649222E-04, wHPWL 1.758754E+08, Overflow 3.543344E-01, MaxDensity 7.450E+00, gamma 6.760838E+01, time 1.121ms
[INFO   ] DREAMPlace - full step 9.640 ms
[INFO   ] DREAMPlace - optimizer step 7.760 ms
[INFO   ] DREAMPlace - iteration  543, ( 543,  0,  0), Obj 1.473945E+08, DensityWeight 5.813050E-04, wHPWL 1.757871E+08, Overflow 3.514244E-01, MaxDensity 7.509E+00, gamma 6.676806E+01, time 1.126ms
[INFO   ] DREAMPlace - full step 9.651 ms
[INFO   ] DREAMPlace - optimizer step 7.827 ms
[INFO   ] DREAMPlace - iteration  544, ( 544,  0,  0), Obj 1.476174E+08, DensityWeight 5.981629E-04, wHPWL 1.757305E+08, Overflow 3.487176E-01, MaxDensity 6.869E+00, gamma 6.578123E+01, time 1.148ms
[INFO   ] DREAMPlace - full step 9.753 ms
[INFO   ] DREAMPlace - optimizer step 7.846 ms
[INFO   ] DREAMPlace - iteration  545, ( 545,  0,  0), Obj 1.478715E+08, DensityWeight 6.155096E-04, wHPWL 1.756511E+08, Overflow 3.460972E-01, MaxDensity 8.194E+00, gamma 6.487641E+01, time 1.147ms
[INFO   ] DREAMPlace - full step 9.794 ms
[INFO   ] DREAMPlace - optimizer step 7.864 ms
[INFO   ] DREAMPlace - iteration  546, ( 546,  0,  0), Obj 1.481137E+08, DensityWeight 6.333594E-04, wHPWL 1.755947E+08, Overflow 3.436828E-01, MaxDensity 7.205E+00, gamma 6.401234E+01, time 1.146ms
[INFO   ] DREAMPlace - full step 9.792 ms
[INFO   ] DREAMPlace - optimizer step 7.864 ms
[INFO   ] DREAMPlace - iteration  547, ( 547,  0,  0), Obj 1.483312E+08, DensityWeight 6.517268E-04, wHPWL 1.755048E+08, Overflow 3.408544E-01, MaxDensity 6.803E+00, gamma 6.322638E+01, time 1.171ms
[INFO   ] DREAMPlace - full step 9.846 ms
[INFO   ] DREAMPlace - optimizer step 7.862 ms
[INFO   ] DREAMPlace - iteration  548, ( 548,  0,  0), Obj 1.485237E+08, DensityWeight 6.706269E-04, wHPWL 1.754216E+08, Overflow 3.386816E-01, MaxDensity 7.351E+00, gamma 6.231795E+01, time 1.208ms
[INFO   ] DREAMPlace - full step 9.841 ms
[INFO   ] DREAMPlace - optimizer step 7.787 ms
[INFO   ] DREAMPlace - iteration  549, ( 549,  0,  0), Obj 1.487513E+08, DensityWeight 6.900752E-04, wHPWL 1.753263E+08, Overflow 3.360769E-01, MaxDensity 7.533E+00, gamma 6.162894E+01, time 1.165ms
[INFO   ] DREAMPlace - full step 9.738 ms
[INFO   ] DREAMPlace - optimizer step 7.739 ms
[INFO   ] DREAMPlace - iteration  550, ( 550,  0,  0), Obj 1.489374E+08, DensityWeight 7.100874E-04, wHPWL 1.752694E+08, Overflow 3.333016E-01, MaxDensity 7.341E+00, gamma 6.081301E+01, time 1.120ms
[INFO   ] DREAMPlace - full step 9.629 ms
[INFO   ] DREAMPlace - optimizer step 7.743 ms
[INFO   ] DREAMPlace - iteration  551, ( 551,  0,  0), Obj 1.491342E+08, DensityWeight 7.306800E-04, wHPWL 1.751692E+08, Overflow 3.308868E-01, MaxDensity 7.196E+00, gamma 5.995552E+01, time 1.119ms
[INFO   ] DREAMPlace - full step 9.645 ms
[INFO   ] DREAMPlace - optimizer step 7.728 ms
[INFO   ] DREAMPlace - iteration  552, ( 552,  0,  0), Obj 1.493571E+08, DensityWeight 7.518697E-04, wHPWL 1.751015E+08, Overflow 3.279878E-01, MaxDensity 6.840E+00, gamma 5.921925E+01, time 1.113ms
[INFO   ] DREAMPlace - full step 9.611 ms
[INFO   ] DREAMPlace - optimizer step 7.724 ms
[INFO   ] DREAMPlace - iteration  553, ( 553,  0,  0), Obj 1.495566E+08, DensityWeight 7.736739E-04, wHPWL 1.750303E+08, Overflow 3.254270E-01, MaxDensity 6.568E+00, gamma 5.834728E+01, time 1.114ms
[INFO   ] DREAMPlace - full step 9.604 ms
[INFO   ] DREAMPlace - optimizer step 7.730 ms
[INFO   ] DREAMPlace - iteration  554, ( 554,  0,  0), Obj 1.497715E+08, DensityWeight 7.961105E-04, wHPWL 1.749448E+08, Overflow 3.227070E-01, MaxDensity 6.437E+00, gamma 5.758772E+01, time 1.123ms
[INFO   ] DREAMPlace - full step 9.617 ms
[INFO   ] DREAMPlace - optimizer step 7.719 ms
[INFO   ] DREAMPlace - iteration  555, ( 555,  0,  0), Obj 1.499730E+08, DensityWeight 8.191977E-04, wHPWL 1.748642E+08, Overflow 3.206643E-01, MaxDensity 6.412E+00, gamma 5.679179E+01, time 1.117ms
[INFO   ] DREAMPlace - full step 9.604 ms
[INFO   ] DREAMPlace - optimizer step 7.726 ms
[INFO   ] DREAMPlace - iteration  556, ( 556,  0,  0), Obj 1.501744E+08, DensityWeight 8.429545E-04, wHPWL 1.747847E+08, Overflow 3.179125E-01, MaxDensity 6.518E+00, gamma 5.620128E+01, time 1.119ms
[INFO   ] DREAMPlace - full step 9.616 ms
[INFO   ] DREAMPlace - optimizer step 7.711 ms
[INFO   ] DREAMPlace - iteration  557, ( 557,  0,  0), Obj 1.503216E+08, DensityWeight 8.674002E-04, wHPWL 1.746948E+08, Overflow 3.155614E-01, MaxDensity 6.455E+00, gamma 5.541546E+01, time 1.116ms
[INFO   ] DREAMPlace - full step 9.596 ms
[INFO   ] DREAMPlace - optimizer step 7.710 ms
[INFO   ] DREAMPlace - iteration  558, ( 558,  0,  0), Obj 1.505087E+08, DensityWeight 8.925548E-04, wHPWL 1.745991E+08, Overflow 3.128933E-01, MaxDensity 6.710E+00, gamma 5.475280E+01, time 1.115ms
[INFO   ] DREAMPlace - full step 9.600 ms
[INFO   ] DREAMPlace - optimizer step 7.693 ms
[INFO   ] DREAMPlace - iteration  559, ( 559,  0,  0), Obj 1.506911E+08, DensityWeight 9.184389E-04, wHPWL 1.745291E+08, Overflow 3.108053E-01, MaxDensity 6.781E+00, gamma 5.401039E+01, time 1.121ms
[INFO   ] DREAMPlace - full step 9.580 ms
[INFO   ] DREAMPlace - optimizer step 7.698 ms
[INFO   ] DREAMPlace - iteration  560, ( 560,  0,  0), Obj 1.508839E+08, DensityWeight 9.450737E-04, wHPWL 1.744567E+08, Overflow 3.078958E-01, MaxDensity 6.621E+00, gamma 5.343640E+01, time 1.125ms
[INFO   ] DREAMPlace - full step 9.587 ms
[INFO   ] DREAMPlace - optimizer step 7.708 ms
[INFO   ] DREAMPlace - iteration  561, ( 561,  0,  0), Obj 1.510299E+08, DensityWeight 9.724809E-04, wHPWL 1.743730E+08, Overflow 3.055790E-01, MaxDensity 7.018E+00, gamma 5.264677E+01, time 1.114ms
[INFO   ] DREAMPlace - full step 9.583 ms
[INFO   ] DREAMPlace - optimizer step 7.704 ms
[INFO   ] DREAMPlace - iteration  562, ( 562,  0,  0), Obj 1.512256E+08, DensityWeight 1.000683E-03, wHPWL 1.742871E+08, Overflow 3.026308E-01, MaxDensity 6.626E+00, gamma 5.202635E+01, time 1.118ms
[INFO   ] DREAMPlace - full step 9.587 ms
[INFO   ] DREAMPlace - optimizer step 7.727 ms
[INFO   ] DREAMPlace - iteration  563, ( 563,  0,  0), Obj 1.514032E+08, DensityWeight 1.029703E-03, wHPWL 1.742276E+08, Overflow 3.001965E-01, MaxDensity 6.679E+00, gamma 5.124738E+01, time 1.124ms
[INFO   ] DREAMPlace - full step 9.613 ms
[INFO   ] DREAMPlace - optimizer step 7.714 ms
[INFO   ] DREAMPlace - iteration  564, ( 564,  0,  0), Obj 1.516067E+08, DensityWeight 1.059564E-03, wHPWL 1.741540E+08, Overflow 2.977060E-01, MaxDensity 6.613E+00, gamma 5.061301E+01, time 1.120ms
[INFO   ] DREAMPlace - full step 9.613 ms
[INFO   ] DREAMPlace - optimizer step 7.694 ms
[INFO   ] DREAMPlace - iteration  565, ( 565,  0,  0), Obj 1.517804E+08, DensityWeight 1.090292E-03, wHPWL 1.740830E+08, Overflow 2.955945E-01, MaxDensity 6.181E+00, gamma 4.997213E+01, time 1.124ms
[INFO   ] DREAMPlace - full step 9.588 ms
[INFO   ] DREAMPlace - optimizer step 7.697 ms
[INFO   ] DREAMPlace - iteration  566, ( 566,  0,  0), Obj 1.519446E+08, DensityWeight 1.121910E-03, wHPWL 1.740069E+08, Overflow 2.933386E-01, MaxDensity 6.343E+00, gamma 4.943510E+01, time 1.121ms
[INFO   ] DREAMPlace - full step 9.592 ms
[INFO   ] DREAMPlace - optimizer step 7.700 ms
[INFO   ] DREAMPlace - iteration  567, ( 567,  0,  0), Obj 1.520820E+08, DensityWeight 1.154446E-03, wHPWL 1.739273E+08, Overflow 2.910518E-01, MaxDensity 6.526E+00, gamma 4.886776E+01, time 1.115ms
[INFO   ] DREAMPlace - full step 9.583 ms
[INFO   ] DREAMPlace - optimizer step 7.690 ms
[INFO   ] DREAMPlace - iteration  568, ( 568,  0,  0), Obj 1.522243E+08, DensityWeight 1.187925E-03, wHPWL 1.738523E+08, Overflow 2.885784E-01, MaxDensity 6.478E+00, gamma 4.829928E+01, time 1.118ms
[INFO   ] DREAMPlace - full step 9.574 ms
[INFO   ] DREAMPlace - optimizer step 7.697 ms
[INFO   ] DREAMPlace - iteration  569, ( 569,  0,  0), Obj 1.523832E+08, DensityWeight 1.222374E-03, wHPWL 1.737925E+08, Overflow 2.861053E-01, MaxDensity 6.118E+00, gamma 4.769183E+01, time 1.126ms
[INFO   ] DREAMPlace - full step 9.589 ms
[INFO   ] DREAMPlace - optimizer step 7.669 ms
[INFO   ] DREAMPlace - iteration  570, ( 570,  0,  0), Obj 1.525572E+08, DensityWeight 1.257823E-03, wHPWL 1.737443E+08, Overflow 2.836927E-01, MaxDensity 5.885E+00, gamma 4.709213E+01, time 1.122ms
[INFO   ] DREAMPlace - full step 9.557 ms
[INFO   ] DREAMPlace - optimizer step 7.720 ms
[INFO   ] DREAMPlace - iteration  571, ( 571,  0,  0), Obj 1.527327E+08, DensityWeight 1.294300E-03, wHPWL 1.736912E+08, Overflow 2.808029E-01, MaxDensity 5.785E+00, gamma 4.651436E+01, time 1.129ms
[INFO   ] DREAMPlace - full step 9.637 ms
[INFO   ] DREAMPlace - optimizer step 7.734 ms
[INFO   ] DREAMPlace - iteration  572, ( 572,  0,  0), Obj 1.528963E+08, DensityWeight 1.331835E-03, wHPWL 1.736328E+08, Overflow 2.781222E-01, MaxDensity 5.700E+00, gamma 4.583164E+01, time 1.118ms
[INFO   ] DREAMPlace - full step 9.621 ms
[INFO   ] DREAMPlace - optimizer step 7.714 ms
[INFO   ] DREAMPlace - iteration  573, ( 573,  0,  0), Obj 1.530900E+08, DensityWeight 1.370458E-03, wHPWL 1.735646E+08, Overflow 2.754476E-01, MaxDensity 5.563E+00, gamma 4.520725E+01, time 1.140ms
[INFO   ] DREAMPlace - full step 9.625 ms
[INFO   ] DREAMPlace - optimizer step 7.704 ms
[INFO   ] DREAMPlace - iteration  574, ( 574,  0,  0), Obj 1.532801E+08, DensityWeight 1.410202E-03, wHPWL 1.735156E+08, Overflow 2.730346E-01, MaxDensity 5.536E+00, gamma 4.459279E+01, time 1.120ms
[INFO   ] DREAMPlace - full step 9.594 ms
[INFO   ] DREAMPlace - optimizer step 7.704 ms
[INFO   ] DREAMPlace - iteration  575, ( 575,  0,  0), Obj 1.534626E+08, DensityWeight 1.451097E-03, wHPWL 1.734556E+08, Overflow 2.705828E-01, MaxDensity 5.193E+00, gamma 4.404559E+01, time 1.117ms
[INFO   ] DREAMPlace - full step 9.594 ms
[INFO   ] DREAMPlace - optimizer step 7.691 ms
[INFO   ] DREAMPlace - iteration  576, ( 576,  0,  0), Obj 1.536147E+08, DensityWeight 1.493179E-03, wHPWL 1.733874E+08, Overflow 2.684324E-01, MaxDensity 5.247E+00, gamma 4.349647E+01, time 1.121ms
[INFO   ] DREAMPlace - full step 9.568 ms
[INFO   ] DREAMPlace - optimizer step 7.696 ms
[INFO   ] DREAMPlace - iteration  577, ( 577,  0,  0), Obj 1.537683E+08, DensityWeight 1.536482E-03, wHPWL 1.733153E+08, Overflow 2.660213E-01, MaxDensity 4.982E+00, gamma 4.302048E+01, time 1.125ms
[INFO   ] DREAMPlace - full step 9.591 ms
[INFO   ] DREAMPlace - optimizer step 7.688 ms
[INFO   ] DREAMPlace - iteration  578, ( 578,  0,  0), Obj 1.539003E+08, DensityWeight 1.581040E-03, wHPWL 1.732518E+08, Overflow 2.638001E-01, MaxDensity 4.904E+00, gamma 4.249298E+01, time 1.119ms
[INFO   ] DREAMPlace - full step 9.569 ms
[INFO   ] DREAMPlace - optimizer step 7.687 ms
[INFO   ] DREAMPlace - iteration  579, ( 579,  0,  0), Obj 1.540480E+08, DensityWeight 1.626890E-03, wHPWL 1.731818E+08, Overflow 2.614740E-01, MaxDensity 4.972E+00, gamma 4.201277E+01, time 1.117ms
[INFO   ] DREAMPlace - full step 9.565 ms
[INFO   ] DREAMPlace - optimizer step 7.689 ms
[INFO   ] DREAMPlace - iteration  580, ( 580,  0,  0), Obj 1.541829E+08, DensityWeight 1.674070E-03, wHPWL 1.731223E+08, Overflow 2.588708E-01, MaxDensity 5.037E+00, gamma 4.151567E+01, time 1.117ms
[INFO   ] DREAMPlace - full step 9.565 ms
[INFO   ] DREAMPlace - optimizer step 7.690 ms
[INFO   ] DREAMPlace - iteration  581, ( 581,  0,  0), Obj 1.543220E+08, DensityWeight 1.722618E-03, wHPWL 1.730541E+08, Overflow 2.564522E-01, MaxDensity 4.953E+00, gamma 4.096634E+01, time 1.120ms
[INFO   ] DREAMPlace - full step 9.578 ms
[INFO   ] DREAMPlace - optimizer step 7.672 ms
[INFO   ] DREAMPlace - iteration  582, ( 582,  0,  0), Obj 1.544707E+08, DensityWeight 1.772574E-03, wHPWL 1.729880E+08, Overflow 2.541629E-01, MaxDensity 4.938E+00, gamma 4.046249E+01, time 1.123ms
[INFO   ] DREAMPlace - full step 9.556 ms
[INFO   ] DREAMPlace - optimizer step 7.677 ms
[INFO   ] DREAMPlace - iteration  583, ( 583,  0,  0), Obj 1.546155E+08, DensityWeight 1.823979E-03, wHPWL 1.729242E+08, Overflow 2.518989E-01, MaxDensity 5.001E+00, gamma 3.999128E+01, time 1.118ms
[INFO   ] DREAMPlace - full step 9.547 ms
[INFO   ] DREAMPlace - optimizer step 7.694 ms
[INFO   ] DREAMPlace - iteration  584, ( 584,  0,  0), Obj 1.547362E+08, DensityWeight 1.876874E-03, wHPWL 1.728539E+08, Overflow 2.498040E-01, MaxDensity 4.921E+00, gamma 3.953066E+01, time 1.118ms
[INFO   ] DREAMPlace - full step 9.579 ms
[INFO   ] DREAMPlace - optimizer step 7.671 ms
[INFO   ] DREAMPlace - iteration  585, ( 585,  0,  0), Obj 1.548550E+08, DensityWeight 1.931304E-03, wHPWL 1.727745E+08, Overflow 2.477895E-01, MaxDensity 5.389E+00, gamma 3.910919E+01, time 1.112ms
[INFO   ] DREAMPlace - full step 9.550 ms
[INFO   ] DREAMPlace - optimizer step 7.680 ms
[INFO   ] DREAMPlace - iteration  586, ( 586,  0,  0), Obj 1.549593E+08, DensityWeight 1.987312E-03, wHPWL 1.727029E+08, Overflow 2.455394E-01, MaxDensity 4.796E+00, gamma 3.870812E+01, time 1.117ms
[INFO   ] DREAMPlace - full step 9.563 ms
[INFO   ] DREAMPlace - optimizer step 7.650 ms
[INFO   ] DREAMPlace - iteration  587, ( 587,  0,  0), Obj 1.550619E+08, DensityWeight 2.044944E-03, wHPWL 1.726294E+08, Overflow 2.436458E-01, MaxDensity 4.710E+00, gamma 3.826502E+01, time 1.115ms
[INFO   ] DREAMPlace - full step 9.535 ms
[INFO   ] DREAMPlace - optimizer step 7.689 ms
[INFO   ] DREAMPlace - iteration  588, ( 588,  0,  0), Obj 1.551712E+08, DensityWeight 2.104247E-03, wHPWL 1.725572E+08, Overflow 2.413407E-01, MaxDensity 5.326E+00, gamma 3.789606E+01, time 1.119ms
[INFO   ] DREAMPlace - full step 9.569 ms
[INFO   ] DREAMPlace - optimizer step 7.809 ms
[INFO   ] DREAMPlace - iteration  589, ( 589,  0,  0), Obj 1.552696E+08, DensityWeight 2.165270E-03, wHPWL 1.724927E+08, Overflow 2.393288E-01, MaxDensity 5.369E+00, gamma 3.745169E+01, time 1.110ms
[INFO   ] DREAMPlace - full step 9.695 ms
[INFO   ] DREAMPlace - optimizer step 7.775 ms
[INFO   ] DREAMPlace - iteration  590, ( 590,  0,  0), Obj 1.553754E+08, DensityWeight 2.228063E-03, wHPWL 1.724178E+08, Overflow 2.371246E-01, MaxDensity 4.531E+00, gamma 3.706813E+01, time 1.147ms
[INFO   ] DREAMPlace - full step 9.698 ms
[INFO   ] DREAMPlace - optimizer step 7.717 ms
[INFO   ] DREAMPlace - iteration  591, ( 591,  0,  0), Obj 1.554787E+08, DensityWeight 2.292677E-03, wHPWL 1.723542E+08, Overflow 2.348752E-01, MaxDensity 4.401E+00, gamma 3.665240E+01, time 1.116ms
[INFO   ] DREAMPlace - full step 9.600 ms
[INFO   ] DREAMPlace - optimizer step 7.727 ms
[INFO   ] DREAMPlace - iteration  592, ( 592,  0,  0), Obj 1.555777E+08, DensityWeight 2.359165E-03, wHPWL 1.722800E+08, Overflow 2.324399E-01, MaxDensity 4.572E+00, gamma 3.623294E+01, time 1.118ms
[INFO   ] DREAMPlace - full step 9.619 ms
[INFO   ] DREAMPlace - optimizer step 7.713 ms
[INFO   ] DREAMPlace - iteration  593, ( 593,  0,  0), Obj 1.556861E+08, DensityWeight 2.427581E-03, wHPWL 1.722076E+08, Overflow 2.300745E-01, MaxDensity 4.702E+00, gamma 3.578425E+01, time 1.122ms
[INFO   ] DREAMPlace - full step 9.605 ms
[INFO   ] DREAMPlace - optimizer step 7.730 ms
[INFO   ] DREAMPlace - iteration  594, ( 594,  0,  0), Obj 1.558007E+08, DensityWeight 2.497981E-03, wHPWL 1.721386E+08, Overflow 2.276321E-01, MaxDensity 4.775E+00, gamma 3.535376E+01, time 1.125ms
[INFO   ] DREAMPlace - full step 9.630 ms
[INFO   ] DREAMPlace - optimizer step 7.761 ms
[INFO   ] DREAMPlace - iteration  595, ( 595,  0,  0), Obj 1.559167E+08, DensityWeight 2.570423E-03, wHPWL 1.720699E+08, Overflow 2.255654E-01, MaxDensity 4.700E+00, gamma 3.491467E+01, time 1.119ms
[INFO   ] DREAMPlace - full step 9.649 ms
[INFO   ] DREAMPlace - optimizer step 7.717 ms
[INFO   ] DREAMPlace - iteration  596, ( 596,  0,  0), Obj 1.560276E+08, DensityWeight 2.644965E-03, wHPWL 1.719977E+08, Overflow 2.233803E-01, MaxDensity 4.716E+00, gamma 3.454740E+01, time 1.108ms
[INFO   ] DREAMPlace - full step 9.592 ms
[INFO   ] DREAMPlace - optimizer step 7.712 ms
[INFO   ] DREAMPlace - iteration  597, ( 597,  0,  0), Obj 1.561205E+08, DensityWeight 2.721669E-03, wHPWL 1.719228E+08, Overflow 2.212418E-01, MaxDensity 4.590E+00, gamma 3.416327E+01, time 1.116ms
[INFO   ] DREAMPlace - full step 9.596 ms
[INFO   ] DREAMPlace - optimizer step 7.725 ms
[INFO   ] DREAMPlace - iteration  598, ( 598,  0,  0), Obj 1.562102E+08, DensityWeight 2.800598E-03, wHPWL 1.718456E+08, Overflow 2.191307E-01, MaxDensity 4.385E+00, gamma 3.379148E+01, time 1.121ms
[INFO   ] DREAMPlace - full step 9.600 ms
[INFO   ] DREAMPlace - optimizer step 7.940 ms
[INFO   ] DREAMPlace - iteration  599, ( 599,  0,  0), Obj 1.563080E+08, DensityWeight 2.881815E-03, wHPWL 1.717760E+08, Overflow 2.168987E-01, MaxDensity 4.180E+00, gamma 3.342842E+01, time 1.117ms
[INFO   ] DREAMPlace - full step 9.821 ms
[INFO   ] DREAMPlace - optimizer step 7.853 ms
[INFO   ] DREAMPlace - iteration  600, ( 600,  0,  0), Obj 1.564030E+08, DensityWeight 2.965388E-03, wHPWL 1.717146E+08, Overflow 2.147030E-01, MaxDensity 4.268E+00, gamma 3.304883E+01, time 1.160ms
[INFO   ] DREAMPlace - full step 9.842 ms
[INFO   ] DREAMPlace - optimizer step 7.811 ms
[INFO   ] DREAMPlace - iteration  601, ( 601,  0,  0), Obj 1.565008E+08, DensityWeight 3.051384E-03, wHPWL 1.716415E+08, Overflow 2.126370E-01, MaxDensity 4.095E+00, gamma 3.267960E+01, time 1.149ms
[INFO   ] DREAMPlace - full step 9.760 ms
[INFO   ] DREAMPlace - optimizer step 7.851 ms
[INFO   ] DREAMPlace - iteration  602, ( 602,  0,  0), Obj 1.565958E+08, DensityWeight 3.139874E-03, wHPWL 1.715771E+08, Overflow 2.105602E-01, MaxDensity 4.105E+00, gamma 3.233594E+01, time 1.142ms
[INFO   ] DREAMPlace - full step 9.807 ms
[INFO   ] DREAMPlace - optimizer step 7.815 ms
[INFO   ] DREAMPlace - iteration  603, ( 603,  0,  0), Obj 1.566838E+08, DensityWeight 3.230931E-03, wHPWL 1.715069E+08, Overflow 2.085747E-01, MaxDensity 3.980E+00, gamma 3.199413E+01, time 1.133ms
[INFO   ] DREAMPlace - full step 9.735 ms
[INFO   ] DREAMPlace - optimizer step 7.739 ms
[INFO   ] DREAMPlace - iteration  604, ( 604,  0,  0), Obj 1.567681E+08, DensityWeight 3.324628E-03, wHPWL 1.714414E+08, Overflow 2.063888E-01, MaxDensity 3.970E+00, gamma 3.167073E+01, time 1.159ms
[INFO   ] DREAMPlace - full step 9.718 ms
[INFO   ] DREAMPlace - optimizer step 7.809 ms
[INFO   ] DREAMPlace - iteration  605, ( 605,  0,  0), Obj 1.568494E+08, DensityWeight 3.421043E-03, wHPWL 1.713721E+08, Overflow 2.044901E-01, MaxDensity 4.026E+00, gamma 3.131847E+01, time 1.139ms
[INFO   ] DREAMPlace - full step 9.744 ms
[INFO   ] DREAMPlace - optimizer step 7.715 ms
[INFO   ] DREAMPlace - iteration  606, ( 606,  0,  0), Obj 1.569402E+08, DensityWeight 3.520253E-03, wHPWL 1.713115E+08, Overflow 2.025821E-01, MaxDensity 4.026E+00, gamma 3.101568E+01, time 1.135ms
[INFO   ] DREAMPlace - full step 9.644 ms
[INFO   ] DREAMPlace - optimizer step 7.670 ms
[INFO   ] DREAMPlace - iteration  607, ( 607,  0,  0), Obj 1.570198E+08, DensityWeight 3.622340E-03, wHPWL 1.712500E+08, Overflow 2.004555E-01, MaxDensity 4.039E+00, gamma 3.071434E+01, time 1.112ms
[INFO   ] DREAMPlace - full step 9.552 ms
[INFO   ] DREAMPlace - optimizer step 7.710 ms
[INFO   ] DREAMPlace - iteration  608, ( 608,  0,  0), Obj 1.570914E+08, DensityWeight 3.727388E-03, wHPWL 1.711867E+08, Overflow 1.982866E-01, MaxDensity 3.988E+00, gamma 3.038194E+01, time 1.147ms
[INFO   ] DREAMPlace - full step 9.632 ms
[INFO   ] DREAMPlace - optimizer step 7.743 ms
[INFO   ] DREAMPlace - iteration  609, ( 609,  0,  0), Obj 1.571768E+08, DensityWeight 3.835483E-03, wHPWL 1.711220E+08, Overflow 1.960351E-01, MaxDensity 3.985E+00, gamma 3.004663E+01, time 1.115ms
[INFO   ] DREAMPlace - full step 9.621 ms
[INFO   ] DREAMPlace - optimizer step 7.729 ms
[INFO   ] DREAMPlace - iteration  610, ( 610,  0,  0), Obj 1.572672E+08, DensityWeight 3.946712E-03, wHPWL 1.710679E+08, Overflow 1.937491E-01, MaxDensity 3.930E+00, gamma 2.970245E+01, time 1.121ms
[INFO   ] DREAMPlace - full step 9.616 ms
[INFO   ] DREAMPlace - optimizer step 7.730 ms
[INFO   ] DREAMPlace - iteration  611, ( 611,  0,  0), Obj 1.573643E+08, DensityWeight 4.061167E-03, wHPWL 1.710125E+08, Overflow 1.916377E-01, MaxDensity 3.904E+00, gamma 2.935705E+01, time 1.108ms
[INFO   ] DREAMPlace - full step 9.602 ms
[INFO   ] DREAMPlace - optimizer step 7.712 ms
[INFO   ] DREAMPlace - iteration  612, ( 612,  0,  0), Obj 1.574570E+08, DensityWeight 4.178941E-03, wHPWL 1.709552E+08, Overflow 1.895129E-01, MaxDensity 3.805E+00, gamma 2.904158E+01, time 1.113ms
[INFO   ] DREAMPlace - full step 9.589 ms
[INFO   ] DREAMPlace - optimizer step 7.716 ms
[INFO   ] DREAMPlace - iteration  613, ( 613,  0,  0), Obj 1.575425E+08, DensityWeight 4.300130E-03, wHPWL 1.708948E+08, Overflow 1.875229E-01, MaxDensity 3.975E+00, gamma 2.872756E+01, time 1.123ms
[INFO   ] DREAMPlace - full step 9.604 ms
[INFO   ] DREAMPlace - optimizer step 7.732 ms
[INFO   ] DREAMPlace - iteration  614, ( 614,  0,  0), Obj 1.576233E+08, DensityWeight 4.424834E-03, wHPWL 1.708337E+08, Overflow 1.856470E-01, MaxDensity 4.009E+00, gamma 2.843652E+01, time 1.123ms
[INFO   ] DREAMPlace - full step 9.613 ms
[INFO   ] DREAMPlace - optimizer step 7.733 ms
[INFO   ] DREAMPlace - iteration  615, ( 615,  0,  0), Obj 1.577022E+08, DensityWeight 4.553155E-03, wHPWL 1.707748E+08, Overflow 1.838889E-01, MaxDensity 3.892E+00, gamma 2.816486E+01, time 1.118ms
[INFO   ] DREAMPlace - full step 9.610 ms
[INFO   ] DREAMPlace - optimizer step 7.756 ms
[INFO   ] DREAMPlace - iteration  616, ( 616,  0,  0), Obj 1.577726E+08, DensityWeight 4.685196E-03, wHPWL 1.707193E+08, Overflow 1.819902E-01, MaxDensity 3.771E+00, gamma 2.791264E+01, time 1.115ms
[INFO   ] DREAMPlace - full step 9.635 ms
[INFO   ] DREAMPlace - optimizer step 7.739 ms
[INFO   ] DREAMPlace - iteration  617, ( 617,  0,  0), Obj 1.578389E+08, DensityWeight 4.821067E-03, wHPWL 1.706624E+08, Overflow 1.801002E-01, MaxDensity 3.648E+00, gamma 2.764277E+01, time 1.119ms
[INFO   ] DREAMPlace - full step 9.620 ms
[INFO   ] DREAMPlace - optimizer step 7.732 ms
[INFO   ] DREAMPlace - iteration  618, ( 618,  0,  0), Obj 1.579096E+08, DensityWeight 4.960878E-03, wHPWL 1.706101E+08, Overflow 1.781441E-01, MaxDensity 3.584E+00, gamma 2.737673E+01, time 1.115ms
[INFO   ] DREAMPlace - full step 9.616 ms
[INFO   ] DREAMPlace - optimizer step 7.730 ms
[INFO   ] DREAMPlace - iteration  619, ( 619,  0,  0), Obj 1.579862E+08, DensityWeight 5.104744E-03, wHPWL 1.705616E+08, Overflow 1.763090E-01, MaxDensity 3.625E+00, gamma 2.710407E+01, time 1.118ms
[INFO   ] DREAMPlace - full step 9.606 ms
[INFO   ] DREAMPlace - optimizer step 7.737 ms
[INFO   ] DREAMPlace - iteration  620, ( 620,  0,  0), Obj 1.580612E+08, DensityWeight 5.252782E-03, wHPWL 1.705149E+08, Overflow 1.744116E-01, MaxDensity 3.606E+00, gamma 2.685076E+01, time 1.114ms
[INFO   ] DREAMPlace - full step 9.613 ms
[INFO   ] DREAMPlace - optimizer step 7.721 ms
[INFO   ] DREAMPlace - iteration  621, ( 621,  0,  0), Obj 1.581323E+08, DensityWeight 5.405113E-03, wHPWL 1.704659E+08, Overflow 1.725370E-01, MaxDensity 3.506E+00, gamma 2.659134E+01, time 1.122ms
[INFO   ] DREAMPlace - full step 9.611 ms
[INFO   ] DREAMPlace - optimizer step 7.725 ms
[INFO   ] DREAMPlace - iteration  622, ( 622,  0,  0), Obj 1.582026E+08, DensityWeight 5.561861E-03, wHPWL 1.704195E+08, Overflow 1.706077E-01, MaxDensity 3.302E+00, gamma 2.633749E+01, time 1.121ms
[INFO   ] DREAMPlace - full step 9.621 ms
[INFO   ] DREAMPlace - optimizer step 7.743 ms
[INFO   ] DREAMPlace - iteration  623, ( 623,  0,  0), Obj 1.582730E+08, DensityWeight 5.723156E-03, wHPWL 1.703695E+08, Overflow 1.688151E-01, MaxDensity 3.290E+00, gamma 2.607877E+01, time 1.114ms
[INFO   ] DREAMPlace - full step 9.624 ms
[INFO   ] DREAMPlace - optimizer step 7.729 ms
[INFO   ] DREAMPlace - iteration  624, ( 624,  0,  0), Obj 1.583426E+08, DensityWeight 5.889127E-03, wHPWL 1.703208E+08, Overflow 1.670250E-01, MaxDensity 3.434E+00, gamma 2.584065E+01, time 1.121ms
[INFO   ] DREAMPlace - full step 9.633 ms
[INFO   ] DREAMPlace - optimizer step 7.731 ms
[INFO   ] DREAMPlace - iteration  625, ( 625,  0,  0), Obj 1.584086E+08, DensityWeight 6.059912E-03, wHPWL 1.702728E+08, Overflow 1.652084E-01, MaxDensity 3.537E+00, gamma 2.560504E+01, time 1.124ms
[INFO   ] DREAMPlace - full step 9.624 ms
[INFO   ] DREAMPlace - optimizer step 7.686 ms
[INFO   ] DREAMPlace - iteration  626, ( 626,  0,  0), Obj 1.584705E+08, DensityWeight 6.235650E-03, wHPWL 1.702245E+08, Overflow 1.634632E-01, MaxDensity 3.544E+00, gamma 2.536814E+01, time 1.123ms
[INFO   ] DREAMPlace - full step 9.578 ms
[INFO   ] DREAMPlace - optimizer step 7.662 ms
[INFO   ] DREAMPlace - iteration  627, ( 627,  0,  0), Obj 1.585363E+08, DensityWeight 6.416484E-03, wHPWL 1.701785E+08, Overflow 1.615079E-01, MaxDensity 3.539E+00, gamma 2.514261E+01, time 1.122ms
[INFO   ] DREAMPlace - full step 9.549 ms
[INFO   ] DREAMPlace - optimizer step 7.725 ms
[INFO   ] DREAMPlace - iteration  628, ( 628,  0,  0), Obj 1.586004E+08, DensityWeight 6.602562E-03, wHPWL 1.701377E+08, Overflow 1.596350E-01, MaxDensity 3.498E+00, gamma 2.489231E+01, time 1.109ms
[INFO   ] DREAMPlace - full step 9.602 ms
[INFO   ] DREAMPlace - optimizer step 7.724 ms
[INFO   ] DREAMPlace - iteration  629, ( 629,  0,  0), Obj 1.586718E+08, DensityWeight 6.794037E-03, wHPWL 1.700941E+08, Overflow 1.578218E-01, MaxDensity 3.421E+00, gamma 2.465491E+01, time 1.117ms
[INFO   ] DREAMPlace - full step 9.607 ms
[INFO   ] DREAMPlace - optimizer step 7.741 ms
[INFO   ] DREAMPlace - iteration  630, ( 630,  0,  0), Obj 1.587389E+08, DensityWeight 6.991065E-03, wHPWL 1.700510E+08, Overflow 1.561107E-01, MaxDensity 3.335E+00, gamma 2.442722E+01, time 1.112ms
[INFO   ] DREAMPlace - full step 9.626 ms
[INFO   ] DREAMPlace - optimizer step 7.737 ms
[INFO   ] DREAMPlace - iteration  631, ( 631,  0,  0), Obj 1.588022E+08, DensityWeight 7.193806E-03, wHPWL 1.700063E+08, Overflow 1.543166E-01, MaxDensity 3.248E+00, gamma 2.421428E+01, time 1.108ms
[INFO   ] DREAMPlace - full step 9.617 ms
[INFO   ] DREAMPlace - optimizer step 7.734 ms
[INFO   ] DREAMPlace - iteration  632, ( 632,  0,  0), Obj 1.588575E+08, DensityWeight 7.402426E-03, wHPWL 1.699582E+08, Overflow 1.527600E-01, MaxDensity 3.307E+00, gamma 2.399300E+01, time 1.112ms
[INFO   ] DREAMPlace - full step 9.619 ms
[INFO   ] DREAMPlace - optimizer step 7.745 ms
[INFO   ] DREAMPlace - iteration  633, ( 633,  0,  0), Obj 1.589172E+08, DensityWeight 7.617097E-03, wHPWL 1.699136E+08, Overflow 1.512211E-01, MaxDensity 3.310E+00, gamma 2.380267E+01, time 1.122ms
[INFO   ] DREAMPlace - full step 9.636 ms
[INFO   ] DREAMPlace - optimizer step 7.769 ms
[INFO   ] DREAMPlace - iteration  634, ( 634,  0,  0), Obj 1.589677E+08, DensityWeight 7.837993E-03, wHPWL 1.698701E+08, Overflow 1.495689E-01, MaxDensity 3.215E+00, gamma 2.361597E+01, time 1.143ms
[INFO   ] DREAMPlace - full step 9.693 ms
[INFO   ] DREAMPlace - optimizer step 7.755 ms
[INFO   ] DREAMPlace - iteration  635, ( 635,  0,  0), Obj 1.590186E+08, DensityWeight 8.065295E-03, wHPWL 1.698322E+08, Overflow 1.478636E-01, MaxDensity 3.162E+00, gamma 2.341716E+01, time 1.124ms
[INFO   ] DREAMPlace - full step 9.642 ms
[INFO   ] DREAMPlace - optimizer step 7.755 ms
[INFO   ] DREAMPlace - iteration  636, ( 636,  0,  0), Obj 1.590742E+08, DensityWeight 8.299190E-03, wHPWL 1.697937E+08, Overflow 1.460513E-01, MaxDensity 3.166E+00, gamma 2.321371E+01, time 1.121ms
[INFO   ] DREAMPlace - full step 9.655 ms
[INFO   ] DREAMPlace - optimizer step 7.763 ms
[INFO   ] DREAMPlace - iteration  637, ( 637,  0,  0), Obj 1.591346E+08, DensityWeight 8.539867E-03, wHPWL 1.697613E+08, Overflow 1.443414E-01, MaxDensity 3.184E+00, gamma 2.299944E+01, time 1.112ms
[INFO   ] DREAMPlace - full step 9.639 ms
[INFO   ] DREAMPlace - optimizer step 7.949 ms
[INFO   ] DREAMPlace - iteration  638, ( 638,  0,  0), Obj 1.591979E+08, DensityWeight 8.787523E-03, wHPWL 1.697252E+08, Overflow 1.426353E-01, MaxDensity 3.134E+00, gamma 2.279909E+01, time 1.168ms
[INFO   ] DREAMPlace - full step 9.909 ms
[INFO   ] DREAMPlace - optimizer step 7.901 ms
[INFO   ] DREAMPlace - iteration  639, ( 639,  0,  0), Obj 1.592593E+08, DensityWeight 9.042362E-03, wHPWL 1.696940E+08, Overflow 1.409383E-01, MaxDensity 3.101E+00, gamma 2.260092E+01, time 1.251ms
[INFO   ] DREAMPlace - full step 9.990 ms
[INFO   ] DREAMPlace - optimizer step 7.776 ms
[INFO   ] DREAMPlace - iteration  640, ( 640,  0,  0), Obj 1.593170E+08, DensityWeight 9.304591E-03, wHPWL 1.696572E+08, Overflow 1.393369E-01, MaxDensity 3.046E+00, gamma 2.240552E+01, time 1.153ms
[INFO   ] DREAMPlace - full step 9.729 ms
[INFO   ] DREAMPlace - optimizer step 7.727 ms
[INFO   ] DREAMPlace - iteration  641, ( 641,  0,  0), Obj 1.593754E+08, DensityWeight 9.574424E-03, wHPWL 1.696253E+08, Overflow 1.376390E-01, MaxDensity 2.985E+00, gamma 2.222268E+01, time 1.119ms
[INFO   ] DREAMPlace - full step 9.615 ms
[INFO   ] DREAMPlace - optimizer step 7.770 ms
[INFO   ] DREAMPlace - iteration  642, ( 642,  0,  0), Obj 1.594295E+08, DensityWeight 9.852083E-03, wHPWL 1.695914E+08, Overflow 1.360409E-01, MaxDensity 2.983E+00, gamma 2.203044E+01, time 1.117ms
[INFO   ] DREAMPlace - full step 9.659 ms
[INFO   ] DREAMPlace - optimizer step 7.743 ms
[INFO   ] DREAMPlace - iteration  643, ( 643,  0,  0), Obj 1.594879E+08, DensityWeight 1.013779E-02, wHPWL 1.695621E+08, Overflow 1.343507E-01, MaxDensity 2.991E+00, gamma 2.185103E+01, time 1.128ms
[INFO   ] DREAMPlace - full step 9.641 ms
[INFO   ] DREAMPlace - optimizer step 7.732 ms
[INFO   ] DREAMPlace - iteration  644, ( 644,  0,  0), Obj 1.595435E+08, DensityWeight 1.043179E-02, wHPWL 1.695326E+08, Overflow 1.327790E-01, MaxDensity 2.948E+00, gamma 2.166287E+01, time 1.124ms
[INFO   ] DREAMPlace - full step 9.624 ms
[INFO   ] DREAMPlace - optimizer step 7.760 ms
[INFO   ] DREAMPlace - iteration  645, ( 645,  0,  0), Obj 1.596035E+08, DensityWeight 1.073431E-02, wHPWL 1.695076E+08, Overflow 1.311349E-01, MaxDensity 2.829E+00, gamma 2.148935E+01, time 1.113ms
[INFO   ] DREAMPlace - full step 9.643 ms
[INFO   ] DREAMPlace - optimizer step 7.715 ms
[INFO   ] DREAMPlace - iteration  646, ( 646,  0,  0), Obj 1.596574E+08, DensityWeight 1.104561E-02, wHPWL 1.694786E+08, Overflow 1.295009E-01, MaxDensity 2.841E+00, gamma 2.130932E+01, time 1.120ms
[INFO   ] DREAMPlace - full step 9.598 ms
[INFO   ] DREAMPlace - optimizer step 7.724 ms
[INFO   ] DREAMPlace - iteration  647, ( 647,  0,  0), Obj 1.597135E+08, DensityWeight 1.136593E-02, wHPWL 1.694519E+08, Overflow 1.279434E-01, MaxDensity 2.808E+00, gamma 2.113190E+01, time 1.117ms
[INFO   ] DREAMPlace - full step 9.600 ms
[INFO   ] DREAMPlace - optimizer step 7.748 ms
[INFO   ] DREAMPlace - iteration  648, ( 648,  0,  0), Obj 1.597690E+08, DensityWeight 1.169554E-02, wHPWL 1.694242E+08, Overflow 1.263379E-01, MaxDensity 2.831E+00, gamma 2.096416E+01, time 1.122ms
[INFO   ] DREAMPlace - full step 9.635 ms
[INFO   ] DREAMPlace - optimizer step 7.740 ms
[INFO   ] DREAMPlace - iteration  649, ( 649,  0,  0), Obj 1.598231E+08, DensityWeight 1.203472E-02, wHPWL 1.694012E+08, Overflow 1.248567E-01, MaxDensity 2.849E+00, gamma 2.079264E+01, time 1.112ms
[INFO   ] DREAMPlace - full step 9.609 ms
[INFO   ] DREAMPlace - optimizer step 7.765 ms
[INFO   ] DREAMPlace - iteration  650, ( 650,  0,  0), Obj 1.598783E+08, DensityWeight 1.238372E-02, wHPWL 1.693786E+08, Overflow 1.233349E-01, MaxDensity 2.749E+00, gamma 2.063565E+01, time 1.121ms
[INFO   ] DREAMPlace - full step 9.658 ms
[INFO   ] DREAMPlace - optimizer step 7.736 ms
[INFO   ] DREAMPlace - iteration  651, ( 651,  0,  0), Obj 1.599283E+08, DensityWeight 1.274285E-02, wHPWL 1.693560E+08, Overflow 1.219170E-01, MaxDensity 2.750E+00, gamma 2.047559E+01, time 1.117ms
[INFO   ] DREAMPlace - full step 9.617 ms
[INFO   ] DREAMPlace - optimizer step 7.777 ms
[INFO   ] DREAMPlace - iteration  652, ( 652,  0,  0), Obj 1.599770E+08, DensityWeight 1.311239E-02, wHPWL 1.693297E+08, Overflow 1.205272E-01, MaxDensity 2.735E+00, gamma 2.032757E+01, time 1.173ms
[INFO   ] DREAMPlace - full step 9.737 ms
[INFO   ] DREAMPlace - optimizer step 8.109 ms
[INFO   ] DREAMPlace - iteration  653, ( 653,  0,  0), Obj 1.600237E+08, DensityWeight 1.349265E-02, wHPWL 1.693064E+08, Overflow 1.190552E-01, MaxDensity 2.766E+00, gamma 2.018353E+01, time 1.186ms
[INFO   ] DREAMPlace - full step 10.107 ms
[INFO   ] DREAMPlace - optimizer step 7.946 ms
[INFO   ] DREAMPlace - iteration  654, ( 654,  0,  0), Obj 1.600687E+08, DensityWeight 1.388394E-02, wHPWL 1.692826E+08, Overflow 1.177113E-01, MaxDensity 2.669E+00, gamma 2.003207E+01, time 1.232ms
[INFO   ] DREAMPlace - full step 10.024 ms
[INFO   ] DREAMPlace - optimizer step 7.758 ms
[INFO   ] DREAMPlace - iteration  655, ( 655,  0,  0), Obj 1.601187E+08, DensityWeight 1.428658E-02, wHPWL 1.692622E+08, Overflow 1.163335E-01, MaxDensity 2.714E+00, gamma 1.989480E+01, time 1.179ms
[INFO   ] DREAMPlace - full step 9.774 ms
[INFO   ] DREAMPlace - optimizer step 7.815 ms
[INFO   ] DREAMPlace - iteration  656, ( 656,  0,  0), Obj 1.601666E+08, DensityWeight 1.470089E-02, wHPWL 1.692457E+08, Overflow 1.149933E-01, MaxDensity 2.607E+00, gamma 1.975503E+01, time 1.165ms
[INFO   ] DREAMPlace - full step 9.819 ms
[INFO   ] DREAMPlace - optimizer step 7.812 ms
[INFO   ] DREAMPlace - iteration  657, ( 657,  0,  0), Obj 1.602144E+08, DensityWeight 1.512721E-02, wHPWL 1.692290E+08, Overflow 1.135669E-01, MaxDensity 2.612E+00, gamma 1.962003E+01, time 1.150ms
[INFO   ] DREAMPlace - full step 9.776 ms
[INFO   ] DREAMPlace - optimizer step 7.822 ms
[INFO   ] DREAMPlace - iteration  658, ( 658,  0,  0), Obj 1.602575E+08, DensityWeight 1.556590E-02, wHPWL 1.692082E+08, Overflow 1.121667E-01, MaxDensity 2.586E+00, gamma 1.947734E+01, time 1.188ms
[INFO   ] DREAMPlace - full step 9.822 ms
[INFO   ] DREAMPlace - optimizer step 7.828 ms
[INFO   ] DREAMPlace - iteration  659, ( 659,  0,  0), Obj 1.603043E+08, DensityWeight 1.601732E-02, wHPWL 1.691887E+08, Overflow 1.107591E-01, MaxDensity 2.540E+00, gamma 1.933829E+01, time 1.149ms
[INFO   ] DREAMPlace - full step 9.771 ms
[INFO   ] DREAMPlace - optimizer step 7.744 ms
[INFO   ] DREAMPlace - iteration  660, ( 660,  0,  0), Obj 1.603513E+08, DensityWeight 1.648182E-02, wHPWL 1.691709E+08, Overflow 1.093955E-01, MaxDensity 2.558E+00, gamma 1.919951E+01, time 1.159ms
[INFO   ] DREAMPlace - full step 9.699 ms
[INFO   ] DREAMPlace - optimizer step 7.722 ms
[INFO   ] DREAMPlace - iteration  661, ( 661,  0,  0), Obj 1.604000E+08, DensityWeight 1.695979E-02, wHPWL 1.691552E+08, Overflow 1.080202E-01, MaxDensity 2.498E+00, gamma 1.906602E+01, time 1.128ms
[INFO   ] DREAMPlace - full step 9.625 ms
[INFO   ] DREAMPlace - optimizer step 7.727 ms
[INFO   ] DREAMPlace - iteration  662, ( 662,  0,  0), Obj 1.604448E+08, DensityWeight 1.745163E-02, wHPWL 1.691369E+08, Overflow 1.066767E-01, MaxDensity 2.473E+00, gamma 1.893231E+01, time 1.115ms
[INFO   ] DREAMPlace - full step 9.625 ms
[INFO   ] DREAMPlace - optimizer step 7.693 ms
[INFO   ] DREAMPlace - iteration  663, ( 663,  0,  0), Obj 1.604910E+08, DensityWeight 1.795772E-02, wHPWL 1.691205E+08, Overflow 1.052973E-01, MaxDensity 2.431E+00, gamma 1.880261E+01, time 1.120ms
[INFO   ] DREAMPlace - full step 9.579 ms
[INFO   ] DREAMPlace - optimizer step 7.701 ms
[INFO   ] DREAMPlace - iteration  664, ( 664,  0,  0), Obj 1.605369E+08, DensityWeight 1.847850E-02, wHPWL 1.691058E+08, Overflow 1.040310E-01, MaxDensity 2.445E+00, gamma 1.867037E+01, time 1.120ms
[INFO   ] DREAMPlace - full step 9.585 ms
[INFO   ] DREAMPlace - optimizer step 7.707 ms
[INFO   ] DREAMPlace - iteration  665, ( 665,  0,  0), Obj 1.605853E+08, DensityWeight 1.901438E-02, wHPWL 1.690943E+08, Overflow 1.027677E-01, MaxDensity 2.453E+00, gamma 1.854978E+01, time 1.110ms
[INFO   ] DREAMPlace - full step 9.588 ms
[INFO   ] DREAMPlace - optimizer step 7.714 ms
[INFO   ] DREAMPlace - iteration  666, ( 666,  0,  0), Obj 1.606263E+08, DensityWeight 1.956579E-02, wHPWL 1.690774E+08, Overflow 1.015001E-01, MaxDensity 2.451E+00, gamma 1.843027E+01, time 1.119ms
[INFO   ] DREAMPlace - full step 9.597 ms
[INFO   ] DREAMPlace - optimizer step 7.735 ms
[INFO   ] DREAMPlace - iteration  667, ( 667,  0,  0), Obj 1.606679E+08, DensityWeight 2.013320E-02, wHPWL 1.690630E+08, Overflow 1.002846E-01, MaxDensity 2.427E+00, gamma 1.831111E+01, time 1.121ms
[INFO   ] DREAMPlace - full step 9.624 ms
[INFO   ] DREAMPlace - optimizer step 7.721 ms
[INFO   ] DREAMPlace - iteration  668, ( 668,  0,  0), Obj 1.607094E+08, DensityWeight 2.071707E-02, wHPWL 1.690475E+08, Overflow 9.902363E-02, MaxDensity 2.401E+00, gamma 1.819757E+01, time 1.116ms
[INFO   ] DREAMPlace - full step 9.604 ms
[INFO   ] DREAMPlace - optimizer step 7.756 ms
[INFO   ] DREAMPlace - iteration  669, ( 669,  0,  0), Obj 1.607498E+08, DensityWeight 2.131786E-02, wHPWL 1.690349E+08, Overflow 9.778564E-02, MaxDensity 2.380E+00, gamma 1.808054E+01, time 1.121ms
[INFO   ] DREAMPlace - full step 9.648 ms
[INFO   ] DREAMPlace - optimizer step 7.750 ms
[INFO   ] DREAMPlace - iteration  670, ( 670,  0,  0), Obj 1.607904E+08, DensityWeight 2.193608E-02, wHPWL 1.690197E+08, Overflow 9.648278E-02, MaxDensity 2.371E+00, gamma 1.796637E+01, time 1.158ms
[INFO   ] DREAMPlace - full step 9.681 ms
[INFO   ] DREAMPlace - optimizer step 7.774 ms
[INFO   ] DREAMPlace - iteration  671, ( 671,  0,  0), Obj 1.608324E+08, DensityWeight 2.257223E-02, wHPWL 1.690092E+08, Overflow 9.525017E-02, MaxDensity 2.342E+00, gamma 1.784699E+01, time 1.114ms
[INFO   ] DREAMPlace - full step 9.679 ms
[INFO   ] DREAMPlace - optimizer step 7.848 ms
[INFO   ] DREAMPlace - iteration  672, ( 672,  0,  0), Obj 1.608768E+08, DensityWeight 2.322682E-02, wHPWL 1.689978E+08, Overflow 9.408308E-02, MaxDensity 2.384E+00, gamma 1.773479E+01, time 1.185ms
[INFO   ] DREAMPlace - full step 9.829 ms
[INFO   ] DREAMPlace - optimizer step 7.724 ms
[INFO   ] DREAMPlace - iteration  673, ( 673,  0,  0), Obj 1.609196E+08, DensityWeight 2.390040E-02, wHPWL 1.689890E+08, Overflow 9.293586E-02, MaxDensity 2.358E+00, gamma 1.762919E+01, time 1.132ms
[INFO   ] DREAMPlace - full step 9.629 ms
[INFO   ] DREAMPlace - optimizer step 7.733 ms
[INFO   ] DREAMPlace - iteration  674, ( 674,  0,  0), Obj 1.609587E+08, DensityWeight 2.459352E-02, wHPWL 1.689769E+08, Overflow 9.177850E-02, MaxDensity 2.394E+00, gamma 1.752601E+01, time 1.114ms
[INFO   ] DREAMPlace - full step 9.625 ms
[INFO   ] DREAMPlace - optimizer step 7.701 ms
[INFO   ] DREAMPlace - iteration  675, ( 675,  0,  0), Obj 1.609964E+08, DensityWeight 2.530673E-02, wHPWL 1.689658E+08, Overflow 9.062641E-02, MaxDensity 2.365E+00, gamma 1.742252E+01, time 1.116ms
[INFO   ] DREAMPlace - full step 9.598 ms
[INFO   ] DREAMPlace - optimizer step 7.709 ms
[INFO   ] DREAMPlace - iteration  676, ( 676,  0,  0), Obj 1.610347E+08, DensityWeight 2.604062E-02, wHPWL 1.689545E+08, Overflow 8.944794E-02, MaxDensity 2.391E+00, gamma 1.732012E+01, time 1.118ms
[INFO   ] DREAMPlace - full step 9.599 ms
[INFO   ] DREAMPlace - optimizer step 7.789 ms
[INFO   ] DREAMPlace - iteration  677, ( 677,  0,  0), Obj 1.610746E+08, DensityWeight 2.679580E-02, wHPWL 1.689473E+08, Overflow 8.831614E-02, MaxDensity 2.340E+00, gamma 1.721599E+01, time 1.186ms
[INFO   ] DREAMPlace - full step 9.791 ms
[INFO   ] DREAMPlace - optimizer step 7.725 ms
[INFO   ] DREAMPlace - iteration  678, ( 678,  0,  0), Obj 1.611141E+08, DensityWeight 2.757288E-02, wHPWL 1.689381E+08, Overflow 8.718138E-02, MaxDensity 2.346E+00, gamma 1.711658E+01, time 1.114ms
[INFO   ] DREAMPlace - full step 9.617 ms
[INFO   ] DREAMPlace - optimizer step 7.722 ms
[INFO   ] DREAMPlace - iteration  679, ( 679,  0,  0), Obj 1.611515E+08, DensityWeight 2.837250E-02, wHPWL 1.689286E+08, Overflow 8.610822E-02, MaxDensity 2.282E+00, gamma 1.701748E+01, time 1.103ms
[INFO   ] DREAMPlace - full step 9.593 ms
[INFO   ] DREAMPlace - optimizer step 7.702 ms
[INFO   ] DREAMPlace - iteration  680, ( 680,  0,  0), Obj 1.611883E+08, DensityWeight 2.919530E-02, wHPWL 1.689186E+08, Overflow 8.496085E-02, MaxDensity 2.262E+00, gamma 1.692429E+01, time 1.105ms
[INFO   ] DREAMPlace - full step 9.574 ms
[INFO   ] DREAMPlace - optimizer step 7.716 ms
[INFO   ] DREAMPlace - iteration  681, ( 681,  0,  0), Obj 1.612261E+08, DensityWeight 3.004197E-02, wHPWL 1.689132E+08, Overflow 8.390161E-02, MaxDensity 2.229E+00, gamma 1.682522E+01, time 1.097ms
[INFO   ] DREAMPlace - full step 9.579 ms
[INFO   ] DREAMPlace - optimizer step 7.708 ms
[INFO   ] DREAMPlace - iteration  682, ( 682,  0,  0), Obj 1.612638E+08, DensityWeight 3.091319E-02, wHPWL 1.689041E+08, Overflow 8.278013E-02, MaxDensity 2.220E+00, gamma 1.673427E+01, time 1.104ms
[INFO   ] DREAMPlace - full step 9.588 ms
[INFO   ] DREAMPlace - optimizer step 7.708 ms
[INFO   ] DREAMPlace - iteration  683, ( 683,  0,  0), Obj 1.612995E+08, DensityWeight 3.180967E-02, wHPWL 1.688964E+08, Overflow 8.178182E-02, MaxDensity 2.202E+00, gamma 1.663852E+01, time 1.119ms
[INFO   ] DREAMPlace - full step 9.599 ms
[INFO   ] DREAMPlace - optimizer step 7.708 ms
[INFO   ] DREAMPlace - iteration  684, ( 684,  0,  0), Obj 1.613368E+08, DensityWeight 3.273215E-02, wHPWL 1.688881E+08, Overflow 8.070320E-02, MaxDensity 2.151E+00, gamma 1.655374E+01, time 1.110ms
[INFO   ] DREAMPlace - full step 9.586 ms
[INFO   ] DREAMPlace - optimizer step 7.716 ms
[INFO   ] DREAMPlace - iteration  685, ( 685,  0,  0), Obj 1.613716E+08, DensityWeight 3.368139E-02, wHPWL 1.688824E+08, Overflow 7.968103E-02, MaxDensity 2.118E+00, gamma 1.646264E+01, time 1.117ms
[INFO   ] DREAMPlace - full step 9.598 ms
[INFO   ] DREAMPlace - optimizer step 7.762 ms
[INFO   ] DREAMPlace - iteration  686, ( 686,  0,  0), Obj 1.614082E+08, DensityWeight 3.465815E-02, wHPWL 1.688759E+08, Overflow 7.866949E-02, MaxDensity 2.140E+00, gamma 1.637675E+01, time 1.118ms
[INFO   ] DREAMPlace - full step 9.649 ms
[INFO   ] DREAMPlace - optimizer step 8.734 ms
[INFO   ] DREAMPlace - iteration  687, ( 687,  0,  0), Obj 1.614423E+08, DensityWeight 3.566323E-02, wHPWL 1.688696E+08, Overflow 7.770713E-02, MaxDensity 2.144E+00, gamma 1.629221E+01, time 1.465ms
[INFO   ] DREAMPlace - full step 11.087 ms
[INFO   ] DREAMPlace - optimizer step 8.032 ms
[INFO   ] DREAMPlace - iteration  688, ( 688,  0,  0), Obj 1.614761E+08, DensityWeight 3.669747E-02, wHPWL 1.688622E+08, Overflow 7.671361E-02, MaxDensity 2.128E+00, gamma 1.621218E+01, time 1.413ms
[INFO   ] DREAMPlace - full step 10.335 ms
[INFO   ] DREAMPlace - optimizer step 7.659 ms
[INFO   ] DREAMPlace - iteration  689, ( 689,  0,  0), Obj 1.615091E+08, DensityWeight 3.776170E-02, wHPWL 1.688582E+08, Overflow 7.573435E-02, MaxDensity 2.104E+00, gamma 1.612997E+01, time 1.152ms
[INFO   ] DREAMPlace - full step 9.627 ms
[INFO   ] DREAMPlace - optimizer step 7.624 ms
[INFO   ] DREAMPlace - iteration  690, ( 690,  0,  0), Obj 1.615438E+08, DensityWeight 3.885679E-02, wHPWL 1.688538E+08, Overflow 7.472443E-02, MaxDensity 2.051E+00, gamma 1.604935E+01, time 1.107ms
[INFO   ] DREAMPlace - full step 9.522 ms
[INFO   ] DREAMPlace - optimizer step 7.616 ms
[INFO   ] DREAMPlace - iteration  691, ( 691,  0,  0), Obj 1.615763E+08, DensityWeight 3.998363E-02, wHPWL 1.688499E+08, Overflow 7.376230E-02, MaxDensity 2.014E+00, gamma 1.596662E+01, time 1.107ms
[INFO   ] DREAMPlace - full step 9.495 ms
[INFO   ] DREAMPlace - optimizer step 7.621 ms
[INFO   ] DREAMPlace - iteration  692, ( 692,  0,  0), Obj 1.616099E+08, DensityWeight 4.114316E-02, wHPWL 1.688442E+08, Overflow 7.277068E-02, MaxDensity 2.000E+00, gamma 1.588821E+01, time 1.110ms
[INFO   ] DREAMPlace - full step 9.555 ms
[INFO   ] DREAMPlace - optimizer step 7.645 ms
[INFO   ] DREAMPlace - iteration  693, ( 693,  0,  0), Obj 1.616428E+08, DensityWeight 4.233631E-02, wHPWL 1.688416E+08, Overflow 7.184070E-02, MaxDensity 1.993E+00, gamma 1.580780E+01, time 1.191ms
[INFO   ] DREAMPlace - full step 9.652 ms
[INFO   ] DREAMPlace - optimizer step 7.854 ms
[INFO   ] DREAMPlace - iteration  694, ( 694,  0,  0), Obj 1.616756E+08, DensityWeight 4.356407E-02, wHPWL 1.688358E+08, Overflow 7.084906E-02, MaxDensity 1.988E+00, gamma 1.573275E+01, time 1.109ms
[INFO   ] DREAMPlace - full step 9.728 ms
[INFO   ] DREAMPlace - optimizer step 7.663 ms
[INFO   ] DREAMPlace - iteration  695, ( 695,  0,  0), Obj 1.617058E+08, DensityWeight 4.482743E-02, wHPWL 1.688316E+08, Overflow 6.995020E-02, MaxDensity 1.985E+00, gamma 1.565313E+01, time 1.135ms
[INFO   ] DREAMPlace - full step 9.596 ms
[INFO   ] DREAMPlace - optimizer step 7.624 ms
[INFO   ] DREAMPlace - iteration  696, ( 696,  0,  0), Obj 1.617396E+08, DensityWeight 4.612743E-02, wHPWL 1.688282E+08, Overflow 6.900197E-02, MaxDensity 1.989E+00, gamma 1.558130E+01, time 1.109ms
[INFO   ] DREAMPlace - full step 9.500 ms
[INFO   ] DREAMPlace - optimizer step 7.600 ms
[INFO   ] DREAMPlace - iteration  697, ( 697,  0,  0), Obj 1.617711E+08, DensityWeight 4.746512E-02, wHPWL 1.688264E+08, Overflow 6.806998E-02, MaxDensity 1.983E+00, gamma 1.550589E+01, time 1.107ms
[INFO   ] DREAMPlace - full step 9.468 ms
[INFO   ] DREAMPlace - optimizer step 7.641 ms
[INFO   ] DREAMPlace - iteration  698, ( 698,  0,  0), Obj 1.618027E+08, DensityWeight 4.884161E-02, wHPWL 1.688217E+08, Overflow 6.711309E-02, MaxDensity 1.970E+00, gamma 1.543211E+01, time 1.168ms
[INFO   ] DREAMPlace - full step 9.576 ms
[INFO   ] DREAMPlace - optimizer step 7.610 ms
[INFO   ] DREAMPlace - iteration  699, ( 699,  0,  0), Obj 1.618334E+08, DensityWeight 5.025802E-02, wHPWL 1.688174E+08, Overflow 6.623088E-02, MaxDensity 1.947E+00, gamma 1.535674E+01, time 1.105ms
[INFO   ] DREAMPlace - full step 9.481 ms
[INFO   ] DREAMPlace - optimizer step 7.610 ms
[INFO   ] DREAMPlace - iteration  700, ( 700,  0,  0), Obj 1.618588E+08, DensityWeight 5.171551E-02, wHPWL 1.688036E+08, Overflow 6.532124E-02, MaxDensity 1.918E+00, gamma 1.528757E+01, time 1.114ms
[INFO   ] DREAMPlace - full step 9.484 ms
[INFO   ] DREAMPlace - optimizer step 7.591 ms
[INFO   ] DREAMPlace - iteration  701, ( 701,  0,  0), Obj 1.618735E+08, DensityWeight 5.321526E-02, wHPWL 1.687789E+08, Overflow 6.447700E-02, MaxDensity 1.883E+00, gamma 1.521658E+01, time 1.107ms
[INFO   ] DREAMPlace - full step 9.463 ms
[INFO   ] DREAMPlace - optimizer step 7.616 ms
[INFO   ] DREAMPlace - iteration  702, ( 702,  0,  0), Obj 1.618801E+08, DensityWeight 5.475851E-02, wHPWL 1.687404E+08, Overflow 6.359752E-02, MaxDensity 1.856E+00, gamma 1.515099E+01, time 1.106ms
[INFO   ] DREAMPlace - full step 9.528 ms
[INFO   ] DREAMPlace - optimizer step 7.768 ms
[INFO   ] DREAMPlace - iteration  703, ( 703,  0,  0), Obj 1.618709E+08, DensityWeight 5.634651E-02, wHPWL 1.686817E+08, Overflow 6.274498E-02, MaxDensity 1.854E+00, gamma 1.508296E+01, time 1.148ms
[INFO   ] DREAMPlace - full step 9.700 ms
[INFO   ] DREAMPlace - optimizer step 7.733 ms
[INFO   ] DREAMPlace - iteration  704, ( 704,  0,  0), Obj 1.618398E+08, DensityWeight 5.798056E-02, wHPWL 1.685850E+08, Overflow 6.194352E-02, MaxDensity 1.854E+00, gamma 1.501731E+01, time 1.208ms
[INFO   ] DREAMPlace - full step 9.775 ms
[INFO   ] DREAMPlace - optimizer step 7.620 ms
[INFO   ] DREAMPlace - iteration  705, ( 705,  0,  0), Obj 1.617967E+08, DensityWeight 5.966200E-02, wHPWL 1.684623E+08, Overflow 6.119048E-02, MaxDensity 1.847E+00, gamma 1.495585E+01, time 1.116ms
[INFO   ] DREAMPlace - full step 9.524 ms
[INFO   ] DREAMPlace - optimizer step 7.592 ms
[INFO   ] DREAMPlace - iteration  706, ( 706,  0,  0), Obj 1.617619E+08, DensityWeight 6.139220E-02, wHPWL 1.683436E+08, Overflow 6.041925E-02, MaxDensity 1.830E+00, gamma 1.489833E+01, time 1.116ms
[INFO   ] DREAMPlace - full step 9.470 ms
[INFO   ] DREAMPlace - optimizer step 7.604 ms
[INFO   ] DREAMPlace - iteration  707, ( 707,  0,  0), Obj 1.617486E+08, DensityWeight 6.317257E-02, wHPWL 1.682566E+08, Overflow 5.967081E-02, MaxDensity 1.806E+00, gamma 1.483966E+01, time 1.121ms
[INFO   ] DREAMPlace - full step 9.486 ms
[INFO   ] DREAMPlace - optimizer step 7.608 ms
[INFO   ] DREAMPlace - iteration  708, ( 708,  0,  0), Obj 1.617554E+08, DensityWeight 6.500458E-02, wHPWL 1.682051E+08, Overflow 5.892310E-02, MaxDensity 1.813E+00, gamma 1.478293E+01, time 1.114ms
[INFO   ] DREAMPlace - full step 9.488 ms
[INFO   ] DREAMPlace - optimizer step 7.586 ms
[INFO   ] DREAMPlace - iteration  709, ( 709,  0,  0), Obj 1.617731E+08, DensityWeight 6.688972E-02, wHPWL 1.681776E+08, Overflow 5.818553E-02, MaxDensity 1.813E+00, gamma 1.472648E+01, time 1.105ms
[INFO   ] DREAMPlace - full step 9.460 ms
[INFO   ] DREAMPlace - optimizer step 7.848 ms
[INFO   ] DREAMPlace - iteration  710, ( 710,  0,  0), Obj 1.617950E+08, DensityWeight 6.882952E-02, wHPWL 1.681608E+08, Overflow 5.743825E-02, MaxDensity 1.809E+00, gamma 1.467101E+01, time 1.114ms
[INFO   ] DREAMPlace - full step 9.722 ms
[INFO   ] DREAMPlace - optimizer step 7.715 ms
[INFO   ] DREAMPlace - iteration  711, ( 711,  0,  0), Obj 1.618184E+08, DensityWeight 7.082558E-02, wHPWL 1.681490E+08, Overflow 5.671320E-02, MaxDensity 1.806E+00, gamma 1.461502E+01, time 1.123ms
[INFO   ] DREAMPlace - full step 9.611 ms
[INFO   ] DREAMPlace - optimizer step 7.782 ms
[INFO   ] DREAMPlace - iteration  712, ( 712,  0,  0), Obj 1.618435E+08, DensityWeight 7.287953E-02, wHPWL 1.681406E+08, Overflow 5.598614E-02, MaxDensity 1.836E+00, gamma 1.456090E+01, time 1.148ms
[INFO   ] DREAMPlace - full step 9.712 ms
[INFO   ] DREAMPlace - optimizer step 7.803 ms
[INFO   ] DREAMPlace - iteration  713, ( 713,  0,  0), Obj 1.618694E+08, DensityWeight 7.499304E-02, wHPWL 1.681362E+08, Overflow 5.528279E-02, MaxDensity 1.839E+00, gamma 1.450683E+01, time 1.140ms
[INFO   ] DREAMPlace - full step 9.728 ms
[INFO   ] DREAMPlace - optimizer step 7.785 ms
[INFO   ] DREAMPlace - iteration  714, ( 714,  0,  0), Obj 1.618960E+08, DensityWeight 7.716784E-02, wHPWL 1.681342E+08, Overflow 5.458926E-02, MaxDensity 1.818E+00, gamma 1.445471E+01, time 1.184ms
[INFO   ] DREAMPlace - full step 9.758 ms
[INFO   ] DREAMPlace - optimizer step 7.715 ms
[INFO   ] DREAMPlace - iteration  715, ( 715,  0,  0), Obj 1.619223E+08, DensityWeight 7.940571E-02, wHPWL 1.681336E+08, Overflow 5.387589E-02, MaxDensity 1.786E+00, gamma 1.440351E+01, time 1.186ms
[INFO   ] DREAMPlace - full step 9.717 ms
[INFO   ] DREAMPlace - optimizer step 7.681 ms
[INFO   ] DREAMPlace - iteration  716, ( 716,  0,  0), Obj 1.619485E+08, DensityWeight 8.170848E-02, wHPWL 1.681343E+08, Overflow 5.315942E-02, MaxDensity 1.770E+00, gamma 1.435103E+01, time 1.117ms
[INFO   ] DREAMPlace - full step 9.588 ms
[INFO   ] DREAMPlace - optimizer nesterov takes 7.935 seconds
[INFO   ] DREAMPlace - Start legalization
[WARNING] DEF input file not specified, cannot output DEF file; set to DEFSIMPLE
[INFO   ] lef_input = 
[INFO   ] def_input = 
[INFO   ] verilog_input = 
[INFO   ] bookshelf_aux_input = benchmarks/ispd2005/adaptec4/adaptec4.aux
[INFO   ] bookshelf_pl_input = 
[INFO   ] def_size_input = 
[INFO   ] def_output = -out.def
[INFO   ] rpt_output = 
[INFO   ] target_util = 0
[INFO   ] max_displace = 0
[INFO   ] bin size = (10, 10) #rows
[INFO   ] sbin size = (5, 5) #rows
[INFO   ] bin_space_threshold = 0.2
[INFO   ] abu = 2,10 5,5 10,2 20,1 
[INFO   ] def_ignore_cells = 
[INFO   ] macro_obs_aware_layers = 
[INFO   ] enable_place = true
[INFO   ] enable_legalize = true
[INFO   ] evaluate_overlap = false
[INFO   ] move_multi_row_cell = true
[INFO   ] align_power_line = true
[INFO   ] cluster_cell = false
[INFO   ] sort_nets_by_degree = false
[INFO   ] file_format = BOOKSHELF
[INFO   ] max_iters = 6
[WARNING] no DEF file specified
[WARNING] no Verilog file specified
[INFO   ] reading benchmarks/ispd2005/adaptec4/adaptec4.aux
[WARNING] no additional Bookshelf .pl file specified
[WARNING] 25330 nets with 31698 pins from same nodes
[WARNING] 3119 nets should be ignored due to not enough pins
[INFO   ] sort nodes in the order of movable and fixed
[INFO   ] Group cells for fence regions
[INFO   ] Construct 0 groups
[INFO   ] Fence region groups done
[DEBUG  ] num_terminals 1329, numFixed 1329, numPlaceBlockages 0, num_terminal_NIs 0
[INFO   ] -- Converting Node Orientation --
[INFO   ] ---------------------------------
[INFO   ] -------- Area Statistics --------
[INFO   ] fixed area overlap = 2.63026e+08
[INFO   ] fixed area total = 2.63026e+08
[INFO   ] space area = 2.77951e+08
[INFO   ] ---------------------------------
[DEBUG  ] deterministic mode: integer 32 bits, fraction 32 bits, scale factor 4294967296
[DEBUG  ] deterministic mode: integer 32 bits, fraction 32 bits, scale factor 4294967296
[INFO   ] Macro legalization: regard 0 cells as dummy fixed (movable macros)
[INFO   ] Macro legalization takes 1.06774 ms
[DEBUG  ] Standard cell legalization blank_num_bins_y = 1944
[DEBUG  ] Standard cell legalization iteration 0 with 1x1 bins
[DEBUG  ] Standard cell legalization #bin_blanks
[DEBUG  ] #bin_objs = 36381
[INFO   ] Standard cell legalization legalizeBin takes 378.514 ms
[DEBUG  ] Standard cell legalization num_unplaced_cells = 0
[DEBUG  ] Standard cell legalization blank_num_bins_y = 1944
[DEBUG  ] Standard cell legalization iteration 0 with 1x1 bins
[DEBUG  ] Standard cell legalization #bin_blanks
[DEBUG  ] #bin_objs = 36381
[INFO   ] Standard cell legalization legalizeBin takes 440.708 ms
[DEBUG  ] Standard cell legalization num_unplaced_cells = 0
[INFO   ] Greedy legalization takes 783.108 ms
[INFO   ] Legality check takes 29.4409 ms
[DEBUG  ] average displace = 12.5937
[INFO   ] Abacus legalization takes 52.8291 ms
[INFO   ] DREAMPlace - legalization takes 0.954 seconds
[INFO   ] DREAMPlace - iteration  717, wHPWL 1.768234E+08, time 0.255ms
[INFO   ] DREAMPlace - Start ABCDPlace for refinement
[INFO   ] Legality check takes 32.1722 ms
[INFO   ] DREAMPlace - ABCDPlace input legal flag = 1
[INFO   ] Legality check takes 28.4163 ms
[DEBUG  ] 4-reorder
[DEBUG  ] 24 permutations
[DEBUG  ] initializing CPU DB takes 33.066 ms
[DEBUG  ] computing independent rows takes 88.954 ms
[DEBUG  ] computing reorder instances takes 1.64649 ms
[DEBUG  ] initializing CUDA state takes 3.86402 ms
[INFO   ] initial hpwl = 176823392.000
[DEBUG  ] enumeration takes 369.215 ms for 256 runs, average 1.44225 ms
[DEBUG  ] apply_reorder takes 4.33544 ms for 256 runs, average 0.0169353 ms
[INFO   ] Iteration time(ms) 	 373.569
[INFO   ] iteration 0: hpwl 176823392.000 => 176062640.000 (imp. 0.430233%)
[DEBUG  ] enumeration takes 369.464 ms for 256 runs, average 1.44322 ms
[DEBUG  ] apply_reorder takes 4.3143 ms for 256 runs, average 0.0168527 ms
[INFO   ] Iteration time(ms) 	 373.804
[INFO   ] iteration 1: hpwl 176823392.000 => 175892928.000 (imp. 0.526211%)
[DEBUG  ] destroying CUDA state takes 0.896822 ms
[DEBUG  ] destroying CPU state takes 0.003096 ms
[INFO   ] Kernel time: 749.705 ms
[INFO   ] K-reorder time: 878.243 ms
[INFO   ] DREAMPlace - K-Reorder legal flag = 1
[INFO   ] Legality check takes 29.4589 ms
[INFO   ] diamond search grid size 128, sequence length 8192
[INFO   ] initializing GPU memory takes 6.30272 ms
[INFO   ] initial hpwl 1.75893e+08
[DEBUG  ] allocate 4025855 bytes in shuffler for length 494716*(4+4)
[DEBUG  ] from 131767 nodes, collect 1029 sets, avg 105 nodes, min/max 0/128 nodes
[INFO   ] iteration 0, target hpwl 1.757e+08, delta -193248(-0.109867%), 1029 independent sets, moved 3.53455% cells, runtime 89.182 ms
[DEBUG  ] from 131881 nodes, collect 1030 sets, avg 105 nodes, min/max 12/128 nodes
[DEBUG  ] from 131648 nodes, collect 1028 sets, avg 104 nodes, min/max 17/128 nodes
[DEBUG  ] from 131865 nodes, collect 1030 sets, avg 104 nodes, min/max 8/128 nodes
[DEBUG  ] from 131738 nodes, collect 1029 sets, avg 104 nodes, min/max 12/128 nodes
[DEBUG  ] from 131577 nodes, collect 1027 sets, avg 106 nodes, min/max 8/128 nodes
[INFO   ] iteration 5, target hpwl 1.7521e+08, delta -682528(-0.388036%), 1027 independent sets, moved 17.7199% cells, runtime 65.1193 ms
[DEBUG  ] from 131562 nodes, collect 1027 sets, avg 104 nodes, min/max 10/128 nodes
[DEBUG  ] from 131702 nodes, collect 1028 sets, avg 107 nodes, min/max 8/128 nodes
[DEBUG  ] from 131575 nodes, collect 1027 sets, avg 105 nodes, min/max 19/128 nodes
[DEBUG  ] from 131800 nodes, collect 1029 sets, avg 106 nodes, min/max 4/128 nodes
[DEBUG  ] from 131709 nodes, collect 1028 sets, avg 106 nodes, min/max 14/128 nodes
[INFO   ] iteration 10, target hpwl 1.74931e+08, delta -962208(-0.547042%), 1028 independent sets, moved 30.4336% cells, runtime 58.0894 ms
[DEBUG  ] from 131759 nodes, collect 1029 sets, avg 106 nodes, min/max 2/128 nodes
[DEBUG  ] from 131695 nodes, collect 1028 sets, avg 104 nodes, min/max 9/128 nodes
[DEBUG  ] from 131731 nodes, collect 1029 sets, avg 105 nodes, min/max 19/128 nodes
[DEBUG  ] from 131996 nodes, collect 1031 sets, avg 106 nodes, min/max 2/128 nodes
[DEBUG  ] from 131878 nodes, collect 1030 sets, avg 106 nodes, min/max 10/128 nodes
[INFO   ] iteration 15, target hpwl 1.74764e+08, delta -1.12934e+06(-0.642063%), 1030 independent sets, moved 42.4219% cells, runtime 57.745 ms
[DEBUG  ] from 131765 nodes, collect 1029 sets, avg 105 nodes, min/max 6/128 nodes
[DEBUG  ] from 132067 nodes, collect 1031 sets, avg 106 nodes, min/max 9/128 nodes
[DEBUG  ] from 132150 nodes, collect 1032 sets, avg 105 nodes, min/max 0/128 nodes
[DEBUG  ] from 132206 nodes, collect 1032 sets, avg 106 nodes, min/max 18/128 nodes
[DEBUG  ] from 131910 nodes, collect 1030 sets, avg 105 nodes, min/max 6/128 nodes
[INFO   ] iteration 20, target hpwl 1.7465e+08, delta -1.24299e+06(-0.706675%), 1030 independent sets, moved 53.9516% cells, runtime 61.9433 ms
[DEBUG  ] from 132016 nodes, collect 1031 sets, avg 105 nodes, min/max 4/128 nodes
[DEBUG  ] from 131732 nodes, collect 1029 sets, avg 106 nodes, min/max 14/128 nodes
[DEBUG  ] from 131807 nodes, collect 1029 sets, avg 106 nodes, min/max 14/128 nodes
[DEBUG  ] from 131993 nodes, collect 1031 sets, avg 106 nodes, min/max 12/128 nodes
[DEBUG  ] from 131925 nodes, collect 1030 sets, avg 106 nodes, min/max 14/128 nodes
[INFO   ] iteration 25, target hpwl 1.74541e+08, delta -1.3523e+06(-0.768822%), 1030 independent sets, moved 65.0598% cells, runtime 61.048 ms
[DEBUG  ] from 131894 nodes, collect 1030 sets, avg 104 nodes, min/max 2/128 nodes
[DEBUG  ] from 131882 nodes, collect 1030 sets, avg 106 nodes, min/max 9/128 nodes
[DEBUG  ] from 131962 nodes, collect 1030 sets, avg 105 nodes, min/max 0/128 nodes
[DEBUG  ] from 131949 nodes, collect 1030 sets, avg 105 nodes, min/max 13/128 nodes
[DEBUG  ] from 132093 nodes, collect 1031 sets, avg 104 nodes, min/max 8/128 nodes
[INFO   ] iteration 30, target hpwl 1.74467e+08, delta -1.426e+06(-0.810721%), 1031 independent sets, moved 75.7976% cells, runtime 51.0021 ms
[DEBUG  ] from 131954 nodes, collect 1030 sets, avg 105 nodes, min/max 10/128 nodes
[DEBUG  ] from 132233 nodes, collect 1033 sets, avg 106 nodes, min/max 15/128 nodes
[DEBUG  ] from 132040 nodes, collect 1031 sets, avg 106 nodes, min/max 10/128 nodes
[DEBUG  ] from 131911 nodes, collect 1030 sets, avg 105 nodes, min/max 6/128 nodes
[DEBUG  ] from 131868 nodes, collect 1030 sets, avg 105 nodes, min/max 9/128 nodes
[INFO   ] iteration 35, target hpwl 1.74419e+08, delta -1.47373e+06(-0.837855%), 1030 independent sets, moved 86.7002% cells, runtime 60.5025 ms
[DEBUG  ] from 132018 nodes, collect 1031 sets, avg 105 nodes, min/max 2/128 nodes
[DEBUG  ] from 132020 nodes, collect 1031 sets, avg 105 nodes, min/max 10/128 nodes
[DEBUG  ] from 132008 nodes, collect 1031 sets, avg 106 nodes, min/max 14/128 nodes
[DEBUG  ] from 132052 nodes, collect 1031 sets, avg 106 nodes, min/max 11/128 nodes
[DEBUG  ] from 132059 nodes, collect 1031 sets, avg 105 nodes, min/max 2/128 nodes
[INFO   ] iteration 40, target hpwl 1.74384e+08, delta -1.5092e+06(-0.858022%), 1031 independent sets, moved 97.4505% cells, runtime 55.0249 ms
[DEBUG  ] from 132100 nodes, collect 1032 sets, avg 106 nodes, min/max 13/128 nodes
[DEBUG  ] from 132069 nodes, collect 1031 sets, avg 104 nodes, min/max 14/128 nodes
[DEBUG  ] from 132112 nodes, collect 1032 sets, avg 104 nodes, min/max 9/128 nodes
[DEBUG  ] from 131985 nodes, collect 1031 sets, avg 105 nodes, min/max 6/128 nodes
[DEBUG  ] from 131994 nodes, collect 1031 sets, avg 105 nodes, min/max 11/128 nodes
[INFO   ] iteration 45, target hpwl 1.74322e+08, delta -1.57104e+06(-0.89318%), 1031 independent sets, moved 107.985% cells, runtime 74.2468 ms
[DEBUG  ] from 132116 nodes, collect 1032 sets, avg 105 nodes, min/max 7/128 nodes
[DEBUG  ] from 132087 nodes, collect 1031 sets, avg 105 nodes, min/max 4/128 nodes
[DEBUG  ] from 132137 nodes, collect 1032 sets, avg 105 nodes, min/max 3/128 nodes
[DEBUG  ] from 131964 nodes, collect 1030 sets, avg 105 nodes, min/max 11/128 nodes
[INFO   ] iteration 49, target hpwl 1.74288e+08, delta -1.60448e+06(-0.912191%), 1030 independent sets, moved 116.432% cells, runtime 51.3379 ms
[DEBUG  ] random_shuffle takes 9.67669 ms, 50 runs, average 0.193534 ms
[DEBUG  ] maximal_independent_set takes 157.668 ms, 50 runs, average 3.15336 ms
[DEBUG  ] collect_independent_sets takes 220.642 ms, 50 runs, average 4.41284 ms
[DEBUG  ] cost_matrix_construction takes 156.44 ms, 50 runs, average 3.1288 ms
[DEBUG  ] independent_sets_solving takes 2620.8 ms, 50 runs, average 52.4159 ms
[DEBUG  ] apply_solution takes 4.96016 ms, 50 runs, average 0.0992032 ms
[INFO   ] destroying GPU memory takes 10.0688 ms
[INFO   ] Kernel time 3204.61 ms
[INFO   ] Independent set matching time 3251.87 ms
[INFO   ] DREAMPlace - Independent set matching legal flag = 1
[INFO   ] Legality check takes 29.3283 ms
[DEBUG  ] bins 512x512, bin sizes 45.293x45.5625, die size 0, 0, 23190, 23328
[DEBUG  ] batch_size = 256, max_num_nodes_per_bin = 38, max_num_candidates = 190, max_num_candidates_all = 48640
[DEBUG  ] estimate_memory_usage = 865205200, use fast pair HPWL computation strategy requires additional memory
[INFO   ] initial hpwl = 174288448.000
[DEBUG  ] compute_search_bins takes 1.34653 ms
[INFO   ] Iteration time(ms) 	 317.978
[INFO   ] iteration 0: hpwl 174288448.000 => 174132912.000 (imp. 0.0892406%)
[DEBUG  ] compute_search_bins takes 0.033184 ms
[INFO   ] Iteration time(ms) 	 440.494
[INFO   ] iteration 1: hpwl 174288448.000 => 173778112.000 (imp. 0.292811%)
[INFO   ] Kernel time: 760.542 ms
[INFO   ] Global swap time: 857.566 ms
[INFO   ] DREAMPlace - Global swap legal flag = 1
[INFO   ] Legality check takes 29.2585 ms
[DEBUG  ] 4-reorder
[DEBUG  ] 24 permutations
[DEBUG  ] initializing CPU DB takes 34.3756 ms
[DEBUG  ] computing independent rows takes 88.1175 ms
[DEBUG  ] computing reorder instances takes 1.53228 ms
[DEBUG  ] initializing CUDA state takes 3.7103 ms
[INFO   ] initial hpwl = 173778112.000
[DEBUG  ] enumeration takes 369.468 ms for 258 runs, average 1.43205 ms
[DEBUG  ] apply_reorder takes 4.31336 ms for 258 runs, average 0.0167185 ms
[INFO   ] Iteration time(ms) 	 373.801
[INFO   ] iteration 0: hpwl 173778112.000 => 173601616.000 (imp. 0.101564%)
[DEBUG  ] enumeration takes 369.534 ms for 258 runs, average 1.4323 ms
[DEBUG  ] apply_reorder takes 4.31441 ms for 258 runs, average 0.0167225 ms
[INFO   ] Iteration time(ms) 	 373.871
[INFO   ] iteration 1: hpwl 173778112.000 => 173558048.000 (imp. 0.126635%)
[DEBUG  ] destroying CUDA state takes 0.893143 ms
[DEBUG  ] destroying CPU state takes 0.003071 ms
[INFO   ] Kernel time: 749.711 ms
[INFO   ] K-reorder time: 878.438 ms
[INFO   ] DREAMPlace - K-Reorder legal flag = 1
[INFO   ] DREAMPlace - detailed placement takes 6.034 seconds
[INFO   ] DREAMPlace - iteration  718, wHPWL 1.735580E+08, time 0.269ms
[INFO   ] DREAMPlace - non-linear placement takes 15.36 seconds
[INFO   ] DREAMPlace - writing to results/adaptec4/adaptec4.gp.pl
[INFO   ] DREAMPlace - write SolutionFileFormat.BOOKSHELF takes 0.099 seconds
[INFO   ] DREAMPlace - placement takes 23.666 seconds
[INFO   ] Legality check takes 29.2476 ms
[INFO   ] writing placement to results/adaptec4/adaptec4.gp.pl
