========================================================
                       DREAMPlace
            Yibo Lin (http://yibolin.com)
   David Z. Pan (http://users.ece.utexas.edu/~dpan)
========================================================
[INFO   ] DREAMPlace - parameters = {'aux_input': 'benchmarks/ispd2005/bigblue3/bigblue3.aux', 'lef_input': '', 'def_input': '', 'verilog_input': '', 'gpu': 1, 'num_bins_x': 2048, 'num_bins_y': 2048, 'global_place_stages': [{'num_bins_x': 2048, 'num_bins_y': 2048, 'iteration': 2000, 'learning_rate': 0.01, 'wirelength': 'weighted_average', 'optimizer': 'nesterov', 'Llambda_density_weight_iteration': 1, 'Lsub_iteration': 1}], 'target_density': 1.0, 'density_weight': 8e-05, 'random_seed': 1000, 'result_dir': 'lambdaramp_results/s200', 'scale_factor': 1.0, 'shift_factor': [0.0, 0.0], 'ignore_net_degree': 100, 'gp_noise_ratio': 0.025, 'enable_fillers': 1, 'global_place_flag': 1, 'legalize_flag': 1, 'abacus_legalize_flag': 1, 'detailed_place_flag': 1, 'stop_overflow': 0.07, 'dtype': 'float32', 'detailed_place_engine': '', 'detailed_place_command': '', 'plot_flag': 1, 'connectivity_grid_init_flag': 0, 'conn_init_sweeps': 32, 'conn_init_damping': 0.7, 'conn_capacity_spread_flag': 0, 'conn_spread_leaf_size': 16, 'conn_spread_density_slack': 1.5, 'conn_obstacle_project_flag': 0, 'conn_shrink_scale': 0, 'gamma_warmup_iters': 0, 'gamma_monotone_flag': 0, 'density_weight_warmup_iters': 0, 'random_uniform_init_flag': 0, 'filler_init_density_aware_flag': 0, 'initial_density_weight_absolute': 0.0, 'density_weight_ramp_scale': 2.0, 'plot_iteration_interval': 40, 'RePlAce_ref_hpwl': 350000, 'RePlAce_LOWER_PCOF': 0.95, 'RePlAce_UPPER_PCOF': 1.05, 'gamma': 4.0, 'RePlAce_skip_energy_flag': 0, 'random_center_init_flag': 1, 'gift_init_flag': 0, 'gift_init_scale': 0.7, 'sort_nets_by_degree': 0, 'num_threads': 8, 'dump_global_place_solution_flag': 0, 'dump_legalize_solution_flag': 0, 'routability_opt_flag': 0, 'route_num_bins_x': 512, 'route_num_bins_y': 512, 'node_area_adjust_overflow': 0.15, 'max_num_area_adjust': 3, 'adjust_nctugr_area_flag': 0, 'adjust_rudy_area_flag': 1, 'adjust_pin_area_flag': 1, 'area_adjust_stop_ratio': 0.01, 'route_area_adjust_stop_ratio': 0.01, 'pin_area_adjust_stop_ratio': 0.05, 'unit_horizontal_capacity': 1.5625, 'unit_vertical_capacity': 1.45, 'unit_pin_capacity': 0.058, 'max_route_opt_adjust_rate': 2.0, 'route_opt_adjust_exponent': 2.0, 'pin_stretch_ratio': 1.414213562, 'max_pin_opt_adjust_rate': 1.5, 'deterministic_flag': 1, 'timing_opt_flag': 0, 'early_lib_input': '', 'late_lib_input': '', 'lib_input': '', 'sdc_input': '', 'wire_resistance_per_micron': 0, 'wire_capacitance_per_micron': 0, 'net_weighting_scheme': 'lilith', 'momentum_decay_factor': 0.5, 'enable_net_weighting': 1, 'max_net_weight': 'inf', 'use_bb': 'auto', 'macro_place_flag': 'auto', 'two_stage_density_scaler': 1000, 'macro_halo_x': 0, 'macro_halo_y': 0}
[INFO   ] DREAMPlace - set shift_factor = (36, 76), as original row bbox = (36, 76, 27726, 27868)
[INFO   ] DREAMPlace - set scale_factor = 1, as site_width = 1
[INFO   ] DREAMPlace - shift coordinate system by (36, 76), scale coordinate system by 1
[INFO   ] DREAMPlace - movable macros detected (total_movable_macro_area = 5616), automatically enabling macro_place_flag
[INFO   ] DREAMPlace - movable macros detected (total_movable_macro_area = 5616), automatically enabling use_bb
[INFO   ] DREAMPlace - 
================================= Benchmark Statistics =================================
#nodes = 1096812, #terminals = 1297, # terminal_NIs = 0, #movable = 1095515, #nets = 1123170
die area = (0, 0, 27690, 27792) 7.6956e+08
row height = 12, site width = 1
#pins = 3812912, #movable_pins = 3776256
total_movable_node_area = 1.42163e+08, total_fixed_node_area = 5.16234e+08, total_space_area = 2.53327e+08
total_movable_cell_area = 1.42157e+08, total_movable_macro_area = 5616
utilization = 0.561183, cell utilization = 0.561174, target_density = 1
use placeable_area = 2.53327e+08 to compute fillers
total_filler_node_area = 1.11164e+08, #fillers = 945399, filler sizes = 9.79868x12
num_bins = 2048x2048, bin sizes = 1.12671x1.13086
========================================================================================
[INFO   ] DREAMPlace - reading benchmark takes 25.6932 seconds
[INFO   ] DREAMPlace - reading database takes 25.69 seconds
[INFO   ] DREAMPlace - move cells to the center of layout with random noise
[INFO   ] DREAMPlace - non-linear placement initialization takes 1.56 seconds
[INFO   ] DREAMPlace - Global placement: 2048x2048 bins by default
[INFO   ] DREAMPlace - 2048x2048 bins #bins 2048x2048, bin sizes 1.12671x1.13086, max_num_bins = 14, padding = 0
[INFO   ] dreamplace.ops.electric_potential.electric_potential - regard 0 cells as movable macros in global placement
[WARNING] DREAMPlace - quadratic density penalty is disabled, density weight update is forced to be based on HPWL
[INFO   ] DREAMPlace - Optimizer 'nesterov' does not rebuild the model. Every training epoch calls the function 'step()'.
[INFO   ] DREAMPlace - use nesterov optimizer
[INFO   ] DREAMPlace - add 2.5% noise
[INFO   ] dreamplace.ops.electric_potential.electric_potential - fixed density map: average 123.073, max 183.478, bin area 183.478
[INFO   ] DREAMPlace - nesterov initialization takes 0.167805 seconds
[INFO   ] DREAMPlace - density_weight = 3.532433E-12
[INFO   ] DREAMPlace - plotting to lambdaramp_results/s200/bigblue3/plot/iter0000.png takes 6.942 seconds
[INFO   ] DREAMPlace - optimizer step 41.224 ms
[INFO   ] DREAMPlace - iteration    0, (   0,  0,  0), Obj 2.982864E+08, DensityWeight 0.000000E+00, wHPWL 4.116267E+08, Overflow 9.995017E-01, MaxDensity 2.664E+04, gamma 1.083633E+03, time 20.446ms
[INFO   ] DREAMPlace - full step 7015.694 ms
[INFO   ] DREAMPlace - optimizer step 8.261 ms
[INFO   ] DREAMPlace - iteration    1, (   1,  0,  0), Obj 3.144771E+08, DensityWeight 3.532433E-12, wHPWL 3.610116E+08, Overflow 9.954402E-01, MaxDensity 7.262E+04, gamma 1.080873E+03, time 1.731ms
[INFO   ] DREAMPlace - full step 10.653 ms
[INFO   ] DREAMPlace - optimizer step 9.991 ms
[INFO   ] DREAMPlace - iteration    2, (   2,  0,  0), Obj 3.023207E+08, DensityWeight 3.892950E-12, wHPWL 3.475971E+08, Overflow 9.914554E-01, MaxDensity 1.115E+05, gamma 1.058642E+03, time 3.133ms
[INFO   ] DREAMPlace - full step 13.633 ms
[INFO   ] DREAMPlace - optimizer step 11.264 ms
[INFO   ] DREAMPlace - iteration    3, (   3,  0,  0), Obj 2.928430E+08, DensityWeight 4.289403E-12, wHPWL 3.434395E+08, Overflow 9.876024E-01, MaxDensity 1.433E+05, gamma 1.037276E+03, time 6.448ms
[INFO   ] DREAMPlace - full step 18.223 ms
[INFO   ] DREAMPlace - optimizer step 9.796 ms
[INFO   ] DREAMPlace - iteration    4, (   4,  0,  0), Obj 2.826764E+08, DensityWeight 4.725284E-12, wHPWL 3.433790E+08, Overflow 9.835383E-01, MaxDensity 1.591E+05, gamma 1.017025E+03, time 1.965ms
[INFO   ] DREAMPlace - full step 12.247 ms
[INFO   ] DREAMPlace - optimizer step 8.746 ms
[INFO   ] DREAMPlace - iteration    5, (   5,  0,  0), Obj 2.736920E+08, DensityWeight 5.204419E-12, wHPWL 3.359740E+08, Overflow 9.812098E-01, MaxDensity 1.768E+05, gamma 9.960945E+02, time 6.124ms
[INFO   ] DREAMPlace - full step 15.364 ms
[INFO   ] DREAMPlace - optimizer step 8.849 ms
[INFO   ] DREAMPlace - iteration    6, (   6,  0,  0), Obj 2.661653E+08, DensityWeight 5.730990E-12, wHPWL 3.277380E+08, Overflow 9.791819E-01, MaxDensity 1.922E+05, gamma 9.842969E+02, time 2.097ms
[INFO   ] DREAMPlace - full step 11.429 ms
[INFO   ] DREAMPlace - optimizer step 8.980 ms
[INFO   ] DREAMPlace - iteration    7, (   7,  0,  0), Obj 2.595627E+08, DensityWeight 6.309577E-12, wHPWL 3.250655E+08, Overflow 9.766709E-01, MaxDensity 1.940E+05, gamma 9.741360E+02, time 2.104ms
[INFO   ] DREAMPlace - full step 11.569 ms
[INFO   ] DREAMPlace - optimizer step 9.774 ms
[INFO   ] DREAMPlace - iteration    8, (   8,  0,  0), Obj 2.532602E+08, DensityWeight 6.945187E-12, wHPWL 3.244774E+08, Overflow 9.738379E-01, MaxDensity 1.892E+05, gamma 9.617000E+02, time 2.108ms
[INFO   ] DREAMPlace - full step 12.357 ms
[INFO   ] DREAMPlace - optimizer step 9.254 ms
[INFO   ] DREAMPlace - iteration    9, (   9,  0,  0), Obj 2.469803E+08, DensityWeight 7.643297E-12, wHPWL 3.224276E+08, Overflow 9.716322E-01, MaxDensity 1.854E+05, gamma 9.478596E+02, time 6.946ms
[INFO   ] DREAMPlace - full step 16.701 ms
[INFO   ] DREAMPlace - optimizer step 8.968 ms
[INFO   ] DREAMPlace - iteration   10, (  10,  0,  0), Obj 2.411208E+08, DensityWeight 8.409897E-12, wHPWL 3.192275E+08, Overflow 9.696270E-01, MaxDensity 1.827E+05, gamma 9.372224E+02, time 2.187ms
[INFO   ] DREAMPlace - full step 11.636 ms
[INFO   ] DREAMPlace - optimizer step 11.842 ms
[INFO   ] DREAMPlace - iteration   11, (  11,  0,  0), Obj 2.357376E+08, DensityWeight 9.251534E-12, wHPWL 3.172836E+08, Overflow 9.675404E-01, MaxDensity 1.771E+05, gamma 9.276550E+02, time 2.083ms
[INFO   ] DREAMPlace - full step 14.442 ms
[INFO   ] DREAMPlace - optimizer step 11.791 ms
[INFO   ] DREAMPlace - iteration   12, (  12,  0,  0), Obj 2.307025E+08, DensityWeight 1.017537E-11, wHPWL 3.168028E+08, Overflow 9.655276E-01, MaxDensity 1.680E+05, gamma 9.178034E+02, time 2.069ms
[INFO   ] DREAMPlace - full step 14.371 ms
[INFO   ] DREAMPlace - optimizer step 9.777 ms
[INFO   ] DREAMPlace - iteration   13, (  13,  0,  0), Obj 2.256836E+08, DensityWeight 1.118921E-11, wHPWL 3.173315E+08, Overflow 9.630685E-01, MaxDensity 1.575E+05, gamma 9.083992E+02, time 5.396ms
[INFO   ] DREAMPlace - full step 15.694 ms
[INFO   ] DREAMPlace - optimizer step 8.778 ms
[INFO   ] DREAMPlace - iteration   14, (  14,  0,  0), Obj 2.210199E+08, DensityWeight 1.113333E-11, wHPWL 3.159901E+08, Overflow 9.604617E-01, MaxDensity 1.498E+05, gamma 8.970407E+02, time 1.995ms
[INFO   ] DREAMPlace - full step 11.296 ms
[INFO   ] DREAMPlace - optimizer step 8.705 ms
[INFO   ] DREAMPlace - iteration   15, (  15,  0,  0), Obj 2.168261E+08, DensityWeight 1.223773E-11, wHPWL 3.138949E+08, Overflow 9.576727E-01, MaxDensity 1.431E+05, gamma 8.851549E+02, time 1.958ms
[INFO   ] DREAMPlace - full step 11.182 ms
[INFO   ] DREAMPlace - optimizer step 10.818 ms
[INFO   ] DREAMPlace - iteration   16, (  16,  0,  0), Obj 2.130004E+08, DensityWeight 1.344899E-11, wHPWL 3.127121E+08, Overflow 9.547191E-01, MaxDensity 1.354E+05, gamma 8.726121E+02, time 1.932ms
[INFO   ] DREAMPlace - full step 13.249 ms
[INFO   ] DREAMPlace - optimizer step 17.320 ms
[INFO   ] DREAMPlace - iteration   17, (  17,  0,  0), Obj 2.094201E+08, DensityWeight 1.477718E-11, wHPWL 3.121590E+08, Overflow 9.522412E-01, MaxDensity 1.251E+05, gamma 8.595237E+02, time 1.884ms
[INFO   ] DREAMPlace - full step 19.722 ms
[INFO   ] DREAMPlace - optimizer step 8.518 ms
[INFO   ] DREAMPlace - iteration   18, (  18,  0,  0), Obj 2.056544E+08, DensityWeight 1.623329E-11, wHPWL 3.125613E+08, Overflow 9.497335E-01, MaxDensity 1.138E+05, gamma 8.486948E+02, time 1.873ms
[INFO   ] DREAMPlace - full step 10.895 ms
[INFO   ] DREAMPlace - optimizer step 13.301 ms
[INFO   ] DREAMPlace - iteration   19, (  19,  0,  0), Obj 2.021078E+08, DensityWeight 1.615222E-11, wHPWL 3.118723E+08, Overflow 9.473022E-01, MaxDensity 1.047E+05, gamma 8.378741E+02, time 1.813ms
[INFO   ] DREAMPlace - full step 15.626 ms
[INFO   ] DREAMPlace - optimizer step 8.326 ms
[INFO   ] DREAMPlace - iteration   20, (  20,  0,  0), Obj 1.987594E+08, DensityWeight 1.773673E-11, wHPWL 3.101089E+08, Overflow 9.447967E-01, MaxDensity 9.768E+04, gamma 8.275154E+02, time 1.818ms
[INFO   ] DREAMPlace - full step 10.622 ms
[INFO   ] DREAMPlace - optimizer step 8.229 ms
[INFO   ] DREAMPlace - iteration   21, (  21,  0,  0), Obj 1.955437E+08, DensityWeight 1.947279E-11, wHPWL 3.088774E+08, Overflow 9.421757E-01, MaxDensity 9.074E+04, gamma 8.169741E+02, time 1.737ms
[INFO   ] DREAMPlace - full step 10.430 ms
[INFO   ] DREAMPlace - optimizer step 8.195 ms
[INFO   ] DREAMPlace - iteration   22, (  22,  0,  0), Obj 1.924916E+08, DensityWeight 2.137449E-11, wHPWL 3.079697E+08, Overflow 9.391105E-01, MaxDensity 8.262E+04, gamma 8.060903E+02, time 1.716ms
[INFO   ] DREAMPlace - full step 10.404 ms
[INFO   ] DREAMPlace - optimizer step 8.088 ms
[INFO   ] DREAMPlace - iteration   23, (  23,  0,  0), Obj 1.894156E+08, DensityWeight 2.345722E-11, wHPWL 3.072567E+08, Overflow 9.366724E-01, MaxDensity 7.375E+04, gamma 7.935460E+02, time 1.699ms
[INFO   ] DREAMPlace - full step 10.263 ms
[INFO   ] DREAMPlace - optimizer step 8.058 ms
[INFO   ] DREAMPlace - iteration   24, (  24,  0,  0), Obj 1.860575E+08, DensityWeight 2.573774E-11, wHPWL 3.061368E+08, Overflow 9.341754E-01, MaxDensity 6.661E+04, gamma 7.837078E+02, time 1.641ms
[INFO   ] DREAMPlace - full step 10.176 ms
[INFO   ] DREAMPlace - optimizer step 8.019 ms
[INFO   ] DREAMPlace - iteration   25, (  25,  0,  0), Obj 1.829486E+08, DensityWeight 2.823432E-11, wHPWL 3.045653E+08, Overflow 9.316507E-01, MaxDensity 6.070E+04, gamma 7.737583E+02, time 1.609ms
[INFO   ] DREAMPlace - full step 10.098 ms
[INFO   ] DREAMPlace - optimizer step 8.962 ms
[INFO   ] DREAMPlace - iteration   26, (  26,  0,  0), Obj 1.800152E+08, DensityWeight 3.096689E-11, wHPWL 3.032404E+08, Overflow 9.294890E-01, MaxDensity 5.523E+04, gamma 7.638265E+02, time 1.588ms
[INFO   ] DREAMPlace - full step 11.043 ms
[INFO   ] DREAMPlace - optimizer step 19.964 ms
[INFO   ] DREAMPlace - iteration   27, (  27,  0,  0), Obj 1.771496E+08, DensityWeight 3.395712E-11, wHPWL 3.021274E+08, Overflow 9.270906E-01, MaxDensity 4.939E+04, gamma 7.554243E+02, time 1.568ms
[INFO   ] DREAMPlace - full step 22.038 ms
[INFO   ] DREAMPlace - optimizer step 10.189 ms
[INFO   ] DREAMPlace - iteration   28, (  28,  0,  0), Obj 1.743516E+08, DensityWeight 3.722865E-11, wHPWL 3.014015E+08, Overflow 9.253836E-01, MaxDensity 4.369E+04, gamma 7.462101E+02, time 1.548ms
[INFO   ] DREAMPlace - full step 12.306 ms
[INFO   ] DREAMPlace - optimizer step 9.789 ms
[INFO   ] DREAMPlace - iteration   29, (  29,  0,  0), Obj 1.715328E+08, DensityWeight 4.080720E-11, wHPWL 3.005347E+08, Overflow 9.232126E-01, MaxDensity 3.912E+04, gamma 7.397208E+02, time 1.772ms
[INFO   ] DREAMPlace - full step 12.097 ms
[INFO   ] DREAMPlace - optimizer step 7.800 ms
[INFO   ] DREAMPlace - iteration   30, (  30,  0,  0), Obj 1.691765E+08, DensityWeight 4.472079E-11, wHPWL 2.994004E+08, Overflow 9.207176E-01, MaxDensity 3.536E+04, gamma 7.315493E+02, time 1.540ms
[INFO   ] DREAMPlace - full step 9.853 ms
[INFO   ] DREAMPlace - optimizer step 7.651 ms
[INFO   ] DREAMPlace - iteration   31, (  31,  0,  0), Obj 1.671511E+08, DensityWeight 4.899992E-11, wHPWL 2.985026E+08, Overflow 9.193133E-01, MaxDensity 3.197E+04, gamma 7.222691E+02, time 1.451ms
[INFO   ] DREAMPlace - full step 9.588 ms
[INFO   ] DREAMPlace - optimizer step 7.624 ms
[INFO   ] DREAMPlace - iteration   32, (  32,  0,  0), Obj 1.651347E+08, DensityWeight 5.367775E-11, wHPWL 2.979313E+08, Overflow 9.176150E-01, MaxDensity 2.871E+04, gamma 7.170976E+02, time 1.422ms
[INFO   ] DREAMPlace - full step 9.525 ms
[INFO   ] DREAMPlace - optimizer step 7.542 ms
[INFO   ] DREAMPlace - iteration   33, (  33,  0,  0), Obj 1.633914E+08, DensityWeight 5.879040E-11, wHPWL 2.977125E+08, Overflow 9.153328E-01, MaxDensity 2.570E+04, gamma 7.108930E+02, time 1.433ms
[INFO   ] DREAMPlace - full step 9.447 ms
[INFO   ] DREAMPlace - optimizer step 7.515 ms
[INFO   ] DREAMPlace - iteration   34, (  34,  0,  0), Obj 1.620178E+08, DensityWeight 6.437714E-11, wHPWL 2.971197E+08, Overflow 9.132036E-01, MaxDensity 2.321E+04, gamma 7.026400E+02, time 1.405ms
[INFO   ] DREAMPlace - full step 9.410 ms
[INFO   ] DREAMPlace - optimizer step 7.501 ms
[INFO   ] DREAMPlace - iteration   35, (  35,  0,  0), Obj 1.607327E+08, DensityWeight 7.048068E-11, wHPWL 2.962901E+08, Overflow 9.111875E-01, MaxDensity 2.108E+04, gamma 6.950264E+02, time 1.384ms
[INFO   ] DREAMPlace - full step 9.389 ms
[INFO   ] DREAMPlace - optimizer step 7.510 ms
[INFO   ] DREAMPlace - iteration   36, (  36,  0,  0), Obj 1.595286E+08, DensityWeight 7.714745E-11, wHPWL 2.956797E+08, Overflow 9.092618E-01, MaxDensity 1.912E+04, gamma 6.878930E+02, time 1.374ms
[INFO   ] DREAMPlace - full step 9.364 ms
[INFO   ] DREAMPlace - optimizer step 16.998 ms
[INFO   ] DREAMPlace - iteration   37, (  37,  0,  0), Obj 1.584554E+08, DensityWeight 8.442794E-11, wHPWL 2.953106E+08, Overflow 9.071407E-01, MaxDensity 1.727E+04, gamma 6.811483E+02, time 15.301ms
[INFO   ] DREAMPlace - full step 32.821 ms
[INFO   ] DREAMPlace - optimizer step 22.530 ms
[INFO   ] DREAMPlace - iteration   38, (  38,  0,  0), Obj 1.575029E+08, DensityWeight 9.237703E-11, wHPWL 2.951638E+08, Overflow 9.053822E-01, MaxDensity 1.559E+04, gamma 6.737957E+02, time 1.376ms
[INFO   ] DREAMPlace - full step 24.457 ms
[INFO   ] DREAMPlace - optimizer step 16.874 ms
[INFO   ] DREAMPlace - iteration   39, (  39,  0,  0), Obj 1.566117E+08, DensityWeight 1.010543E-10, wHPWL 2.947640E+08, Overflow 9.033279E-01, MaxDensity 1.416E+04, gamma 6.677599E+02, time 8.519ms
[INFO   ] DREAMPlace - full step 25.968 ms
[INFO   ] DREAMPlace - plotting to lambdaramp_results/s200/bigblue3/plot/iter0040.png takes 6.579 seconds
[INFO   ] DREAMPlace - optimizer step 9.384 ms
[INFO   ] DREAMPlace - iteration   40, (  40,  0,  0), Obj 1.559140E+08, DensityWeight 1.105246E-10, wHPWL 2.942714E+08, Overflow 9.013953E-01, MaxDensity 1.290E+04, gamma 6.607776E+02, time 2.760ms
[INFO   ] DREAMPlace - full step 6598.102 ms
[INFO   ] DREAMPlace - optimizer step 8.085 ms
[INFO   ] DREAMPlace - iteration   41, (  41,  0,  0), Obj 1.552554E+08, DensityWeight 1.208582E-10, wHPWL 2.939109E+08, Overflow 9.002929E-01, MaxDensity 1.175E+04, gamma 6.542752E+02, time 1.630ms
[INFO   ] DREAMPlace - full step 10.569 ms
[INFO   ] DREAMPlace - optimizer step 7.448 ms
[INFO   ] DREAMPlace - iteration   42, (  42,  0,  0), Obj 1.544312E+08, DensityWeight 1.321315E-10, wHPWL 2.935773E+08, Overflow 8.994770E-01, MaxDensity 1.066E+04, gamma 6.505952E+02, time 1.446ms
[INFO   ] DREAMPlace - full step 9.543 ms
[INFO   ] DREAMPlace - optimizer step 8.400 ms
[INFO   ] DREAMPlace - iteration   43, (  43,  0,  0), Obj 1.535132E+08, DensityWeight 1.444275E-10, wHPWL 2.932458E+08, Overflow 8.983492E-01, MaxDensity 9.636E+03, gamma 6.478848E+02, time 1.475ms
[INFO   ] DREAMPlace - full step 10.581 ms
[INFO   ] DREAMPlace - optimizer step 8.612 ms
[INFO   ] DREAMPlace - iteration   44, (  44,  0,  0), Obj 1.526632E+08, DensityWeight 1.578362E-10, wHPWL 2.928905E+08, Overflow 8.967857E-01, MaxDensity 8.676E+03, gamma 6.441567E+02, time 1.561ms
[INFO   ] DREAMPlace - full step 10.947 ms
[INFO   ] DREAMPlace - optimizer step 8.059 ms
[INFO   ] DREAMPlace - iteration   45, (  45,  0,  0), Obj 1.519561E+08, DensityWeight 1.724552E-10, wHPWL 2.924964E+08, Overflow 8.952866E-01, MaxDensity 7.774E+03, gamma 6.390236E+02, time 1.518ms
[INFO   ] DREAMPlace - full step 10.294 ms
[INFO   ] DREAMPlace - optimizer step 8.127 ms
[INFO   ] DREAMPlace - iteration   46, (  46,  0,  0), Obj 1.512768E+08, DensityWeight 1.883906E-10, wHPWL 2.921276E+08, Overflow 8.934520E-01, MaxDensity 6.924E+03, gamma 6.341407E+02, time 1.482ms
[INFO   ] DREAMPlace - full step 10.262 ms
[INFO   ] DREAMPlace - optimizer step 18.744 ms
[INFO   ] DREAMPlace - iteration   47, (  47,  0,  0), Obj 1.507268E+08, DensityWeight 2.057573E-10, wHPWL 2.917923E+08, Overflow 8.918658E-01, MaxDensity 6.117E+03, gamma 6.282159E+02, time 1.460ms
[INFO   ] DREAMPlace - full step 20.899 ms
[INFO   ] DREAMPlace - optimizer step 7.531 ms
[INFO   ] DREAMPlace - iteration   48, (  48,  0,  0), Obj 1.501551E+08, DensityWeight 2.246800E-10, wHPWL 2.914563E+08, Overflow 8.908373E-01, MaxDensity 5.364E+03, gamma 6.231375E+02, time 2.656ms
[INFO   ] DREAMPlace - full step 10.849 ms
[INFO   ] DREAMPlace - optimizer step 8.285 ms
[INFO   ] DREAMPlace - iteration   49, (  49,  0,  0), Obj 1.494957E+08, DensityWeight 2.452939E-10, wHPWL 2.910937E+08, Overflow 8.900496E-01, MaxDensity 4.868E+03, gamma 6.198667E+02, time 3.628ms
[INFO   ] DREAMPlace - full step 12.527 ms
[INFO   ] DREAMPlace - optimizer step 8.159 ms
[INFO   ] DREAMPlace - iteration   50, (  50,  0,  0), Obj 1.488325E+08, DensityWeight 2.677455E-10, wHPWL 2.908033E+08, Overflow 8.890247E-01, MaxDensity 4.492E+03, gamma 6.173735E+02, time 1.508ms
[INFO   ] DREAMPlace - full step 10.385 ms
[INFO   ] DREAMPlace - optimizer step 8.274 ms
[INFO   ] DREAMPlace - iteration   51, (  51,  0,  0), Obj 1.482805E+08, DensityWeight 2.921937E-10, wHPWL 2.905682E+08, Overflow 8.883929E-01, MaxDensity 4.075E+03, gamma 6.141439E+02, time 1.484ms
[INFO   ] DREAMPlace - full step 10.487 ms
[INFO   ] DREAMPlace - optimizer step 8.135 ms
[INFO   ] DREAMPlace - iteration   52, (  52,  0,  0), Obj 1.476676E+08, DensityWeight 3.188104E-10, wHPWL 2.903643E+08, Overflow 8.869912E-01, MaxDensity 3.624E+03, gamma 6.121620E+02, time 1.517ms
[INFO   ] DREAMPlace - full step 10.358 ms
[INFO   ] DREAMPlace - optimizer step 8.232 ms
[INFO   ] DREAMPlace - iteration   53, (  53,  0,  0), Obj 1.472786E+08, DensityWeight 3.477822E-10, wHPWL 2.901791E+08, Overflow 8.859841E-01, MaxDensity 3.125E+03, gamma 6.077871E+02, time 1.477ms
[INFO   ] DREAMPlace - full step 10.415 ms
[INFO   ] DREAMPlace - optimizer step 8.126 ms
[INFO   ] DREAMPlace - iteration   54, (  54,  0,  0), Obj 1.468081E+08, DensityWeight 3.793109E-10, wHPWL 2.899710E+08, Overflow 8.850441E-01, MaxDensity 2.973E+03, gamma 6.046630E+02, time 1.510ms
[INFO   ] DREAMPlace - full step 10.380 ms
[INFO   ] DREAMPlace - optimizer step 7.466 ms
[INFO   ] DREAMPlace - iteration   55, (  55,  0,  0), Obj 1.463360E+08, DensityWeight 4.136152E-10, wHPWL 2.897652E+08, Overflow 8.843613E-01, MaxDensity 3.093E+03, gamma 6.017618E+02, time 1.447ms
[INFO   ] DREAMPlace - full step 9.511 ms
[INFO   ] DREAMPlace - optimizer step 7.792 ms
[INFO   ] DREAMPlace - iteration   56, (  56,  0,  0), Obj 1.458113E+08, DensityWeight 4.509317E-10, wHPWL 2.895687E+08, Overflow 8.833749E-01, MaxDensity 3.155E+03, gamma 5.996630E+02, time 1.423ms
[INFO   ] DREAMPlace - full step 9.801 ms
[INFO   ] DREAMPlace - optimizer step 21.261 ms
[INFO   ] DREAMPlace - iteration   57, (  57,  0,  0), Obj 1.453790E+08, DensityWeight 4.915165E-10, wHPWL 2.893899E+08, Overflow 8.821272E-01, MaxDensity 3.138E+03, gamma 5.966439E+02, time 1.443ms
[INFO   ] DREAMPlace - full step 23.427 ms
[INFO   ] DREAMPlace - optimizer step 8.308 ms
[INFO   ] DREAMPlace - iteration   58, (  58,  0,  0), Obj 1.450321E+08, DensityWeight 5.356470E-10, wHPWL 2.892162E+08, Overflow 8.810962E-01, MaxDensity 3.012E+03, gamma 5.928470E+02, time 1.580ms
[INFO   ] DREAMPlace - full step 10.740 ms
[INFO   ] DREAMPlace - optimizer step 8.046 ms
[INFO   ] DREAMPlace - iteration   59, (  59,  0,  0), Obj 1.446525E+08, DensityWeight 5.836230E-10, wHPWL 2.890630E+08, Overflow 8.797191E-01, MaxDensity 2.749E+03, gamma 5.897276E+02, time 1.304ms
[INFO   ] DREAMPlace - full step 10.061 ms
[INFO   ] DREAMPlace - optimizer step 8.032 ms
[INFO   ] DREAMPlace - iteration   60, (  60,  0,  0), Obj 1.443878E+08, DensityWeight 6.357688E-10, wHPWL 2.889316E+08, Overflow 8.787454E-01, MaxDensity 2.334E+03, gamma 5.855867E+02, time 1.420ms
[INFO   ] DREAMPlace - full step 10.205 ms
[INFO   ] DREAMPlace - optimizer step 8.352 ms
[INFO   ] DREAMPlace - iteration   61, (  61,  0,  0), Obj 1.440384E+08, DensityWeight 6.924352E-10, wHPWL 2.887988E+08, Overflow 8.778052E-01, MaxDensity 2.365E+03, gamma 5.826766E+02, time 1.530ms
[INFO   ] DREAMPlace - full step 10.641 ms
[INFO   ] DREAMPlace - optimizer step 7.994 ms
[INFO   ] DREAMPlace - iteration   62, (  62,  0,  0), Obj 1.436936E+08, DensityWeight 7.540015E-10, wHPWL 2.886561E+08, Overflow 8.770079E-01, MaxDensity 2.555E+03, gamma 5.798799E+02, time 1.485ms
[INFO   ] DREAMPlace - full step 10.153 ms
[INFO   ] DREAMPlace - optimizer step 7.215 ms
[INFO   ] DREAMPlace - iteration   63, (  63,  0,  0), Obj 1.433185E+08, DensityWeight 8.208776E-10, wHPWL 2.884962E+08, Overflow 8.759025E-01, MaxDensity 2.639E+03, gamma 5.775191E+02, time 1.261ms
[INFO   ] DREAMPlace - full step 9.013 ms
[INFO   ] DREAMPlace - optimizer step 7.055 ms
[INFO   ] DREAMPlace - iteration   64, (  64,  0,  0), Obj 1.430304E+08, DensityWeight 8.935066E-10, wHPWL 2.883210E+08, Overflow 8.748767E-01, MaxDensity 2.534E+03, gamma 5.742617E+02, time 1.246ms
[INFO   ] DREAMPlace - full step 8.814 ms
[INFO   ] DREAMPlace - optimizer step 7.081 ms
[INFO   ] DREAMPlace - iteration   65, (  65,  0,  0), Obj 1.427265E+08, DensityWeight 9.723671E-10, wHPWL 2.881228E+08, Overflow 8.737056E-01, MaxDensity 2.203E+03, gamma 5.712554E+02, time 1.249ms
[INFO   ] DREAMPlace - full step 8.815 ms
[INFO   ] DREAMPlace - optimizer step 7.022 ms
[INFO   ] DREAMPlace - iteration   66, (  66,  0,  0), Obj 1.424668E+08, DensityWeight 1.057976E-09, wHPWL 2.879039E+08, Overflow 8.724963E-01, MaxDensity 1.991E+03, gamma 5.678424E+02, time 1.234ms
[INFO   ] DREAMPlace - full step 8.736 ms
[INFO   ] DREAMPlace - optimizer step 7.243 ms
[INFO   ] DREAMPlace - iteration   67, (  67,  0,  0), Obj 1.422243E+08, DensityWeight 1.150892E-09, wHPWL 2.876651E+08, Overflow 8.715484E-01, MaxDensity 2.199E+03, gamma 5.643395E+02, time 1.250ms
[INFO   ] DREAMPlace - full step 8.974 ms
[INFO   ] DREAMPlace - optimizer step 13.514 ms
[INFO   ] DREAMPlace - iteration   68, (  68,  0,  0), Obj 1.419206E+08, DensityWeight 1.251718E-09, wHPWL 2.874113E+08, Overflow 8.706989E-01, MaxDensity 2.212E+03, gamma 5.616089E+02, time 8.802ms
[INFO   ] DREAMPlace - full step 22.920 ms
[INFO   ] DREAMPlace - optimizer step 8.022 ms
[INFO   ] DREAMPlace - iteration   69, (  69,  0,  0), Obj 1.416004E+08, DensityWeight 1.361105E-09, wHPWL 2.871574E+08, Overflow 8.699539E-01, MaxDensity 1.952E+03, gamma 5.591731E+02, time 1.392ms
[INFO   ] DREAMPlace - full step 10.105 ms
[INFO   ] DREAMPlace - optimizer step 9.831 ms
[INFO   ] DREAMPlace - iteration   70, (  70,  0,  0), Obj 1.412616E+08, DensityWeight 1.479755E-09, wHPWL 2.869058E+08, Overflow 8.692799E-01, MaxDensity 1.922E+03, gamma 5.570457E+02, time 67.402ms
[INFO   ] DREAMPlace - full step 77.996 ms
[INFO   ] DREAMPlace - optimizer step 9.294 ms
[INFO   ] DREAMPlace - iteration   71, (  71,  0,  0), Obj 1.409125E+08, DensityWeight 1.608426E-09, wHPWL 2.866565E+08, Overflow 8.685561E-01, MaxDensity 1.717E+03, gamma 5.551277E+02, time 1.982ms
[INFO   ] DREAMPlace - full step 12.064 ms
[INFO   ] DREAMPlace - optimizer step 8.157 ms
[INFO   ] DREAMPlace - iteration   72, (  72,  0,  0), Obj 1.405849E+08, DensityWeight 1.747936E-09, wHPWL 2.864068E+08, Overflow 8.681830E-01, MaxDensity 1.594E+03, gamma 5.530757E+02, time 7.054ms
[INFO   ] DREAMPlace - full step 15.867 ms
[INFO   ] DREAMPlace - optimizer step 8.018 ms
[INFO   ] DREAMPlace - iteration   73, (  73,  0,  0), Obj 1.401710E+08, DensityWeight 1.899167E-09, wHPWL 2.861535E+08, Overflow 8.675778E-01, MaxDensity 1.750E+03, gamma 5.520209E+02, time 1.261ms
[INFO   ] DREAMPlace - full step 9.980 ms
[INFO   ] DREAMPlace - optimizer step 8.140 ms
[INFO   ] DREAMPlace - iteration   74, (  74,  0,  0), Obj 1.398287E+08, DensityWeight 2.063069E-09, wHPWL 2.859094E+08, Overflow 8.665708E-01, MaxDensity 1.644E+03, gamma 5.503138E+02, time 1.447ms
[INFO   ] DREAMPlace - full step 10.255 ms
[INFO   ] DREAMPlace - optimizer step 8.176 ms
[INFO   ] DREAMPlace - iteration   75, (  75,  0,  0), Obj 1.396044E+08, DensityWeight 2.240669E-09, wHPWL 2.856679E+08, Overflow 8.656679E-01, MaxDensity 1.626E+03, gamma 5.474857E+02, time 1.428ms
[INFO   ] DREAMPlace - full step 10.401 ms
[INFO   ] DREAMPlace - optimizer step 7.951 ms
[INFO   ] DREAMPlace - iteration   76, (  76,  0,  0), Obj 1.393617E+08, DensityWeight 2.433070E-09, wHPWL 2.854181E+08, Overflow 8.651910E-01, MaxDensity 1.414E+03, gamma 5.449623E+02, time 1.418ms
[INFO   ] DREAMPlace - full step 10.012 ms
[INFO   ] DREAMPlace - optimizer step 8.740 ms
[INFO   ] DREAMPlace - iteration   77, (  77,  0,  0), Obj 1.390132E+08, DensityWeight 2.641465E-09, wHPWL 2.851664E+08, Overflow 8.647377E-01, MaxDensity 1.360E+03, gamma 5.436341E+02, time 1.489ms
[INFO   ] DREAMPlace - full step 10.994 ms
[INFO   ] DREAMPlace - optimizer step 8.271 ms
[INFO   ] DREAMPlace - iteration   78, (  78,  0,  0), Obj 1.386684E+08, DensityWeight 2.867135E-09, wHPWL 2.849270E+08, Overflow 8.642363E-01, MaxDensity 1.403E+03, gamma 5.423743E+02, time 1.489ms
[INFO   ] DREAMPlace - full step 10.460 ms
[INFO   ] DREAMPlace - optimizer step 7.947 ms
[INFO   ] DREAMPlace - iteration   79, (  79,  0,  0), Obj 1.383458E+08, DensityWeight 3.111462E-09, wHPWL 2.846982E+08, Overflow 8.638822E-01, MaxDensity 1.438E+03, gamma 5.409847E+02, time 1.409ms
[INFO   ] DREAMPlace - full step 10.072 ms
[INFO   ] DREAMPlace - plotting to lambdaramp_results/s200/bigblue3/plot/iter0080.png takes 6.664 seconds
[INFO   ] DREAMPlace - optimizer step 9.481 ms
[INFO   ] DREAMPlace - iteration   80, (  80,  0,  0), Obj 1.379905E+08, DensityWeight 3.375935E-09, wHPWL 2.844763E+08, Overflow 8.635131E-01, MaxDensity 1.359E+03, gamma 5.400054E+02, time 1.427ms
[INFO   ] DREAMPlace - full step 6677.882 ms
[INFO   ] DREAMPlace - optimizer step 7.365 ms
[INFO   ] DREAMPlace - iteration   81, (  81,  0,  0), Obj 1.376453E+08, DensityWeight 3.662155E-09, wHPWL 2.842613E+08, Overflow 8.627296E-01, MaxDensity 1.333E+03, gamma 5.389864E+02, time 1.320ms
[INFO   ] DREAMPlace - full step 9.428 ms
[INFO   ] DREAMPlace - optimizer step 7.218 ms
[INFO   ] DREAMPlace - iteration   82, (  82,  0,  0), Obj 1.374189E+08, DensityWeight 3.971847E-09, wHPWL 2.840476E+08, Overflow 8.621861E-01, MaxDensity 1.148E+03, gamma 5.368300E+02, time 1.287ms
[INFO   ] DREAMPlace - full step 9.053 ms
[INFO   ] DREAMPlace - optimizer step 20.650 ms
[INFO   ] DREAMPlace - iteration   83, (  83,  0,  0), Obj 1.371311E+08, DensityWeight 4.306867E-09, wHPWL 2.838228E+08, Overflow 8.614637E-01, MaxDensity 1.226E+03, gamma 5.353392E+02, time 4.970ms
[INFO   ] DREAMPlace - full step 26.173 ms
[INFO   ] DREAMPlace - optimizer step 7.177 ms
[INFO   ] DREAMPlace - iteration   84, (  84,  0,  0), Obj 1.368970E+08, DensityWeight 4.669212E-09, wHPWL 2.835924E+08, Overflow 8.607036E-01, MaxDensity 1.203E+03, gamma 5.333640E+02, time 1.263ms
[INFO   ] DREAMPlace - full step 8.989 ms
[INFO   ] DREAMPlace - optimizer step 7.229 ms
[INFO   ] DREAMPlace - iteration   85, (  85,  0,  0), Obj 1.366768E+08, DensityWeight 5.061028E-09, wHPWL 2.833511E+08, Overflow 8.598275E-01, MaxDensity 1.193E+03, gamma 5.312936E+02, time 1.252ms
[INFO   ] DREAMPlace - full step 8.984 ms
[INFO   ] DREAMPlace - optimizer step 7.554 ms
[INFO   ] DREAMPlace - iteration   86, (  86,  0,  0), Obj 1.364919E+08, DensityWeight 5.484628E-09, wHPWL 2.830980E+08, Overflow 8.592323E-01, MaxDensity 1.179E+03, gamma 5.289174E+02, time 1.266ms
[INFO   ] DREAMPlace - full step 9.326 ms
[INFO   ] DREAMPlace - optimizer step 7.652 ms
[INFO   ] DREAMPlace - iteration   87, (  87,  0,  0), Obj 1.362318E+08, DensityWeight 5.942492E-09, wHPWL 2.828303E+08, Overflow 8.585058E-01, MaxDensity 1.030E+03, gamma 5.273088E+02, time 1.269ms
[INFO   ] DREAMPlace - full step 9.444 ms
[INFO   ] DREAMPlace - optimizer step 7.184 ms
[INFO   ] DREAMPlace - iteration   88, (  88,  0,  0), Obj 1.360108E+08, DensityWeight 6.437293E-09, wHPWL 2.825539E+08, Overflow 8.577656E-01, MaxDensity 9.595E+02, gamma 5.253522E+02, time 1.252ms
[INFO   ] DREAMPlace - full step 8.920 ms
[INFO   ] DREAMPlace - optimizer step 7.144 ms
[INFO   ] DREAMPlace - iteration   89, (  89,  0,  0), Obj 1.357954E+08, DensityWeight 6.971898E-09, wHPWL 2.822650E+08, Overflow 8.571531E-01, MaxDensity 1.058E+03, gamma 5.233660E+02, time 1.224ms
[INFO   ] DREAMPlace - full step 8.861 ms
[INFO   ] DREAMPlace - optimizer step 7.090 ms
[INFO   ] DREAMPlace - iteration   90, (  90,  0,  0), Obj 1.355458E+08, DensityWeight 7.549391E-09, wHPWL 2.819633E+08, Overflow 8.566074E-01, MaxDensity 1.032E+03, gamma 5.217285E+02, time 1.217ms
[INFO   ] DREAMPlace - full step 8.784 ms
[INFO   ] DREAMPlace - optimizer step 7.499 ms
[INFO   ] DREAMPlace - iteration   91, (  91,  0,  0), Obj 1.352786E+08, DensityWeight 8.173084E-09, wHPWL 2.816524E+08, Overflow 8.560441E-01, MaxDensity 9.300E+02, gamma 5.202736E+02, time 1.226ms
[INFO   ] DREAMPlace - full step 9.206 ms
[INFO   ] DREAMPlace - optimizer step 7.269 ms
[INFO   ] DREAMPlace - iteration   92, (  92,  0,  0), Obj 1.350173E+08, DensityWeight 8.846534E-09, wHPWL 2.813347E+08, Overflow 8.555122E-01, MaxDensity 8.494E+02, gamma 5.187761E+02, time 1.382ms
[INFO   ] DREAMPlace - full step 9.132 ms
[INFO   ] DREAMPlace - optimizer step 7.086 ms
[INFO   ] DREAMPlace - iteration   93, (  93,  0,  0), Obj 1.347482E+08, DensityWeight 9.573561E-09, wHPWL 2.810093E+08, Overflow 8.550089E-01, MaxDensity 8.129E+02, gamma 5.173663E+02, time 1.253ms
[INFO   ] DREAMPlace - full step 8.826 ms
[INFO   ] DREAMPlace - optimizer step 7.115 ms
[INFO   ] DREAMPlace - iteration   94, (  94,  0,  0), Obj 1.344725E+08, DensityWeight 1.035826E-08, wHPWL 2.806776E+08, Overflow 8.543431E-01, MaxDensity 8.436E+02, gamma 5.160356E+02, time 1.207ms
[INFO   ] DREAMPlace - full step 8.798 ms
[INFO   ] DREAMPlace - optimizer step 12.997 ms
[INFO   ] DREAMPlace - iteration   95, (  95,  0,  0), Obj 1.342446E+08, DensityWeight 1.120504E-08, wHPWL 2.803407E+08, Overflow 8.537218E-01, MaxDensity 8.177E+02, gamma 5.142805E+02, time 6.305ms
[INFO   ] DREAMPlace - full step 19.780 ms
[INFO   ] DREAMPlace - optimizer step 7.159 ms
[INFO   ] DREAMPlace - iteration   96, (  96,  0,  0), Obj 1.340069E+08, DensityWeight 1.211862E-08, wHPWL 2.799957E+08, Overflow 8.531651E-01, MaxDensity 7.575E+02, gamma 5.126482E+02, time 1.247ms
[INFO   ] DREAMPlace - full step 8.887 ms
[INFO   ] DREAMPlace - optimizer step 8.997 ms
[INFO   ] DREAMPlace - iteration   97, (  97,  0,  0), Obj 1.337543E+08, DensityWeight 1.310407E-08, wHPWL 2.796454E+08, Overflow 8.529335E-01, MaxDensity 6.878E+02, gamma 5.111902E+02, time 1.239ms
[INFO   ] DREAMPlace - full step 10.714 ms
[INFO   ] DREAMPlace - optimizer step 7.464 ms
[INFO   ] DREAMPlace - iteration   98, (  98,  0,  0), Obj 1.334139E+08, DensityWeight 1.416681E-08, wHPWL 2.792908E+08, Overflow 8.528723E-01, MaxDensity 6.576E+02, gamma 5.105846E+02, time 1.225ms
[INFO   ] DREAMPlace - full step 9.157 ms
[INFO   ] DREAMPlace - optimizer step 7.100 ms
[INFO   ] DREAMPlace - iteration   99, (  99,  0,  0), Obj 1.330300E+08, DensityWeight 1.531268E-08, wHPWL 2.789407E+08, Overflow 8.526595E-01, MaxDensity 6.333E+02, gamma 5.104246E+02, time 1.222ms
[INFO   ] DREAMPlace - full step 8.794 ms
[INFO   ] DREAMPlace - optimizer step 7.085 ms
[INFO   ] DREAMPlace - iteration  100, ( 100,  0,  0), Obj 1.326937E+08, DensityWeight 1.654792E-08, wHPWL 2.785986E+08, Overflow 8.524988E-01, MaxDensity 5.967E+02, gamma 5.098691E+02, time 1.233ms
[INFO   ] DREAMPlace - full step 8.788 ms
[INFO   ] DREAMPlace - optimizer step 13.199 ms
[INFO   ] DREAMPlace - iteration  101, ( 101,  0,  0), Obj 1.323475E+08, DensityWeight 1.787923E-08, wHPWL 2.782593E+08, Overflow 8.522608E-01, MaxDensity 5.578E+02, gamma 5.094500E+02, time 1.217ms
[INFO   ] DREAMPlace - full step 15.502 ms
[INFO   ] DREAMPlace - optimizer step 7.197 ms
[INFO   ] DREAMPlace - iteration  102, ( 102,  0,  0), Obj 1.320280E+08, DensityWeight 1.931379E-08, wHPWL 2.779242E+08, Overflow 8.519764E-01, MaxDensity 5.318E+02, gamma 5.088300E+02, time 1.992ms
[INFO   ] DREAMPlace - full step 9.670 ms
[INFO   ] DREAMPlace - optimizer step 8.222 ms
[INFO   ] DREAMPlace - iteration  103, ( 103,  0,  0), Obj 1.317266E+08, DensityWeight 2.085927E-08, wHPWL 2.775901E+08, Overflow 8.516594E-01, MaxDensity 5.213E+02, gamma 5.080901E+02, time 1.207ms
[INFO   ] DREAMPlace - full step 9.917 ms
[INFO   ] DREAMPlace - optimizer step 7.188 ms
[INFO   ] DREAMPlace - iteration  104, ( 104,  0,  0), Obj 1.314398E+08, DensityWeight 2.252392E-08, wHPWL 2.772571E+08, Overflow 8.515916E-01, MaxDensity 5.198E+02, gamma 5.072666E+02, time 1.234ms
[INFO   ] DREAMPlace - full step 8.887 ms
[INFO   ] DREAMPlace - optimizer step 13.608 ms
[INFO   ] DREAMPlace - iteration  105, ( 105,  0,  0), Obj 1.310878E+08, DensityWeight 2.431655E-08, wHPWL 2.769260E+08, Overflow 8.516742E-01, MaxDensity 5.355E+02, gamma 5.070907E+02, time 1.207ms
[INFO   ] DREAMPlace - full step 15.292 ms
[INFO   ] DREAMPlace - optimizer step 7.795 ms
[INFO   ] DREAMPlace - iteration  106, ( 106,  0,  0), Obj 1.306987E+08, DensityWeight 2.624660E-08, wHPWL 2.766042E+08, Overflow 8.520222E-01, MaxDensity 5.326E+02, gamma 5.073050E+02, time 3.350ms
[INFO   ] DREAMPlace - full step 11.625 ms
[INFO   ] DREAMPlace - optimizer step 7.214 ms
[INFO   ] DREAMPlace - iteration  107, ( 107,  0,  0), Obj 1.302397E+08, DensityWeight 2.832417E-08, wHPWL 2.762953E+08, Overflow 8.521825E-01, MaxDensity 5.063E+02, gamma 5.082093E+02, time 1.222ms
[INFO   ] DREAMPlace - full step 8.938 ms
[INFO   ] DREAMPlace - optimizer step 7.231 ms
[INFO   ] DREAMPlace - iteration  108, ( 108,  0,  0), Obj 1.298388E+08, DensityWeight 3.056009E-08, wHPWL 2.760052E+08, Overflow 8.524587E-01, MaxDensity 5.009E+02, gamma 5.086263E+02, time 1.385ms
[INFO   ] DREAMPlace - full step 9.078 ms
[INFO   ] DREAMPlace - optimizer step 7.109 ms
[INFO   ] DREAMPlace - iteration  109, ( 109,  0,  0), Obj 1.294097E+08, DensityWeight 3.296591E-08, wHPWL 2.757275E+08, Overflow 8.526401E-01, MaxDensity 4.764E+02, gamma 5.093455E+02, time 1.223ms
[INFO   ] DREAMPlace - full step 8.788 ms
[INFO   ] DREAMPlace - optimizer step 13.251 ms
[INFO   ] DREAMPlace - iteration  110, ( 110,  0,  0), Obj 1.290117E+08, DensityWeight 3.555402E-08, wHPWL 2.754673E+08, Overflow 8.527573E-01, MaxDensity 4.204E+02, gamma 5.098185E+02, time 1.336ms
[INFO   ] DREAMPlace - full step 15.032 ms
[INFO   ] DREAMPlace - optimizer step 7.092 ms
[INFO   ] DREAMPlace - iteration  111, ( 111,  0,  0), Obj 1.286352E+08, DensityWeight 3.833765E-08, wHPWL 2.752196E+08, Overflow 8.528315E-01, MaxDensity 4.151E+02, gamma 5.101244E+02, time 1.554ms
[INFO   ] DREAMPlace - full step 9.134 ms
[INFO   ] DREAMPlace - optimizer step 10.566 ms
[INFO   ] DREAMPlace - iteration  112, ( 112,  0,  0), Obj 1.282741E+08, DensityWeight 4.133095E-08, wHPWL 2.749836E+08, Overflow 8.527353E-01, MaxDensity 4.394E+02, gamma 5.103183E+02, time 1.920ms
[INFO   ] DREAMPlace - full step 12.928 ms
[INFO   ] DREAMPlace - optimizer step 7.133 ms
[INFO   ] DREAMPlace - iteration  113, ( 113,  0,  0), Obj 1.279648E+08, DensityWeight 4.454905E-08, wHPWL 2.747601E+08, Overflow 8.524951E-01, MaxDensity 4.204E+02, gamma 5.100669E+02, time 1.231ms
[INFO   ] DREAMPlace - full step 8.824 ms
[INFO   ] DREAMPlace - optimizer step 7.055 ms
[INFO   ] DREAMPlace - iteration  114, ( 114,  0,  0), Obj 1.277002E+08, DensityWeight 4.800811E-08, wHPWL 2.745446E+08, Overflow 8.524227E-01, MaxDensity 4.019E+02, gamma 5.094405E+02, time 1.203ms
[INFO   ] DREAMPlace - full step 8.702 ms
[INFO   ] DREAMPlace - optimizer step 7.285 ms
[INFO   ] DREAMPlace - iteration  115, ( 115,  0,  0), Obj 1.273921E+08, DensityWeight 5.172541E-08, wHPWL 2.743347E+08, Overflow 8.524346E-01, MaxDensity 3.784E+02, gamma 5.092516E+02, time 1.221ms
[INFO   ] DREAMPlace - full step 8.953 ms
[INFO   ] DREAMPlace - optimizer step 20.407 ms
[INFO   ] DREAMPlace - iteration  116, ( 116,  0,  0), Obj 1.270639E+08, DensityWeight 5.571940E-08, wHPWL 2.741384E+08, Overflow 8.524557E-01, MaxDensity 3.310E+02, gamma 5.092829E+02, time 1.392ms
[INFO   ] DREAMPlace - full step 22.338 ms
[INFO   ] DREAMPlace - optimizer step 7.123 ms
[INFO   ] DREAMPlace - iteration  117, ( 117,  0,  0), Obj 1.267367E+08, DensityWeight 6.000978E-08, wHPWL 2.739556E+08, Overflow 8.524522E-01, MaxDensity 3.624E+02, gamma 5.093377E+02, time 1.249ms
[INFO   ] DREAMPlace - full step 8.830 ms
[INFO   ] DREAMPlace - optimizer step 7.126 ms
[INFO   ] DREAMPlace - iteration  118, ( 118,  0,  0), Obj 1.264199E+08, DensityWeight 6.461759E-08, wHPWL 2.737850E+08, Overflow 8.524169E-01, MaxDensity 3.326E+02, gamma 5.093286E+02, time 1.218ms
[INFO   ] DREAMPlace - full step 8.790 ms
[INFO   ] DREAMPlace - optimizer step 7.137 ms
[INFO   ] DREAMPlace - iteration  119, ( 119,  0,  0), Obj 1.261156E+08, DensityWeight 6.956530E-08, wHPWL 2.736273E+08, Overflow 8.520169E-01, MaxDensity 3.378E+02, gamma 5.092368E+02, time 1.215ms
[INFO   ] DREAMPlace - full step 8.821 ms
[INFO   ] DREAMPlace - plotting to lambdaramp_results/s200/bigblue3/plot/iter0120.png takes 6.696 seconds
[INFO   ] DREAMPlace - optimizer step 23.904 ms
[INFO   ] DREAMPlace - iteration  120, ( 120,  0,  0), Obj 1.259190E+08, DensityWeight 7.487686E-08, wHPWL 2.734802E+08, Overflow 8.516160E-01, MaxDensity 2.908E+02, gamma 5.081956E+02, time 1.229ms
[INFO   ] DREAMPlace - full step 6723.373 ms
[INFO   ] DREAMPlace - optimizer step 9.135 ms
[INFO   ] DREAMPlace - iteration  121, ( 121,  0,  0), Obj 1.257263E+08, DensityWeight 8.057787E-08, wHPWL 2.733332E+08, Overflow 8.513489E-01, MaxDensity 3.097E+02, gamma 5.071541E+02, time 8.104ms
[INFO   ] DREAMPlace - full step 17.959 ms
[INFO   ] DREAMPlace - optimizer step 7.277 ms
[INFO   ] DREAMPlace - iteration  122, ( 122,  0,  0), Obj 1.254985E+08, DensityWeight 8.669560E-08, wHPWL 2.731907E+08, Overflow 8.509232E-01, MaxDensity 2.865E+02, gamma 5.064614E+02, time 1.240ms
[INFO   ] DREAMPlace - full step 9.068 ms
[INFO   ] DREAMPlace - optimizer step 7.111 ms
[INFO   ] DREAMPlace - iteration  123, ( 123,  0,  0), Obj 1.253196E+08, DensityWeight 9.325915E-08, wHPWL 2.730584E+08, Overflow 8.505378E-01, MaxDensity 2.759E+02, gamma 5.053593E+02, time 1.234ms
[INFO   ] DREAMPlace - full step 8.866 ms
[INFO   ] DREAMPlace - optimizer step 7.068 ms
[INFO   ] DREAMPlace - iteration  124, ( 124,  0,  0), Obj 1.251328E+08, DensityWeight 1.002996E-07, wHPWL 2.729329E+08, Overflow 8.501185E-01, MaxDensity 2.535E+02, gamma 5.043637E+02, time 1.214ms
[INFO   ] DREAMPlace - full step 8.781 ms
[INFO   ] DREAMPlace - optimizer step 12.578 ms
[INFO   ] DREAMPlace - iteration  125, ( 125,  0,  0), Obj 1.249597E+08, DensityWeight 1.078499E-07, wHPWL 2.728167E+08, Overflow 8.496824E-01, MaxDensity 2.678E+02, gamma 5.032828E+02, time 1.367ms
[INFO   ] DREAMPlace - full step 14.440 ms
[INFO   ] DREAMPlace - optimizer step 7.209 ms
[INFO   ] DREAMPlace - iteration  126, ( 126,  0,  0), Obj 1.247953E+08, DensityWeight 1.159454E-07, wHPWL 2.727111E+08, Overflow 8.490033E-01, MaxDensity 2.404E+02, gamma 5.021611E+02, time 1.216ms
[INFO   ] DREAMPlace - full step 8.897 ms
[INFO   ] DREAMPlace - optimizer step 7.137 ms
[INFO   ] DREAMPlace - iteration  127, ( 127,  0,  0), Obj 1.247052E+08, DensityWeight 1.246237E-07, wHPWL 2.726163E+08, Overflow 8.481805E-01, MaxDensity 2.429E+02, gamma 5.004189E+02, time 1.224ms
[INFO   ] DREAMPlace - full step 8.834 ms
[INFO   ] DREAMPlace - optimizer step 7.125 ms
[INFO   ] DREAMPlace - iteration  128, ( 128,  0,  0), Obj 1.246609E+08, DensityWeight 1.339247E-07, wHPWL 2.725278E+08, Overflow 8.474827E-01, MaxDensity 2.313E+02, gamma 4.983167E+02, time 1.226ms
[INFO   ] DREAMPlace - full step 8.828 ms
[INFO   ] DREAMPlace - optimizer step 7.517 ms
[INFO   ] DREAMPlace - iteration  129, ( 129,  0,  0), Obj 1.245844E+08, DensityWeight 1.438911E-07, wHPWL 2.724443E+08, Overflow 8.466413E-01, MaxDensity 2.141E+02, gamma 4.965407E+02, time 1.211ms
[INFO   ] DREAMPlace - full step 9.215 ms
[INFO   ] DREAMPlace - optimizer step 7.082 ms
[INFO   ] DREAMPlace - iteration  130, ( 130,  0,  0), Obj 1.245539E+08, DensityWeight 1.545682E-07, wHPWL 2.723723E+08, Overflow 8.457133E-01, MaxDensity 2.182E+02, gamma 4.944074E+02, time 1.219ms
[INFO   ] DREAMPlace - full step 8.766 ms
[INFO   ] DREAMPlace - optimizer step 7.119 ms
[INFO   ] DREAMPlace - iteration  131, ( 131,  0,  0), Obj 1.245528E+08, DensityWeight 1.660045E-07, wHPWL 2.723074E+08, Overflow 8.450714E-01, MaxDensity 2.095E+02, gamma 4.920652E+02, time 1.225ms
[INFO   ] DREAMPlace - full step 8.806 ms
[INFO   ] DREAMPlace - optimizer step 9.725 ms
[INFO   ] DREAMPlace - iteration  132, ( 132,  0,  0), Obj 1.244717E+08, DensityWeight 1.782512E-07, wHPWL 2.722493E+08, Overflow 8.444915E-01, MaxDensity 2.215E+02, gamma 4.904518E+02, time 11.468ms
[INFO   ] DREAMPlace - full step 21.667 ms
[INFO   ] DREAMPlace - optimizer step 7.035 ms
[INFO   ] DREAMPlace - iteration  133, ( 133,  0,  0), Obj 1.243762E+08, DensityWeight 1.913631E-07, wHPWL 2.722083E+08, Overflow 8.437750E-01, MaxDensity 1.948E+02, gamma 4.889987E+02, time 1.204ms
[INFO   ] DREAMPlace - full step 8.722 ms
[INFO   ] DREAMPlace - optimizer step 7.097 ms
[INFO   ] DREAMPlace - iteration  134, ( 134,  0,  0), Obj 1.243245E+08, DensityWeight 2.053985E-07, wHPWL 2.721860E+08, Overflow 8.433678E-01, MaxDensity 2.131E+02, gamma 4.872093E+02, time 1.225ms
[INFO   ] DREAMPlace - full step 8.800 ms
[INFO   ] DREAMPlace - optimizer step 7.085 ms
[INFO   ] DREAMPlace - iteration  135, ( 135,  0,  0), Obj 1.241859E+08, DensityWeight 2.204191E-07, wHPWL 2.721782E+08, Overflow 8.428837E-01, MaxDensity 1.819E+02, gamma 4.861951E+02, time 1.204ms
[INFO   ] DREAMPlace - full step 8.778 ms
[INFO   ] DREAMPlace - optimizer step 7.094 ms
[INFO   ] DREAMPlace - iteration  136, ( 136,  0,  0), Obj 1.240741E+08, DensityWeight 2.364909E-07, wHPWL 2.721958E+08, Overflow 8.425735E-01, MaxDensity 1.933E+02, gamma 4.849922E+02, time 1.216ms
[INFO   ] DREAMPlace - full step 8.773 ms
[INFO   ] DREAMPlace - optimizer step 7.113 ms
[INFO   ] DREAMPlace - iteration  137, ( 137,  0,  0), Obj 1.239158E+08, DensityWeight 2.594572E-07, wHPWL 2.722347E+08, Overflow 8.421658E-01, MaxDensity 1.838E+02, gamma 4.842230E+02, time 1.209ms
[INFO   ] DREAMPlace - full step 8.794 ms
[INFO   ] DREAMPlace - optimizer step 7.011 ms
[INFO   ] DREAMPlace - iteration  138, ( 138,  0,  0), Obj 1.237908E+08, DensityWeight 2.829651E-07, wHPWL 2.723059E+08, Overflow 8.416348E-01, MaxDensity 1.817E+02, gamma 4.832140E+02, time 1.221ms
[INFO   ] DREAMPlace - full step 8.695 ms
[INFO   ] DREAMPlace - optimizer step 7.011 ms
[INFO   ] DREAMPlace - iteration  139, ( 139,  0,  0), Obj 1.237072E+08, DensityWeight 3.058399E-07, wHPWL 2.724046E+08, Overflow 8.410085E-01, MaxDensity 1.858E+02, gamma 4.819029E+02, time 1.221ms
[INFO   ] DREAMPlace - full step 8.699 ms
[INFO   ] DREAMPlace - optimizer step 7.072 ms
[INFO   ] DREAMPlace - iteration  140, ( 140,  0,  0), Obj 1.236573E+08, DensityWeight 3.280316E-07, wHPWL 2.725262E+08, Overflow 8.402974E-01, MaxDensity 1.565E+02, gamma 4.803610E+02, time 1.196ms
[INFO   ] DREAMPlace - full step 8.769 ms
[INFO   ] DREAMPlace - optimizer step 7.776 ms
[INFO   ] DREAMPlace - iteration  141, ( 141,  0,  0), Obj 1.236385E+08, DensityWeight 3.496026E-07, wHPWL 2.726662E+08, Overflow 8.398157E-01, MaxDensity 1.709E+02, gamma 4.786162E+02, time 1.213ms
[INFO   ] DREAMPlace - full step 9.472 ms
[INFO   ] DREAMPlace - optimizer step 7.024 ms
[INFO   ] DREAMPlace - iteration  142, ( 142,  0,  0), Obj 1.235580E+08, DensityWeight 3.706822E-07, wHPWL 2.728227E+08, Overflow 8.391978E-01, MaxDensity 1.698E+02, gamma 4.774380E+02, time 1.206ms
[INFO   ] DREAMPlace - full step 8.704 ms
[INFO   ] DREAMPlace - optimizer step 7.036 ms
[INFO   ] DREAMPlace - iteration  143, ( 143,  0,  0), Obj 1.235252E+08, DensityWeight 3.912242E-07, wHPWL 2.730023E+08, Overflow 8.382772E-01, MaxDensity 1.540E+02, gamma 4.759308E+02, time 2.079ms
[INFO   ] DREAMPlace - full step 9.593 ms
[INFO   ] DREAMPlace - optimizer step 9.031 ms
[INFO   ] DREAMPlace - iteration  144, ( 144,  0,  0), Obj 1.235904E+08, DensityWeight 4.102607E-07, wHPWL 2.731980E+08, Overflow 8.374897E-01, MaxDensity 1.407E+02, gamma 4.736943E+02, time 5.996ms
[INFO   ] DREAMPlace - full step 15.513 ms
[INFO   ] DREAMPlace - optimizer step 7.235 ms
[INFO   ] DREAMPlace - iteration  145, ( 145,  0,  0), Obj 1.236243E+08, DensityWeight 4.282933E-07, wHPWL 2.733969E+08, Overflow 8.365578E-01, MaxDensity 1.402E+02, gamma 4.717893E+02, time 1.225ms
[INFO   ] DREAMPlace - full step 8.939 ms
[INFO   ] DREAMPlace - optimizer step 7.046 ms
[INFO   ] DREAMPlace - iteration  146, ( 146,  0,  0), Obj 1.237096E+08, DensityWeight 4.467238E-07, wHPWL 2.736033E+08, Overflow 8.355256E-01, MaxDensity 1.412E+02, gamma 4.695450E+02, time 1.209ms
[INFO   ] DREAMPlace - full step 8.747 ms
[INFO   ] DREAMPlace - optimizer step 7.037 ms
[INFO   ] DREAMPlace - iteration  147, ( 147,  0,  0), Obj 1.238329E+08, DensityWeight 4.649757E-07, wHPWL 2.738120E+08, Overflow 8.342696E-01, MaxDensity 1.396E+02, gamma 4.670716E+02, time 1.198ms
[INFO   ] DREAMPlace - full step 8.711 ms
[INFO   ] DREAMPlace - optimizer step 7.007 ms
[INFO   ] DREAMPlace - iteration  148, ( 148,  0,  0), Obj 1.240315E+08, DensityWeight 4.836496E-07, wHPWL 2.740196E+08, Overflow 8.328115E-01, MaxDensity 1.335E+02, gamma 4.640795E+02, time 1.204ms
[INFO   ] DREAMPlace - full step 8.677 ms
[INFO   ] DREAMPlace - optimizer step 7.030 ms
[INFO   ] DREAMPlace - iteration  149, ( 149,  0,  0), Obj 1.242990E+08, DensityWeight 5.032440E-07, wHPWL 2.742179E+08, Overflow 8.314639E-01, MaxDensity 1.321E+02, gamma 4.606299E+02, time 1.199ms
[INFO   ] DREAMPlace - full step 8.705 ms
[INFO   ] DREAMPlace - optimizer step 7.011 ms
[INFO   ] DREAMPlace - iteration  150, ( 150,  0,  0), Obj 1.245405E+08, DensityWeight 5.249888E-07, wHPWL 2.744024E+08, Overflow 8.300491E-01, MaxDensity 1.168E+02, gamma 4.574646E+02, time 1.191ms
[INFO   ] DREAMPlace - full step 8.683 ms
[INFO   ] DREAMPlace - optimizer step 7.113 ms
[INFO   ] DREAMPlace - iteration  151, ( 151,  0,  0), Obj 1.248098E+08, DensityWeight 5.497782E-07, wHPWL 2.745777E+08, Overflow 8.287918E-01, MaxDensity 1.184E+02, gamma 4.541647E+02, time 1.221ms
[INFO   ] DREAMPlace - full step 8.818 ms
[INFO   ] DREAMPlace - optimizer step 7.268 ms
[INFO   ] DREAMPlace - iteration  152, ( 152,  0,  0), Obj 1.250381E+08, DensityWeight 5.772193E-07, wHPWL 2.747459E+08, Overflow 8.274151E-01, MaxDensity 1.073E+02, gamma 4.512523E+02, time 1.210ms
[INFO   ] DREAMPlace - full step 8.946 ms
[INFO   ] DREAMPlace - optimizer step 7.377 ms
[INFO   ] DREAMPlace - iteration  153, ( 153,  0,  0), Obj 1.253100E+08, DensityWeight 6.072317E-07, wHPWL 2.749150E+08, Overflow 8.264553E-01, MaxDensity 1.187E+02, gamma 4.480847E+02, time 2.220ms
[INFO   ] DREAMPlace - full step 10.522 ms
[INFO   ] DREAMPlace - optimizer step 7.114 ms
[INFO   ] DREAMPlace - iteration  154, ( 154,  0,  0), Obj 1.254611E+08, DensityWeight 6.386393E-07, wHPWL 2.750835E+08, Overflow 8.252528E-01, MaxDensity 1.199E+02, gamma 4.458895E+02, time 1.207ms
[INFO   ] DREAMPlace - full step 8.813 ms
[INFO   ] DREAMPlace - optimizer step 17.535 ms
[INFO   ] DREAMPlace - iteration  155, ( 155,  0,  0), Obj 1.256937E+08, DensityWeight 6.717853E-07, wHPWL 2.752658E+08, Overflow 8.240213E-01, MaxDensity 1.089E+02, gamma 4.431542E+02, time 1.217ms
[INFO   ] DREAMPlace - full step 19.240 ms
[INFO   ] DREAMPlace - optimizer step 7.090 ms
[INFO   ] DREAMPlace - iteration  156, ( 156,  0,  0), Obj 1.259428E+08, DensityWeight 7.039395E-07, wHPWL 2.754548E+08, Overflow 8.227685E-01, MaxDensity 1.054E+02, gamma 4.403705E+02, time 1.210ms
[INFO   ] DREAMPlace - full step 8.773 ms
[INFO   ] DREAMPlace - optimizer step 6.974 ms
[INFO   ] DREAMPlace - iteration  157, ( 157,  0,  0), Obj 1.262064E+08, DensityWeight 7.362652E-07, wHPWL 2.756503E+08, Overflow 8.217505E-01, MaxDensity 1.127E+02, gamma 4.375567E+02, time 1.220ms
[INFO   ] DREAMPlace - full step 8.672 ms
[INFO   ] DREAMPlace - optimizer step 14.696 ms
[INFO   ] DREAMPlace - iteration  158, ( 158,  0,  0), Obj 1.264054E+08, DensityWeight 7.686544E-07, wHPWL 2.758524E+08, Overflow 8.205324E-01, MaxDensity 1.101E+02, gamma 4.352835E+02, time 1.209ms
[INFO   ] DREAMPlace - full step 16.388 ms
[INFO   ] DREAMPlace - optimizer step 7.202 ms
[INFO   ] DREAMPlace - iteration  159, ( 159,  0,  0), Obj 1.266744E+08, DensityWeight 8.010094E-07, wHPWL 2.760694E+08, Overflow 8.194709E-01, MaxDensity 1.069E+02, gamma 4.325789E+02, time 1.223ms
[INFO   ] DREAMPlace - full step 8.914 ms
[INFO   ] DREAMPlace - plotting to lambdaramp_results/s200/bigblue3/plot/iter0160.png takes 6.494 seconds
[INFO   ] DREAMPlace - optimizer step 9.012 ms
[INFO   ] DREAMPlace - iteration  160, ( 160,  0,  0), Obj 1.269032E+08, DensityWeight 8.312707E-07, wHPWL 2.762924E+08, Overflow 8.180184E-01, MaxDensity 1.126E+02, gamma 4.302357E+02, time 1.203ms
[INFO   ] DREAMPlace - full step 6507.091 ms
[INFO   ] DREAMPlace - optimizer step 7.700 ms
[INFO   ] DREAMPlace - iteration  161, ( 161,  0,  0), Obj 1.272623E+08, DensityWeight 8.612449E-07, wHPWL 2.765261E+08, Overflow 8.162978E-01, MaxDensity 1.002E+02, gamma 4.270500E+02, time 6.243ms
[INFO   ] DREAMPlace - full step 14.508 ms
[INFO   ] DREAMPlace - optimizer step 7.117 ms
[INFO   ] DREAMPlace - iteration  162, ( 162,  0,  0), Obj 1.277146E+08, DensityWeight 8.896210E-07, wHPWL 2.767560E+08, Overflow 8.144565E-01, MaxDensity 1.146E+02, gamma 4.233066E+02, time 1.207ms
[INFO   ] DREAMPlace - full step 8.835 ms
[INFO   ] DREAMPlace - optimizer step 7.051 ms
[INFO   ] DREAMPlace - iteration  163, ( 163,  0,  0), Obj 1.282146E+08, DensityWeight 9.199248E-07, wHPWL 2.769742E+08, Overflow 8.126882E-01, MaxDensity 1.011E+02, gamma 4.193370E+02, time 1.228ms
[INFO   ] DREAMPlace - full step 8.787 ms
[INFO   ] DREAMPlace - optimizer step 7.092 ms
[INFO   ] DREAMPlace - iteration  164, ( 164,  0,  0), Obj 1.287011E+08, DensityWeight 9.543378E-07, wHPWL 2.771805E+08, Overflow 8.112181E-01, MaxDensity 1.091E+02, gamma 4.155598E+02, time 1.179ms
[INFO   ] DREAMPlace - full step 8.758 ms
[INFO   ] DREAMPlace - optimizer step 7.054 ms
[INFO   ] DREAMPlace - iteration  165, ( 165,  0,  0), Obj 1.291032E+08, DensityWeight 9.933561E-07, wHPWL 2.773822E+08, Overflow 8.094893E-01, MaxDensity 1.004E+02, gamma 4.124458E+02, time 1.182ms
[INFO   ] DREAMPlace - full step 8.720 ms
[INFO   ] DREAMPlace - optimizer step 7.063 ms
[INFO   ] DREAMPlace - iteration  166, ( 166,  0,  0), Obj 1.295977E+08, DensityWeight 1.035280E-06, wHPWL 2.775939E+08, Overflow 8.078921E-01, MaxDensity 9.939E+01, gamma 4.088133E+02, time 1.205ms
[INFO   ] DREAMPlace - full step 8.744 ms
[INFO   ] DREAMPlace - optimizer step 7.196 ms
[INFO   ] DREAMPlace - iteration  167, ( 167,  0,  0), Obj 1.300628E+08, DensityWeight 1.075984E-06, wHPWL 2.778056E+08, Overflow 8.064100E-01, MaxDensity 9.856E+01, gamma 4.054857E+02, time 1.208ms
[INFO   ] DREAMPlace - full step 8.874 ms
[INFO   ] DREAMPlace - optimizer step 7.047 ms
[INFO   ] DREAMPlace - iteration  168, ( 168,  0,  0), Obj 1.305038E+08, DensityWeight 1.118279E-06, wHPWL 2.780218E+08, Overflow 8.049589E-01, MaxDensity 9.591E+01, gamma 4.024224E+02, time 1.193ms
[INFO   ] DREAMPlace - full step 8.719 ms
[INFO   ] DREAMPlace - optimizer step 7.510 ms
[INFO   ] DREAMPlace - iteration  169, ( 169,  0,  0), Obj 1.309478E+08, DensityWeight 1.160785E-06, wHPWL 2.782467E+08, Overflow 8.033723E-01, MaxDensity 8.807E+01, gamma 3.994455E+02, time 1.201ms
[INFO   ] DREAMPlace - full step 9.208 ms
[INFO   ] DREAMPlace - optimizer step 9.352 ms
[INFO   ] DREAMPlace - iteration  170, ( 170,  0,  0), Obj 1.314484E+08, DensityWeight 1.201986E-06, wHPWL 2.784824E+08, Overflow 8.019695E-01, MaxDensity 8.818E+01, gamma 3.962157E+02, time 1.349ms
[INFO   ] DREAMPlace - full step 11.174 ms
[INFO   ] DREAMPlace - optimizer step 6.985 ms
[INFO   ] DREAMPlace - iteration  171, ( 171,  0,  0), Obj 1.319051E+08, DensityWeight 1.240902E-06, wHPWL 2.787216E+08, Overflow 8.004287E-01, MaxDensity 8.597E+01, gamma 3.933818E+02, time 1.192ms
[INFO   ] DREAMPlace - full step 8.643 ms
[INFO   ] DREAMPlace - optimizer step 15.095 ms
[INFO   ] DREAMPlace - iteration  172, ( 172,  0,  0), Obj 1.324199E+08, DensityWeight 1.279833E-06, wHPWL 2.789709E+08, Overflow 7.988474E-01, MaxDensity 8.104E+01, gamma 3.902927E+02, time 1.188ms
[INFO   ] DREAMPlace - full step 16.757 ms
[INFO   ] DREAMPlace - optimizer step 11.310 ms
[INFO   ] DREAMPlace - iteration  173, ( 173,  0,  0), Obj 1.329620E+08, DensityWeight 1.316281E-06, wHPWL 2.792247E+08, Overflow 7.973654E-01, MaxDensity 7.620E+01, gamma 3.871475E+02, time 1.217ms
[INFO   ] DREAMPlace - full step 13.005 ms
[INFO   ] DREAMPlace - optimizer step 7.021 ms
[INFO   ] DREAMPlace - iteration  174, ( 174,  0,  0), Obj 1.334874E+08, DensityWeight 1.352077E-06, wHPWL 2.794827E+08, Overflow 7.961804E-01, MaxDensity 7.393E+01, gamma 3.842226E+02, time 3.024ms
[INFO   ] DREAMPlace - full step 10.522 ms
[INFO   ] DREAMPlace - optimizer step 8.369 ms
[INFO   ] DREAMPlace - iteration  175, ( 175,  0,  0), Obj 1.339328E+08, DensityWeight 1.387200E-06, wHPWL 2.797468E+08, Overflow 7.950367E-01, MaxDensity 7.267E+01, gamma 3.818999E+02, time 1.208ms
[INFO   ] DREAMPlace - full step 10.079 ms
[INFO   ] DREAMPlace - optimizer step 7.034 ms
[INFO   ] DREAMPlace - iteration  176, ( 176,  0,  0), Obj 1.343797E+08, DensityWeight 1.420812E-06, wHPWL 2.800257E+08, Overflow 7.937369E-01, MaxDensity 6.379E+01, gamma 3.796715E+02, time 1.190ms
[INFO   ] DREAMPlace - full step 8.698 ms
[INFO   ] DREAMPlace - optimizer step 7.056 ms
[INFO   ] DREAMPlace - iteration  177, ( 177,  0,  0), Obj 1.348902E+08, DensityWeight 1.449278E-06, wHPWL 2.803155E+08, Overflow 7.922168E-01, MaxDensity 6.136E+01, gamma 3.771547E+02, time 1.280ms
[INFO   ] DREAMPlace - full step 8.956 ms
[INFO   ] DREAMPlace - optimizer step 6.959 ms
[INFO   ] DREAMPlace - iteration  178, ( 178,  0,  0), Obj 1.354846E+08, DensityWeight 1.473811E-06, wHPWL 2.806092E+08, Overflow 7.910128E-01, MaxDensity 6.388E+01, gamma 3.742327E+02, time 1.176ms
[INFO   ] DREAMPlace - full step 8.605 ms
[INFO   ] DREAMPlace - optimizer step 6.974 ms
[INFO   ] DREAMPlace - iteration  179, ( 179,  0,  0), Obj 1.359918E+08, DensityWeight 1.497089E-06, wHPWL 2.808942E+08, Overflow 7.895755E-01, MaxDensity 6.303E+01, gamma 3.719342E+02, time 1.174ms
[INFO   ] DREAMPlace - full step 8.617 ms
[INFO   ] DREAMPlace - optimizer step 7.055 ms
[INFO   ] DREAMPlace - iteration  180, ( 180,  0,  0), Obj 1.365853E+08, DensityWeight 1.524483E-06, wHPWL 2.811834E+08, Overflow 7.882491E-01, MaxDensity 6.276E+01, gamma 3.692088E+02, time 1.196ms
[INFO   ] DREAMPlace - full step 8.730 ms
[INFO   ] DREAMPlace - optimizer step 7.316 ms
[INFO   ] DREAMPlace - iteration  181, ( 181,  0,  0), Obj 1.371544E+08, DensityWeight 1.550566E-06, wHPWL 2.814655E+08, Overflow 7.866240E-01, MaxDensity 5.903E+01, gamma 3.667115E+02, time 1.742ms
[INFO   ] DREAMPlace - full step 9.625 ms
[INFO   ] DREAMPlace - optimizer step 6.992 ms
[INFO   ] DREAMPlace - iteration  182, ( 182,  0,  0), Obj 1.378295E+08, DensityWeight 1.580193E-06, wHPWL 2.817511E+08, Overflow 7.851354E-01, MaxDensity 6.796E+01, gamma 3.636748E+02, time 1.207ms
[INFO   ] DREAMPlace - full step 8.715 ms
[INFO   ] DREAMPlace - optimizer step 23.256 ms
[INFO   ] DREAMPlace - iteration  183, ( 183,  0,  0), Obj 1.384719E+08, DensityWeight 1.608821E-06, wHPWL 2.820282E+08, Overflow 7.838471E-01, MaxDensity 6.491E+01, gamma 3.609153E+02, time 1.209ms
[INFO   ] DREAMPlace - full step 24.964 ms
[INFO   ] DREAMPlace - optimizer step 9.206 ms
[INFO   ] DREAMPlace - iteration  184, ( 184,  0,  0), Obj 1.390601E+08, DensityWeight 1.641831E-06, wHPWL 2.823030E+08, Overflow 7.828092E-01, MaxDensity 5.853E+01, gamma 3.585438E+02, time 1.531ms
[INFO   ] DREAMPlace - full step 11.228 ms
[INFO   ] DREAMPlace - optimizer step 7.833 ms
[INFO   ] DREAMPlace - iteration  185, ( 185,  0,  0), Obj 1.395764E+08, DensityWeight 1.676609E-06, wHPWL 2.825826E+08, Overflow 7.816646E-01, MaxDensity 7.691E+01, gamma 3.566447E+02, time 4.025ms
[INFO   ] DREAMPlace - full step 12.330 ms
[INFO   ] DREAMPlace - optimizer step 7.661 ms
[INFO   ] DREAMPlace - iteration  186, ( 186,  0,  0), Obj 1.401343E+08, DensityWeight 1.709880E-06, wHPWL 2.828790E+08, Overflow 7.804480E-01, MaxDensity 7.508E+01, gamma 3.545621E+02, time 1.184ms
[INFO   ] DREAMPlace - full step 9.320 ms
[INFO   ] DREAMPlace - optimizer step 7.062 ms
[INFO   ] DREAMPlace - iteration  187, ( 187,  0,  0), Obj 1.407233E+08, DensityWeight 1.735585E-06, wHPWL 2.831822E+08, Overflow 7.792355E-01, MaxDensity 8.165E+01, gamma 3.523618E+02, time 1.191ms
[INFO   ] DREAMPlace - full step 8.720 ms
[INFO   ] DREAMPlace - optimizer step 7.008 ms
[INFO   ] DREAMPlace - iteration  188, ( 188,  0,  0), Obj 1.413188E+08, DensityWeight 1.758395E-06, wHPWL 2.834849E+08, Overflow 7.780416E-01, MaxDensity 8.682E+01, gamma 3.501825E+02, time 1.230ms
[INFO   ] DREAMPlace - full step 8.710 ms
[INFO   ] DREAMPlace - optimizer step 6.998 ms
[INFO   ] DREAMPlace - iteration  189, ( 189,  0,  0), Obj 1.419142E+08, DensityWeight 1.781727E-06, wHPWL 2.837853E+08, Overflow 7.767944E-01, MaxDensity 7.665E+01, gamma 3.480497E+02, time 1.218ms
[INFO   ] DREAMPlace - full step 8.683 ms
[INFO   ] DREAMPlace - optimizer step 7.079 ms
[INFO   ] DREAMPlace - iteration  190, ( 190,  0,  0), Obj 1.425321E+08, DensityWeight 1.806561E-06, wHPWL 2.840849E+08, Overflow 7.759425E-01, MaxDensity 8.266E+01, gamma 3.458357E+02, time 1.181ms
[INFO   ] DREAMPlace - full step 8.741 ms
[INFO   ] DREAMPlace - optimizer step 7.191 ms
[INFO   ] DREAMPlace - iteration  191, ( 191,  0,  0), Obj 1.430305E+08, DensityWeight 1.832133E-06, wHPWL 2.843802E+08, Overflow 7.752716E-01, MaxDensity 1.002E+02, gamma 3.443313E+02, time 1.184ms
[INFO   ] DREAMPlace - full step 8.849 ms
[INFO   ] DREAMPlace - optimizer step 7.099 ms
[INFO   ] DREAMPlace - iteration  192, ( 192,  0,  0), Obj 1.434774E+08, DensityWeight 1.860257E-06, wHPWL 2.846853E+08, Overflow 7.744473E-01, MaxDensity 8.040E+01, gamma 3.431512E+02, time 1.220ms
[INFO   ] DREAMPlace - full step 8.806 ms
[INFO   ] DREAMPlace - optimizer step 32.436 ms
[INFO   ] DREAMPlace - iteration  193, ( 193,  0,  0), Obj 1.439781E+08, DensityWeight 1.883679E-06, wHPWL 2.849993E+08, Overflow 7.736018E-01, MaxDensity 5.920E+01, gamma 3.417069E+02, time 1.219ms
[INFO   ] DREAMPlace - full step 34.151 ms
[INFO   ] DREAMPlace - optimizer step 27.254 ms
[INFO   ] DREAMPlace - iteration  194, ( 194,  0,  0), Obj 1.444894E+08, DensityWeight 1.902706E-06, wHPWL 2.853158E+08, Overflow 7.727701E-01, MaxDensity 5.740E+01, gamma 3.402318E+02, time 5.170ms
[INFO   ] DREAMPlace - full step 32.934 ms
[INFO   ] DREAMPlace - optimizer step 15.714 ms
[INFO   ] DREAMPlace - iteration  195, ( 195,  0,  0), Obj 1.449996E+08, DensityWeight 1.920537E-06, wHPWL 2.856293E+08, Overflow 7.719305E-01, MaxDensity 5.922E+01, gamma 3.387870E+02, time 12.998ms
[INFO   ] DREAMPlace - full step 29.213 ms
[INFO   ] DREAMPlace - optimizer step 12.669 ms
[INFO   ] DREAMPlace - iteration  196, ( 196,  0,  0), Obj 1.455148E+08, DensityWeight 1.940196E-06, wHPWL 2.859374E+08, Overflow 7.715051E-01, MaxDensity 5.756E+01, gamma 3.373347E+02, time 5.593ms
[INFO   ] DREAMPlace - full step 18.751 ms
[INFO   ] DREAMPlace - optimizer step 7.436 ms
[INFO   ] DREAMPlace - iteration  197, ( 197,  0,  0), Obj 1.459001E+08, DensityWeight 1.962978E-06, wHPWL 2.862401E+08, Overflow 7.705420E-01, MaxDensity 6.126E+01, gamma 3.366012E+02, time 1.209ms
[INFO   ] DREAMPlace - full step 9.132 ms
[INFO   ] DREAMPlace - optimizer step 9.120 ms
[INFO   ] DREAMPlace - iteration  198, ( 198,  0,  0), Obj 1.464577E+08, DensityWeight 1.989042E-06, wHPWL 2.865538E+08, Overflow 7.696838E-01, MaxDensity 6.325E+01, gamma 3.349465E+02, time 1.235ms
[INFO   ] DREAMPlace - full step 10.831 ms
[INFO   ] DREAMPlace - optimizer step 6.996 ms
[INFO   ] DREAMPlace - iteration  199, ( 199,  0,  0), Obj 1.469843E+08, DensityWeight 2.009295E-06, wHPWL 2.868487E+08, Overflow 7.689382E-01, MaxDensity 8.121E+01, gamma 3.334790E+02, time 1.188ms
[INFO   ] DREAMPlace - full step 8.670 ms
[INFO   ] DREAMPlace - plotting to lambdaramp_results/s200/bigblue3/plot/iter0200.png takes 6.926 seconds
[INFO   ] DREAMPlace - optimizer step 9.602 ms
[INFO   ] DREAMPlace - iteration  200, ( 200,  0,  0), Obj 1.474756E+08, DensityWeight 2.040393E-06, wHPWL 2.871315E+08, Overflow 7.681208E-01, MaxDensity 8.658E+01, gamma 3.322091E+02, time 1.205ms
[INFO   ] DREAMPlace - full step 6939.750 ms
[INFO   ] DREAMPlace - optimizer step 11.289 ms
[INFO   ] DREAMPlace - iteration  201, ( 201,  0,  0), Obj 1.479886E+08, DensityWeight 2.078990E-06, wHPWL 2.874081E+08, Overflow 7.675653E-01, MaxDensity 9.517E+01, gamma 3.308225E+02, time 1.308ms
[INFO   ] DREAMPlace - full step 13.321 ms
[INFO   ] DREAMPlace - optimizer step 7.254 ms
[INFO   ] DREAMPlace - iteration  202, ( 202,  0,  0), Obj 1.484184E+08, DensityWeight 2.121949E-06, wHPWL 2.876810E+08, Overflow 7.664706E-01, MaxDensity 8.289E+01, gamma 3.298834E+02, time 1.226ms
[INFO   ] DREAMPlace - full step 9.014 ms
[INFO   ] DREAMPlace - optimizer step 7.226 ms
[INFO   ] DREAMPlace - iteration  203, ( 203,  0,  0), Obj 1.490188E+08, DensityWeight 2.168077E-06, wHPWL 2.879634E+08, Overflow 7.656127E-01, MaxDensity 6.777E+01, gamma 3.280408E+02, time 1.213ms
[INFO   ] DREAMPlace - full step 8.970 ms
[INFO   ] DREAMPlace - optimizer step 10.950 ms
[INFO   ] DREAMPlace - iteration  204, ( 204,  0,  0), Obj 1.495458E+08, DensityWeight 2.209326E-06, wHPWL 2.882311E+08, Overflow 7.643247E-01, MaxDensity 7.624E+01, gamma 3.266039E+02, time 5.093ms
[INFO   ] DREAMPlace - full step 16.613 ms
[INFO   ] DREAMPlace - optimizer step 7.436 ms
[INFO   ] DREAMPlace - iteration  205, ( 205,  0,  0), Obj 1.502081E+08, DensityWeight 2.260599E-06, wHPWL 2.884884E+08, Overflow 7.629402E-01, MaxDensity 5.770E+01, gamma 3.244586E+02, time 1.280ms
[INFO   ] DREAMPlace - full step 9.282 ms
[INFO   ] DREAMPlace - optimizer step 7.712 ms
[INFO   ] DREAMPlace - iteration  206, ( 206,  0,  0), Obj 1.508987E+08, DensityWeight 2.319757E-06, wHPWL 2.887252E+08, Overflow 7.613404E-01, MaxDensity 5.801E+01, gamma 3.221682E+02, time 1.200ms
[INFO   ] DREAMPlace - full step 9.420 ms
[INFO   ] DREAMPlace - optimizer step 13.414 ms
[INFO   ] DREAMPlace - iteration  207, ( 207,  0,  0), Obj 1.516571E+08, DensityWeight 2.394137E-06, wHPWL 2.889444E+08, Overflow 7.602431E-01, MaxDensity 5.914E+01, gamma 3.195417E+02, time 1.222ms
[INFO   ] DREAMPlace - full step 15.135 ms
[INFO   ] DREAMPlace - optimizer step 7.203 ms
[INFO   ] DREAMPlace - iteration  208, ( 208,  0,  0), Obj 1.522573E+08, DensityWeight 2.483099E-06, wHPWL 2.891429E+08, Overflow 7.588804E-01, MaxDensity 5.943E+01, gamma 3.177524E+02, time 1.206ms
[INFO   ] DREAMPlace - full step 8.934 ms
[INFO   ] DREAMPlace - optimizer step 7.170 ms
[INFO   ] DREAMPlace - iteration  209, ( 209,  0,  0), Obj 1.529420E+08, DensityWeight 2.590185E-06, wHPWL 2.893434E+08, Overflow 7.568805E-01, MaxDensity 5.553E+01, gamma 3.155447E+02, time 1.242ms
[INFO   ] DREAMPlace - full step 8.942 ms
[INFO   ] DREAMPlace - optimizer step 7.219 ms
[INFO   ] DREAMPlace - iteration  210, ( 210,  0,  0), Obj 1.538293E+08, DensityWeight 2.700441E-06, wHPWL 2.895414E+08, Overflow 7.548731E-01, MaxDensity 5.360E+01, gamma 3.123320E+02, time 1.241ms
[INFO   ] DREAMPlace - full step 9.026 ms
[INFO   ] DREAMPlace - optimizer step 7.177 ms
[INFO   ] DREAMPlace - iteration  211, ( 211,  0,  0), Obj 1.547202E+08, DensityWeight 2.817376E-06, wHPWL 2.897171E+08, Overflow 7.526050E-01, MaxDensity 4.994E+01, gamma 3.091403E+02, time 1.250ms
[INFO   ] DREAMPlace - full step 8.958 ms
[INFO   ] DREAMPlace - optimizer step 13.556 ms
[INFO   ] DREAMPlace - iteration  212, ( 212,  0,  0), Obj 1.556952E+08, DensityWeight 2.957631E-06, wHPWL 2.898788E+08, Overflow 7.501927E-01, MaxDensity 4.895E+01, gamma 3.055734E+02, time 1.264ms
[INFO   ] DREAMPlace - full step 15.345 ms
[INFO   ] DREAMPlace - optimizer step 7.250 ms
[INFO   ] DREAMPlace - iteration  213, ( 213,  0,  0), Obj 1.567179E+08, DensityWeight 3.117080E-06, wHPWL 2.900240E+08, Overflow 7.475584E-01, MaxDensity 4.950E+01, gamma 3.018247E+02, time 1.272ms
[INFO   ] DREAMPlace - full step 9.032 ms
[INFO   ] DREAMPlace - optimizer step 7.270 ms
[INFO   ] DREAMPlace - iteration  214, ( 214,  0,  0), Obj 1.578132E+08, DensityWeight 3.300195E-06, wHPWL 2.901574E+08, Overflow 7.445728E-01, MaxDensity 4.946E+01, gamma 2.977837E+02, time 1.228ms
[INFO   ] DREAMPlace - full step 9.019 ms
[INFO   ] DREAMPlace - optimizer step 7.633 ms
[INFO   ] DREAMPlace - iteration  215, ( 215,  0,  0), Obj 1.590231E+08, DensityWeight 3.505620E-06, wHPWL 2.902780E+08, Overflow 7.416508E-01, MaxDensity 5.161E+01, gamma 2.932689E+02, time 1.332ms
[INFO   ] DREAMPlace - full step 9.548 ms
[INFO   ] DREAMPlace - optimizer step 7.570 ms
[INFO   ] DREAMPlace - iteration  216, ( 216,  0,  0), Obj 1.602175E+08, DensityWeight 3.737245E-06, wHPWL 2.903871E+08, Overflow 7.389230E-01, MaxDensity 5.260E+01, gamma 2.889167E+02, time 1.336ms
[INFO   ] DREAMPlace - full step 9.452 ms
[INFO   ] DREAMPlace - optimizer step 36.531 ms
[INFO   ] DREAMPlace - iteration  217, ( 217,  0,  0), Obj 1.613587E+08, DensityWeight 3.996776E-06, wHPWL 2.905026E+08, Overflow 7.361591E-01, MaxDensity 5.102E+01, gamma 2.849121E+02, time 69.079ms
[INFO   ] DREAMPlace - full step 106.193 ms
[INFO   ] DREAMPlace - optimizer step 8.266 ms
[INFO   ] DREAMPlace - iteration  218, ( 218,  0,  0), Obj 1.625223E+08, DensityWeight 4.266902E-06, wHPWL 2.906375E+08, Overflow 7.334552E-01, MaxDensity 4.871E+01, gamma 2.809111E+02, time 1.234ms
[INFO   ] DREAMPlace - full step 10.061 ms
[INFO   ] DREAMPlace - optimizer step 15.072 ms
[INFO   ] DREAMPlace - iteration  219, ( 219,  0,  0), Obj 1.636793E+08, DensityWeight 4.530601E-06, wHPWL 2.907893E+08, Overflow 7.305965E-01, MaxDensity 4.923E+01, gamma 2.770514E+02, time 1.218ms
[INFO   ] DREAMPlace - full step 16.810 ms
[INFO   ] DREAMPlace - optimizer step 7.210 ms
[INFO   ] DREAMPlace - iteration  220, ( 220,  0,  0), Obj 1.648973E+08, DensityWeight 4.787989E-06, wHPWL 2.909641E+08, Overflow 7.278253E-01, MaxDensity 4.999E+01, gamma 2.730284E+02, time 8.272ms
[INFO   ] DREAMPlace - full step 15.995 ms
[INFO   ] DREAMPlace - optimizer step 9.498 ms
[INFO   ] DREAMPlace - iteration  221, ( 221,  0,  0), Obj 1.661015E+08, DensityWeight 5.027602E-06, wHPWL 2.911613E+08, Overflow 7.246815E-01, MaxDensity 4.670E+01, gamma 2.691841E+02, time 1.208ms
[INFO   ] DREAMPlace - full step 11.247 ms
[INFO   ] DREAMPlace - optimizer step 7.537 ms
[INFO   ] DREAMPlace - iteration  222, ( 222,  0,  0), Obj 1.674376E+08, DensityWeight 5.246478E-06, wHPWL 2.913837E+08, Overflow 7.216061E-01, MaxDensity 5.641E+01, gamma 2.648886E+02, time 1.243ms
[INFO   ] DREAMPlace - full step 9.350 ms
[INFO   ] DREAMPlace - optimizer step 8.579 ms
[INFO   ] DREAMPlace - iteration  223, ( 223,  0,  0), Obj 1.687673E+08, DensityWeight 5.436481E-06, wHPWL 2.916088E+08, Overflow 7.189080E-01, MaxDensity 5.821E+01, gamma 2.607528E+02, time 1.228ms
[INFO   ] DREAMPlace - full step 10.314 ms
[INFO   ] DREAMPlace - optimizer step 10.387 ms
[INFO   ] DREAMPlace - iteration  224, ( 224,  0,  0), Obj 1.699924E+08, DensityWeight 5.629045E-06, wHPWL 2.918348E+08, Overflow 7.160620E-01, MaxDensity 5.959E+01, gamma 2.571776E+02, time 1.273ms
[INFO   ] DREAMPlace - full step 12.692 ms
[INFO   ] DREAMPlace - optimizer step 108.702 ms
[INFO   ] DREAMPlace - iteration  225, ( 225,  0,  0), Obj 1.712714E+08, DensityWeight 5.827078E-06, wHPWL 2.920787E+08, Overflow 7.129666E-01, MaxDensity 5.715E+01, gamma 2.534596E+02, time 1.482ms
[INFO   ] DREAMPlace - full step 110.844 ms
[INFO   ] DREAMPlace - optimizer step 33.201 ms
[INFO   ] DREAMPlace - iteration  226, ( 226,  0,  0), Obj 1.726350E+08, DensityWeight 6.002015E-06, wHPWL 2.923284E+08, Overflow 7.094115E-01, MaxDensity 5.554E+01, gamma 2.494767E+02, time 1.348ms
[INFO   ] DREAMPlace - full step 35.309 ms
[INFO   ] DREAMPlace - optimizer step 13.150 ms
[INFO   ] DREAMPlace - iteration  227, ( 227,  0,  0), Obj 1.741441E+08, DensityWeight 6.172339E-06, wHPWL 2.925666E+08, Overflow 7.056013E-01, MaxDensity 5.209E+01, gamma 2.449796E+02, time 5.703ms
[INFO   ] DREAMPlace - full step 19.642 ms
[INFO   ] DREAMPlace - optimizer step 9.913 ms
[INFO   ] DREAMPlace - iteration  228, ( 228,  0,  0), Obj 1.757308E+08, DensityWeight 6.367632E-06, wHPWL 2.927743E+08, Overflow 7.023445E-01, MaxDensity 4.953E+01, gamma 2.402496E+02, time 8.661ms
[INFO   ] DREAMPlace - full step 19.256 ms
[INFO   ] DREAMPlace - optimizer step 7.442 ms
[INFO   ] DREAMPlace - iteration  229, ( 229,  0,  0), Obj 1.771488E+08, DensityWeight 6.625313E-06, wHPWL 2.929555E+08, Overflow 6.993314E-01, MaxDensity 4.436E+01, gamma 2.362792E+02, time 1.296ms
[INFO   ] DREAMPlace - full step 9.348 ms
[INFO   ] DREAMPlace - optimizer step 7.498 ms
[INFO   ] DREAMPlace - iteration  230, ( 230,  0,  0), Obj 1.784944E+08, DensityWeight 6.944719E-06, wHPWL 2.931467E+08, Overflow 6.964510E-01, MaxDensity 4.235E+01, gamma 2.326643E+02, time 1.276ms
[INFO   ] DREAMPlace - full step 9.362 ms
[INFO   ] DREAMPlace - optimizer step 9.680 ms
[INFO   ] DREAMPlace - iteration  231, ( 231,  0,  0), Obj 1.798064E+08, DensityWeight 7.259094E-06, wHPWL 2.933668E+08, Overflow 6.936644E-01, MaxDensity 4.156E+01, gamma 2.292603E+02, time 64.907ms
[INFO   ] DREAMPlace - full step 75.294 ms
[INFO   ] DREAMPlace - optimizer step 23.404 ms
[INFO   ] DREAMPlace - iteration  232, ( 232,  0,  0), Obj 1.811029E+08, DensityWeight 7.526817E-06, wHPWL 2.936103E+08, Overflow 6.903750E-01, MaxDensity 4.001E+01, gamma 2.260146E+02, time 2.120ms
[INFO   ] DREAMPlace - full step 26.176 ms
[INFO   ] DREAMPlace - optimizer step 7.380 ms
[INFO   ] DREAMPlace - iteration  233, ( 233,  0,  0), Obj 1.825550E+08, DensityWeight 7.753476E-06, wHPWL 2.938655E+08, Overflow 6.872994E-01, MaxDensity 3.573E+01, gamma 2.222422E+02, time 1.324ms
[INFO   ] DREAMPlace - full step 9.295 ms
[INFO   ] DREAMPlace - optimizer step 10.805 ms
[INFO   ] DREAMPlace - iteration  234, ( 234,  0,  0), Obj 1.839466E+08, DensityWeight 7.961136E-06, wHPWL 2.940982E+08, Overflow 6.843653E-01, MaxDensity 3.869E+01, gamma 2.187720E+02, time 4.874ms
[INFO   ] DREAMPlace - full step 16.223 ms
[INFO   ] DREAMPlace - optimizer step 8.459 ms
[INFO   ] DREAMPlace - iteration  235, ( 235,  0,  0), Obj 1.852969E+08, DensityWeight 8.225934E-06, wHPWL 2.943287E+08, Overflow 6.818669E-01, MaxDensity 3.473E+01, gamma 2.155121E+02, time 1.252ms
[INFO   ] DREAMPlace - full step 10.237 ms
[INFO   ] DREAMPlace - optimizer step 7.261 ms
[INFO   ] DREAMPlace - iteration  236, ( 236,  0,  0), Obj 1.865289E+08, DensityWeight 8.504619E-06, wHPWL 2.945706E+08, Overflow 6.793412E-01, MaxDensity 3.531E+01, gamma 2.127746E+02, time 1.249ms
[INFO   ] DREAMPlace - full step 9.061 ms
[INFO   ] DREAMPlace - optimizer step 7.279 ms
[INFO   ] DREAMPlace - iteration  237, ( 237,  0,  0), Obj 1.877782E+08, DensityWeight 8.764788E-06, wHPWL 2.948373E+08, Overflow 6.768409E-01, MaxDensity 3.461E+01, gamma 2.100424E+02, time 1.277ms
[INFO   ] DREAMPlace - full step 9.068 ms
[INFO   ] DREAMPlace - optimizer step 7.227 ms
[INFO   ] DREAMPlace - iteration  238, ( 238,  0,  0), Obj 1.890271E+08, DensityWeight 8.970675E-06, wHPWL 2.951119E+08, Overflow 6.744294E-01, MaxDensity 3.525E+01, gamma 2.073723E+02, time 1.243ms
[INFO   ] DREAMPlace - full step 8.993 ms
[INFO   ] DREAMPlace - optimizer step 7.217 ms
[INFO   ] DREAMPlace - iteration  239, ( 239,  0,  0), Obj 1.902489E+08, DensityWeight 9.161188E-06, wHPWL 2.953923E+08, Overflow 6.720086E-01, MaxDensity 3.491E+01, gamma 2.048292E+02, time 1.255ms
[INFO   ] DREAMPlace - full step 9.060 ms
[INFO   ] DREAMPlace - plotting to lambdaramp_results/s200/bigblue3/plot/iter0240.png takes 8.108 seconds
[INFO   ] DREAMPlace - optimizer step 11.426 ms
[INFO   ] DREAMPlace - iteration  240, ( 240,  0,  0), Obj 1.914716E+08, DensityWeight 9.340733E-06, wHPWL 2.956895E+08, Overflow 6.691422E-01, MaxDensity 3.224E+01, gamma 2.023077E+02, time 1.246ms
[INFO   ] DREAMPlace - full step 8123.537 ms
[INFO   ] DREAMPlace - optimizer step 7.241 ms
[INFO   ] DREAMPlace - iteration  241, ( 241,  0,  0), Obj 1.928166E+08, DensityWeight 9.479210E-06, wHPWL 2.960018E+08, Overflow 6.663381E-01, MaxDensity 3.647E+01, gamma 1.993622E+02, time 1.281ms
[INFO   ] DREAMPlace - full step 9.276 ms
[INFO   ] DREAMPlace - optimizer step 7.030 ms
[INFO   ] DREAMPlace - iteration  242, ( 242,  0,  0), Obj 1.941444E+08, DensityWeight 9.579487E-06, wHPWL 2.962968E+08, Overflow 6.638019E-01, MaxDensity 3.272E+01, gamma 1.965221E+02, time 1.190ms
[INFO   ] DREAMPlace - full step 8.722 ms
[INFO   ] DREAMPlace - optimizer step 6.999 ms
[INFO   ] DREAMPlace - iteration  243, ( 243,  0,  0), Obj 1.953926E+08, DensityWeight 9.727575E-06, wHPWL 2.965652E+08, Overflow 6.614141E-01, MaxDensity 3.618E+01, gamma 1.939882E+02, time 1.168ms
[INFO   ] DREAMPlace - full step 8.663 ms
[INFO   ] DREAMPlace - optimizer step 7.177 ms
[INFO   ] DREAMPlace - iteration  244, ( 244,  0,  0), Obj 1.965839E+08, DensityWeight 9.951460E-06, wHPWL 2.968337E+08, Overflow 6.594033E-01, MaxDensity 3.328E+01, gamma 1.916324E+02, time 1.245ms
[INFO   ] DREAMPlace - full step 8.959 ms
[INFO   ] DREAMPlace - optimizer step 7.531 ms
[INFO   ] DREAMPlace - iteration  245, ( 245,  0,  0), Obj 1.976690E+08, DensityWeight 1.018013E-05, wHPWL 2.971229E+08, Overflow 6.570829E-01, MaxDensity 3.417E+01, gamma 1.896709E+02, time 1.185ms
[INFO   ] DREAMPlace - full step 9.285 ms
[INFO   ] DREAMPlace - optimizer step 9.025 ms
[INFO   ] DREAMPlace - iteration  246, ( 246,  0,  0), Obj 1.988359E+08, DensityWeight 1.035394E-05, wHPWL 2.974441E+08, Overflow 6.540661E-01, MaxDensity 3.380E+01, gamma 1.874321E+02, time 1.188ms
[INFO   ] DREAMPlace - full step 10.704 ms
[INFO   ] DREAMPlace - optimizer step 7.247 ms
[INFO   ] DREAMPlace - iteration  247, ( 247,  0,  0), Obj 2.001785E+08, DensityWeight 1.043755E-05, wHPWL 2.977554E+08, Overflow 6.507457E-01, MaxDensity 3.390E+01, gamma 1.845611E+02, time 1.194ms
[INFO   ] DREAMPlace - full step 8.917 ms
[INFO   ] DREAMPlace - optimizer step 9.700 ms
[INFO   ] DREAMPlace - iteration  248, ( 248,  0,  0), Obj 2.015819E+08, DensityWeight 1.055079E-05, wHPWL 2.980122E+08, Overflow 6.480924E-01, MaxDensity 3.318E+01, gamma 1.814519E+02, time 1.232ms
[INFO   ] DREAMPlace - full step 11.429 ms
[INFO   ] DREAMPlace - optimizer step 9.120 ms
[INFO   ] DREAMPlace - iteration  249, ( 249,  0,  0), Obj 2.027909E+08, DensityWeight 1.082863E-05, wHPWL 2.982228E+08, Overflow 6.456045E-01, MaxDensity 3.373E+01, gamma 1.790050E+02, time 2.670ms
[INFO   ] DREAMPlace - full step 12.274 ms
[INFO   ] DREAMPlace - optimizer step 22.040 ms
[INFO   ] DREAMPlace - iteration  250, ( 250,  0,  0), Obj 2.039400E+08, DensityWeight 1.125779E-05, wHPWL 2.984388E+08, Overflow 6.425210E-01, MaxDensity 3.899E+01, gamma 1.767407E+02, time 11.075ms
[INFO   ] DREAMPlace - full step 33.599 ms
[INFO   ] DREAMPlace - optimizer step 21.390 ms
[INFO   ] DREAMPlace - iteration  251, ( 251,  0,  0), Obj 2.052296E+08, DensityWeight 1.168633E-05, wHPWL 2.986710E+08, Overflow 6.400404E-01, MaxDensity 3.246E+01, gamma 1.739740E+02, time 1.249ms
[INFO   ] DREAMPlace - full step 23.118 ms
[INFO   ] DREAMPlace - optimizer step 18.178 ms
[INFO   ] DREAMPlace - iteration  252, ( 252,  0,  0), Obj 2.063629E+08, DensityWeight 1.207643E-05, wHPWL 2.988865E+08, Overflow 6.380222E-01, MaxDensity 3.342E+01, gamma 1.717798E+02, time 5.516ms
[INFO   ] DREAMPlace - full step 24.190 ms
[INFO   ] DREAMPlace - optimizer step 14.379 ms
[INFO   ] DREAMPlace - iteration  253, ( 253,  0,  0), Obj 2.073767E+08, DensityWeight 1.253792E-05, wHPWL 2.991155E+08, Overflow 6.359639E-01, MaxDensity 3.293E+01, gamma 1.700149E+02, time 1.184ms
[INFO   ] DREAMPlace - full step 16.052 ms
[INFO   ] DREAMPlace - optimizer step 7.030 ms
[INFO   ] DREAMPlace - iteration  254, ( 254,  0,  0), Obj 2.083957E+08, DensityWeight 1.296813E-05, wHPWL 2.993701E+08, Overflow 6.337898E-01, MaxDensity 3.135E+01, gamma 1.682337E+02, time 1.197ms
[INFO   ] DREAMPlace - full step 8.708 ms
[INFO   ] DREAMPlace - optimizer step 7.131 ms
[INFO   ] DREAMPlace - iteration  255, ( 255,  0,  0), Obj 2.094379E+08, DensityWeight 1.331747E-05, wHPWL 2.996374E+08, Overflow 6.322081E-01, MaxDensity 3.306E+01, gamma 1.663725E+02, time 1.220ms
[INFO   ] DREAMPlace - full step 8.851 ms
[INFO   ] DREAMPlace - optimizer step 7.094 ms
[INFO   ] DREAMPlace - iteration  256, ( 256,  0,  0), Obj 2.103339E+08, DensityWeight 1.362823E-05, wHPWL 2.999045E+08, Overflow 6.310121E-01, MaxDensity 3.282E+01, gamma 1.650314E+02, time 1.208ms
[INFO   ] DREAMPlace - full step 8.797 ms
[INFO   ] DREAMPlace - optimizer step 7.077 ms
[INFO   ] DREAMPlace - iteration  257, ( 257,  0,  0), Obj 2.111325E+08, DensityWeight 1.394674E-05, wHPWL 3.001986E+08, Overflow 6.298326E-01, MaxDensity 3.342E+01, gamma 1.640246E+02, time 1.219ms
[INFO   ] DREAMPlace - full step 8.795 ms
[INFO   ] DREAMPlace - optimizer step 7.414 ms
[INFO   ] DREAMPlace - iteration  258, ( 258,  0,  0), Obj 2.119235E+08, DensityWeight 1.416589E-05, wHPWL 3.005291E+08, Overflow 6.291903E-01, MaxDensity 3.173E+01, gamma 1.630376E+02, time 1.361ms
[INFO   ] DREAMPlace - full step 9.266 ms
[INFO   ] DREAMPlace - optimizer step 7.059 ms
[INFO   ] DREAMPlace - iteration  259, ( 259,  0,  0), Obj 2.125893E+08, DensityWeight 1.424325E-05, wHPWL 3.008846E+08, Overflow 6.287518E-01, MaxDensity 3.271E+01, gamma 1.625027E+02, time 1.216ms
[INFO   ] DREAMPlace - full step 8.747 ms
[INFO   ] DREAMPlace - optimizer step 7.047 ms
[INFO   ] DREAMPlace - iteration  260, ( 260,  0,  0), Obj 2.132045E+08, DensityWeight 1.422135E-05, wHPWL 3.012587E+08, Overflow 6.278672E-01, MaxDensity 3.163E+01, gamma 1.621385E+02, time 1.215ms
[INFO   ] DREAMPlace - full step 8.744 ms
[INFO   ] DREAMPlace - optimizer step 7.032 ms
[INFO   ] DREAMPlace - iteration  261, ( 261,  0,  0), Obj 2.139100E+08, DensityWeight 1.415033E-05, wHPWL 3.016468E+08, Overflow 6.266021E-01, MaxDensity 3.222E+01, gamma 1.614063E+02, time 1.222ms
[INFO   ] DREAMPlace - full step 8.757 ms
[INFO   ] DREAMPlace - optimizer step 7.065 ms
[INFO   ] DREAMPlace - iteration  262, ( 262,  0,  0), Obj 2.146859E+08, DensityWeight 1.407966E-05, wHPWL 3.020192E+08, Overflow 6.253295E-01, MaxDensity 3.229E+01, gamma 1.603647E+02, time 1.235ms
[INFO   ] DREAMPlace - full step 8.806 ms
[INFO   ] DREAMPlace - optimizer step 7.103 ms
[INFO   ] DREAMPlace - iteration  263, ( 263,  0,  0), Obj 2.154458E+08, DensityWeight 1.400935E-05, wHPWL 3.023686E+08, Overflow 6.241326E-01, MaxDensity 3.275E+01, gamma 1.593240E+02, time 1.187ms
[INFO   ] DREAMPlace - full step 8.777 ms
[INFO   ] DREAMPlace - optimizer step 7.134 ms
[INFO   ] DREAMPlace - iteration  264, ( 264,  0,  0), Obj 2.161707E+08, DensityWeight 1.401179E-05, wHPWL 3.026860E+08, Overflow 6.231059E-01, MaxDensity 3.486E+01, gamma 1.583512E+02, time 2.239ms
[INFO   ] DREAMPlace - full step 9.849 ms
[INFO   ] DREAMPlace - optimizer step 8.733 ms
[INFO   ] DREAMPlace - iteration  265, ( 265,  0,  0), Obj 2.168390E+08, DensityWeight 1.413944E-05, wHPWL 3.029838E+08, Overflow 6.222875E-01, MaxDensity 3.600E+01, gamma 1.575214E+02, time 5.331ms
[INFO   ] DREAMPlace - full step 14.566 ms
[INFO   ] DREAMPlace - optimizer step 7.156 ms
[INFO   ] DREAMPlace - iteration  266, ( 266,  0,  0), Obj 2.174381E+08, DensityWeight 1.434701E-05, wHPWL 3.032624E+08, Overflow 6.217241E-01, MaxDensity 3.302E+01, gamma 1.568632E+02, time 1.227ms
[INFO   ] DREAMPlace - full step 8.891 ms
[INFO   ] DREAMPlace - optimizer step 7.057 ms
[INFO   ] DREAMPlace - iteration  267, ( 267,  0,  0), Obj 2.179609E+08, DensityWeight 1.463537E-05, wHPWL 3.035410E+08, Overflow 6.211935E-01, MaxDensity 3.052E+01, gamma 1.564117E+02, time 1.191ms
[INFO   ] DREAMPlace - full step 8.729 ms
[INFO   ] DREAMPlace - optimizer step 7.064 ms
[INFO   ] DREAMPlace - iteration  268, ( 268,  0,  0), Obj 2.184581E+08, DensityWeight 1.492952E-05, wHPWL 3.038197E+08, Overflow 6.202657E-01, MaxDensity 3.107E+01, gamma 1.559875E+02, time 1.235ms
[INFO   ] DREAMPlace - full step 8.814 ms
[INFO   ] DREAMPlace - optimizer step 7.127 ms
[INFO   ] DREAMPlace - iteration  269, ( 269,  0,  0), Obj 2.190280E+08, DensityWeight 1.522932E-05, wHPWL 3.041036E+08, Overflow 6.198258E-01, MaxDensity 3.314E+01, gamma 1.552487E+02, time 1.192ms
[INFO   ] DREAMPlace - full step 8.826 ms
[INFO   ] DREAMPlace - optimizer step 7.055 ms
[INFO   ] DREAMPlace - iteration  270, ( 270,  0,  0), Obj 2.194732E+08, DensityWeight 1.551284E-05, wHPWL 3.043701E+08, Overflow 6.193106E-01, MaxDensity 3.188E+01, gamma 1.548997E+02, time 1.206ms
[INFO   ] DREAMPlace - full step 8.738 ms
[INFO   ] DREAMPlace - optimizer step 7.184 ms
[INFO   ] DREAMPlace - iteration  271, ( 271,  0,  0), Obj 2.199211E+08, DensityWeight 1.587794E-05, wHPWL 3.046481E+08, Overflow 6.184516E-01, MaxDensity 3.327E+01, gamma 1.544919E+02, time 1.186ms
[INFO   ] DREAMPlace - full step 8.862 ms
[INFO   ] DREAMPlace - optimizer step 7.011 ms
[INFO   ] DREAMPlace - iteration  272, ( 272,  0,  0), Obj 2.204289E+08, DensityWeight 1.620011E-05, wHPWL 3.049213E+08, Overflow 6.178837E-01, MaxDensity 3.464E+01, gamma 1.538143E+02, time 1.208ms
[INFO   ] DREAMPlace - full step 8.708 ms
[INFO   ] DREAMPlace - optimizer step 7.042 ms
[INFO   ] DREAMPlace - iteration  273, ( 273,  0,  0), Obj 2.208569E+08, DensityWeight 1.655065E-05, wHPWL 3.051811E+08, Overflow 6.169336E-01, MaxDensity 3.338E+01, gamma 1.533680E+02, time 1.213ms
[INFO   ] DREAMPlace - full step 8.743 ms
[INFO   ] DREAMPlace - optimizer step 7.039 ms
[INFO   ] DREAMPlace - iteration  274, ( 274,  0,  0), Obj 2.213535E+08, DensityWeight 1.697195E-05, wHPWL 3.054351E+08, Overflow 6.162865E-01, MaxDensity 3.245E+01, gamma 1.526242E+02, time 1.194ms
[INFO   ] DREAMPlace - full step 8.756 ms
[INFO   ] DREAMPlace - optimizer step 7.068 ms
[INFO   ] DREAMPlace - iteration  275, ( 275,  0,  0), Obj 2.217689E+08, DensityWeight 1.743241E-05, wHPWL 3.056760E+08, Overflow 6.152535E-01, MaxDensity 3.023E+01, gamma 1.521197E+02, time 1.214ms
[INFO   ] DREAMPlace - full step 8.792 ms
[INFO   ] DREAMPlace - optimizer step 7.071 ms
[INFO   ] DREAMPlace - iteration  276, ( 276,  0,  0), Obj 2.222561E+08, DensityWeight 1.797066E-05, wHPWL 3.059101E+08, Overflow 6.143270E-01, MaxDensity 3.019E+01, gamma 1.513177E+02, time 1.199ms
[INFO   ] DREAMPlace - full step 8.765 ms
[INFO   ] DREAMPlace - optimizer step 6.977 ms
[INFO   ] DREAMPlace - iteration  277, ( 277,  0,  0), Obj 2.227061E+08, DensityWeight 1.856077E-05, wHPWL 3.061303E+08, Overflow 6.132596E-01, MaxDensity 3.509E+01, gamma 1.506021E+02, time 6.235ms
[INFO   ] DREAMPlace - full step 13.703 ms
[INFO   ] DREAMPlace - optimizer step 6.920 ms
[INFO   ] DREAMPlace - iteration  278, ( 278,  0,  0), Obj 2.231762E+08, DensityWeight 1.924497E-05, wHPWL 3.063430E+08, Overflow 6.119630E-01, MaxDensity 3.184E+01, gamma 1.497818E+02, time 1.175ms
[INFO   ] DREAMPlace - full step 8.579 ms
[INFO   ] DREAMPlace - optimizer step 6.920 ms
[INFO   ] DREAMPlace - iteration  279, ( 279,  0,  0), Obj 2.236861E+08, DensityWeight 1.999573E-05, wHPWL 3.065481E+08, Overflow 6.110412E-01, MaxDensity 2.959E+01, gamma 1.487913E+02, time 1.175ms
[INFO   ] DREAMPlace - full step 8.570 ms
[INFO   ] DREAMPlace - plotting to lambdaramp_results/s200/bigblue3/plot/iter0280.png takes 6.462 seconds
[INFO   ] DREAMPlace - optimizer step 10.043 ms
[INFO   ] DREAMPlace - iteration  280, ( 280,  0,  0), Obj 2.241059E+08, DensityWeight 2.082032E-05, wHPWL 3.067421E+08, Overflow 6.097572E-01, MaxDensity 3.331E+01, gamma 1.480912E+02, time 1.195ms
[INFO   ] DREAMPlace - full step 6477.370 ms
[INFO   ] DREAMPlace - optimizer step 7.300 ms
[INFO   ] DREAMPlace - iteration  281, ( 281,  0,  0), Obj 2.245969E+08, DensityWeight 2.174593E-05, wHPWL 3.069449E+08, Overflow 6.082950E-01, MaxDensity 3.354E+01, gamma 1.471214E+02, time 1.280ms
[INFO   ] DREAMPlace - full step 9.326 ms
[INFO   ] DREAMPlace - optimizer step 7.131 ms
[INFO   ] DREAMPlace - iteration  282, ( 282,  0,  0), Obj 2.251219E+08, DensityWeight 2.265684E-05, wHPWL 3.071492E+08, Overflow 6.062828E-01, MaxDensity 2.958E+01, gamma 1.460248E+02, time 1.208ms
[INFO   ] DREAMPlace - full step 8.852 ms
[INFO   ] DREAMPlace - optimizer step 7.226 ms
[INFO   ] DREAMPlace - iteration  283, ( 283,  0,  0), Obj 2.257673E+08, DensityWeight 2.359579E-05, wHPWL 3.073481E+08, Overflow 6.040369E-01, MaxDensity 2.816E+01, gamma 1.445290E+02, time 1.193ms
[INFO   ] DREAMPlace - full step 8.905 ms
[INFO   ] DREAMPlace - optimizer step 7.796 ms
[INFO   ] DREAMPlace - iteration  284, ( 284,  0,  0), Obj 2.264643E+08, DensityWeight 2.461117E-05, wHPWL 3.075223E+08, Overflow 6.018970E-01, MaxDensity 2.824E+01, gamma 1.428776E+02, time 7.793ms
[INFO   ] DREAMPlace - full step 16.079 ms
[INFO   ] DREAMPlace - optimizer step 6.988 ms
[INFO   ] DREAMPlace - iteration  285, ( 285,  0,  0), Obj 2.271392E+08, DensityWeight 2.584790E-05, wHPWL 3.076777E+08, Overflow 5.996172E-01, MaxDensity 2.580E+01, gamma 1.413216E+02, time 1.183ms
[INFO   ] DREAMPlace - full step 8.659 ms
[INFO   ] DREAMPlace - optimizer step 7.185 ms
[INFO   ] DREAMPlace - iteration  286, ( 286,  0,  0), Obj 2.278471E+08, DensityWeight 2.728882E-05, wHPWL 3.078307E+08, Overflow 5.970387E-01, MaxDensity 2.576E+01, gamma 1.396828E+02, time 1.186ms
[INFO   ] DREAMPlace - full step 8.848 ms
[INFO   ] DREAMPlace - optimizer step 6.992 ms
[INFO   ] DREAMPlace - iteration  287, ( 287,  0,  0), Obj 2.286227E+08, DensityWeight 2.882961E-05, wHPWL 3.079944E+08, Overflow 5.938579E-01, MaxDensity 2.629E+01, gamma 1.378519E+02, time 1.174ms
[INFO   ] DREAMPlace - full step 8.648 ms
[INFO   ] DREAMPlace - optimizer step 7.109 ms
[INFO   ] DREAMPlace - iteration  288, ( 288,  0,  0), Obj 2.295319E+08, DensityWeight 3.036623E-05, wHPWL 3.081511E+08, Overflow 5.906415E-01, MaxDensity 2.475E+01, gamma 1.356264E+02, time 1.189ms
[INFO   ] DREAMPlace - full step 8.773 ms
[INFO   ] DREAMPlace - optimizer step 6.947 ms
[INFO   ] DREAMPlace - iteration  289, ( 289,  0,  0), Obj 2.304534E+08, DensityWeight 3.204760E-05, wHPWL 3.082937E+08, Overflow 5.873619E-01, MaxDensity 2.452E+01, gamma 1.334125E+02, time 1.198ms
[INFO   ] DREAMPlace - full step 8.621 ms
[INFO   ] DREAMPlace - optimizer step 6.955 ms
[INFO   ] DREAMPlace - iteration  290, ( 290,  0,  0), Obj 2.313955E+08, DensityWeight 3.395599E-05, wHPWL 3.084240E+08, Overflow 5.839689E-01, MaxDensity 2.321E+01, gamma 1.311924E+02, time 1.184ms
[INFO   ] DREAMPlace - full step 8.616 ms
[INFO   ] DREAMPlace - optimizer step 6.994 ms
[INFO   ] DREAMPlace - iteration  291, ( 291,  0,  0), Obj 2.323664E+08, DensityWeight 3.610021E-05, wHPWL 3.085654E+08, Overflow 5.799184E-01, MaxDensity 2.314E+01, gamma 1.289343E+02, time 1.199ms
[INFO   ] DREAMPlace - full step 8.681 ms
[INFO   ] DREAMPlace - optimizer step 7.207 ms
[INFO   ] DREAMPlace - iteration  292, ( 292,  0,  0), Obj 2.334848E+08, DensityWeight 3.826188E-05, wHPWL 3.087156E+08, Overflow 5.755114E-01, MaxDensity 2.282E+01, gamma 1.262896E+02, time 1.201ms
[INFO   ] DREAMPlace - full step 8.877 ms
[INFO   ] DREAMPlace - optimizer step 7.014 ms
[INFO   ] DREAMPlace - iteration  293, ( 293,  0,  0), Obj 2.346910E+08, DensityWeight 4.045435E-05, wHPWL 3.088587E+08, Overflow 5.714551E-01, MaxDensity 2.159E+01, gamma 1.234736E+02, time 1.199ms
[INFO   ] DREAMPlace - full step 8.696 ms
[INFO   ] DREAMPlace - optimizer step 6.915 ms
[INFO   ] DREAMPlace - iteration  294, ( 294,  0,  0), Obj 2.358353E+08, DensityWeight 4.285649E-05, wHPWL 3.089781E+08, Overflow 5.683730E-01, MaxDensity 2.132E+01, gamma 1.209372E+02, time 1.187ms
[INFO   ] DREAMPlace - full step 8.571 ms
[INFO   ] DREAMPlace - optimizer step 7.538 ms
[INFO   ] DREAMPlace - iteration  295, ( 295,  0,  0), Obj 2.367860E+08, DensityWeight 4.570198E-05, wHPWL 3.091135E+08, Overflow 5.649051E-01, MaxDensity 2.091E+01, gamma 1.190450E+02, time 1.178ms
[INFO   ] DREAMPlace - full step 9.193 ms
[INFO   ] DREAMPlace - optimizer step 7.529 ms
[INFO   ] DREAMPlace - iteration  296, ( 296,  0,  0), Obj 2.378300E+08, DensityWeight 4.851948E-05, wHPWL 3.093108E+08, Overflow 5.605294E-01, MaxDensity 2.041E+01, gamma 1.169512E+02, time 6.714ms
[INFO   ] DREAMPlace - full step 14.723 ms
[INFO   ] DREAMPlace - optimizer step 6.989 ms
[INFO   ] DREAMPlace - iteration  297, ( 297,  0,  0), Obj 2.390767E+08, DensityWeight 5.062997E-05, wHPWL 3.095407E+08, Overflow 5.562943E-01, MaxDensity 2.031E+01, gamma 1.143618E+02, time 1.202ms
[INFO   ] DREAMPlace - full step 8.666 ms
[INFO   ] DREAMPlace - optimizer step 6.966 ms
[INFO   ] DREAMPlace - iteration  298, ( 298,  0,  0), Obj 2.403090E+08, DensityWeight 5.235415E-05, wHPWL 3.097384E+08, Overflow 5.521340E-01, MaxDensity 1.937E+01, gamma 1.119102E+02, time 1.189ms
[INFO   ] DREAMPlace - full step 8.644 ms
[INFO   ] DREAMPlace - optimizer step 6.999 ms
[INFO   ] DREAMPlace - iteration  299, ( 299,  0,  0), Obj 2.415221E+08, DensityWeight 5.462560E-05, wHPWL 3.099196E+08, Overflow 5.486209E-01, MaxDensity 1.947E+01, gamma 1.095530E+02, time 1.192ms
[INFO   ] DREAMPlace - full step 8.661 ms
[INFO   ] DREAMPlace - optimizer step 7.297 ms
[INFO   ] DREAMPlace - iteration  300, ( 300,  0,  0), Obj 2.426069E+08, DensityWeight 5.725654E-05, wHPWL 3.100959E+08, Overflow 5.454667E-01, MaxDensity 1.851E+01, gamma 1.076013E+02, time 1.199ms
[INFO   ] DREAMPlace - full step 9.481 ms
[INFO   ] DREAMPlace - optimizer step 7.047 ms
[INFO   ] DREAMPlace - iteration  301, ( 301,  0,  0), Obj 2.436255E+08, DensityWeight 6.009778E-05, wHPWL 3.102959E+08, Overflow 5.422248E-01, MaxDensity 1.823E+01, gamma 1.058786E+02, time 1.194ms
[INFO   ] DREAMPlace - full step 8.731 ms
[INFO   ] DREAMPlace - optimizer step 7.631 ms
[INFO   ] DREAMPlace - iteration  302, ( 302,  0,  0), Obj 2.446637E+08, DensityWeight 6.266549E-05, wHPWL 3.105279E+08, Overflow 5.387217E-01, MaxDensity 1.849E+01, gamma 1.041367E+02, time 1.184ms
[INFO   ] DREAMPlace - full step 9.456 ms
[INFO   ] DREAMPlace - optimizer step 7.282 ms
[INFO   ] DREAMPlace - iteration  303, ( 303,  0,  0), Obj 2.457536E+08, DensityWeight 6.476023E-05, wHPWL 3.107683E+08, Overflow 5.350999E-01, MaxDensity 1.766E+01, gamma 1.022868E+02, time 5.357ms
[INFO   ] DREAMPlace - full step 13.120 ms
[INFO   ] DREAMPlace - optimizer step 7.964 ms
[INFO   ] DREAMPlace - iteration  304, ( 304,  0,  0), Obj 2.468628E+08, DensityWeight 6.677110E-05, wHPWL 3.109903E+08, Overflow 5.314077E-01, MaxDensity 1.789E+01, gamma 1.004086E+02, time 1.189ms
[INFO   ] DREAMPlace - full step 9.640 ms
[INFO   ] DREAMPlace - optimizer step 7.635 ms
[INFO   ] DREAMPlace - iteration  305, ( 305,  0,  0), Obj 2.479763E+08, DensityWeight 6.919540E-05, wHPWL 3.112074E+08, Overflow 5.282246E-01, MaxDensity 1.722E+01, gamma 9.852940E+01, time 1.209ms
[INFO   ] DREAMPlace - full step 9.607 ms
[INFO   ] DREAMPlace - optimizer step 25.587 ms
[INFO   ] DREAMPlace - iteration  306, ( 306,  0,  0), Obj 2.489985E+08, DensityWeight 7.180761E-05, wHPWL 3.114273E+08, Overflow 5.251923E-01, MaxDensity 1.690E+01, gamma 9.693764E+01, time 1.245ms
[INFO   ] DREAMPlace - full step 27.325 ms
[INFO   ] DREAMPlace - optimizer step 7.009 ms
[INFO   ] DREAMPlace - iteration  307, ( 307,  0,  0), Obj 2.500008E+08, DensityWeight 7.445995E-05, wHPWL 3.116657E+08, Overflow 5.225919E-01, MaxDensity 1.580E+01, gamma 9.544514E+01, time 1.180ms
[INFO   ] DREAMPlace - full step 8.673 ms
[INFO   ] DREAMPlace - optimizer step 23.915 ms
[INFO   ] DREAMPlace - iteration  308, ( 308,  0,  0), Obj 2.509298E+08, DensityWeight 7.681380E-05, wHPWL 3.119015E+08, Overflow 5.200057E-01, MaxDensity 1.622E+01, gamma 9.418359E+01, time 7.833ms
[INFO   ] DREAMPlace - full step 32.253 ms
[INFO   ] DREAMPlace - optimizer step 15.087 ms
[INFO   ] DREAMPlace - iteration  309, ( 309,  0,  0), Obj 2.518499E+08, DensityWeight 7.929793E-05, wHPWL 3.121417E+08, Overflow 5.173116E-01, MaxDensity 1.573E+01, gamma 9.294547E+01, time 1.207ms
[INFO   ] DREAMPlace - full step 16.776 ms
[INFO   ] DREAMPlace - optimizer step 6.990 ms
[INFO   ] DREAMPlace - iteration  310, ( 310,  0,  0), Obj 2.527785E+08, DensityWeight 8.176314E-05, wHPWL 3.124004E+08, Overflow 5.147321E-01, MaxDensity 1.689E+01, gamma 9.167295E+01, time 1.179ms
[INFO   ] DREAMPlace - full step 8.646 ms
[INFO   ] DREAMPlace - optimizer step 11.345 ms
[INFO   ] DREAMPlace - iteration  311, ( 311,  0,  0), Obj 2.536856E+08, DensityWeight 8.387214E-05, wHPWL 3.126734E+08, Overflow 5.123132E-01, MaxDensity 1.671E+01, gamma 9.047094E+01, time 1.192ms
[INFO   ] DREAMPlace - full step 13.015 ms
[INFO   ] DREAMPlace - optimizer step 6.935 ms
[INFO   ] DREAMPlace - iteration  312, ( 312,  0,  0), Obj 2.545628E+08, DensityWeight 8.569158E-05, wHPWL 3.129449E+08, Overflow 5.099273E-01, MaxDensity 1.713E+01, gamma 8.935809E+01, time 1.182ms
[INFO   ] DREAMPlace - full step 8.588 ms
[INFO   ] DREAMPlace - optimizer step 6.943 ms
[INFO   ] DREAMPlace - iteration  313, ( 313,  0,  0), Obj 2.554231E+08, DensityWeight 8.758719E-05, wHPWL 3.131883E+08, Overflow 5.077319E-01, MaxDensity 1.802E+01, gamma 8.827377E+01, time 1.187ms
[INFO   ] DREAMPlace - full step 8.604 ms
[INFO   ] DREAMPlace - optimizer step 7.092 ms
[INFO   ] DREAMPlace - iteration  314, ( 314,  0,  0), Obj 2.562236E+08, DensityWeight 9.023119E-05, wHPWL 3.133993E+08, Overflow 5.055513E-01, MaxDensity 1.672E+01, gamma 8.728769E+01, time 1.203ms
[INFO   ] DREAMPlace - full step 8.799 ms
[INFO   ] DREAMPlace - optimizer step 7.152 ms
[INFO   ] DREAMPlace - iteration  315, ( 315,  0,  0), Obj 2.569953E+08, DensityWeight 9.379636E-05, wHPWL 3.136227E+08, Overflow 5.033237E-01, MaxDensity 1.476E+01, gamma 8.631917E+01, time 1.190ms
[INFO   ] DREAMPlace - full step 8.872 ms
[INFO   ] DREAMPlace - optimizer step 7.026 ms
[INFO   ] DREAMPlace - iteration  316, ( 316,  0,  0), Obj 2.577676E+08, DensityWeight 9.716461E-05, wHPWL 3.138683E+08, Overflow 5.007111E-01, MaxDensity 1.720E+01, gamma 8.534089E+01, time 1.160ms
[INFO   ] DREAMPlace - full step 8.680 ms
[INFO   ] DREAMPlace - optimizer step 7.058 ms
[INFO   ] DREAMPlace - iteration  317, ( 317,  0,  0), Obj 2.586037E+08, DensityWeight 1.000343E-04, wHPWL 3.141189E+08, Overflow 4.979432E-01, MaxDensity 1.827E+01, gamma 8.420763E+01, time 1.176ms
[INFO   ] DREAMPlace - full step 8.717 ms
[INFO   ] DREAMPlace - optimizer step 7.231 ms
[INFO   ] DREAMPlace - iteration  318, ( 318,  0,  0), Obj 2.594582E+08, DensityWeight 1.028456E-04, wHPWL 3.143404E+08, Overflow 4.957232E-01, MaxDensity 1.907E+01, gamma 8.302338E+01, time 1.219ms
[INFO   ] DREAMPlace - full step 8.925 ms
[INFO   ] DREAMPlace - optimizer step 7.397 ms
[INFO   ] DREAMPlace - iteration  319, ( 319,  0,  0), Obj 2.602074E+08, DensityWeight 1.065987E-04, wHPWL 3.145570E+08, Overflow 4.937070E-01, MaxDensity 1.859E+01, gamma 8.208560E+01, time 3.932ms
[INFO   ] DREAMPlace - full step 12.217 ms
[INFO   ] DREAMPlace - plotting to lambdaramp_results/s200/bigblue3/plot/iter0320.png takes 6.429 seconds
[INFO   ] DREAMPlace - optimizer step 10.328 ms
[INFO   ] DREAMPlace - iteration  320, ( 320,  0,  0), Obj 2.609213E+08, DensityWeight 1.106367E-04, wHPWL 3.148128E+08, Overflow 4.909667E-01, MaxDensity 1.572E+01, gamma 8.124313E+01, time 12.831ms
[INFO   ] DREAMPlace - full step 6455.806 ms
[INFO   ] DREAMPlace - optimizer step 7.255 ms
[INFO   ] DREAMPlace - iteration  321, ( 321,  0,  0), Obj 2.617564E+08, DensityWeight 1.135796E-04, wHPWL 3.151009E+08, Overflow 4.880730E-01, MaxDensity 1.710E+01, gamma 8.011192E+01, time 1.307ms
[INFO   ] DREAMPlace - full step 9.372 ms
[INFO   ] DREAMPlace - optimizer step 8.478 ms
[INFO   ] DREAMPlace - iteration  322, ( 322,  0,  0), Obj 2.626147E+08, DensityWeight 1.155589E-04, wHPWL 3.153576E+08, Overflow 4.854110E-01, MaxDensity 1.590E+01, gamma 7.893446E+01, time 1.241ms
[INFO   ] DREAMPlace - full step 10.284 ms
[INFO   ] DREAMPlace - optimizer step 7.165 ms
[INFO   ] DREAMPlace - iteration  323, ( 323,  0,  0), Obj 2.634167E+08, DensityWeight 1.186031E-04, wHPWL 3.155638E+08, Overflow 4.825456E-01, MaxDensity 1.540E+01, gamma 7.786658E+01, time 1.222ms
[INFO   ] DREAMPlace - full step 8.945 ms
[INFO   ] DREAMPlace - optimizer step 7.070 ms
[INFO   ] DREAMPlace - iteration  324, ( 324,  0,  0), Obj 2.642210E+08, DensityWeight 1.234533E-04, wHPWL 3.157808E+08, Overflow 4.805778E-01, MaxDensity 1.496E+01, gamma 7.673323E+01, time 1.751ms
[INFO   ] DREAMPlace - full step 9.366 ms
[INFO   ] DREAMPlace - optimizer step 13.916 ms
[INFO   ] DREAMPlace - iteration  325, ( 325,  0,  0), Obj 2.648864E+08, DensityWeight 1.281183E-04, wHPWL 3.160015E+08, Overflow 4.785342E-01, MaxDensity 1.525E+01, gamma 7.596449E+01, time 4.154ms
[INFO   ] DREAMPlace - full step 18.633 ms
[INFO   ] DREAMPlace - optimizer step 7.373 ms
[INFO   ] DREAMPlace - iteration  326, ( 326,  0,  0), Obj 2.655582E+08, DensityWeight 1.328198E-04, wHPWL 3.162256E+08, Overflow 4.763823E-01, MaxDensity 1.375E+01, gamma 7.517426E+01, time 1.208ms
[INFO   ] DREAMPlace - full step 9.138 ms
[INFO   ] DREAMPlace - optimizer step 7.113 ms
[INFO   ] DREAMPlace - iteration  327, ( 327,  0,  0), Obj 2.662230E+08, DensityWeight 1.375673E-04, wHPWL 3.164417E+08, Overflow 4.741679E-01, MaxDensity 1.443E+01, gamma 7.435107E+01, time 1.205ms
[INFO   ] DREAMPlace - full step 8.847 ms
[INFO   ] DREAMPlace - optimizer step 7.639 ms
[INFO   ] DREAMPlace - iteration  328, ( 328,  0,  0), Obj 2.668801E+08, DensityWeight 1.428001E-04, wHPWL 3.166478E+08, Overflow 4.717483E-01, MaxDensity 1.509E+01, gamma 7.351339E+01, time 1.910ms
[INFO   ] DREAMPlace - full step 10.099 ms
[INFO   ] DREAMPlace - optimizer step 7.074 ms
[INFO   ] DREAMPlace - iteration  329, ( 329,  0,  0), Obj 2.675506E+08, DensityWeight 1.486451E-04, wHPWL 3.168472E+08, Overflow 4.691338E-01, MaxDensity 1.515E+01, gamma 7.260883E+01, time 2.203ms
[INFO   ] DREAMPlace - full step 9.785 ms
[INFO   ] DREAMPlace - optimizer step 8.107 ms
[INFO   ] DREAMPlace - iteration  330, ( 330,  0,  0), Obj 2.682370E+08, DensityWeight 1.550182E-04, wHPWL 3.170411E+08, Overflow 4.663577E-01, MaxDensity 1.457E+01, gamma 7.164395E+01, time 1.226ms
[INFO   ] DREAMPlace - full step 9.854 ms
[INFO   ] DREAMPlace - optimizer step 7.304 ms
[INFO   ] DREAMPlace - iteration  331, ( 331,  0,  0), Obj 2.689340E+08, DensityWeight 1.619127E-04, wHPWL 3.172206E+08, Overflow 4.629854E-01, MaxDensity 1.520E+01, gamma 7.063346E+01, time 1.217ms
[INFO   ] DREAMPlace - full step 9.431 ms
[INFO   ] DREAMPlace - optimizer step 7.712 ms
[INFO   ] DREAMPlace - iteration  332, ( 332,  0,  0), Obj 2.697002E+08, DensityWeight 1.697958E-04, wHPWL 3.173645E+08, Overflow 4.596922E-01, MaxDensity 1.455E+01, gamma 6.942507E+01, time 1.218ms
[INFO   ] DREAMPlace - full step 9.467 ms
[INFO   ] DREAMPlace - optimizer step 7.071 ms
[INFO   ] DREAMPlace - iteration  333, ( 333,  0,  0), Obj 2.704249E+08, DensityWeight 1.798363E-04, wHPWL 3.174664E+08, Overflow 4.563925E-01, MaxDensity 1.303E+01, gamma 6.826501E+01, time 1.205ms
[INFO   ] DREAMPlace - full step 8.795 ms
[INFO   ] DREAMPlace - optimizer step 7.095 ms
[INFO   ] DREAMPlace - iteration  334, ( 334,  0,  0), Obj 2.711279E+08, DensityWeight 1.927201E-04, wHPWL 3.175832E+08, Overflow 4.526857E-01, MaxDensity 1.436E+01, gamma 6.712211E+01, time 1.193ms
[INFO   ] DREAMPlace - full step 8.786 ms
[INFO   ] DREAMPlace - optimizer step 7.674 ms
[INFO   ] DREAMPlace - iteration  335, ( 335,  0,  0), Obj 2.718884E+08, DensityWeight 2.056664E-04, wHPWL 3.177304E+08, Overflow 4.483178E-01, MaxDensity 1.158E+01, gamma 6.586097E+01, time 1.199ms
[INFO   ] DREAMPlace - full step 9.371 ms
[INFO   ] DREAMPlace - optimizer step 11.617 ms
[INFO   ] DREAMPlace - iteration  336, ( 336,  0,  0), Obj 2.727485E+08, DensityWeight 2.176260E-04, wHPWL 3.178756E+08, Overflow 4.435878E-01, MaxDensity 1.176E+01, gamma 6.440533E+01, time 7.982ms
[INFO   ] DREAMPlace - full step 20.120 ms
[INFO   ] DREAMPlace - optimizer step 7.115 ms
[INFO   ] DREAMPlace - iteration  337, ( 337,  0,  0), Obj 2.736532E+08, DensityWeight 2.304189E-04, wHPWL 3.179929E+08, Overflow 4.388433E-01, MaxDensity 1.229E+01, gamma 6.286526E+01, time 1.190ms
[INFO   ] DREAMPlace - full step 8.839 ms
[INFO   ] DREAMPlace - optimizer step 9.080 ms
[INFO   ] DREAMPlace - iteration  338, ( 338,  0,  0), Obj 2.745506E+08, DensityWeight 2.458603E-04, wHPWL 3.180832E+08, Overflow 4.340552E-01, MaxDensity 1.120E+01, gamma 6.135746E+01, time 1.229ms
[INFO   ] DREAMPlace - full step 10.813 ms
[INFO   ] DREAMPlace - optimizer step 7.096 ms
[INFO   ] DREAMPlace - iteration  339, ( 339,  0,  0), Obj 2.754452E+08, DensityWeight 2.643193E-04, wHPWL 3.181799E+08, Overflow 4.291622E-01, MaxDensity 1.203E+01, gamma 5.987246E+01, time 1.854ms
[INFO   ] DREAMPlace - full step 9.444 ms
[INFO   ] DREAMPlace - optimizer step 7.021 ms
[INFO   ] DREAMPlace - iteration  340, ( 340,  0,  0), Obj 2.763535E+08, DensityWeight 2.836626E-04, wHPWL 3.182770E+08, Overflow 4.243592E-01, MaxDensity 1.087E+01, gamma 5.839205E+01, time 1.219ms
[INFO   ] DREAMPlace - full step 8.718 ms
[INFO   ] DREAMPlace - optimizer step 8.911 ms
[INFO   ] DREAMPlace - iteration  341, ( 341,  0,  0), Obj 2.772484E+08, DensityWeight 3.043890E-04, wHPWL 3.183805E+08, Overflow 4.191993E-01, MaxDensity 1.049E+01, gamma 5.697449E+01, time 1.184ms
[INFO   ] DREAMPlace - full step 10.568 ms
[INFO   ] DREAMPlace - optimizer step 7.034 ms
[INFO   ] DREAMPlace - iteration  342, ( 342,  0,  0), Obj 2.781894E+08, DensityWeight 3.260417E-04, wHPWL 3.185076E+08, Overflow 4.134897E-01, MaxDensity 1.002E+01, gamma 5.548990E+01, time 1.203ms
[INFO   ] DREAMPlace - full step 8.722 ms
[INFO   ] DREAMPlace - optimizer step 7.008 ms
[INFO   ] DREAMPlace - iteration  343, ( 343,  0,  0), Obj 2.792091E+08, DensityWeight 3.469397E-04, wHPWL 3.186565E+08, Overflow 4.071615E-01, MaxDensity 1.016E+01, gamma 5.389219E+01, time 1.457ms
[INFO   ] DREAMPlace - full step 8.941 ms
[INFO   ] DREAMPlace - optimizer step 10.362 ms
[INFO   ] DREAMPlace - iteration  344, ( 344,  0,  0), Obj 2.803147E+08, DensityWeight 3.669476E-04, wHPWL 3.187945E+08, Overflow 4.007558E-01, MaxDensity 9.644E+00, gamma 5.217511E+01, time 1.194ms
[INFO   ] DREAMPlace - full step 12.036 ms
[INFO   ] DREAMPlace - optimizer step 7.034 ms
[INFO   ] DREAMPlace - iteration  345, ( 345,  0,  0), Obj 2.814219E+08, DensityWeight 3.892987E-04, wHPWL 3.188933E+08, Overflow 3.957533E-01, MaxDensity 1.062E+01, gamma 5.049268E+01, time 1.219ms
[INFO   ] DREAMPlace - full step 8.743 ms
[INFO   ] DREAMPlace - optimizer step 21.718 ms
[INFO   ] DREAMPlace - iteration  346, ( 346,  0,  0), Obj 2.823377E+08, DensityWeight 4.175350E-04, wHPWL 3.189826E+08, Overflow 3.903336E-01, MaxDensity 1.017E+01, gamma 4.921662E+01, time 10.966ms
[INFO   ] DREAMPlace - full step 33.205 ms
[INFO   ] DREAMPlace - optimizer step 7.095 ms
[INFO   ] DREAMPlace - iteration  347, ( 347,  0,  0), Obj 2.832993E+08, DensityWeight 4.490155E-04, wHPWL 3.191204E+08, Overflow 3.847212E-01, MaxDensity 9.436E+00, gamma 4.787049E+01, time 1.204ms
[INFO   ] DREAMPlace - full step 8.828 ms
[INFO   ] DREAMPlace - optimizer step 29.077 ms
[INFO   ] DREAMPlace - iteration  348, ( 348,  0,  0), Obj 2.842859E+08, DensityWeight 4.763740E-04, wHPWL 3.193059E+08, Overflow 3.792057E-01, MaxDensity 9.749E+00, gamma 4.651530E+01, time 6.446ms
[INFO   ] DREAMPlace - full step 36.084 ms
[INFO   ] DREAMPlace - optimizer step 16.736 ms
[INFO   ] DREAMPlace - iteration  349, ( 349,  0,  0), Obj 2.852776E+08, DensityWeight 4.987389E-04, wHPWL 3.194796E+08, Overflow 3.741409E-01, MaxDensity 9.053E+00, gamma 4.522092E+01, time 1.240ms
[INFO   ] DREAMPlace - full step 18.532 ms
[INFO   ] DREAMPlace - optimizer step 7.151 ms
[INFO   ] DREAMPlace - iteration  350, ( 350,  0,  0), Obj 2.861948E+08, DensityWeight 5.238615E-04, wHPWL 3.196062E+08, Overflow 3.688789E-01, MaxDensity 9.282E+00, gamma 4.406404E+01, time 1.215ms
[INFO   ] DREAMPlace - full step 8.937 ms
[INFO   ] DREAMPlace - optimizer step 7.814 ms
[INFO   ] DREAMPlace - iteration  351, ( 351,  0,  0), Obj 2.870887E+08, DensityWeight 5.575285E-04, wHPWL 3.197023E+08, Overflow 3.641247E-01, MaxDensity 8.623E+00, gamma 4.289343E+01, time 1.208ms
[INFO   ] DREAMPlace - full step 9.574 ms
[INFO   ] DREAMPlace - optimizer step 7.064 ms
[INFO   ] DREAMPlace - iteration  352, ( 352,  0,  0), Obj 2.878861E+08, DensityWeight 5.984256E-04, wHPWL 3.198024E+08, Overflow 3.593302E-01, MaxDensity 8.537E+00, gamma 4.186258E+01, time 1.205ms
[INFO   ] DREAMPlace - full step 8.793 ms
[INFO   ] DREAMPlace - optimizer step 7.284 ms
[INFO   ] DREAMPlace - iteration  353, ( 353,  0,  0), Obj 2.886752E+08, DensityWeight 6.416010E-04, wHPWL 3.199318E+08, Overflow 3.552334E-01, MaxDensity 8.415E+00, gamma 4.084807E+01, time 1.179ms
[INFO   ] DREAMPlace - full step 8.983 ms
[INFO   ] DREAMPlace - optimizer step 7.815 ms
[INFO   ] DREAMPlace - iteration  354, ( 354,  0,  0), Obj 2.893854E+08, DensityWeight 6.823050E-04, wHPWL 3.200949E+08, Overflow 3.503036E-01, MaxDensity 8.464E+00, gamma 4.000069E+01, time 1.222ms
[INFO   ] DREAMPlace - full step 9.542 ms
[INFO   ] DREAMPlace - optimizer step 7.201 ms
[INFO   ] DREAMPlace - iteration  355, ( 355,  0,  0), Obj 2.901843E+08, DensityWeight 7.188004E-04, wHPWL 3.202675E+08, Overflow 3.450007E-01, MaxDensity 8.658E+00, gamma 3.900428E+01, time 1.225ms
[INFO   ] DREAMPlace - full step 8.941 ms
[INFO   ] DREAMPlace - optimizer step 7.099 ms
[INFO   ] DREAMPlace - iteration  356, ( 356,  0,  0), Obj 2.909972E+08, DensityWeight 7.552572E-04, wHPWL 3.203876E+08, Overflow 3.398298E-01, MaxDensity 9.340E+00, gamma 3.796017E+01, time 1.198ms
[INFO   ] DREAMPlace - full step 8.795 ms
[INFO   ] DREAMPlace - optimizer step 7.577 ms
[INFO   ] DREAMPlace - iteration  357, ( 357,  0,  0), Obj 2.917547E+08, DensityWeight 8.052308E-04, wHPWL 3.204618E+08, Overflow 3.350649E-01, MaxDensity 7.443E+00, gamma 3.696896E+01, time 1.204ms
[INFO   ] DREAMPlace - full step 9.424 ms
[INFO   ] DREAMPlace - optimizer step 7.097 ms
[INFO   ] DREAMPlace - iteration  358, ( 358,  0,  0), Obj 2.924321E+08, DensityWeight 8.695961E-04, wHPWL 3.205338E+08, Overflow 3.303839E-01, MaxDensity 7.916E+00, gamma 3.607850E+01, time 1.260ms
[INFO   ] DREAMPlace - full step 8.925 ms
[INFO   ] DREAMPlace - optimizer step 7.057 ms
[INFO   ] DREAMPlace - iteration  359, ( 359,  0,  0), Obj 2.930860E+08, DensityWeight 9.396762E-04, wHPWL 3.206472E+08, Overflow 3.250209E-01, MaxDensity 8.374E+00, gamma 3.522463E+01, time 1.236ms
[INFO   ] DREAMPlace - full step 8.778 ms
[INFO   ] DREAMPlace - plotting to lambdaramp_results/s200/bigblue3/plot/iter0360.png takes 6.402 seconds
[INFO   ] DREAMPlace - optimizer step 9.789 ms
[INFO   ] DREAMPlace - iteration  360, ( 360,  0,  0), Obj 2.938095E+08, DensityWeight 1.003758E-03, wHPWL 3.207970E+08, Overflow 3.187815E-01, MaxDensity 9.049E+00, gamma 3.427114E+01, time 1.192ms
[INFO   ] DREAMPlace - full step 6416.542 ms
[INFO   ] DREAMPlace - optimizer step 7.228 ms
[INFO   ] DREAMPlace - iteration  361, ( 361,  0,  0), Obj 2.946189E+08, DensityWeight 1.061370E-03, wHPWL 3.209197E+08, Overflow 3.131230E-01, MaxDensity 8.121E+00, gamma 3.319428E+01, time 1.748ms
[INFO   ] DREAMPlace - full step 9.687 ms
[INFO   ] DREAMPlace - optimizer step 9.223 ms
[INFO   ] DREAMPlace - iteration  362, ( 362,  0,  0), Obj 2.953486E+08, DensityWeight 1.130821E-03, wHPWL 3.209754E+08, Overflow 3.083139E-01, MaxDensity 7.011E+00, gamma 3.224696E+01, time 5.857ms
[INFO   ] DREAMPlace - full step 15.619 ms
[INFO   ] DREAMPlace - optimizer step 7.086 ms
[INFO   ] DREAMPlace - iteration  363, ( 363,  0,  0), Obj 2.959592E+08, DensityWeight 1.227525E-03, wHPWL 3.209926E+08, Overflow 3.038302E-01, MaxDensity 7.553E+00, gamma 3.146313E+01, time 1.204ms
[INFO   ] DREAMPlace - full step 8.787 ms
[INFO   ] DREAMPlace - optimizer step 7.117 ms
[INFO   ] DREAMPlace - iteration  364, ( 364,  0,  0), Obj 2.965008E+08, DensityWeight 1.346854E-03, wHPWL 3.210568E+08, Overflow 2.984242E-01, MaxDensity 7.175E+00, gamma 3.074951E+01, time 1.192ms
[INFO   ] DREAMPlace - full step 8.792 ms
[INFO   ] DREAMPlace - optimizer step 6.995 ms
[INFO   ] DREAMPlace - iteration  365, ( 365,  0,  0), Obj 2.971357E+08, DensityWeight 1.458581E-03, wHPWL 3.211944E+08, Overflow 2.921678E-01, MaxDensity 6.642E+00, gamma 2.991058E+01, time 1.170ms
[INFO   ] DREAMPlace - full step 8.654 ms
[INFO   ] DREAMPlace - optimizer step 6.940 ms
[INFO   ] DREAMPlace - iteration  366, ( 366,  0,  0), Obj 2.978688E+08, DensityWeight 1.547562E-03, wHPWL 3.213339E+08, Overflow 2.857401E-01, MaxDensity 6.374E+00, gamma 2.896821E+01, time 1.201ms
[INFO   ] DREAMPlace - full step 8.629 ms
[INFO   ] DREAMPlace - optimizer step 7.016 ms
[INFO   ] DREAMPlace - iteration  367, ( 367,  0,  0), Obj 2.986128E+08, DensityWeight 1.641094E-03, wHPWL 3.214057E+08, Overflow 2.803777E-01, MaxDensity 6.367E+00, gamma 2.803095E+01, time 1.196ms
[INFO   ] DREAMPlace - full step 8.688 ms
[INFO   ] DREAMPlace - optimizer step 7.015 ms
[INFO   ] DREAMPlace - iteration  368, ( 368,  0,  0), Obj 2.992199E+08, DensityWeight 1.773443E-03, wHPWL 3.213703E+08, Overflow 2.759975E-01, MaxDensity 5.943E+00, gamma 2.727229E+01, time 1.181ms
[INFO   ] DREAMPlace - full step 8.669 ms
[INFO   ] DREAMPlace - optimizer step 6.934 ms
[INFO   ] DREAMPlace - iteration  369, ( 369,  0,  0), Obj 2.996765E+08, DensityWeight 1.877795E-03, wHPWL 3.213460E+08, Overflow 2.711814E-01, MaxDensity 5.930E+00, gamma 2.666783E+01, time 1.189ms
[INFO   ] DREAMPlace - full step 8.601 ms
[INFO   ] DREAMPlace - optimizer step 6.970 ms
[INFO   ] DREAMPlace - iteration  370, ( 370,  0,  0), Obj 3.001617E+08, DensityWeight 1.988286E-03, wHPWL 3.213662E+08, Overflow 2.665359E-01, MaxDensity 5.869E+00, gamma 2.601868E+01, time 1.183ms
[INFO   ] DREAMPlace - full step 8.626 ms
[INFO   ] DREAMPlace - optimizer step 6.948 ms
[INFO   ] DREAMPlace - iteration  371, ( 371,  0,  0), Obj 3.006408E+08, DensityWeight 2.179740E-03, wHPWL 3.213807E+08, Overflow 2.622172E-01, MaxDensity 6.380E+00, gamma 2.540750E+01, time 1.196ms
[INFO   ] DREAMPlace - full step 8.611 ms
[INFO   ] DREAMPlace - optimizer step 6.988 ms
[INFO   ] DREAMPlace - iteration  372, ( 372,  0,  0), Obj 3.010745E+08, DensityWeight 2.393513E-03, wHPWL 3.214011E+08, Overflow 2.566284E-01, MaxDensity 5.765E+00, gamma 2.485220E+01, time 1.184ms
[INFO   ] DREAMPlace - full step 8.656 ms
[INFO   ] DREAMPlace - optimizer step 7.956 ms
[INFO   ] DREAMPlace - iteration  373, ( 373,  0,  0), Obj 3.015974E+08, DensityWeight 2.623847E-03, wHPWL 3.214940E+08, Overflow 2.503905E-01, MaxDensity 5.901E+00, gamma 2.415156E+01, time 1.272ms
[INFO   ] DREAMPlace - full step 9.706 ms
[INFO   ] DREAMPlace - optimizer step 8.774 ms
[INFO   ] DREAMPlace - iteration  374, ( 374,  0,  0), Obj 3.022021E+08, DensityWeight 2.818832E-03, wHPWL 3.216217E+08, Overflow 2.438111E-01, MaxDensity 5.290E+00, gamma 2.339286E+01, time 5.022ms
[INFO   ] DREAMPlace - full step 14.274 ms
[INFO   ] DREAMPlace - optimizer step 7.074 ms
[INFO   ] DREAMPlace - iteration  375, ( 375,  0,  0), Obj 3.028532E+08, DensityWeight 2.999080E-03, wHPWL 3.216855E+08, Overflow 2.382280E-01, MaxDensity 5.273E+00, gamma 2.261843E+01, time 1.193ms
[INFO   ] DREAMPlace - full step 8.736 ms
[INFO   ] DREAMPlace - optimizer step 7.245 ms
[INFO   ] DREAMPlace - iteration  376, ( 376,  0,  0), Obj 3.033887E+08, DensityWeight 3.248184E-03, wHPWL 3.216324E+08, Overflow 2.335244E-01, MaxDensity 6.294E+00, gamma 2.198141E+01, time 1.189ms
[INFO   ] DREAMPlace - full step 8.920 ms
[INFO   ] DREAMPlace - optimizer step 7.019 ms
[INFO   ] DREAMPlace - iteration  377, ( 377,  0,  0), Obj 3.037792E+08, DensityWeight 3.439310E-03, wHPWL 3.215627E+08, Overflow 2.286687E-01, MaxDensity 5.609E+00, gamma 2.145868E+01, time 1.192ms
[INFO   ] DREAMPlace - full step 8.684 ms
[INFO   ] DREAMPlace - optimizer step 6.989 ms
[INFO   ] DREAMPlace - iteration  378, ( 378,  0,  0), Obj 3.041563E+08, DensityWeight 3.641682E-03, wHPWL 3.215479E+08, Overflow 2.243587E-01, MaxDensity 5.412E+00, gamma 2.093209E+01, time 1.189ms
[INFO   ] DREAMPlace - full step 8.655 ms
[INFO   ] DREAMPlace - optimizer step 6.965 ms
[INFO   ] DREAMPlace - iteration  379, ( 379,  0,  0), Obj 3.045133E+08, DensityWeight 3.855962E-03, wHPWL 3.215313E+08, Overflow 2.202248E-01, MaxDensity 5.280E+00, gamma 2.047551E+01, time 1.193ms
[INFO   ] DREAMPlace - full step 8.628 ms
[INFO   ] DREAMPlace - optimizer step 6.971 ms
[INFO   ] DREAMPlace - iteration  380, ( 380,  0,  0), Obj 3.048442E+08, DensityWeight 4.082851E-03, wHPWL 3.214572E+08, Overflow 2.162828E-01, MaxDensity 5.145E+00, gamma 2.004695E+01, time 1.187ms
[INFO   ] DREAMPlace - full step 8.632 ms
[INFO   ] DREAMPlace - optimizer step 7.034 ms
[INFO   ] DREAMPlace - iteration  381, ( 381,  0,  0), Obj 3.051094E+08, DensityWeight 4.323090E-03, wHPWL 3.213663E+08, Overflow 2.127022E-01, MaxDensity 4.738E+00, gamma 1.964664E+01, time 1.179ms
[INFO   ] DREAMPlace - full step 8.689 ms
[INFO   ] DREAMPlace - optimizer step 6.975 ms
[INFO   ] DREAMPlace - iteration  382, ( 382,  0,  0), Obj 3.053334E+08, DensityWeight 4.577465E-03, wHPWL 3.213027E+08, Overflow 2.091142E-01, MaxDensity 4.489E+00, gamma 1.928996E+01, time 1.205ms
[INFO   ] DREAMPlace - full step 8.644 ms
[INFO   ] DREAMPlace - optimizer step 7.052 ms
[INFO   ] DREAMPlace - iteration  383, ( 383,  0,  0), Obj 3.055669E+08, DensityWeight 4.846808E-03, wHPWL 3.212641E+08, Overflow 2.055494E-01, MaxDensity 4.873E+00, gamma 1.893905E+01, time 1.193ms
[INFO   ] DREAMPlace - full step 8.718 ms
[INFO   ] DREAMPlace - optimizer step 7.483 ms
[INFO   ] DREAMPlace - iteration  384, ( 384,  0,  0), Obj 3.058055E+08, DensityWeight 5.131999E-03, wHPWL 3.212480E+08, Overflow 2.020318E-01, MaxDensity 4.463E+00, gamma 1.859673E+01, time 1.261ms
[INFO   ] DREAMPlace - full step 9.218 ms
[INFO   ] DREAMPlace - optimizer step 7.100 ms
[INFO   ] DREAMPlace - iteration  385, ( 385,  0,  0), Obj 3.060516E+08, DensityWeight 5.433971E-03, wHPWL 3.211891E+08, Overflow 1.980970E-01, MaxDensity 4.605E+00, gamma 1.826499E+01, time 2.298ms
[INFO   ] DREAMPlace - full step 9.899 ms
[INFO   ] DREAMPlace - optimizer step 9.288 ms
[INFO   ] DREAMPlace - iteration  386, ( 386,  0,  0), Obj 3.062884E+08, DensityWeight 5.753711E-03, wHPWL 3.211214E+08, Overflow 1.943778E-01, MaxDensity 4.350E+00, gamma 1.790093E+01, time 6.436ms
[INFO   ] DREAMPlace - full step 16.190 ms
[INFO   ] DREAMPlace - optimizer step 7.034 ms
[INFO   ] DREAMPlace - iteration  387, ( 387,  0,  0), Obj 3.065007E+08, DensityWeight 6.092265E-03, wHPWL 3.210627E+08, Overflow 1.906860E-01, MaxDensity 4.330E+00, gamma 1.756348E+01, time 1.207ms
[INFO   ] DREAMPlace - full step 8.714 ms
[INFO   ] DREAMPlace - optimizer step 6.958 ms
[INFO   ] DREAMPlace - iteration  388, ( 388,  0,  0), Obj 3.067183E+08, DensityWeight 6.450740E-03, wHPWL 3.210125E+08, Overflow 1.870222E-01, MaxDensity 4.196E+00, gamma 1.723481E+01, time 1.198ms
[INFO   ] DREAMPlace - full step 8.625 ms
[INFO   ] DREAMPlace - optimizer step 7.025 ms
[INFO   ] DREAMPlace - iteration  389, ( 389,  0,  0), Obj 3.069332E+08, DensityWeight 6.830308E-03, wHPWL 3.209607E+08, Overflow 1.836019E-01, MaxDensity 4.031E+00, gamma 1.691472E+01, time 1.180ms
[INFO   ] DREAMPlace - full step 8.677 ms
[INFO   ] DREAMPlace - optimizer step 7.074 ms
[INFO   ] DREAMPlace - iteration  390, ( 390,  0,  0), Obj 3.071322E+08, DensityWeight 7.232210E-03, wHPWL 3.208945E+08, Overflow 1.800470E-01, MaxDensity 3.901E+00, gamma 1.662127E+01, time 1.192ms
[INFO   ] DREAMPlace - full step 8.747 ms
[INFO   ] DREAMPlace - optimizer step 6.940 ms
[INFO   ] DREAMPlace - iteration  391, ( 391,  0,  0), Obj 3.073242E+08, DensityWeight 7.657760E-03, wHPWL 3.208074E+08, Overflow 1.767152E-01, MaxDensity 3.789E+00, gamma 1.632166E+01, time 1.188ms
[INFO   ] DREAMPlace - full step 8.603 ms
[INFO   ] DREAMPlace - optimizer step 6.981 ms
[INFO   ] DREAMPlace - iteration  392, ( 392,  0,  0), Obj 3.074876E+08, DensityWeight 8.108350E-03, wHPWL 3.207095E+08, Overflow 1.734772E-01, MaxDensity 4.050E+00, gamma 1.604576E+01, time 1.201ms
[INFO   ] DREAMPlace - full step 8.651 ms
[INFO   ] DREAMPlace - optimizer step 6.981 ms
[INFO   ] DREAMPlace - iteration  393, ( 393,  0,  0), Obj 3.076349E+08, DensityWeight 8.585454E-03, wHPWL 3.206216E+08, Overflow 1.700541E-01, MaxDensity 4.367E+00, gamma 1.578210E+01, time 1.201ms
[INFO   ] DREAMPlace - full step 8.647 ms
[INFO   ] DREAMPlace - optimizer step 7.108 ms
[INFO   ] DREAMPlace - iteration  394, ( 394,  0,  0), Obj 3.077944E+08, DensityWeight 9.090630E-03, wHPWL 3.205132E+08, Overflow 1.668982E-01, MaxDensity 3.982E+00, gamma 1.550807E+01, time 1.179ms
[INFO   ] DREAMPlace - full step 8.749 ms
[INFO   ] DREAMPlace - optimizer step 6.957 ms
[INFO   ] DREAMPlace - iteration  395, ( 395,  0,  0), Obj 3.079264E+08, DensityWeight 9.625532E-03, wHPWL 3.204574E+08, Overflow 1.634959E-01, MaxDensity 4.177E+00, gamma 1.525966E+01, time 1.194ms
[INFO   ] DREAMPlace - full step 8.609 ms
[INFO   ] DREAMPlace - optimizer step 7.033 ms
[INFO   ] DREAMPlace - iteration  396, ( 396,  0,  0), Obj 3.080969E+08, DensityWeight 1.019191E-02, wHPWL 3.204309E+08, Overflow 1.600743E-01, MaxDensity 3.832E+00, gamma 1.499630E+01, time 1.165ms
[INFO   ] DREAMPlace - full step 8.664 ms
[INFO   ] DREAMPlace - optimizer step 8.240 ms
[INFO   ] DREAMPlace - iteration  397, ( 397,  0,  0), Obj 3.082792E+08, DensityWeight 1.079161E-02, wHPWL 3.203804E+08, Overflow 1.567888E-01, MaxDensity 3.948E+00, gamma 1.473603E+01, time 1.182ms
[INFO   ] DREAMPlace - full step 9.892 ms
[INFO   ] DREAMPlace - optimizer step 11.649 ms
[INFO   ] DREAMPlace - iteration  398, ( 398,  0,  0), Obj 3.084393E+08, DensityWeight 1.142660E-02, wHPWL 3.203255E+08, Overflow 1.536117E-01, MaxDensity 3.339E+00, gamma 1.449037E+01, time 7.148ms
[INFO   ] DREAMPlace - full step 19.278 ms
[INFO   ] DREAMPlace - optimizer step 7.266 ms
[INFO   ] DREAMPlace - iteration  399, ( 399,  0,  0), Obj 3.085865E+08, DensityWeight 1.209895E-02, wHPWL 3.202660E+08, Overflow 1.505546E-01, MaxDensity 3.723E+00, gamma 1.425671E+01, time 1.477ms
[INFO   ] DREAMPlace - full step 9.212 ms
[INFO   ] DREAMPlace - plotting to lambdaramp_results/s200/bigblue3/plot/iter0400.png takes 6.400 seconds
[INFO   ] DREAMPlace - optimizer step 12.335 ms
[INFO   ] DREAMPlace - iteration  400, ( 400,  0,  0), Obj 3.087248E+08, DensityWeight 1.281086E-02, wHPWL 3.202215E+08, Overflow 1.473905E-01, MaxDensity 3.608E+00, gamma 1.403543E+01, time 1.178ms
[INFO   ] DREAMPlace - full step 6417.275 ms
[INFO   ] DREAMPlace - optimizer step 21.666 ms
[INFO   ] DREAMPlace - iteration  401, ( 401,  0,  0), Obj 3.088724E+08, DensityWeight 1.356467E-02, wHPWL 3.201699E+08, Overflow 1.443103E-01, MaxDensity 3.234E+00, gamma 1.381002E+01, time 1.283ms
[INFO   ] DREAMPlace - full step 23.710 ms
[INFO   ] DREAMPlace - optimizer step 7.103 ms
[INFO   ] DREAMPlace - iteration  402, ( 402,  0,  0), Obj 3.090116E+08, DensityWeight 1.436283E-02, wHPWL 3.201204E+08, Overflow 1.411952E-01, MaxDensity 3.639E+00, gamma 1.359407E+01, time 1.204ms
[INFO   ] DREAMPlace - full step 8.815 ms
[INFO   ] DREAMPlace - optimizer step 7.187 ms
[INFO   ] DREAMPlace - iteration  403, ( 403,  0,  0), Obj 3.091497E+08, DensityWeight 1.520795E-02, wHPWL 3.200729E+08, Overflow 1.380002E-01, MaxDensity 3.752E+00, gamma 1.337911E+01, time 1.203ms
[INFO   ] DREAMPlace - full step 8.893 ms
[INFO   ] DREAMPlace - optimizer step 7.026 ms
[INFO   ] DREAMPlace - iteration  404, ( 404,  0,  0), Obj 3.092919E+08, DensityWeight 1.610280E-02, wHPWL 3.200258E+08, Overflow 1.352137E-01, MaxDensity 3.438E+00, gamma 1.316216E+01, time 1.186ms
[INFO   ] DREAMPlace - full step 8.684 ms
[INFO   ] DREAMPlace - optimizer step 7.013 ms
[INFO   ] DREAMPlace - iteration  405, ( 405,  0,  0), Obj 3.094134E+08, DensityWeight 1.705031E-02, wHPWL 3.199826E+08, Overflow 1.322954E-01, MaxDensity 3.203E+00, gamma 1.297582E+01, time 1.189ms
[INFO   ] DREAMPlace - full step 8.689 ms
[INFO   ] DREAMPlace - optimizer step 7.025 ms
[INFO   ] DREAMPlace - iteration  406, ( 406,  0,  0), Obj 3.095420E+08, DensityWeight 1.805356E-02, wHPWL 3.199526E+08, Overflow 1.292448E-01, MaxDensity 4.115E+00, gamma 1.278349E+01, time 1.172ms
[INFO   ] DREAMPlace - full step 8.670 ms
[INFO   ] DREAMPlace - optimizer step 8.983 ms
[INFO   ] DREAMPlace - iteration  407, ( 407,  0,  0), Obj 3.096779E+08, DensityWeight 1.911585E-02, wHPWL 3.199151E+08, Overflow 1.263790E-01, MaxDensity 3.201E+00, gamma 1.258550E+01, time 2.156ms
[INFO   ] DREAMPlace - full step 11.614 ms
[INFO   ] DREAMPlace - optimizer step 16.140 ms
[INFO   ] DREAMPlace - iteration  408, ( 408,  0,  0), Obj 3.098034E+08, DensityWeight 2.024065E-02, wHPWL 3.198836E+08, Overflow 1.235172E-01, MaxDensity 2.942E+00, gamma 1.240230E+01, time 6.566ms
[INFO   ] DREAMPlace - full step 23.198 ms
[INFO   ] DREAMPlace - optimizer step 7.023 ms
[INFO   ] DREAMPlace - iteration  409, ( 409,  0,  0), Obj 3.099290E+08, DensityWeight 2.143162E-02, wHPWL 3.198497E+08, Overflow 1.208350E-01, MaxDensity 3.212E+00, gamma 1.222201E+01, time 1.207ms
[INFO   ] DREAMPlace - full step 8.702 ms
[INFO   ] DREAMPlace - optimizer step 6.953 ms
[INFO   ] DREAMPlace - iteration  410, ( 410,  0,  0), Obj 3.100464E+08, DensityWeight 2.269268E-02, wHPWL 3.198211E+08, Overflow 1.181145E-01, MaxDensity 2.797E+00, gamma 1.205541E+01, time 1.194ms
[INFO   ] DREAMPlace - full step 8.606 ms
[INFO   ] DREAMPlace - optimizer step 6.929 ms
[INFO   ] DREAMPlace - iteration  411, ( 411,  0,  0), Obj 3.101653E+08, DensityWeight 2.402794E-02, wHPWL 3.197879E+08, Overflow 1.155660E-01, MaxDensity 2.993E+00, gamma 1.188876E+01, time 1.183ms
[INFO   ] DREAMPlace - full step 8.596 ms
[INFO   ] DREAMPlace - optimizer step 6.968 ms
[INFO   ] DREAMPlace - iteration  412, ( 412,  0,  0), Obj 3.102737E+08, DensityWeight 2.544177E-02, wHPWL 3.197606E+08, Overflow 1.130055E-01, MaxDensity 3.190E+00, gamma 1.173474E+01, time 1.178ms
[INFO   ] DREAMPlace - full step 8.625 ms
[INFO   ] DREAMPlace - optimizer step 6.927 ms
[INFO   ] DREAMPlace - iteration  413, ( 413,  0,  0), Obj 3.103825E+08, DensityWeight 2.693879E-02, wHPWL 3.197354E+08, Overflow 1.104800E-01, MaxDensity 3.103E+00, gamma 1.158200E+01, time 1.178ms
[INFO   ] DREAMPlace - full step 8.579 ms
[INFO   ] DREAMPlace - optimizer step 7.043 ms
[INFO   ] DREAMPlace - iteration  414, ( 414,  0,  0), Obj 3.104917E+08, DensityWeight 2.852389E-02, wHPWL 3.197118E+08, Overflow 1.077387E-01, MaxDensity 2.792E+00, gamma 1.143329E+01, time 1.184ms
[INFO   ] DREAMPlace - full step 8.694 ms
[INFO   ] DREAMPlace - optimizer step 6.940 ms
[INFO   ] DREAMPlace - iteration  415, ( 415,  0,  0), Obj 3.106063E+08, DensityWeight 3.020227E-02, wHPWL 3.196844E+08, Overflow 1.050889E-01, MaxDensity 3.432E+00, gamma 1.127403E+01, time 1.192ms
[INFO   ] DREAMPlace - full step 8.606 ms
[INFO   ] DREAMPlace - optimizer step 6.995 ms
[INFO   ] DREAMPlace - iteration  416, ( 416,  0,  0), Obj 3.107142E+08, DensityWeight 3.197940E-02, wHPWL 3.196543E+08, Overflow 1.028067E-01, MaxDensity 2.652E+00, gamma 1.112220E+01, time 1.190ms
[INFO   ] DREAMPlace - full step 8.666 ms
[INFO   ] DREAMPlace - optimizer step 6.981 ms
[INFO   ] DREAMPlace - iteration  417, ( 417,  0,  0), Obj 3.108039E+08, DensityWeight 3.386110E-02, wHPWL 3.196280E+08, Overflow 1.003777E-01, MaxDensity 2.721E+00, gamma 1.099308E+01, time 1.195ms
[INFO   ] DREAMPlace - full step 8.663 ms
[INFO   ] DREAMPlace - optimizer step 6.992 ms
[INFO   ] DREAMPlace - iteration  418, ( 418,  0,  0), Obj 3.109025E+08, DensityWeight 3.585352E-02, wHPWL 3.196098E+08, Overflow 9.806803E-02, MaxDensity 2.688E+00, gamma 1.085729E+01, time 1.194ms
[INFO   ] DREAMPlace - full step 8.664 ms
[INFO   ] DREAMPlace - optimizer step 7.756 ms
[INFO   ] DREAMPlace - iteration  419, ( 419,  0,  0), Obj 3.109990E+08, DensityWeight 3.796318E-02, wHPWL 3.195896E+08, Overflow 9.580913E-02, MaxDensity 2.751E+00, gamma 1.072973E+01, time 1.216ms
[INFO   ] DREAMPlace - full step 9.449 ms
[INFO   ] DREAMPlace - optimizer step 11.890 ms
[INFO   ] DREAMPlace - iteration  420, ( 420,  0,  0), Obj 3.110945E+08, DensityWeight 4.019697E-02, wHPWL 3.195725E+08, Overflow 9.363823E-02, MaxDensity 2.680E+00, gamma 1.060643E+01, time 4.717ms
[INFO   ] DREAMPlace - full step 17.122 ms
[INFO   ] DREAMPlace - optimizer step 6.920 ms
[INFO   ] DREAMPlace - iteration  421, ( 421,  0,  0), Obj 3.111858E+08, DensityWeight 4.256220E-02, wHPWL 3.195549E+08, Overflow 9.142544E-02, MaxDensity 2.619E+00, gamma 1.048926E+01, time 1.188ms
[INFO   ] DREAMPlace - full step 8.582 ms
[INFO   ] DREAMPlace - optimizer step 7.424 ms
[INFO   ] DREAMPlace - iteration  422, ( 422,  0,  0), Obj 3.112778E+08, DensityWeight 4.506660E-02, wHPWL 3.195407E+08, Overflow 8.934654E-02, MaxDensity 2.673E+00, gamma 1.037117E+01, time 1.202ms
[INFO   ] DREAMPlace - full step 9.099 ms
[INFO   ] DREAMPlace - optimizer step 7.131 ms
[INFO   ] DREAMPlace - iteration  423, ( 423,  0,  0), Obj 3.113648E+08, DensityWeight 4.771836E-02, wHPWL 3.195258E+08, Overflow 8.746374E-02, MaxDensity 2.627E+00, gamma 1.026143E+01, time 1.882ms
[INFO   ] DREAMPlace - full step 9.482 ms
[INFO   ] DREAMPlace - optimizer step 7.384 ms
[INFO   ] DREAMPlace - iteration  424, ( 424,  0,  0), Obj 3.114432E+08, DensityWeight 5.052616E-02, wHPWL 3.195156E+08, Overflow 8.564154E-02, MaxDensity 2.522E+00, gamma 1.016304E+01, time 1.189ms
[INFO   ] DREAMPlace - full step 9.046 ms
[INFO   ] DREAMPlace - optimizer step 6.991 ms
[INFO   ] DREAMPlace - iteration  425, ( 425,  0,  0), Obj 3.115215E+08, DensityWeight 5.349917E-02, wHPWL 3.195027E+08, Overflow 8.388511E-02, MaxDensity 2.857E+00, gamma 1.006872E+01, time 1.200ms
[INFO   ] DREAMPlace - full step 8.657 ms
[INFO   ] DREAMPlace - optimizer step 6.923 ms
[INFO   ] DREAMPlace - iteration  426, ( 426,  0,  0), Obj 3.115948E+08, DensityWeight 5.664711E-02, wHPWL 3.194965E+08, Overflow 8.193116E-02, MaxDensity 2.308E+00, gamma 9.978640E+00, time 1.179ms
[INFO   ] DREAMPlace - full step 8.570 ms
[INFO   ] DREAMPlace - optimizer step 6.990 ms
[INFO   ] DREAMPlace - iteration  427, ( 427,  0,  0), Obj 3.116788E+08, DensityWeight 5.998028E-02, wHPWL 3.194932E+08, Overflow 8.024681E-02, MaxDensity 2.445E+00, gamma 9.879367E+00, time 1.201ms
[INFO   ] DREAMPlace - full step 8.661 ms
[INFO   ] DREAMPlace - optimizer step 7.277 ms
[INFO   ] DREAMPlace - iteration  428, ( 428,  0,  0), Obj 3.117545E+08, DensityWeight 6.350958E-02, wHPWL 3.194956E+08, Overflow 7.850166E-02, MaxDensity 2.743E+00, gamma 9.794588E+00, time 1.194ms
[INFO   ] DREAMPlace - full step 8.946 ms
[INFO   ] DREAMPlace - optimizer step 7.006 ms
[INFO   ] DREAMPlace - iteration  429, ( 429,  0,  0), Obj 3.118367E+08, DensityWeight 6.997310E-02, wHPWL 3.195031E+08, Overflow 7.680333E-02, MaxDensity 2.427E+00, gamma 9.707515E+00, time 1.218ms
[INFO   ] DREAMPlace - full step 8.689 ms
[INFO   ] DREAMPlace - optimizer step 6.935 ms
[INFO   ] DREAMPlace - iteration  430, ( 430,  0,  0), Obj 3.119194E+08, DensityWeight 7.698514E-02, wHPWL 3.195444E+08, Overflow 7.457502E-02, MaxDensity 2.361E+00, gamma 9.623522E+00, time 1.396ms
[INFO   ] DREAMPlace - full step 8.813 ms
[INFO   ] DREAMPlace - optimizer step 7.011 ms
[INFO   ] DREAMPlace - iteration  431, ( 431,  0,  0), Obj 3.120485E+08, DensityWeight 8.390263E-02, wHPWL 3.196001E+08, Overflow 7.222870E-02, MaxDensity 2.395E+00, gamma 9.514417E+00, time 3.280ms
[INFO   ] DREAMPlace - full step 10.772 ms
[INFO   ] DREAMPlace - optimizer step 7.351 ms
[INFO   ] DREAMPlace - iteration  432, ( 432,  0,  0), Obj 3.121913E+08, DensityWeight 9.107856E-02, wHPWL 3.196551E+08, Overflow 6.999520E-02, MaxDensity 2.320E+00, gamma 9.400870E+00, time 7.225ms
[INFO   ] DREAMPlace - full step 15.066 ms
[INFO   ] DREAMPlace - plotting to lambdaramp_results/s200/bigblue3/plot/iter0433.png takes 6.384 seconds
[INFO   ] DREAMPlace - Start macro legalization
[INFO   ] DREAMPlace - plotting to lambdaramp_results/s200/bigblue3/plot/iter0434.png takes 6.381 seconds
[INFO   ] DREAMPlace - optimizer nesterov takes 92.617 seconds
[INFO   ] DREAMPlace - Global placement: 2048x2048 bins by default
[INFO   ] DREAMPlace - 2048x2048 bins #bins 2048x2048, bin sizes 1.12671x1.13086, max_num_bins = 14, padding = 0
[INFO   ] dreamplace.ops.electric_potential.electric_potential - regard 0 cells as movable macros in global placement
[WARNING] DREAMPlace - quadratic density penalty is disabled, density weight update is forced to be based on HPWL
[INFO   ] DREAMPlace - Optimizer 'nesterov' does not rebuild the model. Every training epoch calls the function 'step()'.
[INFO   ] DREAMPlace - use nesterov optimizer
[INFO   ] dreamplace.ops.electric_potential.electric_potential - fixed density map: average 123.073, max 183.478, bin area 183.478
[INFO   ] DREAMPlace - nesterov initialization takes 0.0357864 seconds
[INFO   ] DREAMPlace - density_weight = 7.129120E-07
[INFO   ] DREAMPlace - optimizer step 7.385 ms
[INFO   ] DREAMPlace - iteration  434, (   0,  0,  0), Obj 1.370631E+08, DensityWeight 0.000000E+00, wHPWL 3.197037E+08, Overflow 6.808525E-02, MaxDensity 2.283E+00, gamma 1.083633E+03, time 20.157ms
[INFO   ] DREAMPlace - full step 31.600 ms
[INFO   ] DREAMPlace - optimizer step 7.695 ms
[INFO   ] DREAMPlace - iteration  435, (   1,  0,  0), Obj 3.124418E+08, DensityWeight 7.129120E-07, wHPWL 3.471999E+08, Overflow 2.503114E-01, MaxDensity 5.658E+00, gamma 9.203658E+00, time 1.215ms
[INFO   ] DREAMPlace - full step 9.390 ms
[INFO   ] DREAMPlace - optimizer step 7.202 ms
[INFO   ] DREAMPlace - iteration  436, (   2,  0,  0), Obj 3.282226E+08, DensityWeight 7.093518E-07, wHPWL 3.561547E+08, Overflow 2.821007E-01, MaxDensity 6.851E+00, gamma 2.338339E+01, time 1.213ms
[INFO   ] DREAMPlace - full step 8.891 ms
[INFO   ] DREAMPlace - optimizer step 7.125 ms
[INFO   ] DREAMPlace - iteration  437, (   3,  0,  0), Obj 3.299731E+08, DensityWeight 7.058094E-07, wHPWL 3.375959E+08, Overflow 3.109017E-01, MaxDensity 8.660E+00, gamma 2.751379E+01, time 1.186ms
[INFO   ] DREAMPlace - full step 8.761 ms
[INFO   ] DREAMPlace - optimizer step 7.038 ms
[INFO   ] DREAMPlace - iteration  438, (   4,  0,  0), Obj 3.100030E+08, DensityWeight 7.775325E-07, wHPWL 3.271615E+08, Overflow 3.353985E-01, MaxDensity 9.976E+00, gamma 3.188251E+01, time 1.197ms
[INFO   ] DREAMPlace - full step 8.676 ms
[INFO   ] DREAMPlace - optimizer step 7.008 ms
[INFO   ] DREAMPlace - iteration  439, (   5,  0,  0), Obj 3.009280E+08, DensityWeight 8.563728E-07, wHPWL 3.217147E+08, Overflow 3.547310E-01, MaxDensity 1.247E+01, gamma 3.614014E+01, time 1.195ms
[INFO   ] DREAMPlace - full step 8.642 ms
[INFO   ] DREAMPlace - plotting to lambdaramp_results/s200/bigblue3/plot/iter0440.png takes 6.347 seconds
[INFO   ] DREAMPlace - optimizer step 10.192 ms
[INFO   ] DREAMPlace - iteration  440, (   6,  0,  0), Obj 2.955517E+08, DensityWeight 9.430186E-07, wHPWL 3.186749E+08, Overflow 3.707273E-01, MaxDensity 1.611E+01, gamma 3.989800E+01, time 1.194ms
[INFO   ] DREAMPlace - full step 6362.284 ms
[INFO   ] DREAMPlace - optimizer step 14.068 ms
[INFO   ] DREAMPlace - iteration  441, (   7,  0,  0), Obj 2.919153E+08, DensityWeight 1.038223E-06, wHPWL 3.171251E+08, Overflow 3.856403E-01, MaxDensity 2.122E+01, gamma 4.330104E+01, time 1.276ms
[INFO   ] DREAMPlace - full step 16.042 ms
[INFO   ] DREAMPlace - optimizer step 7.575 ms
[INFO   ] DREAMPlace - iteration  442, (   8,  0,  0), Obj 2.887324E+08, DensityWeight 1.142811E-06, wHPWL 3.157967E+08, Overflow 4.022891E-01, MaxDensity 2.512E+01, gamma 4.673460E+01, time 8.672ms
[INFO   ] DREAMPlace - full step 16.730 ms
[INFO   ] DREAMPlace - optimizer step 7.432 ms
[INFO   ] DREAMPlace - iteration  443, (   9,  0,  0), Obj 2.853563E+08, DensityWeight 1.257683E-06, wHPWL 3.150254E+08, Overflow 4.191285E-01, MaxDensity 3.357E+01, gamma 5.089039E+01, time 1.206ms
[INFO   ] DREAMPlace - full step 9.095 ms
[INFO   ] DREAMPlace - optimizer step 9.815 ms
[INFO   ] DREAMPlace - iteration  444, (  10,  0,  0), Obj 2.820960E+08, DensityWeight 1.383825E-06, wHPWL 3.140422E+08, Overflow 4.344088E-01, MaxDensity 4.757E+01, gamma 5.546980E+01, time 1.226ms
[INFO   ] DREAMPlace - full step 11.487 ms
[INFO   ] DREAMPlace - optimizer step 11.429 ms
[INFO   ] DREAMPlace - iteration  445, (  11,  0,  0), Obj 2.791843E+08, DensityWeight 1.522314E-06, wHPWL 3.130872E+08, Overflow 4.485974E-01, MaxDensity 5.058E+01, gamma 5.998088E+01, time 1.189ms
[INFO   ] DREAMPlace - full step 13.062 ms
[INFO   ] DREAMPlace - optimizer step 7.007 ms
[INFO   ] DREAMPlace - iteration  446, (  12,  0,  0), Obj 2.764352E+08, DensityWeight 1.674328E-06, wHPWL 3.123613E+08, Overflow 4.613703E-01, MaxDensity 6.114E+01, gamma 6.449752E+01, time 1.196ms
[INFO   ] DREAMPlace - full step 8.632 ms
[INFO   ] DREAMPlace - optimizer step 13.578 ms
[INFO   ] DREAMPlace - iteration  447, (  13,  0,  0), Obj 2.738757E+08, DensityWeight 1.841153E-06, wHPWL 3.119353E+08, Overflow 4.737788E-01, MaxDensity 6.294E+01, gamma 6.885369E+01, time 1.195ms
[INFO   ] DREAMPlace - full step 15.215 ms
[INFO   ] DREAMPlace - optimizer step 6.980 ms
[INFO   ] DREAMPlace - iteration  448, (  14,  0,  0), Obj 2.712625E+08, DensityWeight 2.024196E-06, wHPWL 3.115759E+08, Overflow 4.854325E-01, MaxDensity 6.511E+01, gamma 7.336716E+01, time 1.199ms
[INFO   ] DREAMPlace - full step 8.642 ms
[INFO   ] DREAMPlace - optimizer step 7.029 ms
[INFO   ] DREAMPlace - iteration  449, (  15,  0,  0), Obj 2.686419E+08, DensityWeight 2.224990E-06, wHPWL 3.112413E+08, Overflow 4.963374E-01, MaxDensity 7.978E+01, gamma 7.787514E+01, time 1.180ms
[INFO   ] DREAMPlace - full step 8.655 ms
[INFO   ] DREAMPlace - optimizer step 7.004 ms
[INFO   ] DREAMPlace - iteration  450, (  16,  0,  0), Obj 2.661131E+08, DensityWeight 2.445214E-06, wHPWL 3.107646E+08, Overflow 5.062830E-01, MaxDensity 8.970E+01, gamma 8.234399E+01, time 1.191ms
[INFO   ] DREAMPlace - full step 8.643 ms
[INFO   ] DREAMPlace - optimizer step 7.514 ms
[INFO   ] DREAMPlace - iteration  451, (  17,  0,  0), Obj 2.636856E+08, DensityWeight 2.686698E-06, wHPWL 3.103665E+08, Overflow 5.156025E-01, MaxDensity 9.171E+01, gamma 8.664297E+01, time 1.194ms
[INFO   ] DREAMPlace - full step 9.156 ms
[INFO   ] DREAMPlace - optimizer step 37.187 ms
[INFO   ] DREAMPlace - iteration  452, (  18,  0,  0), Obj 2.613145E+08, DensityWeight 2.951439E-06, wHPWL 3.100063E+08, Overflow 5.244847E-01, MaxDensity 1.080E+02, gamma 9.087478E+01, time 1.193ms
[INFO   ] DREAMPlace - full step 38.828 ms
[INFO   ] DREAMPlace - optimizer step 7.071 ms
[INFO   ] DREAMPlace - iteration  453, (  19,  0,  0), Obj 2.589306E+08, DensityWeight 3.241620E-06, wHPWL 3.096977E+08, Overflow 5.331014E-01, MaxDensity 1.025E+02, gamma 9.510020E+01, time 1.198ms
[INFO   ] DREAMPlace - full step 8.733 ms
[INFO   ] DREAMPlace - optimizer step 7.012 ms
[INFO   ] DREAMPlace - iteration  454, (  20,  0,  0), Obj 2.565175E+08, DensityWeight 3.559618E-06, wHPWL 3.093411E+08, Overflow 5.410689E-01, MaxDensity 9.144E+01, gamma 9.938701E+01, time 1.209ms
[INFO   ] DREAMPlace - full step 8.661 ms
[INFO   ] DREAMPlace - optimizer step 6.967 ms
[INFO   ] DREAMPlace - iteration  455, (  21,  0,  0), Obj 2.541787E+08, DensityWeight 3.908030E-06, wHPWL 3.089526E+08, Overflow 5.485028E-01, MaxDensity 1.049E+02, gamma 1.035226E+02, time 1.208ms
[INFO   ] DREAMPlace - full step 8.609 ms
[INFO   ] DREAMPlace - optimizer step 6.988 ms
[INFO   ] DREAMPlace - iteration  456, (  22,  0,  0), Obj 2.519032E+08, DensityWeight 4.289686E-06, wHPWL 3.085635E+08, Overflow 5.552940E-01, MaxDensity 9.860E+01, gamma 1.075363E+02, time 1.194ms
[INFO   ] DREAMPlace - full step 8.648 ms
[INFO   ] DREAMPlace - optimizer step 7.049 ms
[INFO   ] DREAMPlace - iteration  457, (  23,  0,  0), Obj 2.497081E+08, DensityWeight 4.707672E-06, wHPWL 3.082153E+08, Overflow 5.617123E-01, MaxDensity 7.366E+01, gamma 1.113388E+02, time 1.207ms
[INFO   ] DREAMPlace - full step 8.711 ms
[INFO   ] DREAMPlace - optimizer step 6.990 ms
[INFO   ] DREAMPlace - iteration  458, (  24,  0,  0), Obj 2.475404E+08, DensityWeight 5.165354E-06, wHPWL 3.078644E+08, Overflow 5.678686E-01, MaxDensity 8.247E+01, gamma 1.150561E+02, time 1.176ms
[INFO   ] DREAMPlace - full step 8.605 ms
[INFO   ] DREAMPlace - optimizer step 6.989 ms
[INFO   ] DREAMPlace - iteration  459, (  25,  0,  0), Obj 2.453923E+08, DensityWeight 5.666398E-06, wHPWL 3.074904E+08, Overflow 5.735770E-01, MaxDensity 8.602E+01, gamma 1.187381E+02, time 1.194ms
[INFO   ] DREAMPlace - full step 8.626 ms
[INFO   ] DREAMPlace - optimizer step 8.955 ms
[INFO   ] DREAMPlace - iteration  460, (  26,  0,  0), Obj 2.433197E+08, DensityWeight 6.214801E-06, wHPWL 3.070783E+08, Overflow 5.785060E-01, MaxDensity 8.160E+01, gamma 1.222576E+02, time 1.206ms
[INFO   ] DREAMPlace - full step 10.599 ms
[INFO   ] DREAMPlace - optimizer step 6.930 ms
[INFO   ] DREAMPlace - iteration  461, (  27,  0,  0), Obj 2.413869E+08, DensityWeight 6.814917E-06, wHPWL 3.066741E+08, Overflow 5.834173E-01, MaxDensity 7.589E+01, gamma 1.253801E+02, time 1.191ms
[INFO   ] DREAMPlace - full step 8.569 ms
[INFO   ] DREAMPlace - optimizer step 7.007 ms
[INFO   ] DREAMPlace - iteration  462, (  28,  0,  0), Obj 2.394663E+08, DensityWeight 7.471486E-06, wHPWL 3.062680E+08, Overflow 5.871717E-01, MaxDensity 6.706E+01, gamma 1.285710E+02, time 1.204ms
[INFO   ] DREAMPlace - full step 8.646 ms
[INFO   ] DREAMPlace - optimizer step 7.017 ms
[INFO   ] DREAMPlace - iteration  463, (  29,  0,  0), Obj 2.377586E+08, DensityWeight 8.189673E-06, wHPWL 3.058742E+08, Overflow 5.908061E-01, MaxDensity 6.016E+01, gamma 1.310648E+02, time 1.240ms
[INFO   ] DREAMPlace - full step 8.707 ms
[INFO   ] DREAMPlace - optimizer step 21.782 ms
[INFO   ] DREAMPlace - iteration  464, (  30,  0,  0), Obj 2.360911E+08, DensityWeight 8.975099E-06, wHPWL 3.054430E+08, Overflow 5.939802E-01, MaxDensity 5.746E+01, gamma 1.335249E+02, time 12.388ms
[INFO   ] DREAMPlace - full step 34.622 ms
[INFO   ] DREAMPlace - optimizer step 23.028 ms
[INFO   ] DREAMPlace - iteration  465, (  31,  0,  0), Obj 2.345379E+08, DensityWeight 9.833885E-06, wHPWL 3.050036E+08, Overflow 5.968241E-01, MaxDensity 5.486E+01, gamma 1.357113E+02, time 1.194ms
[INFO   ] DREAMPlace - full step 24.687 ms
[INFO   ] DREAMPlace - optimizer step 36.197 ms
[INFO   ] DREAMPlace - iteration  466, (  32,  0,  0), Obj 2.330778E+08, DensityWeight 1.077269E-05, wHPWL 3.045704E+08, Overflow 5.989366E-01, MaxDensity 5.547E+01, gamma 1.377006E+02, time 7.899ms
[INFO   ] DREAMPlace - full step 44.593 ms
[INFO   ] DREAMPlace - optimizer step 7.229 ms
[INFO   ] DREAMPlace - iteration  467, (  33,  0,  0), Obj 2.317861E+08, DensityWeight 1.179876E-05, wHPWL 3.041634E+08, Overflow 6.012447E-01, MaxDensity 5.462E+01, gamma 1.391971E+02, time 1.237ms
[INFO   ] DREAMPlace - full step 8.988 ms
[INFO   ] DREAMPlace - optimizer step 7.136 ms
[INFO   ] DREAMPlace - iteration  468, (  34,  0,  0), Obj 2.304906E+08, DensityWeight 1.291997E-05, wHPWL 3.037688E+08, Overflow 6.028265E-01, MaxDensity 5.189E+01, gamma 1.408507E+02, time 1.232ms
[INFO   ] DREAMPlace - full step 8.852 ms
[INFO   ] DREAMPlace - optimizer step 7.048 ms
[INFO   ] DREAMPlace - iteration  469, (  35,  0,  0), Obj 2.293696E+08, DensityWeight 1.414490E-05, wHPWL 3.034062E+08, Overflow 6.037480E-01, MaxDensity 4.838E+01, gamma 1.419954E+02, time 1.215ms
[INFO   ] DREAMPlace - full step 8.727 ms
[INFO   ] DREAMPlace - optimizer step 7.105 ms
[INFO   ] DREAMPlace - iteration  470, (  36,  0,  0), Obj 2.284157E+08, DensityWeight 1.548287E-05, wHPWL 3.030620E+08, Overflow 6.043137E-01, MaxDensity 4.590E+01, gamma 1.426665E+02, time 1.199ms
[INFO   ] DREAMPlace - full step 8.771 ms
[INFO   ] DREAMPlace - optimizer step 10.557 ms
[INFO   ] DREAMPlace - iteration  471, (  37,  0,  0), Obj 2.275740E+08, DensityWeight 1.694400E-05, wHPWL 3.027414E+08, Overflow 6.043258E-01, MaxDensity 4.375E+01, gamma 1.430801E+02, time 1.222ms
[INFO   ] DREAMPlace - full step 12.228 ms
[INFO   ] DREAMPlace - optimizer step 17.345 ms
[INFO   ] DREAMPlace - iteration  472, (  38,  0,  0), Obj 2.268852E+08, DensityWeight 1.853932E-05, wHPWL 3.024531E+08, Overflow 6.038822E-01, MaxDensity 3.975E+01, gamma 1.430890E+02, time 3.106ms
[INFO   ] DREAMPlace - full step 20.892 ms
[INFO   ] DREAMPlace - optimizer step 7.436 ms
[INFO   ] DREAMPlace - iteration  473, (  39,  0,  0), Obj 2.263322E+08, DensityWeight 2.028078E-05, wHPWL 3.021972E+08, Overflow 6.030142E-01, MaxDensity 3.799E+01, gamma 1.427645E+02, time 1.231ms
[INFO   ] DREAMPlace - full step 9.112 ms
[INFO   ] DREAMPlace - optimizer step 7.072 ms
[INFO   ] DREAMPlace - iteration  474, (  40,  0,  0), Obj 2.259128E+08, DensityWeight 2.218139E-05, wHPWL 3.019692E+08, Overflow 6.016348E-01, MaxDensity 3.546E+01, gamma 1.421318E+02, time 1.167ms
[INFO   ] DREAMPlace - full step 8.688 ms
[INFO   ] DREAMPlace - optimizer step 7.018 ms
[INFO   ] DREAMPlace - iteration  475, (  41,  0,  0), Obj 2.256472E+08, DensityWeight 2.425526E-05, wHPWL 3.017707E+08, Overflow 5.997224E-01, MaxDensity 3.386E+01, gamma 1.411322E+02, time 1.188ms
[INFO   ] DREAMPlace - full step 8.637 ms
[INFO   ] DREAMPlace - optimizer step 7.782 ms
[INFO   ] DREAMPlace - iteration  476, (  42,  0,  0), Obj 2.255419E+08, DensityWeight 2.651773E-05, wHPWL 3.015975E+08, Overflow 5.971953E-01, MaxDensity 3.007E+01, gamma 1.397579E+02, time 1.231ms
[INFO   ] DREAMPlace - full step 9.445 ms
[INFO   ] DREAMPlace - optimizer step 17.882 ms
[INFO   ] DREAMPlace - iteration  477, (  43,  0,  0), Obj 2.256162E+08, DensityWeight 2.898543E-05, wHPWL 3.014513E+08, Overflow 5.942348E-01, MaxDensity 2.904E+01, gamma 1.379624E+02, time 10.354ms
[INFO   ] DREAMPlace - full step 28.706 ms
[INFO   ] DREAMPlace - optimizer step 7.437 ms
[INFO   ] DREAMPlace - iteration  478, (  44,  0,  0), Obj 2.258362E+08, DensityWeight 3.167644E-05, wHPWL 3.013266E+08, Overflow 5.908970E-01, MaxDensity 2.568E+01, gamma 1.358882E+02, time 1.584ms
[INFO   ] DREAMPlace - full step 9.482 ms
[INFO   ] DREAMPlace - optimizer step 7.085 ms
[INFO   ] DREAMPlace - iteration  479, (  45,  0,  0), Obj 2.261915E+08, DensityWeight 3.461036E-05, wHPWL 3.012269E+08, Overflow 5.868418E-01, MaxDensity 2.548E+01, gamma 1.335870E+02, time 1.267ms
[INFO   ] DREAMPlace - full step 8.824 ms
[INFO   ] DREAMPlace - plotting to lambdaramp_results/s200/bigblue3/plot/iter0480.png takes 6.382 seconds
[INFO   ] DREAMPlace - optimizer step 34.288 ms
[INFO   ] DREAMPlace - iteration  480, (  46,  0,  0), Obj 2.267525E+08, DensityWeight 3.780847E-05, wHPWL 3.011555E+08, Overflow 5.824810E-01, MaxDensity 2.388E+01, gamma 1.308437E+02, time 1.215ms
[INFO   ] DREAMPlace - full step 6424.673 ms
[INFO   ] DREAMPlace - optimizer step 20.294 ms
[INFO   ] DREAMPlace - iteration  481, (  47,  0,  0), Obj 2.274369E+08, DensityWeight 4.129382E-05, wHPWL 3.011061E+08, Overflow 5.775348E-01, MaxDensity 2.239E+01, gamma 1.279565E+02, time 10.109ms
[INFO   ] DREAMPlace - full step 31.073 ms
[INFO   ] DREAMPlace - optimizer step 17.088 ms
[INFO   ] DREAMPlace - iteration  482, (  48,  0,  0), Obj 2.283013E+08, DensityWeight 4.509146E-05, wHPWL 3.010869E+08, Overflow 5.718127E-01, MaxDensity 2.202E+01, gamma 1.247586E+02, time 1.244ms
[INFO   ] DREAMPlace - full step 18.927 ms
[INFO   ] DREAMPlace - optimizer step 16.423 ms
[INFO   ] DREAMPlace - iteration  483, (  49,  0,  0), Obj 2.293848E+08, DensityWeight 4.922850E-05, wHPWL 3.010945E+08, Overflow 5.657444E-01, MaxDensity 2.323E+01, gamma 1.211588E+02, time 3.360ms
[INFO   ] DREAMPlace - full step 20.334 ms
[INFO   ] DREAMPlace - optimizer step 7.229 ms
[INFO   ] DREAMPlace - iteration  484, (  50,  0,  0), Obj 2.305997E+08, DensityWeight 5.416026E-05, wHPWL 3.011174E+08, Overflow 5.596486E-01, MaxDensity 2.331E+01, gamma 1.174545E+02, time 2.636ms
[INFO   ] DREAMPlace - full step 10.396 ms
[INFO   ] DREAMPlace - optimizer step 9.827 ms
[INFO   ] DREAMPlace - iteration  485, (  51,  0,  0), Obj 2.318791E+08, DensityWeight 5.933147E-05, wHPWL 3.011737E+08, Overflow 5.532892E-01, MaxDensity 2.262E+01, gamma 1.138475E+02, time 1.231ms
[INFO   ] DREAMPlace - full step 11.554 ms
[INFO   ] DREAMPlace - optimizer step 25.478 ms
[INFO   ] DREAMPlace - iteration  486, (  52,  0,  0), Obj 2.332726E+08, DensityWeight 6.439441E-05, wHPWL 3.012701E+08, Overflow 5.466495E-01, MaxDensity 2.177E+01, gamma 1.102025E+02, time 11.395ms
[INFO   ] DREAMPlace - full step 37.420 ms
[INFO   ] DREAMPlace - optimizer step 27.850 ms
[INFO   ] DREAMPlace - iteration  487, (  53,  0,  0), Obj 2.347814E+08, DensityWeight 6.911124E-05, wHPWL 3.013938E+08, Overflow 5.397171E-01, MaxDensity 2.101E+01, gamma 1.065213E+02, time 5.836ms
[INFO   ] DREAMPlace - full step 34.277 ms
[INFO   ] DREAMPlace - optimizer step 7.184 ms
[INFO   ] DREAMPlace - iteration  488, (  54,  0,  0), Obj 2.363986E+08, DensityWeight 7.361320E-05, wHPWL 3.015192E+08, Overflow 5.333978E-01, MaxDensity 2.035E+01, gamma 1.028090E+02, time 1.232ms
[INFO   ] DREAMPlace - full step 8.965 ms
[INFO   ] DREAMPlace - optimizer step 7.242 ms
[INFO   ] DREAMPlace - iteration  489, (  55,  0,  0), Obj 2.379350E+08, DensityWeight 7.836926E-05, wHPWL 3.016277E+08, Overflow 5.269263E-01, MaxDensity 1.959E+01, gamma 9.953789E+01, time 1.220ms
[INFO   ] DREAMPlace - full step 8.964 ms
[INFO   ] DREAMPlace - optimizer step 7.329 ms
[INFO   ] DREAMPlace - iteration  490, (  56,  0,  0), Obj 2.395238E+08, DensityWeight 8.382804E-05, wHPWL 3.017473E+08, Overflow 5.210798E-01, MaxDensity 1.869E+01, gamma 9.629576E+01, time 1.198ms
[INFO   ] DREAMPlace - full step 9.016 ms
[INFO   ] DREAMPlace - optimizer step 7.331 ms
[INFO   ] DREAMPlace - iteration  491, (  57,  0,  0), Obj 2.410171E+08, DensityWeight 8.939069E-05, wHPWL 3.018807E+08, Overflow 5.151238E-01, MaxDensity 1.764E+01, gamma 9.345767E+01, time 1.199ms
[INFO   ] DREAMPlace - full step 9.033 ms
[INFO   ] DREAMPlace - optimizer step 7.351 ms
[INFO   ] DREAMPlace - iteration  492, (  58,  0,  0), Obj 2.425510E+08, DensityWeight 9.495494E-05, wHPWL 3.020438E+08, Overflow 5.095053E-01, MaxDensity 1.721E+01, gamma 9.065246E+01, time 1.198ms
[INFO   ] DREAMPlace - full step 9.008 ms
[INFO   ] DREAMPlace - optimizer step 7.117 ms
[INFO   ] DREAMPlace - iteration  493, (  59,  0,  0), Obj 2.440400E+08, DensityWeight 1.000321E-04, wHPWL 3.022157E+08, Overflow 5.041072E-01, MaxDensity 1.707E+01, gamma 8.808336E+01, time 1.211ms
[INFO   ] DREAMPlace - full step 8.777 ms
[INFO   ] DREAMPlace - optimizer step 14.122 ms
[INFO   ] DREAMPlace - iteration  494, (  60,  0,  0), Obj 2.454952E+08, DensityWeight 1.051244E-04, wHPWL 3.023912E+08, Overflow 4.993371E-01, MaxDensity 1.658E+01, gamma 8.568369E+01, time 5.347ms
[INFO   ] DREAMPlace - full step 19.932 ms
[INFO   ] DREAMPlace - optimizer step 7.362 ms
[INFO   ] DREAMPlace - iteration  495, (  61,  0,  0), Obj 2.468376E+08, DensityWeight 1.103656E-04, wHPWL 3.025681E+08, Overflow 4.949751E-01, MaxDensity 1.540E+01, gamma 8.361764E+01, time 1.206ms
[INFO   ] DREAMPlace - full step 9.028 ms
[INFO   ] DREAMPlace - optimizer step 7.410 ms
[INFO   ] DREAMPlace - iteration  496, (  62,  0,  0), Obj 2.481017E+08, DensityWeight 1.158237E-04, wHPWL 3.027587E+08, Overflow 4.908482E-01, MaxDensity 1.516E+01, gamma 8.177198E+01, time 1.226ms
[INFO   ] DREAMPlace - full step 9.095 ms
[INFO   ] DREAMPlace - optimizer step 7.329 ms
[INFO   ] DREAMPlace - iteration  497, (  63,  0,  0), Obj 2.493163E+08, DensityWeight 1.210873E-04, wHPWL 3.029663E+08, Overflow 4.870456E-01, MaxDensity 1.489E+01, gamma 8.006334E+01, time 1.202ms
[INFO   ] DREAMPlace - full step 8.980 ms
[INFO   ] DREAMPlace - optimizer step 7.153 ms
[INFO   ] DREAMPlace - iteration  498, (  64,  0,  0), Obj 2.504641E+08, DensityWeight 1.259897E-04, wHPWL 3.031800E+08, Overflow 4.835635E-01, MaxDensity 1.580E+01, gamma 7.852058E+01, time 1.196ms
[INFO   ] DREAMPlace - full step 8.808 ms
[INFO   ] DREAMPlace - optimizer step 7.311 ms
[INFO   ] DREAMPlace - iteration  499, (  65,  0,  0), Obj 2.515397E+08, DensityWeight 1.308696E-04, wHPWL 3.033956E+08, Overflow 4.797986E-01, MaxDensity 1.688E+01, gamma 7.713394E+01, time 1.247ms
[INFO   ] DREAMPlace - full step 9.008 ms
[INFO   ] DREAMPlace - optimizer step 7.371 ms
[INFO   ] DREAMPlace - iteration  500, (  66,  0,  0), Obj 2.526329E+08, DensityWeight 1.358670E-04, wHPWL 3.036121E+08, Overflow 4.761021E-01, MaxDensity 1.688E+01, gamma 7.566222E+01, time 1.214ms
[INFO   ] DREAMPlace - full step 9.036 ms
[INFO   ] DREAMPlace - optimizer step 7.334 ms
[INFO   ] DREAMPlace - iteration  501, (  67,  0,  0), Obj 2.536854E+08, DensityWeight 1.410213E-04, wHPWL 3.038113E+08, Overflow 4.725683E-01, MaxDensity 1.456E+01, gamma 7.424454E+01, time 1.209ms
[INFO   ] DREAMPlace - full step 8.987 ms
[INFO   ] DREAMPlace - optimizer step 7.339 ms
[INFO   ] DREAMPlace - iteration  502, (  68,  0,  0), Obj 2.546795E+08, DensityWeight 1.470754E-04, wHPWL 3.039890E+08, Overflow 4.693826E-01, MaxDensity 1.531E+01, gamma 7.291414E+01, time 1.208ms
[INFO   ] DREAMPlace - full step 9.003 ms
[INFO   ] DREAMPlace - optimizer step 7.360 ms
[INFO   ] DREAMPlace - iteration  503, (  69,  0,  0), Obj 2.555861E+08, DensityWeight 1.543131E-04, wHPWL 3.041537E+08, Overflow 4.660381E-01, MaxDensity 1.587E+01, gamma 7.173521E+01, time 1.197ms
[INFO   ] DREAMPlace - full step 9.020 ms
[INFO   ] DREAMPlace - optimizer step 7.364 ms
[INFO   ] DREAMPlace - iteration  504, (  70,  0,  0), Obj 2.564817E+08, DensityWeight 1.624945E-04, wHPWL 3.043210E+08, Overflow 4.630293E-01, MaxDensity 1.580E+01, gamma 7.051804E+01, time 1.201ms
[INFO   ] DREAMPlace - full step 9.030 ms
[INFO   ] DREAMPlace - optimizer step 17.888 ms
[INFO   ] DREAMPlace - iteration  505, (  71,  0,  0), Obj 2.572985E+08, DensityWeight 1.709876E-04, wHPWL 3.044847E+08, Overflow 4.596611E-01, MaxDensity 1.591E+01, gamma 6.944069E+01, time 1.210ms
[INFO   ] DREAMPlace - full step 19.573 ms
[INFO   ] DREAMPlace - optimizer step 8.220 ms
[INFO   ] DREAMPlace - iteration  506, (  72,  0,  0), Obj 2.581382E+08, DensityWeight 1.801029E-04, wHPWL 3.046483E+08, Overflow 4.561358E-01, MaxDensity 1.371E+01, gamma 6.825415E+01, time 1.221ms
[INFO   ] DREAMPlace - full step 9.924 ms
[INFO   ] DREAMPlace - optimizer step 7.277 ms
[INFO   ] DREAMPlace - iteration  507, (  73,  0,  0), Obj 2.589716E+08, DensityWeight 1.897075E-04, wHPWL 3.048006E+08, Overflow 4.525276E-01, MaxDensity 1.489E+01, gamma 6.703399E+01, time 1.199ms
[INFO   ] DREAMPlace - full step 8.947 ms
[INFO   ] DREAMPlace - optimizer step 7.285 ms
[INFO   ] DREAMPlace - iteration  508, (  74,  0,  0), Obj 2.597886E+08, DensityWeight 2.004563E-04, wHPWL 3.049401E+08, Overflow 4.488306E-01, MaxDensity 1.623E+01, gamma 6.580772E+01, time 1.209ms
[INFO   ] DREAMPlace - full step 8.950 ms
[INFO   ] DREAMPlace - optimizer step 7.646 ms
[INFO   ] DREAMPlace - iteration  509, (  75,  0,  0), Obj 2.605918E+08, DensityWeight 2.125772E-04, wHPWL 3.050706E+08, Overflow 4.446433E-01, MaxDensity 1.494E+01, gamma 6.457452E+01, time 1.205ms
[INFO   ] DREAMPlace - full step 9.295 ms
[INFO   ] DREAMPlace - optimizer step 7.227 ms
[INFO   ] DREAMPlace - iteration  510, (  76,  0,  0), Obj 2.614374E+08, DensityWeight 2.259887E-04, wHPWL 3.051938E+08, Overflow 4.406883E-01, MaxDensity 1.249E+01, gamma 6.320570E+01, time 1.204ms
[INFO   ] DREAMPlace - full step 8.884 ms
[INFO   ] DREAMPlace - optimizer step 7.335 ms
[INFO   ] DREAMPlace - iteration  511, (  77,  0,  0), Obj 2.622317E+08, DensityWeight 2.407441E-04, wHPWL 3.053035E+08, Overflow 4.360149E-01, MaxDensity 1.350E+01, gamma 6.193945E+01, time 1.209ms
[INFO   ] DREAMPlace - full step 8.990 ms
[INFO   ] DREAMPlace - optimizer step 7.315 ms
[INFO   ] DREAMPlace - iteration  512, (  78,  0,  0), Obj 2.631036E+08, DensityWeight 2.574258E-04, wHPWL 3.054139E+08, Overflow 4.312630E-01, MaxDensity 1.378E+01, gamma 6.047583E+01, time 1.207ms
[INFO   ] DREAMPlace - full step 8.978 ms
[INFO   ] DREAMPlace - optimizer step 7.112 ms
[INFO   ] DREAMPlace - iteration  513, (  79,  0,  0), Obj 2.639716E+08, DensityWeight 2.752069E-04, wHPWL 3.055109E+08, Overflow 4.261989E-01, MaxDensity 1.265E+01, gamma 5.902313E+01, time 1.199ms
[INFO   ] DREAMPlace - full step 8.766 ms
[INFO   ] DREAMPlace - optimizer step 7.282 ms
[INFO   ] DREAMPlace - iteration  514, (  80,  0,  0), Obj 2.648669E+08, DensityWeight 2.953181E-04, wHPWL 3.055982E+08, Overflow 4.208043E-01, MaxDensity 1.166E+01, gamma 5.751334E+01, time 2.177ms
[INFO   ] DREAMPlace - full step 9.908 ms
[INFO   ] DREAMPlace - optimizer step 7.341 ms
[INFO   ] DREAMPlace - iteration  515, (  81,  0,  0), Obj 2.657918E+08, DensityWeight 3.177624E-04, wHPWL 3.056795E+08, Overflow 4.151516E-01, MaxDensity 1.077E+01, gamma 5.594748E+01, time 1.194ms
[INFO   ] DREAMPlace - full step 8.991 ms
[INFO   ] DREAMPlace - optimizer step 7.378 ms
[INFO   ] DREAMPlace - iteration  516, (  82,  0,  0), Obj 2.667384E+08, DensityWeight 3.424804E-04, wHPWL 3.057535E+08, Overflow 4.091454E-01, MaxDensity 1.053E+01, gamma 5.435245E+01, time 1.204ms
[INFO   ] DREAMPlace - full step 9.022 ms
[INFO   ] DREAMPlace - optimizer step 7.863 ms
[INFO   ] DREAMPlace - iteration  517, (  83,  0,  0), Obj 2.677195E+08, DensityWeight 3.698727E-04, wHPWL 3.058255E+08, Overflow 4.029538E-01, MaxDensity 1.091E+01, gamma 5.270744E+01, time 9.210ms
[INFO   ] DREAMPlace - full step 17.531 ms
[INFO   ] DREAMPlace - optimizer step 7.267 ms
[INFO   ] DREAMPlace - iteration  518, (  84,  0,  0), Obj 2.687137E+08, DensityWeight 3.996769E-04, wHPWL 3.058917E+08, Overflow 3.967907E-01, MaxDensity 1.063E+01, gamma 5.106377E+01, time 1.214ms
[INFO   ] DREAMPlace - full step 8.936 ms
[INFO   ] DREAMPlace - optimizer step 7.154 ms
[INFO   ] DREAMPlace - iteration  519, (  85,  0,  0), Obj 2.696972E+08, DensityWeight 4.325884E-04, wHPWL 3.059583E+08, Overflow 3.903028E-01, MaxDensity 9.952E+00, gamma 4.947857E+01, time 1.198ms
[INFO   ] DREAMPlace - full step 8.800 ms
[INFO   ] DREAMPlace - plotting to lambdaramp_results/s200/bigblue3/plot/iter0520.png takes 6.345 seconds
[INFO   ] DREAMPlace - optimizer step 8.955 ms
[INFO   ] DREAMPlace - iteration  520, (  86,  0,  0), Obj 2.707124E+08, DensityWeight 4.681599E-04, wHPWL 3.060307E+08, Overflow 3.836609E-01, MaxDensity 9.293E+00, gamma 4.786294E+01, time 1.195ms
[INFO   ] DREAMPlace - full step 6358.699 ms
[INFO   ] DREAMPlace - optimizer step 7.119 ms
[INFO   ] DREAMPlace - iteration  521, (  87,  0,  0), Obj 2.717388E+08, DensityWeight 5.058345E-04, wHPWL 3.061052E+08, Overflow 3.767728E-01, MaxDensity 9.031E+00, gamma 4.626363E+01, time 1.272ms
[INFO   ] DREAMPlace - full step 9.091 ms
[INFO   ] DREAMPlace - optimizer step 7.073 ms
[INFO   ] DREAMPlace - iteration  522, (  88,  0,  0), Obj 2.727839E+08, DensityWeight 5.462142E-04, wHPWL 3.061791E+08, Overflow 3.701946E-01, MaxDensity 9.457E+00, gamma 4.466144E+01, time 1.203ms
[INFO   ] DREAMPlace - full step 8.770 ms
[INFO   ] DREAMPlace - optimizer step 7.099 ms
[INFO   ] DREAMPlace - iteration  523, (  89,  0,  0), Obj 2.737840E+08, DensityWeight 5.899122E-04, wHPWL 3.062500E+08, Overflow 3.639123E-01, MaxDensity 8.639E+00, gamma 4.318319E+01, time 1.212ms
[INFO   ] DREAMPlace - full step 8.841 ms
[INFO   ] DREAMPlace - optimizer step 7.088 ms
[INFO   ] DREAMPlace - iteration  524, (  90,  0,  0), Obj 2.747399E+08, DensityWeight 6.376574E-04, wHPWL 3.063285E+08, Overflow 3.577590E-01, MaxDensity 7.727E+00, gamma 4.181709E+01, time 1.238ms
[INFO   ] DREAMPlace - full step 8.791 ms
[INFO   ] DREAMPlace - optimizer step 20.112 ms
[INFO   ] DREAMPlace - iteration  525, (  91,  0,  0), Obj 2.756723E+08, DensityWeight 6.877867E-04, wHPWL 3.064202E+08, Overflow 3.518192E-01, MaxDensity 8.849E+00, gamma 4.052099E+01, time 1.219ms
[INFO   ] DREAMPlace - full step 21.809 ms
[INFO   ] DREAMPlace - optimizer step 7.054 ms
[INFO   ] DREAMPlace - iteration  526, (  92,  0,  0), Obj 2.765717E+08, DensityWeight 7.391484E-04, wHPWL 3.065185E+08, Overflow 3.458384E-01, MaxDensity 7.928E+00, gamma 3.930794E+01, time 1.210ms
[INFO   ] DREAMPlace - full step 8.768 ms
[INFO   ] DREAMPlace - optimizer step 7.018 ms
[INFO   ] DREAMPlace - iteration  527, (  93,  0,  0), Obj 2.774617E+08, DensityWeight 7.928800E-04, wHPWL 3.066238E+08, Overflow 3.399531E-01, MaxDensity 7.457E+00, gamma 3.812323E+01, time 1.229ms
[INFO   ] DREAMPlace - full step 8.721 ms
[INFO   ] DREAMPlace - optimizer step 7.015 ms
[INFO   ] DREAMPlace - iteration  528, (  94,  0,  0), Obj 2.783228E+08, DensityWeight 8.488647E-04, wHPWL 3.067209E+08, Overflow 3.340865E-01, MaxDensity 7.076E+00, gamma 3.699229E+01, time 1.221ms
[INFO   ] DREAMPlace - full step 8.699 ms
[INFO   ] DREAMPlace - optimizer step 7.034 ms
[INFO   ] DREAMPlace - iteration  529, (  95,  0,  0), Obj 2.791583E+08, DensityWeight 9.108806E-04, wHPWL 3.068125E+08, Overflow 3.284961E-01, MaxDensity 7.579E+00, gamma 3.589834E+01, time 1.220ms
[INFO   ] DREAMPlace - full step 8.713 ms
[INFO   ] DREAMPlace - optimizer step 7.051 ms
[INFO   ] DREAMPlace - iteration  530, (  96,  0,  0), Obj 2.799411E+08, DensityWeight 9.789194E-04, wHPWL 3.068915E+08, Overflow 3.228337E-01, MaxDensity 6.950E+00, gamma 3.488601E+01, time 1.200ms
[INFO   ] DREAMPlace - full step 8.711 ms
[INFO   ] DREAMPlace - optimizer step 7.054 ms
[INFO   ] DREAMPlace - iteration  531, (  97,  0,  0), Obj 2.807041E+08, DensityWeight 1.055764E-03, wHPWL 3.069749E+08, Overflow 3.171636E-01, MaxDensity 7.161E+00, gamma 3.388973E+01, time 1.198ms
[INFO   ] DREAMPlace - full step 8.711 ms
[INFO   ] DREAMPlace - optimizer step 7.037 ms
[INFO   ] DREAMPlace - iteration  532, (  98,  0,  0), Obj 2.814468E+08, DensityWeight 1.137209E-03, wHPWL 3.070537E+08, Overflow 3.113751E-01, MaxDensity 7.487E+00, gamma 3.292060E+01, time 1.204ms
[INFO   ] DREAMPlace - full step 8.704 ms
[INFO   ] DREAMPlace - optimizer step 7.057 ms
[INFO   ] DREAMPlace - iteration  533, (  99,  0,  0), Obj 2.821783E+08, DensityWeight 1.226523E-03, wHPWL 3.071270E+08, Overflow 3.055384E-01, MaxDensity 6.386E+00, gamma 3.195983E+01, time 1.223ms
[INFO   ] DREAMPlace - full step 8.737 ms
[INFO   ] DREAMPlace - optimizer step 7.115 ms
[INFO   ] DREAMPlace - iteration  534, ( 100,  0,  0), Obj 2.828912E+08, DensityWeight 1.324883E-03, wHPWL 3.071877E+08, Overflow 2.995520E-01, MaxDensity 6.004E+00, gamma 3.101945E+01, time 1.609ms
[INFO   ] DREAMPlace - full step 9.176 ms
[INFO   ] DREAMPlace - optimizer step 7.089 ms
[INFO   ] DREAMPlace - iteration  535, ( 101,  0,  0), Obj 2.835939E+08, DensityWeight 1.436196E-03, wHPWL 3.072429E+08, Overflow 2.936553E-01, MaxDensity 6.181E+00, gamma 3.008368E+01, time 1.237ms
[INFO   ] DREAMPlace - full step 8.809 ms
[INFO   ] DREAMPlace - optimizer step 25.883 ms
[INFO   ] DREAMPlace - iteration  536, ( 102,  0,  0), Obj 2.842692E+08, DensityWeight 1.559224E-03, wHPWL 3.072920E+08, Overflow 2.877223E-01, MaxDensity 5.522E+00, gamma 2.918955E+01, time 1.210ms
[INFO   ] DREAMPlace - full step 27.564 ms
[INFO   ] DREAMPlace - optimizer step 10.882 ms
[INFO   ] DREAMPlace - iteration  537, ( 103,  0,  0), Obj 2.849313E+08, DensityWeight 1.695679E-03, wHPWL 3.073453E+08, Overflow 2.815398E-01, MaxDensity 5.678E+00, gamma 2.831672E+01, time 4.590ms
[INFO   ] DREAMPlace - full step 15.936 ms
[INFO   ] DREAMPlace - optimizer step 7.149 ms
[INFO   ] DREAMPlace - iteration  538, ( 104,  0,  0), Obj 2.855999E+08, DensityWeight 1.841887E-03, wHPWL 3.073957E+08, Overflow 2.753029E-01, MaxDensity 5.660E+00, gamma 2.743494E+01, time 1.232ms
[INFO   ] DREAMPlace - full step 8.860 ms
[INFO   ] DREAMPlace - optimizer step 19.462 ms
[INFO   ] DREAMPlace - iteration  539, ( 105,  0,  0), Obj 2.862581E+08, DensityWeight 2.002328E-03, wHPWL 3.074417E+08, Overflow 2.691096E-01, MaxDensity 6.526E+00, gamma 2.657321E+01, time 1.229ms
[INFO   ] DREAMPlace - full step 21.155 ms
[INFO   ] DREAMPlace - optimizer step 21.145 ms
[INFO   ] DREAMPlace - iteration  540, ( 106,  0,  0), Obj 2.868986E+08, DensityWeight 2.179445E-03, wHPWL 3.074844E+08, Overflow 2.627589E-01, MaxDensity 6.041E+00, gamma 2.574431E+01, time 5.467ms
[INFO   ] DREAMPlace - full step 27.118 ms
[INFO   ] DREAMPlace - optimizer step 8.947 ms
[INFO   ] DREAMPlace - iteration  541, ( 107,  0,  0), Obj 2.875370E+08, DensityWeight 2.374453E-03, wHPWL 3.075284E+08, Overflow 2.564353E-01, MaxDensity 5.759E+00, gamma 2.492118E+01, time 12.283ms
[INFO   ] DREAMPlace - full step 21.721 ms
[INFO   ] DREAMPlace - optimizer step 7.068 ms
[INFO   ] DREAMPlace - iteration  542, ( 108,  0,  0), Obj 2.881596E+08, DensityWeight 2.585916E-03, wHPWL 3.075661E+08, Overflow 2.502578E-01, MaxDensity 5.335E+00, gamma 2.412771E+01, time 1.226ms
[INFO   ] DREAMPlace - full step 8.784 ms
[INFO   ] DREAMPlace - optimizer step 7.061 ms
[INFO   ] DREAMPlace - iteration  543, ( 109,  0,  0), Obj 2.887562E+08, DensityWeight 2.821141E-03, wHPWL 3.076026E+08, Overflow 2.441725E-01, MaxDensity 5.293E+00, gamma 2.337698E+01, time 1.234ms
[INFO   ] DREAMPlace - full step 8.773 ms
[INFO   ] DREAMPlace - optimizer step 7.066 ms
[INFO   ] DREAMPlace - iteration  544, ( 110,  0,  0), Obj 2.893316E+08, DensityWeight 3.078807E-03, wHPWL 3.076415E+08, Overflow 2.380190E-01, MaxDensity 5.224E+00, gamma 2.266028E+01, time 5.443ms
[INFO   ] DREAMPlace - full step 12.997 ms
[INFO   ] DREAMPlace - optimizer step 7.151 ms
[INFO   ] DREAMPlace - iteration  545, ( 111,  0,  0), Obj 2.898988E+08, DensityWeight 3.357788E-03, wHPWL 3.076794E+08, Overflow 2.320247E-01, MaxDensity 4.928E+00, gamma 2.195791E+01, time 1.236ms
[INFO   ] DREAMPlace - full step 8.861 ms
[INFO   ] DREAMPlace - optimizer step 7.078 ms
[INFO   ] DREAMPlace - iteration  546, ( 112,  0,  0), Obj 2.904405E+08, DensityWeight 3.663062E-03, wHPWL 3.077147E+08, Overflow 2.261424E-01, MaxDensity 4.726E+00, gamma 2.129464E+01, time 1.231ms
[INFO   ] DREAMPlace - full step 8.784 ms
[INFO   ] DREAMPlace - optimizer step 7.081 ms
[INFO   ] DREAMPlace - iteration  547, ( 113,  0,  0), Obj 2.909612E+08, DensityWeight 3.998944E-03, wHPWL 3.077543E+08, Overflow 2.202242E-01, MaxDensity 5.309E+00, gamma 2.066325E+01, time 1.199ms
[INFO   ] DREAMPlace - full step 8.763 ms
[INFO   ] DREAMPlace - optimizer step 7.028 ms
[INFO   ] DREAMPlace - iteration  548, ( 114,  0,  0), Obj 2.914727E+08, DensityWeight 4.360408E-03, wHPWL 3.077922E+08, Overflow 2.142825E-01, MaxDensity 4.436E+00, gamma 2.004690E+01, time 1.199ms
[INFO   ] DREAMPlace - full step 8.688 ms
[INFO   ] DREAMPlace - optimizer step 7.087 ms
[INFO   ] DREAMPlace - iteration  549, ( 115,  0,  0), Obj 2.919710E+08, DensityWeight 4.756835E-03, wHPWL 3.078254E+08, Overflow 2.084768E-01, MaxDensity 4.403E+00, gamma 1.944658E+01, time 1.260ms
[INFO   ] DREAMPlace - full step 8.800 ms
[INFO   ] DREAMPlace - optimizer step 7.104 ms
[INFO   ] DREAMPlace - iteration  550, ( 116,  0,  0), Obj 2.924436E+08, DensityWeight 5.196113E-03, wHPWL 3.078542E+08, Overflow 2.028201E-01, MaxDensity 4.270E+00, gamma 1.887738E+01, time 1.202ms
[INFO   ] DREAMPlace - full step 8.764 ms
[INFO   ] DREAMPlace - optimizer step 7.926 ms
[INFO   ] DREAMPlace - iteration  551, ( 117,  0,  0), Obj 2.928930E+08, DensityWeight 5.682899E-03, wHPWL 3.078827E+08, Overflow 1.973562E-01, MaxDensity 4.516E+00, gamma 1.833881E+01, time 1.240ms
[INFO   ] DREAMPlace - full step 9.618 ms
[INFO   ] DREAMPlace - optimizer step 23.301 ms
[INFO   ] DREAMPlace - iteration  552, ( 118,  0,  0), Obj 2.933184E+08, DensityWeight 6.215733E-03, wHPWL 3.079119E+08, Overflow 1.918751E-01, MaxDensity 4.186E+00, gamma 1.783320E+01, time 1.226ms
[INFO   ] DREAMPlace - full step 25.032 ms
[INFO   ] DREAMPlace - optimizer step 8.184 ms
[INFO   ] DREAMPlace - iteration  553, ( 119,  0,  0), Obj 2.937355E+08, DensityWeight 6.797372E-03, wHPWL 3.079444E+08, Overflow 1.863232E-01, MaxDensity 4.029E+00, gamma 1.734000E+01, time 1.227ms
[INFO   ] DREAMPlace - full step 9.915 ms
[INFO   ] DREAMPlace - optimizer step 7.118 ms
[INFO   ] DREAMPlace - iteration  554, ( 120,  0,  0), Obj 2.941460E+08, DensityWeight 7.426347E-03, wHPWL 3.079764E+08, Overflow 1.807301E-01, MaxDensity 3.933E+00, gamma 1.685433E+01, time 1.209ms
[INFO   ] DREAMPlace - full step 8.795 ms
[INFO   ] DREAMPlace - optimizer step 7.352 ms
[INFO   ] DREAMPlace - iteration  555, ( 121,  0,  0), Obj 2.945489E+08, DensityWeight 8.114970E-03, wHPWL 3.079994E+08, Overflow 1.753614E-01, MaxDensity 3.994E+00, gamma 1.637881E+01, time 1.198ms
[INFO   ] DREAMPlace - full step 9.014 ms
[INFO   ] DREAMPlace - optimizer step 7.180 ms
[INFO   ] DREAMPlace - iteration  556, ( 122,  0,  0), Obj 2.949248E+08, DensityWeight 8.889468E-03, wHPWL 3.080159E+08, Overflow 1.702456E-01, MaxDensity 3.934E+00, gamma 1.593500E+01, time 1.206ms
[INFO   ] DREAMPlace - full step 8.834 ms
[INFO   ] DREAMPlace - optimizer step 8.984 ms
[INFO   ] DREAMPlace - iteration  557, ( 123,  0,  0), Obj 2.952759E+08, DensityWeight 9.755624E-03, wHPWL 3.080350E+08, Overflow 1.651827E-01, MaxDensity 3.503E+00, gamma 1.552328E+01, time 1.208ms
[INFO   ] DREAMPlace - full step 10.655 ms
[INFO   ] DREAMPlace - optimizer step 7.052 ms
[INFO   ] DREAMPlace - iteration  558, ( 124,  0,  0), Obj 2.956159E+08, DensityWeight 1.069863E-02, wHPWL 3.080573E+08, Overflow 1.600330E-01, MaxDensity 3.350E+00, gamma 1.512629E+01, time 1.203ms
[INFO   ] DREAMPlace - full step 8.714 ms
[INFO   ] DREAMPlace - optimizer step 6.965 ms
[INFO   ] DREAMPlace - iteration  559, ( 125,  0,  0), Obj 2.959538E+08, DensityWeight 1.172212E-02, wHPWL 3.080760E+08, Overflow 1.549095E-01, MaxDensity 3.617E+00, gamma 1.473292E+01, time 1.186ms
[INFO   ] DREAMPlace - full step 8.600 ms
[INFO   ] DREAMPlace - plotting to lambdaramp_results/s200/bigblue3/plot/iter0560.png takes 6.350 seconds
[INFO   ] DREAMPlace - optimizer step 11.072 ms
[INFO   ] DREAMPlace - iteration  560, ( 126,  0,  0), Obj 2.962799E+08, DensityWeight 1.285648E-02, wHPWL 3.080892E+08, Overflow 1.498883E-01, MaxDensity 3.569E+00, gamma 1.435170E+01, time 1.201ms
[INFO   ] DREAMPlace - full step 6365.569 ms
[INFO   ] DREAMPlace - optimizer step 14.918 ms
[INFO   ] DREAMPlace - iteration  561, ( 127,  0,  0), Obj 2.965915E+08, DensityWeight 1.412226E-02, wHPWL 3.081014E+08, Overflow 1.450273E-01, MaxDensity 3.287E+00, gamma 1.398766E+01, time 1.544ms
[INFO   ] DREAMPlace - full step 17.256 ms
[INFO   ] DREAMPlace - optimizer step 7.435 ms
[INFO   ] DREAMPlace - iteration  562, ( 128,  0,  0), Obj 2.968874E+08, DensityWeight 1.551654E-02, wHPWL 3.081125E+08, Overflow 1.402410E-01, MaxDensity 3.338E+00, gamma 1.364403E+01, time 1.244ms
[INFO   ] DREAMPlace - full step 9.229 ms
[INFO   ] DREAMPlace - optimizer step 8.126 ms
[INFO   ] DREAMPlace - iteration  563, ( 129,  0,  0), Obj 2.971732E+08, DensityWeight 1.705426E-02, wHPWL 3.081265E+08, Overflow 1.355610E-01, MaxDensity 3.066E+00, gamma 1.331394E+01, time 1.451ms
[INFO   ] DREAMPlace - full step 10.212 ms
[INFO   ] DREAMPlace - optimizer step 16.628 ms
[INFO   ] DREAMPlace - iteration  564, ( 130,  0,  0), Obj 2.974498E+08, DensityWeight 1.872898E-02, wHPWL 3.081416E+08, Overflow 1.309860E-01, MaxDensity 3.997E+00, gamma 1.299890E+01, time 1.349ms
[INFO   ] DREAMPlace - full step 18.594 ms
[INFO   ] DREAMPlace - optimizer step 10.167 ms
[INFO   ] DREAMPlace - iteration  565, ( 131,  0,  0), Obj 2.977168E+08, DensityWeight 2.056230E-02, wHPWL 3.081565E+08, Overflow 1.265099E-01, MaxDensity 2.808E+00, gamma 1.269814E+01, time 14.419ms
[INFO   ] DREAMPlace - full step 25.136 ms
[INFO   ] DREAMPlace - optimizer step 7.282 ms
[INFO   ] DREAMPlace - iteration  566, ( 132,  0,  0), Obj 2.979728E+08, DensityWeight 2.257588E-02, wHPWL 3.081699E+08, Overflow 1.221631E-01, MaxDensity 2.974E+00, gamma 1.241061E+01, time 1.243ms
[INFO   ] DREAMPlace - full step 9.001 ms
[INFO   ] DREAMPlace - optimizer step 7.827 ms
[INFO   ] DREAMPlace - iteration  567, ( 133,  0,  0), Obj 2.982167E+08, DensityWeight 2.479704E-02, wHPWL 3.081794E+08, Overflow 1.180065E-01, MaxDensity 2.778E+00, gamma 1.213762E+01, time 1.227ms
[INFO   ] DREAMPlace - full step 9.630 ms
[INFO   ] DREAMPlace - optimizer step 7.804 ms
[INFO   ] DREAMPlace - iteration  568, ( 134,  0,  0), Obj 2.984461E+08, DensityWeight 2.726663E-02, wHPWL 3.081897E+08, Overflow 1.139486E-01, MaxDensity 2.742E+00, gamma 1.188220E+01, time 1.415ms
[INFO   ] DREAMPlace - full step 9.826 ms
[INFO   ] DREAMPlace - optimizer step 8.076 ms
[INFO   ] DREAMPlace - iteration  569, ( 135,  0,  0), Obj 2.986667E+08, DensityWeight 2.997469E-02, wHPWL 3.082016E+08, Overflow 1.099936E-01, MaxDensity 3.491E+00, gamma 1.163802E+01, time 1.374ms
[INFO   ] DREAMPlace - full step 10.057 ms
[INFO   ] DREAMPlace - optimizer step 7.903 ms
[INFO   ] DREAMPlace - iteration  570, ( 136,  0,  0), Obj 2.988802E+08, DensityWeight 3.293818E-02, wHPWL 3.082180E+08, Overflow 1.060481E-01, MaxDensity 2.753E+00, gamma 1.140486E+01, time 1.390ms
[INFO   ] DREAMPlace - full step 9.859 ms
[INFO   ] DREAMPlace - optimizer step 10.162 ms
[INFO   ] DREAMPlace - iteration  571, ( 137,  0,  0), Obj 2.990903E+08, DensityWeight 3.614884E-02, wHPWL 3.082329E+08, Overflow 1.022811E-01, MaxDensity 2.729E+00, gamma 1.117692E+01, time 1.371ms
[INFO   ] DREAMPlace - full step 12.149 ms
[INFO   ] DREAMPlace - optimizer step 75.207 ms
[INFO   ] DREAMPlace - iteration  572, ( 138,  0,  0), Obj 2.992890E+08, DensityWeight 3.968839E-02, wHPWL 3.082446E+08, Overflow 9.871439E-02, MaxDensity 2.935E+00, gamma 1.096355E+01, time 2.778ms
[INFO   ] DREAMPlace - full step 78.490 ms
[INFO   ] DREAMPlace - optimizer step 10.902 ms
[INFO   ] DREAMPlace - iteration  573, ( 139,  0,  0), Obj 2.994738E+08, DensityWeight 4.361380E-02, wHPWL 3.082536E+08, Overflow 9.525909E-02, MaxDensity 2.854E+00, gamma 1.076528E+01, time 6.656ms
[INFO   ] DREAMPlace - full step 18.015 ms
[INFO   ] DREAMPlace - optimizer step 6.968 ms
[INFO   ] DREAMPlace - iteration  574, ( 140,  0,  0), Obj 2.996500E+08, DensityWeight 4.796383E-02, wHPWL 3.082634E+08, Overflow 9.191957E-02, MaxDensity 2.489E+00, gamma 1.057662E+01, time 1.186ms
[INFO   ] DREAMPlace - full step 8.604 ms
[INFO   ] DREAMPlace - optimizer step 6.967 ms
[INFO   ] DREAMPlace - iteration  575, ( 141,  0,  0), Obj 2.998179E+08, DensityWeight 5.273641E-02, wHPWL 3.082730E+08, Overflow 8.869848E-02, MaxDensity 2.613E+00, gamma 1.039742E+01, time 1.182ms
[INFO   ] DREAMPlace - full step 8.587 ms
[INFO   ] DREAMPlace - optimizer step 9.612 ms
[INFO   ] DREAMPlace - iteration  576, ( 142,  0,  0), Obj 2.999788E+08, DensityWeight 5.798596E-02, wHPWL 3.082859E+08, Overflow 8.557280E-02, MaxDensity 2.534E+00, gamma 1.022746E+01, time 1.194ms
[INFO   ] DREAMPlace - full step 11.252 ms
[INFO   ] DREAMPlace - optimizer step 7.446 ms
[INFO   ] DREAMPlace - iteration  577, ( 143,  0,  0), Obj 3.001357E+08, DensityWeight 6.370007E-02, wHPWL 3.082998E+08, Overflow 8.253560E-02, MaxDensity 2.330E+00, gamma 1.006518E+01, time 1.200ms
[INFO   ] DREAMPlace - full step 9.089 ms
[INFO   ] DREAMPlace - optimizer step 7.728 ms
[INFO   ] DREAMPlace - iteration  578, ( 144,  0,  0), Obj 3.002884E+08, DensityWeight 6.995791E-02, wHPWL 3.083168E+08, Overflow 7.957639E-02, MaxDensity 2.401E+00, gamma 9.909970E+00, time 4.086ms
[INFO   ] DREAMPlace - full step 12.281 ms
[INFO   ] DREAMPlace - optimizer step 13.458 ms
[INFO   ] DREAMPlace - iteration  579, ( 145,  0,  0), Obj 3.004385E+08, DensityWeight 7.676268E-02, wHPWL 3.083358E+08, Overflow 7.684603E-02, MaxDensity 2.732E+00, gamma 9.761045E+00, time 1.217ms
[INFO   ] DREAMPlace - full step 15.118 ms
[INFO   ] DREAMPlace - optimizer step 7.553 ms
[INFO   ] DREAMPlace - iteration  580, ( 146,  0,  0), Obj 3.005811E+08, DensityWeight 8.418429E-02, wHPWL 3.083557E+08, Overflow 7.431349E-02, MaxDensity 2.399E+00, gamma 9.625625E+00, time 1.213ms
[INFO   ] DREAMPlace - full step 9.210 ms
[INFO   ] DREAMPlace - optimizer step 8.524 ms
[INFO   ] DREAMPlace - iteration  581, ( 147,  0,  0), Obj 3.007168E+08, DensityWeight 9.229872E-02, wHPWL 3.083816E+08, Overflow 7.191718E-02, MaxDensity 2.385E+00, gamma 9.501695E+00, time 1.199ms
[INFO   ] DREAMPlace - full step 10.163 ms
[INFO   ] DREAMPlace - optimizer step 7.490 ms
[INFO   ] DREAMPlace - iteration  582, ( 148,  0,  0), Obj 3.008496E+08, DensityWeight 1.010275E-01, wHPWL 3.084141E+08, Overflow 6.975210E-02, MaxDensity 2.353E+00, gamma 9.385898E+00, time 1.194ms
[INFO   ] DREAMPlace - full step 9.137 ms
[INFO   ] DREAMPlace - optimizer nesterov takes 27.482 seconds
[INFO   ] DREAMPlace - plotting to lambdaramp_results/s200/bigblue3/plot/iter0583.png takes 6.331 seconds
[INFO   ] DREAMPlace - Start legalization
[WARNING] DEF input file not specified, cannot output DEF file; set to DEFSIMPLE
[INFO   ] lef_input = 
[INFO   ] def_input = 
[INFO   ] verilog_input = 
[INFO   ] bookshelf_aux_input = benchmarks/ispd2005/bigblue3/bigblue3.aux
[INFO   ] bookshelf_pl_input = 
[INFO   ] def_size_input = 
[INFO   ] def_output = -out.def
[INFO   ] rpt_output = 
[INFO   ] target_util = 0
[INFO   ] max_displace = 0
[INFO   ] bin size = (10, 10) #rows
[INFO   ] sbin size = (5, 5) #rows
[INFO   ] bin_space_threshold = 0.2
[INFO   ] abu = 2,10 5,5 10,2 20,1 
[INFO   ] def_ignore_cells = 
[INFO   ] macro_obs_aware_layers = 
[INFO   ] enable_place = true
[INFO   ] enable_legalize = true
[INFO   ] evaluate_overlap = false
[INFO   ] move_multi_row_cell = true
[INFO   ] align_power_line = true
[INFO   ] cluster_cell = false
[INFO   ] sort_nets_by_degree = false
[INFO   ] file_format = BOOKSHELF
[INFO   ] max_iters = 6
[WARNING] no DEF file specified
[WARNING] no Verilog file specified
[INFO   ] reading benchmarks/ispd2005/bigblue3/bigblue3.aux
[WARNING] no additional Bookshelf .pl file specified
[WARNING] 11103 nets with 20306 pins from same nodes
[WARNING] 2340 nets should be ignored due to not enough pins
[INFO   ] sort nodes in the order of movable and fixed
[INFO   ] Group cells for fence regions
[INFO   ] Construct 0 groups
[INFO   ] Fence region groups done
[DEBUG  ] num_terminals 1297, numFixed 1297, numPlaceBlockages 0, num_terminal_NIs 0
[INFO   ] -- Converting Node Orientation --
[INFO   ] ---------------------------------
[INFO   ] -------- Area Statistics --------
[INFO   ] fixed area overlap = 5.16234e+08
[INFO   ] fixed area total = 5.16234e+08
[INFO   ] space area = 2.53327e+08
[INFO   ] ---------------------------------
[DEBUG  ] deterministic mode: integer 32 bits, fraction 32 bits, scale factor 4294967296
[DEBUG  ] deterministic mode: integer 32 bits, fraction 32 bits, scale factor 4294967296
[INFO   ] writing placement to lambdaramp_results/s200/bigblue3/plot/iter0000.png
[INFO   ] writing placement to lambdaramp_results/s200/bigblue3/plot/iter0040.png
[INFO   ] writing placement to lambdaramp_results/s200/bigblue3/plot/iter0080.png
[INFO   ] writing placement to lambdaramp_results/s200/bigblue3/plot/iter0120.png
[INFO   ] writing placement to lambdaramp_results/s200/bigblue3/plot/iter0160.png
[INFO   ] writing placement to lambdaramp_results/s200/bigblue3/plot/iter0200.png
[INFO   ] writing placement to lambdaramp_results/s200/bigblue3/plot/iter0240.png
[INFO   ] writing placement to lambdaramp_results/s200/bigblue3/plot/iter0280.png
[INFO   ] writing placement to lambdaramp_results/s200/bigblue3/plot/iter0320.png
[INFO   ] writing placement to lambdaramp_results/s200/bigblue3/plot/iter0360.png
[INFO   ] writing placement to lambdaramp_results/s200/bigblue3/plot/iter0400.png
[INFO   ] writing placement to lambdaramp_results/s200/bigblue3/plot/iter0433.png
[INFO   ] Macro legalization: regard 0 cells as dummy fixed (movable macros)
[INFO   ] Macro legalization takes 4.93454 ms
[INFO   ] writing placement to lambdaramp_results/s200/bigblue3/plot/iter0434.png
[DEBUG  ] deterministic mode: integer 32 bits, fraction 32 bits, scale factor 4294967296
[DEBUG  ] deterministic mode: integer 32 bits, fraction 32 bits, scale factor 4294967296
[INFO   ] writing placement to lambdaramp_results/s200/bigblue3/plot/iter0440.png
[INFO   ] writing placement to lambdaramp_results/s200/bigblue3/plot/iter0480.png
[INFO   ] writing placement to lambdaramp_results/s200/bigblue3/plot/iter0520.png
[INFO   ] writing placement to lambdaramp_results/s200/bigblue3/plot/iter0560.png
[INFO   ] writing placement to lambdaramp_results/s200/bigblue3/plot/iter0583.png
[INFO   ] Macro legalization: regard 0 cells as dummy fixed (movable macros)
[INFO   ] Macro legalization takes 4.9312 ms
[DEBUG  ] Standard cell legalization blank_num_bins_y = 2316
[DEBUG  ] Standard cell legalization iteration 0 with 1x1 bins
[DEBUG  ] Standard cell legalization #bin_blanks
[DEBUG  ] #bin_objs = 27007
[INFO   ] Standard cell legalization legalizeBin takes 965.696 ms
[DEBUG  ] Standard cell legalization num_unplaced_cells = 0
[DEBUG  ] Standard cell legalization blank_num_bins_y = 2316
[DEBUG  ] Standard cell legalization iteration 0 with 1x1 bins
[DEBUG  ] Standard cell legalization #bin_blanks
[DEBUG  ] #bin_objs = 27007
[INFO   ] Standard cell legalization legalizeBin takes 1554.368 ms
[DEBUG  ] Standard cell legalization num_unplaced_cells = 0
[INFO   ] Greedy legalization takes 2550.44 ms
[INFO   ] Legality check takes 99.4127 ms
[DEBUG  ] average displace = 19.6033
[INFO   ] Abacus legalization takes 188.487 ms
[INFO   ] DREAMPlace - legalization takes 2.989 seconds
[INFO   ] DREAMPlace - iteration  583, wHPWL 3.253046E+08, time 0.552ms
[INFO   ] DREAMPlace - plotting to lambdaramp_results/s200/bigblue3/plot/iter0584.png takes 6.316 seconds
[INFO   ] DREAMPlace - Start ABCDPlace for refinement
[INFO   ] Legality check takes 94.8547 ms
[INFO   ] writing placement to lambdaramp_results/s200/bigblue3/plot/iter0584.png
[INFO   ] DREAMPlace - ABCDPlace input legal flag = 1
[INFO   ] Legality check takes 103.14 ms
[DEBUG  ] 4-reorder
[DEBUG  ] 24 permutations
[DEBUG  ] initializing CPU DB takes 108.919 ms
[DEBUG  ] computing independent rows takes 196.505 ms
[DEBUG  ] computing reorder instances takes 7.4308 ms
[DEBUG  ] initializing CUDA state takes 10.4877 ms
[INFO   ] initial hpwl = 325304640.000
[DEBUG  ] enumeration takes 304.293 ms for 308 runs, average 0.987966 ms
[DEBUG  ] apply_reorder takes 5.9366 ms for 308 runs, average 0.0192747 ms
[INFO   ] Iteration time(ms) 	 310.264
[INFO   ] iteration 0: hpwl 325304640.000 => 323531232.000 (imp. 0.545153%)
[DEBUG  ] enumeration takes 303.772 ms for 308 runs, average 0.986274 ms
[DEBUG  ] apply_reorder takes 5.83053 ms for 308 runs, average 0.0189303 ms
[INFO   ] Iteration time(ms) 	 309.63
[INFO   ] iteration 1: hpwl 325304640.000 => 323148448.000 (imp. 0.662822%)
[DEBUG  ] destroying CUDA state takes 0.912831 ms
[DEBUG  ] destroying CPU state takes 0.003968 ms
[INFO   ] Kernel time: 623.827 ms
[INFO   ] K-reorder time: 948.578 ms
[INFO   ] DREAMPlace - K-Reorder legal flag = 1
[INFO   ] Legality check takes 96.6606 ms
[INFO   ] diamond search grid size 256, sequence length 32768
[INFO   ] initializing GPU memory takes 29.6065 ms
[INFO   ] initial hpwl 3.23148e+08
[DEBUG  ] allocate 8908287 bytes in shuffler for length 1095515*(4+4)
[DEBUG  ] from 264050 nodes, collect 2048 sets, avg 107 nodes, min/max 8/128 nodes
[INFO   ] iteration 0, target hpwl 3.22833e+08, delta -315552(-0.0976492%), 2048 independent sets, moved 2.54565% cells, runtime 56.252 ms
[DEBUG  ] from 263919 nodes, collect 2048 sets, avg 108 nodes, min/max 5/128 nodes
[DEBUG  ] from 263782 nodes, collect 2048 sets, avg 106 nodes, min/max 8/128 nodes
[DEBUG  ] from 263656 nodes, collect 2048 sets, avg 108 nodes, min/max 7/128 nodes
[DEBUG  ] from 263481 nodes, collect 2048 sets, avg 106 nodes, min/max 13/128 nodes
[DEBUG  ] from 263689 nodes, collect 2048 sets, avg 107 nodes, min/max 0/128 nodes
[INFO   ] iteration 5, target hpwl 3.22055e+08, delta -1.09386e+06(-0.3385%), 2048 independent sets, moved 13.214% cells, runtime 45.6325 ms
[DEBUG  ] from 263560 nodes, collect 2048 sets, avg 107 nodes, min/max 11/128 nodes
[DEBUG  ] from 263449 nodes, collect 2048 sets, avg 107 nodes, min/max 0/128 nodes
[DEBUG  ] from 263614 nodes, collect 2048 sets, avg 108 nodes, min/max 6/128 nodes
[DEBUG  ] from 263799 nodes, collect 2048 sets, avg 107 nodes, min/max 13/128 nodes
[DEBUG  ] from 263651 nodes, collect 2048 sets, avg 108 nodes, min/max 7/128 nodes
[INFO   ] iteration 10, target hpwl 3.21636e+08, delta -1.51245e+06(-0.468035%), 2048 independent sets, moved 22.8472% cells, runtime 38.6233 ms
[DEBUG  ] from 263821 nodes, collect 2048 sets, avg 107 nodes, min/max 4/128 nodes
[DEBUG  ] from 263641 nodes, collect 2048 sets, avg 108 nodes, min/max 5/128 nodes
[DEBUG  ] from 263805 nodes, collect 2048 sets, avg 108 nodes, min/max 11/128 nodes
[DEBUG  ] from 263957 nodes, collect 2048 sets, avg 108 nodes, min/max 8/128 nodes
[DEBUG  ] from 263586 nodes, collect 2048 sets, avg 108 nodes, min/max 11/128 nodes
[INFO   ] iteration 15, target hpwl 3.21371e+08, delta -1.77734e+06(-0.550009%), 2048 independent sets, moved 32.0581% cells, runtime 55.9055 ms
[DEBUG  ] from 263811 nodes, collect 2048 sets, avg 107 nodes, min/max 14/128 nodes
[DEBUG  ] from 263779 nodes, collect 2048 sets, avg 107 nodes, min/max 5/128 nodes
[DEBUG  ] from 263334 nodes, collect 2048 sets, avg 106 nodes, min/max 0/128 nodes
[DEBUG  ] from 263827 nodes, collect 2048 sets, avg 108 nodes, min/max 0/128 nodes
[DEBUG  ] from 263794 nodes, collect 2048 sets, avg 108 nodes, min/max 11/128 nodes
[INFO   ] iteration 20, target hpwl 3.21185e+08, delta -1.96298e+06(-0.607453%), 2048 independent sets, moved 40.8966% cells, runtime 40.7648 ms
[DEBUG  ] from 263839 nodes, collect 2048 sets, avg 107 nodes, min/max 9/128 nodes
[DEBUG  ] from 263706 nodes, collect 2048 sets, avg 107 nodes, min/max 11/128 nodes
[DEBUG  ] from 264287 nodes, collect 2048 sets, avg 106 nodes, min/max 5/128 nodes
[DEBUG  ] from 263747 nodes, collect 2048 sets, avg 107 nodes, min/max 8/128 nodes
[DEBUG  ] from 263846 nodes, collect 2048 sets, avg 107 nodes, min/max 10/128 nodes
[INFO   ] iteration 25, target hpwl 3.21015e+08, delta -2.13325e+06(-0.660145%), 2048 independent sets, moved 49.5015% cells, runtime 41.3073 ms
[DEBUG  ] from 263595 nodes, collect 2048 sets, avg 107 nodes, min/max 12/128 nodes
[DEBUG  ] from 263773 nodes, collect 2048 sets, avg 107 nodes, min/max 9/128 nodes
[DEBUG  ] from 263901 nodes, collect 2048 sets, avg 108 nodes, min/max 0/128 nodes
[DEBUG  ] from 263764 nodes, collect 2048 sets, avg 107 nodes, min/max 6/128 nodes
[DEBUG  ] from 264010 nodes, collect 2048 sets, avg 108 nodes, min/max 5/128 nodes
[INFO   ] iteration 30, target hpwl 3.20912e+08, delta -2.23616e+06(-0.691992%), 2048 independent sets, moved 58.0071% cells, runtime 30.718 ms
[DEBUG  ] from 263761 nodes, collect 2048 sets, avg 107 nodes, min/max 7/128 nodes
[DEBUG  ] from 263874 nodes, collect 2048 sets, avg 107 nodes, min/max 8/128 nodes
[DEBUG  ] from 263988 nodes, collect 2048 sets, avg 108 nodes, min/max 4/128 nodes
[DEBUG  ] from 263778 nodes, collect 2048 sets, avg 106 nodes, min/max 17/128 nodes
[DEBUG  ] from 263633 nodes, collect 2048 sets, avg 108 nodes, min/max 14/128 nodes
[INFO   ] iteration 35, target hpwl 3.20807e+08, delta -2.34112e+06(-0.724472%), 2048 independent sets, moved 66.4338% cells, runtime 42.7616 ms
[DEBUG  ] from 263847 nodes, collect 2048 sets, avg 108 nodes, min/max 0/128 nodes
[DEBUG  ] from 263614 nodes, collect 2048 sets, avg 107 nodes, min/max 13/128 nodes
[DEBUG  ] from 263908 nodes, collect 2048 sets, avg 107 nodes, min/max 8/128 nodes
[DEBUG  ] from 263758 nodes, collect 2048 sets, avg 108 nodes, min/max 5/128 nodes
[DEBUG  ] from 263969 nodes, collect 2048 sets, avg 108 nodes, min/max 10/128 nodes
[INFO   ] iteration 40, target hpwl 3.207e+08, delta -2.44851e+06(-0.757705%), 2048 independent sets, moved 74.7469% cells, runtime 27.2518 ms
[DEBUG  ] from 264076 nodes, collect 2048 sets, avg 107 nodes, min/max 12/128 nodes
[DEBUG  ] from 263883 nodes, collect 2048 sets, avg 107 nodes, min/max 13/128 nodes
[DEBUG  ] from 264009 nodes, collect 2048 sets, avg 108 nodes, min/max 5/128 nodes
[DEBUG  ] from 263595 nodes, collect 2048 sets, avg 108 nodes, min/max 7/128 nodes
[DEBUG  ] from 263972 nodes, collect 2048 sets, avg 106 nodes, min/max 8/128 nodes
[INFO   ] iteration 45, target hpwl 3.20624e+08, delta -2.52432e+06(-0.781164%), 2048 independent sets, moved 83.1505% cells, runtime 52.1795 ms
[DEBUG  ] from 263911 nodes, collect 2048 sets, avg 108 nodes, min/max 1/128 nodes
[DEBUG  ] from 263977 nodes, collect 2048 sets, avg 107 nodes, min/max 10/128 nodes
[DEBUG  ] from 264064 nodes, collect 2048 sets, avg 107 nodes, min/max 2/128 nodes
[DEBUG  ] from 263804 nodes, collect 2048 sets, avg 108 nodes, min/max 10/128 nodes
[INFO   ] iteration 49, target hpwl 3.20571e+08, delta -2.57699e+06(-0.797464%), 2048 independent sets, moved 89.9071% cells, runtime 33.0242 ms
[DEBUG  ] random_shuffle takes 8.86432 ms, 50 runs, average 0.177286 ms
[DEBUG  ] maximal_independent_set takes 81.7851 ms, 50 runs, average 1.6357 ms
[DEBUG  ] collect_independent_sets takes 134.29 ms, 50 runs, average 2.6858 ms
[DEBUG  ] cost_matrix_construction takes 72.9213 ms, 50 runs, average 1.45843 ms
[DEBUG  ] independent_sets_solving takes 2045.3 ms, 50 runs, average 40.906 ms
[DEBUG  ] apply_solution takes 3.25441 ms, 50 runs, average 0.0650881 ms
[INFO   ] destroying GPU memory takes 1.81623 ms
[INFO   ] Kernel time 2401.74 ms
[INFO   ] Independent set matching time 2533.71 ms
[INFO   ] DREAMPlace - Independent set matching legal flag = 1
[INFO   ] Legality check takes 98.0315 ms
[DEBUG  ] bins 1024x1024, bin sizes 27.041x27.1406, die size 0, 0, 27690, 27792
[DEBUG  ] batch_size = 256, max_num_nodes_per_bin = 21, max_num_candidates = 105, max_num_candidates_all = 26880
[DEBUG  ] estimate_memory_usage = 1884816960, use fast pair HPWL computation strategy requires additional memory
[INFO   ] initial hpwl = 320571456.000
[DEBUG  ] compute_search_bins takes 0.590654 ms
[INFO   ] Iteration time(ms) 	 491.718
[INFO   ] iteration 0: hpwl 320571456.000 => 320412384.000 (imp. 0.0496214%)
[DEBUG  ] compute_search_bins takes 0.016274 ms
[INFO   ] Iteration time(ms) 	 624.349
[INFO   ] iteration 1: hpwl 320571456.000 => 319957792.000 (imp. 0.191428%)
[INFO   ] Kernel time: 1119.38 ms
[INFO   ] Global swap time: 1494.17 ms
[INFO   ] DREAMPlace - Global swap legal flag = 1
[INFO   ] Legality check takes 97.5353 ms
[DEBUG  ] 4-reorder
[DEBUG  ] 24 permutations
[DEBUG  ] initializing CPU DB takes 100.026 ms
[DEBUG  ] computing independent rows takes 194.381 ms
[DEBUG  ] computing reorder instances takes 5.08219 ms
[DEBUG  ] initializing CUDA state takes 22.5568 ms
[INFO   ] initial hpwl = 319957792.000
[DEBUG  ] enumeration takes 305.717 ms for 314 runs, average 0.973622 ms
[DEBUG  ] apply_reorder takes 5.95885 ms for 314 runs, average 0.0189772 ms
[INFO   ] Iteration time(ms) 	 311.706
[INFO   ] iteration 0: hpwl 319957792.000 => 319583616.000 (imp. 0.116945%)
[DEBUG  ] enumeration takes 305.664 ms for 314 runs, average 0.973451 ms
[DEBUG  ] apply_reorder takes 5.96935 ms for 314 runs, average 0.0190107 ms
[INFO   ] Iteration time(ms) 	 311.659
[INFO   ] iteration 1: hpwl 319957792.000 => 319494656.000 (imp. 0.144749%)
[DEBUG  ] destroying CUDA state takes 0.829236 ms
[DEBUG  ] destroying CPU state takes 0.00348 ms
[INFO   ] Kernel time: 626.689 ms
[INFO   ] K-reorder time: 950.041 ms
[INFO   ] DREAMPlace - K-Reorder legal flag = 1
[INFO   ] DREAMPlace - detailed placement takes 6.465 seconds
[INFO   ] DREAMPlace - iteration  584, wHPWL 3.194947E+08, time 0.514ms
[INFO   ] DREAMPlace - plotting to lambdaramp_results/s200/bigblue3/plot/iter0585.png takes 6.354 seconds
[INFO   ] DREAMPlace - non-linear placement takes 150.15 seconds
[INFO   ] DREAMPlace - writing to lambdaramp_results/s200/bigblue3/bigblue3.gp.pl
[INFO   ] DREAMPlace - write SolutionFileFormat.BOOKSHELF takes 0.388 seconds
[INFO   ] DREAMPlace - placement takes 176.232 seconds
[INFO   ] Legality check takes 96.1506 ms
[INFO   ] writing placement to lambdaramp_results/s200/bigblue3/plot/iter0585.png
[INFO   ] writing placement to lambdaramp_results/s200/bigblue3/bigblue3.gp.pl
