========================================================
                       DREAMPlace
            Yibo Lin (http://yibolin.com)
   David Z. Pan (http://users.ece.utexas.edu/~dpan)
========================================================
[INFO   ] DREAMPlace - parameters = {'aux_input': 'benchmarks/ispd2005/adaptec1/adaptec1.aux', 'lef_input': '', 'def_input': '', 'verilog_input': '', 'gpu': 1, 'num_bins_x': 512, 'num_bins_y': 512, 'global_place_stages': [{'num_bins_x': 512, 'num_bins_y': 512, 'iteration': 2000, 'learning_rate': 0.01, 'wirelength': 'weighted_average', 'optimizer': 'nesterov', 'Llambda_density_weight_iteration': 1, 'Lsub_iteration': 1}], 'target_density': 1.0, 'density_weight': 8e-05, 'random_seed': 1000, 'result_dir': 'lambdaramp_results/s143', 'scale_factor': 1.0, 'shift_factor': [0.0, 0.0], 'ignore_net_degree': 100, 'gp_noise_ratio': 0.025, 'enable_fillers': 1, 'global_place_flag': 1, 'legalize_flag': 1, 'abacus_legalize_flag': 1, 'detailed_place_flag': 1, 'stop_overflow': 0.07, 'dtype': 'float32', 'detailed_place_engine': '', 'detailed_place_command': '', 'plot_flag': 1, 'connectivity_grid_init_flag': 0, 'conn_init_sweeps': 32, 'conn_init_damping': 0.7, 'conn_capacity_spread_flag': 0, 'conn_spread_leaf_size': 16, 'conn_spread_density_slack': 1.5, 'conn_obstacle_project_flag': 0, 'conn_shrink_scale': 0, 'gamma_warmup_iters': 0, 'gamma_monotone_flag': 0, 'density_weight_warmup_iters': 0, 'random_uniform_init_flag': 0, 'filler_init_density_aware_flag': 0, 'initial_density_weight_absolute': 0.0, 'density_weight_ramp_scale': 1.43, 'plot_iteration_interval': 40, 'RePlAce_ref_hpwl': 350000, 'RePlAce_LOWER_PCOF': 0.95, 'RePlAce_UPPER_PCOF': 1.05, 'gamma': 4.0, 'RePlAce_skip_energy_flag': 0, 'random_center_init_flag': 1, 'gift_init_flag': 0, 'gift_init_scale': 0.7, 'sort_nets_by_degree': 0, 'num_threads': 8, 'dump_global_place_solution_flag': 0, 'dump_legalize_solution_flag': 0, 'routability_opt_flag': 0, 'route_num_bins_x': 512, 'route_num_bins_y': 512, 'node_area_adjust_overflow': 0.15, 'max_num_area_adjust': 3, 'adjust_nctugr_area_flag': 0, 'adjust_rudy_area_flag': 1, 'adjust_pin_area_flag': 1, 'area_adjust_stop_ratio': 0.01, 'route_area_adjust_stop_ratio': 0.01, 'pin_area_adjust_stop_ratio': 0.05, 'unit_horizontal_capacity': 1.5625, 'unit_vertical_capacity': 1.45, 'unit_pin_capacity': 0.058, 'max_route_opt_adjust_rate': 2.0, 'route_opt_adjust_exponent': 2.0, 'pin_stretch_ratio': 1.414213562, 'max_pin_opt_adjust_rate': 1.5, 'deterministic_flag': 1, 'timing_opt_flag': 0, 'early_lib_input': '', 'late_lib_input': '', 'lib_input': '', 'sdc_input': '', 'wire_resistance_per_micron': 0, 'wire_capacitance_per_micron': 0, 'net_weighting_scheme': 'lilith', 'momentum_decay_factor': 0.5, 'enable_net_weighting': 1, 'max_net_weight': 'inf', 'use_bb': 'auto', 'macro_place_flag': 'auto', 'two_stage_density_scaler': 1000, 'macro_halo_x': 0, 'macro_halo_y': 0}
[INFO   ] DREAMPlace - set shift_factor = (459, 459), as original row bbox = (459, 459, 11151, 11139)
[INFO   ] DREAMPlace - set scale_factor = 1, as site_width = 1
[INFO   ] DREAMPlace - shift coordinate system by (459, 459), scale coordinate system by 1
[INFO   ] DREAMPlace - 
================================= Benchmark Statistics =================================
#nodes = 211447, #terminals = 543, # terminal_NIs = 0, #movable = 210904, #nets = 221142
die area = (0, 0, 10692, 10680) 1.14191e+08
row height = 12, site width = 1
#pins = 919701, #movable_pins = 905028
total_movable_node_area = 3.72863e+07, total_fixed_node_area = 4.91641e+07, total_space_area = 6.50265e+07
total_movable_cell_area = 3.72863e+07, total_movable_macro_area = 0
utilization = 0.573402, cell utilization = 0.573402, target_density = 1
use placeable_area = 6.50265e+07 to compute fillers
total_filler_node_area = 2.77402e+07, #fillers = 160067, filler sizes = 14.442x12
num_bins = 512x512, bin sizes = 1.74023x1.73828
========================================================================================
[INFO   ] DREAMPlace - reading benchmark takes 5.41413 seconds
[INFO   ] DREAMPlace - reading database takes 5.41 seconds
[INFO   ] DREAMPlace - move cells to the center of layout with random noise
[INFO   ] DREAMPlace - non-linear placement initialization takes 1.22 seconds
[INFO   ] DREAMPlace - Global placement: 512x512 bins by default
[INFO   ] DREAMPlace - 512x512 bins #bins 512x512, bin sizes 1.74023x1.73828, max_num_bins = 6, padding = 0
[INFO   ] dreamplace.ops.electric_potential.electric_potential - regard 0 cells as movable macros in global placement
[WARNING] DREAMPlace - quadratic density penalty is disabled, density weight update is forced to be based on HPWL
[INFO   ] DREAMPlace - Optimizer 'nesterov' does not rebuild the model. Every training epoch calls the function 'step()'.
[INFO   ] DREAMPlace - use nesterov optimizer
[INFO   ] DREAMPlace - add 2.5% noise
[INFO   ] dreamplace.ops.electric_potential.electric_potential - fixed density map: average 187.546, max 435.602, bin area 435.602
[INFO   ] DREAMPlace - nesterov initialization takes 0.138881 seconds
[INFO   ] DREAMPlace - density_weight = 7.495518E-12
[INFO   ] DREAMPlace - plotting to lambdaramp_results/s143/adaptec1/plot/iter0000.png takes 1.399 seconds
[INFO   ] DREAMPlace - optimizer step 14.967 ms
[INFO   ] DREAMPlace - iteration    0, (   0,  0,  0), Obj 3.137227E+07, DensityWeight 0.000000E+00, wHPWL 5.300408E+07, Overflow 9.995811E-01, MaxDensity 2.351E+04, gamma 1.669688E+03, time 1.818ms
[INFO   ] DREAMPlace - full step 1422.857 ms
[INFO   ] DREAMPlace - optimizer step 6.656 ms
[INFO   ] DREAMPlace - iteration    1, (   1,  0,  0), Obj 2.361931E+07, DensityWeight 7.495518E-12, wHPWL 5.249866E+07, Overflow 9.788331E-01, MaxDensity 2.974E+04, gamma 1.666112E+03, time 0.896ms
[INFO   ] DREAMPlace - full step 8.177 ms
[INFO   ] DREAMPlace - optimizer step 5.010 ms
[INFO   ] DREAMPlace - iteration    2, (   2,  0,  0), Obj 2.043648E+07, DensityWeight 8.034857E-12, wHPWL 5.343993E+07, Overflow 9.644414E-01, MaxDensity 2.837E+04, gamma 1.498295E+03, time 0.886ms
[INFO   ] DREAMPlace - full step 6.475 ms
[INFO   ] DREAMPlace - optimizer step 4.556 ms
[INFO   ] DREAMPlace - iteration    3, (   3,  0,  0), Obj 1.992596E+07, DensityWeight 8.006147E-12, wHPWL 5.355413E+07, Overflow 9.550741E-01, MaxDensity 2.770E+04, gamma 1.391926E+03, time 0.836ms
[INFO   ] DREAMPlace - full step 5.934 ms
[INFO   ] DREAMPlace - optimizer step 4.369 ms
[INFO   ] DREAMPlace - iteration    4, (   4,  0,  0), Obj 1.948891E+07, DensityWeight 8.391459E-12, wHPWL 5.441040E+07, Overflow 9.467241E-01, MaxDensity 2.605E+04, gamma 1.326783E+03, time 0.824ms
[INFO   ] DREAMPlace - full step 5.711 ms
[INFO   ] DREAMPlace - optimizer step 6.539 ms
[INFO   ] DREAMPlace - iteration    5, (   5,  0,  0), Obj 1.904530E+07, DensityWeight 8.361476E-12, wHPWL 5.494796E+07, Overflow 9.407967E-01, MaxDensity 2.463E+04, gamma 1.271289E+03, time 1.259ms
[INFO   ] DREAMPlace - full step 8.312 ms
[INFO   ] DREAMPlace - optimizer step 4.352 ms
[INFO   ] DREAMPlace - iteration    6, (   6,  0,  0), Obj 1.877496E+07, DensityWeight 8.331598E-12, wHPWL 5.578903E+07, Overflow 9.346783E-01, MaxDensity 2.323E+04, gamma 1.233310E+03, time 0.867ms
[INFO   ] DREAMPlace - full step 5.701 ms
[INFO   ] DREAMPlace - optimizer step 4.424 ms
[INFO   ] DREAMPlace - iteration    7, (   7,  0,  0), Obj 1.847022E+07, DensityWeight 8.301828E-12, wHPWL 5.627753E+07, Overflow 9.283965E-01, MaxDensity 2.183E+04, gamma 1.195297E+03, time 0.783ms
[INFO   ] DREAMPlace - full step 5.692 ms
[INFO   ] DREAMPlace - optimizer step 4.475 ms
[INFO   ] DREAMPlace - iteration    8, (   8,  0,  0), Obj 1.832561E+07, DensityWeight 8.272164E-12, wHPWL 5.690524E+07, Overflow 9.226999E-01, MaxDensity 2.042E+04, gamma 1.157488E+03, time 0.784ms
[INFO   ] DREAMPlace - full step 5.760 ms
[INFO   ] DREAMPlace - optimizer step 4.430 ms
[INFO   ] DREAMPlace - iteration    9, (   9,  0,  0), Obj 1.825830E+07, DensityWeight 8.242606E-12, wHPWL 5.731901E+07, Overflow 9.168780E-01, MaxDensity 1.892E+04, gamma 1.124235E+03, time 0.802ms
[INFO   ] DREAMPlace - full step 5.778 ms
[INFO   ] DREAMPlace - optimizer step 4.267 ms
[INFO   ] DREAMPlace - iteration   10, (  10,  0,  0), Obj 1.824864E+07, DensityWeight 8.213154E-12, wHPWL 5.780614E+07, Overflow 9.118732E-01, MaxDensity 1.743E+04, gamma 1.091238E+03, time 0.760ms
[INFO   ] DREAMPlace - full step 5.532 ms
[INFO   ] DREAMPlace - optimizer step 4.353 ms
[INFO   ] DREAMPlace - iteration   11, (  11,  0,  0), Obj 1.829281E+07, DensityWeight 8.183807E-12, wHPWL 5.819426E+07, Overflow 9.079022E-01, MaxDensity 1.592E+04, gamma 1.063648E+03, time 0.833ms
[INFO   ] DREAMPlace - full step 5.677 ms
[INFO   ] DREAMPlace - optimizer step 4.296 ms
[INFO   ] DREAMPlace - iteration   12, (  12,  0,  0), Obj 1.834331E+07, DensityWeight 8.154565E-12, wHPWL 5.859088E+07, Overflow 9.040604E-01, MaxDensity 1.444E+04, gamma 1.042254E+03, time 1.030ms
[INFO   ] DREAMPlace - full step 5.789 ms
[INFO   ] DREAMPlace - optimizer step 4.288 ms
[INFO   ] DREAMPlace - iteration   13, (  13,  0,  0), Obj 1.835644E+07, DensityWeight 8.125427E-12, wHPWL 5.894662E+07, Overflow 8.990668E-01, MaxDensity 1.301E+04, gamma 1.021965E+03, time 14.668ms
[INFO   ] DREAMPlace - full step 19.459 ms
[INFO   ] DREAMPlace - optimizer step 4.329 ms
[INFO   ] DREAMPlace - iteration   14, (  14,  0,  0), Obj 1.844627E+07, DensityWeight 8.116141E-12, wHPWL 5.950401E+07, Overflow 8.956043E-01, MaxDensity 1.165E+04, gamma 9.961833E+02, time 0.726ms
[INFO   ] DREAMPlace - full step 5.581 ms
[INFO   ] DREAMPlace - optimizer step 2.276 ms
[INFO   ] DREAMPlace - iteration   15, (  15,  0,  0), Obj 1.854406E+07, DensityWeight 8.087140E-12, wHPWL 5.959806E+07, Overflow 8.919849E-01, MaxDensity 1.045E+04, gamma 9.786888E+02, time 0.743ms
[INFO   ] DREAMPlace - full step 3.530 ms
[INFO   ] DREAMPlace - optimizer step 2.208 ms
[INFO   ] DREAMPlace - iteration   16, (  16,  0,  0), Obj 1.860796E+07, DensityWeight 8.510464E-12, wHPWL 5.986980E+07, Overflow 8.877559E-01, MaxDensity 9.320E+03, gamma 9.607308E+02, time 0.726ms
[INFO   ] DREAMPlace - full step 3.405 ms
[INFO   ] DREAMPlace - optimizer step 2.242 ms
[INFO   ] DREAMPlace - iteration   17, (  17,  0,  0), Obj 1.873596E+07, DensityWeight 8.644272E-12, wHPWL 6.026321E+07, Overflow 8.848436E-01, MaxDensity 8.257E+03, gamma 9.401644E+02, time 0.718ms
[INFO   ] DREAMPlace - full step 3.423 ms
[INFO   ] DREAMPlace - optimizer step 2.383 ms
[INFO   ] DREAMPlace - iteration   18, (  18,  0,  0), Obj 1.889004E+07, DensityWeight 8.613384E-12, wHPWL 6.049223E+07, Overflow 8.822777E-01, MaxDensity 7.286E+03, gamma 9.262579E+02, time 2.921ms
[INFO   ] DREAMPlace - full step 5.769 ms
[INFO   ] DREAMPlace - optimizer step 2.157 ms
[INFO   ] DREAMPlace - iteration   19, (  19,  0,  0), Obj 1.893268E+07, DensityWeight 8.823627E-12, wHPWL 6.056298E+07, Overflow 8.788171E-01, MaxDensity 6.386E+03, gamma 9.141762E+02, time 0.703ms
[INFO   ] DREAMPlace - full step 3.377 ms
[INFO   ] DREAMPlace - optimizer step 2.189 ms
[INFO   ] DREAMPlace - iteration   20, (  20,  0,  0), Obj 1.896209E+07, DensityWeight 9.328729E-12, wHPWL 6.060554E+07, Overflow 8.759241E-01, MaxDensity 5.558E+03, gamma 8.981314E+02, time 0.691ms
[INFO   ] DREAMPlace - full step 3.351 ms
[INFO   ] DREAMPlace - optimizer step 2.146 ms
[INFO   ] DREAMPlace - iteration   21, (  21,  0,  0), Obj 1.908653E+07, DensityWeight 9.918347E-12, wHPWL 6.071575E+07, Overflow 8.731798E-01, MaxDensity 4.795E+03, gamma 8.849338E+02, time 0.685ms
[INFO   ] DREAMPlace - full step 3.285 ms
[INFO   ] DREAMPlace - optimizer step 2.340 ms
[INFO   ] DREAMPlace - iteration   22, (  22,  0,  0), Obj 1.919349E+07, DensityWeight 1.040396E-11, wHPWL 6.086309E+07, Overflow 8.709724E-01, MaxDensity 4.099E+03, gamma 8.725945E+02, time 0.693ms
[INFO   ] DREAMPlace - full step 3.499 ms
[INFO   ] DREAMPlace - optimizer step 2.192 ms
[INFO   ] DREAMPlace - iteration   23, (  23,  0,  0), Obj 1.928851E+07, DensityWeight 1.083287E-11, wHPWL 6.095345E+07, Overflow 8.683090E-01, MaxDensity 3.717E+03, gamma 8.627939E+02, time 0.693ms
[INFO   ] DREAMPlace - full step 3.357 ms
[INFO   ] DREAMPlace - optimizer step 2.149 ms
[INFO   ] DREAMPlace - iteration   24, (  24,  0,  0), Obj 1.933583E+07, DensityWeight 1.140830E-11, wHPWL 6.096911E+07, Overflow 8.659880E-01, MaxDensity 3.632E+03, gamma 8.511154E+02, time 0.684ms
[INFO   ] DREAMPlace - full step 3.326 ms
[INFO   ] DREAMPlace - optimizer step 2.131 ms
[INFO   ] DREAMPlace - iteration   25, (  25,  0,  0), Obj 1.942081E+07, DensityWeight 1.219456E-11, wHPWL 6.096498E+07, Overflow 8.637894E-01, MaxDensity 3.494E+03, gamma 8.410671E+02, time 0.692ms
[INFO   ] DREAMPlace - full step 3.289 ms
[INFO   ] DREAMPlace - optimizer step 2.149 ms
[INFO   ] DREAMPlace - iteration   26, (  26,  0,  0), Obj 1.949679E+07, DensityWeight 1.302723E-11, wHPWL 6.098973E+07, Overflow 8.615077E-01, MaxDensity 3.319E+03, gamma 8.316584E+02, time 0.665ms
[INFO   ] DREAMPlace - full step 3.273 ms
[INFO   ] DREAMPlace - optimizer step 2.131 ms
[INFO   ] DREAMPlace - iteration   27, (  27,  0,  0), Obj 1.957439E+07, DensityWeight 1.389984E-11, wHPWL 6.102213E+07, Overflow 8.588130E-01, MaxDensity 3.115E+03, gamma 8.220053E+02, time 0.668ms
[INFO   ] DREAMPlace - full step 3.288 ms
[INFO   ] DREAMPlace - optimizer step 2.123 ms
[INFO   ] DREAMPlace - iteration   28, (  28,  0,  0), Obj 1.965624E+07, DensityWeight 1.480831E-11, wHPWL 6.102707E+07, Overflow 8.573749E-01, MaxDensity 2.895E+03, gamma 8.107489E+02, time 0.687ms
[INFO   ] DREAMPlace - full step 3.262 ms
[INFO   ] DREAMPlace - optimizer step 2.146 ms
[INFO   ] DREAMPlace - iteration   29, (  29,  0,  0), Obj 1.976615E+07, DensityWeight 1.586274E-11, wHPWL 6.100229E+07, Overflow 8.555498E-01, MaxDensity 2.671E+03, gamma 8.048046E+02, time 0.651ms
[INFO   ] DREAMPlace - full step 3.275 ms
[INFO   ] DREAMPlace - optimizer step 2.177 ms
[INFO   ] DREAMPlace - iteration   30, (  30,  0,  0), Obj 1.979179E+07, DensityWeight 1.693619E-11, wHPWL 6.097246E+07, Overflow 8.537461E-01, MaxDensity 2.457E+03, gamma 7.973239E+02, time 0.674ms
[INFO   ] DREAMPlace - full step 3.311 ms
[INFO   ] DREAMPlace - optimizer step 2.135 ms
[INFO   ] DREAMPlace - iteration   31, (  31,  0,  0), Obj 1.985000E+07, DensityWeight 1.807969E-11, wHPWL 6.094582E+07, Overflow 8.517392E-01, MaxDensity 2.260E+03, gamma 7.899987E+02, time 0.678ms
[INFO   ] DREAMPlace - full step 3.278 ms
[INFO   ] DREAMPlace - optimizer step 2.140 ms
[INFO   ] DREAMPlace - iteration   32, (  32,  0,  0), Obj 1.991170E+07, DensityWeight 1.929764E-11, wHPWL 6.092523E+07, Overflow 8.499998E-01, MaxDensity 2.080E+03, gamma 7.819281E+02, time 0.674ms
[INFO   ] DREAMPlace - full step 3.333 ms
[INFO   ] DREAMPlace - optimizer step 2.198 ms
[INFO   ] DREAMPlace - iteration   33, (  33,  0,  0), Obj 1.999154E+07, DensityWeight 2.059470E-11, wHPWL 6.090036E+07, Overflow 8.484830E-01, MaxDensity 1.914E+03, gamma 7.749996E+02, time 0.687ms
[INFO   ] DREAMPlace - full step 3.371 ms
[INFO   ] DREAMPlace - optimizer step 2.159 ms
[INFO   ] DREAMPlace - iteration   34, (  34,  0,  0), Obj 2.005334E+07, DensityWeight 2.197579E-11, wHPWL 6.086503E+07, Overflow 8.468553E-01, MaxDensity 1.772E+03, gamma 7.690075E+02, time 0.688ms
[INFO   ] DREAMPlace - full step 3.320 ms
[INFO   ] DREAMPlace - optimizer step 2.140 ms
[INFO   ] DREAMPlace - iteration   35, (  35,  0,  0), Obj 2.010175E+07, DensityWeight 2.344614E-11, wHPWL 6.081966E+07, Overflow 8.454913E-01, MaxDensity 1.658E+03, gamma 7.626295E+02, time 0.669ms
[INFO   ] DREAMPlace - full step 3.283 ms
[INFO   ] DREAMPlace - optimizer step 2.107 ms
[INFO   ] DREAMPlace - iteration   36, (  36,  0,  0), Obj 2.016030E+07, DensityWeight 2.501130E-11, wHPWL 6.077460E+07, Overflow 8.446808E-01, MaxDensity 1.572E+03, gamma 7.573254E+02, time 0.664ms
[INFO   ] DREAMPlace - full step 3.232 ms
[INFO   ] DREAMPlace - optimizer step 2.137 ms
[INFO   ] DREAMPlace - iteration   37, (  37,  0,  0), Obj 2.020582E+07, DensityWeight 2.667712E-11, wHPWL 6.073264E+07, Overflow 8.434582E-01, MaxDensity 1.523E+03, gamma 7.541912E+02, time 0.672ms
[INFO   ] DREAMPlace - full step 3.271 ms
[INFO   ] DREAMPlace - optimizer step 2.128 ms
[INFO   ] DREAMPlace - iteration   38, (  38,  0,  0), Obj 2.021487E+07, DensityWeight 2.844982E-11, wHPWL 6.069124E+07, Overflow 8.425825E-01, MaxDensity 1.505E+03, gamma 7.494877E+02, time 0.673ms
[INFO   ] DREAMPlace - full step 3.266 ms
[INFO   ] DREAMPlace - optimizer step 2.220 ms
[INFO   ] DREAMPlace - iteration   39, (  39,  0,  0), Obj 2.025409E+07, DensityWeight 3.033598E-11, wHPWL 6.064506E+07, Overflow 8.416403E-01, MaxDensity 1.492E+03, gamma 7.461368E+02, time 0.672ms
[INFO   ] DREAMPlace - full step 3.353 ms
[INFO   ] DREAMPlace - plotting to lambdaramp_results/s143/adaptec1/plot/iter0040.png takes 1.379 seconds
[INFO   ] DREAMPlace - optimizer step 5.193 ms
[INFO   ] DREAMPlace - iteration   40, (  40,  0,  0), Obj 2.027176E+07, DensityWeight 3.234257E-11, wHPWL 6.060277E+07, Overflow 8.410756E-01, MaxDensity 1.458E+03, gamma 7.425483E+02, time 0.656ms
[INFO   ] DREAMPlace - full step 1386.909 ms
[INFO   ] DREAMPlace - optimizer step 2.376 ms
[INFO   ] DREAMPlace - iteration   41, (  41,  0,  0), Obj 2.029767E+07, DensityWeight 3.447694E-11, wHPWL 6.056515E+07, Overflow 8.405312E-01, MaxDensity 1.386E+03, gamma 7.404058E+02, time 0.777ms
[INFO   ] DREAMPlace - full step 3.889 ms
[INFO   ] DREAMPlace - optimizer step 2.482 ms
[INFO   ] DREAMPlace - iteration   42, (  42,  0,  0), Obj 2.029933E+07, DensityWeight 3.674692E-11, wHPWL 6.053165E+07, Overflow 8.397145E-01, MaxDensity 1.274E+03, gamma 7.383461E+02, time 0.788ms
[INFO   ] DREAMPlace - full step 3.782 ms
[INFO   ] DREAMPlace - optimizer step 2.384 ms
[INFO   ] DREAMPlace - iteration   43, (  43,  0,  0), Obj 2.030162E+07, DensityWeight 3.916075E-11, wHPWL 6.049938E+07, Overflow 8.390009E-01, MaxDensity 1.123E+03, gamma 7.352670E+02, time 0.707ms
[INFO   ] DREAMPlace - full step 3.565 ms
[INFO   ] DREAMPlace - optimizer step 2.321 ms
[INFO   ] DREAMPlace - iteration   44, (  44,  0,  0), Obj 2.032398E+07, DensityWeight 4.172718E-11, wHPWL 6.047244E+07, Overflow 8.380978E-01, MaxDensity 1.156E+03, gamma 7.325872E+02, time 0.695ms
[INFO   ] DREAMPlace - full step 3.533 ms
[INFO   ] DREAMPlace - optimizer step 2.438 ms
[INFO   ] DREAMPlace - iteration   45, (  45,  0,  0), Obj 2.034286E+07, DensityWeight 4.445544E-11, wHPWL 6.045162E+07, Overflow 8.369200E-01, MaxDensity 1.207E+03, gamma 7.292097E+02, time 0.700ms
[INFO   ] DREAMPlace - full step 3.642 ms
[INFO   ] DREAMPlace - optimizer step 2.495 ms
[INFO   ] DREAMPlace - iteration   46, (  46,  0,  0), Obj 2.037594E+07, DensityWeight 4.735531E-11, wHPWL 6.043512E+07, Overflow 8.355436E-01, MaxDensity 1.206E+03, gamma 7.248283E+02, time 0.706ms
[INFO   ] DREAMPlace - full step 3.738 ms
[INFO   ] DREAMPlace - optimizer step 2.379 ms
[INFO   ] DREAMPlace - iteration   47, (  47,  0,  0), Obj 2.042976E+07, DensityWeight 5.043713E-11, wHPWL 6.041834E+07, Overflow 8.342456E-01, MaxDensity 1.152E+03, gamma 7.197412E+02, time 0.692ms
[INFO   ] DREAMPlace - full step 3.607 ms
[INFO   ] DREAMPlace - optimizer step 2.316 ms
[INFO   ] DREAMPlace - iteration   48, (  48,  0,  0), Obj 2.049816E+07, DensityWeight 5.371183E-11, wHPWL 6.040272E+07, Overflow 8.328605E-01, MaxDensity 1.047E+03, gamma 7.149770E+02, time 0.747ms
[INFO   ] DREAMPlace - full step 3.578 ms
[INFO   ] DREAMPlace - optimizer step 2.412 ms
[INFO   ] DREAMPlace - iteration   49, (  49,  0,  0), Obj 2.056328E+07, DensityWeight 5.719096E-11, wHPWL 6.038674E+07, Overflow 8.317234E-01, MaxDensity 1.078E+03, gamma 7.099274E+02, time 0.717ms
[INFO   ] DREAMPlace - full step 3.639 ms
[INFO   ] DREAMPlace - optimizer step 2.342 ms
[INFO   ] DREAMPlace - iteration   50, (  50,  0,  0), Obj 2.063494E+07, DensityWeight 6.088675E-11, wHPWL 6.037106E+07, Overflow 8.305734E-01, MaxDensity 1.051E+03, gamma 7.058088E+02, time 0.734ms
[INFO   ] DREAMPlace - full step 3.569 ms
[INFO   ] DREAMPlace - optimizer step 2.479 ms
[INFO   ] DREAMPlace - iteration   51, (  51,  0,  0), Obj 2.069126E+07, DensityWeight 6.481209E-11, wHPWL 6.035491E+07, Overflow 8.294126E-01, MaxDensity 1.043E+03, gamma 7.016679E+02, time 0.758ms
[INFO   ] DREAMPlace - full step 3.734 ms
[INFO   ] DREAMPlace - optimizer step 2.367 ms
[INFO   ] DREAMPlace - iteration   52, (  52,  0,  0), Obj 2.074885E+07, DensityWeight 6.898063E-11, wHPWL 6.034056E+07, Overflow 8.283134E-01, MaxDensity 1.200E+03, gamma 6.975129E+02, time 0.700ms
[INFO   ] DREAMPlace - full step 3.603 ms
[INFO   ] DREAMPlace - optimizer step 2.368 ms
[INFO   ] DREAMPlace - iteration   53, (  53,  0,  0), Obj 2.080893E+07, DensityWeight 7.340678E-11, wHPWL 6.032846E+07, Overflow 8.269767E-01, MaxDensity 1.300E+03, gamma 6.936006E+02, time 3.093ms
[INFO   ] DREAMPlace - full step 6.063 ms
[INFO   ] DREAMPlace - optimizer step 4.699 ms
[INFO   ] DREAMPlace - iteration   54, (  54,  0,  0), Obj 2.086560E+07, DensityWeight 7.810576E-11, wHPWL 6.031947E+07, Overflow 8.260735E-01, MaxDensity 1.321E+03, gamma 6.888725E+02, time 0.743ms
[INFO   ] DREAMPlace - full step 5.996 ms
[INFO   ] DREAMPlace - optimizer step 2.350 ms
[INFO   ] DREAMPlace - iteration   55, (  55,  0,  0), Obj 2.093997E+07, DensityWeight 8.309365E-11, wHPWL 6.031247E+07, Overflow 8.254412E-01, MaxDensity 1.259E+03, gamma 6.856964E+02, time 0.718ms
[INFO   ] DREAMPlace - full step 3.553 ms
[INFO   ] DREAMPlace - optimizer step 2.717 ms
[INFO   ] DREAMPlace - iteration   56, (  56,  0,  0), Obj 2.098501E+07, DensityWeight 8.838744E-11, wHPWL 6.030628E+07, Overflow 8.249044E-01, MaxDensity 1.118E+03, gamma 6.834814E+02, time 1.125ms
[INFO   ] DREAMPlace - full step 4.355 ms
[INFO   ] DREAMPlace - optimizer step 9.092 ms
[INFO   ] DREAMPlace - iteration   57, (  57,  0,  0), Obj 2.101201E+07, DensityWeight 9.400504E-11, wHPWL 6.030106E+07, Overflow 8.241279E-01, MaxDensity 9.261E+02, gamma 6.816069E+02, time 0.731ms
[INFO   ] DREAMPlace - full step 10.353 ms
[INFO   ] DREAMPlace - optimizer step 2.409 ms
[INFO   ] DREAMPlace - iteration   58, (  58,  0,  0), Obj 2.103253E+07, DensityWeight 9.996538E-11, wHPWL 6.029874E+07, Overflow 8.235041E-01, MaxDensity 8.312E+02, gamma 6.789037E+02, time 0.678ms
[INFO   ] DREAMPlace - full step 3.594 ms
[INFO   ] DREAMPlace - optimizer step 2.368 ms
[INFO   ] DREAMPlace - iteration   59, (  59,  0,  0), Obj 2.107120E+07, DensityWeight 1.062884E-10, wHPWL 6.030294E+07, Overflow 8.227395E-01, MaxDensity 9.542E+02, gamma 6.767404E+02, time 0.704ms
[INFO   ] DREAMPlace - full step 3.580 ms
[INFO   ] DREAMPlace - optimizer step 2.649 ms
[INFO   ] DREAMPlace - iteration   60, (  60,  0,  0), Obj 2.110045E+07, DensityWeight 1.138736E-10, wHPWL 6.031205E+07, Overflow 8.222646E-01, MaxDensity 1.024E+03, gamma 6.740978E+02, time 0.728ms
[INFO   ] DREAMPlace - full step 3.868 ms
[INFO   ] DREAMPlace - optimizer step 3.035 ms
[INFO   ] DREAMPlace - iteration   61, (  61,  0,  0), Obj 2.114002E+07, DensityWeight 1.218807E-10, wHPWL 6.032254E+07, Overflow 8.218243E-01, MaxDensity 1.031E+03, gamma 6.724617E+02, time 0.746ms
[INFO   ] DREAMPlace - full step 4.250 ms
[INFO   ] DREAMPlace - optimizer step 3.321 ms
[INFO   ] DREAMPlace - iteration   62, (  62,  0,  0), Obj 2.115947E+07, DensityWeight 1.304150E-10, wHPWL 6.033202E+07, Overflow 8.214767E-01, MaxDensity 9.763E+02, gamma 6.709485E+02, time 0.720ms
[INFO   ] DREAMPlace - full step 4.559 ms
[INFO   ] DREAMPlace - optimizer step 2.987 ms
[INFO   ] DREAMPlace - iteration   63, (  63,  0,  0), Obj 2.117712E+07, DensityWeight 1.395747E-10, wHPWL 6.034280E+07, Overflow 8.211488E-01, MaxDensity 8.936E+02, gamma 6.697561E+02, time 8.846ms
[INFO   ] DREAMPlace - full step 12.349 ms
[INFO   ] DREAMPlace - optimizer step 2.486 ms
[INFO   ] DREAMPlace - iteration   64, (  64,  0,  0), Obj 2.118898E+07, DensityWeight 1.493395E-10, wHPWL 6.035706E+07, Overflow 8.207788E-01, MaxDensity 9.082E+02, gamma 6.686334E+02, time 0.734ms
[INFO   ] DREAMPlace - full step 3.718 ms
[INFO   ] DREAMPlace - optimizer step 2.360 ms
[INFO   ] DREAMPlace - iteration   65, (  65,  0,  0), Obj 2.120066E+07, DensityWeight 1.596765E-10, wHPWL 6.037506E+07, Overflow 8.203599E-01, MaxDensity 8.717E+02, gamma 6.673687E+02, time 0.690ms
[INFO   ] DREAMPlace - full step 3.567 ms
[INFO   ] DREAMPlace - optimizer step 2.546 ms
[INFO   ] DREAMPlace - iteration   66, (  66,  0,  0), Obj 2.121545E+07, DensityWeight 1.706014E-10, wHPWL 6.039505E+07, Overflow 8.204168E-01, MaxDensity 7.964E+02, gamma 6.659397E+02, time 0.709ms
[INFO   ] DREAMPlace - full step 3.747 ms
[INFO   ] DREAMPlace - optimizer step 2.512 ms
[INFO   ] DREAMPlace - iteration   67, (  67,  0,  0), Obj 2.123415E+07, DensityWeight 1.822020E-10, wHPWL 6.041482E+07, Overflow 8.202603E-01, MaxDensity 7.092E+02, gamma 6.661336E+02, time 1.921ms
[INFO   ] DREAMPlace - full step 4.951 ms
[INFO   ] DREAMPlace - optimizer step 2.315 ms
[INFO   ] DREAMPlace - iteration   68, (  68,  0,  0), Obj 2.122023E+07, DensityWeight 1.945995E-10, wHPWL 6.043512E+07, Overflow 8.203737E-01, MaxDensity 7.504E+02, gamma 6.656003E+02, time 0.677ms
[INFO   ] DREAMPlace - full step 3.476 ms
[INFO   ] DREAMPlace - optimizer step 2.237 ms
[INFO   ] DREAMPlace - iteration   69, (  69,  0,  0), Obj 2.122132E+07, DensityWeight 2.078192E-10, wHPWL 6.045610E+07, Overflow 8.204024E-01, MaxDensity 7.839E+02, gamma 6.659866E+02, time 0.681ms
[INFO   ] DREAMPlace - full step 3.379 ms
[INFO   ] DREAMPlace - optimizer step 2.442 ms
[INFO   ] DREAMPlace - iteration   70, (  70,  0,  0), Obj 2.120444E+07, DensityWeight 2.219062E-10, wHPWL 6.048071E+07, Overflow 8.202367E-01, MaxDensity 8.181E+02, gamma 6.660848E+02, time 0.718ms
[INFO   ] DREAMPlace - full step 3.678 ms
[INFO   ] DREAMPlace - optimizer step 2.349 ms
[INFO   ] DREAMPlace - iteration   71, (  71,  0,  0), Obj 2.119409E+07, DensityWeight 2.367771E-10, wHPWL 6.050684E+07, Overflow 8.199167E-01, MaxDensity 8.324E+02, gamma 6.655201E+02, time 0.693ms
[INFO   ] DREAMPlace - full step 3.549 ms
[INFO   ] DREAMPlace - optimizer step 2.199 ms
[INFO   ] DREAMPlace - iteration   72, (  72,  0,  0), Obj 2.119730E+07, DensityWeight 2.525678E-10, wHPWL 6.053540E+07, Overflow 8.195430E-01, MaxDensity 7.842E+02, gamma 6.644312E+02, time 0.671ms
[INFO   ] DREAMPlace - full step 3.368 ms
[INFO   ] DREAMPlace - optimizer step 2.327 ms
[INFO   ] DREAMPlace - iteration   73, (  73,  0,  0), Obj 2.121174E+07, DensityWeight 2.692817E-10, wHPWL 6.056151E+07, Overflow 8.191035E-01, MaxDensity 6.439E+02, gamma 6.631619E+02, time 0.680ms
[INFO   ] DREAMPlace - full step 3.509 ms
[INFO   ] DREAMPlace - optimizer step 6.986 ms
[INFO   ] DREAMPlace - iteration   74, (  74,  0,  0), Obj 2.123004E+07, DensityWeight 2.872410E-10, wHPWL 6.058764E+07, Overflow 8.185290E-01, MaxDensity 6.465E+02, gamma 6.616724E+02, time 4.733ms
[INFO   ] DREAMPlace - full step 12.197 ms
[INFO   ] DREAMPlace - optimizer step 2.172 ms
[INFO   ] DREAMPlace - iteration   75, (  75,  0,  0), Obj 2.125328E+07, DensityWeight 3.063977E-10, wHPWL 6.060875E+07, Overflow 8.180649E-01, MaxDensity 6.771E+02, gamma 6.597299E+02, time 0.663ms
[INFO   ] DREAMPlace - full step 3.323 ms
[INFO   ] DREAMPlace - optimizer step 2.553 ms
[INFO   ] DREAMPlace - iteration   76, (  76,  0,  0), Obj 2.128599E+07, DensityWeight 3.271586E-10, wHPWL 6.062907E+07, Overflow 8.177696E-01, MaxDensity 7.255E+02, gamma 6.581653E+02, time 0.735ms
[INFO   ] DREAMPlace - full step 3.799 ms
[INFO   ] DREAMPlace - optimizer step 2.308 ms
[INFO   ] DREAMPlace - iteration   77, (  77,  0,  0), Obj 2.131166E+07, DensityWeight 3.493812E-10, wHPWL 6.064407E+07, Overflow 8.175585E-01, MaxDensity 6.610E+02, gamma 6.571716E+02, time 0.709ms
[INFO   ] DREAMPlace - full step 3.487 ms
[INFO   ] DREAMPlace - optimizer step 2.157 ms
[INFO   ] DREAMPlace - iteration   78, (  78,  0,  0), Obj 2.132575E+07, DensityWeight 3.735097E-10, wHPWL 6.065858E+07, Overflow 8.174909E-01, MaxDensity 6.491E+02, gamma 6.564619E+02, time 0.678ms
[INFO   ] DREAMPlace - full step 3.363 ms
[INFO   ] DREAMPlace - optimizer step 2.437 ms
[INFO   ] DREAMPlace - iteration   79, (  79,  0,  0), Obj 2.133430E+07, DensityWeight 3.993434E-10, wHPWL 6.066866E+07, Overflow 8.174164E-01, MaxDensity 6.505E+02, gamma 6.562349E+02, time 0.741ms
[INFO   ] DREAMPlace - full step 3.681 ms
[INFO   ] DREAMPlace - plotting to lambdaramp_results/s143/adaptec1/plot/iter0080.png takes 1.425 seconds
[INFO   ] DREAMPlace - optimizer step 3.445 ms
[INFO   ] DREAMPlace - iteration   80, (  80,  0,  0), Obj 2.133310E+07, DensityWeight 4.273404E-10, wHPWL 6.068068E+07, Overflow 8.174797E-01, MaxDensity 5.473E+02, gamma 6.559847E+02, time 2.581ms
[INFO   ] DREAMPlace - full step 1435.616 ms
[INFO   ] DREAMPlace - optimizer step 2.251 ms
[INFO   ] DREAMPlace - iteration   81, (  81,  0,  0), Obj 2.133286E+07, DensityWeight 4.571239E-10, wHPWL 6.069089E+07, Overflow 8.176057E-01, MaxDensity 5.695E+02, gamma 6.561974E+02, time 0.707ms
[INFO   ] DREAMPlace - full step 3.501 ms
[INFO   ] DREAMPlace - optimizer step 2.147 ms
[INFO   ] DREAMPlace - iteration   82, (  82,  0,  0), Obj 2.132332E+07, DensityWeight 4.891600E-10, wHPWL 6.070386E+07, Overflow 8.177047E-01, MaxDensity 6.724E+02, gamma 6.566205E+02, time 0.680ms
[INFO   ] DREAMPlace - full step 3.306 ms
[INFO   ] DREAMPlace - optimizer step 2.194 ms
[INFO   ] DREAMPlace - iteration   83, (  83,  0,  0), Obj 2.130971E+07, DensityWeight 5.231528E-10, wHPWL 6.071455E+07, Overflow 8.177605E-01, MaxDensity 6.805E+02, gamma 6.569532E+02, time 0.672ms
[INFO   ] DREAMPlace - full step 3.326 ms
[INFO   ] DREAMPlace - optimizer step 2.146 ms
[INFO   ] DREAMPlace - iteration   84, (  84,  0,  0), Obj 2.129800E+07, DensityWeight 5.597631E-10, wHPWL 6.072777E+07, Overflow 8.177696E-01, MaxDensity 5.662E+02, gamma 6.571409E+02, time 0.672ms
[INFO   ] DREAMPlace - full step 3.283 ms
[INFO   ] DREAMPlace - optimizer step 2.143 ms
[INFO   ] DREAMPlace - iteration   85, (  85,  0,  0), Obj 2.128967E+07, DensityWeight 5.986321E-10, wHPWL 6.073942E+07, Overflow 8.178468E-01, MaxDensity 5.710E+02, gamma 6.571716E+02, time 0.671ms
[INFO   ] DREAMPlace - full step 3.272 ms
[INFO   ] DREAMPlace - optimizer step 2.264 ms
[INFO   ] DREAMPlace - iteration   86, (  86,  0,  0), Obj 2.128477E+07, DensityWeight 6.404015E-10, wHPWL 6.075354E+07, Overflow 8.178840E-01, MaxDensity 5.653E+02, gamma 6.574312E+02, time 0.669ms
[INFO   ] DREAMPlace - full step 3.379 ms
[INFO   ] DREAMPlace - optimizer step 2.458 ms
[INFO   ] DREAMPlace - iteration   87, (  87,  0,  0), Obj 2.127543E+07, DensityWeight 6.847481E-10, wHPWL 6.076482E+07, Overflow 8.179261E-01, MaxDensity 5.222E+02, gamma 6.575564E+02, time 0.655ms
[INFO   ] DREAMPlace - full step 3.564 ms
[INFO   ] DREAMPlace - optimizer step 2.114 ms
[INFO   ] DREAMPlace - iteration   88, (  88,  0,  0), Obj 2.126882E+07, DensityWeight 7.325786E-10, wHPWL 6.077724E+07, Overflow 8.179083E-01, MaxDensity 5.541E+02, gamma 6.576979E+02, time 0.667ms
[INFO   ] DREAMPlace - full step 3.225 ms
[INFO   ] DREAMPlace - optimizer step 2.126 ms
[INFO   ] DREAMPlace - iteration   89, (  89,  0,  0), Obj 2.126211E+07, DensityWeight 7.835739E-10, wHPWL 6.078689E+07, Overflow 8.181013E-01, MaxDensity 5.757E+02, gamma 6.576382E+02, time 0.664ms
[INFO   ] DREAMPlace - full step 3.265 ms
[INFO   ] DREAMPlace - optimizer step 2.154 ms
[INFO   ] DREAMPlace - iteration   90, (  90,  0,  0), Obj 2.125968E+07, DensityWeight 8.385817E-10, wHPWL 6.079830E+07, Overflow 8.181213E-01, MaxDensity 4.948E+02, gamma 6.582880E+02, time 0.671ms
[INFO   ] DREAMPlace - full step 3.287 ms
[INFO   ] DREAMPlace - optimizer step 2.173 ms
[INFO   ] DREAMPlace - iteration   91, (  91,  0,  0), Obj 2.124291E+07, DensityWeight 8.971355E-10, wHPWL 6.080703E+07, Overflow 8.182294E-01, MaxDensity 5.046E+02, gamma 6.583550E+02, time 0.662ms
[INFO   ] DREAMPlace - full step 3.282 ms
[INFO   ] DREAMPlace - optimizer step 2.125 ms
[INFO   ] DREAMPlace - iteration   92, (  92,  0,  0), Obj 2.123807E+07, DensityWeight 9.602907E-10, wHPWL 6.081743E+07, Overflow 8.183228E-01, MaxDensity 5.711E+02, gamma 6.587192E+02, time 0.671ms
[INFO   ] DREAMPlace - full step 3.248 ms
[INFO   ] DREAMPlace - optimizer step 2.144 ms
[INFO   ] DREAMPlace - iteration   93, (  93,  0,  0), Obj 2.122734E+07, DensityWeight 1.027550E-09, wHPWL 6.082526E+07, Overflow 8.184614E-01, MaxDensity 5.175E+02, gamma 6.590345E+02, time 0.662ms
[INFO   ] DREAMPlace - full step 3.254 ms
[INFO   ] DREAMPlace - optimizer step 2.164 ms
[INFO   ] DREAMPlace - iteration   94, (  94,  0,  0), Obj 2.121769E+07, DensityWeight 1.100085E-09, wHPWL 6.083491E+07, Overflow 8.185391E-01, MaxDensity 4.358E+02, gamma 6.595021E+02, time 0.666ms
[INFO   ] DREAMPlace - full step 3.294 ms
[INFO   ] DREAMPlace - optimizer step 2.172 ms
[INFO   ] DREAMPlace - iteration   95, (  95,  0,  0), Obj 2.120507E+07, DensityWeight 1.177311E-09, wHPWL 6.084227E+07, Overflow 8.186324E-01, MaxDensity 5.368E+02, gamma 6.597645E+02, time 1.256ms
[INFO   ] DREAMPlace - full step 3.885 ms
[INFO   ] DREAMPlace - optimizer step 2.149 ms
[INFO   ] DREAMPlace - iteration   96, (  96,  0,  0), Obj 2.119667E+07, DensityWeight 1.260535E-09, wHPWL 6.085112E+07, Overflow 8.187209E-01, MaxDensity 5.110E+02, gamma 6.600793E+02, time 0.665ms
[INFO   ] DREAMPlace - full step 3.268 ms
[INFO   ] DREAMPlace - optimizer step 2.125 ms
[INFO   ] DREAMPlace - iteration   97, (  97,  0,  0), Obj 2.118734E+07, DensityWeight 1.349240E-09, wHPWL 6.085770E+07, Overflow 8.186954E-01, MaxDensity 4.249E+02, gamma 6.603783E+02, time 0.666ms
[INFO   ] DREAMPlace - full step 3.246 ms
[INFO   ] DREAMPlace - optimizer step 2.421 ms
[INFO   ] DREAMPlace - iteration   98, (  98,  0,  0), Obj 2.117837E+07, DensityWeight 1.444841E-09, wHPWL 6.086554E+07, Overflow 8.187554E-01, MaxDensity 4.923E+02, gamma 6.602921E+02, time 0.671ms
[INFO   ] DREAMPlace - full step 3.538 ms
[INFO   ] DREAMPlace - optimizer step 2.163 ms
[INFO   ] DREAMPlace - iteration   99, (  99,  0,  0), Obj 2.117742E+07, DensityWeight 1.546828E-09, wHPWL 6.087116E+07, Overflow 8.187951E-01, MaxDensity 4.822E+02, gamma 6.604946E+02, time 0.689ms
[INFO   ] DREAMPlace - full step 3.297 ms
[INFO   ] DREAMPlace - optimizer step 2.223 ms
[INFO   ] DREAMPlace - iteration  100, ( 100,  0,  0), Obj 2.117058E+07, DensityWeight 1.656747E-09, wHPWL 6.087727E+07, Overflow 8.188990E-01, MaxDensity 4.267E+02, gamma 6.606288E+02, time 4.151ms
[INFO   ] DREAMPlace - full step 6.830 ms
[INFO   ] DREAMPlace - optimizer step 2.129 ms
[INFO   ] DREAMPlace - iteration  101, ( 101,  0,  0), Obj 2.116519E+07, DensityWeight 1.774305E-09, wHPWL 6.088102E+07, Overflow 8.189266E-01, MaxDensity 4.801E+02, gamma 6.609803E+02, time 0.655ms
[INFO   ] DREAMPlace - full step 3.249 ms
[INFO   ] DREAMPlace - optimizer step 2.158 ms
[INFO   ] DREAMPlace - iteration  102, ( 102,  0,  0), Obj 2.115534E+07, DensityWeight 1.901097E-09, wHPWL 6.088542E+07, Overflow 8.189965E-01, MaxDensity 4.439E+02, gamma 6.610739E+02, time 0.661ms
[INFO   ] DREAMPlace - full step 3.262 ms
[INFO   ] DREAMPlace - optimizer step 2.224 ms
[INFO   ] DREAMPlace - iteration  103, ( 103,  0,  0), Obj 2.115086E+07, DensityWeight 2.036684E-09, wHPWL 6.088829E+07, Overflow 8.190643E-01, MaxDensity 4.270E+02, gamma 6.613103E+02, time 0.659ms
[INFO   ] DREAMPlace - full step 3.324 ms
[INFO   ] DREAMPlace - optimizer step 2.102 ms
[INFO   ] DREAMPlace - iteration  104, ( 104,  0,  0), Obj 2.114351E+07, DensityWeight 2.182609E-09, wHPWL 6.089198E+07, Overflow 8.191009E-01, MaxDensity 4.724E+02, gamma 6.615396E+02, time 0.658ms
[INFO   ] DREAMPlace - full step 3.210 ms
[INFO   ] DREAMPlace - optimizer step 2.145 ms
[INFO   ] DREAMPlace - iteration  105, ( 105,  0,  0), Obj 2.113637E+07, DensityWeight 2.338610E-09, wHPWL 6.089392E+07, Overflow 8.190987E-01, MaxDensity 4.170E+02, gamma 6.616636E+02, time 1.995ms
[INFO   ] DREAMPlace - full step 4.602 ms
[INFO   ] DREAMPlace - optimizer step 9.268 ms
[INFO   ] DREAMPlace - iteration  106, ( 106,  0,  0), Obj 2.113136E+07, DensityWeight 2.506629E-09, wHPWL 6.089634E+07, Overflow 8.191284E-01, MaxDensity 4.199E+02, gamma 6.616559E+02, time 12.240ms
[INFO   ] DREAMPlace - full step 21.960 ms
[INFO   ] DREAMPlace - optimizer step 2.133 ms
[INFO   ] DREAMPlace - iteration  107, ( 107,  0,  0), Obj 2.112911E+07, DensityWeight 2.686467E-09, wHPWL 6.089686E+07, Overflow 8.193112E-01, MaxDensity 4.466E+02, gamma 6.617567E+02, time 0.659ms
[INFO   ] DREAMPlace - full step 3.246 ms
[INFO   ] DREAMPlace - optimizer step 2.128 ms
[INFO   ] DREAMPlace - iteration  108, ( 108,  0,  0), Obj 2.112468E+07, DensityWeight 2.880292E-09, wHPWL 6.089778E+07, Overflow 8.195032E-01, MaxDensity 3.798E+02, gamma 6.623760E+02, time 0.651ms
[INFO   ] DREAMPlace - full step 3.227 ms
[INFO   ] DREAMPlace - optimizer step 2.304 ms
[INFO   ] DREAMPlace - iteration  109, ( 109,  0,  0), Obj 2.110964E+07, DensityWeight 3.087865E-09, wHPWL 6.089681E+07, Overflow 8.196411E-01, MaxDensity 4.128E+02, gamma 6.630268E+02, time 0.659ms
[INFO   ] DREAMPlace - full step 3.412 ms
[INFO   ] DREAMPlace - optimizer step 2.174 ms
[INFO   ] DREAMPlace - iteration  110, ( 110,  0,  0), Obj 2.109392E+07, DensityWeight 3.259321E-09, wHPWL 6.089691E+07, Overflow 8.197430E-01, MaxDensity 4.057E+02, gamma 6.634951E+02, time 0.643ms
[INFO   ] DREAMPlace - full step 3.263 ms
[INFO   ] DREAMPlace - optimizer step 2.478 ms
[INFO   ] DREAMPlace - iteration  111, ( 111,  0,  0), Obj 2.108202E+07, DensityWeight 3.494774E-09, wHPWL 6.089627E+07, Overflow 8.198860E-01, MaxDensity 3.684E+02, gamma 6.638409E+02, time 0.644ms
[INFO   ] DREAMPlace - full step 3.581 ms
[INFO   ] DREAMPlace - optimizer step 2.129 ms
[INFO   ] DREAMPlace - iteration  112, ( 112,  0,  0), Obj 2.107271E+07, DensityWeight 3.687770E-09, wHPWL 6.089701E+07, Overflow 8.200679E-01, MaxDensity 4.107E+02, gamma 6.643267E+02, time 0.680ms
[INFO   ] DREAMPlace - full step 3.267 ms
[INFO   ] DREAMPlace - optimizer step 2.129 ms
[INFO   ] DREAMPlace - iteration  113, ( 113,  0,  0), Obj 2.106061E+07, DensityWeight 3.953670E-09, wHPWL 6.089618E+07, Overflow 8.201503E-01, MaxDensity 4.119E+02, gamma 6.649457E+02, time 0.661ms
[INFO   ] DREAMPlace - full step 3.243 ms
[INFO   ] DREAMPlace - optimizer step 2.084 ms
[INFO   ] DREAMPlace - iteration  114, ( 114,  0,  0), Obj 2.104574E+07, DensityWeight 4.170815E-09, wHPWL 6.089572E+07, Overflow 8.202273E-01, MaxDensity 4.180E+02, gamma 6.652256E+02, time 0.661ms
[INFO   ] DREAMPlace - full step 3.187 ms
[INFO   ] DREAMPlace - optimizer step 2.088 ms
[INFO   ] DREAMPlace - iteration  115, ( 115,  0,  0), Obj 2.103780E+07, DensityWeight 4.399256E-09, wHPWL 6.089367E+07, Overflow 8.202493E-01, MaxDensity 4.048E+02, gamma 6.654881E+02, time 0.673ms
[INFO   ] DREAMPlace - full step 3.201 ms
[INFO   ] DREAMPlace - optimizer step 2.130 ms
[INFO   ] DREAMPlace - iteration  116, ( 116,  0,  0), Obj 2.103030E+07, DensityWeight 4.639546E-09, wHPWL 6.089237E+07, Overflow 8.203714E-01, MaxDensity 3.771E+02, gamma 6.655628E+02, time 0.661ms
[INFO   ] DREAMPlace - full step 3.243 ms
[INFO   ] DREAMPlace - optimizer step 2.128 ms
[INFO   ] DREAMPlace - iteration  117, ( 117,  0,  0), Obj 2.102672E+07, DensityWeight 4.892261E-09, wHPWL 6.088938E+07, Overflow 8.205565E-01, MaxDensity 4.077E+02, gamma 6.659788E+02, time 0.673ms
[INFO   ] DREAMPlace - full step 3.243 ms
[INFO   ] DREAMPlace - optimizer step 2.175 ms
[INFO   ] DREAMPlace - iteration  118, ( 118,  0,  0), Obj 2.101618E+07, DensityWeight 5.158004E-09, wHPWL 6.088624E+07, Overflow 8.206515E-01, MaxDensity 4.148E+02, gamma 6.666101E+02, time 0.668ms
[INFO   ] DREAMPlace - full step 3.288 ms
[INFO   ] DREAMPlace - optimizer step 2.232 ms
[INFO   ] DREAMPlace - iteration  119, ( 119,  0,  0), Obj 2.100122E+07, DensityWeight 5.437404E-09, wHPWL 6.088107E+07, Overflow 8.206642E-01, MaxDensity 3.559E+02, gamma 6.669341E+02, time 0.664ms
[INFO   ] DREAMPlace - full step 3.344 ms
[INFO   ] DREAMPlace - plotting to lambdaramp_results/s143/adaptec1/plot/iter0120.png takes 1.378 seconds
[INFO   ] DREAMPlace - optimizer step 12.873 ms
[INFO   ] DREAMPlace - iteration  120, ( 120,  0,  0), Obj 2.099253E+07, DensityWeight 5.731120E-09, wHPWL 6.087701E+07, Overflow 8.207105E-01, MaxDensity 4.012E+02, gamma 6.669777E+02, time 0.653ms
[INFO   ] DREAMPlace - full step 1392.883 ms
[INFO   ] DREAMPlace - optimizer step 2.325 ms
[INFO   ] DREAMPlace - iteration  121, ( 121,  0,  0), Obj 2.098968E+07, DensityWeight 6.039836E-09, wHPWL 6.087178E+07, Overflow 8.207384E-01, MaxDensity 3.643E+02, gamma 6.671354E+02, time 0.746ms
[INFO   ] DREAMPlace - full step 3.644 ms
[INFO   ] DREAMPlace - optimizer step 2.257 ms
[INFO   ] DREAMPlace - iteration  122, ( 122,  0,  0), Obj 2.098458E+07, DensityWeight 6.364272E-09, wHPWL 6.086708E+07, Overflow 8.207557E-01, MaxDensity 3.980E+02, gamma 6.672307E+02, time 0.703ms
[INFO   ] DREAMPlace - full step 3.495 ms
[INFO   ] DREAMPlace - optimizer step 2.128 ms
[INFO   ] DREAMPlace - iteration  123, ( 123,  0,  0), Obj 2.098073E+07, DensityWeight 6.705177E-09, wHPWL 6.085998E+07, Overflow 8.208578E-01, MaxDensity 4.023E+02, gamma 6.672899E+02, time 0.661ms
[INFO   ] DREAMPlace - full step 3.290 ms
[INFO   ] DREAMPlace - optimizer step 2.240 ms
[INFO   ] DREAMPlace - iteration  124, ( 124,  0,  0), Obj 2.097757E+07, DensityWeight 7.063333E-09, wHPWL 6.085282E+07, Overflow 8.209044E-01, MaxDensity 4.139E+02, gamma 6.676384E+02, time 0.686ms
[INFO   ] DREAMPlace - full step 3.445 ms
[INFO   ] DREAMPlace - optimizer step 2.175 ms
[INFO   ] DREAMPlace - iteration  125, ( 125,  0,  0), Obj 2.096859E+07, DensityWeight 7.439555E-09, wHPWL 6.084385E+07, Overflow 8.209709E-01, MaxDensity 3.706E+02, gamma 6.677975E+02, time 0.690ms
[INFO   ] DREAMPlace - full step 3.327 ms
[INFO   ] DREAMPlace - optimizer step 2.190 ms
[INFO   ] DREAMPlace - iteration  126, ( 126,  0,  0), Obj 2.096351E+07, DensityWeight 7.834696E-09, wHPWL 6.083622E+07, Overflow 8.209738E-01, MaxDensity 4.067E+02, gamma 6.680249E+02, time 0.670ms
[INFO   ] DREAMPlace - full step 3.771 ms
[INFO   ] DREAMPlace - optimizer step 2.125 ms
[INFO   ] DREAMPlace - iteration  127, ( 127,  0,  0), Obj 2.095712E+07, DensityWeight 8.249645E-09, wHPWL 6.082723E+07, Overflow 8.209817E-01, MaxDensity 3.765E+02, gamma 6.680348E+02, time 0.671ms
[INFO   ] DREAMPlace - full step 3.261 ms
[INFO   ] DREAMPlace - optimizer step 2.196 ms
[INFO   ] DREAMPlace - iteration  128, ( 128,  0,  0), Obj 2.095515E+07, DensityWeight 8.685327E-09, wHPWL 6.081908E+07, Overflow 8.210154E-01, MaxDensity 4.075E+02, gamma 6.680620E+02, time 0.653ms
[INFO   ] DREAMPlace - full step 3.324 ms
[INFO   ] DREAMPlace - optimizer step 2.186 ms
[INFO   ] DREAMPlace - iteration  129, ( 129,  0,  0), Obj 2.095285E+07, DensityWeight 9.142711E-09, wHPWL 6.080906E+07, Overflow 8.211364E-01, MaxDensity 3.993E+02, gamma 6.681771E+02, time 0.685ms
[INFO   ] DREAMPlace - full step 3.353 ms
[INFO   ] DREAMPlace - optimizer step 2.269 ms
[INFO   ] DREAMPlace - iteration  130, ( 130,  0,  0), Obj 2.094879E+07, DensityWeight 9.622807E-09, wHPWL 6.079968E+07, Overflow 8.212581E-01, MaxDensity 4.179E+02, gamma 6.685911E+02, time 0.648ms
[INFO   ] DREAMPlace - full step 3.387 ms
[INFO   ] DREAMPlace - optimizer step 2.208 ms
[INFO   ] DREAMPlace - iteration  131, ( 131,  0,  0), Obj 2.093871E+07, DensityWeight 1.012666E-08, wHPWL 6.078899E+07, Overflow 8.213023E-01, MaxDensity 3.887E+02, gamma 6.690074E+02, time 0.666ms
[INFO   ] DREAMPlace - full step 3.328 ms
[INFO   ] DREAMPlace - optimizer step 2.185 ms
[INFO   ] DREAMPlace - iteration  132, ( 132,  0,  0), Obj 2.092860E+07, DensityWeight 1.065538E-08, wHPWL 6.077985E+07, Overflow 8.213973E-01, MaxDensity 3.548E+02, gamma 6.691587E+02, time 0.663ms
[INFO   ] DREAMPlace - full step 3.308 ms
[INFO   ] DREAMPlace - optimizer step 2.143 ms
[INFO   ] DREAMPlace - iteration  133, ( 133,  0,  0), Obj 2.092392E+07, DensityWeight 1.121010E-08, wHPWL 6.077007E+07, Overflow 8.214270E-01, MaxDensity 3.993E+02, gamma 6.694843E+02, time 0.664ms
[INFO   ] DREAMPlace - full step 3.250 ms
[INFO   ] DREAMPlace - optimizer step 2.115 ms
[INFO   ] DREAMPlace - iteration  134, ( 134,  0,  0), Obj 2.091577E+07, DensityWeight 1.179201E-08, wHPWL 6.076162E+07, Overflow 8.214458E-01, MaxDensity 3.698E+02, gamma 6.695859E+02, time 0.646ms
[INFO   ] DREAMPlace - full step 3.231 ms
[INFO   ] DREAMPlace - optimizer step 2.207 ms
[INFO   ] DREAMPlace - iteration  135, ( 135,  0,  0), Obj 2.091217E+07, DensityWeight 1.240235E-08, wHPWL 6.075212E+07, Overflow 8.214771E-01, MaxDensity 3.681E+02, gamma 6.696504E+02, time 0.694ms
[INFO   ] DREAMPlace - full step 3.371 ms
[INFO   ] DREAMPlace - optimizer step 2.205 ms
[INFO   ] DREAMPlace - iteration  136, ( 136,  0,  0), Obj 2.090933E+07, DensityWeight 1.304242E-08, wHPWL 6.074355E+07, Overflow 8.215325E-01, MaxDensity 3.658E+02, gamma 6.697574E+02, time 0.687ms
[INFO   ] DREAMPlace - full step 3.407 ms
[INFO   ] DREAMPlace - optimizer step 2.275 ms
[INFO   ] DREAMPlace - iteration  137, ( 137,  0,  0), Obj 2.090567E+07, DensityWeight 1.371356E-08, wHPWL 6.073371E+07, Overflow 8.215535E-01, MaxDensity 4.207E+02, gamma 6.699474E+02, time 1.033ms
[INFO   ] DREAMPlace - full step 3.898 ms
[INFO   ] DREAMPlace - optimizer step 2.320 ms
[INFO   ] DREAMPlace - iteration  138, ( 138,  0,  0), Obj 2.090036E+07, DensityWeight 1.441717E-08, wHPWL 6.072509E+07, Overflow 8.215605E-01, MaxDensity 3.882E+02, gamma 6.700197E+02, time 0.678ms
[INFO   ] DREAMPlace - full step 3.472 ms
[INFO   ] DREAMPlace - optimizer step 2.199 ms
[INFO   ] DREAMPlace - iteration  139, ( 139,  0,  0), Obj 2.089746E+07, DensityWeight 1.515471E-08, wHPWL 6.071558E+07, Overflow 8.216075E-01, MaxDensity 3.961E+02, gamma 6.700434E+02, time 0.659ms
[INFO   ] DREAMPlace - full step 3.313 ms
[INFO   ] DREAMPlace - optimizer step 2.197 ms
[INFO   ] DREAMPlace - iteration  140, ( 140,  0,  0), Obj 2.089558E+07, DensityWeight 1.592771E-08, wHPWL 6.070742E+07, Overflow 8.216324E-01, MaxDensity 3.943E+02, gamma 6.702045E+02, time 0.654ms
[INFO   ] DREAMPlace - full step 3.330 ms
[INFO   ] DREAMPlace - optimizer step 2.269 ms
[INFO   ] DREAMPlace - iteration  141, ( 141,  0,  0), Obj 2.089096E+07, DensityWeight 1.673775E-08, wHPWL 6.069820E+07, Overflow 8.216274E-01, MaxDensity 3.445E+02, gamma 6.702903E+02, time 0.665ms
[INFO   ] DREAMPlace - full step 3.419 ms
[INFO   ] DREAMPlace - optimizer step 4.625 ms
[INFO   ] DREAMPlace - iteration  142, ( 142,  0,  0), Obj 2.088786E+07, DensityWeight 1.758646E-08, wHPWL 6.069048E+07, Overflow 8.216510E-01, MaxDensity 3.799E+02, gamma 6.702728E+02, time 0.677ms
[INFO   ] DREAMPlace - full step 6.164 ms
[INFO   ] DREAMPlace - optimizer step 8.347 ms
[INFO   ] DREAMPlace - iteration  143, ( 143,  0,  0), Obj 2.088688E+07, DensityWeight 1.847557E-08, wHPWL 6.068190E+07, Overflow 8.216825E-01, MaxDensity 3.650E+02, gamma 6.703539E+02, time 0.686ms
[INFO   ] DREAMPlace - full step 9.505 ms
[INFO   ] DREAMPlace - optimizer step 2.208 ms
[INFO   ] DREAMPlace - iteration  144, ( 144,  0,  0), Obj 2.088396E+07, DensityWeight 1.940685E-08, wHPWL 6.067483E+07, Overflow 8.216863E-01, MaxDensity 3.957E+02, gamma 6.704619E+02, time 0.667ms
[INFO   ] DREAMPlace - full step 3.329 ms
[INFO   ] DREAMPlace - optimizer step 15.715 ms
[INFO   ] DREAMPlace - iteration  145, ( 145,  0,  0), Obj 2.088051E+07, DensityWeight 2.038216E-08, wHPWL 6.066701E+07, Overflow 8.216804E-01, MaxDensity 3.222E+02, gamma 6.704750E+02, time 0.670ms
[INFO   ] DREAMPlace - full step 16.876 ms
[INFO   ] DREAMPlace - optimizer step 2.226 ms
[INFO   ] DREAMPlace - iteration  146, ( 146,  0,  0), Obj 2.087899E+07, DensityWeight 2.140343E-08, wHPWL 6.066084E+07, Overflow 8.216650E-01, MaxDensity 4.121E+02, gamma 6.704548E+02, time 0.688ms
[INFO   ] DREAMPlace - full step 3.412 ms
[INFO   ] DREAMPlace - optimizer step 2.269 ms
[INFO   ] DREAMPlace - iteration  147, ( 147,  0,  0), Obj 2.087818E+07, DensityWeight 2.247265E-08, wHPWL 6.065394E+07, Overflow 8.216767E-01, MaxDensity 3.660E+02, gamma 6.704017E+02, time 0.689ms
[INFO   ] DREAMPlace - full step 3.461 ms
[INFO   ] DREAMPlace - optimizer step 2.223 ms
[INFO   ] DREAMPlace - iteration  148, ( 148,  0,  0), Obj 2.087807E+07, DensityWeight 2.359191E-08, wHPWL 6.064872E+07, Overflow 8.216049E-01, MaxDensity 3.511E+02, gamma 6.704420E+02, time 0.659ms
[INFO   ] DREAMPlace - full step 3.379 ms
[INFO   ] DREAMPlace - optimizer step 2.611 ms
[INFO   ] DREAMPlace - iteration  149, ( 149,  0,  0), Obj 2.087610E+07, DensityWeight 2.476338E-08, wHPWL 6.064270E+07, Overflow 8.215059E-01, MaxDensity 4.191E+02, gamma 6.701957E+02, time 0.911ms
[INFO   ] DREAMPlace - full step 4.058 ms
[INFO   ] DREAMPlace - optimizer step 3.274 ms
[INFO   ] DREAMPlace - iteration  150, ( 150,  0,  0), Obj 2.087992E+07, DensityWeight 2.598929E-08, wHPWL 6.063838E+07, Overflow 8.214780E-01, MaxDensity 3.840E+02, gamma 6.698563E+02, time 0.705ms
[INFO   ] DREAMPlace - full step 4.448 ms
[INFO   ] DREAMPlace - optimizer step 2.180 ms
[INFO   ] DREAMPlace - iteration  151, ( 151,  0,  0), Obj 2.088566E+07, DensityWeight 2.727200E-08, wHPWL 6.063310E+07, Overflow 8.214563E-01, MaxDensity 3.687E+02, gamma 6.697607E+02, time 0.657ms
[INFO   ] DREAMPlace - full step 3.303 ms
[INFO   ] DREAMPlace - optimizer step 2.142 ms
[INFO   ] DREAMPlace - iteration  152, ( 152,  0,  0), Obj 2.088653E+07, DensityWeight 2.861392E-08, wHPWL 6.062914E+07, Overflow 8.214553E-01, MaxDensity 3.808E+02, gamma 6.696861E+02, time 0.685ms
[INFO   ] DREAMPlace - full step 3.285 ms
[INFO   ] DREAMPlace - optimizer step 2.234 ms
[INFO   ] DREAMPlace - iteration  153, ( 153,  0,  0), Obj 2.088697E+07, DensityWeight 3.001758E-08, wHPWL 6.062436E+07, Overflow 8.214214E-01, MaxDensity 3.930E+02, gamma 6.696828E+02, time 2.619ms
[INFO   ] DREAMPlace - full step 5.315 ms
[INFO   ] DREAMPlace - optimizer step 2.775 ms
[INFO   ] DREAMPlace - iteration  154, ( 154,  0,  0), Obj 2.088600E+07, DensityWeight 3.148559E-08, wHPWL 6.062143E+07, Overflow 8.214551E-01, MaxDensity 3.430E+02, gamma 6.695667E+02, time 0.659ms
[INFO   ] DREAMPlace - full step 3.891 ms
[INFO   ] DREAMPlace - optimizer step 2.952 ms
[INFO   ] DREAMPlace - iteration  155, ( 155,  0,  0), Obj 2.088735E+07, DensityWeight 3.302067E-08, wHPWL 6.061826E+07, Overflow 8.214367E-01, MaxDensity 3.484E+02, gamma 6.696823E+02, time 0.674ms
[INFO   ] DREAMPlace - full step 4.108 ms
[INFO   ] DREAMPlace - optimizer step 2.286 ms
[INFO   ] DREAMPlace - iteration  156, ( 156,  0,  0), Obj 2.088410E+07, DensityWeight 3.462564E-08, wHPWL 6.061721E+07, Overflow 8.214386E-01, MaxDensity 4.010E+02, gamma 6.696191E+02, time 0.673ms
[INFO   ] DREAMPlace - full step 3.421 ms
[INFO   ] DREAMPlace - optimizer step 2.161 ms
[INFO   ] DREAMPlace - iteration  157, ( 157,  0,  0), Obj 2.088446E+07, DensityWeight 3.630343E-08, wHPWL 6.061590E+07, Overflow 8.214353E-01, MaxDensity 3.585E+02, gamma 6.696254E+02, time 0.671ms
[INFO   ] DREAMPlace - full step 3.334 ms
[INFO   ] DREAMPlace - optimizer step 2.095 ms
[INFO   ] DREAMPlace - iteration  158, ( 158,  0,  0), Obj 2.088345E+07, DensityWeight 3.805708E-08, wHPWL 6.061658E+07, Overflow 8.214105E-01, MaxDensity 4.001E+02, gamma 6.696144E+02, time 0.664ms
[INFO   ] DREAMPlace - full step 3.216 ms
[INFO   ] DREAMPlace - optimizer step 2.117 ms
[INFO   ] DREAMPlace - iteration  159, ( 159,  0,  0), Obj 2.088284E+07, DensityWeight 4.080164E-08, wHPWL 6.061692E+07, Overflow 8.214386E-01, MaxDensity 3.741E+02, gamma 6.695295E+02, time 0.659ms
[INFO   ] DREAMPlace - full step 3.270 ms
[INFO   ] DREAMPlace - plotting to lambdaramp_results/s143/adaptec1/plot/iter0160.png takes 1.416 seconds
[INFO   ] DREAMPlace - optimizer step 5.183 ms
[INFO   ] DREAMPlace - iteration  160, ( 160,  0,  0), Obj 2.088377E+07, DensityWeight 4.374710E-08, wHPWL 6.061946E+07, Overflow 8.214079E-01, MaxDensity 3.775E+02, gamma 6.696256E+02, time 0.686ms
[INFO   ] DREAMPlace - full step 1423.911 ms
[INFO   ] DREAMPlace - optimizer step 2.596 ms
[INFO   ] DREAMPlace - iteration  161, ( 161,  0,  0), Obj 2.088111E+07, DensityWeight 4.688451E-08, wHPWL 6.062169E+07, Overflow 8.213320E-01, MaxDensity 4.094E+02, gamma 6.695204E+02, time 1.099ms
[INFO   ] DREAMPlace - full step 4.476 ms
[INFO   ] DREAMPlace - optimizer step 4.121 ms
[INFO   ] DREAMPlace - iteration  162, ( 162,  0,  0), Obj 2.088256E+07, DensityWeight 5.025016E-08, wHPWL 6.062660E+07, Overflow 8.212081E-01, MaxDensity 3.693E+02, gamma 6.692605E+02, time 0.724ms
[INFO   ] DREAMPlace - full step 5.361 ms
[INFO   ] DREAMPlace - optimizer step 2.321 ms
[INFO   ] DREAMPlace - iteration  163, ( 163,  0,  0), Obj 2.088723E+07, DensityWeight 5.382858E-08, wHPWL 6.063156E+07, Overflow 8.210976E-01, MaxDensity 4.033E+02, gamma 6.688363E+02, time 0.715ms
[INFO   ] DREAMPlace - full step 3.551 ms
[INFO   ] DREAMPlace - optimizer step 2.376 ms
[INFO   ] DREAMPlace - iteration  164, ( 164,  0,  0), Obj 2.089532E+07, DensityWeight 5.766121E-08, wHPWL 6.063884E+07, Overflow 8.209785E-01, MaxDensity 4.495E+02, gamma 6.684582E+02, time 0.713ms
[INFO   ] DREAMPlace - full step 3.588 ms
[INFO   ] DREAMPlace - optimizer step 2.500 ms
[INFO   ] DREAMPlace - iteration  165, ( 165,  0,  0), Obj 2.090256E+07, DensityWeight 6.173834E-08, wHPWL 6.064557E+07, Overflow 8.208777E-01, MaxDensity 3.580E+02, gamma 6.680510E+02, time 0.901ms
[INFO   ] DREAMPlace - full step 3.916 ms
[INFO   ] DREAMPlace - optimizer step 30.468 ms
[INFO   ] DREAMPlace - iteration  166, ( 166,  0,  0), Obj 2.091046E+07, DensityWeight 6.611080E-08, wHPWL 6.065438E+07, Overflow 8.207352E-01, MaxDensity 3.916E+02, gamma 6.677065E+02, time 0.991ms
[INFO   ] DREAMPlace - full step 31.971 ms
[INFO   ] DREAMPlace - optimizer step 10.892 ms
[INFO   ] DREAMPlace - iteration  167, ( 167,  0,  0), Obj 2.091720E+07, DensityWeight 7.076371E-08, wHPWL 6.066307E+07, Overflow 8.205306E-01, MaxDensity 3.274E+02, gamma 6.672197E+02, time 16.054ms
[INFO   ] DREAMPlace - full step 27.517 ms
[INFO   ] DREAMPlace - optimizer step 2.275 ms
[INFO   ] DREAMPlace - iteration  168, ( 168,  0,  0), Obj 2.092696E+07, DensityWeight 7.574589E-08, wHPWL 6.067464E+07, Overflow 8.202876E-01, MaxDensity 3.958E+02, gamma 6.665215E+02, time 0.695ms
[INFO   ] DREAMPlace - full step 3.525 ms
[INFO   ] DREAMPlace - optimizer step 2.316 ms
[INFO   ] DREAMPlace - iteration  169, ( 169,  0,  0), Obj 2.094118E+07, DensityWeight 8.103219E-08, wHPWL 6.068646E+07, Overflow 8.200453E-01, MaxDensity 3.518E+02, gamma 6.656935E+02, time 0.686ms
[INFO   ] DREAMPlace - full step 3.519 ms
[INFO   ] DREAMPlace - optimizer step 2.332 ms
[INFO   ] DREAMPlace - iteration  170, ( 170,  0,  0), Obj 2.095821E+07, DensityWeight 8.668327E-08, wHPWL 6.070075E+07, Overflow 8.197843E-01, MaxDensity 3.228E+02, gamma 6.648686E+02, time 0.715ms
[INFO   ] DREAMPlace - full step 3.559 ms
[INFO   ] DREAMPlace - optimizer step 2.608 ms
[INFO   ] DREAMPlace - iteration  171, ( 171,  0,  0), Obj 2.097535E+07, DensityWeight 9.268277E-08, wHPWL 6.071464E+07, Overflow 8.195668E-01, MaxDensity 3.895E+02, gamma 6.639811E+02, time 0.695ms
[INFO   ] DREAMPlace - full step 3.800 ms
[INFO   ] DREAMPlace - optimizer step 2.293 ms
[INFO   ] DREAMPlace - iteration  172, ( 172,  0,  0), Obj 2.099394E+07, DensityWeight 9.910540E-08, wHPWL 6.073098E+07, Overflow 8.193514E-01, MaxDensity 3.558E+02, gamma 6.632429E+02, time 0.685ms
[INFO   ] DREAMPlace - full step 3.486 ms
[INFO   ] DREAMPlace - optimizer step 2.164 ms
[INFO   ] DREAMPlace - iteration  173, ( 173,  0,  0), Obj 2.100973E+07, DensityWeight 1.059211E-07, wHPWL 6.074755E+07, Overflow 8.191289E-01, MaxDensity 2.975E+02, gamma 6.625120E+02, time 0.676ms
[INFO   ] DREAMPlace - full step 3.336 ms
[INFO   ] DREAMPlace - optimizer step 2.230 ms
[INFO   ] DREAMPlace - iteration  174, ( 174,  0,  0), Obj 2.102562E+07, DensityWeight 1.132007E-07, wHPWL 6.076757E+07, Overflow 8.188801E-01, MaxDensity 3.295E+02, gamma 6.617583E+02, time 0.667ms
[INFO   ] DREAMPlace - full step 3.376 ms
[INFO   ] DREAMPlace - optimizer step 2.253 ms
[INFO   ] DREAMPlace - iteration  175, ( 175,  0,  0), Obj 2.104228E+07, DensityWeight 1.208973E-07, wHPWL 6.078858E+07, Overflow 8.185928E-01, MaxDensity 3.613E+02, gamma 6.609163E+02, time 0.700ms
[INFO   ] DREAMPlace - full step 3.439 ms
[INFO   ] DREAMPlace - optimizer step 2.248 ms
[INFO   ] DREAMPlace - iteration  176, ( 176,  0,  0), Obj 2.106105E+07, DensityWeight 1.290916E-07, wHPWL 6.081340E+07, Overflow 8.182659E-01, MaxDensity 3.086E+02, gamma 6.599454E+02, time 0.669ms
[INFO   ] DREAMPlace - full step 3.388 ms
[INFO   ] DREAMPlace - optimizer step 2.333 ms
[INFO   ] DREAMPlace - iteration  177, ( 177,  0,  0), Obj 2.108282E+07, DensityWeight 1.377369E-07, wHPWL 6.083930E+07, Overflow 8.180087E-01, MaxDensity 2.930E+02, gamma 6.588427E+02, time 2.503ms
[INFO   ] DREAMPlace - full step 5.320 ms
[INFO   ] DREAMPlace - optimizer step 2.295 ms
[INFO   ] DREAMPlace - iteration  178, ( 178,  0,  0), Obj 2.110770E+07, DensityWeight 1.469294E-07, wHPWL 6.086898E+07, Overflow 8.177823E-01, MaxDensity 3.524E+02, gamma 6.579761E+02, time 0.703ms
[INFO   ] DREAMPlace - full step 3.477 ms
[INFO   ] DREAMPlace - optimizer step 2.171 ms
[INFO   ] DREAMPlace - iteration  179, ( 179,  0,  0), Obj 2.112816E+07, DensityWeight 1.566172E-07, wHPWL 6.089970E+07, Overflow 8.174621E-01, MaxDensity 2.926E+02, gamma 6.572141E+02, time 0.652ms
[INFO   ] DREAMPlace - full step 3.300 ms
[INFO   ] DREAMPlace - optimizer step 2.423 ms
[INFO   ] DREAMPlace - iteration  180, ( 180,  0,  0), Obj 2.114687E+07, DensityWeight 1.669096E-07, wHPWL 6.093462E+07, Overflow 8.172423E-01, MaxDensity 3.125E+02, gamma 6.561384E+02, time 0.670ms
[INFO   ] DREAMPlace - full step 3.612 ms
[INFO   ] DREAMPlace - optimizer step 2.296 ms
[INFO   ] DREAMPlace - iteration  181, ( 181,  0,  0), Obj 2.117255E+07, DensityWeight 1.777291E-07, wHPWL 6.097148E+07, Overflow 8.168197E-01, MaxDensity 2.707E+02, gamma 6.554008E+02, time 0.684ms
[INFO   ] DREAMPlace - full step 3.495 ms
[INFO   ] DREAMPlace - optimizer step 2.340 ms
[INFO   ] DREAMPlace - iteration  182, ( 182,  0,  0), Obj 2.119192E+07, DensityWeight 1.891771E-07, wHPWL 6.101337E+07, Overflow 8.163874E-01, MaxDensity 3.041E+02, gamma 6.539850E+02, time 0.695ms
[INFO   ] DREAMPlace - full step 3.523 ms
[INFO   ] DREAMPlace - optimizer step 2.261 ms
[INFO   ] DREAMPlace - iteration  183, ( 183,  0,  0), Obj 2.122595E+07, DensityWeight 2.011602E-07, wHPWL 6.105751E+07, Overflow 8.159733E-01, MaxDensity 3.159E+02, gamma 6.525399E+02, time 0.655ms
[INFO   ] DREAMPlace - full step 3.404 ms
[INFO   ] DREAMPlace - optimizer step 2.261 ms
[INFO   ] DREAMPlace - iteration  184, ( 184,  0,  0), Obj 2.126140E+07, DensityWeight 2.138067E-07, wHPWL 6.110614E+07, Overflow 8.155574E-01, MaxDensity 2.901E+02, gamma 6.511589E+02, time 0.698ms
[INFO   ] DREAMPlace - full step 3.435 ms
[INFO   ] DREAMPlace - optimizer step 2.207 ms
[INFO   ] DREAMPlace - iteration  185, ( 185,  0,  0), Obj 2.129628E+07, DensityWeight 2.270451E-07, wHPWL 6.115594E+07, Overflow 8.152086E-01, MaxDensity 2.459E+02, gamma 6.497747E+02, time 0.695ms
[INFO   ] DREAMPlace - full step 3.405 ms
[INFO   ] DREAMPlace - optimizer step 2.203 ms
[INFO   ] DREAMPlace - iteration  186, ( 186,  0,  0), Obj 2.133191E+07, DensityWeight 2.410471E-07, wHPWL 6.120991E+07, Overflow 8.147538E-01, MaxDensity 2.726E+02, gamma 6.486157E+02, time 0.679ms
[INFO   ] DREAMPlace - full step 3.376 ms
[INFO   ] DREAMPlace - optimizer step 2.191 ms
[INFO   ] DREAMPlace - iteration  187, ( 187,  0,  0), Obj 2.136370E+07, DensityWeight 2.556993E-07, wHPWL 6.126566E+07, Overflow 8.143012E-01, MaxDensity 2.752E+02, gamma 6.471080E+02, time 0.685ms
[INFO   ] DREAMPlace - full step 3.368 ms
[INFO   ] DREAMPlace - optimizer step 2.263 ms
[INFO   ] DREAMPlace - iteration  188, ( 188,  0,  0), Obj 2.140382E+07, DensityWeight 2.711467E-07, wHPWL 6.132726E+07, Overflow 8.137855E-01, MaxDensity 2.629E+02, gamma 6.456113E+02, time 0.709ms
[INFO   ] DREAMPlace - full step 3.482 ms
[INFO   ] DREAMPlace - optimizer step 2.220 ms
[INFO   ] DREAMPlace - iteration  189, ( 189,  0,  0), Obj 2.144504E+07, DensityWeight 2.871916E-07, wHPWL 6.139162E+07, Overflow 8.133041E-01, MaxDensity 2.549E+02, gamma 6.439099E+02, time 0.751ms
[INFO   ] DREAMPlace - full step 3.487 ms
[INFO   ] DREAMPlace - optimizer step 8.369 ms
[INFO   ] DREAMPlace - iteration  190, ( 190,  0,  0), Obj 2.149172E+07, DensityWeight 3.040186E-07, wHPWL 6.146136E+07, Overflow 8.128704E-01, MaxDensity 2.393E+02, gamma 6.423259E+02, time 0.673ms
[INFO   ] DREAMPlace - full step 9.536 ms
[INFO   ] DREAMPlace - optimizer step 2.647 ms
[INFO   ] DREAMPlace - iteration  191, ( 191,  0,  0), Obj 2.153705E+07, DensityWeight 3.214868E-07, wHPWL 6.153263E+07, Overflow 8.124455E-01, MaxDensity 2.273E+02, gamma 6.409022E+02, time 5.082ms
[INFO   ] DREAMPlace - full step 8.217 ms
[INFO   ] DREAMPlace - optimizer step 2.273 ms
[INFO   ] DREAMPlace - iteration  192, ( 192,  0,  0), Obj 2.158004E+07, DensityWeight 3.398552E-07, wHPWL 6.160906E+07, Overflow 8.120168E-01, MaxDensity 2.083E+02, gamma 6.395102E+02, time 0.689ms
[INFO   ] DREAMPlace - full step 3.470 ms
[INFO   ] DREAMPlace - optimizer step 2.239 ms
[INFO   ] DREAMPlace - iteration  193, ( 193,  0,  0), Obj 2.162369E+07, DensityWeight 3.589040E-07, wHPWL 6.168818E+07, Overflow 8.116755E-01, MaxDensity 2.332E+02, gamma 6.381088E+02, time 0.688ms
[INFO   ] DREAMPlace - full step 3.440 ms
[INFO   ] DREAMPlace - optimizer step 2.214 ms
[INFO   ] DREAMPlace - iteration  194, ( 194,  0,  0), Obj 2.166913E+07, DensityWeight 3.788168E-07, wHPWL 6.177426E+07, Overflow 8.111926E-01, MaxDensity 2.249E+02, gamma 6.369956E+02, time 0.690ms
[INFO   ] DREAMPlace - full step 3.449 ms
[INFO   ] DREAMPlace - optimizer step 2.269 ms
[INFO   ] DREAMPlace - iteration  195, ( 195,  0,  0), Obj 2.171003E+07, DensityWeight 3.992795E-07, wHPWL 6.186379E+07, Overflow 8.105975E-01, MaxDensity 1.764E+02, gamma 6.354232E+02, time 0.726ms
[INFO   ] DREAMPlace - full step 3.494 ms
[INFO   ] DREAMPlace - optimizer step 2.243 ms
[INFO   ] DREAMPlace - iteration  196, ( 196,  0,  0), Obj 2.176206E+07, DensityWeight 4.205589E-07, wHPWL 6.195971E+07, Overflow 8.099723E-01, MaxDensity 2.051E+02, gamma 6.334915E+02, time 0.690ms
[INFO   ] DREAMPlace - full step 3.434 ms
[INFO   ] DREAMPlace - optimizer step 2.153 ms
[INFO   ] DREAMPlace - iteration  197, ( 197,  0,  0), Obj 2.182388E+07, DensityWeight 4.424085E-07, wHPWL 6.205898E+07, Overflow 8.091276E-01, MaxDensity 1.904E+02, gamma 6.314681E+02, time 0.670ms
[INFO   ] DREAMPlace - full step 3.305 ms
[INFO   ] DREAMPlace - optimizer step 2.095 ms
[INFO   ] DREAMPlace - iteration  198, ( 198,  0,  0), Obj 2.188979E+07, DensityWeight 4.650830E-07, wHPWL 6.216414E+07, Overflow 8.083010E-01, MaxDensity 1.730E+02, gamma 6.287448E+02, time 0.660ms
[INFO   ] DREAMPlace - full step 3.240 ms
[INFO   ] DREAMPlace - optimizer step 2.200 ms
[INFO   ] DREAMPlace - iteration  199, ( 199,  0,  0), Obj 2.197261E+07, DensityWeight 4.883453E-07, wHPWL 6.227052E+07, Overflow 8.075362E-01, MaxDensity 1.752E+02, gamma 6.260909E+02, time 0.662ms
[INFO   ] DREAMPlace - full step 3.343 ms
[INFO   ] DREAMPlace - plotting to lambdaramp_results/s143/adaptec1/plot/iter0200.png takes 1.489 seconds
[INFO   ] DREAMPlace - optimizer step 8.945 ms
[INFO   ] DREAMPlace - iteration  200, ( 200,  0,  0), Obj 2.205593E+07, DensityWeight 5.126457E-07, wHPWL 6.238002E+07, Overflow 8.067405E-01, MaxDensity 1.822E+02, gamma 6.236456E+02, time 0.670ms
[INFO   ] DREAMPlace - full step 1499.982 ms
[INFO   ] DREAMPlace - optimizer step 2.258 ms
[INFO   ] DREAMPlace - iteration  201, ( 201,  0,  0), Obj 2.213620E+07, DensityWeight 5.378216E-07, wHPWL 6.249019E+07, Overflow 8.059374E-01, MaxDensity 1.679E+02, gamma 6.211115E+02, time 0.738ms
[INFO   ] DREAMPlace - full step 3.719 ms
[INFO   ] DREAMPlace - optimizer step 2.332 ms
[INFO   ] DREAMPlace - iteration  202, ( 202,  0,  0), Obj 2.221961E+07, DensityWeight 5.641591E-07, wHPWL 6.260265E+07, Overflow 8.052530E-01, MaxDensity 1.448E+02, gamma 6.185645E+02, time 0.666ms
[INFO   ] DREAMPlace - full step 3.507 ms
[INFO   ] DREAMPlace - optimizer step 2.314 ms
[INFO   ] DREAMPlace - iteration  203, ( 203,  0,  0), Obj 2.230569E+07, DensityWeight 5.915151E-07, wHPWL 6.271817E+07, Overflow 8.044545E-01, MaxDensity 1.605E+02, gamma 6.164019E+02, time 0.718ms
[INFO   ] DREAMPlace - full step 3.556 ms
[INFO   ] DREAMPlace - optimizer step 2.168 ms
[INFO   ] DREAMPlace - iteration  204, ( 204,  0,  0), Obj 2.238519E+07, DensityWeight 6.198205E-07, wHPWL 6.283744E+07, Overflow 8.036146E-01, MaxDensity 1.357E+02, gamma 6.138885E+02, time 0.651ms
[INFO   ] DREAMPlace - full step 3.294 ms
[INFO   ] DREAMPlace - optimizer step 2.317 ms
[INFO   ] DREAMPlace - iteration  205, ( 205,  0,  0), Obj 2.247382E+07, DensityWeight 6.489936E-07, wHPWL 6.295886E+07, Overflow 8.027310E-01, MaxDensity 1.343E+02, gamma 6.112562E+02, time 7.143ms
[INFO   ] DREAMPlace - full step 9.961 ms
[INFO   ] DREAMPlace - optimizer step 2.309 ms
[INFO   ] DREAMPlace - iteration  206, ( 206,  0,  0), Obj 2.256708E+07, DensityWeight 6.792495E-07, wHPWL 6.308348E+07, Overflow 8.017143E-01, MaxDensity 1.250E+02, gamma 6.084985E+02, time 0.693ms
[INFO   ] DREAMPlace - full step 3.534 ms
[INFO   ] DREAMPlace - optimizer step 2.102 ms
[INFO   ] DREAMPlace - iteration  207, ( 207,  0,  0), Obj 2.266551E+07, DensityWeight 7.104637E-07, wHPWL 6.321162E+07, Overflow 8.007949E-01, MaxDensity 1.380E+02, gamma 6.053412E+02, time 0.666ms
[INFO   ] DREAMPlace - full step 3.244 ms
[INFO   ] DREAMPlace - optimizer step 2.200 ms
[INFO   ] DREAMPlace - iteration  208, ( 208,  0,  0), Obj 2.277416E+07, DensityWeight 7.425900E-07, wHPWL 6.334026E+07, Overflow 7.999343E-01, MaxDensity 1.131E+02, gamma 6.025002E+02, time 0.656ms
[INFO   ] DREAMPlace - full step 3.331 ms
[INFO   ] DREAMPlace - optimizer step 2.121 ms
[INFO   ] DREAMPlace - iteration  209, ( 209,  0,  0), Obj 2.287732E+07, DensityWeight 7.760903E-07, wHPWL 6.347119E+07, Overflow 7.990982E-01, MaxDensity 1.305E+02, gamma 5.998528E+02, time 0.646ms
[INFO   ] DREAMPlace - full step 3.271 ms
[INFO   ] DREAMPlace - optimizer step 2.145 ms
[INFO   ] DREAMPlace - iteration  210, ( 210,  0,  0), Obj 2.297550E+07, DensityWeight 8.107334E-07, wHPWL 6.360048E+07, Overflow 7.985215E-01, MaxDensity 1.047E+02, gamma 5.972919E+02, time 0.643ms
[INFO   ] DREAMPlace - full step 3.272 ms
[INFO   ] DREAMPlace - optimizer step 2.138 ms
[INFO   ] DREAMPlace - iteration  211, ( 211,  0,  0), Obj 2.307271E+07, DensityWeight 8.471997E-07, wHPWL 6.373263E+07, Overflow 7.978326E-01, MaxDensity 1.098E+02, gamma 5.955319E+02, time 0.653ms
[INFO   ] DREAMPlace - full step 3.269 ms
[INFO   ] DREAMPlace - optimizer step 2.099 ms
[INFO   ] DREAMPlace - iteration  212, ( 212,  0,  0), Obj 2.315176E+07, DensityWeight 8.848018E-07, wHPWL 6.386654E+07, Overflow 7.972176E-01, MaxDensity 1.105E+02, gamma 5.934365E+02, time 0.749ms
[INFO   ] DREAMPlace - full step 3.322 ms
[INFO   ] DREAMPlace - optimizer step 2.107 ms
[INFO   ] DREAMPlace - iteration  213, ( 213,  0,  0), Obj 2.323899E+07, DensityWeight 9.237485E-07, wHPWL 6.400447E+07, Overflow 7.961444E-01, MaxDensity 9.033E+01, gamma 5.915718E+02, time 0.658ms
[INFO   ] DREAMPlace - full step 3.238 ms
[INFO   ] DREAMPlace - optimizer step 2.332 ms
[INFO   ] DREAMPlace - iteration  214, ( 214,  0,  0), Obj 2.332204E+07, DensityWeight 9.636357E-07, wHPWL 6.414576E+07, Overflow 7.948888E-01, MaxDensity 1.049E+02, gamma 5.883323E+02, time 0.651ms
[INFO   ] DREAMPlace - full step 3.478 ms
[INFO   ] DREAMPlace - optimizer step 2.242 ms
[INFO   ] DREAMPlace - iteration  215, ( 215,  0,  0), Obj 2.344022E+07, DensityWeight 1.004574E-06, wHPWL 6.429311E+07, Overflow 7.932184E-01, MaxDensity 8.881E+01, gamma 5.845646E+02, time 0.719ms
[INFO   ] DREAMPlace - full step 3.455 ms
[INFO   ] DREAMPlace - optimizer step 2.132 ms
[INFO   ] DREAMPlace - iteration  216, ( 216,  0,  0), Obj 2.357378E+07, DensityWeight 1.045985E-06, wHPWL 6.444085E+07, Overflow 7.917367E-01, MaxDensity 9.053E+01, gamma 5.795893E+02, time 0.643ms
[INFO   ] DREAMPlace - full step 3.246 ms
[INFO   ] DREAMPlace - optimizer step 2.128 ms
[INFO   ] DREAMPlace - iteration  217, ( 217,  0,  0), Obj 2.373836E+07, DensityWeight 1.089020E-06, wHPWL 6.458914E+07, Overflow 7.902182E-01, MaxDensity 8.906E+01, gamma 5.752120E+02, time 0.679ms
[INFO   ] DREAMPlace - full step 3.302 ms
[INFO   ] DREAMPlace - optimizer step 2.335 ms
[INFO   ] DREAMPlace - iteration  218, ( 218,  0,  0), Obj 2.388696E+07, DensityWeight 1.133703E-06, wHPWL 6.472816E+07, Overflow 7.887030E-01, MaxDensity 8.323E+01, gamma 5.707599E+02, time 0.683ms
[INFO   ] DREAMPlace - full step 3.531 ms
[INFO   ] DREAMPlace - optimizer step 2.234 ms
[INFO   ] DREAMPlace - iteration  219, ( 219,  0,  0), Obj 2.403499E+07, DensityWeight 1.182399E-06, wHPWL 6.486323E+07, Overflow 7.874612E-01, MaxDensity 8.094E+01, gamma 5.663518E+02, time 0.688ms
[INFO   ] DREAMPlace - full step 3.434 ms
[INFO   ] DREAMPlace - optimizer step 2.154 ms
[INFO   ] DREAMPlace - iteration  220, ( 220,  0,  0), Obj 2.418031E+07, DensityWeight 1.234159E-06, wHPWL 6.499098E+07, Overflow 7.861348E-01, MaxDensity 7.548E+01, gamma 5.627645E+02, time 0.690ms
[INFO   ] DREAMPlace - full step 3.330 ms
[INFO   ] DREAMPlace - optimizer step 2.194 ms
[INFO   ] DREAMPlace - iteration  221, ( 221,  0,  0), Obj 2.430721E+07, DensityWeight 1.290066E-06, wHPWL 6.512276E+07, Overflow 7.851253E-01, MaxDensity 7.075E+01, gamma 5.589581E+02, time 0.650ms
[INFO   ] DREAMPlace - full step 3.334 ms
[INFO   ] DREAMPlace - optimizer step 2.740 ms
[INFO   ] DREAMPlace - iteration  222, ( 222,  0,  0), Obj 2.443449E+07, DensityWeight 1.347423E-06, wHPWL 6.524827E+07, Overflow 7.841918E-01, MaxDensity 6.997E+01, gamma 5.560781E+02, time 0.691ms
[INFO   ] DREAMPlace - full step 3.969 ms
[INFO   ] DREAMPlace - optimizer step 2.637 ms
[INFO   ] DREAMPlace - iteration  223, ( 223,  0,  0), Obj 2.453982E+07, DensityWeight 1.409091E-06, wHPWL 6.537682E+07, Overflow 7.835414E-01, MaxDensity 6.891E+01, gamma 5.534283E+02, time 0.842ms
[INFO   ] DREAMPlace - full step 4.060 ms
[INFO   ] DREAMPlace - optimizer step 2.377 ms
[INFO   ] DREAMPlace - iteration  224, ( 224,  0,  0), Obj 2.463416E+07, DensityWeight 1.472687E-06, wHPWL 6.550467E+07, Overflow 7.825479E-01, MaxDensity 6.716E+01, gamma 5.515896E+02, time 0.682ms
[INFO   ] DREAMPlace - full step 3.567 ms
[INFO   ] DREAMPlace - optimizer step 7.112 ms
[INFO   ] DREAMPlace - iteration  225, ( 225,  0,  0), Obj 2.470777E+07, DensityWeight 1.539370E-06, wHPWL 6.563472E+07, Overflow 7.809637E-01, MaxDensity 6.525E+01, gamma 5.487925E+02, time 10.627ms
[INFO   ] DREAMPlace - full step 18.235 ms
[INFO   ] DREAMPlace - optimizer step 2.164 ms
[INFO   ] DREAMPlace - iteration  226, ( 226,  0,  0), Obj 2.480379E+07, DensityWeight 1.608366E-06, wHPWL 6.577026E+07, Overflow 7.792820E-01, MaxDensity 6.635E+01, gamma 5.443618E+02, time 0.665ms
[INFO   ] DREAMPlace - full step 3.318 ms
[INFO   ] DREAMPlace - optimizer step 2.458 ms
[INFO   ] DREAMPlace - iteration  227, ( 227,  0,  0), Obj 2.495053E+07, DensityWeight 1.678618E-06, wHPWL 6.591367E+07, Overflow 7.779357E-01, MaxDensity 6.252E+01, gamma 5.396979E+02, time 0.648ms
[INFO   ] DREAMPlace - full step 3.606 ms
[INFO   ] DREAMPlace - optimizer step 2.344 ms
[INFO   ] DREAMPlace - iteration  228, ( 228,  0,  0), Obj 2.510560E+07, DensityWeight 1.749188E-06, wHPWL 6.606016E+07, Overflow 7.763282E-01, MaxDensity 5.993E+01, gamma 5.359928E+02, time 0.666ms
[INFO   ] DREAMPlace - full step 3.522 ms
[INFO   ] DREAMPlace - optimizer step 2.113 ms
[INFO   ] DREAMPlace - iteration  229, ( 229,  0,  0), Obj 2.522925E+07, DensityWeight 1.821610E-06, wHPWL 6.619393E+07, Overflow 7.741462E-01, MaxDensity 5.839E+01, gamma 5.316021E+02, time 0.654ms
[INFO   ] DREAMPlace - full step 3.307 ms
[INFO   ] DREAMPlace - optimizer step 2.144 ms
[INFO   ] DREAMPlace - iteration  230, ( 230,  0,  0), Obj 2.536223E+07, DensityWeight 1.901845E-06, wHPWL 6.631432E+07, Overflow 7.717354E-01, MaxDensity 5.673E+01, gamma 5.256999E+02, time 0.634ms
[INFO   ] DREAMPlace - full step 3.245 ms
[INFO   ] DREAMPlace - optimizer step 2.326 ms
[INFO   ] DREAMPlace - iteration  231, ( 231,  0,  0), Obj 2.554547E+07, DensityWeight 1.990918E-06, wHPWL 6.643903E+07, Overflow 7.693637E-01, MaxDensity 5.501E+01, gamma 5.192548E+02, time 0.650ms
[INFO   ] DREAMPlace - full step 3.463 ms
[INFO   ] DREAMPlace - optimizer step 2.367 ms
[INFO   ] DREAMPlace - iteration  232, ( 232,  0,  0), Obj 2.575068E+07, DensityWeight 2.082367E-06, wHPWL 6.656506E+07, Overflow 7.668842E-01, MaxDensity 5.909E+01, gamma 5.129915E+02, time 0.694ms
[INFO   ] DREAMPlace - full step 3.575 ms
[INFO   ] DREAMPlace - optimizer step 2.113 ms
[INFO   ] DREAMPlace - iteration  233, ( 233,  0,  0), Obj 2.594984E+07, DensityWeight 2.177446E-06, wHPWL 6.667625E+07, Overflow 7.644610E-01, MaxDensity 5.873E+01, gamma 5.065240E+02, time 0.639ms
[INFO   ] DREAMPlace - full step 3.219 ms
[INFO   ] DREAMPlace - optimizer step 2.085 ms
[INFO   ] DREAMPlace - iteration  234, ( 234,  0,  0), Obj 2.614942E+07, DensityWeight 2.283609E-06, wHPWL 6.677204E+07, Overflow 7.623427E-01, MaxDensity 5.696E+01, gamma 5.002825E+02, time 0.654ms
[INFO   ] DREAMPlace - full step 3.207 ms
[INFO   ] DREAMPlace - optimizer step 2.059 ms
[INFO   ] DREAMPlace - iteration  235, ( 235,  0,  0), Obj 2.634647E+07, DensityWeight 2.402314E-06, wHPWL 6.685834E+07, Overflow 7.600107E-01, MaxDensity 4.968E+01, gamma 4.948890E+02, time 0.657ms
[INFO   ] DREAMPlace - full step 3.183 ms
[INFO   ] DREAMPlace - optimizer step 4.273 ms
[INFO   ] DREAMPlace - iteration  236, ( 236,  0,  0), Obj 2.652080E+07, DensityWeight 2.531970E-06, wHPWL 6.694372E+07, Overflow 7.580439E-01, MaxDensity 5.318E+01, gamma 4.890190E+02, time 0.639ms
[INFO   ] DREAMPlace - full step 5.396 ms
[INFO   ] DREAMPlace - optimizer step 2.079 ms
[INFO   ] DREAMPlace - iteration  237, ( 237,  0,  0), Obj 2.671270E+07, DensityWeight 2.669116E-06, wHPWL 6.702477E+07, Overflow 7.558504E-01, MaxDensity 5.288E+01, gamma 4.841221E+02, time 0.643ms
[INFO   ] DREAMPlace - full step 3.206 ms
[INFO   ] DREAMPlace - optimizer step 2.085 ms
[INFO   ] DREAMPlace - iteration  238, ( 238,  0,  0), Obj 2.688155E+07, DensityWeight 2.816125E-06, wHPWL 6.711202E+07, Overflow 7.533867E-01, MaxDensity 5.791E+01, gamma 4.787188E+02, time 0.636ms
[INFO   ] DREAMPlace - full step 3.185 ms
[INFO   ] DREAMPlace - optimizer step 2.084 ms
[INFO   ] DREAMPlace - iteration  239, ( 239,  0,  0), Obj 2.707035E+07, DensityWeight 2.967554E-06, wHPWL 6.720142E+07, Overflow 7.506209E-01, MaxDensity 4.980E+01, gamma 4.727217E+02, time 0.637ms
[INFO   ] DREAMPlace - full step 3.199 ms
[INFO   ] DREAMPlace - plotting to lambdaramp_results/s143/adaptec1/plot/iter0240.png takes 1.333 seconds
[INFO   ] DREAMPlace - optimizer step 5.143 ms
[INFO   ] DREAMPlace - iteration  240, ( 240,  0,  0), Obj 2.728874E+07, DensityWeight 3.125789E-06, wHPWL 6.730204E+07, Overflow 7.473107E-01, MaxDensity 5.255E+01, gamma 4.660789E+02, time 0.632ms
[INFO   ] DREAMPlace - full step 1342.689 ms
[INFO   ] DREAMPlace - optimizer step 2.281 ms
[INFO   ] DREAMPlace - iteration  241, ( 241,  0,  0), Obj 2.753907E+07, DensityWeight 3.285107E-06, wHPWL 6.741233E+07, Overflow 7.449345E-01, MaxDensity 4.686E+01, gamma 4.582510E+02, time 0.764ms
[INFO   ] DREAMPlace - full step 3.793 ms
[INFO   ] DREAMPlace - optimizer step 2.889 ms
[INFO   ] DREAMPlace - iteration  242, ( 242,  0,  0), Obj 2.783674E+07, DensityWeight 3.445896E-06, wHPWL 6.752221E+07, Overflow 7.421691E-01, MaxDensity 5.542E+01, gamma 4.527130E+02, time 0.657ms
[INFO   ] DREAMPlace - full step 4.038 ms
[INFO   ] DREAMPlace - optimizer step 2.172 ms
[INFO   ] DREAMPlace - iteration  243, ( 243,  0,  0), Obj 2.806765E+07, DensityWeight 3.614849E-06, wHPWL 6.763328E+07, Overflow 7.400502E-01, MaxDensity 4.666E+01, gamma 4.463521E+02, time 0.640ms
[INFO   ] DREAMPlace - full step 3.303 ms
[INFO   ] DREAMPlace - optimizer step 2.300 ms
[INFO   ] DREAMPlace - iteration  244, ( 244,  0,  0), Obj 2.832549E+07, DensityWeight 3.791185E-06, wHPWL 6.773504E+07, Overflow 7.373092E-01, MaxDensity 4.760E+01, gamma 4.415389E+02, time 0.647ms
[INFO   ] DREAMPlace - full step 3.431 ms
[INFO   ] DREAMPlace - optimizer step 2.137 ms
[INFO   ] DREAMPlace - iteration  245, ( 245,  0,  0), Obj 2.854449E+07, DensityWeight 3.983509E-06, wHPWL 6.785322E+07, Overflow 7.343331E-01, MaxDensity 4.224E+01, gamma 4.353893E+02, time 0.636ms
[INFO   ] DREAMPlace - full step 3.237 ms
[INFO   ] DREAMPlace - optimizer step 4.158 ms
[INFO   ] DREAMPlace - iteration  246, ( 246,  0,  0), Obj 2.881811E+07, DensityWeight 4.171917E-06, wHPWL 6.797870E+07, Overflow 7.314843E-01, MaxDensity 5.196E+01, gamma 4.288094E+02, time 0.735ms
[INFO   ] DREAMPlace - full step 5.360 ms
[INFO   ] DREAMPlace - optimizer step 5.558 ms
[INFO   ] DREAMPlace - iteration  247, ( 247,  0,  0), Obj 2.912083E+07, DensityWeight 4.362878E-06, wHPWL 6.812083E+07, Overflow 7.287100E-01, MaxDensity 4.356E+01, gamma 4.226040E+02, time 1.464ms
[INFO   ] DREAMPlace - full step 7.483 ms
[INFO   ] DREAMPlace - optimizer step 2.103 ms
[INFO   ] DREAMPlace - iteration  248, ( 248,  0,  0), Obj 2.942441E+07, DensityWeight 4.547457E-06, wHPWL 6.826972E+07, Overflow 7.262604E-01, MaxDensity 4.416E+01, gamma 4.166473E+02, time 0.649ms
[INFO   ] DREAMPlace - full step 3.217 ms
[INFO   ] DREAMPlace - optimizer step 2.188 ms
[INFO   ] DREAMPlace - iteration  249, ( 249,  0,  0), Obj 2.972089E+07, DensityWeight 4.733469E-06, wHPWL 6.841719E+07, Overflow 7.238436E-01, MaxDensity 3.805E+01, gamma 4.114573E+02, time 0.633ms
[INFO   ] DREAMPlace - full step 3.290 ms
[INFO   ] DREAMPlace - optimizer step 2.112 ms
[INFO   ] DREAMPlace - iteration  250, ( 250,  0,  0), Obj 2.999941E+07, DensityWeight 4.928480E-06, wHPWL 6.856702E+07, Overflow 7.220291E-01, MaxDensity 4.759E+01, gamma 4.064006E+02, time 0.640ms
[INFO   ] DREAMPlace - full step 3.245 ms
[INFO   ] DREAMPlace - optimizer step 2.111 ms
[INFO   ] DREAMPlace - iteration  251, ( 251,  0,  0), Obj 3.027726E+07, DensityWeight 5.129120E-06, wHPWL 6.872331E+07, Overflow 7.203828E-01, MaxDensity 4.079E+01, gamma 4.026447E+02, time 0.639ms
[INFO   ] DREAMPlace - full step 3.223 ms
[INFO   ] DREAMPlace - optimizer step 2.100 ms
[INFO   ] DREAMPlace - iteration  252, ( 252,  0,  0), Obj 3.051266E+07, DensityWeight 5.331046E-06, wHPWL 6.888208E+07, Overflow 7.175804E-01, MaxDensity 3.877E+01, gamma 3.992671E+02, time 0.670ms
[INFO   ] DREAMPlace - full step 3.236 ms
[INFO   ] DREAMPlace - optimizer step 2.102 ms
[INFO   ] DREAMPlace - iteration  253, ( 253,  0,  0), Obj 3.072687E+07, DensityWeight 5.538192E-06, wHPWL 6.903904E+07, Overflow 7.151870E-01, MaxDensity 3.394E+01, gamma 3.935828E+02, time 0.657ms
[INFO   ] DREAMPlace - full step 3.226 ms
[INFO   ] DREAMPlace - optimizer step 2.126 ms
[INFO   ] DREAMPlace - iteration  254, ( 254,  0,  0), Obj 3.103342E+07, DensityWeight 5.755461E-06, wHPWL 6.919670E+07, Overflow 7.123340E-01, MaxDensity 4.121E+01, gamma 3.887921E+02, time 0.644ms
[INFO   ] DREAMPlace - full step 3.238 ms
[INFO   ] DREAMPlace - optimizer step 2.446 ms
[INFO   ] DREAMPlace - iteration  255, ( 255,  0,  0), Obj 3.131715E+07, DensityWeight 5.980415E-06, wHPWL 6.936373E+07, Overflow 7.101901E-01, MaxDensity 3.653E+01, gamma 3.831576E+02, time 0.631ms
[INFO   ] DREAMPlace - full step 3.655 ms
[INFO   ] DREAMPlace - optimizer step 2.138 ms
[INFO   ] DREAMPlace - iteration  256, ( 256,  0,  0), Obj 3.162199E+07, DensityWeight 6.202577E-06, wHPWL 6.950450E+07, Overflow 7.081019E-01, MaxDensity 3.540E+01, gamma 3.789773E+02, time 0.646ms
[INFO   ] DREAMPlace - full step 3.328 ms
[INFO   ] DREAMPlace - optimizer step 2.172 ms
[INFO   ] DREAMPlace - iteration  257, ( 257,  0,  0), Obj 3.186028E+07, DensityWeight 6.466750E-06, wHPWL 6.962318E+07, Overflow 7.070377E-01, MaxDensity 3.779E+01, gamma 3.749494E+02, time 1.273ms
[INFO   ] DREAMPlace - full step 3.906 ms
[INFO   ] DREAMPlace - optimizer step 2.162 ms
[INFO   ] DREAMPlace - iteration  258, ( 258,  0,  0), Obj 3.208954E+07, DensityWeight 6.771926E-06, wHPWL 6.973258E+07, Overflow 7.052187E-01, MaxDensity 3.666E+01, gamma 3.729134E+02, time 0.652ms
[INFO   ] DREAMPlace - full step 3.269 ms
[INFO   ] DREAMPlace - optimizer step 4.341 ms
[INFO   ] DREAMPlace - iteration  259, ( 259,  0,  0), Obj 3.223835E+07, DensityWeight 7.104624E-06, wHPWL 6.984405E+07, Overflow 7.034958E-01, MaxDensity 3.553E+01, gamma 3.694585E+02, time 9.642ms
[INFO   ] DREAMPlace - full step 14.454 ms
[INFO   ] DREAMPlace - optimizer step 2.126 ms
[INFO   ] DREAMPlace - iteration  260, ( 260,  0,  0), Obj 3.244098E+07, DensityWeight 7.450611E-06, wHPWL 6.995240E+07, Overflow 7.011491E-01, MaxDensity 3.329E+01, gamma 3.662157E+02, time 0.643ms
[INFO   ] DREAMPlace - full step 3.242 ms
[INFO   ] DREAMPlace - optimizer step 2.138 ms
[INFO   ] DREAMPlace - iteration  261, ( 261,  0,  0), Obj 3.264147E+07, DensityWeight 7.818297E-06, wHPWL 7.007181E+07, Overflow 6.986568E-01, MaxDensity 3.590E+01, gamma 3.618445E+02, time 0.648ms
[INFO   ] DREAMPlace - full step 3.247 ms
[INFO   ] DREAMPlace - optimizer step 2.123 ms
[INFO   ] DREAMPlace - iteration  262, ( 262,  0,  0), Obj 3.288641E+07, DensityWeight 8.186066E-06, wHPWL 7.017950E+07, Overflow 6.960058E-01, MaxDensity 3.099E+01, gamma 3.572593E+02, time 0.633ms
[INFO   ] DREAMPlace - full step 3.234 ms
[INFO   ] DREAMPlace - optimizer step 2.139 ms
[INFO   ] DREAMPlace - iteration  263, ( 263,  0,  0), Obj 3.313472E+07, DensityWeight 8.591182E-06, wHPWL 7.027515E+07, Overflow 6.934562E-01, MaxDensity 3.485E+01, gamma 3.524460E+02, time 0.633ms
[INFO   ] DREAMPlace - full step 3.240 ms
[INFO   ] DREAMPlace - optimizer step 6.176 ms
[INFO   ] DREAMPlace - iteration  264, ( 264,  0,  0), Obj 3.339288E+07, DensityWeight 9.038000E-06, wHPWL 7.035030E+07, Overflow 6.909595E-01, MaxDensity 3.129E+01, gamma 3.478779E+02, time 0.695ms
[INFO   ] DREAMPlace - full step 7.365 ms
[INFO   ] DREAMPlace - optimizer step 2.154 ms
[INFO   ] DREAMPlace - iteration  265, ( 265,  0,  0), Obj 3.364212E+07, DensityWeight 9.546997E-06, wHPWL 7.042282E+07, Overflow 6.873018E-01, MaxDensity 3.357E+01, gamma 3.434619E+02, time 4.661ms
[INFO   ] DREAMPlace - full step 7.290 ms
[INFO   ] DREAMPlace - optimizer step 2.168 ms
[INFO   ] DREAMPlace - iteration  266, ( 266,  0,  0), Obj 3.389426E+07, DensityWeight 1.008996E-05, wHPWL 7.049088E+07, Overflow 6.846395E-01, MaxDensity 3.180E+01, gamma 3.370935E+02, time 0.942ms
[INFO   ] DREAMPlace - full step 3.576 ms
[INFO   ] DREAMPlace - optimizer step 4.650 ms
[INFO   ] DREAMPlace - iteration  267, ( 267,  0,  0), Obj 3.424517E+07, DensityWeight 1.067329E-05, wHPWL 7.057428E+07, Overflow 6.811353E-01, MaxDensity 3.513E+01, gamma 3.325325E+02, time 0.659ms
[INFO   ] DREAMPlace - full step 5.780 ms
[INFO   ] DREAMPlace - optimizer step 2.134 ms
[INFO   ] DREAMPlace - iteration  268, ( 268,  0,  0), Obj 3.454491E+07, DensityWeight 1.125586E-05, wHPWL 7.067806E+07, Overflow 6.781861E-01, MaxDensity 3.374E+01, gamma 3.266231E+02, time 0.644ms
[INFO   ] DREAMPlace - full step 3.244 ms
[INFO   ] DREAMPlace - optimizer step 2.122 ms
[INFO   ] DREAMPlace - iteration  269, ( 269,  0,  0), Obj 3.490496E+07, DensityWeight 1.182209E-05, wHPWL 7.078259E+07, Overflow 6.746438E-01, MaxDensity 3.375E+01, gamma 3.217311E+02, time 0.649ms
[INFO   ] DREAMPlace - full step 3.241 ms
[INFO   ] DREAMPlace - optimizer step 3.991 ms
[INFO   ] DREAMPlace - iteration  270, ( 270,  0,  0), Obj 3.523849E+07, DensityWeight 1.241497E-05, wHPWL 7.089547E+07, Overflow 6.719756E-01, MaxDensity 3.291E+01, gamma 3.159521E+02, time 0.643ms
[INFO   ] DREAMPlace - full step 5.113 ms
[INFO   ] DREAMPlace - optimizer step 7.563 ms
[INFO   ] DREAMPlace - iteration  271, ( 271,  0,  0), Obj 3.562572E+07, DensityWeight 1.301589E-05, wHPWL 7.102639E+07, Overflow 6.691066E-01, MaxDensity 3.087E+01, gamma 3.116678E+02, time 0.981ms
[INFO   ] DREAMPlace - full step 9.032 ms
[INFO   ] DREAMPlace - optimizer step 2.113 ms
[INFO   ] DREAMPlace - iteration  272, ( 272,  0,  0), Obj 3.595822E+07, DensityWeight 1.359691E-05, wHPWL 7.116403E+07, Overflow 6.670337E-01, MaxDensity 2.906E+01, gamma 3.071259E+02, time 0.660ms
[INFO   ] DREAMPlace - full step 3.239 ms
[INFO   ] DREAMPlace - optimizer step 2.119 ms
[INFO   ] DREAMPlace - iteration  273, ( 273,  0,  0), Obj 3.630031E+07, DensityWeight 1.418486E-05, wHPWL 7.130472E+07, Overflow 6.644040E-01, MaxDensity 3.144E+01, gamma 3.038855E+02, time 0.638ms
[INFO   ] DREAMPlace - full step 3.223 ms
[INFO   ] DREAMPlace - optimizer step 2.132 ms
[INFO   ] DREAMPlace - iteration  274, ( 274,  0,  0), Obj 3.658557E+07, DensityWeight 1.478924E-05, wHPWL 7.144390E+07, Overflow 6.617251E-01, MaxDensity 2.904E+01, gamma 2.998239E+02, time 0.631ms
[INFO   ] DREAMPlace - full step 3.234 ms
[INFO   ] DREAMPlace - optimizer step 2.138 ms
[INFO   ] DREAMPlace - iteration  275, ( 275,  0,  0), Obj 3.690714E+07, DensityWeight 1.542400E-05, wHPWL 7.158747E+07, Overflow 6.590338E-01, MaxDensity 2.899E+01, gamma 2.957421E+02, time 0.633ms
[INFO   ] DREAMPlace - full step 3.250 ms
[INFO   ] DREAMPlace - optimizer step 2.116 ms
[INFO   ] DREAMPlace - iteration  276, ( 276,  0,  0), Obj 3.723867E+07, DensityWeight 1.607195E-05, wHPWL 7.172922E+07, Overflow 6.561756E-01, MaxDensity 3.308E+01, gamma 2.916974E+02, time 0.651ms
[INFO   ] DREAMPlace - full step 3.238 ms
[INFO   ] DREAMPlace - optimizer step 2.118 ms
[INFO   ] DREAMPlace - iteration  277, ( 277,  0,  0), Obj 3.756644E+07, DensityWeight 1.675318E-05, wHPWL 7.187232E+07, Overflow 6.534652E-01, MaxDensity 2.874E+01, gamma 2.874624E+02, time 0.650ms
[INFO   ] DREAMPlace - full step 3.233 ms
[INFO   ] DREAMPlace - optimizer step 2.176 ms
[INFO   ] DREAMPlace - iteration  278, ( 278,  0,  0), Obj 3.789472E+07, DensityWeight 1.745861E-05, wHPWL 7.198594E+07, Overflow 6.503991E-01, MaxDensity 2.971E+01, gamma 2.835031E+02, time 0.637ms
[INFO   ] DREAMPlace - full step 3.284 ms
[INFO   ] DREAMPlace - optimizer step 2.112 ms
[INFO   ] DREAMPlace - iteration  279, ( 279,  0,  0), Obj 3.820030E+07, DensityWeight 1.830097E-05, wHPWL 7.208591E+07, Overflow 6.480302E-01, MaxDensity 2.608E+01, gamma 2.790900E+02, time 0.636ms
[INFO   ] DREAMPlace - full step 3.239 ms
[INFO   ] DREAMPlace - plotting to lambdaramp_results/s143/adaptec1/plot/iter0280.png takes 1.342 seconds
[INFO   ] DREAMPlace - optimizer step 25.350 ms
[INFO   ] DREAMPlace - iteration  280, ( 280,  0,  0), Obj 3.852234E+07, DensityWeight 1.923621E-05, wHPWL 7.215618E+07, Overflow 6.446000E-01, MaxDensity 2.897E+01, gamma 2.757275E+02, time 0.657ms
[INFO   ] DREAMPlace - full step 1369.740 ms
[INFO   ] DREAMPlace - optimizer step 2.599 ms
[INFO   ] DREAMPlace - iteration  281, ( 281,  0,  0), Obj 3.878648E+07, DensityWeight 2.033936E-05, wHPWL 7.222099E+07, Overflow 6.417087E-01, MaxDensity 2.812E+01, gamma 2.709302E+02, time 0.897ms
[INFO   ] DREAMPlace - full step 4.352 ms
[INFO   ] DREAMPlace - optimizer step 2.326 ms
[INFO   ] DREAMPlace - iteration  282, ( 282,  0,  0), Obj 3.911978E+07, DensityWeight 2.152914E-05, wHPWL 7.226122E+07, Overflow 6.379936E-01, MaxDensity 3.101E+01, gamma 2.669514E+02, time 0.672ms
[INFO   ] DREAMPlace - full step 3.565 ms
[INFO   ] DREAMPlace - optimizer step 2.195 ms
[INFO   ] DREAMPlace - iteration  283, ( 283,  0,  0), Obj 3.942382E+07, DensityWeight 2.290050E-05, wHPWL 7.231563E+07, Overflow 6.349278E-01, MaxDensity 2.718E+01, gamma 2.619246E+02, time 0.644ms
[INFO   ] DREAMPlace - full step 3.367 ms
[INFO   ] DREAMPlace - optimizer step 2.157 ms
[INFO   ] DREAMPlace - iteration  284, ( 284,  0,  0), Obj 3.978559E+07, DensityWeight 2.429040E-05, wHPWL 7.235930E+07, Overflow 6.315064E-01, MaxDensity 2.787E+01, gamma 2.578479E+02, time 0.660ms
[INFO   ] DREAMPlace - full step 3.305 ms
[INFO   ] DREAMPlace - optimizer step 2.126 ms
[INFO   ] DREAMPlace - iteration  285, ( 285,  0,  0), Obj 4.010641E+07, DensityWeight 2.581994E-05, wHPWL 7.241358E+07, Overflow 6.287550E-01, MaxDensity 2.816E+01, gamma 2.533731E+02, time 0.657ms
[INFO   ] DREAMPlace - full step 3.271 ms
[INFO   ] DREAMPlace - optimizer step 2.198 ms
[INFO   ] DREAMPlace - iteration  286, ( 286,  0,  0), Obj 4.045360E+07, DensityWeight 2.738772E-05, wHPWL 7.246636E+07, Overflow 6.250576E-01, MaxDensity 2.666E+01, gamma 2.498310E+02, time 0.694ms
[INFO   ] DREAMPlace - full step 3.376 ms
[INFO   ] DREAMPlace - optimizer step 2.148 ms
[INFO   ] DREAMPlace - iteration  287, ( 287,  0,  0), Obj 4.076168E+07, DensityWeight 2.905946E-05, wHPWL 7.254218E+07, Overflow 6.213068E-01, MaxDensity 2.575E+01, gamma 2.451488E+02, time 0.713ms
[INFO   ] DREAMPlace - full step 3.335 ms
[INFO   ] DREAMPlace - optimizer step 2.132 ms
[INFO   ] DREAMPlace - iteration  288, ( 288,  0,  0), Obj 4.114443E+07, DensityWeight 3.069191E-05, wHPWL 7.262600E+07, Overflow 6.170723E-01, MaxDensity 2.818E+01, gamma 2.404888E+02, time 0.645ms
[INFO   ] DREAMPlace - full step 3.259 ms
[INFO   ] DREAMPlace - optimizer step 2.136 ms
[INFO   ] DREAMPlace - iteration  289, ( 289,  0,  0), Obj 4.154799E+07, DensityWeight 3.236446E-05, wHPWL 7.274293E+07, Overflow 6.128636E-01, MaxDensity 2.197E+01, gamma 2.353340E+02, time 0.645ms
[INFO   ] DREAMPlace - full step 3.265 ms
[INFO   ] DREAMPlace - optimizer step 2.115 ms
[INFO   ] DREAMPlace - iteration  290, ( 290,  0,  0), Obj 4.198379E+07, DensityWeight 3.390363E-05, wHPWL 7.284726E+07, Overflow 6.084440E-01, MaxDensity 2.513E+01, gamma 2.303202E+02, time 0.654ms
[INFO   ] DREAMPlace - full step 3.253 ms
[INFO   ] DREAMPlace - optimizer step 2.117 ms
[INFO   ] DREAMPlace - iteration  291, ( 291,  0,  0), Obj 4.240679E+07, DensityWeight 3.560532E-05, wHPWL 7.294091E+07, Overflow 6.047202E-01, MaxDensity 2.106E+01, gamma 2.251702E+02, time 0.658ms
[INFO   ] DREAMPlace - full step 3.247 ms
[INFO   ] DREAMPlace - optimizer step 2.154 ms
[INFO   ] DREAMPlace - iteration  292, ( 292,  0,  0), Obj 4.283136E+07, DensityWeight 3.747204E-05, wHPWL 7.299780E+07, Overflow 5.999845E-01, MaxDensity 2.283E+01, gamma 2.209203E+02, time 0.672ms
[INFO   ] DREAMPlace - full step 3.300 ms
[INFO   ] DREAMPlace - optimizer step 2.353 ms
[INFO   ] DREAMPlace - iteration  293, ( 293,  0,  0), Obj 4.319448E+07, DensityWeight 3.972675E-05, wHPWL 7.304293E+07, Overflow 5.964372E-01, MaxDensity 2.243E+01, gamma 2.156313E+02, time 0.662ms
[INFO   ] DREAMPlace - full step 3.491 ms
[INFO   ] DREAMPlace - optimizer step 2.304 ms
[INFO   ] DREAMPlace - iteration  294, ( 294,  0,  0), Obj 4.361136E+07, DensityWeight 4.221598E-05, wHPWL 7.305126E+07, Overflow 5.923689E-01, MaxDensity 2.241E+01, gamma 2.117527E+02, time 0.642ms
[INFO   ] DREAMPlace - full step 3.433 ms
[INFO   ] DREAMPlace - optimizer step 2.359 ms
[INFO   ] DREAMPlace - iteration  295, ( 295,  0,  0), Obj 4.395286E+07, DensityWeight 4.519140E-05, wHPWL 7.307637E+07, Overflow 5.890015E-01, MaxDensity 2.549E+01, gamma 2.073902E+02, time 0.655ms
[INFO   ] DREAMPlace - full step 3.472 ms
[INFO   ] DREAMPlace - optimizer step 2.124 ms
[INFO   ] DREAMPlace - iteration  296, ( 296,  0,  0), Obj 4.431298E+07, DensityWeight 4.821510E-05, wHPWL 7.307926E+07, Overflow 5.857154E-01, MaxDensity 2.144E+01, gamma 2.038474E+02, time 0.648ms
[INFO   ] DREAMPlace - full step 3.233 ms
[INFO   ] DREAMPlace - optimizer step 2.110 ms
[INFO   ] DREAMPlace - iteration  297, ( 297,  0,  0), Obj 4.463364E+07, DensityWeight 5.166935E-05, wHPWL 7.310646E+07, Overflow 5.830577E-01, MaxDensity 2.204E+01, gamma 2.004484E+02, time 0.638ms
[INFO   ] DREAMPlace - full step 3.225 ms
[INFO   ] DREAMPlace - optimizer step 2.106 ms
[INFO   ] DREAMPlace - iteration  298, ( 298,  0,  0), Obj 4.495122E+07, DensityWeight 5.510346E-05, wHPWL 7.314634E+07, Overflow 5.806117E-01, MaxDensity 2.586E+01, gamma 1.977410E+02, time 0.645ms
[INFO   ] DREAMPlace - full step 3.247 ms
[INFO   ] DREAMPlace - optimizer step 2.140 ms
[INFO   ] DREAMPlace - iteration  299, ( 299,  0,  0), Obj 4.522869E+07, DensityWeight 5.861756E-05, wHPWL 7.320923E+07, Overflow 5.773456E-01, MaxDensity 2.189E+01, gamma 1.952816E+02, time 0.649ms
[INFO   ] DREAMPlace - full step 3.301 ms
[INFO   ] DREAMPlace - optimizer step 2.202 ms
[INFO   ] DREAMPlace - iteration  300, ( 300,  0,  0), Obj 4.548708E+07, DensityWeight 6.207022E-05, wHPWL 7.327959E+07, Overflow 5.727734E-01, MaxDensity 2.282E+01, gamma 1.920450E+02, time 0.662ms
[INFO   ] DREAMPlace - full step 3.334 ms
[INFO   ] DREAMPlace - optimizer step 2.140 ms
[INFO   ] DREAMPlace - iteration  301, ( 301,  0,  0), Obj 4.580210E+07, DensityWeight 6.562852E-05, wHPWL 7.336710E+07, Overflow 5.684617E-01, MaxDensity 1.964E+01, gamma 1.876043E+02, time 0.679ms
[INFO   ] DREAMPlace - full step 3.289 ms
[INFO   ] DREAMPlace - optimizer step 2.096 ms
[INFO   ] DREAMPlace - iteration  302, ( 302,  0,  0), Obj 4.622039E+07, DensityWeight 6.915396E-05, wHPWL 7.347837E+07, Overflow 5.637220E-01, MaxDensity 2.246E+01, gamma 1.835106E+02, time 0.653ms
[INFO   ] DREAMPlace - full step 3.212 ms
[INFO   ] DREAMPlace - optimizer step 2.137 ms
[INFO   ] DREAMPlace - iteration  303, ( 303,  0,  0), Obj 4.662583E+07, DensityWeight 7.252458E-05, wHPWL 7.359238E+07, Overflow 5.593224E-01, MaxDensity 2.371E+01, gamma 1.791136E+02, time 0.668ms
[INFO   ] DREAMPlace - full step 3.294 ms
[INFO   ] DREAMPlace - optimizer step 2.099 ms
[INFO   ] DREAMPlace - iteration  304, ( 304,  0,  0), Obj 4.702949E+07, DensityWeight 7.601790E-05, wHPWL 7.366218E+07, Overflow 5.543599E-01, MaxDensity 2.106E+01, gamma 1.751263E+02, time 0.648ms
[INFO   ] DREAMPlace - full step 3.226 ms
[INFO   ] DREAMPlace - optimizer step 2.076 ms
[INFO   ] DREAMPlace - iteration  305, ( 305,  0,  0), Obj 4.739965E+07, DensityWeight 8.038462E-05, wHPWL 7.370006E+07, Overflow 5.508276E-01, MaxDensity 2.009E+01, gamma 1.707355E+02, time 0.636ms
[INFO   ] DREAMPlace - full step 3.173 ms
[INFO   ] DREAMPlace - optimizer step 2.223 ms
[INFO   ] DREAMPlace - iteration  306, ( 306,  0,  0), Obj 4.780109E+07, DensityWeight 8.554506E-05, wHPWL 7.372733E+07, Overflow 5.460626E-01, MaxDensity 1.757E+01, gamma 1.676773E+02, time 1.555ms
[INFO   ] DREAMPlace - full step 4.247 ms
[INFO   ] DREAMPlace - optimizer step 2.225 ms
[INFO   ] DREAMPlace - iteration  307, ( 307,  0,  0), Obj 4.811718E+07, DensityWeight 9.122933E-05, wHPWL 7.375635E+07, Overflow 5.430058E-01, MaxDensity 1.745E+01, gamma 1.636385E+02, time 0.713ms
[INFO   ] DREAMPlace - full step 3.438 ms
[INFO   ] DREAMPlace - optimizer step 3.227 ms
[INFO   ] DREAMPlace - iteration  308, ( 308,  0,  0), Obj 4.850300E+07, DensityWeight 9.725736E-05, wHPWL 7.378333E+07, Overflow 5.386831E-01, MaxDensity 2.022E+01, gamma 1.610989E+02, time 18.693ms
[INFO   ] DREAMPlace - full step 22.434 ms
[INFO   ] DREAMPlace - optimizer step 2.108 ms
[INFO   ] DREAMPlace - iteration  309, ( 309,  0,  0), Obj 4.880085E+07, DensityWeight 1.037260E-04, wHPWL 7.383598E+07, Overflow 5.350694E-01, MaxDensity 2.040E+01, gamma 1.575748E+02, time 0.632ms
[INFO   ] DREAMPlace - full step 3.228 ms
[INFO   ] DREAMPlace - optimizer step 2.227 ms
[INFO   ] DREAMPlace - iteration  310, ( 310,  0,  0), Obj 4.915841E+07, DensityWeight 1.100603E-04, wHPWL 7.387662E+07, Overflow 5.302874E-01, MaxDensity 1.840E+01, gamma 1.546878E+02, time 0.645ms
[INFO   ] DREAMPlace - full step 3.345 ms
[INFO   ] DREAMPlace - optimizer step 2.094 ms
[INFO   ] DREAMPlace - iteration  311, ( 311,  0,  0), Obj 4.948225E+07, DensityWeight 1.170610E-04, wHPWL 7.392885E+07, Overflow 5.259591E-01, MaxDensity 1.660E+01, gamma 1.509488E+02, time 0.633ms
[INFO   ] DREAMPlace - full step 3.208 ms
[INFO   ] DREAMPlace - optimizer step 2.157 ms
[INFO   ] DREAMPlace - iteration  312, ( 312,  0,  0), Obj 4.986241E+07, DensityWeight 1.242201E-04, wHPWL 7.396406E+07, Overflow 5.206989E-01, MaxDensity 1.566E+01, gamma 1.476423E+02, time 5.063ms
[INFO   ] DREAMPlace - full step 7.696 ms
[INFO   ] DREAMPlace - optimizer step 2.130 ms
[INFO   ] DREAMPlace - iteration  313, ( 313,  0,  0), Obj 5.020604E+07, DensityWeight 1.322646E-04, wHPWL 7.398230E+07, Overflow 5.156414E-01, MaxDensity 1.778E+01, gamma 1.437215E+02, time 0.657ms
[INFO   ] DREAMPlace - full step 3.262 ms
[INFO   ] DREAMPlace - optimizer step 2.103 ms
[INFO   ] DREAMPlace - iteration  314, ( 314,  0,  0), Obj 5.058509E+07, DensityWeight 1.413075E-04, wHPWL 7.396913E+07, Overflow 5.097386E-01, MaxDensity 1.655E+01, gamma 1.400499E+02, time 0.640ms
[INFO   ] DREAMPlace - full step 3.204 ms
[INFO   ] DREAMPlace - optimizer step 2.102 ms
[INFO   ] DREAMPlace - iteration  315, ( 315,  0,  0), Obj 5.095147E+07, DensityWeight 1.472039E-04, wHPWL 7.394912E+07, Overflow 5.042883E-01, MaxDensity 1.397E+01, gamma 1.358831E+02, time 0.651ms
[INFO   ] DREAMPlace - full step 3.221 ms
[INFO   ] DREAMPlace - optimizer step 2.122 ms
[INFO   ] DREAMPlace - iteration  316, ( 316,  0,  0), Obj 5.136008E+07, DensityWeight 1.533463E-04, wHPWL 7.391816E+07, Overflow 4.984380E-01, MaxDensity 1.524E+01, gamma 1.321458E+02, time 1.027ms
[INFO   ] DREAMPlace - full step 3.616 ms
[INFO   ] DREAMPlace - optimizer step 2.113 ms
[INFO   ] DREAMPlace - iteration  317, ( 317,  0,  0), Obj 5.174382E+07, DensityWeight 1.597450E-04, wHPWL 7.388246E+07, Overflow 4.936228E-01, MaxDensity 1.427E+01, gamma 1.282487E+02, time 0.641ms
[INFO   ] DREAMPlace - full step 3.213 ms
[INFO   ] DREAMPlace - optimizer step 2.111 ms
[INFO   ] DREAMPlace - iteration  318, ( 318,  0,  0), Obj 5.212524E+07, DensityWeight 1.664107E-04, wHPWL 7.381194E+07, Overflow 4.888500E-01, MaxDensity 1.216E+01, gamma 1.251274E+02, time 0.636ms
[INFO   ] DREAMPlace - full step 3.236 ms
[INFO   ] DREAMPlace - optimizer step 2.120 ms
[INFO   ] DREAMPlace - iteration  319, ( 319,  0,  0), Obj 5.243052E+07, DensityWeight 1.733545E-04, wHPWL 7.372102E+07, Overflow 4.858050E-01, MaxDensity 1.418E+01, gamma 1.221086E+02, time 0.634ms
[INFO   ] DREAMPlace - full step 3.217 ms
[INFO   ] DREAMPlace - plotting to lambdaramp_results/s143/adaptec1/plot/iter0320.png takes 1.352 seconds
[INFO   ] DREAMPlace - optimizer step 18.674 ms
[INFO   ] DREAMPlace - iteration  320, ( 320,  0,  0), Obj 5.271136E+07, DensityWeight 1.805881E-04, wHPWL 7.360984E+07, Overflow 4.831190E-01, MaxDensity 1.271E+01, gamma 1.202208E+02, time 0.644ms
[INFO   ] DREAMPlace - full step 1373.707 ms
[INFO   ] DREAMPlace - optimizer step 2.866 ms
[INFO   ] DREAMPlace - iteration  321, ( 321,  0,  0), Obj 5.288672E+07, DensityWeight 1.881236E-04, wHPWL 7.350147E+07, Overflow 4.811222E-01, MaxDensity 1.349E+01, gamma 1.185798E+02, time 0.983ms
[INFO   ] DREAMPlace - full step 4.802 ms
[INFO   ] DREAMPlace - optimizer step 2.710 ms
[INFO   ] DREAMPlace - iteration  322, ( 322,  0,  0), Obj 5.301968E+07, DensityWeight 1.959734E-04, wHPWL 7.338179E+07, Overflow 4.785412E-01, MaxDensity 1.180E+01, gamma 1.173744E+02, time 0.983ms
[INFO   ] DREAMPlace - full step 4.353 ms
[INFO   ] DREAMPlace - optimizer step 3.024 ms
[INFO   ] DREAMPlace - iteration  323, ( 323,  0,  0), Obj 5.311596E+07, DensityWeight 2.041509E-04, wHPWL 7.328067E+07, Overflow 4.762548E-01, MaxDensity 1.310E+01, gamma 1.158345E+02, time 0.939ms
[INFO   ] DREAMPlace - full step 4.585 ms
[INFO   ] DREAMPlace - optimizer step 2.658 ms
[INFO   ] DREAMPlace - iteration  324, ( 324,  0,  0), Obj 5.324172E+07, DensityWeight 2.126695E-04, wHPWL 7.319516E+07, Overflow 4.735253E-01, MaxDensity 1.246E+01, gamma 1.144872E+02, time 0.812ms
[INFO   ] DREAMPlace - full step 4.095 ms
[INFO   ] DREAMPlace - optimizer step 2.692 ms
[INFO   ] DREAMPlace - iteration  325, ( 325,  0,  0), Obj 5.335216E+07, DensityWeight 2.215436E-04, wHPWL 7.311930E+07, Overflow 4.709886E-01, MaxDensity 1.237E+01, gamma 1.128994E+02, time 0.849ms
[INFO   ] DREAMPlace - full step 4.205 ms
[INFO   ] DREAMPlace - optimizer step 2.603 ms
[INFO   ] DREAMPlace - iteration  326, ( 326,  0,  0), Obj 5.347250E+07, DensityWeight 2.307880E-04, wHPWL 7.303818E+07, Overflow 4.675665E-01, MaxDensity 1.238E+01, gamma 1.114434E+02, time 0.806ms
[INFO   ] DREAMPlace - full step 4.016 ms
[INFO   ] DREAMPlace - optimizer step 2.656 ms
[INFO   ] DREAMPlace - iteration  327, ( 327,  0,  0), Obj 5.358146E+07, DensityWeight 2.404181E-04, wHPWL 7.295431E+07, Overflow 4.636663E-01, MaxDensity 1.162E+01, gamma 1.095089E+02, time 0.803ms
[INFO   ] DREAMPlace - full step 4.063 ms
[INFO   ] DREAMPlace - optimizer step 2.621 ms
[INFO   ] DREAMPlace - iteration  328, ( 328,  0,  0), Obj 5.373223E+07, DensityWeight 2.504501E-04, wHPWL 7.287046E+07, Overflow 4.591999E-01, MaxDensity 1.130E+01, gamma 1.073452E+02, time 0.830ms
[INFO   ] DREAMPlace - full step 4.089 ms
[INFO   ] DREAMPlace - optimizer step 2.723 ms
[INFO   ] DREAMPlace - iteration  329, ( 329,  0,  0), Obj 5.392051E+07, DensityWeight 2.609007E-04, wHPWL 7.279707E+07, Overflow 4.550640E-01, MaxDensity 1.068E+01, gamma 1.049197E+02, time 0.795ms
[INFO   ] DREAMPlace - full step 4.173 ms
[INFO   ] DREAMPlace - optimizer step 2.714 ms
[INFO   ] DREAMPlace - iteration  330, ( 330,  0,  0), Obj 5.414470E+07, DensityWeight 2.717873E-04, wHPWL 7.272790E+07, Overflow 4.517128E-01, MaxDensity 9.587E+00, gamma 1.027227E+02, time 0.778ms
[INFO   ] DREAMPlace - full step 4.114 ms
[INFO   ] DREAMPlace - optimizer step 2.611 ms
[INFO   ] DREAMPlace - iteration  331, ( 331,  0,  0), Obj 5.435413E+07, DensityWeight 2.831282E-04, wHPWL 7.265582E+07, Overflow 4.481567E-01, MaxDensity 9.643E+00, gamma 1.009763E+02, time 0.799ms
[INFO   ] DREAMPlace - full step 4.028 ms
[INFO   ] DREAMPlace - optimizer step 2.729 ms
[INFO   ] DREAMPlace - iteration  332, ( 332,  0,  0), Obj 5.451982E+07, DensityWeight 2.949424E-04, wHPWL 7.257750E+07, Overflow 4.457926E-01, MaxDensity 1.035E+01, gamma 9.915550E+01, time 0.788ms
[INFO   ] DREAMPlace - full step 4.142 ms
[INFO   ] DREAMPlace - optimizer step 2.643 ms
[INFO   ] DREAMPlace - iteration  333, ( 333,  0,  0), Obj 5.469635E+07, DensityWeight 3.072495E-04, wHPWL 7.250219E+07, Overflow 4.427875E-01, MaxDensity 9.324E+00, gamma 9.796328E+01, time 0.808ms
[INFO   ] DREAMPlace - full step 4.070 ms
[INFO   ] DREAMPlace - optimizer step 2.701 ms
[INFO   ] DREAMPlace - iteration  334, ( 334,  0,  0), Obj 5.482987E+07, DensityWeight 3.200701E-04, wHPWL 7.245615E+07, Overflow 4.402289E-01, MaxDensity 9.088E+00, gamma 9.646844E+01, time 0.800ms
[INFO   ] DREAMPlace - full step 4.169 ms
[INFO   ] DREAMPlace - optimizer step 2.668 ms
[INFO   ] DREAMPlace - iteration  335, ( 335,  0,  0), Obj 5.499606E+07, DensityWeight 3.334258E-04, wHPWL 7.242047E+07, Overflow 4.366591E-01, MaxDensity 9.513E+00, gamma 9.521370E+01, time 0.797ms
[INFO   ] DREAMPlace - full step 4.060 ms
[INFO   ] DREAMPlace - optimizer step 2.693 ms
[INFO   ] DREAMPlace - iteration  336, ( 336,  0,  0), Obj 5.515542E+07, DensityWeight 3.473387E-04, wHPWL 7.241192E+07, Overflow 4.333503E-01, MaxDensity 9.761E+00, gamma 9.349028E+01, time 0.805ms
[INFO   ] DREAMPlace - full step 4.104 ms
[INFO   ] DREAMPlace - optimizer step 2.644 ms
[INFO   ] DREAMPlace - iteration  337, ( 337,  0,  0), Obj 5.536606E+07, DensityWeight 3.618321E-04, wHPWL 7.240835E+07, Overflow 4.295652E-01, MaxDensity 8.673E+00, gamma 9.192078E+01, time 0.745ms
[INFO   ] DREAMPlace - full step 3.957 ms
[INFO   ] DREAMPlace - optimizer step 2.118 ms
[INFO   ] DREAMPlace - iteration  338, ( 338,  0,  0), Obj 5.556852E+07, DensityWeight 3.769304E-04, wHPWL 7.241338E+07, Overflow 4.263060E-01, MaxDensity 8.033E+00, gamma 9.015759E+01, time 0.679ms
[INFO   ] DREAMPlace - full step 3.353 ms
[INFO   ] DREAMPlace - optimizer step 2.276 ms
[INFO   ] DREAMPlace - iteration  339, ( 339,  0,  0), Obj 5.578612E+07, DensityWeight 4.037633E-04, wHPWL 7.240222E+07, Overflow 4.218218E-01, MaxDensity 7.749E+00, gamma 8.866655E+01, time 0.647ms
[INFO   ] DREAMPlace - full step 3.388 ms
[INFO   ] DREAMPlace - optimizer step 2.080 ms
[INFO   ] DREAMPlace - iteration  340, ( 340,  0,  0), Obj 5.597739E+07, DensityWeight 4.206112E-04, wHPWL 7.239462E+07, Overflow 4.177879E-01, MaxDensity 8.571E+00, gamma 8.665522E+01, time 0.659ms
[INFO   ] DREAMPlace - full step 3.214 ms
[INFO   ] DREAMPlace - optimizer step 2.119 ms
[INFO   ] DREAMPlace - iteration  341, ( 341,  0,  0), Obj 5.622873E+07, DensityWeight 4.381621E-04, wHPWL 7.238454E+07, Overflow 4.125575E-01, MaxDensity 8.676E+00, gamma 8.488493E+01, time 0.654ms
[INFO   ] DREAMPlace - full step 3.232 ms
[INFO   ] DREAMPlace - optimizer step 2.216 ms
[INFO   ] DREAMPlace - iteration  342, ( 342,  0,  0), Obj 5.647501E+07, DensityWeight 4.564454E-04, wHPWL 7.240089E+07, Overflow 4.077312E-01, MaxDensity 7.877E+00, gamma 8.264325E+01, time 0.655ms
[INFO   ] DREAMPlace - full step 3.338 ms
[INFO   ] DREAMPlace - optimizer step 14.866 ms
[INFO   ] DREAMPlace - iteration  343, ( 343,  0,  0), Obj 5.676435E+07, DensityWeight 4.878360E-04, wHPWL 7.238634E+07, Overflow 4.037322E-01, MaxDensity 7.653E+00, gamma 8.062733E+01, time 0.728ms
[INFO   ] DREAMPlace - full step 16.145 ms
[INFO   ] DREAMPlace - optimizer step 2.126 ms
[INFO   ] DREAMPlace - iteration  344, ( 344,  0,  0), Obj 5.703056E+07, DensityWeight 5.081920E-04, wHPWL 7.237338E+07, Overflow 4.004889E-01, MaxDensity 8.637E+00, gamma 7.899426E+01, time 0.660ms
[INFO   ] DREAMPlace - full step 3.267 ms
[INFO   ] DREAMPlace - optimizer step 2.140 ms
[INFO   ] DREAMPlace - iteration  345, ( 345,  0,  0), Obj 5.725096E+07, DensityWeight 5.293974E-04, wHPWL 7.233801E+07, Overflow 3.961531E-01, MaxDensity 7.603E+00, gamma 7.769414E+01, time 1.257ms
[INFO   ] DREAMPlace - full step 3.867 ms
[INFO   ] DREAMPlace - optimizer step 4.391 ms
[INFO   ] DREAMPlace - iteration  346, ( 346,  0,  0), Obj 5.743247E+07, DensityWeight 5.514877E-04, wHPWL 7.231711E+07, Overflow 3.924921E-01, MaxDensity 7.677E+00, gamma 7.598943E+01, time 0.655ms
[INFO   ] DREAMPlace - full step 5.517 ms
[INFO   ] DREAMPlace - optimizer step 2.124 ms
[INFO   ] DREAMPlace - iteration  347, ( 347,  0,  0), Obj 5.765963E+07, DensityWeight 5.744997E-04, wHPWL 7.228145E+07, Overflow 3.885958E-01, MaxDensity 7.693E+00, gamma 7.457919E+01, time 0.661ms
[INFO   ] DREAMPlace - full step 3.244 ms
[INFO   ] DREAMPlace - optimizer step 2.067 ms
[INFO   ] DREAMPlace - iteration  348, ( 348,  0,  0), Obj 5.786596E+07, DensityWeight 5.984720E-04, wHPWL 7.227853E+07, Overflow 3.845536E-01, MaxDensity 7.222E+00, gamma 7.310707E+01, time 0.644ms
[INFO   ] DREAMPlace - full step 3.175 ms
[INFO   ] DREAMPlace - optimizer step 2.081 ms
[INFO   ] DREAMPlace - iteration  349, ( 349,  0,  0), Obj 5.806344E+07, DensityWeight 6.234445E-04, wHPWL 7.223563E+07, Overflow 3.808076E-01, MaxDensity 6.698E+00, gamma 7.161048E+01, time 0.639ms
[INFO   ] DREAMPlace - full step 3.205 ms
[INFO   ] DREAMPlace - optimizer step 2.328 ms
[INFO   ] DREAMPlace - iteration  350, ( 350,  0,  0), Obj 5.826122E+07, DensityWeight 6.494591E-04, wHPWL 7.220746E+07, Overflow 3.765869E-01, MaxDensity 7.395E+00, gamma 7.025092E+01, time 0.654ms
[INFO   ] DREAMPlace - full step 3.442 ms
[INFO   ] DREAMPlace - optimizer step 2.095 ms
[INFO   ] DREAMPlace - iteration  351, ( 351,  0,  0), Obj 5.844241E+07, DensityWeight 6.765592E-04, wHPWL 7.215654E+07, Overflow 3.733105E-01, MaxDensity 7.159E+00, gamma 6.875002E+01, time 0.651ms
[INFO   ] DREAMPlace - full step 3.196 ms
[INFO   ] DREAMPlace - optimizer step 3.330 ms
[INFO   ] DREAMPlace - iteration  352, ( 352,  0,  0), Obj 5.863824E+07, DensityWeight 7.047901E-04, wHPWL 7.212635E+07, Overflow 3.697290E-01, MaxDensity 6.195E+00, gamma 6.760705E+01, time 0.647ms
[INFO   ] DREAMPlace - full step 4.439 ms
[INFO   ] DREAMPlace - optimizer step 2.102 ms
[INFO   ] DREAMPlace - iteration  353, ( 353,  0,  0), Obj 5.878910E+07, DensityWeight 7.341990E-04, wHPWL 7.206990E+07, Overflow 3.666902E-01, MaxDensity 6.499E+00, gamma 6.637935E+01, time 0.791ms
[INFO   ] DREAMPlace - full step 3.351 ms
[INFO   ] DREAMPlace - optimizer step 2.116 ms
[INFO   ] DREAMPlace - iteration  354, ( 354,  0,  0), Obj 5.894284E+07, DensityWeight 7.648350E-04, wHPWL 7.203044E+07, Overflow 3.631344E-01, MaxDensity 7.233E+00, gamma 6.535519E+01, time 0.647ms
[INFO   ] DREAMPlace - full step 3.223 ms
[INFO   ] DREAMPlace - optimizer step 2.087 ms
[INFO   ] DREAMPlace - iteration  355, ( 355,  0,  0), Obj 5.907665E+07, DensityWeight 7.967494E-04, wHPWL 7.197660E+07, Overflow 3.596332E-01, MaxDensity 6.649E+00, gamma 6.417685E+01, time 0.634ms
[INFO   ] DREAMPlace - full step 3.209 ms
[INFO   ] DREAMPlace - optimizer step 2.145 ms
[INFO   ] DREAMPlace - iteration  356, ( 356,  0,  0), Obj 5.923557E+07, DensityWeight 8.299955E-04, wHPWL 7.195571E+07, Overflow 3.554961E-01, MaxDensity 6.723E+00, gamma 6.303734E+01, time 0.645ms
[INFO   ] DREAMPlace - full step 3.255 ms
[INFO   ] DREAMPlace - optimizer step 2.087 ms
[INFO   ] DREAMPlace - iteration  357, ( 357,  0,  0), Obj 5.939612E+07, DensityWeight 8.646289E-04, wHPWL 7.192218E+07, Overflow 3.517787E-01, MaxDensity 6.656E+00, gamma 6.171694E+01, time 0.674ms
[INFO   ] DREAMPlace - full step 3.216 ms
[INFO   ] DREAMPlace - optimizer step 2.078 ms
[INFO   ] DREAMPlace - iteration  358, ( 358,  0,  0), Obj 5.957987E+07, DensityWeight 9.007074E-04, wHPWL 7.190622E+07, Overflow 3.475305E-01, MaxDensity 6.426E+00, gamma 6.055407E+01, time 0.645ms
[INFO   ] DREAMPlace - full step 3.178 ms
[INFO   ] DREAMPlace - optimizer step 2.100 ms
[INFO   ] DREAMPlace - iteration  359, ( 359,  0,  0), Obj 5.974410E+07, DensityWeight 9.382914E-04, wHPWL 7.186602E+07, Overflow 3.439940E-01, MaxDensity 7.243E+00, gamma 5.925198E+01, time 0.652ms
[INFO   ] DREAMPlace - full step 3.226 ms
[INFO   ] DREAMPlace - plotting to lambdaramp_results/s143/adaptec1/plot/iter0360.png takes 1.315 seconds
[INFO   ] DREAMPlace - optimizer step 4.408 ms
[INFO   ] DREAMPlace - iteration  360, ( 360,  0,  0), Obj 5.992152E+07, DensityWeight 9.774436E-04, wHPWL 7.183686E+07, Overflow 3.401170E-01, MaxDensity 7.481E+00, gamma 5.818943E+01, time 0.646ms
[INFO   ] DREAMPlace - full step 1321.894 ms
[INFO   ] DREAMPlace - optimizer step 2.217 ms
[INFO   ] DREAMPlace - iteration  361, ( 361,  0,  0), Obj 6.007198E+07, DensityWeight 1.018230E-03, wHPWL 7.178950E+07, Overflow 3.364398E-01, MaxDensity 6.408E+00, gamma 5.704643E+01, time 0.722ms
[INFO   ] DREAMPlace - full step 3.621 ms
[INFO   ] DREAMPlace - optimizer step 2.139 ms
[INFO   ] DREAMPlace - iteration  362, ( 362,  0,  0), Obj 6.023232E+07, DensityWeight 1.060718E-03, wHPWL 7.175873E+07, Overflow 3.325075E-01, MaxDensity 5.868E+00, gamma 5.598311E+01, time 0.668ms
[INFO   ] DREAMPlace - full step 3.298 ms
[INFO   ] DREAMPlace - optimizer step 2.134 ms
[INFO   ] DREAMPlace - iteration  363, ( 363,  0,  0), Obj 6.038610E+07, DensityWeight 1.104978E-03, wHPWL 7.171611E+07, Overflow 3.289632E-01, MaxDensity 6.778E+00, gamma 5.486793E+01, time 0.652ms
[INFO   ] DREAMPlace - full step 3.263 ms
[INFO   ] DREAMPlace - optimizer step 2.150 ms
[INFO   ] DREAMPlace - iteration  364, ( 364,  0,  0), Obj 6.054683E+07, DensityWeight 1.151086E-03, wHPWL 7.168830E+07, Overflow 3.252183E-01, MaxDensity 5.995E+00, gamma 5.388182E+01, time 0.657ms
[INFO   ] DREAMPlace - full step 3.269 ms
[INFO   ] DREAMPlace - optimizer step 2.109 ms
[INFO   ] DREAMPlace - iteration  365, ( 365,  0,  0), Obj 6.069113E+07, DensityWeight 1.199118E-03, wHPWL 7.164547E+07, Overflow 3.215814E-01, MaxDensity 6.466E+00, gamma 5.285918E+01, time 0.645ms
[INFO   ] DREAMPlace - full step 3.232 ms
[INFO   ] DREAMPlace - optimizer step 2.120 ms
[INFO   ] DREAMPlace - iteration  366, ( 366,  0,  0), Obj 6.084184E+07, DensityWeight 1.249153E-03, wHPWL 7.162085E+07, Overflow 3.177724E-01, MaxDensity 6.147E+00, gamma 5.188458E+01, time 0.649ms
[INFO   ] DREAMPlace - full step 3.235 ms
[INFO   ] DREAMPlace - optimizer step 2.109 ms
[INFO   ] DREAMPlace - iteration  367, ( 367,  0,  0), Obj 6.099006E+07, DensityWeight 1.301277E-03, wHPWL 7.158561E+07, Overflow 3.139210E-01, MaxDensity 6.021E+00, gamma 5.088315E+01, time 0.716ms
[INFO   ] DREAMPlace - full step 3.294 ms
[INFO   ] DREAMPlace - optimizer step 2.120 ms
[INFO   ] DREAMPlace - iteration  368, ( 368,  0,  0), Obj 6.114193E+07, DensityWeight 1.355576E-03, wHPWL 7.156731E+07, Overflow 3.102643E-01, MaxDensity 5.463E+00, gamma 4.989020E+01, time 0.644ms
[INFO   ] DREAMPlace - full step 3.229 ms
[INFO   ] DREAMPlace - optimizer step 2.100 ms
[INFO   ] DREAMPlace - iteration  369, ( 369,  0,  0), Obj 6.129209E+07, DensityWeight 1.412140E-03, wHPWL 7.152990E+07, Overflow 3.067534E-01, MaxDensity 5.477E+00, gamma 4.896539E+01, time 0.638ms
[INFO   ] DREAMPlace - full step 3.283 ms
[INFO   ] DREAMPlace - optimizer step 2.138 ms
[INFO   ] DREAMPlace - iteration  370, ( 370,  0,  0), Obj 6.143516E+07, DensityWeight 1.471065E-03, wHPWL 7.151102E+07, Overflow 3.030026E-01, MaxDensity 5.530E+00, gamma 4.809360E+01, time 0.661ms
[INFO   ] DREAMPlace - full step 3.256 ms
[INFO   ] DREAMPlace - optimizer step 2.114 ms
[INFO   ] DREAMPlace - iteration  371, ( 371,  0,  0), Obj 6.157100E+07, DensityWeight 1.532448E-03, wHPWL 7.147558E+07, Overflow 2.992361E-01, MaxDensity 5.503E+00, gamma 4.717936E+01, time 0.649ms
[INFO   ] DREAMPlace - full step 3.230 ms
[INFO   ] DREAMPlace - optimizer step 2.081 ms
[INFO   ] DREAMPlace - iteration  372, ( 372,  0,  0), Obj 6.170982E+07, DensityWeight 1.596393E-03, wHPWL 7.145266E+07, Overflow 2.956326E-01, MaxDensity 5.374E+00, gamma 4.627879E+01, time 0.664ms
[INFO   ] DREAMPlace - full step 3.223 ms
[INFO   ] DREAMPlace - optimizer step 2.141 ms
[INFO   ] DREAMPlace - iteration  373, ( 373,  0,  0), Obj 6.185170E+07, DensityWeight 1.663006E-03, wHPWL 7.141835E+07, Overflow 2.921973E-01, MaxDensity 5.060E+00, gamma 4.543329E+01, time 0.645ms
[INFO   ] DREAMPlace - full step 3.253 ms
[INFO   ] DREAMPlace - optimizer step 2.091 ms
[INFO   ] DREAMPlace - iteration  374, ( 374,  0,  0), Obj 6.198735E+07, DensityWeight 1.732398E-03, wHPWL 7.140186E+07, Overflow 2.882093E-01, MaxDensity 5.136E+00, gamma 4.464167E+01, time 0.656ms
[INFO   ] DREAMPlace - full step 3.198 ms
[INFO   ] DREAMPlace - optimizer step 2.141 ms
[INFO   ] DREAMPlace - iteration  375, ( 375,  0,  0), Obj 6.211093E+07, DensityWeight 1.804686E-03, wHPWL 7.136216E+07, Overflow 2.849109E-01, MaxDensity 5.398E+00, gamma 4.373993E+01, time 0.650ms
[INFO   ] DREAMPlace - full step 3.255 ms
[INFO   ] DREAMPlace - optimizer step 2.418 ms
[INFO   ] DREAMPlace - iteration  376, ( 376,  0,  0), Obj 6.224838E+07, DensityWeight 1.879991E-03, wHPWL 7.133798E+07, Overflow 2.813319E-01, MaxDensity 5.346E+00, gamma 4.300791E+01, time 4.069ms
[INFO   ] DREAMPlace - full step 6.960 ms
[INFO   ] DREAMPlace - optimizer step 2.126 ms
[INFO   ] DREAMPlace - iteration  377, ( 377,  0,  0), Obj 6.236824E+07, DensityWeight 1.958437E-03, wHPWL 7.130213E+07, Overflow 2.783459E-01, MaxDensity 5.137E+00, gamma 4.222745E+01, time 0.816ms
[INFO   ] DREAMPlace - full step 3.405 ms
[INFO   ] DREAMPlace - optimizer step 2.179 ms
[INFO   ] DREAMPlace - iteration  378, ( 378,  0,  0), Obj 6.249141E+07, DensityWeight 2.040158E-03, wHPWL 7.128418E+07, Overflow 2.751869E-01, MaxDensity 5.055E+00, gamma 4.158718E+01, time 1.207ms
[INFO   ] DREAMPlace - full step 3.859 ms
[INFO   ] DREAMPlace - optimizer step 2.343 ms
[INFO   ] DREAMPlace - iteration  379, ( 379,  0,  0), Obj 6.259517E+07, DensityWeight 2.125288E-03, wHPWL 7.124911E+07, Overflow 2.715829E-01, MaxDensity 4.911E+00, gamma 4.092035E+01, time 0.668ms
[INFO   ] DREAMPlace - full step 3.466 ms
[INFO   ] DREAMPlace - optimizer step 2.288 ms
[INFO   ] DREAMPlace - iteration  380, ( 380,  0,  0), Obj 6.270082E+07, DensityWeight 2.213970E-03, wHPWL 7.123293E+07, Overflow 2.677348E-01, MaxDensity 5.097E+00, gamma 4.017265E+01, time 0.655ms
[INFO   ] DREAMPlace - full step 3.407 ms
[INFO   ] DREAMPlace - optimizer step 2.347 ms
[INFO   ] DREAMPlace - iteration  381, ( 381,  0,  0), Obj 6.282193E+07, DensityWeight 2.306353E-03, wHPWL 7.120292E+07, Overflow 2.641658E-01, MaxDensity 5.301E+00, gamma 3.938938E+01, time 0.645ms
[INFO   ] DREAMPlace - full step 3.470 ms
[INFO   ] DREAMPlace - optimizer step 2.233 ms
[INFO   ] DREAMPlace - iteration  382, ( 382,  0,  0), Obj 6.295161E+07, DensityWeight 2.402590E-03, wHPWL 7.119335E+07, Overflow 2.605356E-01, MaxDensity 5.085E+00, gamma 3.867657E+01, time 0.654ms
[INFO   ] DREAMPlace - full step 3.340 ms
[INFO   ] DREAMPlace - optimizer step 13.463 ms
[INFO   ] DREAMPlace - iteration  383, ( 383,  0,  0), Obj 6.306908E+07, DensityWeight 2.502844E-03, wHPWL 7.116184E+07, Overflow 2.569230E-01, MaxDensity 4.931E+00, gamma 3.796479E+01, time 0.664ms
[INFO   ] DREAMPlace - full step 14.605 ms
[INFO   ] DREAMPlace - optimizer step 3.141 ms
[INFO   ] DREAMPlace - iteration  384, ( 384,  0,  0), Obj 6.318135E+07, DensityWeight 2.607280E-03, wHPWL 7.114144E+07, Overflow 2.536750E-01, MaxDensity 4.556E+00, gamma 3.726946E+01, time 5.518ms
[INFO   ] DREAMPlace - full step 9.177 ms
[INFO   ] DREAMPlace - optimizer step 2.238 ms
[INFO   ] DREAMPlace - iteration  385, ( 385,  0,  0), Obj 6.329247E+07, DensityWeight 2.716075E-03, wHPWL 7.110563E+07, Overflow 2.508781E-01, MaxDensity 4.961E+00, gamma 3.665516E+01, time 0.761ms
[INFO   ] DREAMPlace - full step 3.570 ms
[INFO   ] DREAMPlace - optimizer step 2.174 ms
[INFO   ] DREAMPlace - iteration  386, ( 386,  0,  0), Obj 6.339379E+07, DensityWeight 2.829409E-03, wHPWL 7.109034E+07, Overflow 2.474429E-01, MaxDensity 4.823E+00, gamma 3.613432E+01, time 0.652ms
[INFO   ] DREAMPlace - full step 3.293 ms
[INFO   ] DREAMPlace - optimizer step 2.185 ms
[INFO   ] DREAMPlace - iteration  387, ( 387,  0,  0), Obj 6.348052E+07, DensityWeight 2.947472E-03, wHPWL 7.106012E+07, Overflow 2.447536E-01, MaxDensity 4.999E+00, gamma 3.550471E+01, time 1.681ms
[INFO   ] DREAMPlace - full step 4.335 ms
[INFO   ] DREAMPlace - optimizer step 2.312 ms
[INFO   ] DREAMPlace - iteration  388, ( 388,  0,  0), Obj 6.358491E+07, DensityWeight 3.070462E-03, wHPWL 7.104994E+07, Overflow 2.413384E-01, MaxDensity 4.910E+00, gamma 3.501950E+01, time 0.648ms
[INFO   ] DREAMPlace - full step 3.451 ms
[INFO   ] DREAMPlace - optimizer step 2.149 ms
[INFO   ] DREAMPlace - iteration  389, ( 389,  0,  0), Obj 6.367156E+07, DensityWeight 3.198584E-03, wHPWL 7.102767E+07, Overflow 2.379256E-01, MaxDensity 4.677E+00, gamma 3.441284E+01, time 0.656ms
[INFO   ] DREAMPlace - full step 3.290 ms
[INFO   ] DREAMPlace - optimizer step 2.163 ms
[INFO   ] DREAMPlace - iteration  390, ( 390,  0,  0), Obj 6.377441E+07, DensityWeight 3.332051E-03, wHPWL 7.101966E+07, Overflow 2.341457E-01, MaxDensity 4.351E+00, gamma 3.381712E+01, time 1.001ms
[INFO   ] DREAMPlace - full step 3.637 ms
[INFO   ] DREAMPlace - optimizer step 2.187 ms
[INFO   ] DREAMPlace - iteration  391, ( 391,  0,  0), Obj 6.387533E+07, DensityWeight 3.471089E-03, wHPWL 7.099552E+07, Overflow 2.311940E-01, MaxDensity 4.539E+00, gamma 3.316934E+01, time 0.663ms
[INFO   ] DREAMPlace - full step 3.362 ms
[INFO   ] DREAMPlace - optimizer step 2.148 ms
[INFO   ] DREAMPlace - iteration  392, ( 392,  0,  0), Obj 6.398388E+07, DensityWeight 3.615927E-03, wHPWL 7.098198E+07, Overflow 2.279108E-01, MaxDensity 4.395E+00, gamma 3.267213E+01, time 1.141ms
[INFO   ] DREAMPlace - full step 3.766 ms
[INFO   ] DREAMPlace - optimizer step 2.155 ms
[INFO   ] DREAMPlace - iteration  393, ( 393,  0,  0), Obj 6.407058E+07, DensityWeight 3.766810E-03, wHPWL 7.095714E+07, Overflow 2.250221E-01, MaxDensity 4.387E+00, gamma 3.212784E+01, time 0.646ms
[INFO   ] DREAMPlace - full step 3.298 ms
[INFO   ] DREAMPlace - optimizer step 2.151 ms
[INFO   ] DREAMPlace - iteration  394, ( 394,  0,  0), Obj 6.416394E+07, DensityWeight 3.923988E-03, wHPWL 7.094454E+07, Overflow 2.215738E-01, MaxDensity 4.094E+00, gamma 3.165644E+01, time 0.673ms
[INFO   ] DREAMPlace - full step 3.297 ms
[INFO   ] DREAMPlace - optimizer step 4.756 ms
[INFO   ] DREAMPlace - iteration  395, ( 395,  0,  0), Obj 6.424737E+07, DensityWeight 4.087725E-03, wHPWL 7.092389E+07, Overflow 2.183091E-01, MaxDensity 3.988E+00, gamma 3.110278E+01, time 0.669ms
[INFO   ] DREAMPlace - full step 5.897 ms
[INFO   ] DREAMPlace - optimizer step 2.331 ms
[INFO   ] DREAMPlace - iteration  396, ( 396,  0,  0), Obj 6.434332E+07, DensityWeight 4.258294E-03, wHPWL 7.091382E+07, Overflow 2.147956E-01, MaxDensity 3.849E+00, gamma 3.058753E+01, time 0.662ms
[INFO   ] DREAMPlace - full step 3.471 ms
[INFO   ] DREAMPlace - optimizer step 2.210 ms
[INFO   ] DREAMPlace - iteration  397, ( 397,  0,  0), Obj 6.443374E+07, DensityWeight 4.435981E-03, wHPWL 7.089382E+07, Overflow 2.116334E-01, MaxDensity 3.987E+00, gamma 3.004253E+01, time 0.656ms
[INFO   ] DREAMPlace - full step 3.349 ms
[INFO   ] DREAMPlace - optimizer step 2.145 ms
[INFO   ] DREAMPlace - iteration  398, ( 398,  0,  0), Obj 6.452807E+07, DensityWeight 4.621082E-03, wHPWL 7.088093E+07, Overflow 2.083263E-01, MaxDensity 4.079E+00, gamma 2.956033E+01, time 0.631ms
[INFO   ] DREAMPlace - full step 3.243 ms
[INFO   ] DREAMPlace - optimizer step 2.101 ms
[INFO   ] DREAMPlace - iteration  399, ( 399,  0,  0), Obj 6.461033E+07, DensityWeight 4.813906E-03, wHPWL 7.085733E+07, Overflow 2.054329E-01, MaxDensity 4.021E+00, gamma 2.906433E+01, time 0.654ms
[INFO   ] DREAMPlace - full step 3.212 ms
[INFO   ] DREAMPlace - plotting to lambdaramp_results/s143/adaptec1/plot/iter0400.png takes 1.316 seconds
[INFO   ] DREAMPlace - optimizer step 10.423 ms
[INFO   ] DREAMPlace - iteration  400, ( 400,  0,  0), Obj 6.469631E+07, DensityWeight 5.014777E-03, wHPWL 7.084400E+07, Overflow 2.023017E-01, MaxDensity 3.786E+00, gamma 2.863720E+01, time 2.079ms
[INFO   ] DREAMPlace - full step 1330.472 ms
[INFO   ] DREAMPlace - optimizer step 15.585 ms
[INFO   ] DREAMPlace - iteration  401, ( 401,  0,  0), Obj 6.477150E+07, DensityWeight 5.224030E-03, wHPWL 7.082526E+07, Overflow 1.993840E-01, MaxDensity 3.532E+00, gamma 2.818203E+01, time 9.608ms
[INFO   ] DREAMPlace - full step 25.866 ms
[INFO   ] DREAMPlace - optimizer step 14.795 ms
[INFO   ] DREAMPlace - iteration  402, ( 402,  0,  0), Obj 6.485165E+07, DensityWeight 5.442013E-03, wHPWL 7.081426E+07, Overflow 1.962841E-01, MaxDensity 3.441E+00, gamma 2.776441E+01, time 6.492ms
[INFO   ] DREAMPlace - full step 21.914 ms
[INFO   ] DREAMPlace - optimizer step 2.546 ms
[INFO   ] DREAMPlace - iteration  403, ( 403,  0,  0), Obj 6.492618E+07, DensityWeight 5.669093E-03, wHPWL 7.079661E+07, Overflow 1.933046E-01, MaxDensity 3.567E+00, gamma 2.732750E+01, time 2.209ms
[INFO   ] DREAMPlace - full step 5.360 ms
[INFO   ] DREAMPlace - optimizer step 2.503 ms
[INFO   ] DREAMPlace - iteration  404, ( 404,  0,  0), Obj 6.500326E+07, DensityWeight 5.905649E-03, wHPWL 7.078650E+07, Overflow 1.903488E-01, MaxDensity 3.809E+00, gamma 2.691404E+01, time 0.727ms
[INFO   ] DREAMPlace - full step 3.832 ms
[INFO   ] DREAMPlace - optimizer step 2.468 ms
[INFO   ] DREAMPlace - iteration  405, ( 405,  0,  0), Obj 6.507432E+07, DensityWeight 6.152075E-03, wHPWL 7.076670E+07, Overflow 1.876124E-01, MaxDensity 3.665E+00, gamma 2.651004E+01, time 0.694ms
[INFO   ] DREAMPlace - full step 3.679 ms
[INFO   ] DREAMPlace - optimizer step 2.399 ms
[INFO   ] DREAMPlace - iteration  406, ( 406,  0,  0), Obj 6.513908E+07, DensityWeight 6.408784E-03, wHPWL 7.074746E+07, Overflow 1.848424E-01, MaxDensity 3.570E+00, gamma 2.614143E+01, time 0.669ms
[INFO   ] DREAMPlace - full step 3.583 ms
[INFO   ] DREAMPlace - optimizer step 8.728 ms
[INFO   ] DREAMPlace - iteration  407, ( 407,  0,  0), Obj 6.518977E+07, DensityWeight 6.676204E-03, wHPWL 7.071139E+07, Overflow 1.819965E-01, MaxDensity 3.481E+00, gamma 2.577353E+01, time 1.012ms
[INFO   ] DREAMPlace - full step 10.231 ms
[INFO   ] DREAMPlace - optimizer step 15.998 ms
[INFO   ] DREAMPlace - iteration  408, ( 408,  0,  0), Obj 6.523130E+07, DensityWeight 6.954783E-03, wHPWL 7.066682E+07, Overflow 1.791255E-01, MaxDensity 3.473E+00, gamma 2.540093E+01, time 7.969ms
[INFO   ] DREAMPlace - full step 24.549 ms
[INFO   ] DREAMPlace - optimizer step 13.732 ms
[INFO   ] DREAMPlace - iteration  409, ( 409,  0,  0), Obj 6.526596E+07, DensityWeight 7.244986E-03, wHPWL 7.060569E+07, Overflow 1.764250E-01, MaxDensity 3.308E+00, gamma 2.503050E+01, time 3.002ms
[INFO   ] DREAMPlace - full step 17.294 ms
[INFO   ] DREAMPlace - optimizer step 12.543 ms
[INFO   ] DREAMPlace - iteration  410, ( 410,  0,  0), Obj 6.530171E+07, DensityWeight 7.547299E-03, wHPWL 7.054710E+07, Overflow 1.737403E-01, MaxDensity 3.078E+00, gamma 2.468701E+01, time 5.690ms
[INFO   ] DREAMPlace - full step 18.826 ms
[INFO   ] DREAMPlace - optimizer step 2.900 ms
[INFO   ] DREAMPlace - iteration  411, ( 411,  0,  0), Obj 6.534200E+07, DensityWeight 7.862227E-03, wHPWL 7.049690E+07, Overflow 1.709792E-01, MaxDensity 3.240E+00, gamma 2.435019E+01, time 0.848ms
[INFO   ] DREAMPlace - full step 4.459 ms
[INFO   ] DREAMPlace - optimizer step 2.321 ms
[INFO   ] DREAMPlace - iteration  412, ( 412,  0,  0), Obj 6.539336E+07, DensityWeight 8.190296E-03, wHPWL 7.046768E+07, Overflow 1.681006E-01, MaxDensity 3.322E+00, gamma 2.400859E+01, time 0.676ms
[INFO   ] DREAMPlace - full step 3.492 ms
[INFO   ] DREAMPlace - optimizer step 2.980 ms
[INFO   ] DREAMPlace - iteration  413, ( 413,  0,  0), Obj 6.545565E+07, DensityWeight 8.532054E-03, wHPWL 7.045301E+07, Overflow 1.653778E-01, MaxDensity 3.233E+00, gamma 2.365755E+01, time 0.684ms
[INFO   ] DREAMPlace - full step 4.150 ms
[INFO   ] DREAMPlace - optimizer step 8.983 ms
[INFO   ] DREAMPlace - iteration  414, ( 414,  0,  0), Obj 6.552450E+07, DensityWeight 8.888072E-03, wHPWL 7.044902E+07, Overflow 1.627980E-01, MaxDensity 3.144E+00, gamma 2.333024E+01, time 0.673ms
[INFO   ] DREAMPlace - full step 10.133 ms
[INFO   ] DREAMPlace - optimizer step 11.709 ms
[INFO   ] DREAMPlace - iteration  415, ( 415,  0,  0), Obj 6.559012E+07, DensityWeight 9.258946E-03, wHPWL 7.044501E+07, Overflow 1.602499E-01, MaxDensity 3.097E+00, gamma 2.302429E+01, time 8.261ms
[INFO   ] DREAMPlace - full step 20.467 ms
[INFO   ] DREAMPlace - optimizer step 4.876 ms
[INFO   ] DREAMPlace - iteration  416, ( 416,  0,  0), Obj 6.565171E+07, DensityWeight 9.645296E-03, wHPWL 7.044243E+07, Overflow 1.577175E-01, MaxDensity 2.942E+00, gamma 2.272605E+01, time 2.977ms
[INFO   ] DREAMPlace - full step 8.342 ms
[INFO   ] DREAMPlace - optimizer step 12.742 ms
[INFO   ] DREAMPlace - iteration  417, ( 417,  0,  0), Obj 6.571160E+07, DensityWeight 1.004777E-02, wHPWL 7.043850E+07, Overflow 1.550880E-01, MaxDensity 2.930E+00, gamma 2.243346E+01, time 7.423ms
[INFO   ] DREAMPlace - full step 20.676 ms
[INFO   ] DREAMPlace - optimizer step 26.677 ms
[INFO   ] DREAMPlace - iteration  418, ( 418,  0,  0), Obj 6.577263E+07, DensityWeight 1.046703E-02, wHPWL 7.043976E+07, Overflow 1.524624E-01, MaxDensity 2.970E+00, gamma 2.213364E+01, time 6.992ms
[INFO   ] DREAMPlace - full step 34.206 ms
[INFO   ] DREAMPlace - optimizer step 7.904 ms
[INFO   ] DREAMPlace - iteration  419, ( 419,  0,  0), Obj 6.583560E+07, DensityWeight 1.122057E-02, wHPWL 7.044132E+07, Overflow 1.500159E-01, MaxDensity 2.978E+00, gamma 2.183828E+01, time 6.250ms
[INFO   ] DREAMPlace - full step 14.718 ms
[INFO   ] DREAMPlace - optimizer step 2.455 ms
[INFO   ] DREAMPlace - iteration  420, ( 420,  0,  0), Obj 6.589771E+07, DensityWeight 1.202764E-02, wHPWL 7.044459E+07, Overflow 1.474632E-01, MaxDensity 2.878E+00, gamma 2.156660E+01, time 0.709ms
[INFO   ] DREAMPlace - full step 3.777 ms
[INFO   ] DREAMPlace - optimizer step 2.220 ms
[INFO   ] DREAMPlace - iteration  421, ( 421,  0,  0), Obj 6.596508E+07, DensityWeight 1.288836E-02, wHPWL 7.045742E+07, Overflow 1.434545E-01, MaxDensity 2.722E+00, gamma 2.128673E+01, time 0.833ms
[INFO   ] DREAMPlace - full step 3.624 ms
[INFO   ] DREAMPlace - optimizer step 23.694 ms
[INFO   ] DREAMPlace - iteration  422, ( 422,  0,  0), Obj 6.603873E+07, DensityWeight 1.378441E-02, wHPWL 7.047666E+07, Overflow 1.386615E-01, MaxDensity 2.688E+00, gamma 2.085455E+01, time 12.964ms
[INFO   ] DREAMPlace - full step 37.192 ms
[INFO   ] DREAMPlace - optimizer step 12.087 ms
[INFO   ] DREAMPlace - iteration  423, ( 423,  0,  0), Obj 6.613903E+07, DensityWeight 1.472389E-02, wHPWL 7.049662E+07, Overflow 1.337503E-01, MaxDensity 2.636E+00, gamma 2.034931E+01, time 19.203ms
[INFO   ] DREAMPlace - full step 31.836 ms
[INFO   ] DREAMPlace - optimizer step 15.182 ms
[INFO   ] DREAMPlace - iteration  424, ( 424,  0,  0), Obj 6.624814E+07, DensityWeight 1.572516E-02, wHPWL 7.050826E+07, Overflow 1.295183E-01, MaxDensity 2.591E+00, gamma 1.984431E+01, time 4.057ms
[INFO   ] DREAMPlace - full step 19.849 ms
[INFO   ] DREAMPlace - optimizer step 2.662 ms
[INFO   ] DREAMPlace - iteration  425, ( 425,  0,  0), Obj 6.635198E+07, DensityWeight 1.682243E-02, wHPWL 7.050902E+07, Overflow 1.259824E-01, MaxDensity 2.562E+00, gamma 1.941921E+01, time 5.124ms
[INFO   ] DREAMPlace - full step 8.299 ms
[INFO   ] DREAMPlace - optimizer step 2.128 ms
[INFO   ] DREAMPlace - iteration  426, ( 426,  0,  0), Obj 6.644064E+07, DensityWeight 1.803528E-02, wHPWL 7.050588E+07, Overflow 1.228792E-01, MaxDensity 2.540E+00, gamma 1.907102E+01, time 0.654ms
[INFO   ] DREAMPlace - full step 3.280 ms
[INFO   ] DREAMPlace - optimizer step 2.181 ms
[INFO   ] DREAMPlace - iteration  427, ( 427,  0,  0), Obj 6.651742E+07, DensityWeight 1.878784E-02, wHPWL 7.050500E+07, Overflow 1.196206E-01, MaxDensity 2.481E+00, gamma 1.877059E+01, time 0.688ms
[INFO   ] DREAMPlace - full step 3.333 ms
[INFO   ] DREAMPlace - optimizer step 2.095 ms
[INFO   ] DREAMPlace - iteration  428, ( 428,  0,  0), Obj 6.658807E+07, DensityWeight 1.957181E-02, wHPWL 7.050874E+07, Overflow 1.161502E-01, MaxDensity 2.408E+00, gamma 1.846021E+01, time 0.669ms
[INFO   ] DREAMPlace - full step 3.226 ms
[INFO   ] DREAMPlace - optimizer step 2.161 ms
[INFO   ] DREAMPlace - iteration  429, ( 429,  0,  0), Obj 6.665111E+07, DensityWeight 2.097047E-02, wHPWL 7.050398E+07, Overflow 1.137955E-01, MaxDensity 2.358E+00, gamma 1.813529E+01, time 0.656ms
[INFO   ] DREAMPlace - full step 3.281 ms
[INFO   ] DREAMPlace - optimizer step 16.156 ms
[INFO   ] DREAMPlace - iteration  430, ( 430,  0,  0), Obj 6.671209E+07, DensityWeight 2.184551E-02, wHPWL 7.049486E+07, Overflow 1.120775E-01, MaxDensity 2.309E+00, gamma 1.791810E+01, time 12.264ms
[INFO   ] DREAMPlace - full step 28.898 ms
[INFO   ] DREAMPlace - optimizer step 5.738 ms
[INFO   ] DREAMPlace - iteration  431, ( 431,  0,  0), Obj 6.676346E+07, DensityWeight 2.275706E-02, wHPWL 7.049532E+07, Overflow 1.093598E-01, MaxDensity 2.293E+00, gamma 1.776127E+01, time 3.101ms
[INFO   ] DREAMPlace - full step 9.313 ms
[INFO   ] DREAMPlace - optimizer step 13.724 ms
[INFO   ] DREAMPlace - iteration  432, ( 432,  0,  0), Obj 6.679976E+07, DensityWeight 2.439925E-02, wHPWL 7.049330E+07, Overflow 1.072174E-01, MaxDensity 2.292E+00, gamma 1.751599E+01, time 4.945ms
[INFO   ] DREAMPlace - full step 19.151 ms
[INFO   ] DREAMPlace - optimizer step 2.656 ms
[INFO   ] DREAMPlace - iteration  433, ( 433,  0,  0), Obj 6.684893E+07, DensityWeight 2.541737E-02, wHPWL 7.049114E+07, Overflow 1.052019E-01, MaxDensity 2.286E+00, gamma 1.732502E+01, time 2.041ms
[INFO   ] DREAMPlace - full step 5.193 ms
[INFO   ] DREAMPlace - optimizer step 2.111 ms
[INFO   ] DREAMPlace - iteration  434, ( 434,  0,  0), Obj 6.689758E+07, DensityWeight 2.647796E-02, wHPWL 7.049784E+07, Overflow 1.021628E-01, MaxDensity 2.275E+00, gamma 1.714727E+01, time 0.650ms
[INFO   ] DREAMPlace - full step 3.238 ms
[INFO   ] DREAMPlace - optimizer step 2.222 ms
[INFO   ] DREAMPlace - iteration  435, ( 435,  0,  0), Obj 6.693781E+07, DensityWeight 2.835338E-02, wHPWL 7.049766E+07, Overflow 9.981543E-02, MaxDensity 2.214E+00, gamma 1.688268E+01, time 0.669ms
[INFO   ] DREAMPlace - full step 3.369 ms
[INFO   ] DREAMPlace - optimizer step 2.931 ms
[INFO   ] DREAMPlace - iteration  436, ( 436,  0,  0), Obj 6.699042E+07, DensityWeight 2.953649E-02, wHPWL 7.049594E+07, Overflow 9.791524E-02, MaxDensity 2.149E+00, gamma 1.668111E+01, time 0.661ms
[INFO   ] DREAMPlace - full step 4.058 ms
[INFO   ] DREAMPlace - optimizer step 12.299 ms
[INFO   ] DREAMPlace - iteration  437, ( 437,  0,  0), Obj 6.704001E+07, DensityWeight 3.076897E-02, wHPWL 7.050062E+07, Overflow 9.519718E-02, MaxDensity 2.072E+00, gamma 1.651971E+01, time 0.653ms
[INFO   ] DREAMPlace - full step 13.423 ms
[INFO   ] DREAMPlace - optimizer step 11.811 ms
[INFO   ] DREAMPlace - iteration  438, ( 438,  0,  0), Obj 6.707719E+07, DensityWeight 3.296156E-02, wHPWL 7.049986E+07, Overflow 9.315439E-02, MaxDensity 2.022E+00, gamma 1.629154E+01, time 9.790ms
[INFO   ] DREAMPlace - full step 22.094 ms
[INFO   ] DREAMPlace - optimizer step 12.077 ms
[INFO   ] DREAMPlace - iteration  439, ( 439,  0,  0), Obj 6.712400E+07, DensityWeight 3.433695E-02, wHPWL 7.049800E+07, Overflow 9.135809E-02, MaxDensity 2.032E+00, gamma 1.612214E+01, time 2.383ms
[INFO   ] DREAMPlace - full step 14.974 ms
[INFO   ] DREAMPlace - plotting to lambdaramp_results/s143/adaptec1/plot/iter0440.png takes 1.300 seconds
[INFO   ] DREAMPlace - optimizer step 4.701 ms
[INFO   ] DREAMPlace - iteration  440, ( 440,  0,  0), Obj 6.716958E+07, DensityWeight 3.576973E-02, wHPWL 7.050545E+07, Overflow 8.875197E-02, MaxDensity 2.004E+00, gamma 1.597463E+01, time 7.038ms
[INFO   ] DREAMPlace - full step 1313.485 ms
[INFO   ] DREAMPlace - optimizer step 2.285 ms
[INFO   ] DREAMPlace - iteration  441, ( 441,  0,  0), Obj 6.720513E+07, DensityWeight 3.829760E-02, wHPWL 7.050648E+07, Overflow 8.674479E-02, MaxDensity 2.012E+00, gamma 1.576303E+01, time 0.759ms
[INFO   ] DREAMPlace - full step 3.745 ms
[INFO   ] DREAMPlace - optimizer step 2.317 ms
[INFO   ] DREAMPlace - iteration  442, ( 442,  0,  0), Obj 6.724998E+07, DensityWeight 4.105659E-02, wHPWL 7.050659E+07, Overflow 8.500982E-02, MaxDensity 2.012E+00, gamma 1.560196E+01, time 0.657ms
[INFO   ] DREAMPlace - full step 3.479 ms
[INFO   ] DREAMPlace - optimizer step 2.244 ms
[INFO   ] DREAMPlace - iteration  443, ( 443,  0,  0), Obj 6.729377E+07, DensityWeight 4.402241E-02, wHPWL 7.051456E+07, Overflow 8.263513E-02, MaxDensity 1.988E+00, gamma 1.546407E+01, time 0.646ms
[INFO   ] DREAMPlace - full step 3.384 ms
[INFO   ] DREAMPlace - optimizer step 2.225 ms
[INFO   ] DREAMPlace - iteration  444, ( 444,  0,  0), Obj 6.733569E+07, DensityWeight 4.712862E-02, wHPWL 7.052561E+07, Overflow 8.001754E-02, MaxDensity 1.964E+00, gamma 1.527730E+01, time 0.662ms
[INFO   ] DREAMPlace - full step 3.368 ms
[INFO   ] DREAMPlace - optimizer step 2.202 ms
[INFO   ] DREAMPlace - iteration  445, ( 445,  0,  0), Obj 6.738572E+07, DensityWeight 5.042303E-02, wHPWL 7.053686E+07, Overflow 7.741692E-02, MaxDensity 1.927E+00, gamma 1.507404E+01, time 0.669ms
[INFO   ] DREAMPlace - full step 3.355 ms
[INFO   ] DREAMPlace - optimizer step 2.183 ms
[INFO   ] DREAMPlace - iteration  446, ( 446,  0,  0), Obj 6.743743E+07, DensityWeight 5.394548E-02, wHPWL 7.054609E+07, Overflow 7.506773E-02, MaxDensity 1.896E+00, gamma 1.487478E+01, time 0.665ms
[INFO   ] DREAMPlace - full step 3.328 ms
[INFO   ] DREAMPlace - optimizer step 2.242 ms
[INFO   ] DREAMPlace - iteration  447, ( 447,  0,  0), Obj 6.748787E+07, DensityWeight 5.773740E-02, wHPWL 7.055384E+07, Overflow 7.279566E-02, MaxDensity 1.875E+00, gamma 1.469705E+01, time 0.697ms
[INFO   ] DREAMPlace - full step 3.435 ms
[INFO   ] DREAMPlace - optimizer step 2.240 ms
[INFO   ] DREAMPlace - iteration  448, ( 448,  0,  0), Obj 6.753438E+07, DensityWeight 6.181398E-02, wHPWL 7.056122E+07, Overflow 7.060321E-02, MaxDensity 1.861E+00, gamma 1.452717E+01, time 0.664ms
[INFO   ] DREAMPlace - full step 3.384 ms
[INFO   ] DREAMPlace - optimizer step 2.127 ms
[INFO   ] DREAMPlace - iteration  449, ( 449,  0,  0), Obj 6.757964E+07, DensityWeight 6.618336E-02, wHPWL 7.056886E+07, Overflow 6.847263E-02, MaxDensity 1.850E+00, gamma 1.436511E+01, time 0.672ms
[INFO   ] DREAMPlace - full step 3.274 ms
[INFO   ] DREAMPlace - optimizer nesterov takes 19.188 seconds
[INFO   ] DREAMPlace - plotting to lambdaramp_results/s143/adaptec1/plot/iter0450.png takes 1.296 seconds
[INFO   ] DREAMPlace - Start legalization
[WARNING] DEF input file not specified, cannot output DEF file; set to DEFSIMPLE
[INFO   ] lef_input = 
[INFO   ] def_input = 
[INFO   ] verilog_input = 
[INFO   ] bookshelf_aux_input = benchmarks/ispd2005/adaptec1/adaptec1.aux
[INFO   ] bookshelf_pl_input = 
[INFO   ] def_size_input = 
[INFO   ] def_output = -out.def
[INFO   ] rpt_output = 
[INFO   ] target_util = 0
[INFO   ] max_displace = 0
[INFO   ] bin size = (10, 10) #rows
[INFO   ] sbin size = (5, 5) #rows
[INFO   ] bin_space_threshold = 0.2
[INFO   ] abu = 2,10 5,5 10,2 20,1 
[INFO   ] def_ignore_cells = 
[INFO   ] macro_obs_aware_layers = 
[INFO   ] enable_place = true
[INFO   ] enable_legalize = true
[INFO   ] evaluate_overlap = false
[INFO   ] move_multi_row_cell = true
[INFO   ] align_power_line = true
[INFO   ] cluster_cell = false
[INFO   ] sort_nets_by_degree = false
[INFO   ] file_format = BOOKSHELF
[INFO   ] max_iters = 6
[WARNING] no DEF file specified
[WARNING] no Verilog file specified
[INFO   ] reading benchmarks/ispd2005/adaptec1/adaptec1.aux
[WARNING] no additional Bookshelf .pl file specified
[WARNING] 20285 nets with 24352 pins from same nodes
[WARNING] 4210 nets should be ignored due to not enough pins
[INFO   ] sort nodes in the order of movable and fixed
[INFO   ] Group cells for fence regions
[INFO   ] Construct 0 groups
[INFO   ] Fence region groups done
[DEBUG  ] num_terminals 543, numFixed 543, numPlaceBlockages 0, num_terminal_NIs 0
[INFO   ] -- Converting Node Orientation --
[INFO   ] ---------------------------------
[INFO   ] -------- Area Statistics --------
[INFO   ] fixed area overlap = 4.91641e+07
[INFO   ] fixed area total = 6.4094e+07
[INFO   ] space area = 6.50265e+07
[INFO   ] ---------------------------------
[DEBUG  ] deterministic mode: integer 32 bits, fraction 32 bits, scale factor 4294967296
[DEBUG  ] deterministic mode: integer 32 bits, fraction 32 bits, scale factor 4294967296
[INFO   ] writing placement to lambdaramp_results/s143/adaptec1/plot/iter0000.png
[INFO   ] writing placement to lambdaramp_results/s143/adaptec1/plot/iter0040.png
[INFO   ] writing placement to lambdaramp_results/s143/adaptec1/plot/iter0080.png
[INFO   ] writing placement to lambdaramp_results/s143/adaptec1/plot/iter0120.png
[INFO   ] writing placement to lambdaramp_results/s143/adaptec1/plot/iter0160.png
[INFO   ] writing placement to lambdaramp_results/s143/adaptec1/plot/iter0200.png
[INFO   ] writing placement to lambdaramp_results/s143/adaptec1/plot/iter0240.png
[INFO   ] writing placement to lambdaramp_results/s143/adaptec1/plot/iter0280.png
[INFO   ] writing placement to lambdaramp_results/s143/adaptec1/plot/iter0320.png
[INFO   ] writing placement to lambdaramp_results/s143/adaptec1/plot/iter0360.png
[INFO   ] writing placement to lambdaramp_results/s143/adaptec1/plot/iter0400.png
[INFO   ] writing placement to lambdaramp_results/s143/adaptec1/plot/iter0440.png
[INFO   ] writing placement to lambdaramp_results/s143/adaptec1/plot/iter0450.png
[INFO   ] Macro legalization: regard 0 cells as dummy fixed (movable macros)
[INFO   ] Macro legalization takes 0.928969 ms
[DEBUG  ] Standard cell legalization blank_num_bins_y = 890
[DEBUG  ] Standard cell legalization iteration 0 with 1x1 bins
[DEBUG  ] Standard cell legalization #bin_blanks
[DEBUG  ] #bin_objs = 10792
[INFO   ] Standard cell legalization legalizeBin takes 199.128 ms
[DEBUG  ] Standard cell legalization num_unplaced_cells = 0
[DEBUG  ] Standard cell legalization blank_num_bins_y = 890
[DEBUG  ] Standard cell legalization iteration 0 with 1x1 bins
[DEBUG  ] Standard cell legalization #bin_blanks
[DEBUG  ] #bin_objs = 10792
[INFO   ] Standard cell legalization legalizeBin takes 169.032 ms
[DEBUG  ] Standard cell legalization num_unplaced_cells = 0
[INFO   ] Greedy legalization takes 345.278 ms
[INFO   ] Legality check takes 17.0833 ms
[DEBUG  ] average displace = 12.811
[INFO   ] Abacus legalization takes 29.0256 ms
[INFO   ] DREAMPlace - legalization takes 0.421 seconds
[INFO   ] DREAMPlace - iteration  450, wHPWL 7.389673E+07, time 0.502ms
[INFO   ] DREAMPlace - plotting to lambdaramp_results/s143/adaptec1/plot/iter0451.png takes 1.278 seconds
[INFO   ] DREAMPlace - Start ABCDPlace for refinement
[INFO   ] Legality check takes 16.4091 ms
[INFO   ] writing placement to lambdaramp_results/s143/adaptec1/plot/iter0451.png
[INFO   ] DREAMPlace - ABCDPlace input legal flag = 1
[INFO   ] Legality check takes 17.8724 ms
[DEBUG  ] 4-reorder
[DEBUG  ] 24 permutations
[DEBUG  ] initializing CPU DB takes 19.5893 ms
[DEBUG  ] computing independent rows takes 48.0801 ms
[DEBUG  ] computing reorder instances takes 0.835707 ms
[DEBUG  ] initializing CUDA state takes 2.08121 ms
[INFO   ] initial hpwl = 73981120.000
[DEBUG  ] enumeration takes 189.622 ms for 218 runs, average 0.869827 ms
[DEBUG  ] apply_reorder takes 4.0529 ms for 218 runs, average 0.0185913 ms
[INFO   ] Iteration time(ms) 	 193.711
[INFO   ] iteration 0: hpwl 73981120.000 => 73769376.000 (imp. 0.286214%)
[DEBUG  ] enumeration takes 189.538 ms for 218 runs, average 0.869439 ms
[DEBUG  ] apply_reorder takes 4.03197 ms for 218 runs, average 0.0184953 ms
[INFO   ] Iteration time(ms) 	 193.609
[INFO   ] iteration 1: hpwl 73981120.000 => 73730160.000 (imp. 0.339222%)
[DEBUG  ] destroying CUDA state takes 0.881109 ms
[DEBUG  ] destroying CPU state takes 0.003174 ms
[INFO   ] Kernel time: 388.505 ms
[INFO   ] K-reorder time: 460.096 ms
[INFO   ] DREAMPlace - K-Reorder legal flag = 1
[INFO   ] Legality check takes 17.9039 ms
[INFO   ] diamond search grid size 64, sequence length 2048
[INFO   ] initializing GPU memory takes 6.98341 ms
[INFO   ] initial hpwl 7.37302e+07
[DEBUG  ] allocate 1719807 bytes in shuffler for length 210904*(4+4)
[DEBUG  ] from 53685 nodes, collect 419 sets, avg 108 nodes, min/max 7/128 nodes
[INFO   ] iteration 0, target hpwl 7.36672e+07, delta -63008(-0.0854576%), 419 independent sets, moved 3.21805% cells, runtime 43.4723 ms
[DEBUG  ] from 54006 nodes, collect 421 sets, avg 108 nodes, min/max 19/128 nodes
[DEBUG  ] from 53795 nodes, collect 420 sets, avg 109 nodes, min/max 19/128 nodes
[DEBUG  ] from 53872 nodes, collect 420 sets, avg 108 nodes, min/max 16/128 nodes
[DEBUG  ] from 53759 nodes, collect 419 sets, avg 107 nodes, min/max 3/128 nodes
[DEBUG  ] from 53705 nodes, collect 419 sets, avg 107 nodes, min/max 16/128 nodes
[INFO   ] iteration 5, target hpwl 7.35062e+07, delta -223920(-0.303702%), 419 independent sets, moved 15.1775% cells, runtime 19.2343 ms
[DEBUG  ] from 53615 nodes, collect 418 sets, avg 106 nodes, min/max 19/128 nodes
[DEBUG  ] from 53809 nodes, collect 420 sets, avg 106 nodes, min/max 23/128 nodes
[DEBUG  ] from 53759 nodes, collect 419 sets, avg 107 nodes, min/max 10/128 nodes
[DEBUG  ] from 53614 nodes, collect 418 sets, avg 105 nodes, min/max 25/128 nodes
[DEBUG  ] from 53756 nodes, collect 419 sets, avg 107 nodes, min/max 20/128 nodes
[INFO   ] iteration 10, target hpwl 7.34325e+07, delta -297624(-0.403667%), 419 independent sets, moved 25.2404% cells, runtime 24.8438 ms
[DEBUG  ] from 53827 nodes, collect 420 sets, avg 108 nodes, min/max 11/128 nodes
[DEBUG  ] from 53938 nodes, collect 421 sets, avg 107 nodes, min/max 17/128 nodes
[DEBUG  ] from 53676 nodes, collect 419 sets, avg 108 nodes, min/max 8/128 nodes
[DEBUG  ] from 53801 nodes, collect 420 sets, avg 106 nodes, min/max 21/128 nodes
[DEBUG  ] from 53853 nodes, collect 420 sets, avg 106 nodes, min/max 17/128 nodes
[INFO   ] iteration 15, target hpwl 7.33878e+07, delta -342368(-0.464353%), 420 independent sets, moved 34.3829% cells, runtime 16.0833 ms
[DEBUG  ] from 53708 nodes, collect 419 sets, avg 108 nodes, min/max 23/128 nodes
[DEBUG  ] from 53665 nodes, collect 419 sets, avg 108 nodes, min/max 20/128 nodes
[DEBUG  ] from 53726 nodes, collect 419 sets, avg 107 nodes, min/max 17/128 nodes
[DEBUG  ] from 53747 nodes, collect 419 sets, avg 106 nodes, min/max 26/128 nodes
[DEBUG  ] from 53773 nodes, collect 420 sets, avg 108 nodes, min/max 6/128 nodes
[INFO   ] iteration 20, target hpwl 7.33475e+07, delta -382680(-0.519028%), 420 independent sets, moved 43.0542% cells, runtime 14.962 ms
[DEBUG  ] from 53745 nodes, collect 419 sets, avg 107 nodes, min/max 10/128 nodes
[DEBUG  ] from 53893 nodes, collect 421 sets, avg 104 nodes, min/max 14/128 nodes
[DEBUG  ] from 53755 nodes, collect 419 sets, avg 107 nodes, min/max 17/128 nodes
[DEBUG  ] from 53806 nodes, collect 420 sets, avg 107 nodes, min/max 9/128 nodes
[DEBUG  ] from 53867 nodes, collect 420 sets, avg 108 nodes, min/max 6/128 nodes
[INFO   ] iteration 25, target hpwl 7.33234e+07, delta -406808(-0.551753%), 420 independent sets, moved 51.4016% cells, runtime 32.2406 ms
[DEBUG  ] from 53722 nodes, collect 419 sets, avg 109 nodes, min/max 34/128 nodes
[DEBUG  ] from 53639 nodes, collect 419 sets, avg 106 nodes, min/max 22/128 nodes
[DEBUG  ] from 53915 nodes, collect 421 sets, avg 108 nodes, min/max 22/128 nodes
[DEBUG  ] from 53757 nodes, collect 419 sets, avg 106 nodes, min/max 11/128 nodes
[DEBUG  ] from 53764 nodes, collect 420 sets, avg 108 nodes, min/max 31/128 nodes
[INFO   ] iteration 30, target hpwl 7.32985e+07, delta -431704(-0.585519%), 420 independent sets, moved 59.611% cells, runtime 19.961 ms
[DEBUG  ] from 53568 nodes, collect 418 sets, avg 106 nodes, min/max 10/128 nodes
[DEBUG  ] from 53913 nodes, collect 421 sets, avg 107 nodes, min/max 18/128 nodes
[DEBUG  ] from 53765 nodes, collect 420 sets, avg 108 nodes, min/max 23/128 nodes
[DEBUG  ] from 53780 nodes, collect 420 sets, avg 109 nodes, min/max 23/128 nodes
[DEBUG  ] from 53797 nodes, collect 420 sets, avg 109 nodes, min/max 12/128 nodes
[INFO   ] iteration 35, target hpwl 7.32834e+07, delta -446736(-0.605907%), 420 independent sets, moved 67.6943% cells, runtime 20.9013 ms
[DEBUG  ] from 53844 nodes, collect 420 sets, avg 110 nodes, min/max 15/128 nodes
[DEBUG  ] from 53667 nodes, collect 419 sets, avg 106 nodes, min/max 9/128 nodes
[DEBUG  ] from 53857 nodes, collect 420 sets, avg 109 nodes, min/max 31/128 nodes
[DEBUG  ] from 53724 nodes, collect 419 sets, avg 108 nodes, min/max 26/128 nodes
[DEBUG  ] from 53858 nodes, collect 420 sets, avg 109 nodes, min/max 16/128 nodes
[INFO   ] iteration 40, target hpwl 7.32697e+07, delta -460464(-0.624526%), 420 independent sets, moved 75.8686% cells, runtime 13.544 ms
[DEBUG  ] from 53914 nodes, collect 421 sets, avg 107 nodes, min/max 12/128 nodes
[DEBUG  ] from 53722 nodes, collect 419 sets, avg 109 nodes, min/max 9/128 nodes
[DEBUG  ] from 53700 nodes, collect 419 sets, avg 105 nodes, min/max 13/128 nodes
[DEBUG  ] from 53833 nodes, collect 420 sets, avg 107 nodes, min/max 14/128 nodes
[DEBUG  ] from 53748 nodes, collect 419 sets, avg 106 nodes, min/max 32/128 nodes
[INFO   ] iteration 45, target hpwl 7.32601e+07, delta -470040(-0.637514%), 419 independent sets, moved 83.8633% cells, runtime 13.0526 ms
[DEBUG  ] from 53496 nodes, collect 417 sets, avg 108 nodes, min/max 22/128 nodes
[DEBUG  ] from 53720 nodes, collect 419 sets, avg 107 nodes, min/max 13/128 nodes
[DEBUG  ] from 53893 nodes, collect 421 sets, avg 107 nodes, min/max 6/128 nodes
[DEBUG  ] from 53770 nodes, collect 420 sets, avg 108 nodes, min/max 13/128 nodes
[INFO   ] iteration 49, target hpwl 7.32472e+07, delta -482936(-0.655005%), 420 independent sets, moved 90.068% cells, runtime 14.6409 ms
[DEBUG  ] random_shuffle takes 6.34895 ms, 50 runs, average 0.126979 ms
[DEBUG  ] maximal_independent_set takes 53.6834 ms, 50 runs, average 1.07367 ms
[DEBUG  ] collect_independent_sets takes 34.5149 ms, 50 runs, average 0.690298 ms
[DEBUG  ] cost_matrix_construction takes 17.4872 ms, 50 runs, average 0.349745 ms
[DEBUG  ] independent_sets_solving takes 812.299 ms, 50 runs, average 16.246 ms
[DEBUG  ] apply_solution takes 2.27179 ms, 50 runs, average 0.0454358 ms
[INFO   ] destroying GPU memory takes 1.74215 ms
[INFO   ] Kernel time 940.791 ms
[INFO   ] Independent set matching time 967.78 ms
[INFO   ] DREAMPlace - Independent set matching legal flag = 1
[INFO   ] Legality check takes 17.4098 ms
[DEBUG  ] bins 256x256, bin sizes 41.7656x41.7188, die size 0, 0, 10692, 10680
[DEBUG  ] batch_size = 256, max_num_nodes_per_bin = 24, max_num_candidates = 120, max_num_candidates_all = 30720
[DEBUG  ] estimate_memory_usage = 370742960, use fast pair HPWL computation strategy requires additional memory
[INFO   ] initial hpwl = 73247224.000
[DEBUG  ] compute_search_bins takes 0.159818 ms
[INFO   ] Iteration time(ms) 	 96.682
[INFO   ] iteration 0: hpwl 73247224.000 => 73202680.000 (imp. 0.0608132%)
[DEBUG  ] compute_search_bins takes 0.013099 ms
[INFO   ] Iteration time(ms) 	 134.217
[INFO   ] iteration 1: hpwl 73247224.000 => 73047184.000 (imp. 0.273103%)
[INFO   ] Kernel time: 231.812 ms
[INFO   ] Global swap time: 275.44 ms
[INFO   ] DREAMPlace - Global swap legal flag = 1
[INFO   ] Legality check takes 17.9914 ms
[DEBUG  ] 4-reorder
[DEBUG  ] 24 permutations
[DEBUG  ] initializing CPU DB takes 17.9754 ms
[DEBUG  ] computing independent rows takes 49.8897 ms
[DEBUG  ] computing reorder instances takes 0.962723 ms
[DEBUG  ] initializing CUDA state takes 44.0868 ms
[INFO   ] initial hpwl = 73047184.000
[DEBUG  ] enumeration takes 190.795 ms for 220 runs, average 0.867251 ms
[DEBUG  ] apply_reorder takes 4.02551 ms for 220 runs, average 0.0182978 ms
[INFO   ] Iteration time(ms) 	 194.858
[INFO   ] iteration 0: hpwl 73047184.000 => 72994288.000 (imp. 0.0724135%)
[DEBUG  ] enumeration takes 190.46 ms for 220 runs, average 0.865728 ms
[DEBUG  ] apply_reorder takes 4.0685 ms for 220 runs, average 0.0184932 ms
[INFO   ] Iteration time(ms) 	 194.567
[INFO   ] iteration 1: hpwl 73047184.000 => 72985192.000 (imp. 0.0848657%)
[DEBUG  ] destroying CUDA state takes 1.29088 ms
[DEBUG  ] destroying CPU state takes 0.002865 ms
[INFO   ] Kernel time: 390.152 ms
[INFO   ] K-reorder time: 504.471 ms
[INFO   ] DREAMPlace - K-Reorder legal flag = 1
[INFO   ] DREAMPlace - detailed placement takes 2.307 seconds
[INFO   ] DREAMPlace - iteration  451, wHPWL 7.290080E+07, time 0.660ms
[INFO   ] DREAMPlace - plotting to lambdaramp_results/s143/adaptec1/plot/iter0452.png takes 1.355 seconds
[INFO   ] DREAMPlace - non-linear placement takes 27.08 seconds
[INFO   ] DREAMPlace - writing to lambdaramp_results/s143/adaptec1/adaptec1.gp.pl
[INFO   ] DREAMPlace - write SolutionFileFormat.BOOKSHELF takes 0.088 seconds
[INFO   ] DREAMPlace - placement takes 32.583 seconds
[INFO   ] Legality check takes 17.519 ms
[INFO   ] writing placement to lambdaramp_results/s143/adaptec1/plot/iter0452.png
[INFO   ] writing placement to lambdaramp_results/s143/adaptec1/adaptec1.gp.pl
