========================================================
                       DREAMPlace
            Yibo Lin (http://yibolin.com)
   David Z. Pan (http://users.ece.utexas.edu/~dpan)
========================================================
[INFO   ] DREAMPlace - parameters = {'aux_input': 'benchmarks/ispd2005/adaptec1/adaptec1.aux', 'lef_input': '', 'def_input': '', 'verilog_input': '', 'gpu': 1, 'num_bins_x': 512, 'num_bins_y': 512, 'global_place_stages': [{'num_bins_x': 512, 'num_bins_y': 512, 'iteration': 2000, 'learning_rate': 0.01, 'wirelength': 'weighted_average', 'optimizer': 'nesterov', 'Llambda_density_weight_iteration': 1, 'Lsub_iteration': 1}], 'target_density': 1.0, 'density_weight': 8e-05, 'random_seed': 1000, 'result_dir': 'gammalocal_results/nshuf', 'scale_factor': 1.0, 'shift_factor': [0.0, 0.0], 'ignore_net_degree': 100, 'gp_noise_ratio': 0.025, 'enable_fillers': 1, 'global_place_flag': 1, 'legalize_flag': 1, 'abacus_legalize_flag': 1, 'detailed_place_flag': 1, 'stop_overflow': 0.07, 'dtype': 'float32', 'detailed_place_engine': '', 'detailed_place_command': '', 'plot_flag': 1, 'connectivity_grid_init_flag': 0, 'conn_init_sweeps': 32, 'conn_init_damping': 0.7, 'conn_capacity_spread_flag': 0, 'conn_spread_leaf_size': 16, 'conn_spread_density_slack': 1.5, 'conn_obstacle_project_flag': 0, 'conn_shrink_scale': 0, 'gamma_warmup_iters': 0, 'gamma_monotone_flag': 0, 'density_weight_warmup_iters': 0, 'random_uniform_init_flag': 0, 'filler_init_density_aware_flag': 0, 'initial_density_weight_absolute': 0.0, 'gamma_local_flag': 1, 'gamma_local_alpha': 1.0, 'gamma_local_norm': 'gamma', 'gamma_local_shuffle': 1, 'gamma_local_sign': 1, 'gamma_local_bins': 64, 'gamma_local_interval': 10, 'density_weight_ramp_scale': 1.0, 'plot_iteration_interval': 40, 'RePlAce_ref_hpwl': 350000, 'RePlAce_LOWER_PCOF': 0.95, 'RePlAce_UPPER_PCOF': 1.05, 'gamma': 4.0, 'RePlAce_skip_energy_flag': 0, 'random_center_init_flag': 1, 'gift_init_flag': 0, 'gift_init_scale': 0.7, 'sort_nets_by_degree': 0, 'num_threads': 8, 'dump_global_place_solution_flag': 0, 'dump_legalize_solution_flag': 0, 'routability_opt_flag': 0, 'route_num_bins_x': 512, 'route_num_bins_y': 512, 'node_area_adjust_overflow': 0.15, 'max_num_area_adjust': 3, 'adjust_nctugr_area_flag': 0, 'adjust_rudy_area_flag': 1, 'adjust_pin_area_flag': 1, 'area_adjust_stop_ratio': 0.01, 'route_area_adjust_stop_ratio': 0.01, 'pin_area_adjust_stop_ratio': 0.05, 'unit_horizontal_capacity': 1.5625, 'unit_vertical_capacity': 1.45, 'unit_pin_capacity': 0.058, 'max_route_opt_adjust_rate': 2.0, 'route_opt_adjust_exponent': 2.0, 'pin_stretch_ratio': 1.414213562, 'max_pin_opt_adjust_rate': 1.5, 'deterministic_flag': 1, 'timing_opt_flag': 0, 'early_lib_input': '', 'late_lib_input': '', 'lib_input': '', 'sdc_input': '', 'wire_resistance_per_micron': 0, 'wire_capacitance_per_micron': 0, 'net_weighting_scheme': 'lilith', 'momentum_decay_factor': 0.5, 'enable_net_weighting': 1, 'max_net_weight': 'inf', 'use_bb': 'auto', 'macro_place_flag': 'auto', 'two_stage_density_scaler': 1000, 'macro_halo_x': 0, 'macro_halo_y': 0}
[INFO   ] DREAMPlace - set shift_factor = (459, 459), as original row bbox = (459, 459, 11151, 11139)
[INFO   ] DREAMPlace - set scale_factor = 1, as site_width = 1
[INFO   ] DREAMPlace - shift coordinate system by (459, 459), scale coordinate system by 1
[INFO   ] DREAMPlace - 
================================= Benchmark Statistics =================================
#nodes = 211447, #terminals = 543, # terminal_NIs = 0, #movable = 210904, #nets = 221142
die area = (0, 0, 10692, 10680) 1.14191e+08
row height = 12, site width = 1
#pins = 919701, #movable_pins = 905028
total_movable_node_area = 3.72863e+07, total_fixed_node_area = 4.91641e+07, total_space_area = 6.50265e+07
total_movable_cell_area = 3.72863e+07, total_movable_macro_area = 0
utilization = 0.573402, cell utilization = 0.573402, target_density = 1
use placeable_area = 6.50265e+07 to compute fillers
total_filler_node_area = 2.77402e+07, #fillers = 160067, filler sizes = 14.442x12
num_bins = 512x512, bin sizes = 1.74023x1.73828
========================================================================================
[INFO   ] DREAMPlace - reading benchmark takes 5.10992 seconds
[INFO   ] DREAMPlace - reading database takes 5.11 seconds
[INFO   ] DREAMPlace - move cells to the center of layout with random noise
[INFO   ] DREAMPlace - non-linear placement initialization takes 1.09 seconds
[INFO   ] DREAMPlace - Global placement: 512x512 bins by default
[INFO   ] DREAMPlace - per-net gamma enabled (N4): 221142 nets, alpha=1, bins=64, interval=10
[INFO   ] DREAMPlace - 512x512 bins #bins 512x512, bin sizes 1.74023x1.73828, max_num_bins = 6, padding = 0
[INFO   ] dreamplace.ops.electric_potential.electric_potential - regard 0 cells as movable macros in global placement
[WARNING] DREAMPlace - quadratic density penalty is disabled, density weight update is forced to be based on HPWL
[INFO   ] DREAMPlace - Optimizer 'nesterov' does not rebuild the model. Every training epoch calls the function 'step()'.
[INFO   ] DREAMPlace - use nesterov optimizer
[INFO   ] DREAMPlace - add 2.5% noise
[INFO   ] dreamplace.ops.electric_potential.electric_potential - fixed density map: average 187.546, max 435.602, bin area 435.602
[INFO   ] DREAMPlace - nesterov initialization takes 0.118479 seconds
[INFO   ] DREAMPlace - density_weight = 7.495518E-12
[INFO   ] DREAMPlace - plotting to gammalocal_results/nshuf/adaptec1/plot/iter0000.png takes 1.384 seconds
[INFO   ] DREAMPlace - optimizer step 13.142 ms
[INFO   ] DREAMPlace - iteration    0, (   0,  0,  0), Obj 3.137227E+07, DensityWeight 0.000000E+00, wHPWL 5.300408E+07, Overflow 9.995811E-01, MaxDensity 2.351E+04, gamma 1.669688E+03, time 1.805ms
[INFO   ] DREAMPlace - full step 1405.303 ms
[INFO   ] DREAMPlace - gamma_local: mean(coef_net)/coef = 0.866 (norm=gamma, applied ratio 1.000)
[INFO   ] DREAMPlace - optimizer step 24.243 ms
[INFO   ] DREAMPlace - iteration    1, (   1,  0,  0), Obj 2.361931E+07, DensityWeight 7.495518E-12, wHPWL 5.249866E+07, Overflow 9.788331E-01, MaxDensity 2.974E+04, gamma 1.666112E+03, time 1.536ms
[INFO   ] DREAMPlace - full step 26.381 ms
[INFO   ] DREAMPlace - optimizer step 2.305 ms
[INFO   ] DREAMPlace - iteration    2, (   2,  0,  0), Obj 2.510099E+07, DensityWeight 7.868720E-12, wHPWL 5.238951E+07, Overflow 9.786722E-01, MaxDensity 2.981E+04, gamma 1.498295E+03, time 0.850ms
[INFO   ] DREAMPlace - full step 3.638 ms
[INFO   ] DREAMPlace - optimizer step 2.320 ms
[INFO   ] DREAMPlace - iteration    3, (   3,  0,  0), Obj 2.494017E+07, DensityWeight 8.259678E-12, wHPWL 5.197176E+07, Overflow 9.786111E-01, MaxDensity 3.035E+04, gamma 1.497063E+03, time 0.830ms
[INFO   ] DREAMPlace - full step 3.617 ms
[INFO   ] DREAMPlace - optimizer step 7.287 ms
[INFO   ] DREAMPlace - iteration    4, (   4,  0,  0), Obj 2.473195E+07, DensityWeight 8.669193E-12, wHPWL 5.141286E+07, Overflow 9.780688E-01, MaxDensity 3.065E+04, gamma 1.496594E+03, time 0.829ms
[INFO   ] DREAMPlace - full step 8.562 ms
[INFO   ] DREAMPlace - optimizer step 2.290 ms
[INFO   ] DREAMPlace - iteration    5, (   5,  0,  0), Obj 2.454610E+07, DensityWeight 9.098102E-12, wHPWL 5.118747E+07, Overflow 9.771287E-01, MaxDensity 3.062E+04, gamma 1.492448E+03, time 0.844ms
[INFO   ] DREAMPlace - full step 3.575 ms
[INFO   ] DREAMPlace - optimizer step 2.280 ms
[INFO   ] DREAMPlace - iteration    6, (   6,  0,  0), Obj 2.439312E+07, DensityWeight 9.547276E-12, wHPWL 5.104234E+07, Overflow 9.762561E-01, MaxDensity 3.047E+04, gamma 1.485286E+03, time 0.817ms
[INFO   ] DREAMPlace - full step 3.549 ms
[INFO   ] DREAMPlace - optimizer step 2.266 ms
[INFO   ] DREAMPlace - iteration    7, (   7,  0,  0), Obj 2.420835E+07, DensityWeight 1.001763E-11, wHPWL 5.090976E+07, Overflow 9.750254E-01, MaxDensity 3.044E+04, gamma 1.478669E+03, time 2.324ms
[INFO   ] DREAMPlace - full step 5.038 ms
[INFO   ] DREAMPlace - optimizer step 10.559 ms
[INFO   ] DREAMPlace - iteration    8, (   8,  0,  0), Obj 2.402454E+07, DensityWeight 1.051009E-11, wHPWL 5.074766E+07, Overflow 9.737624E-01, MaxDensity 3.044E+04, gamma 1.469386E+03, time 0.853ms
[INFO   ] DREAMPlace - full step 11.871 ms
[INFO   ] DREAMPlace - optimizer step 2.288 ms
[INFO   ] DREAMPlace - iteration    9, (   9,  0,  0), Obj 2.384891E+07, DensityWeight 1.102567E-11, wHPWL 5.064552E+07, Overflow 9.728811E-01, MaxDensity 3.043E+04, gamma 1.459921E+03, time 0.888ms
[INFO   ] DREAMPlace - full step 3.626 ms
[INFO   ] DREAMPlace - optimizer step 2.286 ms
[INFO   ] DREAMPlace - iteration   10, (  10,  0,  0), Obj 2.367252E+07, DensityWeight 1.156538E-11, wHPWL 5.051757E+07, Overflow 9.722604E-01, MaxDensity 3.042E+04, gamma 1.453352E+03, time 0.957ms
[INFO   ] DREAMPlace - full step 3.706 ms
[INFO   ] DREAMPlace - optimizer step 2.324 ms
[INFO   ] DREAMPlace - iteration   11, (  11,  0,  0), Obj 2.349873E+07, DensityWeight 1.213030E-11, wHPWL 5.043788E+07, Overflow 9.718594E-01, MaxDensity 3.041E+04, gamma 1.448744E+03, time 0.826ms
[INFO   ] DREAMPlace - full step 3.605 ms
[INFO   ] DREAMPlace - optimizer step 2.272 ms
[INFO   ] DREAMPlace - iteration   12, (  12,  0,  0), Obj 2.621687E+07, DensityWeight 1.272154E-11, wHPWL 5.034055E+07, Overflow 9.711661E-01, MaxDensity 3.038E+04, gamma 1.445774E+03, time 0.836ms
[INFO   ] DREAMPlace - full step 3.562 ms
[INFO   ] DREAMPlace - optimizer step 4.307 ms
[INFO   ] DREAMPlace - iteration   13, (  13,  0,  0), Obj 2.607696E+07, DensityWeight 1.334026E-11, wHPWL 5.083888E+07, Overflow 9.705436E-01, MaxDensity 2.945E+04, gamma 1.440654E+03, time 0.821ms
[INFO   ] DREAMPlace - full step 5.572 ms
[INFO   ] DREAMPlace - optimizer step 2.301 ms
[INFO   ] DREAMPlace - iteration   14, (  14,  0,  0), Obj 2.576524E+07, DensityWeight 1.330691E-11, wHPWL 5.070662E+07, Overflow 9.697185E-01, MaxDensity 2.926E+04, gamma 1.436073E+03, time 0.816ms
[INFO   ] DREAMPlace - full step 3.566 ms
[INFO   ] DREAMPlace - optimizer step 3.400 ms
[INFO   ] DREAMPlace - iteration   15, (  15,  0,  0), Obj 2.550416E+07, DensityWeight 1.395131E-11, wHPWL 5.088276E+07, Overflow 9.689773E-01, MaxDensity 2.881E+04, gamma 1.430023E+03, time 0.815ms
[INFO   ] DREAMPlace - full step 4.686 ms
[INFO   ] DREAMPlace - optimizer step 2.331 ms
[INFO   ] DREAMPlace - iteration   16, (  16,  0,  0), Obj 2.520443E+07, DensityWeight 1.429355E-11, wHPWL 5.077624E+07, Overflow 9.681535E-01, MaxDensity 2.867E+04, gamma 1.424609E+03, time 0.819ms
[INFO   ] DREAMPlace - full step 3.616 ms
[INFO   ] DREAMPlace - optimizer step 2.270 ms
[INFO   ] DREAMPlace - iteration   17, (  17,  0,  0), Obj 2.493256E+07, DensityWeight 1.498274E-11, wHPWL 5.084550E+07, Overflow 9.671751E-01, MaxDensity 2.844E+04, gamma 1.418617E+03, time 0.894ms
[INFO   ] DREAMPlace - full step 3.628 ms
[INFO   ] DREAMPlace - optimizer step 2.254 ms
[INFO   ] DREAMPlace - iteration   18, (  18,  0,  0), Obj 2.466720E+07, DensityWeight 1.558072E-11, wHPWL 5.073976E+07, Overflow 9.662392E-01, MaxDensity 2.836E+04, gamma 1.411532E+03, time 0.821ms
[INFO   ] DREAMPlace - full step 3.523 ms
[INFO   ] DREAMPlace - optimizer step 2.303 ms
[INFO   ] DREAMPlace - iteration   19, (  19,  0,  0), Obj 2.441342E+07, DensityWeight 1.632870E-11, wHPWL 5.078644E+07, Overflow 9.652789E-01, MaxDensity 2.817E+04, gamma 1.404789E+03, time 0.804ms
[INFO   ] DREAMPlace - full step 3.560 ms
[INFO   ] DREAMPlace - optimizer step 2.232 ms
[INFO   ] DREAMPlace - iteration   20, (  20,  0,  0), Obj 2.417308E+07, DensityWeight 1.703393E-11, wHPWL 5.069878E+07, Overflow 9.644583E-01, MaxDensity 2.808E+04, gamma 1.397904E+03, time 0.827ms
[INFO   ] DREAMPlace - full step 3.527 ms
[INFO   ] DREAMPlace - optimizer step 2.420 ms
[INFO   ] DREAMPlace - iteration   21, (  21,  0,  0), Obj 2.394314E+07, DensityWeight 1.784811E-11, wHPWL 5.076523E+07, Overflow 9.637277E-01, MaxDensity 2.788E+04, gamma 1.392046E+03, time 0.817ms
[INFO   ] DREAMPlace - full step 3.690 ms
[INFO   ] DREAMPlace - optimizer step 2.318 ms
[INFO   ] DREAMPlace - iteration   22, (  22,  0,  0), Obj 2.596923E+07, DensityWeight 1.856770E-11, wHPWL 5.070407E+07, Overflow 9.632314E-01, MaxDensity 2.777E+04, gamma 1.386852E+03, time 0.810ms
[INFO   ] DREAMPlace - full step 3.577 ms
[INFO   ] DREAMPlace - optimizer step 2.233 ms
[INFO   ] DREAMPlace - iteration   23, (  23,  0,  0), Obj 2.573221E+07, DensityWeight 1.945129E-11, wHPWL 5.152077E+07, Overflow 9.623641E-01, MaxDensity 2.635E+04, gamma 1.383335E+03, time 0.801ms
[INFO   ] DREAMPlace - full step 3.486 ms
[INFO   ] DREAMPlace - optimizer step 2.254 ms
[INFO   ] DREAMPlace - iteration   24, (  24,  0,  0), Obj 2.563177E+07, DensityWeight 1.940267E-11, wHPWL 5.208906E+07, Overflow 9.611365E-01, MaxDensity 2.531E+04, gamma 1.377208E+03, time 0.784ms
[INFO   ] DREAMPlace - full step 3.514 ms
[INFO   ] DREAMPlace - optimizer step 2.216 ms
[INFO   ] DREAMPlace - iteration   25, (  25,  0,  0), Obj 2.521408E+07, DensityWeight 1.935416E-11, wHPWL 5.246323E+07, Overflow 9.602777E-01, MaxDensity 2.460E+04, gamma 1.368586E+03, time 0.789ms
[INFO   ] DREAMPlace - full step 3.463 ms
[INFO   ] DREAMPlace - optimizer step 2.220 ms
[INFO   ] DREAMPlace - iteration   26, (  26,  0,  0), Obj 2.484933E+07, DensityWeight 1.930577E-11, wHPWL 5.244159E+07, Overflow 9.595971E-01, MaxDensity 2.432E+04, gamma 1.362584E+03, time 0.804ms
[INFO   ] DREAMPlace - full step 3.466 ms
[INFO   ] DREAMPlace - optimizer step 2.217 ms
[INFO   ] DREAMPlace - iteration   27, (  27,  0,  0), Obj 2.448415E+07, DensityWeight 2.021640E-11, wHPWL 5.265846E+07, Overflow 9.592083E-01, MaxDensity 2.390E+04, gamma 1.357847E+03, time 0.786ms
[INFO   ] DREAMPlace - full step 3.458 ms
[INFO   ] DREAMPlace - optimizer step 2.241 ms
[INFO   ] DREAMPlace - iteration   28, (  28,  0,  0), Obj 2.413191E+07, DensityWeight 2.059508E-11, wHPWL 5.251852E+07, Overflow 9.586077E-01, MaxDensity 2.377E+04, gamma 1.355149E+03, time 0.788ms
[INFO   ] DREAMPlace - full step 3.476 ms
[INFO   ] DREAMPlace - optimizer step 2.248 ms
[INFO   ] DREAMPlace - iteration   29, (  29,  0,  0), Obj 2.380057E+07, DensityWeight 2.156221E-11, wHPWL 5.262828E+07, Overflow 9.575157E-01, MaxDensity 2.349E+04, gamma 1.350990E+03, time 0.785ms
[INFO   ] DREAMPlace - full step 3.496 ms
[INFO   ] DREAMPlace - optimizer step 2.224 ms
[INFO   ] DREAMPlace - iteration   30, (  30,  0,  0), Obj 2.351166E+07, DensityWeight 2.229655E-11, wHPWL 5.251941E+07, Overflow 9.565229E-01, MaxDensity 2.333E+04, gamma 1.343463E+03, time 0.781ms
[INFO   ] DREAMPlace - full step 3.465 ms
[INFO   ] DREAMPlace - optimizer step 2.250 ms
[INFO   ] DREAMPlace - iteration   31, (  31,  0,  0), Obj 2.322605E+07, DensityWeight 2.333891E-11, wHPWL 5.261011E+07, Overflow 9.553364E-01, MaxDensity 2.307E+04, gamma 1.336656E+03, time 0.833ms
[INFO   ] DREAMPlace - full step 3.556 ms
[INFO   ] DREAMPlace - optimizer step 2.224 ms
[INFO   ] DREAMPlace - iteration   32, (  32,  0,  0), Obj 2.648128E+07, DensityWeight 2.419794E-11, wHPWL 5.251126E+07, Overflow 9.543708E-01, MaxDensity 2.292E+04, gamma 1.328565E+03, time 0.784ms
[INFO   ] DREAMPlace - full step 3.454 ms
[INFO   ] DREAMPlace - optimizer step 2.219 ms
[INFO   ] DREAMPlace - iteration   33, (  33,  0,  0), Obj 2.608894E+07, DensityWeight 2.532413E-11, wHPWL 5.309087E+07, Overflow 9.530315E-01, MaxDensity 2.170E+04, gamma 1.322017E+03, time 3.342ms
[INFO   ] DREAMPlace - full step 6.016 ms
[INFO   ] DREAMPlace - optimizer step 2.215 ms
[INFO   ] DREAMPlace - iteration   34, (  34,  0,  0), Obj 2.594287E+07, DensityWeight 2.526082E-11, wHPWL 5.391204E+07, Overflow 9.521440E-01, MaxDensity 2.060E+04, gamma 1.312989E+03, time 0.775ms
[INFO   ] DREAMPlace - full step 3.438 ms
[INFO   ] DREAMPlace - optimizer step 3.534 ms
[INFO   ] DREAMPlace - iteration   35, (  35,  0,  0), Obj 2.544008E+07, DensityWeight 2.519766E-11, wHPWL 5.434480E+07, Overflow 9.512705E-01, MaxDensity 1.993E+04, gamma 1.307040E+03, time 3.503ms
[INFO   ] DREAMPlace - full step 7.496 ms
[INFO   ] DREAMPlace - optimizer step 2.213 ms
[INFO   ] DREAMPlace - iteration   36, (  36,  0,  0), Obj 2.502042E+07, DensityWeight 2.513467E-11, wHPWL 5.450594E+07, Overflow 9.502369E-01, MaxDensity 1.942E+04, gamma 1.301210E+03, time 0.770ms
[INFO   ] DREAMPlace - full step 3.434 ms
[INFO   ] DREAMPlace - optimizer step 2.599 ms
[INFO   ] DREAMPlace - iteration   37, (  37,  0,  0), Obj 2.458944E+07, DensityWeight 2.580518E-11, wHPWL 5.474043E+07, Overflow 9.490095E-01, MaxDensity 1.901E+04, gamma 1.294346E+03, time 0.756ms
[INFO   ] DREAMPlace - full step 3.822 ms
[INFO   ] DREAMPlace - optimizer step 2.245 ms
[INFO   ] DREAMPlace - iteration   38, (  38,  0,  0), Obj 2.422419E+07, DensityWeight 2.622407E-11, wHPWL 5.473643E+07, Overflow 9.479418E-01, MaxDensity 1.867E+04, gamma 1.286242E+03, time 0.820ms
[INFO   ] DREAMPlace - full step 3.517 ms
[INFO   ] DREAMPlace - optimizer step 2.253 ms
[INFO   ] DREAMPlace - iteration   39, (  39,  0,  0), Obj 2.381747E+07, DensityWeight 2.742809E-11, wHPWL 5.477774E+07, Overflow 9.470436E-01, MaxDensity 1.841E+04, gamma 1.279235E+03, time 0.761ms
[INFO   ] DREAMPlace - full step 3.468 ms
[INFO   ] DREAMPlace - plotting to gammalocal_results/nshuf/adaptec1/plot/iter0040.png takes 1.356 seconds
[INFO   ] DREAMPlace - optimizer step 3.639 ms
[INFO   ] DREAMPlace - iteration   40, (  40,  0,  0), Obj 2.351753E+07, DensityWeight 2.863410E-11, wHPWL 5.472980E+07, Overflow 9.460753E-01, MaxDensity 1.813E+04, gamma 1.273369E+03, time 0.761ms
[INFO   ] DREAMPlace - full step 1363.157 ms
[INFO   ] DREAMPlace - optimizer step 2.288 ms
[INFO   ] DREAMPlace - iteration   41, (  41,  0,  0), Obj 2.318807E+07, DensityWeight 2.994278E-11, wHPWL 5.476914E+07, Overflow 9.453222E-01, MaxDensity 1.785E+04, gamma 1.267075E+03, time 0.810ms
[INFO   ] DREAMPlace - full step 3.611 ms
[INFO   ] DREAMPlace - optimizer step 14.359 ms
[INFO   ] DREAMPlace - iteration   42, (  42,  0,  0), Obj 2.778247E+07, DensityWeight 3.126797E-11, wHPWL 5.468450E+07, Overflow 9.444497E-01, MaxDensity 1.759E+04, gamma 1.262203E+03, time 37.570ms
[INFO   ] DREAMPlace - full step 52.398 ms
[INFO   ] DREAMPlace - optimizer step 2.787 ms
[INFO   ] DREAMPlace - iteration   43, (  43,  0,  0), Obj 2.751848E+07, DensityWeight 3.269049E-11, wHPWL 5.567324E+07, Overflow 9.432557E-01, MaxDensity 1.620E+04, gamma 1.256580E+03, time 6.336ms
[INFO   ] DREAMPlace - full step 9.660 ms
[INFO   ] DREAMPlace - optimizer step 2.235 ms
[INFO   ] DREAMPlace - iteration   44, (  44,  0,  0), Obj 2.716604E+07, DensityWeight 3.260876E-11, wHPWL 5.633200E+07, Overflow 9.420519E-01, MaxDensity 1.535E+04, gamma 1.248926E+03, time 0.745ms
[INFO   ] DREAMPlace - full step 3.431 ms
[INFO   ] DREAMPlace - optimizer step 2.199 ms
[INFO   ] DREAMPlace - iteration   45, (  45,  0,  0), Obj 2.661051E+07, DensityWeight 3.252724E-11, wHPWL 5.680572E+07, Overflow 9.411418E-01, MaxDensity 1.471E+04, gamma 1.241257E+03, time 0.733ms
[INFO   ] DREAMPlace - full step 3.385 ms
[INFO   ] DREAMPlace - optimizer step 2.182 ms
[INFO   ] DREAMPlace - iteration   46, (  46,  0,  0), Obj 2.617173E+07, DensityWeight 3.244592E-11, wHPWL 5.709935E+07, Overflow 9.400824E-01, MaxDensity 1.416E+04, gamma 1.235490E+03, time 0.743ms
[INFO   ] DREAMPlace - full step 3.381 ms
[INFO   ] DREAMPlace - optimizer step 4.231 ms
[INFO   ] DREAMPlace - iteration   47, (  47,  0,  0), Obj 2.575550E+07, DensityWeight 3.270187E-11, wHPWL 5.741298E+07, Overflow 9.388990E-01, MaxDensity 1.369E+04, gamma 1.228810E+03, time 0.755ms
[INFO   ] DREAMPlace - full step 5.435 ms
[INFO   ] DREAMPlace - optimizer step 2.199 ms
[INFO   ] DREAMPlace - iteration   48, (  48,  0,  0), Obj 2.534101E+07, DensityWeight 3.286808E-11, wHPWL 5.743636E+07, Overflow 9.375066E-01, MaxDensity 1.330E+04, gamma 1.221392E+03, time 0.742ms
[INFO   ] DREAMPlace - full step 3.393 ms
[INFO   ] DREAMPlace - optimizer step 2.181 ms
[INFO   ] DREAMPlace - iteration   49, (  49,  0,  0), Obj 2.496902E+07, DensityWeight 3.439920E-11, wHPWL 5.753463E+07, Overflow 9.363038E-01, MaxDensity 1.294E+04, gamma 1.212721E+03, time 0.735ms
[INFO   ] DREAMPlace - full step 3.377 ms
[INFO   ] DREAMPlace - optimizer step 2.200 ms
[INFO   ] DREAMPlace - iteration   50, (  50,  0,  0), Obj 2.461585E+07, DensityWeight 3.562773E-11, wHPWL 5.745194E+07, Overflow 9.355257E-01, MaxDensity 1.260E+04, gamma 1.205281E+03, time 0.737ms
[INFO   ] DREAMPlace - full step 3.412 ms
[INFO   ] DREAMPlace - optimizer step 2.178 ms
[INFO   ] DREAMPlace - iteration   51, (  51,  0,  0), Obj 2.429283E+07, DensityWeight 3.721881E-11, wHPWL 5.745557E+07, Overflow 9.343166E-01, MaxDensity 1.228E+04, gamma 1.200491E+03, time 0.738ms
[INFO   ] DREAMPlace - full step 3.383 ms
[INFO   ] DREAMPlace - optimizer step 2.240 ms
[INFO   ] DREAMPlace - iteration   52, (  52,  0,  0), Obj 2.797344E+07, DensityWeight 3.906002E-11, wHPWL 5.733608E+07, Overflow 9.332107E-01, MaxDensity 1.196E+04, gamma 1.193087E+03, time 0.724ms
[INFO   ] DREAMPlace - full step 3.422 ms
[INFO   ] DREAMPlace - optimizer step 2.179 ms
[INFO   ] DREAMPlace - iteration   53, (  53,  0,  0), Obj 2.837279E+07, DensityWeight 4.079621E-11, wHPWL 6.000461E+07, Overflow 9.323304E-01, MaxDensity 1.039E+04, gamma 1.186354E+03, time 0.730ms
[INFO   ] DREAMPlace - full step 3.366 ms
[INFO   ] DREAMPlace - optimizer step 2.280 ms
[INFO   ] DREAMPlace - iteration   54, (  54,  0,  0), Obj 2.767754E+07, DensityWeight 4.069422E-11, wHPWL 6.028002E+07, Overflow 9.312991E-01, MaxDensity 9.825E+03, gamma 1.181023E+03, time 0.723ms
[INFO   ] DREAMPlace - full step 3.467 ms
[INFO   ] DREAMPlace - optimizer step 2.171 ms
[INFO   ] DREAMPlace - iteration   55, (  55,  0,  0), Obj 2.718716E+07, DensityWeight 4.111957E-11, wHPWL 6.096540E+07, Overflow 9.296495E-01, MaxDensity 9.354E+03, gamma 1.174807E+03, time 0.706ms
[INFO   ] DREAMPlace - full step 3.345 ms
[INFO   ] DREAMPlace - optimizer step 2.148 ms
[INFO   ] DREAMPlace - iteration   56, (  56,  0,  0), Obj 2.662710E+07, DensityWeight 4.101677E-11, wHPWL 6.108091E+07, Overflow 9.284555E-01, MaxDensity 8.945E+03, gamma 1.164933E+03, time 0.711ms
[INFO   ] DREAMPlace - full step 3.336 ms
[INFO   ] DREAMPlace - optimizer step 2.162 ms
[INFO   ] DREAMPlace - iteration   57, (  57,  0,  0), Obj 2.629512E+07, DensityWeight 4.237969E-11, wHPWL 6.153950E+07, Overflow 9.268742E-01, MaxDensity 8.552E+03, gamma 1.157837E+03, time 0.713ms
[INFO   ] DREAMPlace - full step 3.337 ms
[INFO   ] DREAMPlace - optimizer step 2.151 ms
[INFO   ] DREAMPlace - iteration   58, (  58,  0,  0), Obj 2.577051E+07, DensityWeight 4.227374E-11, wHPWL 6.138595E+07, Overflow 9.250764E-01, MaxDensity 8.264E+03, gamma 1.148506E+03, time 0.715ms
[INFO   ] DREAMPlace - full step 3.325 ms
[INFO   ] DREAMPlace - optimizer step 2.121 ms
[INFO   ] DREAMPlace - iteration   59, (  59,  0,  0), Obj 2.545519E+07, DensityWeight 4.412630E-11, wHPWL 6.158094E+07, Overflow 9.234174E-01, MaxDensity 7.960E+03, gamma 1.137990E+03, time 0.743ms
[INFO   ] DREAMPlace - full step 3.324 ms
[INFO   ] DREAMPlace - optimizer step 2.151 ms
[INFO   ] DREAMPlace - iteration   60, (  60,  0,  0), Obj 2.506293E+07, DensityWeight 4.509013E-11, wHPWL 6.142038E+07, Overflow 9.221750E-01, MaxDensity 7.717E+03, gamma 1.128371E+03, time 0.705ms
[INFO   ] DREAMPlace - full step 3.327 ms
[INFO   ] DREAMPlace - optimizer step 2.159 ms
[INFO   ] DREAMPlace - iteration   61, (  61,  0,  0), Obj 2.477194E+07, DensityWeight 4.705670E-11, wHPWL 6.151076E+07, Overflow 9.210018E-01, MaxDensity 7.463E+03, gamma 1.121220E+03, time 0.699ms
[INFO   ] DREAMPlace - full step 3.340 ms
[INFO   ] DREAMPlace - optimizer step 2.127 ms
[INFO   ] DREAMPlace - iteration   62, (  62,  0,  0), Obj 2.863897E+07, DensityWeight 4.879095E-11, wHPWL 6.128265E+07, Overflow 9.193079E-01, MaxDensity 7.255E+03, gamma 1.114509E+03, time 0.680ms
[INFO   ] DREAMPlace - full step 3.263 ms
[INFO   ] DREAMPlace - optimizer step 2.100 ms
[INFO   ] DREAMPlace - iteration   63, (  63,  0,  0), Obj 3.035059E+07, DensityWeight 5.090875E-11, wHPWL 6.631899E+07, Overflow 9.179090E-01, MaxDensity 5.823E+03, gamma 1.104891E+03, time 0.698ms
[INFO   ] DREAMPlace - full step 3.259 ms
[INFO   ] DREAMPlace - optimizer step 2.137 ms
[INFO   ] DREAMPlace - iteration   64, (  64,  0,  0), Obj 2.878997E+07, DensityWeight 5.078147E-11, wHPWL 6.557379E+07, Overflow 9.160739E-01, MaxDensity 5.583E+03, gamma 1.097011E+03, time 0.712ms
[INFO   ] DREAMPlace - full step 3.313 ms
[INFO   ] DREAMPlace - optimizer step 2.265 ms
[INFO   ] DREAMPlace - iteration   65, (  65,  0,  0), Obj 2.885647E+07, DensityWeight 5.297507E-11, wHPWL 6.723469E+07, Overflow 9.147396E-01, MaxDensity 5.175E+03, gamma 1.086757E+03, time 0.689ms
[INFO   ] DREAMPlace - full step 3.495 ms
[INFO   ] DREAMPlace - optimizer step 2.121 ms
[INFO   ] DREAMPlace - iteration   66, (  66,  0,  0), Obj 2.773070E+07, DensityWeight 5.284263E-11, wHPWL 6.656068E+07, Overflow 9.132461E-01, MaxDensity 4.955E+03, gamma 1.079363E+03, time 0.805ms
[INFO   ] DREAMPlace - full step 3.550 ms
[INFO   ] DREAMPlace - optimizer step 2.156 ms
[INFO   ] DREAMPlace - iteration   67, (  67,  0,  0), Obj 2.771256E+07, DensityWeight 5.511424E-11, wHPWL 6.736730E+07, Overflow 9.120014E-01, MaxDensity 4.647E+03, gamma 1.071146E+03, time 0.681ms
[INFO   ] DREAMPlace - full step 3.296 ms
[INFO   ] DREAMPlace - optimizer step 2.136 ms
[INFO   ] DREAMPlace - iteration   68, (  68,  0,  0), Obj 2.681531E+07, DensityWeight 5.497645E-11, wHPWL 6.650365E+07, Overflow 9.106693E-01, MaxDensity 4.492E+03, gamma 1.064346E+03, time 0.688ms
[INFO   ] DREAMPlace - full step 3.284 ms
[INFO   ] DREAMPlace - optimizer step 2.134 ms
[INFO   ] DREAMPlace - iteration   69, (  69,  0,  0), Obj 2.667462E+07, DensityWeight 5.732832E-11, wHPWL 6.671695E+07, Overflow 9.089398E-01, MaxDensity 4.257E+03, gamma 1.057115E+03, time 0.699ms
[INFO   ] DREAMPlace - full step 3.290 ms
[INFO   ] DREAMPlace - optimizer step 6.139 ms
[INFO   ] DREAMPlace - iteration   70, (  70,  0,  0), Obj 2.602915E+07, DensityWeight 5.843124E-11, wHPWL 6.596412E+07, Overflow 9.072790E-01, MaxDensity 4.096E+03, gamma 1.047802E+03, time 0.697ms
[INFO   ] DREAMPlace - full step 7.290 ms
[INFO   ] DREAMPlace - optimizer step 2.154 ms
[INFO   ] DREAMPlace - iteration   71, (  71,  0,  0), Obj 2.585341E+07, DensityWeight 6.091872E-11, wHPWL 6.594185E+07, Overflow 9.058615E-01, MaxDensity 3.897E+03, gamma 1.038935E+03, time 0.694ms
[INFO   ] DREAMPlace - full step 3.313 ms
[INFO   ] DREAMPlace - optimizer step 11.250 ms
[INFO   ] DREAMPlace - iteration   72, (  72,  0,  0), Obj 2.983698E+07, DensityWeight 6.350574E-11, wHPWL 6.534332E+07, Overflow 9.046632E-01, MaxDensity 3.758E+03, gamma 1.031427E+03, time 0.694ms
[INFO   ] DREAMPlace - full step 12.407 ms
[INFO   ] DREAMPlace - optimizer step 2.147 ms
[INFO   ] DREAMPlace - iteration   73, (  73,  0,  0), Obj 3.191102E+07, DensityWeight 6.619601E-11, wHPWL 7.067000E+07, Overflow 9.028927E-01, MaxDensity 3.087E+03, gamma 1.025122E+03, time 0.702ms
[INFO   ] DREAMPlace - full step 3.300 ms
[INFO   ] DREAMPlace - optimizer step 2.120 ms
[INFO   ] DREAMPlace - iteration   74, (  74,  0,  0), Obj 2.964719E+07, DensityWeight 6.603051E-11, wHPWL 6.918360E+07, Overflow 9.008381E-01, MaxDensity 3.156E+03, gamma 1.015877E+03, time 0.684ms
[INFO   ] DREAMPlace - full step 3.264 ms
[INFO   ] DREAMPlace - optimizer step 4.009 ms
[INFO   ] DREAMPlace - iteration   75, (  75,  0,  0), Obj 3.035346E+07, DensityWeight 6.881397E-11, wHPWL 7.173857E+07, Overflow 8.993076E-01, MaxDensity 2.954E+03, gamma 1.005253E+03, time 0.695ms
[INFO   ] DREAMPlace - full step 5.165 ms
[INFO   ] DREAMPlace - optimizer step 2.138 ms
[INFO   ] DREAMPlace - iteration   76, (  76,  0,  0), Obj 2.873370E+07, DensityWeight 6.864193E-11, wHPWL 7.042915E+07, Overflow 8.974055E-01, MaxDensity 3.020E+03, gamma 9.974111E+02, time 1.295ms
[INFO   ] DREAMPlace - full step 3.906 ms
[INFO   ] DREAMPlace - optimizer step 6.888 ms
[INFO   ] DREAMPlace - iteration   77, (  77,  0,  0), Obj 2.908603E+07, DensityWeight 7.152116E-11, wHPWL 7.168414E+07, Overflow 8.962005E-01, MaxDensity 2.901E+03, gamma 9.877509E+02, time 3.436ms
[INFO   ] DREAMPlace - full step 10.781 ms
[INFO   ] DREAMPlace - optimizer step 2.144 ms
[INFO   ] DREAMPlace - iteration   78, (  78,  0,  0), Obj 2.790734E+07, DensityWeight 7.134236E-11, wHPWL 7.027197E+07, Overflow 8.948690E-01, MaxDensity 2.985E+03, gamma 9.816794E+02, time 1.650ms
[INFO   ] DREAMPlace - full step 4.279 ms
[INFO   ] DREAMPlace - optimizer step 2.123 ms
[INFO   ] DREAMPlace - iteration   79, (  79,  0,  0), Obj 2.795591E+07, DensityWeight 7.431999E-11, wHPWL 7.057898E+07, Overflow 8.931362E-01, MaxDensity 2.929E+03, gamma 9.750137E+02, time 0.805ms
[INFO   ] DREAMPlace - full step 3.394 ms
[INFO   ] DREAMPlace - plotting to gammalocal_results/nshuf/adaptec1/plot/iter0080.png takes 1.432 seconds
[INFO   ] DREAMPlace - optimizer step 3.748 ms
[INFO   ] DREAMPlace - iteration   80, (  80,  0,  0), Obj 2.714790E+07, DensityWeight 7.476665E-11, wHPWL 6.934476E+07, Overflow 8.920022E-01, MaxDensity 2.974E+03, gamma 9.664069E+02, time 0.668ms
[INFO   ] DREAMPlace - full step 1438.111 ms
[INFO   ] DREAMPlace - optimizer step 2.263 ms
[INFO   ] DREAMPlace - iteration   81, (  81,  0,  0), Obj 2.707349E+07, DensityWeight 7.787163E-11, wHPWL 6.924938E+07, Overflow 8.907130E-01, MaxDensity 2.950E+03, gamma 9.608154E+02, time 0.721ms
[INFO   ] DREAMPlace - full step 3.524 ms
[INFO   ] DREAMPlace - optimizer step 2.126 ms
[INFO   ] DREAMPlace - iteration   82, (  82,  0,  0), Obj 3.292180E+07, DensityWeight 8.109745E-11, wHPWL 6.830669E+07, Overflow 8.896302E-01, MaxDensity 2.993E+03, gamma 9.544979E+02, time 0.678ms
[INFO   ] DREAMPlace - full step 3.285 ms
[INFO   ] DREAMPlace - optimizer step 2.162 ms
[INFO   ] DREAMPlace - iteration   83, (  83,  0,  0), Obj 3.464343E+07, DensityWeight 8.444845E-11, wHPWL 7.267630E+07, Overflow 8.881930E-01, MaxDensity 2.490E+03, gamma 9.492244E+02, time 0.668ms
[INFO   ] DREAMPlace - full step 3.308 ms
[INFO   ] DREAMPlace - optimizer step 2.136 ms
[INFO   ] DREAMPlace - iteration   84, (  84,  0,  0), Obj 3.219438E+07, DensityWeight 8.423733E-11, wHPWL 7.110193E+07, Overflow 8.870798E-01, MaxDensity 2.569E+03, gamma 9.422695E+02, time 0.680ms
[INFO   ] DREAMPlace - full step 3.297 ms
[INFO   ] DREAMPlace - optimizer step 2.165 ms
[INFO   ] DREAMPlace - iteration   85, (  85,  0,  0), Obj 3.277746E+07, DensityWeight 8.770053E-11, wHPWL 7.335987E+07, Overflow 8.854482E-01, MaxDensity 2.374E+03, gamma 9.369177E+02, time 0.653ms
[INFO   ] DREAMPlace - full step 3.279 ms
[INFO   ] DREAMPlace - optimizer step 2.296 ms
[INFO   ] DREAMPlace - iteration   86, (  86,  0,  0), Obj 3.110589E+07, DensityWeight 8.748127E-11, wHPWL 7.209835E+07, Overflow 8.846049E-01, MaxDensity 2.400E+03, gamma 9.291277E+02, time 0.665ms
[INFO   ] DREAMPlace - full step 3.446 ms
[INFO   ] DREAMPlace - optimizer step 2.153 ms
[INFO   ] DREAMPlace - iteration   87, (  87,  0,  0), Obj 3.124248E+07, DensityWeight 9.105962E-11, wHPWL 7.294470E+07, Overflow 8.829291E-01, MaxDensity 2.301E+03, gamma 9.251277E+02, time 0.679ms
[INFO   ] DREAMPlace - full step 3.303 ms
[INFO   ] DREAMPlace - optimizer step 2.148 ms
[INFO   ] DREAMPlace - iteration   88, (  88,  0,  0), Obj 3.008443E+07, DensityWeight 9.083197E-11, wHPWL 7.166739E+07, Overflow 8.820609E-01, MaxDensity 2.291E+03, gamma 9.172284E+02, time 0.667ms
[INFO   ] DREAMPlace - full step 3.279 ms
[INFO   ] DREAMPlace - optimizer step 2.193 ms
[INFO   ] DREAMPlace - iteration   89, (  89,  0,  0), Obj 2.996827E+07, DensityWeight 9.452847E-11, wHPWL 7.164859E+07, Overflow 8.814427E-01, MaxDensity 2.216E+03, gamma 9.131631E+02, time 0.700ms
[INFO   ] DREAMPlace - full step 3.347 ms
[INFO   ] DREAMPlace - optimizer step 2.135 ms
[INFO   ] DREAMPlace - iteration   90, (  90,  0,  0), Obj 2.912007E+07, DensityWeight 9.836557E-11, wHPWL 7.045249E+07, Overflow 8.808399E-01, MaxDensity 2.220E+03, gamma 9.102789E+02, time 0.665ms
[INFO   ] DREAMPlace - full step 3.261 ms
[INFO   ] DREAMPlace - optimizer step 2.153 ms
[INFO   ] DREAMPlace - iteration   91, (  91,  0,  0), Obj 2.885885E+07, DensityWeight 1.023482E-10, wHPWL 7.001321E+07, Overflow 8.801811E-01, MaxDensity 2.169E+03, gamma 9.074755E+02, time 0.680ms
[INFO   ] DREAMPlace - full step 3.327 ms
[INFO   ] DREAMPlace - optimizer step 2.155 ms
[INFO   ] DREAMPlace - iteration   92, (  92,  0,  0), Obj 3.612927E+07, DensityWeight 1.064814E-10, wHPWL 6.900206E+07, Overflow 8.795125E-01, MaxDensity 2.157E+03, gamma 9.044214E+02, time 0.656ms
[INFO   ] DREAMPlace - full step 3.288 ms
[INFO   ] DREAMPlace - optimizer step 2.860 ms
[INFO   ] DREAMPlace - iteration   93, (  93,  0,  0), Obj 3.646715E+07, DensityWeight 1.107704E-10, wHPWL 7.087427E+07, Overflow 8.788249E-01, MaxDensity 1.938E+03, gamma 9.013329E+02, time 1.835ms
[INFO   ] DREAMPlace - full step 5.176 ms
[INFO   ] DREAMPlace - optimizer step 2.157 ms
[INFO   ] DREAMPlace - iteration   94, (  94,  0,  0), Obj 3.448532E+07, DensityWeight 1.104935E-10, wHPWL 6.985797E+07, Overflow 8.786263E-01, MaxDensity 1.894E+03, gamma 8.981671E+02, time 0.677ms
[INFO   ] DREAMPlace - full step 3.318 ms
[INFO   ] DREAMPlace - optimizer step 2.143 ms
[INFO   ] DREAMPlace - iteration   95, (  95,  0,  0), Obj 3.426504E+07, DensityWeight 1.149212E-10, wHPWL 7.086502E+07, Overflow 8.776223E-01, MaxDensity 1.788E+03, gamma 8.972551E+02, time 0.688ms
[INFO   ] DREAMPlace - full step 3.312 ms
[INFO   ] DREAMPlace - optimizer step 2.160 ms
[INFO   ] DREAMPlace - iteration   96, (  96,  0,  0), Obj 3.284026E+07, DensityWeight 1.146339E-10, wHPWL 7.012582E+07, Overflow 8.770856E-01, MaxDensity 1.749E+03, gamma 8.926572E+02, time 0.680ms
[INFO   ] DREAMPlace - full step 3.299 ms
[INFO   ] DREAMPlace - optimizer step 2.144 ms
[INFO   ] DREAMPlace - iteration   97, (  97,  0,  0), Obj 3.246843E+07, DensityWeight 1.192036E-10, wHPWL 7.041423E+07, Overflow 8.761061E-01, MaxDensity 1.746E+03, gamma 8.902091E+02, time 0.651ms
[INFO   ] DREAMPlace - full step 3.258 ms
[INFO   ] DREAMPlace - optimizer step 2.160 ms
[INFO   ] DREAMPlace - iteration   98, (  98,  0,  0), Obj 3.149646E+07, DensityWeight 1.202314E-10, wHPWL 6.967706E+07, Overflow 8.762877E-01, MaxDensity 1.816E+03, gamma 8.857589E+02, time 0.666ms
[INFO   ] DREAMPlace - full step 3.275 ms
[INFO   ] DREAMPlace - optimizer step 2.121 ms
[INFO   ] DREAMPlace - iteration   99, (  99,  0,  0), Obj 3.104248E+07, DensityWeight 1.249993E-10, wHPWL 6.941850E+07, Overflow 8.752951E-01, MaxDensity 1.842E+03, gamma 8.865819E+02, time 0.668ms
[INFO   ] DREAMPlace - full step 3.263 ms
[INFO   ] DREAMPlace - optimizer step 2.122 ms
[INFO   ] DREAMPlace - iteration  100, ( 100,  0,  0), Obj 3.032394E+07, DensityWeight 1.299433E-10, wHPWL 6.865144E+07, Overflow 8.751418E-01, MaxDensity 1.863E+03, gamma 8.820906E+02, time 0.692ms
[INFO   ] DREAMPlace - full step 3.282 ms
[INFO   ] DREAMPlace - gamma_local: mean(coef_net)/coef = 0.843 (norm=gamma, applied ratio 1.000)
[INFO   ] DREAMPlace - optimizer step 2.120 ms
[INFO   ] DREAMPlace - iteration  101, ( 101,  0,  0), Obj 2.979721E+07, DensityWeight 1.350693E-10, wHPWL 6.804850E+07, Overflow 8.749350E-01, MaxDensity 1.895E+03, gamma 8.813989E+02, time 0.721ms
[INFO   ] DREAMPlace - full step 3.315 ms
[INFO   ] DREAMPlace - optimizer step 2.195 ms
[INFO   ] DREAMPlace - iteration  102, ( 102,  0,  0), Obj 3.808798E+07, DensityWeight 1.403835E-10, wHPWL 6.734901E+07, Overflow 8.747990E-01, MaxDensity 1.894E+03, gamma 8.804667E+02, time 0.662ms
[INFO   ] DREAMPlace - full step 3.309 ms
[INFO   ] DREAMPlace - optimizer step 2.176 ms
[INFO   ] DREAMPlace - iteration  103, ( 103,  0,  0), Obj 3.696470E+07, DensityWeight 1.458921E-10, wHPWL 6.686645E+07, Overflow 8.747067E-01, MaxDensity 1.836E+03, gamma 8.798539E+02, time 0.655ms
[INFO   ] DREAMPlace - full step 3.307 ms
[INFO   ] DREAMPlace - optimizer step 2.118 ms
[INFO   ] DREAMPlace - iteration  104, ( 104,  0,  0), Obj 3.591504E+07, DensityWeight 1.516017E-10, wHPWL 6.682653E+07, Overflow 8.741728E-01, MaxDensity 1.778E+03, gamma 8.794387E+02, time 0.657ms
[INFO   ] DREAMPlace - full step 3.227 ms
[INFO   ] DREAMPlace - optimizer step 2.111 ms
[INFO   ] DREAMPlace - iteration  105, ( 105,  0,  0), Obj 3.503933E+07, DensityWeight 1.575191E-10, wHPWL 6.689920E+07, Overflow 8.742177E-01, MaxDensity 1.753E+03, gamma 8.770396E+02, time 0.668ms
[INFO   ] DREAMPlace - full step 3.213 ms
[INFO   ] DREAMPlace - optimizer step 2.106 ms
[INFO   ] DREAMPlace - iteration  106, ( 106,  0,  0), Obj 3.389436E+07, DensityWeight 1.637281E-10, wHPWL 6.657593E+07, Overflow 8.738517E-01, MaxDensity 1.717E+03, gamma 8.772411E+02, time 0.663ms
[INFO   ] DREAMPlace - full step 3.230 ms
[INFO   ] DREAMPlace - optimizer step 2.123 ms
[INFO   ] DREAMPlace - iteration  107, ( 107,  0,  0), Obj 3.324213E+07, DensityWeight 1.700847E-10, wHPWL 6.654594E+07, Overflow 8.733822E-01, MaxDensity 1.706E+03, gamma 8.755995E+02, time 0.656ms
[INFO   ] DREAMPlace - full step 3.268 ms
[INFO   ] DREAMPlace - optimizer step 6.112 ms
[INFO   ] DREAMPlace - iteration  108, ( 108,  0,  0), Obj 3.241326E+07, DensityWeight 1.766705E-10, wHPWL 6.618141E+07, Overflow 8.735566E-01, MaxDensity 1.693E+03, gamma 8.734985E+02, time 0.658ms
[INFO   ] DREAMPlace - full step 7.205 ms
[INFO   ] DREAMPlace - optimizer step 2.114 ms
[INFO   ] DREAMPlace - iteration  109, ( 109,  0,  0), Obj 3.181098E+07, DensityWeight 1.834929E-10, wHPWL 6.589848E+07, Overflow 8.740533E-01, MaxDensity 1.699E+03, gamma 8.742783E+02, time 1.624ms
[INFO   ] DREAMPlace - full step 4.189 ms
[INFO   ] DREAMPlace - optimizer step 2.130 ms
[INFO   ] DREAMPlace - iteration  110, ( 110,  0,  0), Obj 3.117274E+07, DensityWeight 1.905597E-10, wHPWL 6.542458E+07, Overflow 8.741181E-01, MaxDensity 1.711E+03, gamma 8.765033E+02, time 0.662ms
[INFO   ] DREAMPlace - full step 3.240 ms
[INFO   ] DREAMPlace - optimizer step 2.109 ms
[INFO   ] DREAMPlace - iteration  111, ( 111,  0,  0), Obj 3.066134E+07, DensityWeight 1.978789E-10, wHPWL 6.502330E+07, Overflow 8.745984E-01, MaxDensity 1.707E+03, gamma 8.767943E+02, time 0.660ms
[INFO   ] DREAMPlace - full step 3.212 ms
[INFO   ] DREAMPlace - optimizer step 2.130 ms
[INFO   ] DREAMPlace - iteration  112, ( 112,  0,  0), Obj 3.941221E+07, DensityWeight 2.054586E-10, wHPWL 6.449947E+07, Overflow 8.746096E-01, MaxDensity 1.720E+03, gamma 8.789517E+02, time 0.661ms
[INFO   ] DREAMPlace - full step 3.244 ms
[INFO   ] DREAMPlace - optimizer step 2.125 ms
[INFO   ] DREAMPlace - iteration  113, ( 113,  0,  0), Obj 3.794708E+07, DensityWeight 2.133074E-10, wHPWL 6.342088E+07, Overflow 8.743945E-01, MaxDensity 1.695E+03, gamma 8.790018E+02, time 0.646ms
[INFO   ] DREAMPlace - full step 3.235 ms
[INFO   ] DREAMPlace - optimizer step 2.143 ms
[INFO   ] DREAMPlace - iteration  114, ( 114,  0,  0), Obj 3.745280E+07, DensityWeight 2.214338E-10, wHPWL 6.397708E+07, Overflow 8.739029E-01, MaxDensity 1.616E+03, gamma 8.780351E+02, time 0.653ms
[INFO   ] DREAMPlace - full step 3.251 ms
[INFO   ] DREAMPlace - optimizer step 2.140 ms
[INFO   ] DREAMPlace - iteration  115, ( 115,  0,  0), Obj 3.637437E+07, DensityWeight 2.208802E-10, wHPWL 6.364859E+07, Overflow 8.738794E-01, MaxDensity 1.624E+03, gamma 8.758292E+02, time 0.688ms
[INFO   ] DREAMPlace - full step 3.274 ms
[INFO   ] DREAMPlace - optimizer step 2.142 ms
[INFO   ] DREAMPlace - iteration  116, ( 116,  0,  0), Obj 3.537862E+07, DensityWeight 2.292493E-10, wHPWL 6.338416E+07, Overflow 8.735524E-01, MaxDensity 1.619E+03, gamma 8.757240E+02, time 0.666ms
[INFO   ] DREAMPlace - full step 3.258 ms
[INFO   ] DREAMPlace - optimizer step 4.361 ms
[INFO   ] DREAMPlace - iteration  117, ( 117,  0,  0), Obj 3.463159E+07, DensityWeight 2.379117E-10, wHPWL 6.322738E+07, Overflow 8.739593E-01, MaxDensity 1.618E+03, gamma 8.742596E+02, time 17.761ms
[INFO   ] DREAMPlace - full step 22.564 ms
[INFO   ] DREAMPlace - optimizer step 2.182 ms
[INFO   ] DREAMPlace - iteration  118, ( 118,  0,  0), Obj 3.389920E+07, DensityWeight 2.468767E-10, wHPWL 6.299744E+07, Overflow 8.741543E-01, MaxDensity 1.616E+03, gamma 8.760817E+02, time 0.690ms
[INFO   ] DREAMPlace - full step 3.315 ms
[INFO   ] DREAMPlace - optimizer step 2.116 ms
[INFO   ] DREAMPlace - iteration  119, ( 119,  0,  0), Obj 3.328662E+07, DensityWeight 2.561540E-10, wHPWL 6.276096E+07, Overflow 8.749043E-01, MaxDensity 1.633E+03, gamma 8.769565E+02, time 0.662ms
[INFO   ] DREAMPlace - full step 3.247 ms
[INFO   ] DREAMPlace - plotting to gammalocal_results/nshuf/adaptec1/plot/iter0120.png takes 1.356 seconds
[INFO   ] DREAMPlace - optimizer step 3.811 ms
[INFO   ] DREAMPlace - iteration  120, ( 120,  0,  0), Obj 3.272326E+07, DensityWeight 2.657533E-10, wHPWL 6.245875E+07, Overflow 8.753470E-01, MaxDensity 1.623E+03, gamma 8.803285E+02, time 0.670ms
[INFO   ] DREAMPlace - full step 1361.711 ms
[INFO   ] DREAMPlace - optimizer step 2.391 ms
[INFO   ] DREAMPlace - iteration  121, ( 121,  0,  0), Obj 3.222746E+07, DensityWeight 2.756847E-10, wHPWL 6.216431E+07, Overflow 8.757554E-01, MaxDensity 1.630E+03, gamma 8.823250E+02, time 0.728ms
[INFO   ] DREAMPlace - full step 3.667 ms
[INFO   ] DREAMPlace - optimizer step 4.351 ms
[INFO   ] DREAMPlace - iteration  122, ( 122,  0,  0), Obj 3.773214E+07, DensityWeight 2.859587E-10, wHPWL 6.180095E+07, Overflow 8.756888E-01, MaxDensity 1.624E+03, gamma 8.841707E+02, time 1.373ms
[INFO   ] DREAMPlace - full step 6.183 ms
[INFO   ] DREAMPlace - optimizer step 2.181 ms
[INFO   ] DREAMPlace - iteration  123, ( 123,  0,  0), Obj 3.686336E+07, DensityWeight 2.965859E-10, wHPWL 6.164960E+07, Overflow 8.760955E-01, MaxDensity 1.544E+03, gamma 8.838691E+02, time 0.663ms
[INFO   ] DREAMPlace - full step 3.289 ms
[INFO   ] DREAMPlace - optimizer step 2.223 ms
[INFO   ] DREAMPlace - iteration  124, ( 124,  0,  0), Obj 3.648545E+07, DensityWeight 3.075773E-10, wHPWL 6.250417E+07, Overflow 8.765534E-01, MaxDensity 1.441E+03, gamma 8.857105E+02, time 0.802ms
[INFO   ] DREAMPlace - full step 3.488 ms
[INFO   ] DREAMPlace - optimizer step 3.865 ms
[INFO   ] DREAMPlace - iteration  125, ( 125,  0,  0), Obj 3.539036E+07, DensityWeight 3.068084E-10, wHPWL 6.219774E+07, Overflow 8.769361E-01, MaxDensity 1.433E+03, gamma 8.877881E+02, time 1.771ms
[INFO   ] DREAMPlace - full step 6.088 ms
[INFO   ] DREAMPlace - optimizer step 2.153 ms
[INFO   ] DREAMPlace - iteration  126, ( 126,  0,  0), Obj 3.452184E+07, DensityWeight 3.181150E-10, wHPWL 6.216311E+07, Overflow 8.767911E-01, MaxDensity 1.470E+03, gamma 8.895286E+02, time 0.666ms
[INFO   ] DREAMPlace - full step 3.261 ms
[INFO   ] DREAMPlace - optimizer step 2.224 ms
[INFO   ] DREAMPlace - iteration  127, ( 127,  0,  0), Obj 3.382032E+07, DensityWeight 3.298053E-10, wHPWL 6.205705E+07, Overflow 8.769355E-01, MaxDensity 1.493E+03, gamma 8.888688E+02, time 1.792ms
[INFO   ] DREAMPlace - full step 4.457 ms
[INFO   ] DREAMPlace - optimizer step 2.115 ms
[INFO   ] DREAMPlace - iteration  128, ( 128,  0,  0), Obj 3.311901E+07, DensityWeight 3.418910E-10, wHPWL 6.190037E+07, Overflow 8.765782E-01, MaxDensity 1.549E+03, gamma 8.895256E+02, time 0.674ms
[INFO   ] DREAMPlace - full step 3.246 ms
[INFO   ] DREAMPlace - optimizer step 2.187 ms
[INFO   ] DREAMPlace - iteration  129, ( 129,  0,  0), Obj 3.254357E+07, DensityWeight 3.543841E-10, wHPWL 6.171282E+07, Overflow 8.768824E-01, MaxDensity 1.579E+03, gamma 8.879007E+02, time 1.049ms
[INFO   ] DREAMPlace - full step 3.683 ms
[INFO   ] DREAMPlace - optimizer step 4.645 ms
[INFO   ] DREAMPlace - iteration  130, ( 130,  0,  0), Obj 3.204802E+07, DensityWeight 3.672970E-10, wHPWL 6.152722E+07, Overflow 8.772889E-01, MaxDensity 1.643E+03, gamma 8.892839E+02, time 0.698ms
[INFO   ] DREAMPlace - full step 5.785 ms
[INFO   ] DREAMPlace - optimizer step 3.152 ms
[INFO   ] DREAMPlace - iteration  131, ( 131,  0,  0), Obj 3.157951E+07, DensityWeight 3.806424E-10, wHPWL 6.129028E+07, Overflow 8.778284E-01, MaxDensity 1.683E+03, gamma 8.911356E+02, time 0.685ms
[INFO   ] DREAMPlace - full step 4.295 ms
[INFO   ] DREAMPlace - optimizer step 3.838 ms
[INFO   ] DREAMPlace - iteration  132, ( 132,  0,  0), Obj 3.702127E+07, DensityWeight 3.944333E-10, wHPWL 6.102190E+07, Overflow 8.785512E-01, MaxDensity 1.754E+03, gamma 8.935994E+02, time 3.172ms
[INFO   ] DREAMPlace - full step 7.463 ms
[INFO   ] DREAMPlace - optimizer step 2.480 ms
[INFO   ] DREAMPlace - iteration  133, ( 133,  0,  0), Obj 3.600210E+07, DensityWeight 4.086828E-10, wHPWL 6.064575E+07, Overflow 8.791209E-01, MaxDensity 1.723E+03, gamma 8.969099E+02, time 1.438ms
[INFO   ] DREAMPlace - full step 4.366 ms
[INFO   ] DREAMPlace - optimizer step 2.192 ms
[INFO   ] DREAMPlace - iteration  134, ( 134,  0,  0), Obj 3.574597E+07, DensityWeight 4.234049E-10, wHPWL 6.169182E+07, Overflow 8.792955E-01, MaxDensity 1.665E+03, gamma 8.995288E+02, time 0.701ms
[INFO   ] DREAMPlace - full step 3.343 ms
[INFO   ] DREAMPlace - optimizer step 2.100 ms
[INFO   ] DREAMPlace - iteration  135, ( 135,  0,  0), Obj 3.473324E+07, DensityWeight 4.223463E-10, wHPWL 6.154119E+07, Overflow 8.793557E-01, MaxDensity 1.651E+03, gamma 9.003326E+02, time 0.675ms
[INFO   ] DREAMPlace - full step 3.276 ms
[INFO   ] DREAMPlace - optimizer step 2.178 ms
[INFO   ] DREAMPlace - iteration  136, ( 136,  0,  0), Obj 3.385218E+07, DensityWeight 4.374731E-10, wHPWL 6.151035E+07, Overflow 8.793043E-01, MaxDensity 1.656E+03, gamma 9.006098E+02, time 0.704ms
[INFO   ] DREAMPlace - full step 3.337 ms
[INFO   ] DREAMPlace - optimizer step 4.303 ms
[INFO   ] DREAMPlace - iteration  137, ( 137,  0,  0), Obj 3.313164E+07, DensityWeight 4.530963E-10, wHPWL 6.139653E+07, Overflow 8.793280E-01, MaxDensity 1.624E+03, gamma 9.003732E+02, time 5.906ms
[INFO   ] DREAMPlace - full step 10.684 ms
[INFO   ] DREAMPlace - optimizer step 2.210 ms
[INFO   ] DREAMPlace - iteration  138, ( 138,  0,  0), Obj 3.249000E+07, DensityWeight 4.692304E-10, wHPWL 6.131794E+07, Overflow 8.796712E-01, MaxDensity 1.595E+03, gamma 9.004818E+02, time 2.272ms
[INFO   ] DREAMPlace - full step 4.936 ms
[INFO   ] DREAMPlace - optimizer step 2.140 ms
[INFO   ] DREAMPlace - iteration  139, ( 139,  0,  0), Obj 3.192504E+07, DensityWeight 4.858906E-10, wHPWL 6.113883E+07, Overflow 8.795946E-01, MaxDensity 1.558E+03, gamma 9.020649E+02, time 0.660ms
[INFO   ] DREAMPlace - full step 3.261 ms
[INFO   ] DREAMPlace - optimizer step 2.212 ms
[INFO   ] DREAMPlace - iteration  140, ( 140,  0,  0), Obj 3.146569E+07, DensityWeight 5.030920E-10, wHPWL 6.099587E+07, Overflow 8.797601E-01, MaxDensity 1.501E+03, gamma 9.017112E+02, time 0.703ms
[INFO   ] DREAMPlace - full step 3.384 ms
[INFO   ] DREAMPlace - optimizer step 2.125 ms
[INFO   ] DREAMPlace - iteration  141, ( 141,  0,  0), Obj 3.103405E+07, DensityWeight 5.208501E-10, wHPWL 6.079339E+07, Overflow 8.796203E-01, MaxDensity 1.443E+03, gamma 9.024753E+02, time 0.680ms
[INFO   ] DREAMPlace - full step 3.258 ms
[INFO   ] DREAMPlace - optimizer step 2.115 ms
[INFO   ] DREAMPlace - iteration  142, ( 142,  0,  0), Obj 3.687354E+07, DensityWeight 5.391813E-10, wHPWL 6.056019E+07, Overflow 8.796180E-01, MaxDensity 1.375E+03, gamma 9.018298E+02, time 0.683ms
[INFO   ] DREAMPlace - full step 3.263 ms
[INFO   ] DREAMPlace - optimizer step 2.110 ms
[INFO   ] DREAMPlace - iteration  143, ( 143,  0,  0), Obj 3.578820E+07, DensityWeight 5.581017E-10, wHPWL 6.005791E+07, Overflow 8.802332E-01, MaxDensity 1.341E+03, gamma 9.018196E+02, time 0.670ms
[INFO   ] DREAMPlace - full step 3.235 ms
[INFO   ] DREAMPlace - optimizer step 2.196 ms
[INFO   ] DREAMPlace - iteration  144, ( 144,  0,  0), Obj 3.555564E+07, DensityWeight 5.776283E-10, wHPWL 6.114965E+07, Overflow 8.799370E-01, MaxDensity 1.321E+03, gamma 9.046626E+02, time 0.667ms
[INFO   ] DREAMPlace - full step 3.317 ms
[INFO   ] DREAMPlace - optimizer step 2.179 ms
[INFO   ] DREAMPlace - iteration  145, ( 145,  0,  0), Obj 3.461772E+07, DensityWeight 5.761842E-10, wHPWL 6.106190E+07, Overflow 8.798292E-01, MaxDensity 1.388E+03, gamma 9.032926E+02, time 0.719ms
[INFO   ] DREAMPlace - full step 3.354 ms
[INFO   ] DREAMPlace - optimizer step 7.693 ms
[INFO   ] DREAMPlace - iteration  146, ( 146,  0,  0), Obj 3.375871E+07, DensityWeight 5.962242E-10, wHPWL 6.106327E+07, Overflow 8.797717E-01, MaxDensity 1.407E+03, gamma 9.027946E+02, time 5.329ms
[INFO   ] DREAMPlace - full step 13.488 ms
[INFO   ] DREAMPlace - optimizer step 2.202 ms
[INFO   ] DREAMPlace - iteration  147, ( 147,  0,  0), Obj 3.307444E+07, DensityWeight 6.259157E-10, wHPWL 6.097750E+07, Overflow 8.794187E-01, MaxDensity 1.469E+03, gamma 9.025291E+02, time 0.806ms
[INFO   ] DREAMPlace - full step 3.473 ms
[INFO   ] DREAMPlace - optimizer step 2.179 ms
[INFO   ] DREAMPlace - iteration  148, ( 148,  0,  0), Obj 3.241491E+07, DensityWeight 6.475559E-10, wHPWL 6.087862E+07, Overflow 8.787630E-01, MaxDensity 1.490E+03, gamma 9.009004E+02, time 0.682ms
[INFO   ] DREAMPlace - full step 3.366 ms
[INFO   ] DREAMPlace - optimizer step 2.126 ms
[INFO   ] DREAMPlace - iteration  149, ( 149,  0,  0), Obj 3.188779E+07, DensityWeight 6.698773E-10, wHPWL 6.074627E+07, Overflow 8.784419E-01, MaxDensity 1.524E+03, gamma 8.978825E+02, time 0.677ms
[INFO   ] DREAMPlace - full step 3.246 ms
[INFO   ] DREAMPlace - optimizer step 2.180 ms
[INFO   ] DREAMPlace - iteration  150, ( 150,  0,  0), Obj 3.142657E+07, DensityWeight 6.928987E-10, wHPWL 6.061053E+07, Overflow 8.780097E-01, MaxDensity 1.544E+03, gamma 8.964088E+02, time 0.728ms
[INFO   ] DREAMPlace - full step 3.366 ms
[INFO   ] DREAMPlace - optimizer step 2.139 ms
[INFO   ] DREAMPlace - iteration  151, ( 151,  0,  0), Obj 3.099928E+07, DensityWeight 7.166398E-10, wHPWL 6.042768E+07, Overflow 8.781275E-01, MaxDensity 1.558E+03, gamma 8.944282E+02, time 0.712ms
[INFO   ] DREAMPlace - full step 3.312 ms
[INFO   ] DREAMPlace - optimizer step 2.169 ms
[INFO   ] DREAMPlace - iteration  152, ( 152,  0,  0), Obj 3.617382E+07, DensityWeight 7.411202E-10, wHPWL 6.021083E+07, Overflow 8.779209E-01, MaxDensity 1.569E+03, gamma 8.949677E+02, time 0.653ms
[INFO   ] DREAMPlace - full step 3.258 ms
[INFO   ] DREAMPlace - optimizer step 2.123 ms
[INFO   ] DREAMPlace - iteration  153, ( 153,  0,  0), Obj 3.545798E+07, DensityWeight 7.663601E-10, wHPWL 6.033488E+07, Overflow 8.775182E-01, MaxDensity 1.494E+03, gamma 8.940218E+02, time 0.672ms
[INFO   ] DREAMPlace - full step 3.262 ms
[INFO   ] DREAMPlace - optimizer step 2.196 ms
[INFO   ] DREAMPlace - iteration  154, ( 154,  0,  0), Obj 3.511732E+07, DensityWeight 7.908824E-10, wHPWL 6.132991E+07, Overflow 8.770763E-01, MaxDensity 1.381E+03, gamma 8.921819E+02, time 0.682ms
[INFO   ] DREAMPlace - full step 3.326 ms
[INFO   ] DREAMPlace - optimizer step 2.122 ms
[INFO   ] DREAMPlace - iteration  155, ( 155,  0,  0), Obj 3.417739E+07, DensityWeight 7.889051E-10, wHPWL 6.124126E+07, Overflow 8.774302E-01, MaxDensity 1.334E+03, gamma 8.901668E+02, time 0.682ms
[INFO   ] DREAMPlace - full step 3.252 ms
[INFO   ] DREAMPlace - optimizer step 2.196 ms
[INFO   ] DREAMPlace - iteration  156, ( 156,  0,  0), Obj 3.335275E+07, DensityWeight 8.155277E-10, wHPWL 6.130862E+07, Overflow 8.779035E-01, MaxDensity 1.279E+03, gamma 8.917802E+02, time 0.679ms
[INFO   ] DREAMPlace - full step 3.319 ms
[INFO   ] DREAMPlace - optimizer step 2.118 ms
[INFO   ] DREAMPlace - iteration  157, ( 157,  0,  0), Obj 3.271964E+07, DensityWeight 8.483005E-10, wHPWL 6.130297E+07, Overflow 8.776568E-01, MaxDensity 1.226E+03, gamma 8.939426E+02, time 0.682ms
[INFO   ] DREAMPlace - full step 3.245 ms
[INFO   ] DREAMPlace - optimizer step 2.233 ms
[INFO   ] DREAMPlace - iteration  158, ( 158,  0,  0), Obj 3.207869E+07, DensityWeight 8.767522E-10, wHPWL 6.123700E+07, Overflow 8.778315E-01, MaxDensity 1.196E+03, gamma 8.928148E+02, time 0.672ms
[INFO   ] DREAMPlace - full step 3.353 ms
[INFO   ] DREAMPlace - optimizer step 2.193 ms
[INFO   ] DREAMPlace - iteration  159, ( 159,  0,  0), Obj 3.159755E+07, DensityWeight 9.060674E-10, wHPWL 6.117842E+07, Overflow 8.780425E-01, MaxDensity 1.206E+03, gamma 8.936131E+02, time 0.684ms
[INFO   ] DREAMPlace - full step 3.343 ms
[INFO   ] DREAMPlace - plotting to gammalocal_results/nshuf/adaptec1/plot/iter0160.png takes 1.366 seconds
[INFO   ] DREAMPlace - optimizer step 3.834 ms
[INFO   ] DREAMPlace - iteration  160, ( 160,  0,  0), Obj 3.110063E+07, DensityWeight 9.362692E-10, wHPWL 6.099056E+07, Overflow 8.784183E-01, MaxDensity 1.200E+03, gamma 8.945788E+02, time 0.682ms
[INFO   ] DREAMPlace - full step 1371.866 ms
[INFO   ] DREAMPlace - optimizer step 2.246 ms
[INFO   ] DREAMPlace - iteration  161, ( 161,  0,  0), Obj 3.066466E+07, DensityWeight 9.673810E-10, wHPWL 6.080954E+07, Overflow 8.789251E-01, MaxDensity 1.215E+03, gamma 8.963006E+02, time 0.704ms
[INFO   ] DREAMPlace - full step 3.553 ms
[INFO   ] DREAMPlace - optimizer step 2.402 ms
[INFO   ] DREAMPlace - iteration  162, ( 162,  0,  0), Obj 3.566409E+07, DensityWeight 9.994267E-10, wHPWL 6.057386E+07, Overflow 8.787048E-01, MaxDensity 1.265E+03, gamma 8.986276E+02, time 0.672ms
[INFO   ] DREAMPlace - full step 3.532 ms
[INFO   ] DREAMPlace - optimizer step 8.277 ms
[INFO   ] DREAMPlace - iteration  163, ( 163,  0,  0), Obj 3.512730E+07, DensityWeight 1.032431E-09, wHPWL 6.094213E+07, Overflow 8.790740E-01, MaxDensity 1.241E+03, gamma 8.976155E+02, time 0.670ms
[INFO   ] DREAMPlace - full step 9.398 ms
[INFO   ] DREAMPlace - optimizer step 2.494 ms
[INFO   ] DREAMPlace - iteration  164, ( 164,  0,  0), Obj 3.466263E+07, DensityWeight 1.029849E-09, wHPWL 6.181677E+07, Overflow 8.788373E-01, MaxDensity 1.216E+03, gamma 8.993126E+02, time 66.623ms
[INFO   ] DREAMPlace - full step 69.594 ms
[INFO   ] DREAMPlace - optimizer step 2.160 ms
[INFO   ] DREAMPlace - iteration  165, ( 165,  0,  0), Obj 3.381207E+07, DensityWeight 1.027275E-09, wHPWL 6.188834E+07, Overflow 8.784329E-01, MaxDensity 1.241E+03, gamma 8.982241E+02, time 0.651ms
[INFO   ] DREAMPlace - full step 3.255 ms
[INFO   ] DREAMPlace - optimizer step 2.305 ms
[INFO   ] DREAMPlace - iteration  166, ( 166,  0,  0), Obj 3.301717E+07, DensityWeight 1.067931E-09, wHPWL 6.204266E+07, Overflow 8.780302E-01, MaxDensity 1.225E+03, gamma 8.963675E+02, time 0.667ms
[INFO   ] DREAMPlace - full step 3.524 ms
[INFO   ] DREAMPlace - optimizer step 2.128 ms
[INFO   ] DREAMPlace - iteration  167, ( 167,  0,  0), Obj 3.241738E+07, DensityWeight 1.097463E-09, wHPWL 6.210874E+07, Overflow 8.774842E-01, MaxDensity 1.225E+03, gamma 8.945223E+02, time 0.676ms
[INFO   ] DREAMPlace - full step 3.248 ms
[INFO   ] DREAMPlace - optimizer step 2.156 ms
[INFO   ] DREAMPlace - iteration  168, ( 168,  0,  0), Obj 3.176859E+07, DensityWeight 1.141768E-09, wHPWL 6.206214E+07, Overflow 8.772638E-01, MaxDensity 1.223E+03, gamma 8.920267E+02, time 0.671ms
[INFO   ] DREAMPlace - full step 3.261 ms
[INFO   ] DREAMPlace - optimizer step 2.149 ms
[INFO   ] DREAMPlace - iteration  169, ( 169,  0,  0), Obj 3.125509E+07, DensityWeight 1.178765E-09, wHPWL 6.195034E+07, Overflow 8.775460E-01, MaxDensity 1.253E+03, gamma 8.910209E+02, time 1.669ms
[INFO   ] DREAMPlace - full step 4.262 ms
[INFO   ] DREAMPlace - optimizer step 2.101 ms
[INFO   ] DREAMPlace - iteration  170, ( 170,  0,  0), Obj 3.077849E+07, DensityWeight 1.216840E-09, wHPWL 6.179801E+07, Overflow 8.777298E-01, MaxDensity 1.259E+03, gamma 8.923088E+02, time 0.674ms
[INFO   ] DREAMPlace - full step 3.227 ms
[INFO   ] DREAMPlace - optimizer step 2.164 ms
[INFO   ] DREAMPlace - iteration  171, ( 171,  0,  0), Obj 3.034867E+07, DensityWeight 1.256018E-09, wHPWL 6.158420E+07, Overflow 8.778956E-01, MaxDensity 1.283E+03, gamma 8.931483E+02, time 0.708ms
[INFO   ] DREAMPlace - full step 3.334 ms
[INFO   ] DREAMPlace - optimizer step 2.155 ms
[INFO   ] DREAMPlace - iteration  172, ( 172,  0,  0), Obj 3.579662E+07, DensityWeight 1.296328E-09, wHPWL 6.130078E+07, Overflow 8.781779E-01, MaxDensity 1.274E+03, gamma 8.939062E+02, time 1.005ms
[INFO   ] DREAMPlace - full step 3.601 ms
[INFO   ] DREAMPlace - optimizer step 2.171 ms
[INFO   ] DREAMPlace - iteration  173, ( 173,  0,  0), Obj 3.497333E+07, DensityWeight 1.337798E-09, wHPWL 6.126999E+07, Overflow 8.783743E-01, MaxDensity 1.190E+03, gamma 8.951988E+02, time 0.677ms
[INFO   ] DREAMPlace - full step 3.290 ms
[INFO   ] DREAMPlace - optimizer step 2.115 ms
[INFO   ] DREAMPlace - iteration  174, ( 174,  0,  0), Obj 3.453144E+07, DensityWeight 1.380456E-09, wHPWL 6.215280E+07, Overflow 8.776544E-01, MaxDensity 1.098E+03, gamma 8.960986E+02, time 2.546ms
[INFO   ] DREAMPlace - full step 5.115 ms
[INFO   ] DREAMPlace - optimizer step 2.131 ms
[INFO   ] DREAMPlace - iteration  175, ( 175,  0,  0), Obj 3.365716E+07, DensityWeight 1.377005E-09, wHPWL 6.222268E+07, Overflow 8.779260E-01, MaxDensity 1.043E+03, gamma 8.928036E+02, time 0.679ms
[INFO   ] DREAMPlace - full step 3.247 ms
[INFO   ] DREAMPlace - optimizer step 2.135 ms
[INFO   ] DREAMPlace - iteration  176, ( 176,  0,  0), Obj 3.287589E+07, DensityWeight 1.431840E-09, wHPWL 6.238901E+07, Overflow 8.780876E-01, MaxDensity 1.039E+03, gamma 8.940453E+02, time 0.666ms
[INFO   ] DREAMPlace - full step 3.236 ms
[INFO   ] DREAMPlace - optimizer step 2.096 ms
[INFO   ] DREAMPlace - iteration  177, ( 177,  0,  0), Obj 3.230562E+07, DensityWeight 1.468973E-09, wHPWL 6.252119E+07, Overflow 8.782486E-01, MaxDensity 1.060E+03, gamma 8.947852E+02, time 0.672ms
[INFO   ] DREAMPlace - full step 3.224 ms
[INFO   ] DREAMPlace - optimizer step 2.122 ms
[INFO   ] DREAMPlace - iteration  178, ( 178,  0,  0), Obj 3.166785E+07, DensityWeight 1.514261E-09, wHPWL 6.246262E+07, Overflow 8.784374E-01, MaxDensity 1.095E+03, gamma 8.955224E+02, time 0.676ms
[INFO   ] DREAMPlace - full step 3.233 ms
[INFO   ] DREAMPlace - optimizer step 2.103 ms
[INFO   ] DREAMPlace - iteration  179, ( 179,  0,  0), Obj 3.114975E+07, DensityWeight 1.561765E-09, wHPWL 6.235121E+07, Overflow 8.781622E-01, MaxDensity 1.103E+03, gamma 8.963882E+02, time 0.680ms
[INFO   ] DREAMPlace - full step 3.221 ms
[INFO   ] DREAMPlace - optimizer step 2.117 ms
[INFO   ] DREAMPlace - iteration  180, ( 180,  0,  0), Obj 3.068827E+07, DensityWeight 1.610598E-09, wHPWL 6.218568E+07, Overflow 8.776466E-01, MaxDensity 1.131E+03, gamma 8.951268E+02, time 0.676ms
[INFO   ] DREAMPlace - full step 3.229 ms
[INFO   ] DREAMPlace - optimizer step 10.557 ms
[INFO   ] DREAMPlace - iteration  181, ( 181,  0,  0), Obj 3.024500E+07, DensityWeight 1.660793E-09, wHPWL 6.194483E+07, Overflow 8.772286E-01, MaxDensity 1.138E+03, gamma 8.927679E+02, time 7.429ms
[INFO   ] DREAMPlace - full step 18.434 ms
[INFO   ] DREAMPlace - optimizer step 2.194 ms
[INFO   ] DREAMPlace - iteration  182, ( 182,  0,  0), Obj 3.559460E+07, DensityWeight 1.712380E-09, wHPWL 6.166857E+07, Overflow 8.775479E-01, MaxDensity 1.149E+03, gamma 8.908605E+02, time 0.669ms
[INFO   ] DREAMPlace - full step 3.311 ms
[INFO   ] DREAMPlace - optimizer step 2.098 ms
[INFO   ] DREAMPlace - iteration  183, ( 183,  0,  0), Obj 3.486512E+07, DensityWeight 1.765393E-09, wHPWL 6.186384E+07, Overflow 8.781562E-01, MaxDensity 1.115E+03, gamma 8.923171E+02, time 0.691ms
[INFO   ] DREAMPlace - full step 3.250 ms
[INFO   ] DREAMPlace - optimizer step 2.131 ms
[INFO   ] DREAMPlace - iteration  184, ( 184,  0,  0), Obj 3.433213E+07, DensityWeight 1.803884E-09, wHPWL 6.265482E+07, Overflow 8.785730E-01, MaxDensity 1.054E+03, gamma 8.950995E+02, time 0.670ms
[INFO   ] DREAMPlace - full step 3.242 ms
[INFO   ] DREAMPlace - optimizer step 2.098 ms
[INFO   ] DREAMPlace - iteration  185, ( 185,  0,  0), Obj 3.349655E+07, DensityWeight 1.799374E-09, wHPWL 6.280331E+07, Overflow 8.787269E-01, MaxDensity 1.020E+03, gamma 8.970103E+02, time 0.672ms
[INFO   ] DREAMPlace - full step 3.221 ms
[INFO   ] DREAMPlace - optimizer step 2.106 ms
[INFO   ] DREAMPlace - iteration  186, ( 186,  0,  0), Obj 3.268759E+07, DensityWeight 1.850636E-09, wHPWL 6.290897E+07, Overflow 8.785573E-01, MaxDensity 1.016E+03, gamma 8.977168E+02, time 0.664ms
[INFO   ] DREAMPlace - full step 3.201 ms
[INFO   ] DREAMPlace - optimizer step 2.089 ms
[INFO   ] DREAMPlace - iteration  187, ( 187,  0,  0), Obj 3.211374E+07, DensityWeight 1.914758E-09, wHPWL 6.301811E+07, Overflow 8.779930E-01, MaxDensity 1.002E+03, gamma 8.969382E+02, time 0.679ms
[INFO   ] DREAMPlace - full step 3.217 ms
[INFO   ] DREAMPlace - optimizer step 2.107 ms
[INFO   ] DREAMPlace - iteration  188, ( 188,  0,  0), Obj 3.147286E+07, DensityWeight 1.980138E-09, wHPWL 6.291638E+07, Overflow 8.774524E-01, MaxDensity 9.851E+02, gamma 8.943521E+02, time 0.681ms
[INFO   ] DREAMPlace - full step 3.226 ms
[INFO   ] DREAMPlace - optimizer step 2.295 ms
[INFO   ] DREAMPlace - iteration  189, ( 189,  0,  0), Obj 3.096634E+07, DensityWeight 2.040216E-09, wHPWL 6.281533E+07, Overflow 8.775259E-01, MaxDensity 9.416E+02, gamma 8.918817E+02, time 0.662ms
[INFO   ] DREAMPlace - full step 3.417 ms
[INFO   ] DREAMPlace - optimizer step 2.274 ms
[INFO   ] DREAMPlace - iteration  190, ( 190,  0,  0), Obj 3.045113E+07, DensityWeight 2.101907E-09, wHPWL 6.257534E+07, Overflow 8.773242E-01, MaxDensity 9.666E+02, gamma 8.922170E+02, time 0.685ms
[INFO   ] DREAMPlace - full step 3.426 ms
[INFO   ] DREAMPlace - optimizer step 2.277 ms
[INFO   ] DREAMPlace - iteration  191, ( 191,  0,  0), Obj 3.003045E+07, DensityWeight 2.165246E-09, wHPWL 6.237398E+07, Overflow 8.774703E-01, MaxDensity 1.035E+03, gamma 8.912966E+02, time 0.734ms
[INFO   ] DREAMPlace - full step 3.491 ms
[INFO   ] DREAMPlace - optimizer step 2.228 ms
[INFO   ] DREAMPlace - iteration  192, ( 192,  0,  0), Obj 3.593822E+07, DensityWeight 2.230272E-09, wHPWL 6.206906E+07, Overflow 8.775396E-01, MaxDensity 1.086E+03, gamma 8.919628E+02, time 0.689ms
[INFO   ] DREAMPlace - full step 3.414 ms
[INFO   ] DREAMPlace - optimizer step 2.298 ms
[INFO   ] DREAMPlace - iteration  193, ( 193,  0,  0), Obj 3.507294E+07, DensityWeight 2.297020E-09, wHPWL 6.214765E+07, Overflow 8.773680E-01, MaxDensity 1.096E+03, gamma 8.922795E+02, time 0.736ms
[INFO   ] DREAMPlace - full step 3.527 ms
[INFO   ] DREAMPlace - optimizer step 2.285 ms
[INFO   ] DREAMPlace - iteration  194, ( 194,  0,  0), Obj 3.458552E+07, DensityWeight 2.385590E-09, wHPWL 6.303370E+07, Overflow 8.774473E-01, MaxDensity 1.057E+03, gamma 8.914965E+02, time 0.700ms
[INFO   ] DREAMPlace - full step 3.456 ms
[INFO   ] DREAMPlace - optimizer step 2.131 ms
[INFO   ] DREAMPlace - iteration  195, ( 195,  0,  0), Obj 3.364486E+07, DensityWeight 2.379626E-09, wHPWL 6.306920E+07, Overflow 8.775465E-01, MaxDensity 1.065E+03, gamma 8.918583E+02, time 0.671ms
[INFO   ] DREAMPlace - full step 3.268 ms
[INFO   ] DREAMPlace - optimizer step 8.851 ms
[INFO   ] DREAMPlace - iteration  196, ( 196,  0,  0), Obj 3.282233E+07, DensityWeight 2.486272E-09, wHPWL 6.317554E+07, Overflow 8.773531E-01, MaxDensity 1.048E+03, gamma 8.923110E+02, time 6.824ms
[INFO   ] DREAMPlace - full step 16.118 ms
[INFO   ] DREAMPlace - optimizer step 2.126 ms
[INFO   ] DREAMPlace - iteration  197, ( 197,  0,  0), Obj 3.221607E+07, DensityWeight 2.572172E-09, wHPWL 6.325474E+07, Overflow 8.772157E-01, MaxDensity 1.038E+03, gamma 8.914285E+02, time 0.676ms
[INFO   ] DREAMPlace - full step 3.239 ms
[INFO   ] DREAMPlace - optimizer step 2.126 ms
[INFO   ] DREAMPlace - iteration  198, ( 198,  0,  0), Obj 3.155189E+07, DensityWeight 2.671124E-09, wHPWL 6.315812E+07, Overflow 8.772113E-01, MaxDensity 1.005E+03, gamma 8.908019E+02, time 0.661ms
[INFO   ] DREAMPlace - full step 3.231 ms
[INFO   ] DREAMPlace - optimizer step 2.121 ms
[INFO   ] DREAMPlace - iteration  199, ( 199,  0,  0), Obj 3.104468E+07, DensityWeight 2.749416E-09, wHPWL 6.304332E+07, Overflow 8.775033E-01, MaxDensity 9.716E+02, gamma 8.907817E+02, time 0.678ms
[INFO   ] DREAMPlace - full step 3.237 ms
[INFO   ] DREAMPlace - plotting to gammalocal_results/nshuf/adaptec1/plot/iter0200.png takes 1.354 seconds
[INFO   ] DREAMPlace - optimizer step 7.396 ms
[INFO   ] DREAMPlace - iteration  200, ( 200,  0,  0), Obj 3.054011E+07, DensityWeight 2.829719E-09, wHPWL 6.282423E+07, Overflow 8.777860E-01, MaxDensity 9.307E+02, gamma 8.921139E+02, time 0.675ms
[INFO   ] DREAMPlace - full step 1363.447 ms
[INFO   ] DREAMPlace - gamma_local: mean(coef_net)/coef = 0.712 (norm=gamma, applied ratio 1.000)
[INFO   ] DREAMPlace - optimizer step 13.740 ms
[INFO   ] DREAMPlace - iteration  201, ( 201,  0,  0), Obj 3.008871E+07, DensityWeight 2.912077E-09, wHPWL 6.257762E+07, Overflow 8.780932E-01, MaxDensity 9.356E+02, gamma 8.934052E+02, time 5.550ms
[INFO   ] DREAMPlace - full step 19.867 ms
[INFO   ] DREAMPlace - optimizer step 2.228 ms
[INFO   ] DREAMPlace - iteration  202, ( 202,  0,  0), Obj 3.677112E+07, DensityWeight 2.996533E-09, wHPWL 6.232458E+07, Overflow 8.777882E-01, MaxDensity 9.775E+02, gamma 8.948107E+02, time 0.667ms
[INFO   ] DREAMPlace - full step 3.356 ms
[INFO   ] DREAMPlace - optimizer step 2.183 ms
[INFO   ] DREAMPlace - iteration  203, ( 203,  0,  0), Obj 3.590196E+07, DensityWeight 3.083432E-09, wHPWL 6.229327E+07, Overflow 8.774179E-01, MaxDensity 9.746E+02, gamma 8.934151E+02, time 0.686ms
[INFO   ] DREAMPlace - full step 3.324 ms
[INFO   ] DREAMPlace - optimizer step 2.170 ms
[INFO   ] DREAMPlace - iteration  204, ( 204,  0,  0), Obj 3.542300E+07, DensityWeight 3.172852E-09, wHPWL 6.310307E+07, Overflow 8.769909E-01, MaxDensity 9.439E+02, gamma 8.917242E+02, time 0.953ms
[INFO   ] DREAMPlace - full step 3.576 ms
[INFO   ] DREAMPlace - optimizer step 12.594 ms
[INFO   ] DREAMPlace - iteration  205, ( 205,  0,  0), Obj 3.442944E+07, DensityWeight 3.164920E-09, wHPWL 6.301913E+07, Overflow 8.770444E-01, MaxDensity 9.358E+02, gamma 8.897779E+02, time 2.155ms
[INFO   ] DREAMPlace - full step 15.206 ms
[INFO   ] DREAMPlace - optimizer step 7.367 ms
[INFO   ] DREAMPlace - iteration  206, ( 206,  0,  0), Obj 3.354480E+07, DensityWeight 3.256702E-09, wHPWL 6.300913E+07, Overflow 8.766036E-01, MaxDensity 9.268E+02, gamma 8.900214E+02, time 1.679ms
[INFO   ] DREAMPlace - full step 9.530 ms
[INFO   ] DREAMPlace - optimizer step 3.243 ms
[INFO   ] DREAMPlace - iteration  207, ( 207,  0,  0), Obj 3.288367E+07, DensityWeight 3.351147E-09, wHPWL 6.298900E+07, Overflow 8.764172E-01, MaxDensity 9.061E+02, gamma 8.880165E+02, time 9.620ms
[INFO   ] DREAMPlace - full step 13.326 ms
[INFO   ] DREAMPlace - optimizer step 2.224 ms
[INFO   ] DREAMPlace - iteration  208, ( 208,  0,  0), Obj 3.223524E+07, DensityWeight 3.448330E-09, wHPWL 6.290713E+07, Overflow 8.764085E-01, MaxDensity 8.936E+02, gamma 8.871697E+02, time 0.670ms
[INFO   ] DREAMPlace - full step 3.347 ms
[INFO   ] DREAMPlace - optimizer step 2.164 ms
[INFO   ] DREAMPlace - iteration  209, ( 209,  0,  0), Obj 3.167217E+07, DensityWeight 3.548332E-09, wHPWL 6.273843E+07, Overflow 8.769631E-01, MaxDensity 8.680E+02, gamma 8.871302E+02, time 0.663ms
[INFO   ] DREAMPlace - full step 3.276 ms
[INFO   ] DREAMPlace - optimizer step 2.130 ms
[INFO   ] DREAMPlace - iteration  210, ( 210,  0,  0), Obj 3.116896E+07, DensityWeight 3.651234E-09, wHPWL 6.255125E+07, Overflow 8.768007E-01, MaxDensity 8.844E+02, gamma 8.896511E+02, time 0.667ms
[INFO   ] DREAMPlace - full step 3.251 ms
[INFO   ] DREAMPlace - optimizer step 19.220 ms
[INFO   ] DREAMPlace - iteration  211, ( 211,  0,  0), Obj 3.076730E+07, DensityWeight 3.757120E-09, wHPWL 6.238394E+07, Overflow 8.767378E-01, MaxDensity 9.055E+02, gamma 8.889122E+02, time 1.823ms
[INFO   ] DREAMPlace - full step 21.492 ms
[INFO   ] DREAMPlace - optimizer step 9.945 ms
[INFO   ] DREAMPlace - iteration  212, ( 212,  0,  0), Obj 3.674413E+07, DensityWeight 3.866076E-09, wHPWL 6.209304E+07, Overflow 8.766232E-01, MaxDensity 9.232E+02, gamma 8.886263E+02, time 5.589ms
[INFO   ] DREAMPlace - full step 15.989 ms
[INFO   ] DREAMPlace - optimizer step 12.809 ms
[INFO   ] DREAMPlace - iteration  213, ( 213,  0,  0), Obj 3.605014E+07, DensityWeight 3.978193E-09, wHPWL 6.231553E+07, Overflow 8.768406E-01, MaxDensity 8.894E+02, gamma 8.881052E+02, time 5.680ms
[INFO   ] DREAMPlace - full step 18.966 ms
[INFO   ] DREAMPlace - optimizer step 2.280 ms
[INFO   ] DREAMPlace - iteration  214, ( 214,  0,  0), Obj 3.552606E+07, DensityWeight 4.049541E-09, wHPWL 6.311945E+07, Overflow 8.767028E-01, MaxDensity 8.291E+02, gamma 8.890938E+02, time 0.667ms
[INFO   ] DREAMPlace - full step 3.399 ms
[INFO   ] DREAMPlace - optimizer step 2.232 ms
[INFO   ] DREAMPlace - iteration  215, ( 215,  0,  0), Obj 3.457269E+07, DensityWeight 4.039417E-09, wHPWL 6.311540E+07, Overflow 8.765053E-01, MaxDensity 8.135E+02, gamma 8.884671E+02, time 0.680ms
[INFO   ] DREAMPlace - full step 3.362 ms
[INFO   ] DREAMPlace - optimizer step 2.143 ms
[INFO   ] DREAMPlace - iteration  216, ( 216,  0,  0), Obj 3.367690E+07, DensityWeight 4.156560E-09, wHPWL 6.315696E+07, Overflow 8.767995E-01, MaxDensity 7.774E+02, gamma 8.875698E+02, time 0.668ms
[INFO   ] DREAMPlace - full step 3.274 ms
[INFO   ] DREAMPlace - optimizer step 2.258 ms
[INFO   ] DREAMPlace - iteration  217, ( 217,  0,  0), Obj 3.301931E+07, DensityWeight 4.339173E-09, wHPWL 6.318892E+07, Overflow 8.769467E-01, MaxDensity 7.862E+02, gamma 8.889069E+02, time 0.671ms
[INFO   ] DREAMPlace - full step 3.378 ms
[INFO   ] DREAMPlace - optimizer step 14.623 ms
[INFO   ] DREAMPlace - iteration  218, ( 218,  0,  0), Obj 3.233392E+07, DensityWeight 4.535881E-09, wHPWL 6.307879E+07, Overflow 8.775625E-01, MaxDensity 8.144E+02, gamma 8.895764E+02, time 1.683ms
[INFO   ] DREAMPlace - full step 16.778 ms
[INFO   ] DREAMPlace - optimizer step 6.796 ms
[INFO   ] DREAMPlace - iteration  219, ( 219,  0,  0), Obj 3.181468E+07, DensityWeight 4.667422E-09, wHPWL 6.299861E+07, Overflow 8.778974E-01, MaxDensity 8.305E+02, gamma 8.923842E+02, time 1.968ms
[INFO   ] DREAMPlace - full step 9.291 ms
[INFO   ] DREAMPlace - optimizer step 2.454 ms
[INFO   ] DREAMPlace - iteration  220, ( 220,  0,  0), Obj 3.128106E+07, DensityWeight 4.802777E-09, wHPWL 6.275824E+07, Overflow 8.783121E-01, MaxDensity 8.482E+02, gamma 8.939148E+02, time 3.481ms
[INFO   ] DREAMPlace - full step 6.428 ms
[INFO   ] DREAMPlace - optimizer step 2.198 ms
[INFO   ] DREAMPlace - iteration  221, ( 221,  0,  0), Obj 3.082439E+07, DensityWeight 4.942057E-09, wHPWL 6.255140E+07, Overflow 8.783221E-01, MaxDensity 8.542E+02, gamma 8.958132E+02, time 0.681ms
[INFO   ] DREAMPlace - full step 3.327 ms
[INFO   ] DREAMPlace - optimizer step 2.150 ms
[INFO   ] DREAMPlace - iteration  222, ( 222,  0,  0), Obj 3.739408E+07, DensityWeight 5.085377E-09, wHPWL 6.226891E+07, Overflow 8.784225E-01, MaxDensity 8.526E+02, gamma 8.958591E+02, time 0.667ms
[INFO   ] DREAMPlace - full step 3.257 ms
[INFO   ] DREAMPlace - optimizer step 2.176 ms
[INFO   ] DREAMPlace - iteration  223, ( 223,  0,  0), Obj 3.627038E+07, DensityWeight 5.232854E-09, wHPWL 6.179498E+07, Overflow 8.789964E-01, MaxDensity 8.220E+02, gamma 8.963195E+02, time 0.685ms
[INFO   ] DREAMPlace - full step 3.296 ms
[INFO   ] DREAMPlace - optimizer step 6.609 ms
[INFO   ] DREAMPlace - iteration  224, ( 224,  0,  0), Obj 3.589544E+07, DensityWeight 5.384607E-09, wHPWL 6.270866E+07, Overflow 8.789180E-01, MaxDensity 7.696E+02, gamma 8.989558E+02, time 10.063ms
[INFO   ] DREAMPlace - full step 17.124 ms
[INFO   ] DREAMPlace - optimizer step 8.685 ms
[INFO   ] DREAMPlace - iteration  225, ( 225,  0,  0), Obj 3.488831E+07, DensityWeight 5.371145E-09, wHPWL 6.260692E+07, Overflow 8.790548E-01, MaxDensity 7.583E+02, gamma 8.985952E+02, time 4.205ms
[INFO   ] DREAMPlace - full step 13.441 ms
[INFO   ] DREAMPlace - optimizer step 5.531 ms
[INFO   ] DREAMPlace - iteration  226, ( 226,  0,  0), Obj 3.401658E+07, DensityWeight 5.526908E-09, wHPWL 6.264795E+07, Overflow 8.794152E-01, MaxDensity 7.708E+02, gamma 8.992246E+02, time 3.153ms
[INFO   ] DREAMPlace - full step 9.128 ms
[INFO   ] DREAMPlace - optimizer step 7.381 ms
[INFO   ] DREAMPlace - iteration  227, ( 227,  0,  0), Obj 3.336071E+07, DensityWeight 5.770154E-09, wHPWL 6.264663E+07, Overflow 8.799014E-01, MaxDensity 7.874E+02, gamma 9.008839E+02, time 7.303ms
[INFO   ] DREAMPlace - full step 15.127 ms
[INFO   ] DREAMPlace - optimizer step 2.488 ms
[INFO   ] DREAMPlace - iteration  228, ( 228,  0,  0), Obj 3.265998E+07, DensityWeight 5.937488E-09, wHPWL 6.254108E+07, Overflow 8.795671E-01, MaxDensity 7.766E+02, gamma 9.031282E+02, time 0.666ms
[INFO   ] DREAMPlace - full step 3.595 ms
[INFO   ] DREAMPlace - optimizer step 2.183 ms
[INFO   ] DREAMPlace - iteration  229, ( 229,  0,  0), Obj 3.212538E+07, DensityWeight 6.109676E-09, wHPWL 6.243051E+07, Overflow 8.797722E-01, MaxDensity 7.975E+02, gamma 9.015850E+02, time 0.667ms
[INFO   ] DREAMPlace - full step 3.305 ms
[INFO   ] DREAMPlace - optimizer step 2.177 ms
[INFO   ] DREAMPlace - iteration  230, ( 230,  0,  0), Obj 3.162063E+07, DensityWeight 6.286857E-09, wHPWL 6.225413E+07, Overflow 8.794349E-01, MaxDensity 7.867E+02, gamma 9.025315E+02, time 0.671ms
[INFO   ] DREAMPlace - full step 3.300 ms
[INFO   ] DREAMPlace - optimizer step 2.577 ms
[INFO   ] DREAMPlace - iteration  231, ( 231,  0,  0), Obj 3.118039E+07, DensityWeight 6.469176E-09, wHPWL 6.206310E+07, Overflow 8.794054E-01, MaxDensity 8.170E+02, gamma 9.009752E+02, time 1.806ms
[INFO   ] DREAMPlace - full step 4.827 ms
[INFO   ] DREAMPlace - optimizer step 2.169 ms
[INFO   ] DREAMPlace - iteration  232, ( 232,  0,  0), Obj 3.654688E+07, DensityWeight 6.656782E-09, wHPWL 6.176507E+07, Overflow 8.800710E-01, MaxDensity 8.439E+02, gamma 9.008389E+02, time 0.693ms
[INFO   ] DREAMPlace - full step 3.314 ms
[INFO   ] DREAMPlace - optimizer step 2.177 ms
[INFO   ] DREAMPlace - iteration  233, ( 233,  0,  0), Obj 3.560773E+07, DensityWeight 6.849829E-09, wHPWL 6.157122E+07, Overflow 8.803914E-01, MaxDensity 8.078E+02, gamma 9.039123E+02, time 0.655ms
[INFO   ] DREAMPlace - full step 3.285 ms
[INFO   ] DREAMPlace - optimizer step 2.467 ms
[INFO   ] DREAMPlace - iteration  234, ( 234,  0,  0), Obj 3.523493E+07, DensityWeight 7.048475E-09, wHPWL 6.259002E+07, Overflow 8.801362E-01, MaxDensity 7.609E+02, gamma 9.053951E+02, time 0.798ms
[INFO   ] DREAMPlace - full step 3.747 ms
[INFO   ] DREAMPlace - optimizer step 2.140 ms
[INFO   ] DREAMPlace - iteration  235, ( 235,  0,  0), Obj 3.430781E+07, DensityWeight 7.030853E-09, wHPWL 6.258101E+07, Overflow 8.805344E-01, MaxDensity 7.605E+02, gamma 9.042137E+02, time 0.660ms
[INFO   ] DREAMPlace - full step 3.248 ms
[INFO   ] DREAMPlace - optimizer step 2.541 ms
[INFO   ] DREAMPlace - iteration  236, ( 236,  0,  0), Obj 3.341586E+07, DensityWeight 7.234748E-09, wHPWL 6.266338E+07, Overflow 8.803770E-01, MaxDensity 7.327E+02, gamma 9.060576E+02, time 0.658ms
[INFO   ] DREAMPlace - full step 3.642 ms
[INFO   ] DREAMPlace - optimizer step 2.236 ms
[INFO   ] DREAMPlace - iteration  237, ( 237,  0,  0), Obj 3.279106E+07, DensityWeight 7.509755E-09, wHPWL 6.272192E+07, Overflow 8.803706E-01, MaxDensity 7.216E+02, gamma 9.053286E+02, time 0.659ms
[INFO   ] DREAMPlace - full step 3.344 ms
[INFO   ] DREAMPlace - optimizer step 2.167 ms
[INFO   ] DREAMPlace - iteration  238, ( 238,  0,  0), Obj 3.212051E+07, DensityWeight 7.821161E-09, wHPWL 6.269239E+07, Overflow 8.798485E-01, MaxDensity 7.177E+02, gamma 9.052992E+02, time 0.654ms
[INFO   ] DREAMPlace - full step 3.275 ms
[INFO   ] DREAMPlace - optimizer step 2.187 ms
[INFO   ] DREAMPlace - iteration  239, ( 239,  0,  0), Obj 3.159969E+07, DensityWeight 8.047976E-09, wHPWL 6.261255E+07, Overflow 8.797414E-01, MaxDensity 7.741E+02, gamma 9.028839E+02, time 0.653ms
[INFO   ] DREAMPlace - full step 3.280 ms
[INFO   ] DREAMPlace - plotting to gammalocal_results/nshuf/adaptec1/plot/iter0240.png takes 1.359 seconds
[INFO   ] DREAMPlace - optimizer step 3.735 ms
[INFO   ] DREAMPlace - iteration  240, ( 240,  0,  0), Obj 3.109986E+07, DensityWeight 8.281368E-09, wHPWL 6.248605E+07, Overflow 8.797147E-01, MaxDensity 8.074E+02, gamma 9.023888E+02, time 0.660ms
[INFO   ] DREAMPlace - full step 1364.601 ms
[INFO   ] DREAMPlace - optimizer step 2.177 ms
[INFO   ] DREAMPlace - iteration  241, ( 241,  0,  0), Obj 3.066101E+07, DensityWeight 8.521527E-09, wHPWL 6.231262E+07, Overflow 8.797802E-01, MaxDensity 8.144E+02, gamma 9.022658E+02, time 0.726ms
[INFO   ] DREAMPlace - full step 3.409 ms
[INFO   ] DREAMPlace - optimizer step 2.145 ms
[INFO   ] DREAMPlace - iteration  242, ( 242,  0,  0), Obj 3.638708E+07, DensityWeight 8.768652E-09, wHPWL 6.206789E+07, Overflow 8.797820E-01, MaxDensity 7.845E+02, gamma 9.025685E+02, time 0.669ms
[INFO   ] DREAMPlace - full step 3.303 ms
[INFO   ] DREAMPlace - optimizer step 3.646 ms
[INFO   ] DREAMPlace - iteration  243, ( 243,  0,  0), Obj 3.545075E+07, DensityWeight 9.022944E-09, wHPWL 6.190030E+07, Overflow 8.795581E-01, MaxDensity 7.506E+02, gamma 9.025763E+02, time 0.758ms
[INFO   ] DREAMPlace - full step 4.893 ms
[INFO   ] DREAMPlace - optimizer step 2.126 ms
[INFO   ] DREAMPlace - iteration  244, ( 244,  0,  0), Obj 3.510856E+07, DensityWeight 9.284610E-09, wHPWL 6.293550E+07, Overflow 8.785967E-01, MaxDensity 7.128E+02, gamma 9.015435E+02, time 0.801ms
[INFO   ] DREAMPlace - full step 3.369 ms
[INFO   ] DREAMPlace - optimizer step 2.248 ms
[INFO   ] DREAMPlace - iteration  245, ( 245,  0,  0), Obj 3.414261E+07, DensityWeight 9.261398E-09, wHPWL 6.285926E+07, Overflow 8.781574E-01, MaxDensity 7.432E+02, gamma 8.971190E+02, time 0.666ms
[INFO   ] DREAMPlace - full step 3.365 ms
[INFO   ] DREAMPlace - optimizer step 17.144 ms
[INFO   ] DREAMPlace - iteration  246, ( 246,  0,  0), Obj 3.331757E+07, DensityWeight 9.529979E-09, wHPWL 6.296894E+07, Overflow 8.777946E-01, MaxDensity 7.605E+02, gamma 8.951049E+02, time 8.121ms
[INFO   ] DREAMPlace - full step 25.728 ms
[INFO   ] DREAMPlace - optimizer step 15.228 ms
[INFO   ] DREAMPlace - iteration  247, ( 247,  0,  0), Obj 3.270346E+07, DensityWeight 9.854642E-09, wHPWL 6.300968E+07, Overflow 8.775042E-01, MaxDensity 7.476E+02, gamma 8.934443E+02, time 8.076ms
[INFO   ] DREAMPlace - full step 23.757 ms
[INFO   ] DREAMPlace - optimizer step 2.213 ms
[INFO   ] DREAMPlace - iteration  248, ( 248,  0,  0), Obj 3.205088E+07, DensityWeight 1.028878E-08, wHPWL 6.294712E+07, Overflow 8.771198E-01, MaxDensity 7.551E+02, gamma 8.921179E+02, time 0.684ms
[INFO   ] DREAMPlace - full step 3.340 ms
[INFO   ] DREAMPlace - optimizer step 2.923 ms
[INFO   ] DREAMPlace - iteration  249, ( 249,  0,  0), Obj 3.150024E+07, DensityWeight 1.058716E-08, wHPWL 6.281610E+07, Overflow 8.767733E-01, MaxDensity 7.498E+02, gamma 8.903647E+02, time 3.497ms
[INFO   ] DREAMPlace - full step 6.874 ms
[INFO   ] DREAMPlace - optimizer step 2.164 ms
[INFO   ] DREAMPlace - iteration  250, ( 250,  0,  0), Obj 3.101958E+07, DensityWeight 1.089418E-08, wHPWL 6.266478E+07, Overflow 8.764219E-01, MaxDensity 7.157E+02, gamma 8.887876E+02, time 0.666ms
[INFO   ] DREAMPlace - full step 3.267 ms
[INFO   ] DREAMPlace - optimizer step 2.168 ms
[INFO   ] DREAMPlace - iteration  251, ( 251,  0,  0), Obj 3.057444E+07, DensityWeight 1.121012E-08, wHPWL 6.248334E+07, Overflow 8.762752E-01, MaxDensity 7.184E+02, gamma 8.871907E+02, time 0.666ms
[INFO   ] DREAMPlace - full step 3.286 ms
[INFO   ] DREAMPlace - optimizer step 2.214 ms
[INFO   ] DREAMPlace - iteration  252, ( 252,  0,  0), Obj 3.623068E+07, DensityWeight 1.153521E-08, wHPWL 6.224212E+07, Overflow 8.763045E-01, MaxDensity 7.549E+02, gamma 8.865253E+02, time 0.660ms
[INFO   ] DREAMPlace - full step 3.306 ms
[INFO   ] DREAMPlace - optimizer step 2.171 ms
[INFO   ] DREAMPlace - iteration  253, ( 253,  0,  0), Obj 3.546259E+07, DensityWeight 1.186973E-08, wHPWL 6.239984E+07, Overflow 8.762031E-01, MaxDensity 7.600E+02, gamma 8.866583E+02, time 0.665ms
[INFO   ] DREAMPlace - full step 3.307 ms
[INFO   ] DREAMPlace - optimizer step 2.139 ms
[INFO   ] DREAMPlace - iteration  254, ( 254,  0,  0), Obj 3.504952E+07, DensityWeight 1.219218E-08, wHPWL 6.340622E+07, Overflow 8.756084E-01, MaxDensity 7.382E+02, gamma 8.861983E+02, time 0.670ms
[INFO   ] DREAMPlace - full step 3.256 ms
[INFO   ] DREAMPlace - optimizer step 2.197 ms
[INFO   ] DREAMPlace - iteration  255, ( 255,  0,  0), Obj 3.412900E+07, DensityWeight 1.216170E-08, wHPWL 6.341623E+07, Overflow 8.753161E-01, MaxDensity 7.219E+02, gamma 8.835059E+02, time 0.663ms
[INFO   ] DREAMPlace - full step 3.298 ms
[INFO   ] DREAMPlace - optimizer step 2.151 ms
[INFO   ] DREAMPlace - iteration  256, ( 256,  0,  0), Obj 3.326645E+07, DensityWeight 1.275197E-08, wHPWL 6.347955E+07, Overflow 8.751310E-01, MaxDensity 6.757E+02, gamma 8.821858E+02, time 0.657ms
[INFO   ] DREAMPlace - full step 3.251 ms
[INFO   ] DREAMPlace - optimizer step 2.167 ms
[INFO   ] DREAMPlace - iteration  257, ( 257,  0,  0), Obj 3.267392E+07, DensityWeight 1.327190E-08, wHPWL 6.356012E+07, Overflow 8.750016E-01, MaxDensity 6.820E+02, gamma 8.813502E+02, time 0.665ms
[INFO   ] DREAMPlace - full step 3.278 ms
[INFO   ] DREAMPlace - optimizer step 2.241 ms
[INFO   ] DREAMPlace - iteration  258, ( 258,  0,  0), Obj 3.199360E+07, DensityWeight 1.377985E-08, wHPWL 6.345229E+07, Overflow 8.745980E-01, MaxDensity 6.651E+02, gamma 8.807670E+02, time 0.654ms
[INFO   ] DREAMPlace - full step 3.351 ms
[INFO   ] DREAMPlace - optimizer step 2.194 ms
[INFO   ] DREAMPlace - iteration  259, ( 259,  0,  0), Obj 3.150106E+07, DensityWeight 1.417946E-08, wHPWL 6.336198E+07, Overflow 8.745612E-01, MaxDensity 6.197E+02, gamma 8.789496E+02, time 0.663ms
[INFO   ] DREAMPlace - full step 3.310 ms
[INFO   ] DREAMPlace - optimizer step 2.171 ms
[INFO   ] DREAMPlace - iteration  260, ( 260,  0,  0), Obj 3.098328E+07, DensityWeight 1.459067E-08, wHPWL 6.314758E+07, Overflow 8.742923E-01, MaxDensity 6.458E+02, gamma 8.787842E+02, time 0.693ms
[INFO   ] DREAMPlace - full step 3.309 ms
[INFO   ] DREAMPlace - optimizer step 2.147 ms
[INFO   ] DREAMPlace - iteration  261, ( 261,  0,  0), Obj 3.055944E+07, DensityWeight 1.501380E-08, wHPWL 6.293125E+07, Overflow 8.740282E-01, MaxDensity 6.889E+02, gamma 8.775757E+02, time 0.683ms
[INFO   ] DREAMPlace - full step 3.274 ms
[INFO   ] DREAMPlace - optimizer step 2.179 ms
[INFO   ] DREAMPlace - iteration  262, ( 262,  0,  0), Obj 3.756819E+07, DensityWeight 1.544920E-08, wHPWL 6.265656E+07, Overflow 8.739728E-01, MaxDensity 7.044E+02, gamma 8.763911E+02, time 4.306ms
[INFO   ] DREAMPlace - full step 6.928 ms
[INFO   ] DREAMPlace - optimizer step 2.308 ms
[INFO   ] DREAMPlace - iteration  263, ( 263,  0,  0), Obj 3.664934E+07, DensityWeight 1.589723E-08, wHPWL 6.252308E+07, Overflow 8.736781E-01, MaxDensity 6.823E+02, gamma 8.761422E+02, time 5.658ms
[INFO   ] DREAMPlace - full step 8.410 ms
[INFO   ] DREAMPlace - optimizer step 2.127 ms
[INFO   ] DREAMPlace - iteration  264, ( 264,  0,  0), Obj 3.617804E+07, DensityWeight 1.635825E-08, wHPWL 6.335829E+07, Overflow 8.732812E-01, MaxDensity 6.494E+02, gamma 8.748223E+02, time 0.673ms
[INFO   ] DREAMPlace - full step 3.271 ms
[INFO   ] DREAMPlace - optimizer step 2.103 ms
[INFO   ] DREAMPlace - iteration  265, ( 265,  0,  0), Obj 3.515826E+07, DensityWeight 1.631735E-08, wHPWL 6.325524E+07, Overflow 8.734111E-01, MaxDensity 6.529E+02, gamma 8.730471E+02, time 0.671ms
[INFO   ] DREAMPlace - full step 3.222 ms
[INFO   ] DREAMPlace - optimizer step 2.551 ms
[INFO   ] DREAMPlace - iteration  266, ( 266,  0,  0), Obj 3.426099E+07, DensityWeight 1.679055E-08, wHPWL 6.325198E+07, Overflow 8.731037E-01, MaxDensity 6.342E+02, gamma 8.736277E+02, time 7.817ms
[INFO   ] DREAMPlace - full step 10.836 ms
[INFO   ] DREAMPlace - optimizer step 2.134 ms
[INFO   ] DREAMPlace - iteration  267, ( 267,  0,  0), Obj 3.361126E+07, DensityWeight 1.727748E-08, wHPWL 6.324757E+07, Overflow 8.728928E-01, MaxDensity 6.553E+02, gamma 8.722550E+02, time 0.685ms
[INFO   ] DREAMPlace - full step 3.275 ms
[INFO   ] DREAMPlace - optimizer step 2.138 ms
[INFO   ] DREAMPlace - iteration  268, ( 268,  0,  0), Obj 3.290863E+07, DensityWeight 1.777853E-08, wHPWL 6.308711E+07, Overflow 8.731469E-01, MaxDensity 6.488E+02, gamma 8.713138E+02, time 0.654ms
[INFO   ] DREAMPlace - full step 3.250 ms
[INFO   ] DREAMPlace - optimizer step 2.145 ms
[INFO   ] DREAMPlace - iteration  269, ( 269,  0,  0), Obj 3.235749E+07, DensityWeight 1.829411E-08, wHPWL 6.294064E+07, Overflow 8.726347E-01, MaxDensity 6.227E+02, gamma 8.724475E+02, time 0.660ms
[INFO   ] DREAMPlace - full step 3.261 ms
[INFO   ] DREAMPlace - optimizer step 2.116 ms
[INFO   ] DREAMPlace - iteration  270, ( 270,  0,  0), Obj 3.184399E+07, DensityWeight 1.882464E-08, wHPWL 6.273232E+07, Overflow 8.731137E-01, MaxDensity 5.874E+02, gamma 8.701642E+02, time 0.665ms
[INFO   ] DREAMPlace - full step 3.215 ms
[INFO   ] DREAMPlace - optimizer step 2.199 ms
[INFO   ] DREAMPlace - iteration  271, ( 271,  0,  0), Obj 3.138395E+07, DensityWeight 1.937055E-08, wHPWL 6.250462E+07, Overflow 8.731169E-01, MaxDensity 6.277E+02, gamma 8.722995E+02, time 1.940ms
[INFO   ] DREAMPlace - full step 4.596 ms
[INFO   ] DREAMPlace - optimizer step 2.156 ms
[INFO   ] DREAMPlace - iteration  272, ( 272,  0,  0), Obj 3.743691E+07, DensityWeight 1.993230E-08, wHPWL 6.223431E+07, Overflow 8.731629E-01, MaxDensity 6.322E+02, gamma 8.723135E+02, time 0.656ms
[INFO   ] DREAMPlace - full step 3.253 ms
[INFO   ] DREAMPlace - optimizer step 2.153 ms
[INFO   ] DREAMPlace - iteration  273, ( 273,  0,  0), Obj 3.666887E+07, DensityWeight 2.051034E-08, wHPWL 6.231601E+07, Overflow 8.734764E-01, MaxDensity 5.911E+02, gamma 8.725189E+02, time 2.837ms
[INFO   ] DREAMPlace - full step 5.446 ms
[INFO   ] DREAMPlace - optimizer step 2.191 ms
[INFO   ] DREAMPlace - iteration  274, ( 274,  0,  0), Obj 3.622552E+07, DensityWeight 2.129197E-08, wHPWL 6.323466E+07, Overflow 8.733742E-01, MaxDensity 5.659E+02, gamma 8.739198E+02, time 2.760ms
[INFO   ] DREAMPlace - full step 5.400 ms
[INFO   ] DREAMPlace - optimizer step 2.136 ms
[INFO   ] DREAMPlace - iteration  275, ( 275,  0,  0), Obj 3.524268E+07, DensityWeight 2.123874E-08, wHPWL 6.318402E+07, Overflow 8.732420E-01, MaxDensity 5.765E+02, gamma 8.734627E+02, time 0.663ms
[INFO   ] DREAMPlace - full step 3.237 ms
[INFO   ] DREAMPlace - optimizer step 2.107 ms
[INFO   ] DREAMPlace - iteration  276, ( 276,  0,  0), Obj 3.434717E+07, DensityWeight 2.185467E-08, wHPWL 6.325432E+07, Overflow 8.726688E-01, MaxDensity 5.628E+02, gamma 8.728724E+02, time 0.700ms
[INFO   ] DREAMPlace - full step 3.249 ms
[INFO   ] DREAMPlace - optimizer step 2.136 ms
[INFO   ] DREAMPlace - iteration  277, ( 277,  0,  0), Obj 3.368522E+07, DensityWeight 2.272361E-08, wHPWL 6.324942E+07, Overflow 8.724608E-01, MaxDensity 5.871E+02, gamma 8.703159E+02, time 0.661ms
[INFO   ] DREAMPlace - full step 3.254 ms
[INFO   ] DREAMPlace - optimizer step 2.192 ms
[INFO   ] DREAMPlace - iteration  278, ( 278,  0,  0), Obj 3.298819E+07, DensityWeight 2.338260E-08, wHPWL 6.317801E+07, Overflow 8.723861E-01, MaxDensity 6.211E+02, gamma 8.693904E+02, time 0.655ms
[INFO   ] DREAMPlace - full step 3.322 ms
[INFO   ] DREAMPlace - optimizer step 2.129 ms
[INFO   ] DREAMPlace - iteration  279, ( 279,  0,  0), Obj 3.244248E+07, DensityWeight 2.406070E-08, wHPWL 6.307073E+07, Overflow 8.722695E-01, MaxDensity 6.418E+02, gamma 8.690577E+02, time 0.658ms
[INFO   ] DREAMPlace - full step 3.237 ms
[INFO   ] DREAMPlace - plotting to gammalocal_results/nshuf/adaptec1/plot/iter0280.png takes 1.351 seconds
[INFO   ] DREAMPlace - optimizer step 3.927 ms
[INFO   ] DREAMPlace - iteration  280, ( 280,  0,  0), Obj 3.192607E+07, DensityWeight 2.475846E-08, wHPWL 6.290758E+07, Overflow 8.726439E-01, MaxDensity 6.381E+02, gamma 8.685394E+02, time 0.659ms
[INFO   ] DREAMPlace - full step 1357.644 ms
[INFO   ] DREAMPlace - optimizer step 2.227 ms
[INFO   ] DREAMPlace - iteration  281, ( 281,  0,  0), Obj 3.146014E+07, DensityWeight 2.547645E-08, wHPWL 6.268980E+07, Overflow 8.725340E-01, MaxDensity 6.151E+02, gamma 8.702053E+02, time 0.718ms
[INFO   ] DREAMPlace - full step 3.507 ms
[INFO   ] DREAMPlace - optimizer step 2.168 ms
[INFO   ] DREAMPlace - iteration  282, ( 282,  0,  0), Obj 3.632758E+07, DensityWeight 2.621527E-08, wHPWL 6.243410E+07, Overflow 8.728010E-01, MaxDensity 5.703E+02, gamma 8.697159E+02, time 0.655ms
[INFO   ] DREAMPlace - full step 3.293 ms
[INFO   ] DREAMPlace - optimizer step 2.166 ms
[INFO   ] DREAMPlace - iteration  283, ( 283,  0,  0), Obj 3.565740E+07, DensityWeight 2.697552E-08, wHPWL 6.264135E+07, Overflow 8.735355E-01, MaxDensity 5.541E+02, gamma 8.709048E+02, time 0.662ms
[INFO   ] DREAMPlace - full step 3.279 ms
[INFO   ] DREAMPlace - optimizer step 2.161 ms
[INFO   ] DREAMPlace - iteration  284, ( 284,  0,  0), Obj 3.519630E+07, DensityWeight 2.751767E-08, wHPWL 6.360853E+07, Overflow 8.734997E-01, MaxDensity 5.432E+02, gamma 8.741843E+02, time 0.664ms
[INFO   ] DREAMPlace - full step 3.273 ms
[INFO   ] DREAMPlace - optimizer step 2.169 ms
[INFO   ] DREAMPlace - iteration  285, ( 285,  0,  0), Obj 3.435265E+07, DensityWeight 2.744887E-08, wHPWL 6.377017E+07, Overflow 8.725996E-01, MaxDensity 5.283E+02, gamma 8.740240E+02, time 0.682ms
[INFO   ] DREAMPlace - full step 3.301 ms
[INFO   ] DREAMPlace - optimizer step 2.142 ms
[INFO   ] DREAMPlace - iteration  286, ( 286,  0,  0), Obj 3.348040E+07, DensityWeight 2.817914E-08, wHPWL 6.390484E+07, Overflow 8.723729E-01, MaxDensity 4.974E+02, gamma 8.700080E+02, time 0.665ms
[INFO   ] DREAMPlace - full step 3.255 ms
[INFO   ] DREAMPlace - optimizer step 2.151 ms
[INFO   ] DREAMPlace - iteration  287, ( 287,  0,  0), Obj 3.288454E+07, DensityWeight 2.903784E-08, wHPWL 6.401838E+07, Overflow 8.720375E-01, MaxDensity 4.693E+02, gamma 8.689994E+02, time 0.648ms
[INFO   ] DREAMPlace - full step 3.282 ms
[INFO   ] DREAMPlace - optimizer step 2.113 ms
[INFO   ] DREAMPlace - iteration  288, ( 288,  0,  0), Obj 3.224109E+07, DensityWeight 3.001095E-08, wHPWL 6.402770E+07, Overflow 8.721954E-01, MaxDensity 4.878E+02, gamma 8.675090E+02, time 0.651ms
[INFO   ] DREAMPlace - full step 3.230 ms
[INFO   ] DREAMPlace - optimizer step 2.097 ms
[INFO   ] DREAMPlace - iteration  289, ( 289,  0,  0), Obj 3.170787E+07, DensityWeight 3.147055E-08, wHPWL 6.391133E+07, Overflow 8.723317E-01, MaxDensity 5.296E+02, gamma 8.682103E+02, time 0.654ms
[INFO   ] DREAMPlace - full step 3.191 ms
[INFO   ] DREAMPlace - optimizer step 2.116 ms
[INFO   ] DREAMPlace - iteration  290, ( 290,  0,  0), Obj 3.120551E+07, DensityWeight 3.238319E-08, wHPWL 6.373771E+07, Overflow 8.727670E-01, MaxDensity 5.455E+02, gamma 8.688163E+02, time 0.650ms
[INFO   ] DREAMPlace - full step 3.217 ms
[INFO   ] DREAMPlace - optimizer step 2.099 ms
[INFO   ] DREAMPlace - iteration  291, ( 291,  0,  0), Obj 3.076633E+07, DensityWeight 3.332230E-08, wHPWL 6.351112E+07, Overflow 8.726618E-01, MaxDensity 5.552E+02, gamma 8.707534E+02, time 0.664ms
[INFO   ] DREAMPlace - full step 3.207 ms
[INFO   ] DREAMPlace - optimizer step 2.119 ms
[INFO   ] DREAMPlace - iteration  292, ( 292,  0,  0), Obj 3.554589E+07, DensityWeight 3.428865E-08, wHPWL 6.324370E+07, Overflow 8.726231E-01, MaxDensity 5.546E+02, gamma 8.702848E+02, time 0.654ms
[INFO   ] DREAMPlace - full step 3.209 ms
[INFO   ] DREAMPlace - optimizer step 2.100 ms
[INFO   ] DREAMPlace - iteration  293, ( 293,  0,  0), Obj 3.493109E+07, DensityWeight 3.528303E-08, wHPWL 6.356745E+07, Overflow 8.725275E-01, MaxDensity 5.029E+02, gamma 8.701124E+02, time 0.658ms
[INFO   ] DREAMPlace - full step 3.209 ms
[INFO   ] DREAMPlace - optimizer step 2.161 ms
[INFO   ] DREAMPlace - iteration  294, ( 294,  0,  0), Obj 3.436826E+07, DensityWeight 3.541236E-08, wHPWL 6.445527E+07, Overflow 8.721502E-01, MaxDensity 4.563E+02, gamma 8.696871E+02, time 0.655ms
[INFO   ] DREAMPlace - full step 3.267 ms
[INFO   ] DREAMPlace - optimizer step 2.155 ms
[INFO   ] DREAMPlace - iteration  295, ( 295,  0,  0), Obj 3.360503E+07, DensityWeight 3.532383E-08, wHPWL 6.475048E+07, Overflow 8.719512E-01, MaxDensity 4.676E+02, gamma 8.680098E+02, time 0.649ms
[INFO   ] DREAMPlace - full step 3.260 ms
[INFO   ] DREAMPlace - optimizer step 2.158 ms
[INFO   ] DREAMPlace - iteration  296, ( 296,  0,  0), Obj 3.273991E+07, DensityWeight 3.559465E-08, wHPWL 6.489608E+07, Overflow 8.722754E-01, MaxDensity 4.475E+02, gamma 8.671261E+02, time 0.669ms
[INFO   ] DREAMPlace - full step 3.268 ms
[INFO   ] DREAMPlace - optimizer step 2.132 ms
[INFO   ] DREAMPlace - iteration  297, ( 297,  0,  0), Obj 3.222506E+07, DensityWeight 3.662347E-08, wHPWL 6.510671E+07, Overflow 8.719838E-01, MaxDensity 4.462E+02, gamma 8.685657E+02, time 0.661ms
[INFO   ] DREAMPlace - full step 3.237 ms
[INFO   ] DREAMPlace - optimizer step 2.133 ms
[INFO   ] DREAMPlace - iteration  298, ( 298,  0,  0), Obj 3.157200E+07, DensityWeight 3.734192E-08, wHPWL 6.507022E+07, Overflow 8.717934E-01, MaxDensity 4.404E+02, gamma 8.672708E+02, time 0.644ms
[INFO   ] DREAMPlace - full step 3.244 ms
[INFO   ] DREAMPlace - optimizer step 2.486 ms
[INFO   ] DREAMPlace - iteration  299, ( 299,  0,  0), Obj 3.110105E+07, DensityWeight 3.842484E-08, wHPWL 6.499398E+07, Overflow 8.717402E-01, MaxDensity 4.393E+02, gamma 8.664262E+02, time 1.468ms
[INFO   ] DREAMPlace - full step 4.414 ms
[INFO   ] DREAMPlace - optimizer step 2.133 ms
[INFO   ] DREAMPlace - iteration  300, ( 300,  0,  0), Obj 3.061761E+07, DensityWeight 3.953916E-08, wHPWL 6.480551E+07, Overflow 8.717340E-01, MaxDensity 4.521E+02, gamma 8.661904E+02, time 0.654ms
[INFO   ] DREAMPlace - full step 3.238 ms
[INFO   ] DREAMPlace - gamma_local: mean(coef_net)/coef = 0.962 (norm=gamma, applied ratio 1.000)
[INFO   ] DREAMPlace - optimizer step 2.202 ms
[INFO   ] DREAMPlace - iteration  301, ( 301,  0,  0), Obj 3.018503E+07, DensityWeight 4.068580E-08, wHPWL 6.453292E+07, Overflow 8.721001E-01, MaxDensity 4.720E+02, gamma 8.661631E+02, time 0.679ms
[INFO   ] DREAMPlace - full step 3.318 ms
[INFO   ] DREAMPlace - optimizer step 2.106 ms
[INFO   ] DREAMPlace - iteration  302, ( 302,  0,  0), Obj 3.569443E+07, DensityWeight 4.186569E-08, wHPWL 6.422167E+07, Overflow 8.724275E-01, MaxDensity 4.917E+02, gamma 8.677869E+02, time 0.706ms
[INFO   ] DREAMPlace - full step 3.256 ms
[INFO   ] DREAMPlace - optimizer step 2.147 ms
[INFO   ] DREAMPlace - iteration  303, ( 303,  0,  0), Obj 3.518670E+07, DensityWeight 4.307980E-08, wHPWL 6.475882E+07, Overflow 8.716649E-01, MaxDensity 4.732E+02, gamma 8.692420E+02, time 0.692ms
[INFO   ] DREAMPlace - full step 3.315 ms
[INFO   ] DREAMPlace - optimizer step 2.166 ms
[INFO   ] DREAMPlace - iteration  304, ( 304,  0,  0), Obj 3.440115E+07, DensityWeight 4.297210E-08, wHPWL 6.536125E+07, Overflow 8.711861E-01, MaxDensity 4.677E+02, gamma 8.658570E+02, time 0.650ms
[INFO   ] DREAMPlace - full step 3.292 ms
[INFO   ] DREAMPlace - optimizer step 2.117 ms
[INFO   ] DREAMPlace - iteration  305, ( 305,  0,  0), Obj 3.373687E+07, DensityWeight 4.286467E-08, wHPWL 6.582308E+07, Overflow 8.706086E-01, MaxDensity 4.626E+02, gamma 8.637380E+02, time 0.660ms
[INFO   ] DREAMPlace - full step 3.241 ms
[INFO   ] DREAMPlace - optimizer step 2.104 ms
[INFO   ] DREAMPlace - iteration  306, ( 306,  0,  0), Obj 3.281427E+07, DensityWeight 4.275750E-08, wHPWL 6.591100E+07, Overflow 8.703280E-01, MaxDensity 4.367E+02, gamma 8.611893E+02, time 0.688ms
[INFO   ] DREAMPlace - full step 3.247 ms
[INFO   ] DREAMPlace - optimizer step 2.153 ms
[INFO   ] DREAMPlace - iteration  307, ( 307,  0,  0), Obj 3.232800E+07, DensityWeight 4.434852E-08, wHPWL 6.617705E+07, Overflow 8.695494E-01, MaxDensity 4.013E+02, gamma 8.599540E+02, time 0.982ms
[INFO   ] DREAMPlace - full step 3.593 ms
[INFO   ] DREAMPlace - optimizer step 2.143 ms
[INFO   ] DREAMPlace - iteration  308, ( 308,  0,  0), Obj 3.163602E+07, DensityWeight 4.487057E-08, wHPWL 6.608271E+07, Overflow 8.694560E-01, MaxDensity 4.157E+02, gamma 8.565346E+02, time 0.666ms
[INFO   ] DREAMPlace - full step 3.264 ms
[INFO   ] DREAMPlace - optimizer step 2.169 ms
[INFO   ] DREAMPlace - iteration  309, ( 309,  0,  0), Obj 3.116724E+07, DensityWeight 4.617182E-08, wHPWL 6.601296E+07, Overflow 8.693134E-01, MaxDensity 4.328E+02, gamma 8.561254E+02, time 0.661ms
[INFO   ] DREAMPlace - full step 3.390 ms
[INFO   ] DREAMPlace - optimizer step 2.230 ms
[INFO   ] DREAMPlace - iteration  310, ( 310,  0,  0), Obj 3.063943E+07, DensityWeight 4.751081E-08, wHPWL 6.575274E+07, Overflow 8.687780E-01, MaxDensity 4.514E+02, gamma 8.555007E+02, time 0.650ms
[INFO   ] DREAMPlace - full step 3.336 ms
[INFO   ] DREAMPlace - optimizer step 2.137 ms
[INFO   ] DREAMPlace - iteration  311, ( 311,  0,  0), Obj 3.019956E+07, DensityWeight 4.888863E-08, wHPWL 6.545970E+07, Overflow 8.684649E-01, MaxDensity 4.479E+02, gamma 8.531606E+02, time 0.695ms
[INFO   ] DREAMPlace - full step 3.313 ms
[INFO   ] DREAMPlace - optimizer step 2.161 ms
[INFO   ] DREAMPlace - iteration  312, ( 312,  0,  0), Obj 3.650691E+07, DensityWeight 5.030640E-08, wHPWL 6.505744E+07, Overflow 8.684237E-01, MaxDensity 4.373E+02, gamma 8.517950E+02, time 0.669ms
[INFO   ] DREAMPlace - full step 3.290 ms
[INFO   ] DREAMPlace - optimizer step 2.115 ms
[INFO   ] DREAMPlace - iteration  313, ( 313,  0,  0), Obj 3.594608E+07, DensityWeight 5.176528E-08, wHPWL 6.555810E+07, Overflow 8.685426E-01, MaxDensity 4.157E+02, gamma 8.516151E+02, time 0.663ms
[INFO   ] DREAMPlace - full step 3.209 ms
[INFO   ] DREAMPlace - optimizer step 2.131 ms
[INFO   ] DREAMPlace - iteration  314, ( 314,  0,  0), Obj 3.509009E+07, DensityWeight 5.163587E-08, wHPWL 6.604664E+07, Overflow 8.679116E-01, MaxDensity 4.234E+02, gamma 8.521334E+02, time 0.659ms
[INFO   ] DREAMPlace - full step 3.247 ms
[INFO   ] DREAMPlace - optimizer step 2.117 ms
[INFO   ] DREAMPlace - iteration  315, ( 315,  0,  0), Obj 3.442595E+07, DensityWeight 5.150678E-08, wHPWL 6.648635E+07, Overflow 8.669326E-01, MaxDensity 4.303E+02, gamma 8.493864E+02, time 0.645ms
[INFO   ] DREAMPlace - full step 3.240 ms
[INFO   ] DREAMPlace - optimizer step 2.105 ms
[INFO   ] DREAMPlace - iteration  316, ( 316,  0,  0), Obj 3.349649E+07, DensityWeight 5.137801E-08, wHPWL 6.650901E+07, Overflow 8.668002E-01, MaxDensity 4.246E+02, gamma 8.451421E+02, time 0.649ms
[INFO   ] DREAMPlace - full step 3.208 ms
[INFO   ] DREAMPlace - optimizer step 2.120 ms
[INFO   ] DREAMPlace - iteration  317, ( 317,  0,  0), Obj 3.297136E+07, DensityWeight 5.377673E-08, wHPWL 6.671169E+07, Overflow 8.662977E-01, MaxDensity 4.082E+02, gamma 8.445698E+02, time 0.655ms
[INFO   ] DREAMPlace - full step 3.235 ms
[INFO   ] DREAMPlace - optimizer step 2.125 ms
[INFO   ] DREAMPlace - iteration  318, ( 318,  0,  0), Obj 3.229706E+07, DensityWeight 5.489257E-08, wHPWL 6.655450E+07, Overflow 8.663985E-01, MaxDensity 3.781E+02, gamma 8.424013E+02, time 0.701ms
[INFO   ] DREAMPlace - full step 3.269 ms
[INFO   ] DREAMPlace - optimizer step 2.495 ms
[INFO   ] DREAMPlace - iteration  319, ( 319,  0,  0), Obj 3.179838E+07, DensityWeight 5.648445E-08, wHPWL 6.641372E+07, Overflow 8.656092E-01, MaxDensity 3.955E+02, gamma 8.428354E+02, time 1.976ms
[INFO   ] DREAMPlace - full step 4.937 ms
[INFO   ] DREAMPlace - plotting to gammalocal_results/nshuf/adaptec1/plot/iter0320.png takes 1.353 seconds
[INFO   ] DREAMPlace - optimizer step 3.937 ms
[INFO   ] DREAMPlace - iteration  320, ( 320,  0,  0), Obj 3.123497E+07, DensityWeight 5.812251E-08, wHPWL 6.608002E+07, Overflow 8.657096E-01, MaxDensity 4.077E+02, gamma 8.394384E+02, time 0.890ms
[INFO   ] DREAMPlace - full step 1358.846 ms
[INFO   ] DREAMPlace - optimizer step 2.312 ms
[INFO   ] DREAMPlace - iteration  321, ( 321,  0,  0), Obj 3.083310E+07, DensityWeight 5.980806E-08, wHPWL 6.581967E+07, Overflow 8.655228E-01, MaxDensity 3.980E+02, gamma 8.398700E+02, time 0.738ms
[INFO   ] DREAMPlace - full step 3.691 ms
[INFO   ] DREAMPlace - optimizer step 2.367 ms
[INFO   ] DREAMPlace - iteration  322, ( 322,  0,  0), Obj 3.676274E+07, DensityWeight 6.154249E-08, wHPWL 6.534163E+07, Overflow 8.655871E-01, MaxDensity 3.950E+02, gamma 8.390676E+02, time 0.680ms
[INFO   ] DREAMPlace - full step 3.506 ms
[INFO   ] DREAMPlace - optimizer step 2.267 ms
[INFO   ] DREAMPlace - iteration  323, ( 323,  0,  0), Obj 3.626072E+07, DensityWeight 6.332723E-08, wHPWL 6.597497E+07, Overflow 8.657208E-01, MaxDensity 3.582E+02, gamma 8.393438E+02, time 0.676ms
[INFO   ] DREAMPlace - full step 3.439 ms
[INFO   ] DREAMPlace - optimizer step 2.187 ms
[INFO   ] DREAMPlace - iteration  324, ( 324,  0,  0), Obj 3.533109E+07, DensityWeight 6.316890E-08, wHPWL 6.644319E+07, Overflow 8.647084E-01, MaxDensity 3.493E+02, gamma 8.399180E+02, time 0.675ms
[INFO   ] DREAMPlace - full step 3.331 ms
[INFO   ] DREAMPlace - optimizer step 2.133 ms
[INFO   ] DREAMPlace - iteration  325, ( 325,  0,  0), Obj 3.463019E+07, DensityWeight 6.301098E-08, wHPWL 6.683571E+07, Overflow 8.643382E-01, MaxDensity 3.487E+02, gamma 8.355782E+02, time 0.694ms
[INFO   ] DREAMPlace - full step 3.312 ms
[INFO   ] DREAMPlace - optimizer step 2.217 ms
[INFO   ] DREAMPlace - iteration  326, ( 326,  0,  0), Obj 3.368631E+07, DensityWeight 6.285345E-08, wHPWL 6.683003E+07, Overflow 8.638188E-01, MaxDensity 3.487E+02, gamma 8.339967E+02, time 0.659ms
[INFO   ] DREAMPlace - full step 3.346 ms
[INFO   ] DREAMPlace - optimizer step 2.471 ms
[INFO   ] DREAMPlace - iteration  327, ( 327,  0,  0), Obj 3.314747E+07, DensityWeight 6.467620E-08, wHPWL 6.695974E+07, Overflow 8.633621E-01, MaxDensity 3.442E+02, gamma 8.317831E+02, time 0.681ms
[INFO   ] DREAMPlace - full step 3.648 ms
[INFO   ] DREAMPlace - optimizer step 2.348 ms
[INFO   ] DREAMPlace - iteration  328, ( 328,  0,  0), Obj 3.242754E+07, DensityWeight 6.669318E-08, wHPWL 6.674021E+07, Overflow 8.633772E-01, MaxDensity 3.168E+02, gamma 8.298417E+02, time 0.664ms
[INFO   ] DREAMPlace - full step 3.457 ms
[INFO   ] DREAMPlace - optimizer step 2.222 ms
[INFO   ] DREAMPlace - iteration  329, ( 329,  0,  0), Obj 3.193562E+07, DensityWeight 6.862728E-08, wHPWL 6.659518E+07, Overflow 8.633865E-01, MaxDensity 3.214E+02, gamma 8.299058E+02, time 0.693ms
[INFO   ] DREAMPlace - full step 3.380 ms
[INFO   ] DREAMPlace - optimizer step 2.208 ms
[INFO   ] DREAMPlace - iteration  330, ( 330,  0,  0), Obj 3.141116E+07, DensityWeight 7.061747E-08, wHPWL 6.631920E+07, Overflow 8.634362E-01, MaxDensity 3.312E+02, gamma 8.299456E+02, time 0.663ms
[INFO   ] DREAMPlace - full step 3.363 ms
[INFO   ] DREAMPlace - optimizer step 2.245 ms
[INFO   ] DREAMPlace - iteration  331, ( 331,  0,  0), Obj 3.095681E+07, DensityWeight 7.266539E-08, wHPWL 6.599237E+07, Overflow 8.638287E-01, MaxDensity 3.423E+02, gamma 8.301564E+02, time 0.698ms
[INFO   ] DREAMPlace - full step 3.402 ms
[INFO   ] DREAMPlace - optimizer step 2.188 ms
[INFO   ] DREAMPlace - iteration  332, ( 332,  0,  0), Obj 3.800946E+07, DensityWeight 7.477269E-08, wHPWL 6.560794E+07, Overflow 8.637423E-01, MaxDensity 3.578E+02, gamma 8.318254E+02, time 0.690ms
[INFO   ] DREAMPlace - full step 3.326 ms
[INFO   ] DREAMPlace - optimizer step 2.861 ms
[INFO   ] DREAMPlace - iteration  333, ( 333,  0,  0), Obj 3.739811E+07, DensityWeight 7.694110E-08, wHPWL 6.596895E+07, Overflow 8.630880E-01, MaxDensity 3.364E+02, gamma 8.314579E+02, time 0.748ms
[INFO   ] DREAMPlace - full step 4.080 ms
[INFO   ] DREAMPlace - optimizer step 2.282 ms
[INFO   ] DREAMPlace - iteration  334, ( 334,  0,  0), Obj 3.644521E+07, DensityWeight 7.682316E-08, wHPWL 6.627666E+07, Overflow 8.623938E-01, MaxDensity 3.178E+02, gamma 8.286790E+02, time 1.955ms
[INFO   ] DREAMPlace - full step 4.694 ms
[INFO   ] DREAMPlace - optimizer step 3.541 ms
[INFO   ] DREAMPlace - iteration  335, ( 335,  0,  0), Obj 3.565659E+07, DensityWeight 7.727733E-08, wHPWL 6.653572E+07, Overflow 8.626068E-01, MaxDensity 3.180E+02, gamma 8.257405E+02, time 0.679ms
[INFO   ] DREAMPlace - full step 4.678 ms
[INFO   ] DREAMPlace - optimizer step 3.298 ms
[INFO   ] DREAMPlace - iteration  336, ( 336,  0,  0), Obj 3.461485E+07, DensityWeight 7.826326E-08, wHPWL 6.641944E+07, Overflow 8.629761E-01, MaxDensity 3.313E+02, gamma 8.266408E+02, time 0.713ms
[INFO   ] DREAMPlace - full step 4.447 ms
[INFO   ] DREAMPlace - optimizer step 2.166 ms
[INFO   ] DREAMPlace - iteration  337, ( 337,  0,  0), Obj 3.404905E+07, DensityWeight 8.053290E-08, wHPWL 6.659540E+07, Overflow 8.634138E-01, MaxDensity 3.341E+02, gamma 8.282045E+02, time 0.983ms
[INFO   ] DREAMPlace - full step 3.586 ms
[INFO   ] DREAMPlace - optimizer step 2.358 ms
[INFO   ] DREAMPlace - iteration  338, ( 338,  0,  0), Obj 3.330271E+07, DensityWeight 8.251061E-08, wHPWL 6.642079E+07, Overflow 8.637474E-01, MaxDensity 3.261E+02, gamma 8.300612E+02, time 0.668ms
[INFO   ] DREAMPlace - full step 3.466 ms
[INFO   ] DREAMPlace - optimizer step 2.141 ms
[INFO   ] DREAMPlace - iteration  339, ( 339,  0,  0), Obj 3.278657E+07, DensityWeight 8.490342E-08, wHPWL 6.630101E+07, Overflow 8.634843E-01, MaxDensity 3.007E+02, gamma 8.314798E+02, time 0.659ms
[INFO   ] DREAMPlace - full step 3.230 ms
[INFO   ] DREAMPlace - optimizer step 2.134 ms
[INFO   ] DREAMPlace - iteration  340, ( 340,  0,  0), Obj 3.219588E+07, DensityWeight 8.736562E-08, wHPWL 6.597614E+07, Overflow 8.636613E-01, MaxDensity 3.147E+02, gamma 8.303611E+02, time 0.668ms
[INFO   ] DREAMPlace - full step 3.234 ms
[INFO   ] DREAMPlace - optimizer step 2.186 ms
[INFO   ] DREAMPlace - iteration  341, ( 341,  0,  0), Obj 3.172633E+07, DensityWeight 8.989922E-08, wHPWL 6.567696E+07, Overflow 8.638707E-01, MaxDensity 3.333E+02, gamma 8.311135E+02, time 0.659ms
[INFO   ] DREAMPlace - full step 3.289 ms
[INFO   ] DREAMPlace - optimizer step 2.135 ms
[INFO   ] DREAMPlace - iteration  342, ( 342,  0,  0), Obj 3.859611E+07, DensityWeight 9.250630E-08, wHPWL 6.527746E+07, Overflow 8.642073E-01, MaxDensity 3.708E+02, gamma 8.320044E+02, time 0.652ms
[INFO   ] DREAMPlace - full step 3.215 ms
[INFO   ] DREAMPlace - optimizer step 3.521 ms
[INFO   ] DREAMPlace - iteration  343, ( 343,  0,  0), Obj 3.761881E+07, DensityWeight 9.518899E-08, wHPWL 6.517987E+07, Overflow 8.644333E-01, MaxDensity 3.559E+02, gamma 8.334387E+02, time 0.656ms
[INFO   ] DREAMPlace - full step 4.621 ms
[INFO   ] DREAMPlace - optimizer step 3.132 ms
[INFO   ] DREAMPlace - iteration  344, ( 344,  0,  0), Obj 3.695795E+07, DensityWeight 9.794948E-08, wHPWL 6.588082E+07, Overflow 8.645787E-01, MaxDensity 3.260E+02, gamma 8.344029E+02, time 0.675ms
[INFO   ] DREAMPlace - full step 4.235 ms
[INFO   ] DREAMPlace - optimizer step 2.132 ms
[INFO   ] DREAMPlace - iteration  345, ( 345,  0,  0), Obj 3.603493E+07, DensityWeight 9.770460E-08, wHPWL 6.596548E+07, Overflow 8.642993E-01, MaxDensity 3.327E+02, gamma 8.350242E+02, time 0.658ms
[INFO   ] DREAMPlace - full step 3.224 ms
[INFO   ] DREAMPlace - optimizer step 2.148 ms
[INFO   ] DREAMPlace - iteration  346, ( 346,  0,  0), Obj 3.507780E+07, DensityWeight 1.013863E-07, wHPWL 6.596359E+07, Overflow 8.641552E-01, MaxDensity 3.317E+02, gamma 8.338311E+02, time 0.668ms
[INFO   ] DREAMPlace - full step 3.271 ms
[INFO   ] DREAMPlace - optimizer step 2.142 ms
[INFO   ] DREAMPlace - iteration  347, ( 347,  0,  0), Obj 3.441592E+07, DensityWeight 1.043265E-07, wHPWL 6.596616E+07, Overflow 8.643270E-01, MaxDensity 3.256E+02, gamma 8.332164E+02, time 0.659ms
[INFO   ] DREAMPlace - full step 3.234 ms
[INFO   ] DREAMPlace - optimizer step 3.642 ms
[INFO   ] DREAMPlace - iteration  348, ( 348,  0,  0), Obj 3.368868E+07, DensityWeight 1.095035E-07, wHPWL 6.578479E+07, Overflow 8.639488E-01, MaxDensity 3.299E+02, gamma 8.339490E+02, time 5.911ms
[INFO   ] DREAMPlace - full step 9.995 ms
[INFO   ] DREAMPlace - optimizer step 2.217 ms
[INFO   ] DREAMPlace - iteration  349, ( 349,  0,  0), Obj 3.310907E+07, DensityWeight 1.126791E-07, wHPWL 6.558570E+07, Overflow 8.642425E-01, MaxDensity 3.180E+02, gamma 8.323370E+02, time 0.657ms
[INFO   ] DREAMPlace - full step 3.321 ms
[INFO   ] DREAMPlace - optimizer step 4.452 ms
[INFO   ] DREAMPlace - iteration  350, ( 350,  0,  0), Obj 3.258618E+07, DensityWeight 1.159468E-07, wHPWL 6.533603E+07, Overflow 8.641708E-01, MaxDensity 3.053E+02, gamma 8.335887E+02, time 0.662ms
[INFO   ] DREAMPlace - full step 5.548 ms
[INFO   ] DREAMPlace - optimizer step 3.715 ms
[INFO   ] DREAMPlace - iteration  351, ( 351,  0,  0), Obj 3.210136E+07, DensityWeight 1.193093E-07, wHPWL 6.503785E+07, Overflow 8.641801E-01, MaxDensity 3.262E+02, gamma 8.332832E+02, time 3.486ms
[INFO   ] DREAMPlace - full step 7.643 ms
[INFO   ] DREAMPlace - optimizer step 2.102 ms
[INFO   ] DREAMPlace - iteration  352, ( 352,  0,  0), Obj 3.765477E+07, DensityWeight 1.227693E-07, wHPWL 6.466626E+07, Overflow 8.644483E-01, MaxDensity 3.266E+02, gamma 8.333225E+02, time 0.657ms
[INFO   ] DREAMPlace - full step 3.240 ms
[INFO   ] DREAMPlace - optimizer step 2.167 ms
[INFO   ] DREAMPlace - iteration  353, ( 353,  0,  0), Obj 3.684467E+07, DensityWeight 1.263296E-07, wHPWL 6.482588E+07, Overflow 8.645843E-01, MaxDensity 3.110E+02, gamma 8.344671E+02, time 0.650ms
[INFO   ] DREAMPlace - full step 3.251 ms
[INFO   ] DREAMPlace - optimizer step 2.118 ms
[INFO   ] DREAMPlace - iteration  354, ( 354,  0,  0), Obj 3.620506E+07, DensityWeight 1.297270E-07, wHPWL 6.561016E+07, Overflow 8.639003E-01, MaxDensity 2.986E+02, gamma 8.350482E+02, time 0.642ms
[INFO   ] DREAMPlace - full step 3.197 ms
[INFO   ] DREAMPlace - optimizer step 2.091 ms
[INFO   ] DREAMPlace - iteration  355, ( 355,  0,  0), Obj 3.538656E+07, DensityWeight 1.294027E-07, wHPWL 6.586290E+07, Overflow 8.636237E-01, MaxDensity 3.228E+02, gamma 8.321302E+02, time 0.677ms
[INFO   ] DREAMPlace - full step 3.213 ms
[INFO   ] DREAMPlace - optimizer step 2.146 ms
[INFO   ] DREAMPlace - iteration  356, ( 356,  0,  0), Obj 3.447082E+07, DensityWeight 1.311691E-07, wHPWL 6.595439E+07, Overflow 8.636009E-01, MaxDensity 3.197E+02, gamma 8.309537E+02, time 0.656ms
[INFO   ] DREAMPlace - full step 3.253 ms
[INFO   ] DREAMPlace - optimizer step 2.118 ms
[INFO   ] DREAMPlace - iteration  357, ( 357,  0,  0), Obj 3.387938E+07, DensityWeight 1.359822E-07, wHPWL 6.607864E+07, Overflow 8.636070E-01, MaxDensity 3.105E+02, gamma 8.308563E+02, time 0.655ms
[INFO   ] DREAMPlace - full step 3.205 ms
[INFO   ] DREAMPlace - optimizer step 2.160 ms
[INFO   ] DREAMPlace - iteration  358, ( 358,  0,  0), Obj 3.318489E+07, DensityWeight 1.403296E-07, wHPWL 6.597049E+07, Overflow 8.644541E-01, MaxDensity 3.250E+02, gamma 8.308825E+02, time 0.664ms
[INFO   ] DREAMPlace - full step 3.282 ms
[INFO   ] DREAMPlace - optimizer step 2.116 ms
[INFO   ] DREAMPlace - iteration  359, ( 359,  0,  0), Obj 3.260474E+07, DensityWeight 1.443992E-07, wHPWL 6.574177E+07, Overflow 8.643350E-01, MaxDensity 3.192E+02, gamma 8.344917E+02, time 0.651ms
[INFO   ] DREAMPlace - full step 3.201 ms
[INFO   ] DREAMPlace - plotting to gammalocal_results/nshuf/adaptec1/plot/iter0360.png takes 1.350 seconds
[INFO   ] DREAMPlace - optimizer step 4.137 ms
[INFO   ] DREAMPlace - iteration  360, ( 360,  0,  0), Obj 3.211052E+07, DensityWeight 1.485867E-07, wHPWL 6.551352E+07, Overflow 8.649231E-01, MaxDensity 3.202E+02, gamma 8.339833E+02, time 1.579ms
[INFO   ] DREAMPlace - full step 1356.689 ms
[INFO   ] DREAMPlace - optimizer step 2.174 ms
[INFO   ] DREAMPlace - iteration  361, ( 361,  0,  0), Obj 3.162549E+07, DensityWeight 1.528958E-07, wHPWL 6.516983E+07, Overflow 8.655335E-01, MaxDensity 3.090E+02, gamma 8.364969E+02, time 0.718ms
[INFO   ] DREAMPlace - full step 3.424 ms
[INFO   ] DREAMPlace - optimizer step 2.131 ms
[INFO   ] DREAMPlace - iteration  362, ( 362,  0,  0), Obj 3.680349E+07, DensityWeight 1.573297E-07, wHPWL 6.481389E+07, Overflow 8.657397E-01, MaxDensity 3.256E+02, gamma 8.391135E+02, time 0.666ms
[INFO   ] DREAMPlace - full step 3.249 ms
[INFO   ] DREAMPlace - optimizer step 2.141 ms
[INFO   ] DREAMPlace - iteration  363, ( 363,  0,  0), Obj 3.615512E+07, DensityWeight 1.618923E-07, wHPWL 6.526529E+07, Overflow 8.658350E-01, MaxDensity 2.948E+02, gamma 8.399992E+02, time 0.651ms
[INFO   ] DREAMPlace - full step 3.234 ms
[INFO   ] DREAMPlace - optimizer step 2.101 ms
[INFO   ] DREAMPlace - iteration  364, ( 364,  0,  0), Obj 3.540656E+07, DensityWeight 1.614876E-07, wHPWL 6.597473E+07, Overflow 8.653309E-01, MaxDensity 2.914E+02, gamma 8.404091E+02, time 0.654ms
[INFO   ] DREAMPlace - full step 3.219 ms
[INFO   ] DREAMPlace - optimizer step 2.083 ms
[INFO   ] DREAMPlace - iteration  365, ( 365,  0,  0), Obj 3.468684E+07, DensityWeight 1.610838E-07, wHPWL 6.638794E+07, Overflow 8.649026E-01, MaxDensity 2.854E+02, gamma 8.382440E+02, time 0.663ms
[INFO   ] DREAMPlace - full step 3.186 ms
[INFO   ] DREAMPlace - optimizer step 2.126 ms
[INFO   ] DREAMPlace - iteration  366, ( 366,  0,  0), Obj 3.375367E+07, DensityWeight 1.606811E-07, wHPWL 6.646668E+07, Overflow 8.646992E-01, MaxDensity 2.815E+02, gamma 8.364089E+02, time 0.654ms
[INFO   ] DREAMPlace - full step 3.215 ms
[INFO   ] DREAMPlace - optimizer step 2.105 ms
[INFO   ] DREAMPlace - iteration  367, ( 367,  0,  0), Obj 3.324265E+07, DensityWeight 1.668733E-07, wHPWL 6.670590E+07, Overflow 8.645501E-01, MaxDensity 3.024E+02, gamma 8.355391E+02, time 0.644ms
[INFO   ] DREAMPlace - full step 3.208 ms
[INFO   ] DREAMPlace - optimizer step 2.121 ms
[INFO   ] DREAMPlace - iteration  368, ( 368,  0,  0), Obj 3.255042E+07, DensityWeight 1.694702E-07, wHPWL 6.659082E+07, Overflow 8.647302E-01, MaxDensity 2.821E+02, gamma 8.349014E+02, time 0.656ms
[INFO   ] DREAMPlace - full step 3.215 ms
[INFO   ] DREAMPlace - optimizer step 2.118 ms
[INFO   ] DREAMPlace - iteration  369, ( 369,  0,  0), Obj 3.205610E+07, DensityWeight 1.743848E-07, wHPWL 6.647901E+07, Overflow 8.648607E-01, MaxDensity 2.825E+02, gamma 8.356719E+02, time 0.658ms
[INFO   ] DREAMPlace - full step 3.212 ms
[INFO   ] DREAMPlace - optimizer step 2.430 ms
[INFO   ] DREAMPlace - iteration  370, ( 370,  0,  0), Obj 3.151983E+07, DensityWeight 1.794420E-07, wHPWL 6.617911E+07, Overflow 8.647814E-01, MaxDensity 2.974E+02, gamma 8.362296E+02, time 0.668ms
[INFO   ] DREAMPlace - full step 3.544 ms
[INFO   ] DREAMPlace - optimizer step 2.149 ms
[INFO   ] DREAMPlace - iteration  371, ( 371,  0,  0), Obj 3.107878E+07, DensityWeight 1.846458E-07, wHPWL 6.588697E+07, Overflow 8.644395E-01, MaxDensity 2.999E+02, gamma 8.358904E+02, time 0.637ms
[INFO   ] DREAMPlace - full step 3.225 ms
[INFO   ] DREAMPlace - optimizer step 2.128 ms
[INFO   ] DREAMPlace - iteration  372, ( 372,  0,  0), Obj 3.635408E+07, DensityWeight 1.900006E-07, wHPWL 6.546362E+07, Overflow 8.649316E-01, MaxDensity 2.969E+02, gamma 8.344297E+02, time 2.346ms
[INFO   ] DREAMPlace - full step 4.928 ms
[INFO   ] DREAMPlace - optimizer step 2.232 ms
[INFO   ] DREAMPlace - iteration  373, ( 373,  0,  0), Obj 3.575742E+07, DensityWeight 1.955106E-07, wHPWL 6.608188E+07, Overflow 8.648716E-01, MaxDensity 2.834E+02, gamma 8.365331E+02, time 0.838ms
[INFO   ] DREAMPlace - full step 3.510 ms
[INFO   ] DREAMPlace - optimizer step 2.150 ms
[INFO   ] DREAMPlace - iteration  374, ( 374,  0,  0), Obj 3.493343E+07, DensityWeight 1.950218E-07, wHPWL 6.669515E+07, Overflow 8.644227E-01, MaxDensity 2.792E+02, gamma 8.362762E+02, time 0.656ms
[INFO   ] DREAMPlace - full step 3.244 ms
[INFO   ] DREAMPlace - optimizer step 2.136 ms
[INFO   ] DREAMPlace - iteration  375, ( 375,  0,  0), Obj 3.426628E+07, DensityWeight 1.945343E-07, wHPWL 6.721144E+07, Overflow 8.638811E-01, MaxDensity 2.797E+02, gamma 8.343578E+02, time 0.658ms
[INFO   ] DREAMPlace - full step 3.232 ms
[INFO   ] DREAMPlace - optimizer step 2.152 ms
[INFO   ] DREAMPlace - iteration  376, ( 376,  0,  0), Obj 3.332362E+07, DensityWeight 1.940479E-07, wHPWL 6.724051E+07, Overflow 8.635309E-01, MaxDensity 2.881E+02, gamma 8.320487E+02, time 0.654ms
[INFO   ] DREAMPlace - full step 3.254 ms
[INFO   ] DREAMPlace - optimizer step 2.115 ms
[INFO   ] DREAMPlace - iteration  377, ( 377,  0,  0), Obj 3.281685E+07, DensityWeight 2.029263E-07, wHPWL 6.745291E+07, Overflow 8.628252E-01, MaxDensity 2.865E+02, gamma 8.305586E+02, time 0.649ms
[INFO   ] DREAMPlace - full step 3.208 ms
[INFO   ] DREAMPlace - optimizer step 2.133 ms
[INFO   ] DREAMPlace - iteration  378, ( 378,  0,  0), Obj 3.214159E+07, DensityWeight 2.068563E-07, wHPWL 6.727867E+07, Overflow 8.625906E-01, MaxDensity 2.670E+02, gamma 8.275656E+02, time 0.653ms
[INFO   ] DREAMPlace - full step 3.232 ms
[INFO   ] DREAMPlace - optimizer step 2.102 ms
[INFO   ] DREAMPlace - iteration  379, ( 379,  0,  0), Obj 3.161493E+07, DensityWeight 2.128551E-07, wHPWL 6.708785E+07, Overflow 8.623896E-01, MaxDensity 2.588E+02, gamma 8.265725E+02, time 0.663ms
[INFO   ] DREAMPlace - full step 3.225 ms
[INFO   ] DREAMPlace - optimizer step 2.101 ms
[INFO   ] DREAMPlace - iteration  380, ( 380,  0,  0), Obj 3.108996E+07, DensityWeight 2.190279E-07, wHPWL 6.677184E+07, Overflow 8.622359E-01, MaxDensity 2.767E+02, gamma 8.257231E+02, time 0.648ms
[INFO   ] DREAMPlace - full step 3.215 ms
[INFO   ] DREAMPlace - optimizer step 2.089 ms
[INFO   ] DREAMPlace - iteration  381, ( 381,  0,  0), Obj 3.065170E+07, DensityWeight 2.253797E-07, wHPWL 6.643778E+07, Overflow 8.628294E-01, MaxDensity 2.969E+02, gamma 8.250737E+02, time 0.715ms
[INFO   ] DREAMPlace - full step 3.247 ms
[INFO   ] DREAMPlace - optimizer step 2.096 ms
[INFO   ] DREAMPlace - iteration  382, ( 382,  0,  0), Obj 3.633880E+07, DensityWeight 2.319158E-07, wHPWL 6.604670E+07, Overflow 8.630091E-01, MaxDensity 2.978E+02, gamma 8.275831E+02, time 0.661ms
[INFO   ] DREAMPlace - full step 3.193 ms
[INFO   ] DREAMPlace - optimizer step 2.139 ms
[INFO   ] DREAMPlace - iteration  383, ( 383,  0,  0), Obj 3.606567E+07, DensityWeight 2.386413E-07, wHPWL 6.723276E+07, Overflow 8.620816E-01, MaxDensity 2.695E+02, gamma 8.283443E+02, time 0.649ms
[INFO   ] DREAMPlace - full step 3.258 ms
[INFO   ] DREAMPlace - optimizer step 2.106 ms
[INFO   ] DREAMPlace - iteration  384, ( 384,  0,  0), Obj 3.501569E+07, DensityWeight 2.380447E-07, wHPWL 6.763931E+07, Overflow 8.619117E-01, MaxDensity 2.508E+02, gamma 8.244224E+02, time 0.648ms
[INFO   ] DREAMPlace - full step 3.212 ms
[INFO   ] DREAMPlace - optimizer step 2.079 ms
[INFO   ] DREAMPlace - iteration  385, ( 385,  0,  0), Obj 3.447938E+07, DensityWeight 2.374496E-07, wHPWL 6.834360E+07, Overflow 8.614565E-01, MaxDensity 2.530E+02, gamma 8.237061E+02, time 0.664ms
[INFO   ] DREAMPlace - full step 3.200 ms
[INFO   ] DREAMPlace - optimizer step 2.117 ms
[INFO   ] DREAMPlace - iteration  386, ( 386,  0,  0), Obj 3.350370E+07, DensityWeight 2.368559E-07, wHPWL 6.834062E+07, Overflow 8.613375E-01, MaxDensity 2.453E+02, gamma 8.217896E+02, time 0.676ms
[INFO   ] DREAMPlace - full step 3.246 ms
[INFO   ] DREAMPlace - optimizer step 2.125 ms
[INFO   ] DREAMPlace - iteration  387, ( 387,  0,  0), Obj 3.306817E+07, DensityWeight 2.437248E-07, wHPWL 6.865032E+07, Overflow 8.611088E-01, MaxDensity 2.435E+02, gamma 8.212894E+02, time 0.655ms
[INFO   ] DREAMPlace - full step 3.255 ms
[INFO   ] DREAMPlace - optimizer step 2.093 ms
[INFO   ] DREAMPlace - iteration  388, ( 388,  0,  0), Obj 3.231833E+07, DensityWeight 2.450980E-07, wHPWL 6.835510E+07, Overflow 8.608088E-01, MaxDensity 2.551E+02, gamma 8.203290E+02, time 0.664ms
[INFO   ] DREAMPlace - full step 3.215 ms
[INFO   ] DREAMPlace - optimizer step 2.121 ms
[INFO   ] DREAMPlace - iteration  389, ( 389,  0,  0), Obj 3.189851E+07, DensityWeight 2.522058E-07, wHPWL 6.827918E+07, Overflow 8.606728E-01, MaxDensity 2.572E+02, gamma 8.190706E+02, time 0.663ms
[INFO   ] DREAMPlace - full step 3.233 ms
[INFO   ] DREAMPlace - optimizer step 2.120 ms
[INFO   ] DREAMPlace - iteration  390, ( 390,  0,  0), Obj 3.132035E+07, DensityWeight 2.595198E-07, wHPWL 6.784594E+07, Overflow 8.604463E-01, MaxDensity 2.434E+02, gamma 8.185010E+02, time 0.649ms
[INFO   ] DREAMPlace - full step 3.221 ms
[INFO   ] DREAMPlace - optimizer step 2.101 ms
[INFO   ] DREAMPlace - iteration  391, ( 391,  0,  0), Obj 3.090697E+07, DensityWeight 2.670459E-07, wHPWL 6.752432E+07, Overflow 8.602303E-01, MaxDensity 2.737E+02, gamma 8.175530E+02, time 0.660ms
[INFO   ] DREAMPlace - full step 3.215 ms
[INFO   ] DREAMPlace - optimizer step 2.152 ms
[INFO   ] DREAMPlace - iteration  392, ( 392,  0,  0), Obj 3.603129E+07, DensityWeight 2.747902E-07, wHPWL 6.707072E+07, Overflow 8.602911E-01, MaxDensity 2.604E+02, gamma 8.166498E+02, time 0.638ms
[INFO   ] DREAMPlace - full step 3.225 ms
[INFO   ] DREAMPlace - optimizer step 2.136 ms
[INFO   ] DREAMPlace - iteration  393, ( 393,  0,  0), Obj 3.568285E+07, DensityWeight 2.827592E-07, wHPWL 6.828712E+07, Overflow 8.594915E-01, MaxDensity 2.352E+02, gamma 8.169038E+02, time 0.643ms
[INFO   ] DREAMPlace - full step 3.259 ms
[INFO   ] DREAMPlace - optimizer step 2.125 ms
[INFO   ] DREAMPlace - iteration  394, ( 394,  0,  0), Obj 3.456750E+07, DensityWeight 2.820523E-07, wHPWL 6.862486E+07, Overflow 8.587378E-01, MaxDensity 2.462E+02, gamma 8.135683E+02, time 0.647ms
[INFO   ] DREAMPlace - full step 3.248 ms
[INFO   ] DREAMPlace - optimizer step 2.104 ms
[INFO   ] DREAMPlace - iteration  395, ( 395,  0,  0), Obj 3.410209E+07, DensityWeight 2.825346E-07, wHPWL 6.948846E+07, Overflow 8.577932E-01, MaxDensity 2.372E+02, gamma 8.104367E+02, time 0.653ms
[INFO   ] DREAMPlace - full step 3.215 ms
[INFO   ] DREAMPlace - optimizer step 2.208 ms
[INFO   ] DREAMPlace - iteration  396, ( 396,  0,  0), Obj 3.311154E+07, DensityWeight 2.818282E-07, wHPWL 6.943223E+07, Overflow 8.572292E-01, MaxDensity 2.353E+02, gamma 8.065292E+02, time 0.655ms
[INFO   ] DREAMPlace - full step 3.319 ms
[INFO   ] DREAMPlace - optimizer step 2.094 ms
[INFO   ] DREAMPlace - iteration  397, ( 397,  0,  0), Obj 3.270203E+07, DensityWeight 2.900012E-07, wHPWL 6.972775E+07, Overflow 8.562326E-01, MaxDensity 2.390E+02, gamma 8.042051E+02, time 0.653ms
[INFO   ] DREAMPlace - full step 3.201 ms
[INFO   ] DREAMPlace - optimizer step 2.097 ms
[INFO   ] DREAMPlace - iteration  398, ( 398,  0,  0), Obj 3.195766E+07, DensityWeight 2.922120E-07, wHPWL 6.938824E+07, Overflow 8.562787E-01, MaxDensity 2.292E+02, gamma 8.001146E+02, time 0.647ms
[INFO   ] DREAMPlace - full step 3.198 ms
[INFO   ] DREAMPlace - optimizer step 2.080 ms
[INFO   ] DREAMPlace - iteration  399, ( 399,  0,  0), Obj 3.152906E+07, DensityWeight 3.006862E-07, wHPWL 6.920171E+07, Overflow 8.557499E-01, MaxDensity 2.449E+02, gamma 8.003027E+02, time 0.659ms
[INFO   ] DREAMPlace - full step 3.194 ms
[INFO   ] DREAMPlace - plotting to gammalocal_results/nshuf/adaptec1/plot/iter0400.png takes 1.355 seconds
[INFO   ] DREAMPlace - optimizer step 4.306 ms
[INFO   ] DREAMPlace - iteration  400, ( 400,  0,  0), Obj 3.098101E+07, DensityWeight 3.094061E-07, wHPWL 6.875752E+07, Overflow 8.555313E-01, MaxDensity 2.381E+02, gamma 7.981406E+02, time 0.641ms
[INFO   ] DREAMPlace - full step 1360.713 ms
[INFO   ] DREAMPlace - gamma_local: mean(coef_net)/coef = 1.034 (norm=gamma, applied ratio 1.000)
[INFO   ] DREAMPlace - optimizer step 2.276 ms
[INFO   ] DREAMPlace - iteration  401, ( 401,  0,  0), Obj 3.059889E+07, DensityWeight 3.183789E-07, wHPWL 6.840766E+07, Overflow 8.550429E-01, MaxDensity 2.467E+02, gamma 7.972484E+02, time 0.707ms
[INFO   ] DREAMPlace - full step 3.518 ms
[INFO   ] DREAMPlace - optimizer step 2.167 ms
[INFO   ] DREAMPlace - iteration  402, ( 402,  0,  0), Obj 3.657990E+07, DensityWeight 3.276119E-07, wHPWL 6.783210E+07, Overflow 8.552040E-01, MaxDensity 2.458E+02, gamma 7.952588E+02, time 0.648ms
[INFO   ] DREAMPlace - full step 3.279 ms
[INFO   ] DREAMPlace - optimizer step 5.480 ms
[INFO   ] DREAMPlace - iteration  403, ( 403,  0,  0), Obj 3.637806E+07, DensityWeight 3.371127E-07, wHPWL 6.931482E+07, Overflow 8.545881E-01, MaxDensity 2.161E+02, gamma 7.959141E+02, time 4.231ms
[INFO   ] DREAMPlace - full step 10.169 ms
[INFO   ] DREAMPlace - optimizer step 2.264 ms
[INFO   ] DREAMPlace - iteration  404, ( 404,  0,  0), Obj 3.518091E+07, DensityWeight 3.362699E-07, wHPWL 6.954772E+07, Overflow 8.537579E-01, MaxDensity 2.218E+02, gamma 7.934099E+02, time 0.664ms
[INFO   ] DREAMPlace - full step 3.383 ms
[INFO   ] DREAMPlace - optimizer step 2.154 ms
[INFO   ] DREAMPlace - iteration  405, ( 405,  0,  0), Obj 3.469356E+07, DensityWeight 3.418039E-07, wHPWL 7.036092E+07, Overflow 8.530204E-01, MaxDensity 2.110E+02, gamma 7.900467E+02, time 0.662ms
[INFO   ] DREAMPlace - full step 3.267 ms
[INFO   ] DREAMPlace - optimizer step 2.512 ms
[INFO   ] DREAMPlace - iteration  406, ( 406,  0,  0), Obj 3.361249E+07, DensityWeight 3.409494E-07, wHPWL 7.014997E+07, Overflow 8.519038E-01, MaxDensity 2.193E+02, gamma 7.870707E+02, time 6.373ms
[INFO   ] DREAMPlace - full step 9.344 ms
[INFO   ] DREAMPlace - optimizer step 2.156 ms
[INFO   ] DREAMPlace - iteration  407, ( 407,  0,  0), Obj 3.317821E+07, DensityWeight 3.508369E-07, wHPWL 7.036363E+07, Overflow 8.516675E-01, MaxDensity 2.227E+02, gamma 7.825866E+02, time 0.667ms
[INFO   ] DREAMPlace - full step 3.298 ms
[INFO   ] DREAMPlace - optimizer step 2.343 ms
[INFO   ] DREAMPlace - iteration  408, ( 408,  0,  0), Obj 3.245400E+07, DensityWeight 3.575684E-07, wHPWL 6.998464E+07, Overflow 8.510512E-01, MaxDensity 2.269E+02, gamma 7.816411E+02, time 0.649ms
[INFO   ] DREAMPlace - full step 3.452 ms
[INFO   ] DREAMPlace - optimizer step 2.327 ms
[INFO   ] DREAMPlace - iteration  409, ( 409,  0,  0), Obj 3.194966E+07, DensityWeight 3.679379E-07, wHPWL 6.971510E+07, Overflow 8.506854E-01, MaxDensity 2.252E+02, gamma 7.791802E+02, time 0.659ms
[INFO   ] DREAMPlace - full step 3.452 ms
[INFO   ] DREAMPlace - optimizer step 2.146 ms
[INFO   ] DREAMPlace - iteration  410, ( 410,  0,  0), Obj 3.144725E+07, DensityWeight 3.786081E-07, wHPWL 6.930285E+07, Overflow 8.505596E-01, MaxDensity 2.408E+02, gamma 7.777230E+02, time 0.660ms
[INFO   ] DREAMPlace - full step 3.258 ms
[INFO   ] DREAMPlace - optimizer step 2.105 ms
[INFO   ] DREAMPlace - iteration  411, ( 411,  0,  0), Obj 3.101908E+07, DensityWeight 3.895878E-07, wHPWL 6.886901E+07, Overflow 8.506188E-01, MaxDensity 2.388E+02, gamma 7.772225E+02, time 0.671ms
[INFO   ] DREAMPlace - full step 3.216 ms
[INFO   ] DREAMPlace - optimizer step 7.810 ms
[INFO   ] DREAMPlace - iteration  412, ( 412,  0,  0), Obj 3.724309E+07, DensityWeight 4.008859E-07, wHPWL 6.838650E+07, Overflow 8.501623E-01, MaxDensity 2.473E+02, gamma 7.774580E+02, time 0.676ms
[INFO   ] DREAMPlace - full step 8.954 ms
[INFO   ] DREAMPlace - optimizer step 2.111 ms
[INFO   ] DREAMPlace - iteration  413, ( 413,  0,  0), Obj 3.705746E+07, DensityWeight 4.125116E-07, wHPWL 6.989348E+07, Overflow 8.490570E-01, MaxDensity 2.186E+02, gamma 7.756437E+02, time 0.661ms
[INFO   ] DREAMPlace - full step 3.219 ms
[INFO   ] DREAMPlace - optimizer step 2.137 ms
[INFO   ] DREAMPlace - iteration  414, ( 414,  0,  0), Obj 3.576866E+07, DensityWeight 4.114802E-07, wHPWL 7.004780E+07, Overflow 8.479562E-01, MaxDensity 2.166E+02, gamma 7.712699E+02, time 0.645ms
[INFO   ] DREAMPlace - full step 3.231 ms
[INFO   ] DREAMPlace - optimizer step 2.113 ms
[INFO   ] DREAMPlace - iteration  415, ( 415,  0,  0), Obj 3.535310E+07, DensityWeight 4.228590E-07, wHPWL 7.097701E+07, Overflow 8.465523E-01, MaxDensity 2.111E+02, gamma 7.669379E+02, time 0.644ms
[INFO   ] DREAMPlace - full step 3.226 ms
[INFO   ] DREAMPlace - optimizer step 2.104 ms
[INFO   ] DREAMPlace - iteration  416, ( 416,  0,  0), Obj 3.424896E+07, DensityWeight 4.218019E-07, wHPWL 7.073140E+07, Overflow 8.459224E-01, MaxDensity 2.143E+02, gamma 7.614479E+02, time 0.676ms
[INFO   ] DREAMPlace - full step 3.240 ms
[INFO   ] DREAMPlace - optimizer step 2.087 ms
[INFO   ] DREAMPlace - iteration  417, ( 417,  0,  0), Obj 3.384721E+07, DensityWeight 4.340341E-07, wHPWL 7.100766E+07, Overflow 8.454137E-01, MaxDensity 2.030E+02, gamma 7.589975E+02, time 0.644ms
[INFO   ] DREAMPlace - full step 3.174 ms
[INFO   ] DREAMPlace - optimizer step 2.220 ms
[INFO   ] DREAMPlace - iteration  418, ( 418,  0,  0), Obj 3.308089E+07, DensityWeight 4.385190E-07, wHPWL 7.058016E+07, Overflow 8.458894E-01, MaxDensity 2.135E+02, gamma 7.570247E+02, time 0.643ms
[INFO   ] DREAMPlace - full step 3.296 ms
[INFO   ] DREAMPlace - optimizer step 2.216 ms
[INFO   ] DREAMPlace - iteration  419, ( 419,  0,  0), Obj 3.260535E+07, DensityWeight 4.512361E-07, wHPWL 7.032843E+07, Overflow 8.459321E-01, MaxDensity 2.215E+02, gamma 7.588698E+02, time 0.648ms
[INFO   ] DREAMPlace - full step 3.314 ms
[INFO   ] DREAMPlace - optimizer step 2.130 ms
[INFO   ] DREAMPlace - iteration  420, ( 420,  0,  0), Obj 3.203170E+07, DensityWeight 4.643219E-07, wHPWL 6.977091E+07, Overflow 8.458477E-01, MaxDensity 2.145E+02, gamma 7.590353E+02, time 0.644ms
[INFO   ] DREAMPlace - full step 3.205 ms
[INFO   ] DREAMPlace - optimizer step 2.152 ms
[INFO   ] DREAMPlace - iteration  421, ( 421,  0,  0), Obj 3.161242E+07, DensityWeight 4.777873E-07, wHPWL 6.931448E+07, Overflow 8.458509E-01, MaxDensity 2.201E+02, gamma 7.587078E+02, time 0.659ms
[INFO   ] DREAMPlace - full step 3.249 ms
[INFO   ] DREAMPlace - optimizer step 2.162 ms
[INFO   ] DREAMPlace - iteration  422, ( 422,  0,  0), Obj 3.703062E+07, DensityWeight 4.916432E-07, wHPWL 6.877942E+07, Overflow 8.462946E-01, MaxDensity 2.400E+02, gamma 7.587203E+02, time 0.669ms
[INFO   ] DREAMPlace - full step 3.270 ms
[INFO   ] DREAMPlace - optimizer step 2.266 ms
[INFO   ] DREAMPlace - iteration  423, ( 423,  0,  0), Obj 3.677819E+07, DensityWeight 5.059009E-07, wHPWL 7.021997E+07, Overflow 8.451788E-01, MaxDensity 2.061E+02, gamma 7.604445E+02, time 0.655ms
[INFO   ] DREAMPlace - full step 3.389 ms
[INFO   ] DREAMPlace - optimizer step 2.125 ms
[INFO   ] DREAMPlace - iteration  424, ( 424,  0,  0), Obj 3.553522E+07, DensityWeight 5.046361E-07, wHPWL 7.039765E+07, Overflow 8.445562E-01, MaxDensity 2.077E+02, gamma 7.561153E+02, time 0.647ms
[INFO   ] DREAMPlace - full step 3.225 ms
[INFO   ] DREAMPlace - optimizer step 2.136 ms
[INFO   ] DREAMPlace - iteration  425, ( 425,  0,  0), Obj 3.517301E+07, DensityWeight 5.169049E-07, wHPWL 7.136128E+07, Overflow 8.437535E-01, MaxDensity 1.924E+02, gamma 7.537104E+02, time 0.656ms
[INFO   ] DREAMPlace - full step 3.250 ms
[INFO   ] DREAMPlace - optimizer step 2.316 ms
[INFO   ] DREAMPlace - iteration  426, ( 426,  0,  0), Obj 3.418134E+07, DensityWeight 5.156127E-07, wHPWL 7.119887E+07, Overflow 8.436604E-01, MaxDensity 1.888E+02, gamma 7.506208E+02, time 0.646ms
[INFO   ] DREAMPlace - full step 3.466 ms
[INFO   ] DREAMPlace - optimizer step 2.134 ms
[INFO   ] DREAMPlace - iteration  427, ( 427,  0,  0), Obj 3.388495E+07, DensityWeight 5.305654E-07, wHPWL 7.157093E+07, Overflow 8.431129E-01, MaxDensity 2.065E+02, gamma 7.502637E+02, time 0.650ms
[INFO   ] DREAMPlace - full step 3.255 ms
[INFO   ] DREAMPlace - optimizer step 2.228 ms
[INFO   ] DREAMPlace - iteration  428, ( 428,  0,  0), Obj 3.312739E+07, DensityWeight 5.292390E-07, wHPWL 7.108772E+07, Overflow 8.430836E-01, MaxDensity 2.018E+02, gamma 7.481647E+02, time 0.647ms
[INFO   ] DREAMPlace - full step 3.361 ms
[INFO   ] DREAMPlace - optimizer step 2.198 ms
[INFO   ] DREAMPlace - iteration  429, ( 429,  0,  0), Obj 3.277128E+07, DensityWeight 5.445870E-07, wHPWL 7.093127E+07, Overflow 8.427598E-01, MaxDensity 1.926E+02, gamma 7.480525E+02, time 0.662ms
[INFO   ] DREAMPlace - full step 3.322 ms
[INFO   ] DREAMPlace - optimizer step 2.238 ms
[INFO   ] DREAMPlace - iteration  430, ( 430,  0,  0), Obj 3.221865E+07, DensityWeight 5.603800E-07, wHPWL 7.040498E+07, Overflow 8.423644E-01, MaxDensity 2.097E+02, gamma 7.468140E+02, time 0.661ms
[INFO   ] DREAMPlace - full step 3.361 ms
[INFO   ] DREAMPlace - optimizer step 2.109 ms
[INFO   ] DREAMPlace - iteration  431, ( 431,  0,  0), Obj 3.181922E+07, DensityWeight 5.766310E-07, wHPWL 7.000301E+07, Overflow 8.419640E-01, MaxDensity 2.124E+02, gamma 7.453047E+02, time 0.659ms
[INFO   ] DREAMPlace - full step 3.222 ms
[INFO   ] DREAMPlace - optimizer step 2.222 ms
[INFO   ] DREAMPlace - iteration  432, ( 432,  0,  0), Obj 3.734759E+07, DensityWeight 5.933533E-07, wHPWL 6.951394E+07, Overflow 8.415703E-01, MaxDensity 2.059E+02, gamma 7.437792E+02, time 0.643ms
[INFO   ] DREAMPlace - full step 3.314 ms
[INFO   ] DREAMPlace - optimizer step 2.120 ms
[INFO   ] DREAMPlace - iteration  433, ( 433,  0,  0), Obj 3.769455E+07, DensityWeight 6.105606E-07, wHPWL 7.199690E+07, Overflow 8.402385E-01, MaxDensity 1.856E+02, gamma 7.422824E+02, time 0.660ms
[INFO   ] DREAMPlace - full step 3.234 ms
[INFO   ] DREAMPlace - optimizer step 2.164 ms
[INFO   ] DREAMPlace - iteration  434, ( 434,  0,  0), Obj 3.605519E+07, DensityWeight 6.090342E-07, wHPWL 7.180373E+07, Overflow 8.395449E-01, MaxDensity 1.958E+02, gamma 7.372411E+02, time 0.659ms
[INFO   ] DREAMPlace - full step 3.284 ms
[INFO   ] DREAMPlace - optimizer step 2.200 ms
[INFO   ] DREAMPlace - iteration  435, ( 435,  0,  0), Obj 3.587290E+07, DensityWeight 6.266962E-07, wHPWL 7.305632E+07, Overflow 8.383483E-01, MaxDensity 1.832E+02, gamma 7.346294E+02, time 0.663ms
[INFO   ] DREAMPlace - full step 3.311 ms
[INFO   ] DREAMPlace - optimizer step 2.177 ms
[INFO   ] DREAMPlace - iteration  436, ( 436,  0,  0), Obj 3.473890E+07, DensityWeight 6.251295E-07, wHPWL 7.268327E+07, Overflow 8.381942E-01, MaxDensity 1.890E+02, gamma 7.301451E+02, time 0.652ms
[INFO   ] DREAMPlace - full step 3.288 ms
[INFO   ] DREAMPlace - optimizer step 2.120 ms
[INFO   ] DREAMPlace - iteration  437, ( 437,  0,  0), Obj 3.441807E+07, DensityWeight 6.432583E-07, wHPWL 7.297286E+07, Overflow 8.376027E-01, MaxDensity 1.836E+02, gamma 7.295696E+02, time 0.649ms
[INFO   ] DREAMPlace - full step 3.232 ms
[INFO   ] DREAMPlace - optimizer step 2.120 ms
[INFO   ] DREAMPlace - iteration  438, ( 438,  0,  0), Obj 3.359518E+07, DensityWeight 6.486979E-07, wHPWL 7.238939E+07, Overflow 8.365563E-01, MaxDensity 1.866E+02, gamma 7.273648E+02, time 0.649ms
[INFO   ] DREAMPlace - full step 3.232 ms
[INFO   ] DREAMPlace - optimizer step 2.132 ms
[INFO   ] DREAMPlace - iteration  439, ( 439,  0,  0), Obj 3.319052E+07, DensityWeight 6.675102E-07, wHPWL 7.209922E+07, Overflow 8.359575E-01, MaxDensity 1.802E+02, gamma 7.234807E+02, time 0.659ms
[INFO   ] DREAMPlace - full step 3.242 ms
[INFO   ] DREAMPlace - plotting to gammalocal_results/nshuf/adaptec1/plot/iter0440.png takes 1.344 seconds
[INFO   ] DREAMPlace - optimizer step 3.547 ms
[INFO   ] DREAMPlace - iteration  440, ( 440,  0,  0), Obj 3.259507E+07, DensityWeight 6.868680E-07, wHPWL 7.145816E+07, Overflow 8.357702E-01, MaxDensity 1.934E+02, gamma 7.212676E+02, time 0.657ms
[INFO   ] DREAMPlace - full step 1350.368 ms
[INFO   ] DREAMPlace - optimizer step 2.430 ms
[INFO   ] DREAMPlace - iteration  441, ( 441,  0,  0), Obj 3.222587E+07, DensityWeight 7.067872E-07, wHPWL 7.104767E+07, Overflow 8.357382E-01, MaxDensity 1.923E+02, gamma 7.205765E+02, time 0.700ms
[INFO   ] DREAMPlace - full step 3.660 ms
[INFO   ] DREAMPlace - optimizer step 2.187 ms
[INFO   ] DREAMPlace - iteration  442, ( 442,  0,  0), Obj 3.864331E+07, DensityWeight 7.272841E-07, wHPWL 7.047870E+07, Overflow 8.354441E-01, MaxDensity 2.048E+02, gamma 7.204587E+02, time 0.662ms
[INFO   ] DREAMPlace - full step 3.323 ms
[INFO   ] DREAMPlace - optimizer step 2.127 ms
[INFO   ] DREAMPlace - iteration  443, ( 443,  0,  0), Obj 3.859539E+07, DensityWeight 7.483754E-07, wHPWL 7.229939E+07, Overflow 8.335338E-01, MaxDensity 1.775E+02, gamma 7.193749E+02, time 0.660ms
[INFO   ] DREAMPlace - full step 3.246 ms
[INFO   ] DREAMPlace - optimizer step 2.124 ms
[INFO   ] DREAMPlace - iteration  444, ( 444,  0,  0), Obj 3.709151E+07, DensityWeight 7.465044E-07, wHPWL 7.222958E+07, Overflow 8.334227E-01, MaxDensity 1.776E+02, gamma 7.123777E+02, time 0.653ms
[INFO   ] DREAMPlace - full step 3.239 ms
[INFO   ] DREAMPlace - optimizer step 2.105 ms
[INFO   ] DREAMPlace - iteration  445, ( 445,  0,  0), Obj 3.690032E+07, DensityWeight 7.681530E-07, wHPWL 7.346042E+07, Overflow 8.318385E-01, MaxDensity 1.792E+02, gamma 7.119728E+02, time 0.659ms
[INFO   ] DREAMPlace - full step 3.222 ms
[INFO   ] DREAMPlace - optimizer step 2.086 ms
[INFO   ] DREAMPlace - iteration  446, ( 446,  0,  0), Obj 3.575020E+07, DensityWeight 7.662326E-07, wHPWL 7.307034E+07, Overflow 8.313182E-01, MaxDensity 1.715E+02, gamma 7.062248E+02, time 0.658ms
[INFO   ] DREAMPlace - full step 3.211 ms
[INFO   ] DREAMPlace - optimizer step 2.092 ms
[INFO   ] DREAMPlace - iteration  447, ( 447,  0,  0), Obj 3.548008E+07, DensityWeight 7.884533E-07, wHPWL 7.343532E+07, Overflow 8.302786E-01, MaxDensity 1.748E+02, gamma 7.043471E+02, time 0.655ms
[INFO   ] DREAMPlace - full step 3.201 ms
[INFO   ] DREAMPlace - optimizer step 2.146 ms
[INFO   ] DREAMPlace - iteration  448, ( 448,  0,  0), Obj 3.467774E+07, DensityWeight 7.868081E-07, wHPWL 7.282144E+07, Overflow 8.300160E-01, MaxDensity 1.729E+02, gamma 7.006104E+02, time 0.669ms
[INFO   ] DREAMPlace - full step 3.290 ms
[INFO   ] DREAMPlace - optimizer step 2.145 ms
[INFO   ] DREAMPlace - iteration  449, ( 449,  0,  0), Obj 3.432084E+07, DensityWeight 8.096256E-07, wHPWL 7.263458E+07, Overflow 8.290823E-01, MaxDensity 1.790E+02, gamma 6.996694E+02, time 0.652ms
[INFO   ] DREAMPlace - full step 3.257 ms
[INFO   ] DREAMPlace - optimizer step 2.169 ms
[INFO   ] DREAMPlace - iteration  450, ( 450,  0,  0), Obj 3.372208E+07, DensityWeight 8.331048E-07, wHPWL 7.197004E+07, Overflow 8.292260E-01, MaxDensity 1.911E+02, gamma 6.963348E+02, time 0.661ms
[INFO   ] DREAMPlace - full step 3.258 ms
[INFO   ] DREAMPlace - optimizer step 2.083 ms
[INFO   ] DREAMPlace - iteration  451, ( 451,  0,  0), Obj 3.339270E+07, DensityWeight 8.572649E-07, wHPWL 7.159434E+07, Overflow 8.287084E-01, MaxDensity 1.813E+02, gamma 6.968468E+02, time 0.699ms
[INFO   ] DREAMPlace - full step 3.238 ms
[INFO   ] DREAMPlace - optimizer step 2.103 ms
[INFO   ] DREAMPlace - iteration  452, ( 452,  0,  0), Obj 3.962210E+07, DensityWeight 8.821256E-07, wHPWL 7.099751E+07, Overflow 8.285382E-01, MaxDensity 1.877E+02, gamma 6.950036E+02, time 0.643ms
[INFO   ] DREAMPlace - full step 3.213 ms
[INFO   ] DREAMPlace - optimizer step 2.133 ms
[INFO   ] DREAMPlace - iteration  453, ( 453,  0,  0), Obj 3.978965E+07, DensityWeight 9.077073E-07, wHPWL 7.311000E+07, Overflow 8.263835E-01, MaxDensity 1.658E+02, gamma 6.943990E+02, time 0.646ms
[INFO   ] DREAMPlace - full step 3.229 ms
[INFO   ] DREAMPlace - optimizer step 2.120 ms
[INFO   ] DREAMPlace - iteration  454, ( 454,  0,  0), Obj 3.822113E+07, DensityWeight 9.054380E-07, wHPWL 7.300100E+07, Overflow 8.256598E-01, MaxDensity 1.678E+02, gamma 6.867850E+02, time 0.661ms
[INFO   ] DREAMPlace - full step 3.243 ms
[INFO   ] DREAMPlace - optimizer step 2.151 ms
[INFO   ] DREAMPlace - iteration  455, ( 455,  0,  0), Obj 3.785911E+07, DensityWeight 9.316957E-07, wHPWL 7.397195E+07, Overflow 8.239920E-01, MaxDensity 1.820E+02, gamma 6.842464E+02, time 0.635ms
[INFO   ] DREAMPlace - full step 3.238 ms
[INFO   ] DREAMPlace - optimizer step 2.097 ms
[INFO   ] DREAMPlace - iteration  456, ( 456,  0,  0), Obj 3.672142E+07, DensityWeight 9.293664E-07, wHPWL 7.365262E+07, Overflow 8.236537E-01, MaxDensity 1.593E+02, gamma 6.784318E+02, time 0.633ms
[INFO   ] DREAMPlace - full step 3.198 ms
[INFO   ] DREAMPlace - optimizer step 2.098 ms
[INFO   ] DREAMPlace - iteration  457, ( 457,  0,  0), Obj 3.637814E+07, DensityWeight 9.563181E-07, wHPWL 7.384425E+07, Overflow 8.227966E-01, MaxDensity 1.741E+02, gamma 6.772587E+02, time 0.654ms
[INFO   ] DREAMPlace - full step 3.208 ms
[INFO   ] DREAMPlace - optimizer step 2.153 ms
[INFO   ] DREAMPlace - iteration  458, ( 458,  0,  0), Obj 3.549893E+07, DensityWeight 9.776661E-07, wHPWL 7.321478E+07, Overflow 8.224996E-01, MaxDensity 1.750E+02, gamma 6.742950E+02, time 0.649ms
[INFO   ] DREAMPlace - full step 3.263 ms
[INFO   ] DREAMPlace - optimizer step 2.213 ms
[INFO   ] DREAMPlace - iteration  459, ( 459,  0,  0), Obj 3.506491E+07, DensityWeight 1.006018E-06, wHPWL 7.290677E+07, Overflow 8.220096E-01, MaxDensity 1.756E+02, gamma 6.732708E+02, time 0.644ms
[INFO   ] DREAMPlace - full step 3.328 ms
[INFO   ] DREAMPlace - optimizer step 2.163 ms
[INFO   ] DREAMPlace - iteration  460, ( 460,  0,  0), Obj 3.443162E+07, DensityWeight 1.035193E-06, wHPWL 7.223150E+07, Overflow 8.214952E-01, MaxDensity 1.818E+02, gamma 6.715849E+02, time 0.658ms
[INFO   ] DREAMPlace - full step 3.275 ms
[INFO   ] DREAMPlace - optimizer step 2.311 ms
[INFO   ] DREAMPlace - iteration  461, ( 461,  0,  0), Obj 3.403858E+07, DensityWeight 1.065214E-06, wHPWL 7.180462E+07, Overflow 8.206615E-01, MaxDensity 1.788E+02, gamma 6.698196E+02, time 0.664ms
[INFO   ] DREAMPlace - full step 3.433 ms
[INFO   ] DREAMPlace - optimizer step 2.531 ms
[INFO   ] DREAMPlace - iteration  462, ( 462,  0,  0), Obj 3.975136E+07, DensityWeight 1.096105E-06, wHPWL 7.124060E+07, Overflow 8.207656E-01, MaxDensity 1.785E+02, gamma 6.669681E+02, time 1.739ms
[INFO   ] DREAMPlace - full step 4.714 ms
[INFO   ] DREAMPlace - optimizer step 2.182 ms
[INFO   ] DREAMPlace - iteration  463, ( 463,  0,  0), Obj 3.975174E+07, DensityWeight 1.127892E-06, wHPWL 7.312185E+07, Overflow 8.178874E-01, MaxDensity 1.725E+02, gamma 6.673237E+02, time 0.656ms
[INFO   ] DREAMPlace - full step 3.310 ms
[INFO   ] DREAMPlace - optimizer step 2.152 ms
[INFO   ] DREAMPlace - iteration  464, ( 464,  0,  0), Obj 3.841835E+07, DensityWeight 1.125072E-06, wHPWL 7.332235E+07, Overflow 8.165131E-01, MaxDensity 1.564E+02, gamma 6.575677E+02, time 0.659ms
[INFO   ] DREAMPlace - full step 3.267 ms
[INFO   ] DREAMPlace - optimizer step 2.165 ms
[INFO   ] DREAMPlace - iteration  465, ( 465,  0,  0), Obj 3.801793E+07, DensityWeight 1.148764E-06, wHPWL 7.421877E+07, Overflow 8.140389E-01, MaxDensity 1.638E+02, gamma 6.529600E+02, time 0.671ms
[INFO   ] DREAMPlace - full step 3.282 ms
[INFO   ] DREAMPlace - optimizer step 2.194 ms
[INFO   ] DREAMPlace - iteration  466, ( 466,  0,  0), Obj 3.699696E+07, DensityWeight 1.145892E-06, wHPWL 7.400109E+07, Overflow 8.141611E-01, MaxDensity 1.509E+02, gamma 6.447455E+02, time 0.643ms
[INFO   ] DREAMPlace - full step 3.271 ms
[INFO   ] DREAMPlace - optimizer step 2.127 ms
[INFO   ] DREAMPlace - iteration  467, ( 467,  0,  0), Obj 3.661683E+07, DensityWeight 1.179123E-06, wHPWL 7.416050E+07, Overflow 8.134398E-01, MaxDensity 1.485E+02, gamma 6.451488E+02, time 0.656ms
[INFO   ] DREAMPlace - full step 3.251 ms
[INFO   ] DREAMPlace - optimizer step 5.355 ms
[INFO   ] DREAMPlace - iteration  468, ( 468,  0,  0), Obj 3.584026E+07, DensityWeight 1.210869E-06, wHPWL 7.357544E+07, Overflow 8.127874E-01, MaxDensity 1.550E+02, gamma 6.427719E+02, time 0.666ms
[INFO   ] DREAMPlace - full step 6.482 ms
[INFO   ] DREAMPlace - optimizer step 2.179 ms
[INFO   ] DREAMPlace - iteration  469, ( 469,  0,  0), Obj 3.545157E+07, DensityWeight 1.245985E-06, wHPWL 7.330487E+07, Overflow 8.118425E-01, MaxDensity 1.770E+02, gamma 6.406298E+02, time 0.661ms
[INFO   ] DREAMPlace - full step 3.292 ms
[INFO   ] DREAMPlace - optimizer step 2.115 ms
[INFO   ] DREAMPlace - iteration  470, ( 470,  0,  0), Obj 3.488404E+07, DensityWeight 1.282118E-06, wHPWL 7.266822E+07, Overflow 8.121125E-01, MaxDensity 1.706E+02, gamma 6.375400E+02, time 0.653ms
[INFO   ] DREAMPlace - full step 3.193 ms
[INFO   ] DREAMPlace - optimizer step 2.097 ms
[INFO   ] DREAMPlace - iteration  471, ( 471,  0,  0), Obj 3.451830E+07, DensityWeight 1.319300E-06, wHPWL 7.229058E+07, Overflow 8.121712E-01, MaxDensity 1.994E+02, gamma 6.384214E+02, time 0.649ms
[INFO   ] DREAMPlace - full step 3.198 ms
[INFO   ] DREAMPlace - optimizer step 2.120 ms
[INFO   ] DREAMPlace - iteration  472, ( 472,  0,  0), Obj 4.079264E+07, DensityWeight 1.357560E-06, wHPWL 7.170654E+07, Overflow 8.120908E-01, MaxDensity 1.789E+02, gamma 6.386129E+02, time 0.643ms
[INFO   ] DREAMPlace - full step 3.202 ms
[INFO   ] DREAMPlace - optimizer step 2.110 ms
[INFO   ] DREAMPlace - iteration  473, ( 473,  0,  0), Obj 4.104076E+07, DensityWeight 1.396929E-06, wHPWL 7.387448E+07, Overflow 8.096557E-01, MaxDensity 1.642E+02, gamma 6.383504E+02, time 0.656ms
[INFO   ] DREAMPlace - full step 3.216 ms
[INFO   ] DREAMPlace - optimizer step 2.164 ms
[INFO   ] DREAMPlace - iteration  474, ( 474,  0,  0), Obj 3.949642E+07, DensityWeight 1.393436E-06, wHPWL 7.372149E+07, Overflow 8.089690E-01, MaxDensity 1.670E+02, gamma 6.304459E+02, time 0.635ms
[INFO   ] DREAMPlace - full step 3.254 ms
[INFO   ] DREAMPlace - optimizer step 2.093 ms
[INFO   ] DREAMPlace - iteration  475, ( 475,  0,  0), Obj 3.927373E+07, DensityWeight 1.433846E-06, wHPWL 7.478144E+07, Overflow 8.073481E-01, MaxDensity 1.530E+02, gamma 6.282344E+02, time 0.666ms
[INFO   ] DREAMPlace - full step 3.206 ms
[INFO   ] DREAMPlace - optimizer step 2.112 ms
[INFO   ] DREAMPlace - iteration  476, ( 476,  0,  0), Obj 3.820390E+07, DensityWeight 1.430262E-06, wHPWL 7.442866E+07, Overflow 8.071097E-01, MaxDensity 1.603E+02, gamma 6.230456E+02, time 0.654ms
[INFO   ] DREAMPlace - full step 3.221 ms
[INFO   ] DREAMPlace - optimizer step 2.094 ms
[INFO   ] DREAMPlace - iteration  477, ( 477,  0,  0), Obj 3.786436E+07, DensityWeight 1.471739E-06, wHPWL 7.462579E+07, Overflow 8.064631E-01, MaxDensity 1.493E+02, gamma 6.222860E+02, time 0.658ms
[INFO   ] DREAMPlace - full step 3.208 ms
[INFO   ] DREAMPlace - optimizer step 2.130 ms
[INFO   ] DREAMPlace - iteration  478, ( 478,  0,  0), Obj 3.708748E+07, DensityWeight 1.503437E-06, wHPWL 7.405104E+07, Overflow 8.063720E-01, MaxDensity 1.491E+02, gamma 6.202305E+02, time 0.644ms
[INFO   ] DREAMPlace - full step 3.241 ms
[INFO   ] DREAMPlace - optimizer step 2.097 ms
[INFO   ] DREAMPlace - iteration  479, ( 479,  0,  0), Obj 3.667246E+07, DensityWeight 1.547037E-06, wHPWL 7.379921E+07, Overflow 8.061565E-01, MaxDensity 1.539E+02, gamma 6.199415E+02, time 0.661ms
[INFO   ] DREAMPlace - full step 3.209 ms
[INFO   ] DREAMPlace - plotting to gammalocal_results/nshuf/adaptec1/plot/iter0480.png takes 1.367 seconds
[INFO   ] DREAMPlace - optimizer step 3.937 ms
[INFO   ] DREAMPlace - iteration  480, ( 480,  0,  0), Obj 3.610505E+07, DensityWeight 1.591901E-06, wHPWL 7.316895E+07, Overflow 8.066723E-01, MaxDensity 1.502E+02, gamma 6.192581E+02, time 0.660ms
[INFO   ] DREAMPlace - full step 1373.112 ms
[INFO   ] DREAMPlace - optimizer step 2.296 ms
[INFO   ] DREAMPlace - iteration  481, ( 481,  0,  0), Obj 3.574654E+07, DensityWeight 1.638066E-06, wHPWL 7.282553E+07, Overflow 8.071952E-01, MaxDensity 1.496E+02, gamma 6.208948E+02, time 2.321ms
[INFO   ] DREAMPlace - full step 5.170 ms
[INFO   ] DREAMPlace - optimizer step 2.151 ms
[INFO   ] DREAMPlace - iteration  482, ( 482,  0,  0), Obj 4.112751E+07, DensityWeight 1.685570E-06, wHPWL 7.226769E+07, Overflow 8.073004E-01, MaxDensity 1.555E+02, gamma 6.225585E+02, time 0.650ms
[INFO   ] DREAMPlace - full step 3.274 ms
[INFO   ] DREAMPlace - optimizer step 2.133 ms
[INFO   ] DREAMPlace - iteration  483, ( 483,  0,  0), Obj 4.122844E+07, DensityWeight 1.734452E-06, wHPWL 7.432947E+07, Overflow 8.044560E-01, MaxDensity 1.514E+02, gamma 6.228937E+02, time 0.643ms
[INFO   ] DREAMPlace - full step 3.235 ms
[INFO   ] DREAMPlace - optimizer step 2.149 ms
[INFO   ] DREAMPlace - iteration  484, ( 484,  0,  0), Obj 3.971478E+07, DensityWeight 1.730116E-06, wHPWL 7.423405E+07, Overflow 8.039692E-01, MaxDensity 1.471E+02, gamma 6.138932E+02, time 0.661ms
[INFO   ] DREAMPlace - full step 3.266 ms
[INFO   ] DREAMPlace - optimizer step 2.159 ms
[INFO   ] DREAMPlace - iteration  485, ( 485,  0,  0), Obj 3.948868E+07, DensityWeight 1.780289E-06, wHPWL 7.531799E+07, Overflow 8.022361E-01, MaxDensity 1.361E+02, gamma 6.123661E+02, time 0.668ms
[INFO   ] DREAMPlace - full step 3.282 ms
[INFO   ] DREAMPlace - optimizer step 2.307 ms
[INFO   ] DREAMPlace - iteration  486, ( 486,  0,  0), Obj 3.839996E+07, DensityWeight 1.775838E-06, wHPWL 7.490856E+07, Overflow 8.025694E-01, MaxDensity 1.359E+02, gamma 6.069598E+02, time 0.694ms
[INFO   ] DREAMPlace - full step 3.459 ms
[INFO   ] DREAMPlace - optimizer step 2.306 ms
[INFO   ] DREAMPlace - iteration  487, ( 487,  0,  0), Obj 3.814665E+07, DensityWeight 1.827338E-06, wHPWL 7.518058E+07, Overflow 8.010989E-01, MaxDensity 1.500E+02, gamma 6.079957E+02, time 0.650ms
[INFO   ] DREAMPlace - full step 3.419 ms
[INFO   ] DREAMPlace - optimizer step 7.313 ms
[INFO   ] DREAMPlace - iteration  488, ( 488,  0,  0), Obj 3.737803E+07, DensityWeight 1.847311E-06, wHPWL 7.457014E+07, Overflow 8.009905E-01, MaxDensity 1.448E+02, gamma 6.034382E+02, time 0.652ms
[INFO   ] DREAMPlace - full step 8.434 ms
[INFO   ] DREAMPlace - optimizer step 6.984 ms
[INFO   ] DREAMPlace - iteration  489, ( 489,  0,  0), Obj 3.698025E+07, DensityWeight 1.900883E-06, wHPWL 7.427885E+07, Overflow 8.002334E-01, MaxDensity 1.414E+02, gamma 6.031033E+02, time 9.258ms
[INFO   ] DREAMPlace - full step 16.720 ms
[INFO   ] DREAMPlace - optimizer step 2.101 ms
[INFO   ] DREAMPlace - iteration  490, ( 490,  0,  0), Obj 3.644173E+07, DensityWeight 1.956009E-06, wHPWL 7.370261E+07, Overflow 8.006004E-01, MaxDensity 1.442E+02, gamma 6.007717E+02, time 0.650ms
[INFO   ] DREAMPlace - full step 3.197 ms
[INFO   ] DREAMPlace - optimizer step 2.117 ms
[INFO   ] DREAMPlace - iteration  491, ( 491,  0,  0), Obj 3.606662E+07, DensityWeight 2.012733E-06, wHPWL 7.333725E+07, Overflow 7.998046E-01, MaxDensity 1.435E+02, gamma 6.019009E+02, time 0.655ms
[INFO   ] DREAMPlace - full step 3.240 ms
[INFO   ] DREAMPlace - optimizer step 2.081 ms
[INFO   ] DREAMPlace - iteration  492, ( 492,  0,  0), Obj 4.233004E+07, DensityWeight 2.071102E-06, wHPWL 7.280349E+07, Overflow 7.995471E-01, MaxDensity 1.473E+02, gamma 5.994547E+02, time 0.627ms
[INFO   ] DREAMPlace - full step 3.165 ms
[INFO   ] DREAMPlace - optimizer step 2.112 ms
[INFO   ] DREAMPlace - iteration  493, ( 493,  0,  0), Obj 4.269116E+07, DensityWeight 2.131164E-06, wHPWL 7.520732E+07, Overflow 7.963335E-01, MaxDensity 1.413E+02, gamma 5.986654E+02, time 0.649ms
[INFO   ] DREAMPlace - full step 3.219 ms
[INFO   ] DREAMPlace - optimizer step 2.106 ms
[INFO   ] DREAMPlace - iteration  494, ( 494,  0,  0), Obj 4.100042E+07, DensityWeight 2.125836E-06, wHPWL 7.492494E+07, Overflow 7.966225E-01, MaxDensity 1.416E+02, gamma 5.889019E+02, time 0.664ms
[INFO   ] DREAMPlace - full step 3.205 ms
[INFO   ] DREAMPlace - optimizer step 2.071 ms
[INFO   ] DREAMPlace - iteration  495, ( 495,  0,  0), Obj 4.073844E+07, DensityWeight 2.187486E-06, wHPWL 7.598346E+07, Overflow 7.942581E-01, MaxDensity 1.404E+02, gamma 5.897732E+02, time 0.656ms
[INFO   ] DREAMPlace - full step 3.182 ms
[INFO   ] DREAMPlace - optimizer step 2.127 ms
[INFO   ] DREAMPlace - iteration  496, ( 496,  0,  0), Obj 3.962144E+07, DensityWeight 2.182017E-06, wHPWL 7.556072E+07, Overflow 7.949833E-01, MaxDensity 1.385E+02, gamma 5.826810E+02, time 1.685ms
[INFO   ] DREAMPlace - full step 4.250 ms
[INFO   ] DREAMPlace - optimizer step 2.120 ms
[INFO   ] DREAMPlace - iteration  497, ( 497,  0,  0), Obj 3.923344E+07, DensityWeight 2.245295E-06, wHPWL 7.569209E+07, Overflow 7.942658E-01, MaxDensity 1.357E+02, gamma 5.848474E+02, time 0.644ms
[INFO   ] DREAMPlace - full step 3.214 ms
[INFO   ] DREAMPlace - optimizer step 2.085 ms
[INFO   ] DREAMPlace - iteration  498, ( 498,  0,  0), Obj 3.847224E+07, DensityWeight 2.314780E-06, wHPWL 7.513490E+07, Overflow 7.942209E-01, MaxDensity 1.280E+02, gamma 5.827042E+02, time 0.656ms
[INFO   ] DREAMPlace - full step 3.220 ms
[INFO   ] DREAMPlace - optimizer step 2.100 ms
[INFO   ] DREAMPlace - iteration  499, ( 499,  0,  0), Obj 3.800707E+07, DensityWeight 2.381908E-06, wHPWL 7.477438E+07, Overflow 7.938114E-01, MaxDensity 1.268E+02, gamma 5.825704E+02, time 0.656ms
[INFO   ] DREAMPlace - full step 3.202 ms
[INFO   ] DREAMPlace - optimizer step 2.093 ms
[INFO   ] DREAMPlace - iteration  500, ( 500,  0,  0), Obj 3.746982E+07, DensityWeight 2.450984E-06, wHPWL 7.418536E+07, Overflow 7.945084E-01, MaxDensity 1.355E+02, gamma 5.813507E+02, time 0.645ms
[INFO   ] DREAMPlace - full step 3.193 ms
[INFO   ] DREAMPlace - gamma_local: mean(coef_net)/coef = 1.184 (norm=gamma, applied ratio 1.000)
[INFO   ] DREAMPlace - optimizer step 10.456 ms
[INFO   ] DREAMPlace - iteration  501, ( 501,  0,  0), Obj 3.704096E+07, DensityWeight 2.522062E-06, wHPWL 7.372213E+07, Overflow 7.948099E-01, MaxDensity 1.467E+02, gamma 5.834278E+02, time 0.675ms
[INFO   ] DREAMPlace - full step 11.574 ms
[INFO   ] DREAMPlace - optimizer step 2.475 ms
[INFO   ] DREAMPlace - iteration  502, ( 502,  0,  0), Obj 4.354149E+07, DensityWeight 2.595202E-06, wHPWL 7.318490E+07, Overflow 7.948802E-01, MaxDensity 1.481E+02, gamma 5.843286E+02, time 0.800ms
[INFO   ] DREAMPlace - full step 3.709 ms
[INFO   ] DREAMPlace - optimizer step 2.116 ms
[INFO   ] DREAMPlace - iteration  503, ( 503,  0,  0), Obj 4.340224E+07, DensityWeight 2.670463E-06, wHPWL 7.482058E+07, Overflow 7.918425E-01, MaxDensity 1.294E+02, gamma 5.845389E+02, time 0.649ms
[INFO   ] DREAMPlace - full step 3.232 ms
[INFO   ] DREAMPlace - optimizer step 2.105 ms
[INFO   ] DREAMPlace - iteration  504, ( 504,  0,  0), Obj 4.192876E+07, DensityWeight 2.663787E-06, wHPWL 7.483990E+07, Overflow 7.912296E-01, MaxDensity 1.342E+02, gamma 5.755234E+02, time 0.629ms
[INFO   ] DREAMPlace - full step 3.187 ms
[INFO   ] DREAMPlace - optimizer step 2.100 ms
[INFO   ] DREAMPlace - iteration  505, ( 505,  0,  0), Obj 4.158236E+07, DensityWeight 2.789453E-06, wHPWL 7.575354E+07, Overflow 7.894904E-01, MaxDensity 1.322E+02, gamma 5.737212E+02, time 0.658ms
[INFO   ] DREAMPlace - full step 3.210 ms
[INFO   ] DREAMPlace - optimizer step 2.099 ms
[INFO   ] DREAMPlace - iteration  506, ( 506,  0,  0), Obj 4.053436E+07, DensityWeight 2.782479E-06, wHPWL 7.550683E+07, Overflow 7.894232E-01, MaxDensity 1.304E+02, gamma 5.686381E+02, time 0.690ms
[INFO   ] DREAMPlace - full step 3.236 ms
[INFO   ] DREAMPlace - optimizer step 2.108 ms
[INFO   ] DREAMPlace - iteration  507, ( 507,  0,  0), Obj 4.012808E+07, DensityWeight 2.863171E-06, wHPWL 7.562861E+07, Overflow 7.884728E-01, MaxDensity 1.250E+02, gamma 5.684426E+02, time 0.637ms
[INFO   ] DREAMPlace - full step 3.209 ms
[INFO   ] DREAMPlace - optimizer step 2.119 ms
[INFO   ] DREAMPlace - iteration  508, ( 508,  0,  0), Obj 3.934034E+07, DensityWeight 2.955726E-06, wHPWL 7.507626E+07, Overflow 7.886568E-01, MaxDensity 1.347E+02, gamma 5.656849E+02, time 0.650ms
[INFO   ] DREAMPlace - full step 3.208 ms
[INFO   ] DREAMPlace - optimizer step 2.151 ms
[INFO   ] DREAMPlace - iteration  509, ( 509,  0,  0), Obj 3.890886E+07, DensityWeight 3.041442E-06, wHPWL 7.480238E+07, Overflow 7.878722E-01, MaxDensity 1.408E+02, gamma 5.662179E+02, time 0.664ms
[INFO   ] DREAMPlace - full step 3.263 ms
[INFO   ] DREAMPlace - optimizer step 2.497 ms
[INFO   ] DREAMPlace - iteration  510, ( 510,  0,  0), Obj 3.833128E+07, DensityWeight 3.129644E-06, wHPWL 7.420582E+07, Overflow 7.878151E-01, MaxDensity 1.275E+02, gamma 5.639493E+02, time 0.806ms
[INFO   ] DREAMPlace - full step 3.751 ms
[INFO   ] DREAMPlace - optimizer step 3.581 ms
[INFO   ] DREAMPlace - iteration  511, ( 511,  0,  0), Obj 3.792398E+07, DensityWeight 3.220404E-06, wHPWL 7.377998E+07, Overflow 7.876281E-01, MaxDensity 1.381E+02, gamma 5.637846E+02, time 0.664ms
[INFO   ] DREAMPlace - full step 4.703 ms
[INFO   ] DREAMPlace - optimizer step 2.096 ms
[INFO   ] DREAMPlace - iteration  512, ( 512,  0,  0), Obj 4.414426E+07, DensityWeight 3.313796E-06, wHPWL 7.323318E+07, Overflow 7.878262E-01, MaxDensity 1.323E+02, gamma 5.632452E+02, time 0.648ms
[INFO   ] DREAMPlace - full step 3.175 ms
[INFO   ] DREAMPlace - optimizer step 2.131 ms
[INFO   ] DREAMPlace - iteration  513, ( 513,  0,  0), Obj 4.422327E+07, DensityWeight 3.409896E-06, wHPWL 7.514038E+07, Overflow 7.838865E-01, MaxDensity 1.384E+02, gamma 5.638165E+02, time 0.655ms
[INFO   ] DREAMPlace - full step 3.246 ms
[INFO   ] DREAMPlace - optimizer step 2.092 ms
[INFO   ] DREAMPlace - iteration  514, ( 514,  0,  0), Obj 4.278611E+07, DensityWeight 3.401371E-06, wHPWL 7.519079E+07, Overflow 7.828503E-01, MaxDensity 1.369E+02, gamma 5.525645E+02, time 0.643ms
[INFO   ] DREAMPlace - full step 3.207 ms
[INFO   ] DREAMPlace - optimizer step 2.099 ms
[INFO   ] DREAMPlace - iteration  515, ( 515,  0,  0), Obj 4.240703E+07, DensityWeight 3.546431E-06, wHPWL 7.605112E+07, Overflow 7.799660E-01, MaxDensity 1.442E+02, gamma 5.496425E+02, time 0.657ms
[INFO   ] DREAMPlace - full step 3.211 ms
[INFO   ] DREAMPlace - optimizer step 2.081 ms
[INFO   ] DREAMPlace - iteration  516, ( 516,  0,  0), Obj 4.140948E+07, DensityWeight 3.537565E-06, wHPWL 7.588139E+07, Overflow 7.782143E-01, MaxDensity 1.266E+02, gamma 5.415901E+02, time 0.668ms
[INFO   ] DREAMPlace - full step 3.205 ms
[INFO   ] DREAMPlace - optimizer step 2.101 ms
[INFO   ] DREAMPlace - iteration  517, ( 517,  0,  0), Obj 4.101851E+07, DensityWeight 3.640155E-06, wHPWL 7.606262E+07, Overflow 7.762001E-01, MaxDensity 1.154E+02, gamma 5.367573E+02, time 0.644ms
[INFO   ] DREAMPlace - full step 3.210 ms
[INFO   ] DREAMPlace - optimizer step 2.099 ms
[INFO   ] DREAMPlace - iteration  518, ( 518,  0,  0), Obj 4.031625E+07, DensityWeight 3.726813E-06, wHPWL 7.568909E+07, Overflow 7.753543E-01, MaxDensity 1.160E+02, gamma 5.312539E+02, time 0.636ms
[INFO   ] DREAMPlace - full step 3.184 ms
[INFO   ] DREAMPlace - optimizer step 2.102 ms
[INFO   ] DREAMPlace - iteration  519, ( 519,  0,  0), Obj 3.986530E+07, DensityWeight 3.834891E-06, wHPWL 7.542237E+07, Overflow 7.735757E-01, MaxDensity 1.169E+02, gamma 5.289595E+02, time 0.662ms
[INFO   ] DREAMPlace - full step 3.216 ms
[INFO   ] DREAMPlace - plotting to gammalocal_results/nshuf/adaptec1/plot/iter0520.png takes 1.281 seconds
[INFO   ] DREAMPlace - optimizer step 3.845 ms
[INFO   ] DREAMPlace - iteration  520, ( 520,  0,  0), Obj 3.937838E+07, DensityWeight 3.946103E-06, wHPWL 7.498937E+07, Overflow 7.717184E-01, MaxDensity 1.243E+02, gamma 5.241673E+02, time 0.632ms
[INFO   ] DREAMPlace - full step 1288.278 ms
[INFO   ] DREAMPlace - optimizer step 2.169 ms
[INFO   ] DREAMPlace - iteration  521, ( 521,  0,  0), Obj 3.896676E+07, DensityWeight 4.060541E-06, wHPWL 7.459218E+07, Overflow 7.705724E-01, MaxDensity 1.311E+02, gamma 5.192097E+02, time 0.726ms
[INFO   ] DREAMPlace - full step 3.499 ms
[INFO   ] DREAMPlace - optimizer step 2.101 ms
[INFO   ] DREAMPlace - iteration  522, ( 522,  0,  0), Obj 4.565958E+07, DensityWeight 4.178296E-06, wHPWL 7.414057E+07, Overflow 7.699661E-01, MaxDensity 1.361E+02, gamma 5.161738E+02, time 0.643ms
[INFO   ] DREAMPlace - full step 3.207 ms
[INFO   ] DREAMPlace - optimizer step 2.109 ms
[INFO   ] DREAMPlace - iteration  523, ( 523,  0,  0), Obj 4.568102E+07, DensityWeight 4.299467E-06, wHPWL 7.585964E+07, Overflow 7.659761E-01, MaxDensity 1.173E+02, gamma 5.145752E+02, time 0.645ms
[INFO   ] DREAMPlace - full step 3.238 ms
[INFO   ] DREAMPlace - optimizer step 2.088 ms
[INFO   ] DREAMPlace - iteration  524, ( 524,  0,  0), Obj 4.426172E+07, DensityWeight 4.288718E-06, wHPWL 7.584955E+07, Overflow 7.646353E-01, MaxDensity 1.048E+02, gamma 5.041758E+02, time 0.636ms
[INFO   ] DREAMPlace - full step 3.182 ms
[INFO   ] DREAMPlace - optimizer step 2.094 ms
[INFO   ] DREAMPlace - iteration  525, ( 525,  0,  0), Obj 4.391670E+07, DensityWeight 4.413091E-06, wHPWL 7.669826E+07, Overflow 7.613875E-01, MaxDensity 1.087E+02, gamma 5.007286E+02, time 0.642ms
[INFO   ] DREAMPlace - full step 3.190 ms
[INFO   ] DREAMPlace - optimizer step 2.124 ms
[INFO   ] DREAMPlace - iteration  526, ( 526,  0,  0), Obj 4.299429E+07, DensityWeight 4.402058E-06, wHPWL 7.652986E+07, Overflow 7.608469E-01, MaxDensity 1.131E+02, gamma 4.924763E+02, time 0.634ms
[INFO   ] DREAMPlace - full step 3.224 ms
[INFO   ] DREAMPlace - optimizer step 2.130 ms
[INFO   ] DREAMPlace - iteration  527, ( 527,  0,  0), Obj 4.265472E+07, DensityWeight 4.529718E-06, wHPWL 7.677097E+07, Overflow 7.592486E-01, MaxDensity 1.164E+02, gamma 4.911155E+02, time 0.652ms
[INFO   ] DREAMPlace - full step 3.238 ms
[INFO   ] DREAMPlace - optimizer step 2.098 ms
[INFO   ] DREAMPlace - iteration  528, ( 528,  0,  0), Obj 4.194834E+07, DensityWeight 4.598999E-06, wHPWL 7.630858E+07, Overflow 7.589882E-01, MaxDensity 1.142E+02, gamma 4.871157E+02, time 0.664ms
[INFO   ] DREAMPlace - full step 3.224 ms
[INFO   ] DREAMPlace - optimizer step 2.141 ms
[INFO   ] DREAMPlace - iteration  529, ( 529,  0,  0), Obj 4.159631E+07, DensityWeight 4.732370E-06, wHPWL 7.617368E+07, Overflow 7.581770E-01, MaxDensity 1.087E+02, gamma 4.864670E+02, time 0.647ms
[INFO   ] DREAMPlace - full step 3.244 ms
[INFO   ] DREAMPlace - optimizer step 2.266 ms
[INFO   ] DREAMPlace - iteration  530, ( 530,  0,  0), Obj 4.102598E+07, DensityWeight 4.869609E-06, wHPWL 7.563945E+07, Overflow 7.576830E-01, MaxDensity 1.034E+02, gamma 4.844519E+02, time 0.633ms
[INFO   ] DREAMPlace - full step 3.355 ms
[INFO   ] DREAMPlace - optimizer step 2.486 ms
[INFO   ] DREAMPlace - iteration  531, ( 531,  0,  0), Obj 4.075877E+07, DensityWeight 5.010828E-06, wHPWL 7.543322E+07, Overflow 7.563712E-01, MaxDensity 1.042E+02, gamma 4.832289E+02, time 0.638ms
[INFO   ] DREAMPlace - full step 3.583 ms
[INFO   ] DREAMPlace - optimizer step 2.285 ms
[INFO   ] DREAMPlace - iteration  532, ( 532,  0,  0), Obj 4.750823E+07, DensityWeight 5.156142E-06, wHPWL 7.499153E+07, Overflow 7.553478E-01, MaxDensity 1.063E+02, gamma 4.799962E+02, time 0.641ms
[INFO   ] DREAMPlace - full step 3.381 ms
[INFO   ] DREAMPlace - optimizer step 2.340 ms
[INFO   ] DREAMPlace - iteration  533, ( 533,  0,  0), Obj 4.769290E+07, DensityWeight 5.305671E-06, wHPWL 7.683498E+07, Overflow 7.501066E-01, MaxDensity 9.598E+01, gamma 4.774894E+02, time 0.643ms
[INFO   ] DREAMPlace - full step 3.469 ms
[INFO   ] DREAMPlace - optimizer step 2.292 ms
[INFO   ] DREAMPlace - iteration  534, ( 534,  0,  0), Obj 4.617476E+07, DensityWeight 5.292406E-06, wHPWL 7.663323E+07, Overflow 7.495675E-01, MaxDensity 9.558E+01, gamma 4.648538E+02, time 0.636ms
[INFO   ] DREAMPlace - full step 3.392 ms
[INFO   ] DREAMPlace - optimizer step 2.128 ms
[INFO   ] DREAMPlace - iteration  535, ( 535,  0,  0), Obj 4.587786E+07, DensityWeight 5.445886E-06, wHPWL 7.744670E+07, Overflow 7.466030E-01, MaxDensity 8.797E+01, gamma 4.635735E+02, time 0.659ms
[INFO   ] DREAMPlace - full step 3.233 ms
[INFO   ] DREAMPlace - optimizer step 2.082 ms
[INFO   ] DREAMPlace - iteration  536, ( 536,  0,  0), Obj 4.484031E+07, DensityWeight 5.432271E-06, wHPWL 7.714677E+07, Overflow 7.455900E-01, MaxDensity 8.883E+01, gamma 4.565944E+02, time 0.639ms
[INFO   ] DREAMPlace - full step 3.183 ms
[INFO   ] DREAMPlace - optimizer step 2.095 ms
[INFO   ] DREAMPlace - iteration  537, ( 537,  0,  0), Obj 4.453847E+07, DensityWeight 5.589807E-06, wHPWL 7.737840E+07, Overflow 7.444239E-01, MaxDensity 9.326E+01, gamma 4.542339E+02, time 0.641ms
[INFO   ] DREAMPlace - full step 3.197 ms
[INFO   ] DREAMPlace - optimizer step 2.117 ms
[INFO   ] DREAMPlace - iteration  538, ( 538,  0,  0), Obj 4.383996E+07, DensityWeight 5.682807E-06, wHPWL 7.689066E+07, Overflow 7.440947E-01, MaxDensity 9.107E+01, gamma 4.515319E+02, time 0.648ms
[INFO   ] DREAMPlace - full step 3.227 ms
[INFO   ] DREAMPlace - optimizer step 2.062 ms
[INFO   ] DREAMPlace - iteration  539, ( 539,  0,  0), Obj 4.347295E+07, DensityWeight 5.847609E-06, wHPWL 7.671534E+07, Overflow 7.433953E-01, MaxDensity 9.275E+01, gamma 4.507719E+02, time 0.643ms
[INFO   ] DREAMPlace - full step 3.154 ms
[INFO   ] DREAMPlace - optimizer step 2.104 ms
[INFO   ] DREAMPlace - iteration  540, ( 540,  0,  0), Obj 4.293279E+07, DensityWeight 6.017190E-06, wHPWL 7.617222E+07, Overflow 7.439069E-01, MaxDensity 8.958E+01, gamma 4.491615E+02, time 0.647ms
[INFO   ] DREAMPlace - full step 3.206 ms
[INFO   ] DREAMPlace - optimizer step 2.096 ms
[INFO   ] DREAMPlace - iteration  541, ( 541,  0,  0), Obj 4.258337E+07, DensityWeight 6.191688E-06, wHPWL 7.586136E+07, Overflow 7.431307E-01, MaxDensity 9.209E+01, gamma 4.503387E+02, time 0.657ms
[INFO   ] DREAMPlace - full step 3.211 ms
[INFO   ] DREAMPlace - optimizer step 2.106 ms
[INFO   ] DREAMPlace - iteration  542, ( 542,  0,  0), Obj 4.836698E+07, DensityWeight 6.371248E-06, wHPWL 7.540611E+07, Overflow 7.426310E-01, MaxDensity 8.459E+01, gamma 4.485538E+02, time 0.676ms
[INFO   ] DREAMPlace - full step 3.245 ms
[INFO   ] DREAMPlace - optimizer step 2.080 ms
[INFO   ] DREAMPlace - iteration  543, ( 543,  0,  0), Obj 4.872675E+07, DensityWeight 6.556014E-06, wHPWL 7.740839E+07, Overflow 7.371820E-01, MaxDensity 8.039E+01, gamma 4.474084E+02, time 0.644ms
[INFO   ] DREAMPlace - full step 3.184 ms
[INFO   ] DREAMPlace - optimizer step 2.144 ms
[INFO   ] DREAMPlace - iteration  544, ( 544,  0,  0), Obj 4.732284E+07, DensityWeight 6.539624E-06, wHPWL 7.736008E+07, Overflow 7.367201E-01, MaxDensity 9.170E+01, gamma 4.351060E+02, time 0.972ms
[INFO   ] DREAMPlace - full step 3.572 ms
[INFO   ] DREAMPlace - optimizer step 2.202 ms
[INFO   ] DREAMPlace - iteration  545, ( 545,  0,  0), Obj 4.709386E+07, DensityWeight 6.729273E-06, wHPWL 7.822937E+07, Overflow 7.332503E-01, MaxDensity 8.830E+01, gamma 4.340790E+02, time 0.645ms
[INFO   ] DREAMPlace - full step 3.309 ms
[INFO   ] DREAMPlace - optimizer step 2.131 ms
[INFO   ] DREAMPlace - iteration  546, ( 546,  0,  0), Obj 4.617240E+07, DensityWeight 6.712450E-06, wHPWL 7.801162E+07, Overflow 7.325785E-01, MaxDensity 9.046E+01, gamma 4.264400E+02, time 2.171ms
[INFO   ] DREAMPlace - full step 4.755 ms
[INFO   ] DREAMPlace - optimizer step 2.086 ms
[INFO   ] DREAMPlace - iteration  547, ( 547,  0,  0), Obj 4.588344E+07, DensityWeight 6.907111E-06, wHPWL 7.821835E+07, Overflow 7.307277E-01, MaxDensity 8.666E+01, gamma 4.249767E+02, time 0.648ms
[INFO   ] DREAMPlace - full step 3.208 ms
[INFO   ] DREAMPlace - optimizer step 2.111 ms
[INFO   ] DREAMPlace - iteration  548, ( 548,  0,  0), Obj 4.523276E+07, DensityWeight 7.046440E-06, wHPWL 7.780005E+07, Overflow 7.294677E-01, MaxDensity 8.525E+01, gamma 4.209711E+02, time 0.657ms
[INFO   ] DREAMPlace - full step 3.214 ms
[INFO   ] DREAMPlace - optimizer step 2.066 ms
[INFO   ] DREAMPlace - iteration  549, ( 549,  0,  0), Obj 4.484087E+07, DensityWeight 7.250787E-06, wHPWL 7.757301E+07, Overflow 7.281918E-01, MaxDensity 8.448E+01, gamma 4.182659E+02, time 0.655ms
[INFO   ] DREAMPlace - full step 3.172 ms
[INFO   ] DREAMPlace - optimizer step 2.096 ms
[INFO   ] DREAMPlace - iteration  550, ( 550,  0,  0), Obj 4.437830E+07, DensityWeight 7.461060E-06, wHPWL 7.712240E+07, Overflow 7.275501E-01, MaxDensity 8.046E+01, gamma 4.155438E+02, time 0.648ms
[INFO   ] DREAMPlace - full step 3.203 ms
[INFO   ] DREAMPlace - optimizer step 2.714 ms
[INFO   ] DREAMPlace - iteration  551, ( 551,  0,  0), Obj 4.400097E+07, DensityWeight 7.677431E-06, wHPWL 7.679802E+07, Overflow 7.263471E-01, MaxDensity 7.733E+01, gamma 4.141817E+02, time 0.670ms
[INFO   ] DREAMPlace - full step 3.914 ms
[INFO   ] DREAMPlace - optimizer step 2.130 ms
[INFO   ] DREAMPlace - iteration  552, ( 552,  0,  0), Obj 5.078085E+07, DensityWeight 7.900077E-06, wHPWL 7.643196E+07, Overflow 7.253188E-01, MaxDensity 8.315E+01, gamma 4.116402E+02, time 0.640ms
[INFO   ] DREAMPlace - full step 3.231 ms
[INFO   ] DREAMPlace - optimizer step 2.097 ms
[INFO   ] DREAMPlace - iteration  553, ( 553,  0,  0), Obj 5.131838E+07, DensityWeight 8.129180E-06, wHPWL 7.854610E+07, Overflow 7.196566E-01, MaxDensity 8.083E+01, gamma 4.094798E+02, time 0.651ms
[INFO   ] DREAMPlace - full step 3.198 ms
[INFO   ] DREAMPlace - optimizer step 2.130 ms
[INFO   ] DREAMPlace - iteration  554, ( 554,  0,  0), Obj 4.964560E+07, DensityWeight 8.108856E-06, wHPWL 7.809869E+07, Overflow 7.188787E-01, MaxDensity 7.779E+01, gamma 3.977864E+02, time 0.653ms
[INFO   ] DREAMPlace - full step 3.251 ms
[INFO   ] DREAMPlace - optimizer step 2.110 ms
[INFO   ] DREAMPlace - iteration  555, ( 555,  0,  0), Obj 4.951786E+07, DensityWeight 8.344014E-06, wHPWL 7.905410E+07, Overflow 7.161698E-01, MaxDensity 6.803E+01, gamma 3.962061E+02, time 0.633ms
[INFO   ] DREAMPlace - full step 3.200 ms
[INFO   ] DREAMPlace - optimizer step 2.081 ms
[INFO   ] DREAMPlace - iteration  556, ( 556,  0,  0), Obj 4.848776E+07, DensityWeight 8.323153E-06, wHPWL 7.868419E+07, Overflow 7.156301E-01, MaxDensity 6.900E+01, gamma 3.907521E+02, time 0.675ms
[INFO   ] DREAMPlace - full step 3.222 ms
[INFO   ] DREAMPlace - optimizer step 2.164 ms
[INFO   ] DREAMPlace - iteration  557, ( 557,  0,  0), Obj 4.815898E+07, DensityWeight 8.564525E-06, wHPWL 7.884007E+07, Overflow 7.146944E-01, MaxDensity 7.025E+01, gamma 3.896745E+02, time 0.647ms
[INFO   ] DREAMPlace - full step 3.264 ms
[INFO   ] DREAMPlace - optimizer step 3.568 ms
[INFO   ] DREAMPlace - iteration  558, ( 558,  0,  0), Obj 4.751734E+07, DensityWeight 8.799449E-06, wHPWL 7.840650E+07, Overflow 7.151281E-01, MaxDensity 7.161E+01, gamma 3.878134E+02, time 0.650ms
[INFO   ] DREAMPlace - full step 4.651 ms
[INFO   ] DREAMPlace - optimizer step 2.106 ms
[INFO   ] DREAMPlace - iteration  559, ( 559,  0,  0), Obj 4.704854E+07, DensityWeight 9.054633E-06, wHPWL 7.806849E+07, Overflow 7.155133E-01, MaxDensity 7.521E+01, gamma 3.886750E+02, time 1.086ms
[INFO   ] DREAMPlace - full step 3.625 ms
[INFO   ] DREAMPlace - plotting to gammalocal_results/nshuf/adaptec1/plot/iter0560.png takes 1.303 seconds
[INFO   ] DREAMPlace - optimizer step 4.174 ms
[INFO   ] DREAMPlace - iteration  560, ( 560,  0,  0), Obj 4.659714E+07, DensityWeight 9.317218E-06, wHPWL 7.762652E+07, Overflow 7.156962E-01, MaxDensity 6.834E+01, gamma 3.894417E+02, time 0.646ms
[INFO   ] DREAMPlace - full step 1309.307 ms
[INFO   ] DREAMPlace - optimizer step 2.204 ms
[INFO   ] DREAMPlace - iteration  561, ( 561,  0,  0), Obj 4.615466E+07, DensityWeight 9.587417E-06, wHPWL 7.718474E+07, Overflow 7.161568E-01, MaxDensity 7.068E+01, gamma 3.898063E+02, time 0.734ms
[INFO   ] DREAMPlace - full step 3.504 ms
[INFO   ] DREAMPlace - optimizer step 3.312 ms
[INFO   ] DREAMPlace - iteration  562, ( 562,  0,  0), Obj 5.215978E+07, DensityWeight 9.865453E-06, wHPWL 7.677408E+07, Overflow 7.162341E-01, MaxDensity 7.523E+01, gamma 3.907263E+02, time 0.670ms
[INFO   ] DREAMPlace - full step 4.494 ms
[INFO   ] DREAMPlace - optimizer step 2.767 ms
[INFO   ] DREAMPlace - iteration  563, ( 563,  0,  0), Obj 5.234818E+07, DensityWeight 1.015155E-05, wHPWL 7.834168E+07, Overflow 7.114619E-01, MaxDensity 6.504E+01, gamma 3.908809E+02, time 1.379ms
[INFO   ] DREAMPlace - full step 4.627 ms
[INFO   ] DREAMPlace - optimizer step 2.139 ms
[INFO   ] DREAMPlace - iteration  564, ( 564,  0,  0), Obj 5.087373E+07, DensityWeight 1.012617E-05, wHPWL 7.808922E+07, Overflow 7.112536E-01, MaxDensity 7.175E+01, gamma 3.814516E+02, time 0.685ms
[INFO   ] DREAMPlace - full step 3.313 ms
[INFO   ] DREAMPlace - optimizer step 2.167 ms
[INFO   ] DREAMPlace - iteration  565, ( 565,  0,  0), Obj 5.061113E+07, DensityWeight 1.041983E-05, wHPWL 7.878660E+07, Overflow 7.087969E-01, MaxDensity 7.398E+01, gamma 3.810451E+02, time 0.639ms
[INFO   ] DREAMPlace - full step 3.269 ms
[INFO   ] DREAMPlace - optimizer step 2.166 ms
[INFO   ] DREAMPlace - iteration  566, ( 566,  0,  0), Obj 4.967724E+07, DensityWeight 1.039378E-05, wHPWL 7.852796E+07, Overflow 7.091156E-01, MaxDensity 6.276E+01, gamma 3.762852E+02, time 0.682ms
[INFO   ] DREAMPlace - full step 3.293 ms
[INFO   ] DREAMPlace - optimizer step 2.124 ms
[INFO   ] DREAMPlace - iteration  567, ( 567,  0,  0), Obj 4.937316E+07, DensityWeight 1.069520E-05, wHPWL 7.871328E+07, Overflow 7.079864E-01, MaxDensity 5.954E+01, gamma 3.768994E+02, time 0.655ms
[INFO   ] DREAMPlace - full step 3.244 ms
[INFO   ] DREAMPlace - optimizer step 2.154 ms
[INFO   ] DREAMPlace - iteration  568, ( 568,  0,  0), Obj 4.871377E+07, DensityWeight 1.094357E-05, wHPWL 7.829459E+07, Overflow 7.089255E-01, MaxDensity 5.851E+01, gamma 3.747280E+02, time 0.655ms
[INFO   ] DREAMPlace - full step 3.292 ms
[INFO   ] DREAMPlace - optimizer step 11.349 ms
[INFO   ] DREAMPlace - iteration  569, ( 569,  0,  0), Obj 4.837912E+07, DensityWeight 1.126093E-05, wHPWL 7.812925E+07, Overflow 7.092566E-01, MaxDensity 6.052E+01, gamma 3.765330E+02, time 0.664ms
[INFO   ] DREAMPlace - full step 12.475 ms
[INFO   ] DREAMPlace - optimizer step 2.105 ms
[INFO   ] DREAMPlace - iteration  570, ( 570,  0,  0), Obj 4.789244E+07, DensityWeight 1.158750E-05, wHPWL 7.765735E+07, Overflow 7.093834E-01, MaxDensity 6.262E+01, gamma 3.771713E+02, time 0.667ms
[INFO   ] DREAMPlace - full step 3.220 ms
[INFO   ] DREAMPlace - optimizer step 8.500 ms
[INFO   ] DREAMPlace - iteration  571, ( 571,  0,  0), Obj 4.757643E+07, DensityWeight 1.192354E-05, wHPWL 7.735826E+07, Overflow 7.091366E-01, MaxDensity 6.178E+01, gamma 3.774162E+02, time 3.532ms
[INFO   ] DREAMPlace - full step 12.502 ms
[INFO   ] DREAMPlace - optimizer step 2.253 ms
[INFO   ] DREAMPlace - iteration  572, ( 572,  0,  0), Obj 5.275980E+07, DensityWeight 1.226932E-05, wHPWL 7.692194E+07, Overflow 7.098344E-01, MaxDensity 5.946E+01, gamma 3.769398E+02, time 0.655ms
[INFO   ] DREAMPlace - full step 3.362 ms
[INFO   ] DREAMPlace - optimizer step 2.194 ms
[INFO   ] DREAMPlace - iteration  573, ( 573,  0,  0), Obj 5.319615E+07, DensityWeight 1.262513E-05, wHPWL 7.881616E+07, Overflow 7.037597E-01, MaxDensity 6.158E+01, gamma 3.782881E+02, time 0.677ms
[INFO   ] DREAMPlace - full step 3.341 ms
[INFO   ] DREAMPlace - optimizer step 2.183 ms
[INFO   ] DREAMPlace - iteration  574, ( 574,  0,  0), Obj 5.178030E+07, DensityWeight 1.259357E-05, wHPWL 7.864114E+07, Overflow 7.029626E-01, MaxDensity 6.201E+01, gamma 3.667106E+02, time 0.664ms
[INFO   ] DREAMPlace - full step 3.299 ms
[INFO   ] DREAMPlace - optimizer step 2.769 ms
[INFO   ] DREAMPlace - iteration  575, ( 575,  0,  0), Obj 5.158036E+07, DensityWeight 1.295878E-05, wHPWL 7.947563E+07, Overflow 6.995503E-01, MaxDensity 6.275E+01, gamma 3.652179E+02, time 1.112ms
[INFO   ] DREAMPlace - full step 4.344 ms
[INFO   ] DREAMPlace - optimizer step 2.220 ms
[INFO   ] DREAMPlace - iteration  576, ( 576,  0,  0), Obj 5.073172E+07, DensityWeight 1.292638E-05, wHPWL 7.930819E+07, Overflow 6.992934E-01, MaxDensity 6.079E+01, gamma 3.588964E+02, time 0.634ms
[INFO   ] DREAMPlace - full step 3.314 ms
[INFO   ] DREAMPlace - optimizer step 2.163 ms
[INFO   ] DREAMPlace - iteration  577, ( 577,  0,  0), Obj 5.047915E+07, DensityWeight 1.330125E-05, wHPWL 7.959173E+07, Overflow 6.968122E-01, MaxDensity 6.036E+01, gamma 3.584249E+02, time 0.645ms
[INFO   ] DREAMPlace - full step 3.271 ms
[INFO   ] DREAMPlace - optimizer step 2.130 ms
[INFO   ] DREAMPlace - iteration  578, ( 578,  0,  0), Obj 4.991366E+07, DensityWeight 1.342506E-05, wHPWL 7.929029E+07, Overflow 6.968715E-01, MaxDensity 5.980E+01, gamma 3.539031E+02, time 0.649ms
[INFO   ] DREAMPlace - full step 3.220 ms
[INFO   ] DREAMPlace - optimizer step 2.146 ms
[INFO   ] DREAMPlace - iteration  579, ( 579,  0,  0), Obj 4.957418E+07, DensityWeight 1.381438E-05, wHPWL 7.917814E+07, Overflow 6.954327E-01, MaxDensity 5.563E+01, gamma 3.540106E+02, time 0.664ms
[INFO   ] DREAMPlace - full step 3.272 ms
[INFO   ] DREAMPlace - optimizer step 2.118 ms
[INFO   ] DREAMPlace - iteration  580, ( 580,  0,  0), Obj 4.917090E+07, DensityWeight 1.421500E-05, wHPWL 7.885082E+07, Overflow 6.947998E-01, MaxDensity 6.096E+01, gamma 3.514139E+02, time 0.645ms
[INFO   ] DREAMPlace - full step 3.228 ms
[INFO   ] DREAMPlace - optimizer step 2.103 ms
[INFO   ] DREAMPlace - iteration  581, ( 581,  0,  0), Obj 4.885584E+07, DensityWeight 1.462724E-05, wHPWL 7.861167E+07, Overflow 6.944694E-01, MaxDensity 5.966E+01, gamma 3.502776E+02, time 0.652ms
[INFO   ] DREAMPlace - full step 3.207 ms
[INFO   ] DREAMPlace - optimizer step 2.099 ms
[INFO   ] DREAMPlace - iteration  582, ( 582,  0,  0), Obj 5.481561E+07, DensityWeight 1.505143E-05, wHPWL 7.830782E+07, Overflow 6.938279E-01, MaxDensity 5.499E+01, gamma 3.496860E+02, time 0.652ms
[INFO   ] DREAMPlace - full step 3.203 ms
[INFO   ] DREAMPlace - optimizer step 2.112 ms
[INFO   ] DREAMPlace - iteration  583, ( 583,  0,  0), Obj 5.489762E+07, DensityWeight 1.548792E-05, wHPWL 7.968577E+07, Overflow 6.890097E-01, MaxDensity 5.542E+01, gamma 3.485399E+02, time 0.742ms
[INFO   ] DREAMPlace - full step 3.319 ms
[INFO   ] DREAMPlace - optimizer step 2.089 ms
[INFO   ] DREAMPlace - iteration  584, ( 584,  0,  0), Obj 5.356776E+07, DensityWeight 1.544920E-05, wHPWL 7.956609E+07, Overflow 6.873332E-01, MaxDensity 5.341E+01, gamma 3.400522E+02, time 0.638ms
[INFO   ] DREAMPlace - full step 3.201 ms
[INFO   ] DREAMPlace - optimizer step 2.157 ms
[INFO   ] DREAMPlace - iteration  585, ( 585,  0,  0), Obj 5.334417E+07, DensityWeight 1.589723E-05, wHPWL 8.033054E+07, Overflow 6.843182E-01, MaxDensity 5.773E+01, gamma 3.371476E+02, time 0.645ms
[INFO   ] DREAMPlace - full step 3.253 ms
[INFO   ] DREAMPlace - optimizer step 2.102 ms
[INFO   ] DREAMPlace - iteration  586, ( 586,  0,  0), Obj 5.249920E+07, DensityWeight 1.585748E-05, wHPWL 8.015170E+07, Overflow 6.838809E-01, MaxDensity 5.746E+01, gamma 3.319862E+02, time 0.647ms
[INFO   ] DREAMPlace - full step 3.201 ms
[INFO   ] DREAMPlace - optimizer step 2.106 ms
[INFO   ] DREAMPlace - iteration  587, ( 587,  0,  0), Obj 5.220608E+07, DensityWeight 1.631735E-05, wHPWL 8.028699E+07, Overflow 6.823763E-01, MaxDensity 5.721E+01, gamma 3.312442E+02, time 0.635ms
[INFO   ] DREAMPlace - full step 3.203 ms
[INFO   ] DREAMPlace - optimizer step 2.126 ms
[INFO   ] DREAMPlace - iteration  588, ( 588,  0,  0), Obj 5.159532E+07, DensityWeight 1.681311E-05, wHPWL 7.991665E+07, Overflow 6.822870E-01, MaxDensity 5.184E+01, gamma 3.287037E+02, time 0.642ms
[INFO   ] DREAMPlace - full step 3.217 ms
[INFO   ] DREAMPlace - optimizer step 2.093 ms
[INFO   ] DREAMPlace - iteration  589, ( 589,  0,  0), Obj 5.125672E+07, DensityWeight 1.730069E-05, wHPWL 7.976479E+07, Overflow 6.815031E-01, MaxDensity 5.913E+01, gamma 3.285537E+02, time 0.644ms
[INFO   ] DREAMPlace - full step 3.185 ms
[INFO   ] DREAMPlace - optimizer step 2.101 ms
[INFO   ] DREAMPlace - iteration  590, ( 590,  0,  0), Obj 5.076079E+07, DensityWeight 1.780241E-05, wHPWL 7.929650E+07, Overflow 6.818675E-01, MaxDensity 6.212E+01, gamma 3.272385E+02, time 0.626ms
[INFO   ] DREAMPlace - full step 3.159 ms
[INFO   ] DREAMPlace - optimizer step 2.110 ms
[INFO   ] DREAMPlace - iteration  591, ( 591,  0,  0), Obj 5.039945E+07, DensityWeight 1.831868E-05, wHPWL 7.896173E+07, Overflow 6.814010E-01, MaxDensity 6.037E+01, gamma 3.278491E+02, time 0.675ms
[INFO   ] DREAMPlace - full step 3.242 ms
[INFO   ] DREAMPlace - optimizer step 2.094 ms
[INFO   ] DREAMPlace - iteration  592, ( 592,  0,  0), Obj 5.557093E+07, DensityWeight 1.884992E-05, wHPWL 7.862470E+07, Overflow 6.809449E-01, MaxDensity 5.808E+01, gamma 3.270675E+02, time 0.636ms
[INFO   ] DREAMPlace - full step 3.186 ms
[INFO   ] DREAMPlace - optimizer step 2.131 ms
[INFO   ] DREAMPlace - iteration  593, ( 593,  0,  0), Obj 5.562400E+07, DensityWeight 1.939657E-05, wHPWL 7.996154E+07, Overflow 6.746802E-01, MaxDensity 5.048E+01, gamma 3.263050E+02, time 0.638ms
[INFO   ] DREAMPlace - full step 3.222 ms
[INFO   ] DREAMPlace - optimizer step 2.086 ms
[INFO   ] DREAMPlace - iteration  594, ( 594,  0,  0), Obj 5.439607E+07, DensityWeight 1.934808E-05, wHPWL 7.992967E+07, Overflow 6.732792E-01, MaxDensity 5.936E+01, gamma 3.160110E+02, time 0.631ms
[INFO   ] DREAMPlace - full step 3.184 ms
[INFO   ] DREAMPlace - optimizer step 2.121 ms
[INFO   ] DREAMPlace - iteration  595, ( 595,  0,  0), Obj 5.415515E+07, DensityWeight 1.990917E-05, wHPWL 8.061955E+07, Overflow 6.698140E-01, MaxDensity 5.772E+01, gamma 3.137538E+02, time 0.643ms
[INFO   ] DREAMPlace - full step 3.218 ms
[INFO   ] DREAMPlace - optimizer step 2.101 ms
[INFO   ] DREAMPlace - iteration  596, ( 596,  0,  0), Obj 5.337698E+07, DensityWeight 1.985940E-05, wHPWL 8.046158E+07, Overflow 6.683183E-01, MaxDensity 5.330E+01, gamma 3.082396E+02, time 0.643ms
[INFO   ] DREAMPlace - full step 3.197 ms
[INFO   ] DREAMPlace - optimizer step 2.115 ms
[INFO   ] DREAMPlace - iteration  597, ( 597,  0,  0), Obj 5.309222E+07, DensityWeight 2.043532E-05, wHPWL 8.064587E+07, Overflow 6.660601E-01, MaxDensity 4.813E+01, gamma 3.058896E+02, time 0.648ms
[INFO   ] DREAMPlace - full step 3.240 ms
[INFO   ] DREAMPlace - optimizer step 2.137 ms
[INFO   ] DREAMPlace - iteration  598, ( 598,  0,  0), Obj 5.254777E+07, DensityWeight 2.091288E-05, wHPWL 8.033730E+07, Overflow 6.648839E-01, MaxDensity 4.943E+01, gamma 3.023755E+02, time 0.651ms
[INFO   ] DREAMPlace - full step 3.248 ms
[INFO   ] DREAMPlace - optimizer step 5.501 ms
[INFO   ] DREAMPlace - iteration  599, ( 599,  0,  0), Obj 5.222336E+07, DensityWeight 2.151935E-05, wHPWL 8.020593E+07, Overflow 6.636507E-01, MaxDensity 4.880E+01, gamma 3.005611E+02, time 0.659ms
[INFO   ] DREAMPlace - full step 6.630 ms
[INFO   ] DREAMPlace - plotting to gammalocal_results/nshuf/adaptec1/plot/iter0600.png takes 1.305 seconds
[INFO   ] DREAMPlace - optimizer step 3.572 ms
[INFO   ] DREAMPlace - iteration  600, ( 600,  0,  0), Obj 5.186791E+07, DensityWeight 2.214342E-05, wHPWL 7.990256E+07, Overflow 6.625986E-01, MaxDensity 4.998E+01, gamma 2.986704E+02, time 0.664ms
[INFO   ] DREAMPlace - full step 1310.625 ms
[INFO   ] DREAMPlace - gamma_local: mean(coef_net)/coef = 1.834 (norm=gamma, applied ratio 1.000)
[INFO   ] DREAMPlace - optimizer step 2.187 ms
[INFO   ] DREAMPlace - iteration  601, ( 601,  0,  0), Obj 5.150847E+07, DensityWeight 2.278558E-05, wHPWL 7.959459E+07, Overflow 6.614888E-01, MaxDensity 4.837E+01, gamma 2.970669E+02, time 0.695ms
[INFO   ] DREAMPlace - full step 3.410 ms
[INFO   ] DREAMPlace - optimizer step 2.156 ms
[INFO   ] DREAMPlace - iteration  602, ( 602,  0,  0), Obj 5.789261E+07, DensityWeight 2.344636E-05, wHPWL 7.928330E+07, Overflow 6.602940E-01, MaxDensity 4.944E+01, gamma 2.953848E+02, time 0.646ms
[INFO   ] DREAMPlace - full step 3.281 ms
[INFO   ] DREAMPlace - optimizer step 2.117 ms
[INFO   ] DREAMPlace - iteration  603, ( 603,  0,  0), Obj 5.796306E+07, DensityWeight 2.412630E-05, wHPWL 8.052621E+07, Overflow 6.556162E-01, MaxDensity 4.455E+01, gamma 2.935844E+02, time 0.635ms
[INFO   ] DREAMPlace - full step 3.276 ms
[INFO   ] DREAMPlace - optimizer step 2.089 ms
[INFO   ] DREAMPlace - iteration  604, ( 604,  0,  0), Obj 5.655974E+07, DensityWeight 2.406599E-05, wHPWL 8.019587E+07, Overflow 6.555735E-01, MaxDensity 4.194E+01, gamma 2.866407E+02, time 0.648ms
[INFO   ] DREAMPlace - full step 3.193 ms
[INFO   ] DREAMPlace - optimizer step 2.111 ms
[INFO   ] DREAMPlace - iteration  605, ( 605,  0,  0), Obj 5.635098E+07, DensityWeight 2.476390E-05, wHPWL 8.084315E+07, Overflow 6.517656E-01, MaxDensity 4.092E+01, gamma 2.865780E+02, time 0.638ms
[INFO   ] DREAMPlace - full step 3.207 ms
[INFO   ] DREAMPlace - optimizer step 2.085 ms
[INFO   ] DREAMPlace - iteration  606, ( 606,  0,  0), Obj 5.552740E+07, DensityWeight 2.470199E-05, wHPWL 8.058491E+07, Overflow 6.515713E-01, MaxDensity 4.141E+01, gamma 2.810484E+02, time 0.640ms
[INFO   ] DREAMPlace - full step 3.186 ms
[INFO   ] DREAMPlace - optimizer step 2.082 ms
[INFO   ] DREAMPlace - iteration  607, ( 607,  0,  0), Obj 5.516934E+07, DensityWeight 2.541835E-05, wHPWL 8.062205E+07, Overflow 6.499190E-01, MaxDensity 3.948E+01, gamma 2.807690E+02, time 0.636ms
[INFO   ] DREAMPlace - full step 3.176 ms
[INFO   ] DREAMPlace - optimizer step 2.095 ms
[INFO   ] DREAMPlace - iteration  608, ( 608,  0,  0), Obj 5.462510E+07, DensityWeight 2.655146E-05, wHPWL 8.028311E+07, Overflow 6.499397E-01, MaxDensity 4.188E+01, gamma 2.784053E+02, time 0.654ms
[INFO   ] DREAMPlace - full step 3.179 ms
[INFO   ] DREAMPlace - optimizer step 2.110 ms
[INFO   ] DREAMPlace - iteration  609, ( 609,  0,  0), Obj 5.421002E+07, DensityWeight 2.732145E-05, wHPWL 7.998163E+07, Overflow 6.505531E-01, MaxDensity 4.080E+01, gamma 2.784347E+02, time 0.647ms
[INFO   ] DREAMPlace - full step 3.204 ms
[INFO   ] DREAMPlace - optimizer step 2.165 ms
[INFO   ] DREAMPlace - iteration  610, ( 610,  0,  0), Obj 5.377205E+07, DensityWeight 2.811377E-05, wHPWL 7.958040E+07, Overflow 6.506361E-01, MaxDensity 4.190E+01, gamma 2.793100E+02, time 0.638ms
[INFO   ] DREAMPlace - full step 3.241 ms
[INFO   ] DREAMPlace - optimizer step 2.108 ms
[INFO   ] DREAMPlace - iteration  611, ( 611,  0,  0), Obj 5.338956E+07, DensityWeight 2.892907E-05, wHPWL 7.920881E+07, Overflow 6.510757E-01, MaxDensity 4.306E+01, gamma 2.794286E+02, time 0.664ms
[INFO   ] DREAMPlace - full step 3.208 ms
[INFO   ] DREAMPlace - optimizer step 2.113 ms
[INFO   ] DREAMPlace - iteration  612, ( 612,  0,  0), Obj 5.816012E+07, DensityWeight 2.976802E-05, wHPWL 7.884087E+07, Overflow 6.511481E-01, MaxDensity 4.176E+01, gamma 2.800579E+02, time 0.641ms
[INFO   ] DREAMPlace - full step 3.215 ms
[INFO   ] DREAMPlace - optimizer step 2.125 ms
[INFO   ] DREAMPlace - iteration  613, ( 613,  0,  0), Obj 5.802329E+07, DensityWeight 3.063129E-05, wHPWL 7.977898E+07, Overflow 6.469393E-01, MaxDensity 4.154E+01, gamma 2.801616E+02, time 0.658ms
[INFO   ] DREAMPlace - full step 3.230 ms
[INFO   ] DREAMPlace - optimizer step 2.132 ms
[INFO   ] DREAMPlace - iteration  614, ( 614,  0,  0), Obj 5.690082E+07, DensityWeight 3.055471E-05, wHPWL 7.970694E+07, Overflow 6.460335E-01, MaxDensity 4.418E+01, gamma 2.741926E+02, time 0.644ms
[INFO   ] DREAMPlace - full step 3.224 ms
[INFO   ] DREAMPlace - optimizer step 2.126 ms
[INFO   ] DREAMPlace - iteration  615, ( 615,  0,  0), Obj 5.656269E+07, DensityWeight 3.144080E-05, wHPWL 8.020283E+07, Overflow 6.429111E-01, MaxDensity 4.039E+01, gamma 2.729247E+02, time 0.638ms
[INFO   ] DREAMPlace - full step 3.213 ms
[INFO   ] DREAMPlace - optimizer step 2.127 ms
[INFO   ] DREAMPlace - iteration  616, ( 616,  0,  0), Obj 5.590815E+07, DensityWeight 3.136220E-05, wHPWL 8.012088E+07, Overflow 6.417918E-01, MaxDensity 3.809E+01, gamma 2.685990E+02, time 0.644ms
[INFO   ] DREAMPlace - full step 3.242 ms
[INFO   ] DREAMPlace - optimizer step 2.095 ms
[INFO   ] DREAMPlace - iteration  617, ( 617,  0,  0), Obj 5.548526E+07, DensityWeight 3.227170E-05, wHPWL 8.011458E+07, Overflow 6.401978E-01, MaxDensity 4.026E+01, gamma 2.670649E+02, time 0.648ms
[INFO   ] DREAMPlace - full step 3.191 ms
[INFO   ] DREAMPlace - optimizer step 2.078 ms
[INFO   ] DREAMPlace - iteration  618, ( 618,  0,  0), Obj 5.503558E+07, DensityWeight 3.320758E-05, wHPWL 7.989514E+07, Overflow 6.394802E-01, MaxDensity 4.099E+01, gamma 2.648955E+02, time 0.643ms
[INFO   ] DREAMPlace - full step 3.178 ms
[INFO   ] DREAMPlace - optimizer step 2.103 ms
[INFO   ] DREAMPlace - iteration  619, ( 619,  0,  0), Obj 5.464953E+07, DensityWeight 3.417060E-05, wHPWL 7.966534E+07, Overflow 6.383361E-01, MaxDensity 4.037E+01, gamma 2.639247E+02, time 0.636ms
[INFO   ] DREAMPlace - full step 3.211 ms
[INFO   ] DREAMPlace - optimizer step 2.117 ms
[INFO   ] DREAMPlace - iteration  620, ( 620,  0,  0), Obj 5.423178E+07, DensityWeight 3.516155E-05, wHPWL 7.925988E+07, Overflow 6.386036E-01, MaxDensity 4.053E+01, gamma 2.623842E+02, time 0.656ms
[INFO   ] DREAMPlace - full step 3.204 ms
[INFO   ] DREAMPlace - optimizer step 2.195 ms
[INFO   ] DREAMPlace - iteration  621, ( 621,  0,  0), Obj 5.388006E+07, DensityWeight 3.618124E-05, wHPWL 7.892823E+07, Overflow 6.383805E-01, MaxDensity 4.425E+01, gamma 2.627435E+02, time 0.657ms
[INFO   ] DREAMPlace - full step 3.289 ms
[INFO   ] DREAMPlace - optimizer step 2.105 ms
[INFO   ] DREAMPlace - iteration  622, ( 622,  0,  0), Obj 5.867943E+07, DensityWeight 3.723050E-05, wHPWL 7.860894E+07, Overflow 6.377296E-01, MaxDensity 4.995E+01, gamma 2.624437E+02, time 0.638ms
[INFO   ] DREAMPlace - full step 3.210 ms
[INFO   ] DREAMPlace - optimizer step 2.090 ms
[INFO   ] DREAMPlace - iteration  623, ( 623,  0,  0), Obj 5.856432E+07, DensityWeight 3.831018E-05, wHPWL 7.958981E+07, Overflow 6.341909E-01, MaxDensity 5.053E+01, gamma 2.615711E+02, time 0.650ms
[INFO   ] DREAMPlace - full step 3.192 ms
[INFO   ] DREAMPlace - optimizer step 2.107 ms
[INFO   ] DREAMPlace - iteration  624, ( 624,  0,  0), Obj 5.747846E+07, DensityWeight 3.821441E-05, wHPWL 7.956211E+07, Overflow 6.333192E-01, MaxDensity 5.017E+01, gamma 2.568774E+02, time 0.638ms
[INFO   ] DREAMPlace - full step 3.195 ms
[INFO   ] DREAMPlace - optimizer step 2.113 ms
[INFO   ] DREAMPlace - iteration  625, ( 625,  0,  0), Obj 5.719718E+07, DensityWeight 3.932263E-05, wHPWL 8.010906E+07, Overflow 6.299654E-01, MaxDensity 4.700E+01, gamma 2.557343E+02, time 0.646ms
[INFO   ] DREAMPlace - full step 3.216 ms
[INFO   ] DREAMPlace - optimizer step 2.120 ms
[INFO   ] DREAMPlace - iteration  626, ( 626,  0,  0), Obj 5.657924E+07, DensityWeight 3.922432E-05, wHPWL 8.004170E+07, Overflow 6.287125E-01, MaxDensity 4.547E+01, gamma 2.513830E+02, time 0.669ms
[INFO   ] DREAMPlace - full step 3.246 ms
[INFO   ] DREAMPlace - optimizer step 2.125 ms
[INFO   ] DREAMPlace - iteration  627, ( 627,  0,  0), Obj 5.619075E+07, DensityWeight 4.036183E-05, wHPWL 8.004277E+07, Overflow 6.262512E-01, MaxDensity 4.347E+01, gamma 2.497766E+02, time 0.666ms
[INFO   ] DREAMPlace - full step 3.244 ms
[INFO   ] DREAMPlace - optimizer step 2.098 ms
[INFO   ] DREAMPlace - iteration  628, ( 628,  0,  0), Obj 5.578488E+07, DensityWeight 4.237358E-05, wHPWL 7.986129E+07, Overflow 6.245407E-01, MaxDensity 4.305E+01, gamma 2.466506E+02, time 0.655ms
[INFO   ] DREAMPlace - full step 3.201 ms
[INFO   ] DREAMPlace - optimizer step 2.124 ms
[INFO   ] DREAMPlace - iteration  629, ( 629,  0,  0), Obj 5.539033E+07, DensityWeight 4.360242E-05, wHPWL 7.959122E+07, Overflow 6.233844E-01, MaxDensity 4.570E+01, gamma 2.445014E+02, time 0.643ms
[INFO   ] DREAMPlace - full step 3.237 ms
[INFO   ] DREAMPlace - optimizer step 2.104 ms
[INFO   ] DREAMPlace - iteration  630, ( 630,  0,  0), Obj 5.504105E+07, DensityWeight 4.486689E-05, wHPWL 7.927670E+07, Overflow 6.215211E-01, MaxDensity 4.446E+01, gamma 2.430589E+02, time 0.650ms
[INFO   ] DREAMPlace - full step 3.209 ms
[INFO   ] DREAMPlace - optimizer step 2.108 ms
[INFO   ] DREAMPlace - iteration  631, ( 631,  0,  0), Obj 5.467821E+07, DensityWeight 4.616803E-05, wHPWL 7.894194E+07, Overflow 6.202852E-01, MaxDensity 4.248E+01, gamma 2.407525E+02, time 0.673ms
[INFO   ] DREAMPlace - full step 3.232 ms
[INFO   ] DREAMPlace - optimizer step 2.082 ms
[INFO   ] DREAMPlace - iteration  632, ( 632,  0,  0), Obj 5.923814E+07, DensityWeight 4.750691E-05, wHPWL 7.866682E+07, Overflow 6.189675E-01, MaxDensity 4.400E+01, gamma 2.392348E+02, time 0.636ms
[INFO   ] DREAMPlace - full step 3.184 ms
[INFO   ] DREAMPlace - optimizer step 2.098 ms
[INFO   ] DREAMPlace - iteration  633, ( 633,  0,  0), Obj 5.913067E+07, DensityWeight 4.888461E-05, wHPWL 7.961777E+07, Overflow 6.142055E-01, MaxDensity 4.001E+01, gamma 2.376272E+02, time 0.659ms
[INFO   ] DREAMPlace - full step 3.204 ms
[INFO   ] DREAMPlace - optimizer step 2.090 ms
[INFO   ] DREAMPlace - iteration  634, ( 634,  0,  0), Obj 5.816924E+07, DensityWeight 4.876239E-05, wHPWL 7.964714E+07, Overflow 6.113425E-01, MaxDensity 3.473E+01, gamma 2.319071E+02, time 0.642ms
[INFO   ] DREAMPlace - full step 3.183 ms
[INFO   ] DREAMPlace - optimizer step 2.115 ms
[INFO   ] DREAMPlace - iteration  635, ( 635,  0,  0), Obj 5.792093E+07, DensityWeight 5.099133E-05, wHPWL 8.018826E+07, Overflow 6.075788E-01, MaxDensity 3.410E+01, gamma 2.285346E+02, time 0.676ms
[INFO   ] DREAMPlace - full step 3.240 ms
[INFO   ] DREAMPlace - optimizer step 2.113 ms
[INFO   ] DREAMPlace - iteration  636, ( 636,  0,  0), Obj 5.736900E+07, DensityWeight 5.086385E-05, wHPWL 8.016705E+07, Overflow 6.044710E-01, MaxDensity 3.290E+01, gamma 2.241755E+02, time 0.641ms
[INFO   ] DREAMPlace - full step 3.223 ms
[INFO   ] DREAMPlace - optimizer step 2.415 ms
[INFO   ] DREAMPlace - iteration  637, ( 637,  0,  0), Obj 5.701363E+07, DensityWeight 5.233890E-05, wHPWL 8.016351E+07, Overflow 6.019750E-01, MaxDensity 3.205E+01, gamma 2.206387E+02, time 5.490ms
[INFO   ] DREAMPlace - full step 8.358 ms
[INFO   ] DREAMPlace - optimizer step 2.113 ms
[INFO   ] DREAMPlace - iteration  638, ( 638,  0,  0), Obj 5.660454E+07, DensityWeight 5.385673E-05, wHPWL 7.998195E+07, Overflow 5.993493E-01, MaxDensity 3.406E+01, gamma 2.178388E+02, time 0.855ms
[INFO   ] DREAMPlace - full step 3.436 ms
[INFO   ] DREAMPlace - optimizer step 2.094 ms
[INFO   ] DREAMPlace - iteration  639, ( 639,  0,  0), Obj 5.628213E+07, DensityWeight 5.541858E-05, wHPWL 7.979030E+07, Overflow 5.972301E-01, MaxDensity 3.613E+01, gamma 2.149316E+02, time 0.653ms
[INFO   ] DREAMPlace - full step 3.195 ms
[INFO   ] DREAMPlace - plotting to gammalocal_results/nshuf/adaptec1/plot/iter0640.png takes 1.309 seconds
[INFO   ] DREAMPlace - optimizer step 3.805 ms
[INFO   ] DREAMPlace - iteration  640, ( 640,  0,  0), Obj 5.595592E+07, DensityWeight 5.702572E-05, wHPWL 7.948843E+07, Overflow 5.936323E-01, MaxDensity 3.598E+01, gamma 2.126136E+02, time 0.646ms
[INFO   ] DREAMPlace - full step 1314.355 ms
[INFO   ] DREAMPlace - optimizer step 2.249 ms
[INFO   ] DREAMPlace - iteration  641, ( 641,  0,  0), Obj 5.563831E+07, DensityWeight 5.867947E-05, wHPWL 7.921016E+07, Overflow 5.914703E-01, MaxDensity 3.313E+01, gamma 2.087353E+02, time 0.701ms
[INFO   ] DREAMPlace - full step 3.470 ms
[INFO   ] DREAMPlace - optimizer step 2.176 ms
[INFO   ] DREAMPlace - iteration  642, ( 642,  0,  0), Obj 6.077120E+07, DensityWeight 6.038118E-05, wHPWL 7.887744E+07, Overflow 5.894796E-01, MaxDensity 3.305E+01, gamma 2.064388E+02, time 0.643ms
[INFO   ] DREAMPlace - full step 3.282 ms
[INFO   ] DREAMPlace - optimizer step 2.151 ms
[INFO   ] DREAMPlace - iteration  643, ( 643,  0,  0), Obj 6.064908E+07, DensityWeight 6.213223E-05, wHPWL 7.975570E+07, Overflow 5.829008E-01, MaxDensity 3.303E+01, gamma 2.043468E+02, time 0.645ms
[INFO   ] DREAMPlace - full step 3.267 ms
[INFO   ] DREAMPlace - optimizer step 2.119 ms
[INFO   ] DREAMPlace - iteration  644, ( 644,  0,  0), Obj 5.969766E+07, DensityWeight 6.197690E-05, wHPWL 7.968758E+07, Overflow 5.808957E-01, MaxDensity 3.261E+01, gamma 1.975824E+02, time 0.659ms
[INFO   ] DREAMPlace - full step 3.231 ms
[INFO   ] DREAMPlace - optimizer step 2.126 ms
[INFO   ] DREAMPlace - iteration  645, ( 645,  0,  0), Obj 5.943919E+07, DensityWeight 6.377423E-05, wHPWL 8.012510E+07, Overflow 5.756067E-01, MaxDensity 2.936E+01, gamma 1.955655E+02, time 0.664ms
[INFO   ] DREAMPlace - full step 3.243 ms
[INFO   ] DREAMPlace - optimizer step 2.167 ms
[INFO   ] DREAMPlace - iteration  646, ( 646,  0,  0), Obj 5.887679E+07, DensityWeight 6.361480E-05, wHPWL 8.001404E+07, Overflow 5.726481E-01, MaxDensity 2.618E+01, gamma 1.903439E+02, time 0.644ms
[INFO   ] DREAMPlace - full step 3.264 ms
[INFO   ] DREAMPlace - optimizer step 2.173 ms
[INFO   ] DREAMPlace - iteration  647, ( 647,  0,  0), Obj 5.853448E+07, DensityWeight 6.545963E-05, wHPWL 7.997917E+07, Overflow 5.694684E-01, MaxDensity 2.659E+01, gamma 1.874840E+02, time 0.641ms
[INFO   ] DREAMPlace - full step 3.287 ms
[INFO   ] DREAMPlace - optimizer step 2.179 ms
[INFO   ] DREAMPlace - iteration  648, ( 648,  0,  0), Obj 5.815291E+07, DensityWeight 6.735796E-05, wHPWL 7.974134E+07, Overflow 5.679477E-01, MaxDensity 2.541E+01, gamma 1.844583E+02, time 0.651ms
[INFO   ] DREAMPlace - full step 3.289 ms
[INFO   ] DREAMPlace - optimizer step 2.198 ms
[INFO   ] DREAMPlace - iteration  649, ( 649,  0,  0), Obj 5.785407E+07, DensityWeight 6.931135E-05, wHPWL 7.955579E+07, Overflow 5.653865E-01, MaxDensity 2.644E+01, gamma 1.830287E+02, time 0.679ms
[INFO   ] DREAMPlace - full step 3.388 ms
[INFO   ] DREAMPlace - optimizer step 2.403 ms
[INFO   ] DREAMPlace - iteration  650, ( 650,  0,  0), Obj 5.751974E+07, DensityWeight 7.132138E-05, wHPWL 7.922659E+07, Overflow 5.634705E-01, MaxDensity 2.750E+01, gamma 1.806456E+02, time 0.734ms
[INFO   ] DREAMPlace - full step 3.683 ms
[INFO   ] DREAMPlace - optimizer step 2.327 ms
[INFO   ] DREAMPlace - iteration  651, ( 651,  0,  0), Obj 5.723089E+07, DensityWeight 7.338970E-05, wHPWL 7.895869E+07, Overflow 5.611998E-01, MaxDensity 2.829E+01, gamma 1.788833E+02, time 0.667ms
[INFO   ] DREAMPlace - full step 3.562 ms
[INFO   ] DREAMPlace - optimizer step 2.436 ms
[INFO   ] DREAMPlace - iteration  652, ( 652,  0,  0), Obj 6.239098E+07, DensityWeight 7.551801E-05, wHPWL 7.868136E+07, Overflow 5.603290E-01, MaxDensity 3.205E+01, gamma 1.768169E+02, time 0.678ms
[INFO   ] DREAMPlace - full step 3.610 ms
[INFO   ] DREAMPlace - optimizer step 2.331 ms
[INFO   ] DREAMPlace - iteration  653, ( 653,  0,  0), Obj 6.241642E+07, DensityWeight 7.770803E-05, wHPWL 7.958869E+07, Overflow 5.553685E-01, MaxDensity 2.710E+01, gamma 1.760307E+02, time 0.753ms
[INFO   ] DREAMPlace - full step 3.683 ms
[INFO   ] DREAMPlace - optimizer step 2.364 ms
[INFO   ] DREAMPlace - iteration  654, ( 654,  0,  0), Obj 6.141300E+07, DensityWeight 7.751376E-05, wHPWL 7.933082E+07, Overflow 5.557870E-01, MaxDensity 2.593E+01, gamma 1.716189E+02, time 0.663ms
[INFO   ] DREAMPlace - full step 3.475 ms
[INFO   ] DREAMPlace - optimizer step 2.621 ms
[INFO   ] DREAMPlace - iteration  655, ( 655,  0,  0), Obj 6.120745E+07, DensityWeight 7.976166E-05, wHPWL 7.970139E+07, Overflow 5.539469E-01, MaxDensity 2.646E+01, gamma 1.719868E+02, time 0.709ms
[INFO   ] DREAMPlace - full step 3.821 ms
[INFO   ] DREAMPlace - optimizer step 2.190 ms
[INFO   ] DREAMPlace - iteration  656, ( 656,  0,  0), Obj 6.061318E+07, DensityWeight 7.956225E-05, wHPWL 7.947821E+07, Overflow 5.539160E-01, MaxDensity 2.482E+01, gamma 1.703751E+02, time 0.673ms
[INFO   ] DREAMPlace - full step 3.312 ms
[INFO   ] DREAMPlace - optimizer step 3.137 ms
[INFO   ] DREAMPlace - iteration  657, ( 657,  0,  0), Obj 6.025682E+07, DensityWeight 8.186956E-05, wHPWL 7.935859E+07, Overflow 5.525745E-01, MaxDensity 2.403E+01, gamma 1.703481E+02, time 0.657ms
[INFO   ] DREAMPlace - full step 4.320 ms
[INFO   ] DREAMPlace - optimizer step 2.231 ms
[INFO   ] DREAMPlace - iteration  658, ( 658,  0,  0), Obj 5.983285E+07, DensityWeight 8.424377E-05, wHPWL 7.902134E+07, Overflow 5.520068E-01, MaxDensity 2.498E+01, gamma 1.691828E+02, time 0.659ms
[INFO   ] DREAMPlace - full step 3.404 ms
[INFO   ] DREAMPlace - optimizer step 2.492 ms
[INFO   ] DREAMPlace - iteration  659, ( 659,  0,  0), Obj 5.951282E+07, DensityWeight 8.668684E-05, wHPWL 7.878694E+07, Overflow 5.519274E-01, MaxDensity 2.431E+01, gamma 1.686921E+02, time 1.434ms
[INFO   ] DREAMPlace - full step 4.497 ms
[INFO   ] DREAMPlace - optimizer step 3.757 ms
[INFO   ] DREAMPlace - iteration  660, ( 660,  0,  0), Obj 5.918914E+07, DensityWeight 8.920077E-05, wHPWL 7.844237E+07, Overflow 5.520359E-01, MaxDensity 2.666E+01, gamma 1.686237E+02, time 1.370ms
[INFO   ] DREAMPlace - full step 5.591 ms
[INFO   ] DREAMPlace - optimizer step 2.131 ms
[INFO   ] DREAMPlace - iteration  661, ( 661,  0,  0), Obj 5.886621E+07, DensityWeight 9.178760E-05, wHPWL 7.812311E+07, Overflow 5.520889E-01, MaxDensity 2.876E+01, gamma 1.687173E+02, time 0.695ms
[INFO   ] DREAMPlace - full step 3.268 ms
[INFO   ] DREAMPlace - optimizer step 2.107 ms
[INFO   ] DREAMPlace - iteration  662, ( 662,  0,  0), Obj 6.218316E+07, DensityWeight 9.444944E-05, wHPWL 7.782660E+07, Overflow 5.517046E-01, MaxDensity 2.686E+01, gamma 1.687630E+02, time 0.747ms
[INFO   ] DREAMPlace - full step 3.312 ms
[INFO   ] DREAMPlace - optimizer step 2.109 ms
[INFO   ] DREAMPlace - iteration  663, ( 663,  0,  0), Obj 6.204790E+07, DensityWeight 9.718847E-05, wHPWL 7.852361E+07, Overflow 5.480273E-01, MaxDensity 2.821E+01, gamma 1.684315E+02, time 0.637ms
[INFO   ] DREAMPlace - full step 3.196 ms
[INFO   ] DREAMPlace - optimizer step 2.339 ms
[INFO   ] DREAMPlace - iteration  664, ( 664,  0,  0), Obj 6.127706E+07, DensityWeight 9.694550E-05, wHPWL 7.855938E+07, Overflow 5.466505E-01, MaxDensity 2.688E+01, gamma 1.652918E+02, time 0.657ms
[INFO   ] DREAMPlace - full step 3.451 ms
[INFO   ] DREAMPlace - optimizer step 2.078 ms
[INFO   ] DREAMPlace - iteration  665, ( 665,  0,  0), Obj 6.102597E+07, DensityWeight 1.012864E-04, wHPWL 7.886569E+07, Overflow 5.430331E-01, MaxDensity 2.366E+01, gamma 1.641315E+02, time 0.652ms
[INFO   ] DREAMPlace - full step 3.185 ms
[INFO   ] DREAMPlace - optimizer step 2.233 ms
[INFO   ] DREAMPlace - iteration  666, ( 666,  0,  0), Obj 6.059290E+07, DensityWeight 1.019052E-04, wHPWL 7.882448E+07, Overflow 5.413864E-01, MaxDensity 2.651E+01, gamma 1.611214E+02, time 0.655ms
[INFO   ] DREAMPlace - full step 3.343 ms
[INFO   ] DREAMPlace - optimizer step 2.118 ms
[INFO   ] DREAMPlace - iteration  667, ( 667,  0,  0), Obj 6.034888E+07, DensityWeight 1.048605E-04, wHPWL 7.884286E+07, Overflow 5.384777E-01, MaxDensity 2.370E+01, gamma 1.597695E+02, time 0.641ms
[INFO   ] DREAMPlace - full step 3.211 ms
[INFO   ] DREAMPlace - optimizer step 3.293 ms
[INFO   ] DREAMPlace - iteration  668, ( 668,  0,  0), Obj 6.001101E+07, DensityWeight 1.098218E-04, wHPWL 7.865363E+07, Overflow 5.358951E-01, MaxDensity 2.361E+01, gamma 1.574092E+02, time 0.650ms
[INFO   ] DREAMPlace - full step 4.402 ms
[INFO   ] DREAMPlace - optimizer step 2.094 ms
[INFO   ] DREAMPlace - iteration  669, ( 669,  0,  0), Obj 5.971901E+07, DensityWeight 1.130066E-04, wHPWL 7.844390E+07, Overflow 5.344389E-01, MaxDensity 2.364E+01, gamma 1.553428E+02, time 0.649ms
[INFO   ] DREAMPlace - full step 3.224 ms
[INFO   ] DREAMPlace - optimizer step 2.116 ms
[INFO   ] DREAMPlace - iteration  670, ( 670,  0,  0), Obj 5.943786E+07, DensityWeight 1.162838E-04, wHPWL 7.820186E+07, Overflow 5.314941E-01, MaxDensity 2.389E+01, gamma 1.541896E+02, time 0.648ms
[INFO   ] DREAMPlace - full step 3.214 ms
[INFO   ] DREAMPlace - optimizer step 2.104 ms
[INFO   ] DREAMPlace - iteration  671, ( 671,  0,  0), Obj 5.918621E+07, DensityWeight 1.196561E-04, wHPWL 7.794104E+07, Overflow 5.287625E-01, MaxDensity 2.452E+01, gamma 1.518836E+02, time 1.360ms
[INFO   ] DREAMPlace - full step 3.935 ms
[INFO   ] DREAMPlace - optimizer step 2.130 ms
[INFO   ] DREAMPlace - iteration  672, ( 672,  0,  0), Obj 6.311754E+07, DensityWeight 1.231261E-04, wHPWL 7.772941E+07, Overflow 5.265990E-01, MaxDensity 2.434E+01, gamma 1.497755E+02, time 0.635ms
[INFO   ] DREAMPlace - full step 3.220 ms
[INFO   ] DREAMPlace - optimizer step 2.120 ms
[INFO   ] DREAMPlace - iteration  673, ( 673,  0,  0), Obj 6.288200E+07, DensityWeight 1.266968E-04, wHPWL 7.829103E+07, Overflow 5.223320E-01, MaxDensity 2.557E+01, gamma 1.481266E+02, time 0.704ms
[INFO   ] DREAMPlace - full step 3.299 ms
[INFO   ] DREAMPlace - optimizer step 2.280 ms
[INFO   ] DREAMPlace - iteration  674, ( 674,  0,  0), Obj 6.215778E+07, DensityWeight 1.263800E-04, wHPWL 7.827902E+07, Overflow 5.207632E-01, MaxDensity 2.295E+01, gamma 1.449275E+02, time 0.704ms
[INFO   ] DREAMPlace - full step 3.465 ms
[INFO   ] DREAMPlace - optimizer step 4.396 ms
[INFO   ] DREAMPlace - iteration  675, ( 675,  0,  0), Obj 6.193118E+07, DensityWeight 1.300451E-04, wHPWL 7.857074E+07, Overflow 5.168089E-01, MaxDensity 2.289E+01, gamma 1.437688E+02, time 3.964ms
[INFO   ] DREAMPlace - full step 8.852 ms
[INFO   ] DREAMPlace - optimizer step 2.235 ms
[INFO   ] DREAMPlace - iteration  676, ( 676,  0,  0), Obj 6.154339E+07, DensityWeight 1.311059E-04, wHPWL 7.853074E+07, Overflow 5.142363E-01, MaxDensity 2.106E+01, gamma 1.408891E+02, time 0.695ms
[INFO   ] DREAMPlace - full step 3.477 ms
[INFO   ] DREAMPlace - optimizer step 2.129 ms
[INFO   ] DREAMPlace - iteration  677, ( 677,  0,  0), Obj 6.123793E+07, DensityWeight 1.349080E-04, wHPWL 7.846310E+07, Overflow 5.110293E-01, MaxDensity 2.280E+01, gamma 1.390465E+02, time 0.769ms
[INFO   ] DREAMPlace - full step 3.378 ms
[INFO   ] DREAMPlace - optimizer step 2.119 ms
[INFO   ] DREAMPlace - iteration  678, ( 678,  0,  0), Obj 6.094086E+07, DensityWeight 1.388203E-04, wHPWL 7.831394E+07, Overflow 5.078491E-01, MaxDensity 2.110E+01, gamma 1.367835E+02, time 0.671ms
[INFO   ] DREAMPlace - full step 3.241 ms
[INFO   ] DREAMPlace - optimizer step 3.138 ms
[INFO   ] DREAMPlace - iteration  679, ( 679,  0,  0), Obj 6.063758E+07, DensityWeight 1.428461E-04, wHPWL 7.808281E+07, Overflow 5.056903E-01, MaxDensity 2.263E+01, gamma 1.345757E+02, time 0.947ms
[INFO   ] DREAMPlace - full step 4.638 ms
[INFO   ] DREAMPlace - plotting to gammalocal_results/nshuf/adaptec1/plot/iter0680.png takes 1.315 seconds
[INFO   ] DREAMPlace - optimizer step 3.516 ms
[INFO   ] DREAMPlace - iteration  680, ( 680,  0,  0), Obj 6.041773E+07, DensityWeight 1.469886E-04, wHPWL 7.788530E+07, Overflow 5.029190E-01, MaxDensity 2.352E+01, gamma 1.330973E+02, time 2.409ms
[INFO   ] DREAMPlace - full step 1322.710 ms
[INFO   ] DREAMPlace - optimizer step 2.193 ms
[INFO   ] DREAMPlace - iteration  681, ( 681,  0,  0), Obj 6.013548E+07, DensityWeight 1.512513E-04, wHPWL 7.760742E+07, Overflow 5.017298E-01, MaxDensity 2.283E+01, gamma 1.312232E+02, time 0.689ms
[INFO   ] DREAMPlace - full step 3.425 ms
[INFO   ] DREAMPlace - optimizer step 2.141 ms
[INFO   ] DREAMPlace - iteration  682, ( 682,  0,  0), Obj 6.409131E+07, DensityWeight 1.556376E-04, wHPWL 7.742946E+07, Overflow 4.993130E-01, MaxDensity 2.219E+01, gamma 1.304272E+02, time 0.652ms
[INFO   ] DREAMPlace - full step 3.265 ms
[INFO   ] DREAMPlace - optimizer step 2.125 ms
[INFO   ] DREAMPlace - iteration  683, ( 683,  0,  0), Obj 6.373700E+07, DensityWeight 1.601511E-04, wHPWL 7.775813E+07, Overflow 4.959798E-01, MaxDensity 2.131E+01, gamma 1.288242E+02, time 0.664ms
[INFO   ] DREAMPlace - full step 3.243 ms
[INFO   ] DREAMPlace - optimizer step 2.141 ms
[INFO   ] DREAMPlace - iteration  684, ( 684,  0,  0), Obj 6.308907E+07, DensityWeight 1.606280E-04, wHPWL 7.774266E+07, Overflow 4.951643E-01, MaxDensity 1.842E+01, gamma 1.266457E+02, time 0.655ms
[INFO   ] DREAMPlace - full step 3.254 ms
[INFO   ] DREAMPlace - optimizer step 2.133 ms
[INFO   ] DREAMPlace - iteration  685, ( 685,  0,  0), Obj 6.279453E+07, DensityWeight 1.652862E-04, wHPWL 7.791408E+07, Overflow 4.924209E-01, MaxDensity 1.857E+01, gamma 1.261183E+02, time 0.651ms
[INFO   ] DREAMPlace - full step 3.242 ms
[INFO   ] DREAMPlace - optimizer step 2.123 ms
[INFO   ] DREAMPlace - iteration  686, ( 686,  0,  0), Obj 6.243381E+07, DensityWeight 1.694524E-04, wHPWL 7.785318E+07, Overflow 4.910284E-01, MaxDensity 1.809E+01, gamma 1.243603E+02, time 0.650ms
[INFO   ] DREAMPlace - full step 3.241 ms
[INFO   ] DREAMPlace - optimizer step 3.086 ms
[INFO   ] DREAMPlace - iteration  687, ( 687,  0,  0), Obj 6.213455E+07, DensityWeight 1.743665E-04, wHPWL 7.778166E+07, Overflow 4.904281E-01, MaxDensity 1.831E+01, gamma 1.234773E+02, time 0.655ms
[INFO   ] DREAMPlace - full step 4.202 ms
[INFO   ] DREAMPlace - optimizer step 2.128 ms
[INFO   ] DREAMPlace - iteration  688, ( 688,  0,  0), Obj 6.184700E+07, DensityWeight 1.794231E-04, wHPWL 7.759361E+07, Overflow 4.884518E-01, MaxDensity 1.675E+01, gamma 1.230986E+02, time 0.797ms
[INFO   ] DREAMPlace - full step 3.375 ms
[INFO   ] DREAMPlace - optimizer step 2.137 ms
[INFO   ] DREAMPlace - iteration  689, ( 689,  0,  0), Obj 6.155974E+07, DensityWeight 1.846264E-04, wHPWL 7.736307E+07, Overflow 4.876511E-01, MaxDensity 1.727E+01, gamma 1.218601E+02, time 0.653ms
[INFO   ] DREAMPlace - full step 3.248 ms
[INFO   ] DREAMPlace - optimizer step 2.101 ms
[INFO   ] DREAMPlace - iteration  690, ( 690,  0,  0), Obj 6.133189E+07, DensityWeight 1.899806E-04, wHPWL 7.713726E+07, Overflow 4.863473E-01, MaxDensity 1.811E+01, gamma 1.213618E+02, time 0.664ms
[INFO   ] DREAMPlace - full step 3.242 ms
[INFO   ] DREAMPlace - optimizer step 2.125 ms
[INFO   ] DREAMPlace - iteration  691, ( 691,  0,  0), Obj 6.107442E+07, DensityWeight 1.954900E-04, wHPWL 7.687507E+07, Overflow 4.855096E-01, MaxDensity 1.612E+01, gamma 1.205549E+02, time 0.664ms
[INFO   ] DREAMPlace - full step 3.253 ms
[INFO   ] DREAMPlace - optimizer step 2.094 ms
[INFO   ] DREAMPlace - iteration  692, ( 692,  0,  0), Obj 6.422299E+07, DensityWeight 2.011593E-04, wHPWL 7.662218E+07, Overflow 4.844319E-01, MaxDensity 1.872E+01, gamma 1.200392E+02, time 0.654ms
[INFO   ] DREAMPlace - full step 3.208 ms
[INFO   ] DREAMPlace - optimizer step 2.090 ms
[INFO   ] DREAMPlace - iteration  693, ( 693,  0,  0), Obj 6.391154E+07, DensityWeight 2.069929E-04, wHPWL 7.695218E+07, Overflow 4.816163E-01, MaxDensity 1.858E+01, gamma 1.193791E+02, time 0.654ms
[INFO   ] DREAMPlace - full step 3.208 ms
[INFO   ] DREAMPlace - optimizer step 2.098 ms
[INFO   ] DREAMPlace - iteration  694, ( 694,  0,  0), Obj 6.338354E+07, DensityWeight 2.075708E-04, wHPWL 7.701968E+07, Overflow 4.796487E-01, MaxDensity 2.019E+01, gamma 1.176716E+02, time 0.642ms
[INFO   ] DREAMPlace - full step 3.189 ms
[INFO   ] DREAMPlace - optimizer step 2.086 ms
[INFO   ] DREAMPlace - iteration  695, ( 695,  0,  0), Obj 6.316891E+07, DensityWeight 2.159080E-04, wHPWL 7.725506E+07, Overflow 4.767059E-01, MaxDensity 1.944E+01, gamma 1.164928E+02, time 0.650ms
[INFO   ] DREAMPlace - full step 3.190 ms
[INFO   ] DREAMPlace - optimizer step 2.103 ms
[INFO   ] DREAMPlace - iteration  696, ( 696,  0,  0), Obj 6.279119E+07, DensityWeight 2.193856E-04, wHPWL 7.716840E+07, Overflow 4.742653E-01, MaxDensity 1.834E+01, gamma 1.147518E+02, time 0.682ms
[INFO   ] DREAMPlace - full step 3.252 ms
[INFO   ] DREAMPlace - optimizer step 2.077 ms
[INFO   ] DREAMPlace - iteration  697, ( 697,  0,  0), Obj 6.258148E+07, DensityWeight 2.257478E-04, wHPWL 7.718715E+07, Overflow 4.711120E-01, MaxDensity 1.778E+01, gamma 1.133276E+02, time 0.651ms
[INFO   ] DREAMPlace - full step 3.209 ms
[INFO   ] DREAMPlace - optimizer step 2.113 ms
[INFO   ] DREAMPlace - iteration  698, ( 698,  0,  0), Obj 6.233228E+07, DensityWeight 2.364164E-04, wHPWL 7.704127E+07, Overflow 4.676697E-01, MaxDensity 1.591E+01, gamma 1.115138E+02, time 0.652ms
[INFO   ] DREAMPlace - full step 3.221 ms
[INFO   ] DREAMPlace - optimizer step 2.115 ms
[INFO   ] DREAMPlace - iteration  699, ( 699,  0,  0), Obj 6.211070E+07, DensityWeight 2.432725E-04, wHPWL 7.690362E+07, Overflow 4.660489E-01, MaxDensity 1.887E+01, gamma 1.095668E+02, time 0.650ms
[INFO   ] DREAMPlace - full step 3.229 ms
[INFO   ] DREAMPlace - optimizer step 2.106 ms
[INFO   ] DREAMPlace - iteration  700, ( 700,  0,  0), Obj 6.189968E+07, DensityWeight 2.503274E-04, wHPWL 7.671129E+07, Overflow 4.645107E-01, MaxDensity 1.867E+01, gamma 1.086619E+02, time 0.641ms
[INFO   ] DREAMPlace - full step 3.214 ms
[INFO   ] DREAMPlace - gamma_local: mean(coef_net)/coef = 3.805 (norm=gamma, applied ratio 1.000)
[INFO   ] DREAMPlace - optimizer step 2.111 ms
[INFO   ] DREAMPlace - iteration  701, ( 701,  0,  0), Obj 6.172556E+07, DensityWeight 2.575869E-04, wHPWL 7.653144E+07, Overflow 4.630731E-01, MaxDensity 1.865E+01, gamma 1.078100E+02, time 0.657ms
[INFO   ] DREAMPlace - full step 3.229 ms
[INFO   ] DREAMPlace - optimizer step 5.598 ms
[INFO   ] DREAMPlace - iteration  702, ( 702,  0,  0), Obj 6.481904E+07, DensityWeight 2.650569E-04, wHPWL 7.633093E+07, Overflow 4.615700E-01, MaxDensity 1.725E+01, gamma 1.070199E+02, time 0.648ms
[INFO   ] DREAMPlace - full step 6.705 ms
[INFO   ] DREAMPlace - optimizer step 2.091 ms
[INFO   ] DREAMPlace - iteration  703, ( 703,  0,  0), Obj 6.459987E+07, DensityWeight 2.727436E-04, wHPWL 7.672978E+07, Overflow 4.577229E-01, MaxDensity 1.733E+01, gamma 1.061999E+02, time 0.673ms
[INFO   ] DREAMPlace - full step 3.214 ms
[INFO   ] DREAMPlace - optimizer step 2.143 ms
[INFO   ] DREAMPlace - iteration  704, ( 704,  0,  0), Obj 6.410246E+07, DensityWeight 2.720617E-04, wHPWL 7.680666E+07, Overflow 4.548428E-01, MaxDensity 1.744E+01, gamma 1.041298E+02, time 0.646ms
[INFO   ] DREAMPlace - full step 3.240 ms
[INFO   ] DREAMPlace - optimizer step 2.114 ms
[INFO   ] DREAMPlace - iteration  705, ( 705,  0,  0), Obj 6.388980E+07, DensityWeight 2.826194E-04, wHPWL 7.700325E+07, Overflow 4.500560E-01, MaxDensity 1.540E+01, gamma 1.026065E+02, time 0.644ms
[INFO   ] DREAMPlace - full step 3.211 ms
[INFO   ] DREAMPlace - optimizer step 2.122 ms
[INFO   ] DREAMPlace - iteration  706, ( 706,  0,  0), Obj 6.361681E+07, DensityWeight 2.887286E-04, wHPWL 7.702177E+07, Overflow 4.459254E-01, MaxDensity 1.567E+01, gamma 1.001238E+02, time 0.643ms
[INFO   ] DREAMPlace - full step 3.238 ms
[INFO   ] DREAMPlace - optimizer step 2.132 ms
[INFO   ] DREAMPlace - iteration  707, ( 707,  0,  0), Obj 6.341753E+07, DensityWeight 3.023834E-04, wHPWL 7.701306E+07, Overflow 4.431345E-01, MaxDensity 1.434E+01, gamma 9.802984E+01, time 0.652ms
[INFO   ] DREAMPlace - full step 3.232 ms
[INFO   ] DREAMPlace - optimizer step 2.132 ms
[INFO   ] DREAMPlace - iteration  708, ( 708,  0,  0), Obj 6.315961E+07, DensityWeight 3.111525E-04, wHPWL 7.687166E+07, Overflow 4.392916E-01, MaxDensity 1.436E+01, gamma 9.663985E+01, time 0.647ms
[INFO   ] DREAMPlace - full step 3.255 ms
[INFO   ] DREAMPlace - optimizer step 2.117 ms
[INFO   ] DREAMPlace - iteration  709, ( 709,  0,  0), Obj 6.299299E+07, DensityWeight 3.201760E-04, wHPWL 7.677675E+07, Overflow 4.362971E-01, MaxDensity 1.443E+01, gamma 9.475814E+01, time 0.643ms
[INFO   ] DREAMPlace - full step 3.218 ms
[INFO   ] DREAMPlace - optimizer step 2.131 ms
[INFO   ] DREAMPlace - iteration  710, ( 710,  0,  0), Obj 6.280044E+07, DensityWeight 3.294611E-04, wHPWL 7.661014E+07, Overflow 4.338162E-01, MaxDensity 1.406E+01, gamma 9.331729E+01, time 0.661ms
[INFO   ] DREAMPlace - full step 3.251 ms
[INFO   ] DREAMPlace - optimizer step 2.213 ms
[INFO   ] DREAMPlace - iteration  711, ( 711,  0,  0), Obj 6.262684E+07, DensityWeight 3.390154E-04, wHPWL 7.644993E+07, Overflow 4.306433E-01, MaxDensity 1.442E+01, gamma 9.214018E+01, time 0.666ms
[INFO   ] DREAMPlace - full step 3.338 ms
[INFO   ] DREAMPlace - optimizer step 2.107 ms
[INFO   ] DREAMPlace - iteration  712, ( 712,  0,  0), Obj 6.604539E+07, DensityWeight 3.488469E-04, wHPWL 7.629174E+07, Overflow 4.278935E-01, MaxDensity 1.525E+01, gamma 9.065633E+01, time 0.656ms
[INFO   ] DREAMPlace - full step 3.211 ms
[INFO   ] DREAMPlace - optimizer step 2.427 ms
[INFO   ] DREAMPlace - iteration  713, ( 713,  0,  0), Obj 6.576627E+07, DensityWeight 3.589635E-04, wHPWL 7.654989E+07, Overflow 4.257262E-01, MaxDensity 1.439E+01, gamma 8.938970E+01, time 0.647ms
[INFO   ] DREAMPlace - full step 3.533 ms
[INFO   ] DREAMPlace - optimizer step 2.177 ms
[INFO   ] DREAMPlace - iteration  714, ( 714,  0,  0), Obj 6.526641E+07, DensityWeight 3.635894E-04, wHPWL 7.652487E+07, Overflow 4.255317E-01, MaxDensity 1.507E+01, gamma 8.840388E+01, time 0.646ms
[INFO   ] DREAMPlace - full step 3.271 ms
[INFO   ] DREAMPlace - optimizer step 2.118 ms
[INFO   ] DREAMPlace - iteration  715, ( 715,  0,  0), Obj 6.508079E+07, DensityWeight 3.741336E-04, wHPWL 7.670132E+07, Overflow 4.226862E-01, MaxDensity 1.531E+01, gamma 8.831591E+01, time 0.645ms
[INFO   ] DREAMPlace - full step 3.216 ms
[INFO   ] DREAMPlace - optimizer step 2.115 ms
[INFO   ] DREAMPlace - iteration  716, ( 716,  0,  0), Obj 6.479943E+07, DensityWeight 3.832954E-04, wHPWL 7.664967E+07, Overflow 4.211966E-01, MaxDensity 1.288E+01, gamma 8.703936E+01, time 0.654ms
[INFO   ] DREAMPlace - full step 3.218 ms
[INFO   ] DREAMPlace - optimizer step 2.181 ms
[INFO   ] DREAMPlace - iteration  717, ( 717,  0,  0), Obj 6.455298E+07, DensityWeight 3.944110E-04, wHPWL 7.656294E+07, Overflow 4.189576E-01, MaxDensity 1.439E+01, gamma 8.637843E+01, time 0.652ms
[INFO   ] DREAMPlace - full step 3.297 ms
[INFO   ] DREAMPlace - optimizer step 2.228 ms
[INFO   ] DREAMPlace - iteration  718, ( 718,  0,  0), Obj 6.430238E+07, DensityWeight 4.058490E-04, wHPWL 7.638956E+07, Overflow 4.177338E-01, MaxDensity 1.339E+01, gamma 8.539449E+01, time 0.743ms
[INFO   ] DREAMPlace - full step 3.438 ms
[INFO   ] DREAMPlace - optimizer step 2.196 ms
[INFO   ] DREAMPlace - iteration  719, ( 719,  0,  0), Obj 6.410495E+07, DensityWeight 4.176186E-04, wHPWL 7.625543E+07, Overflow 4.158081E-01, MaxDensity 1.271E+01, gamma 8.486145E+01, time 0.660ms
[INFO   ] DREAMPlace - full step 3.322 ms
[INFO   ] DREAMPlace - plotting to gammalocal_results/nshuf/adaptec1/plot/iter0720.png takes 1.323 seconds
[INFO   ] DREAMPlace - optimizer step 13.542 ms
[INFO   ] DREAMPlace - iteration  720, ( 720,  0,  0), Obj 6.390376E+07, DensityWeight 4.297296E-04, wHPWL 7.605342E+07, Overflow 4.150366E-01, MaxDensity 1.184E+01, gamma 8.402937E+01, time 0.651ms
[INFO   ] DREAMPlace - full step 1338.053 ms
[INFO   ] DREAMPlace - optimizer step 4.671 ms
[INFO   ] DREAMPlace - iteration  721, ( 721,  0,  0), Obj 6.372475E+07, DensityWeight 4.421917E-04, wHPWL 7.587014E+07, Overflow 4.133333E-01, MaxDensity 1.185E+01, gamma 8.369826E+01, time 0.906ms
[INFO   ] DREAMPlace - full step 6.139 ms
[INFO   ] DREAMPlace - optimizer step 2.203 ms
[INFO   ] DREAMPlace - iteration  722, ( 722,  0,  0), Obj 6.628893E+07, DensityWeight 4.550153E-04, wHPWL 7.565077E+07, Overflow 4.126118E-01, MaxDensity 1.238E+01, gamma 8.297195E+01, time 0.694ms
[INFO   ] DREAMPlace - full step 3.384 ms
[INFO   ] DREAMPlace - optimizer step 2.201 ms
[INFO   ] DREAMPlace - iteration  723, ( 723,  0,  0), Obj 6.603666E+07, DensityWeight 4.682108E-04, wHPWL 7.590456E+07, Overflow 4.095543E-01, MaxDensity 1.216E+01, gamma 8.266623E+01, time 0.654ms
[INFO   ] DREAMPlace - full step 3.322 ms
[INFO   ] DREAMPlace - optimizer step 2.120 ms
[INFO   ] DREAMPlace - iteration  724, ( 724,  0,  0), Obj 6.563198E+07, DensityWeight 4.745325E-04, wHPWL 7.595806E+07, Overflow 4.077877E-01, MaxDensity 1.235E+01, gamma 8.138300E+01, time 0.657ms
[INFO   ] DREAMPlace - full step 3.257 ms
[INFO   ] DREAMPlace - optimizer step 2.114 ms
[INFO   ] DREAMPlace - iteration  725, ( 725,  0,  0), Obj 6.542140E+07, DensityWeight 4.945566E-04, wHPWL 7.609488E+07, Overflow 4.040895E-01, MaxDensity 1.066E+01, gamma 8.065064E+01, time 0.662ms
[INFO   ] DREAMPlace - full step 3.229 ms
[INFO   ] DREAMPlace - optimizer step 5.483 ms
[INFO   ] DREAMPlace - iteration  726, ( 726,  0,  0), Obj 6.521094E+07, DensityWeight 5.094744E-04, wHPWL 7.612329E+07, Overflow 4.002952E-01, MaxDensity 1.146E+01, gamma 7.913882E+01, time 9.923ms
[INFO   ] DREAMPlace - full step 15.874 ms
[INFO   ] DREAMPlace - optimizer step 2.135 ms
[INFO   ] DREAMPlace - iteration  727, ( 727,  0,  0), Obj 6.500418E+07, DensityWeight 5.328338E-04, wHPWL 7.609738E+07, Overflow 3.975250E-01, MaxDensity 1.136E+01, gamma 7.761716E+01, time 0.660ms
[INFO   ] DREAMPlace - full step 3.271 ms
[INFO   ] DREAMPlace - optimizer step 2.152 ms
[INFO   ] DREAMPlace - iteration  728, ( 728,  0,  0), Obj 6.479757E+07, DensityWeight 5.482860E-04, wHPWL 7.598339E+07, Overflow 3.940320E-01, MaxDensity 1.164E+01, gamma 7.652472E+01, time 0.658ms
[INFO   ] DREAMPlace - full step 3.271 ms
[INFO   ] DREAMPlace - optimizer step 2.342 ms
[INFO   ] DREAMPlace - iteration  729, ( 729,  0,  0), Obj 6.463728E+07, DensityWeight 5.641863E-04, wHPWL 7.589275E+07, Overflow 3.906121E-01, MaxDensity 1.189E+01, gamma 7.516917E+01, time 0.663ms
[INFO   ] DREAMPlace - full step 3.460 ms
[INFO   ] DREAMPlace - optimizer step 2.138 ms
[INFO   ] DREAMPlace - iteration  730, ( 730,  0,  0), Obj 6.447090E+07, DensityWeight 5.805477E-04, wHPWL 7.574226E+07, Overflow 3.875944E-01, MaxDensity 1.070E+01, gamma 7.386520E+01, time 0.683ms
[INFO   ] DREAMPlace - full step 3.299 ms
[INFO   ] DREAMPlace - optimizer step 2.129 ms
[INFO   ] DREAMPlace - iteration  731, ( 731,  0,  0), Obj 6.433540E+07, DensityWeight 5.973837E-04, wHPWL 7.561966E+07, Overflow 3.845824E-01, MaxDensity 1.164E+01, gamma 7.273341E+01, time 0.706ms
[INFO   ] DREAMPlace - full step 3.318 ms
[INFO   ] DREAMPlace - optimizer step 2.130 ms
[INFO   ] DREAMPlace - iteration  732, ( 732,  0,  0), Obj 6.719946E+07, DensityWeight 6.147078E-04, wHPWL 7.546306E+07, Overflow 3.821717E-01, MaxDensity 1.199E+01, gamma 7.162103E+01, time 0.649ms
[INFO   ] DREAMPlace - full step 3.254 ms
[INFO   ] DREAMPlace - optimizer step 2.151 ms
[INFO   ] DREAMPlace - iteration  733, ( 733,  0,  0), Obj 6.696727E+07, DensityWeight 6.325344E-04, wHPWL 7.569714E+07, Overflow 3.794411E-01, MaxDensity 1.164E+01, gamma 7.074301E+01, time 0.647ms
[INFO   ] DREAMPlace - full step 3.250 ms
[INFO   ] DREAMPlace - optimizer step 3.120 ms
[INFO   ] DREAMPlace - iteration  734, ( 734,  0,  0), Obj 6.656591E+07, DensityWeight 6.428394E-04, wHPWL 7.568357E+07, Overflow 3.774652E-01, MaxDensity 1.194E+01, gamma 6.976142E+01, time 2.407ms
[INFO   ] DREAMPlace - full step 6.003 ms
[INFO   ] DREAMPlace - optimizer step 2.136 ms
[INFO   ] DREAMPlace - iteration  735, ( 735,  0,  0), Obj 6.638458E+07, DensityWeight 6.614818E-04, wHPWL 7.581320E+07, Overflow 3.753369E-01, MaxDensity 1.158E+01, gamma 6.905968E+01, time 0.659ms
[INFO   ] DREAMPlace - full step 3.268 ms
[INFO   ] DREAMPlace - optimizer step 2.168 ms
[INFO   ] DREAMPlace - iteration  736, ( 736,  0,  0), Obj 6.617640E+07, DensityWeight 6.821174E-04, wHPWL 7.580693E+07, Overflow 3.724272E-01, MaxDensity 1.072E+01, gamma 6.831170E+01, time 0.655ms
[INFO   ] DREAMPlace - full step 3.284 ms
[INFO   ] DREAMPlace - optimizer step 2.113 ms
[INFO   ] DREAMPlace - iteration  737, ( 737,  0,  0), Obj 6.596890E+07, DensityWeight 7.018988E-04, wHPWL 7.573858E+07, Overflow 3.705274E-01, MaxDensity 9.901E+00, gamma 6.730214E+01, time 0.664ms
[INFO   ] DREAMPlace - full step 3.236 ms
[INFO   ] DREAMPlace - optimizer step 2.187 ms
[INFO   ] DREAMPlace - iteration  738, ( 738,  0,  0), Obj 6.578487E+07, DensityWeight 7.222539E-04, wHPWL 7.563120E+07, Overflow 3.689708E-01, MaxDensity 9.167E+00, gamma 6.665108E+01, time 0.676ms
[INFO   ] DREAMPlace - full step 3.326 ms
[INFO   ] DREAMPlace - optimizer step 2.129 ms
[INFO   ] DREAMPlace - iteration  739, ( 739,  0,  0), Obj 6.560389E+07, DensityWeight 7.431993E-04, wHPWL 7.550379E+07, Overflow 3.665900E-01, MaxDensity 9.341E+00, gamma 6.612231E+01, time 0.648ms
[INFO   ] DREAMPlace - full step 3.247 ms
[INFO   ] DREAMPlace - optimizer step 2.109 ms
[INFO   ] DREAMPlace - iteration  740, ( 740,  0,  0), Obj 6.544312E+07, DensityWeight 7.647522E-04, wHPWL 7.535735E+07, Overflow 3.665472E-01, MaxDensity 9.389E+00, gamma 6.532169E+01, time 0.659ms
[INFO   ] DREAMPlace - full step 3.248 ms
[INFO   ] DREAMPlace - optimizer step 3.412 ms
[INFO   ] DREAMPlace - iteration  741, ( 741,  0,  0), Obj 6.530057E+07, DensityWeight 7.869300E-04, wHPWL 7.521370E+07, Overflow 3.649877E-01, MaxDensity 9.065E+00, gamma 6.530738E+01, time 0.690ms
[INFO   ] DREAMPlace - full step 4.565 ms
[INFO   ] DREAMPlace - optimizer step 11.083 ms
[INFO   ] DREAMPlace - iteration  742, ( 742,  0,  0), Obj 6.755390E+07, DensityWeight 8.097510E-04, wHPWL 7.506758E+07, Overflow 3.628804E-01, MaxDensity 9.369E+00, gamma 6.478832E+01, time 22.846ms
[INFO   ] DREAMPlace - full step 34.423 ms
[INFO   ] DREAMPlace - optimizer step 2.127 ms
[INFO   ] DREAMPlace - iteration  743, ( 743,  0,  0), Obj 6.724646E+07, DensityWeight 8.332338E-04, wHPWL 7.517936E+07, Overflow 3.611927E-01, MaxDensity 8.886E+00, gamma 6.409349E+01, time 3.171ms
[INFO   ] DREAMPlace - full step 5.801 ms
[INFO   ] DREAMPlace - optimizer step 2.145 ms
[INFO   ] DREAMPlace - iteration  744, ( 744,  0,  0), Obj 6.692260E+07, DensityWeight 8.613688E-04, wHPWL 7.523418E+07, Overflow 3.578596E-01, MaxDensity 8.919E+00, gamma 6.354239E+01, time 0.659ms
[INFO   ] DREAMPlace - full step 3.270 ms
[INFO   ] DREAMPlace - optimizer step 2.111 ms
[INFO   ] DREAMPlace - iteration  745, ( 745,  0,  0), Obj 6.674563E+07, DensityWeight 8.975524E-04, wHPWL 7.535416E+07, Overflow 3.537636E-01, MaxDensity 1.005E+01, gamma 6.246785E+01, time 0.658ms
[INFO   ] DREAMPlace - full step 3.255 ms
[INFO   ] DREAMPlace - optimizer step 2.143 ms
[INFO   ] DREAMPlace - iteration  746, ( 746,  0,  0), Obj 6.654983E+07, DensityWeight 9.267981E-04, wHPWL 7.535358E+07, Overflow 3.505541E-01, MaxDensity 9.148E+00, gamma 6.117224E+01, time 0.663ms
[INFO   ] DREAMPlace - full step 3.274 ms
[INFO   ] DREAMPlace - optimizer step 2.301 ms
[INFO   ] DREAMPlace - iteration  747, ( 747,  0,  0), Obj 6.637389E+07, DensityWeight 9.536753E-04, wHPWL 7.532584E+07, Overflow 3.470040E-01, MaxDensity 9.175E+00, gamma 6.017582E+01, time 0.671ms
[INFO   ] DREAMPlace - full step 3.431 ms
[INFO   ] DREAMPlace - optimizer step 2.130 ms
[INFO   ] DREAMPlace - iteration  748, ( 748,  0,  0), Obj 6.622153E+07, DensityWeight 9.813319E-04, wHPWL 7.525829E+07, Overflow 3.433806E-01, MaxDensity 8.141E+00, gamma 5.909259E+01, time 0.679ms
[INFO   ] DREAMPlace - full step 3.267 ms
[INFO   ] DREAMPlace - optimizer step 2.131 ms
[INFO   ] DREAMPlace - iteration  749, ( 749,  0,  0), Obj 6.608800E+07, DensityWeight 1.009791E-03, wHPWL 7.517882E+07, Overflow 3.398479E-01, MaxDensity 8.899E+00, gamma 5.800706E+01, time 0.676ms
[INFO   ] DREAMPlace - full step 3.265 ms
[INFO   ] DREAMPlace - optimizer step 2.163 ms
[INFO   ] DREAMPlace - iteration  750, ( 750,  0,  0), Obj 6.595958E+07, DensityWeight 1.039075E-03, wHPWL 7.506832E+07, Overflow 3.362029E-01, MaxDensity 8.343E+00, gamma 5.696793E+01, time 0.658ms
[INFO   ] DREAMPlace - full step 3.287 ms
[INFO   ] DREAMPlace - optimizer step 2.121 ms
[INFO   ] DREAMPlace - iteration  751, ( 751,  0,  0), Obj 6.582018E+07, DensityWeight 1.069208E-03, wHPWL 7.494669E+07, Overflow 3.337419E-01, MaxDensity 8.145E+00, gamma 5.591530E+01, time 0.678ms
[INFO   ] DREAMPlace - full step 3.269 ms
[INFO   ] DREAMPlace - optimizer step 2.143 ms
[INFO   ] DREAMPlace - iteration  752, ( 752,  0,  0), Obj 6.840764E+07, DensityWeight 1.100215E-03, wHPWL 7.480717E+07, Overflow 3.311131E-01, MaxDensity 7.382E+00, gamma 5.521557E+01, time 0.663ms
[INFO   ] DREAMPlace - full step 3.264 ms
[INFO   ] DREAMPlace - optimizer step 2.104 ms
[INFO   ] DREAMPlace - iteration  753, ( 753,  0,  0), Obj 6.817476E+07, DensityWeight 1.132121E-03, wHPWL 7.497058E+07, Overflow 3.308810E-01, MaxDensity 7.765E+00, gamma 5.447783E+01, time 0.683ms
[INFO   ] DREAMPlace - full step 3.253 ms
[INFO   ] DREAMPlace - optimizer step 2.172 ms
[INFO   ] DREAMPlace - iteration  754, ( 754,  0,  0), Obj 6.784460E+07, DensityWeight 1.161954E-03, wHPWL 7.497245E+07, Overflow 3.297518E-01, MaxDensity 7.641E+00, gamma 5.441317E+01, time 0.656ms
[INFO   ] DREAMPlace - full step 3.293 ms
[INFO   ] DREAMPlace - optimizer step 2.115 ms
[INFO   ] DREAMPlace - iteration  755, ( 755,  0,  0), Obj 6.767657E+07, DensityWeight 1.219734E-03, wHPWL 7.507597E+07, Overflow 3.279092E-01, MaxDensity 7.518E+00, gamma 5.409968E+01, time 0.651ms
[INFO   ] DREAMPlace - full step 3.249 ms
[INFO   ] DREAMPlace - optimizer step 2.266 ms
[INFO   ] DREAMPlace - iteration  756, ( 756,  0,  0), Obj 6.750802E+07, DensityWeight 1.262372E-03, wHPWL 7.508362E+07, Overflow 3.251771E-01, MaxDensity 8.053E+00, gamma 5.359202E+01, time 0.669ms
[INFO   ] DREAMPlace - full step 3.400 ms
[INFO   ] DREAMPlace - optimizer step 2.141 ms
[INFO   ] DREAMPlace - iteration  757, ( 757,  0,  0), Obj 6.731973E+07, DensityWeight 1.324076E-03, wHPWL 7.502896E+07, Overflow 3.213192E-01, MaxDensity 7.985E+00, gamma 5.284805E+01, time 0.661ms
[INFO   ] DREAMPlace - full step 3.260 ms
[INFO   ] DREAMPlace - optimizer step 2.131 ms
[INFO   ] DREAMPlace - iteration  758, ( 758,  0,  0), Obj 6.719272E+07, DensityWeight 1.362475E-03, wHPWL 7.498357E+07, Overflow 3.171727E-01, MaxDensity 8.039E+00, gamma 5.181501E+01, time 0.648ms
[INFO   ] DREAMPlace - full step 3.236 ms
[INFO   ] DREAMPlace - optimizer step 2.140 ms
[INFO   ] DREAMPlace - iteration  759, ( 759,  0,  0), Obj 6.702446E+07, DensityWeight 1.401986E-03, wHPWL 7.487315E+07, Overflow 3.145024E-01, MaxDensity 8.473E+00, gamma 5.072725E+01, time 0.664ms
[INFO   ] DREAMPlace - full step 3.273 ms
[INFO   ] DREAMPlace - plotting to gammalocal_results/nshuf/adaptec1/plot/iter0760.png takes 1.320 seconds
[INFO   ] DREAMPlace - optimizer step 3.916 ms
[INFO   ] DREAMPlace - iteration  760, ( 760,  0,  0), Obj 6.693047E+07, DensityWeight 1.442644E-03, wHPWL 7.480662E+07, Overflow 3.115697E-01, MaxDensity 7.663E+00, gamma 5.003883E+01, time 0.645ms
[INFO   ] DREAMPlace - full step 1326.782 ms
[INFO   ] DREAMPlace - optimizer step 2.191 ms
[INFO   ] DREAMPlace - iteration  761, ( 761,  0,  0), Obj 6.681308E+07, DensityWeight 1.484481E-03, wHPWL 7.470062E+07, Overflow 3.089488E-01, MaxDensity 7.944E+00, gamma 4.929355E+01, time 0.700ms
[INFO   ] DREAMPlace - full step 3.493 ms
[INFO   ] DREAMPlace - optimizer step 2.161 ms
[INFO   ] DREAMPlace - iteration  762, ( 762,  0,  0), Obj 6.880006E+07, DensityWeight 1.527531E-03, wHPWL 7.455187E+07, Overflow 3.073103E-01, MaxDensity 7.863E+00, gamma 4.863690E+01, time 0.686ms
[INFO   ] DREAMPlace - full step 3.312 ms
[INFO   ] DREAMPlace - optimizer step 2.133 ms
[INFO   ] DREAMPlace - iteration  763, ( 763,  0,  0), Obj 6.845298E+07, DensityWeight 1.571829E-03, wHPWL 7.452394E+07, Overflow 3.067909E-01, MaxDensity 7.582E+00, gamma 4.823084E+01, time 0.664ms
[INFO   ] DREAMPlace - full step 3.258 ms
[INFO   ] DREAMPlace - optimizer step 2.156 ms
[INFO   ] DREAMPlace - iteration  764, ( 764,  0,  0), Obj 6.826239E+07, DensityWeight 1.617413E-03, wHPWL 7.463697E+07, Overflow 3.042024E-01, MaxDensity 7.527E+00, gamma 4.810283E+01, time 0.653ms
[INFO   ] DREAMPlace - full step 3.267 ms
[INFO   ] DREAMPlace - optimizer step 2.156 ms
[INFO   ] DREAMPlace - iteration  765, ( 765,  0,  0), Obj 6.810440E+07, DensityWeight 1.671733E-03, wHPWL 7.471318E+07, Overflow 3.008826E-01, MaxDensity 6.709E+00, gamma 4.746989E+01, time 0.639ms
[INFO   ] DREAMPlace - full step 3.277 ms
[INFO   ] DREAMPlace - optimizer step 2.145 ms
[INFO   ] DREAMPlace - iteration  766, ( 766,  0,  0), Obj 6.795611E+07, DensityWeight 1.736771E-03, wHPWL 7.473021E+07, Overflow 2.978380E-01, MaxDensity 6.114E+00, gamma 4.667035E+01, time 0.679ms
[INFO   ] DREAMPlace - full step 3.289 ms
[INFO   ] DREAMPlace - optimizer step 2.139 ms
[INFO   ] DREAMPlace - iteration  767, ( 767,  0,  0), Obj 6.781156E+07, DensityWeight 1.819285E-03, wHPWL 7.469126E+07, Overflow 2.949130E-01, MaxDensity 6.174E+00, gamma 4.594891E+01, time 0.663ms
[INFO   ] DREAMPlace - full step 3.264 ms
[INFO   ] DREAMPlace - optimizer step 2.104 ms
[INFO   ] DREAMPlace - iteration  768, ( 768,  0,  0), Obj 6.768782E+07, DensityWeight 1.872045E-03, wHPWL 7.464264E+07, Overflow 2.913214E-01, MaxDensity 6.455E+00, gamma 4.526633E+01, time 0.647ms
[INFO   ] DREAMPlace - full step 3.230 ms
[INFO   ] DREAMPlace - optimizer step 2.137 ms
[INFO   ] DREAMPlace - iteration  769, ( 769,  0,  0), Obj 6.754597E+07, DensityWeight 1.926334E-03, wHPWL 7.454387E+07, Overflow 2.884699E-01, MaxDensity 6.029E+00, gamma 4.444203E+01, time 0.647ms
[INFO   ] DREAMPlace - full step 3.250 ms
[INFO   ] DREAMPlace - optimizer step 2.133 ms
[INFO   ] DREAMPlace - iteration  770, ( 770,  0,  0), Obj 6.744928E+07, DensityWeight 1.982198E-03, wHPWL 7.446652E+07, Overflow 2.856768E-01, MaxDensity 5.874E+00, gamma 4.379828E+01, time 0.647ms
[INFO   ] DREAMPlace - full step 3.240 ms
[INFO   ] DREAMPlace - optimizer step 2.136 ms
[INFO   ] DREAMPlace - iteration  771, ( 771,  0,  0), Obj 6.733162E+07, DensityWeight 2.039681E-03, wHPWL 7.436414E+07, Overflow 2.823741E-01, MaxDensity 6.788E+00, gamma 4.317679E+01, time 0.671ms
[INFO   ] DREAMPlace - full step 3.266 ms
[INFO   ] DREAMPlace - optimizer step 2.105 ms
[INFO   ] DREAMPlace - iteration  772, ( 772,  0,  0), Obj 6.921530E+07, DensityWeight 2.098832E-03, wHPWL 7.425057E+07, Overflow 2.796582E-01, MaxDensity 6.431E+00, gamma 4.245325E+01, time 0.643ms
[INFO   ] DREAMPlace - full step 3.213 ms
[INFO   ] DREAMPlace - optimizer step 4.483 ms
[INFO   ] DREAMPlace - iteration  773, ( 773,  0,  0), Obj 6.900983E+07, DensityWeight 2.159698E-03, wHPWL 7.435707E+07, Overflow 2.786782E-01, MaxDensity 6.475E+00, gamma 4.186737E+01, time 0.678ms
[INFO   ] DREAMPlace - full step 5.621 ms
[INFO   ] DREAMPlace - optimizer step 2.188 ms
[INFO   ] DREAMPlace - iteration  774, ( 774,  0,  0), Obj 6.876558E+07, DensityWeight 2.234264E-03, wHPWL 7.438219E+07, Overflow 2.779937E-01, MaxDensity 7.314E+00, gamma 4.165796E+01, time 0.656ms
[INFO   ] DREAMPlace - full step 3.310 ms
[INFO   ] DREAMPlace - optimizer step 2.144 ms
[INFO   ] DREAMPlace - iteration  775, ( 775,  0,  0), Obj 6.861012E+07, DensityWeight 2.337777E-03, wHPWL 7.443161E+07, Overflow 2.761846E-01, MaxDensity 7.015E+00, gamma 4.151231E+01, time 0.674ms
[INFO   ] DREAMPlace - full step 3.286 ms
[INFO   ] DREAMPlace - optimizer step 2.159 ms
[INFO   ] DREAMPlace - iteration  776, ( 776,  0,  0), Obj 6.849161E+07, DensityWeight 2.437814E-03, wHPWL 7.446133E+07, Overflow 2.718309E-01, MaxDensity 5.996E+00, gamma 4.112980E+01, time 0.655ms
[INFO   ] DREAMPlace - full step 3.282 ms
[INFO   ] DREAMPlace - optimizer step 2.907 ms
[INFO   ] DREAMPlace - iteration  777, ( 777,  0,  0), Obj 6.832276E+07, DensityWeight 2.549122E-03, wHPWL 7.439810E+07, Overflow 2.689648E-01, MaxDensity 5.810E+00, gamma 4.022366E+01, time 0.663ms
[INFO   ] DREAMPlace - full step 4.499 ms
[INFO   ] DREAMPlace - optimizer step 2.144 ms
[INFO   ] DREAMPlace - iteration  778, ( 778,  0,  0), Obj 6.824214E+07, DensityWeight 2.623046E-03, wHPWL 7.438462E+07, Overflow 2.656986E-01, MaxDensity 5.641E+00, gamma 3.963807E+01, time 0.680ms
[INFO   ] DREAMPlace - full step 3.330 ms
[INFO   ] DREAMPlace - optimizer step 2.154 ms
[INFO   ] DREAMPlace - iteration  779, ( 779,  0,  0), Obj 6.811097E+07, DensityWeight 2.699115E-03, wHPWL 7.429781E+07, Overflow 2.621813E-01, MaxDensity 5.825E+00, gamma 3.898112E+01, time 0.668ms
[INFO   ] DREAMPlace - full step 3.284 ms
[INFO   ] DREAMPlace - optimizer step 2.120 ms
[INFO   ] DREAMPlace - iteration  780, ( 780,  0,  0), Obj 6.802817E+07, DensityWeight 2.777389E-03, wHPWL 7.423510E+07, Overflow 2.583053E-01, MaxDensity 5.910E+00, gamma 3.828584E+01, time 0.669ms
[INFO   ] DREAMPlace - full step 3.255 ms
[INFO   ] DREAMPlace - optimizer step 2.132 ms
[INFO   ] DREAMPlace - iteration  781, ( 781,  0,  0), Obj 6.790722E+07, DensityWeight 2.857934E-03, wHPWL 7.412786E+07, Overflow 2.556655E-01, MaxDensity 5.490E+00, gamma 3.753399E+01, time 0.678ms
[INFO   ] DREAMPlace - full step 3.284 ms
[INFO   ] DREAMPlace - optimizer step 2.120 ms
[INFO   ] DREAMPlace - iteration  782, ( 782,  0,  0), Obj 6.966912E+07, DensityWeight 2.940814E-03, wHPWL 7.403638E+07, Overflow 2.525500E-01, MaxDensity 5.296E+00, gamma 3.703042E+01, time 0.659ms
[INFO   ] DREAMPlace - full step 3.237 ms
[INFO   ] DREAMPlace - optimizer step 2.174 ms
[INFO   ] DREAMPlace - iteration  783, ( 783,  0,  0), Obj 6.933893E+07, DensityWeight 3.026098E-03, wHPWL 7.395710E+07, Overflow 2.527008E-01, MaxDensity 5.175E+00, gamma 3.644478E+01, time 0.660ms
[INFO   ] DREAMPlace - full step 3.278 ms
[INFO   ] DREAMPlace - optimizer step 2.118 ms
[INFO   ] DREAMPlace - iteration  784, ( 784,  0,  0), Obj 6.912662E+07, DensityWeight 3.113855E-03, wHPWL 7.397210E+07, Overflow 2.517387E-01, MaxDensity 5.169E+00, gamma 3.647290E+01, time 0.648ms
[INFO   ] DREAMPlace - full step 3.244 ms
[INFO   ] DREAMPlace - optimizer step 2.120 ms
[INFO   ] DREAMPlace - iteration  785, ( 785,  0,  0), Obj 6.896722E+07, DensityWeight 3.262721E-03, wHPWL 7.398126E+07, Overflow 2.507319E-01, MaxDensity 4.822E+00, gamma 3.629379E+01, time 0.661ms
[INFO   ] DREAMPlace - full step 3.232 ms
[INFO   ] DREAMPlace - optimizer step 2.153 ms
[INFO   ] DREAMPlace - iteration  786, ( 786,  0,  0), Obj 6.883574E+07, DensityWeight 3.421481E-03, wHPWL 7.397415E+07, Overflow 2.486714E-01, MaxDensity 4.972E+00, gamma 3.610730E+01, time 0.662ms
[INFO   ] DREAMPlace - full step 3.282 ms
[INFO   ] DREAMPlace - optimizer step 2.144 ms
[INFO   ] DREAMPlace - iteration  787, ( 787,  0,  0), Obj 6.870550E+07, DensityWeight 3.520705E-03, wHPWL 7.393818E+07, Overflow 2.463942E-01, MaxDensity 5.000E+00, gamma 3.572861E+01, time 0.659ms
[INFO   ] DREAMPlace - full step 3.268 ms
[INFO   ] DREAMPlace - optimizer step 2.155 ms
[INFO   ] DREAMPlace - iteration  788, ( 788,  0,  0), Obj 6.859785E+07, DensityWeight 3.622805E-03, wHPWL 7.388864E+07, Overflow 2.431238E-01, MaxDensity 5.213E+00, gamma 3.531470E+01, time 0.690ms
[INFO   ] DREAMPlace - full step 3.319 ms
[INFO   ] DREAMPlace - optimizer step 2.163 ms
[INFO   ] DREAMPlace - iteration  789, ( 789,  0,  0), Obj 6.848582E+07, DensityWeight 3.727867E-03, wHPWL 7.381653E+07, Overflow 2.391990E-01, MaxDensity 4.956E+00, gamma 3.472865E+01, time 0.661ms
[INFO   ] DREAMPlace - full step 3.287 ms
[INFO   ] DREAMPlace - optimizer step 2.149 ms
[INFO   ] DREAMPlace - iteration  790, ( 790,  0,  0), Obj 6.838398E+07, DensityWeight 3.835975E-03, wHPWL 7.373602E+07, Overflow 2.364141E-01, MaxDensity 5.101E+00, gamma 3.403817E+01, time 0.646ms
[INFO   ] DREAMPlace - full step 3.249 ms
[INFO   ] DREAMPlace - optimizer step 2.162 ms
[INFO   ] DREAMPlace - iteration  791, ( 791,  0,  0), Obj 6.826526E+07, DensityWeight 3.947218E-03, wHPWL 7.363055E+07, Overflow 2.341905E-01, MaxDensity 4.635E+00, gamma 3.355658E+01, time 0.661ms
[INFO   ] DREAMPlace - full step 3.295 ms
[INFO   ] DREAMPlace - optimizer step 2.129 ms
[INFO   ] DREAMPlace - iteration  792, ( 792,  0,  0), Obj 6.956448E+07, DensityWeight 4.061688E-03, wHPWL 7.353849E+07, Overflow 2.321287E-01, MaxDensity 4.576E+00, gamma 3.317694E+01, time 0.651ms
[INFO   ] DREAMPlace - full step 3.254 ms
[INFO   ] DREAMPlace - optimizer step 2.143 ms
[INFO   ] DREAMPlace - iteration  793, ( 793,  0,  0), Obj 6.927402E+07, DensityWeight 4.179477E-03, wHPWL 7.348258E+07, Overflow 2.323737E-01, MaxDensity 5.054E+00, gamma 3.282876E+01, time 0.654ms
[INFO   ] DREAMPlace - full step 3.232 ms
[INFO   ] DREAMPlace - optimizer step 2.105 ms
[INFO   ] DREAMPlace - iteration  794, ( 794,  0,  0), Obj 6.909266E+07, DensityWeight 4.300682E-03, wHPWL 7.350271E+07, Overflow 2.313784E-01, MaxDensity 4.889E+00, gamma 3.286995E+01, time 0.652ms
[INFO   ] DREAMPlace - full step 3.225 ms
[INFO   ] DREAMPlace - optimizer step 2.141 ms
[INFO   ] DREAMPlace - iteration  795, ( 795,  0,  0), Obj 6.894786E+07, DensityWeight 4.503058E-03, wHPWL 7.351343E+07, Overflow 2.292039E-01, MaxDensity 4.863E+00, gamma 3.270296E+01, time 0.672ms
[INFO   ] DREAMPlace - full step 3.278 ms
[INFO   ] DREAMPlace - optimizer step 2.124 ms
[INFO   ] DREAMPlace - iteration  796, ( 796,  0,  0), Obj 6.883023E+07, DensityWeight 4.721150E-03, wHPWL 7.351534E+07, Overflow 2.265804E-01, MaxDensity 4.396E+00, gamma 3.234112E+01, time 0.746ms
[INFO   ] DREAMPlace - full step 3.352 ms
[INFO   ] DREAMPlace - optimizer step 2.156 ms
[INFO   ] DREAMPlace - iteration  797, ( 797,  0,  0), Obj 6.870836E+07, DensityWeight 4.955887E-03, wHPWL 7.347976E+07, Overflow 2.233537E-01, MaxDensity 5.036E+00, gamma 3.190986E+01, time 0.638ms
[INFO   ] DREAMPlace - full step 3.254 ms
[INFO   ] DREAMPlace - optimizer step 2.097 ms
[INFO   ] DREAMPlace - iteration  798, ( 798,  0,  0), Obj 6.861851E+07, DensityWeight 5.099608E-03, wHPWL 7.344629E+07, Overflow 2.197981E-01, MaxDensity 4.671E+00, gamma 3.138733E+01, time 0.656ms
[INFO   ] DREAMPlace - full step 3.209 ms
[INFO   ] DREAMPlace - optimizer step 2.115 ms
[INFO   ] DREAMPlace - iteration  799, ( 799,  0,  0), Obj 6.851800E+07, DensityWeight 5.247497E-03, wHPWL 7.338613E+07, Overflow 2.156575E-01, MaxDensity 4.327E+00, gamma 3.082145E+01, time 0.668ms
[INFO   ] DREAMPlace - full step 3.246 ms
[INFO   ] DREAMPlace - plotting to gammalocal_results/nshuf/adaptec1/plot/iter0800.png takes 1.312 seconds
[INFO   ] DREAMPlace - optimizer step 4.095 ms
[INFO   ] DREAMPlace - iteration  800, ( 800,  0,  0), Obj 6.844028E+07, DensityWeight 5.399674E-03, wHPWL 7.333163E+07, Overflow 2.128009E-01, MaxDensity 4.479E+00, gamma 3.017533E+01, time 0.652ms
[INFO   ] DREAMPlace - full step 1317.595 ms
[INFO   ] DREAMPlace - gamma_local: mean(coef_net)/coef = 4.554 (norm=gamma, applied ratio 1.000)
[INFO   ] DREAMPlace - optimizer step 2.342 ms
[INFO   ] DREAMPlace - iteration  801, ( 801,  0,  0), Obj 6.835950E+07, DensityWeight 5.556265E-03, wHPWL 7.326074E+07, Overflow 2.098300E-01, MaxDensity 4.387E+00, gamma 2.973746E+01, time 0.764ms
[INFO   ] DREAMPlace - full step 3.666 ms
[INFO   ] DREAMPlace - optimizer step 2.200 ms
[INFO   ] DREAMPlace - iteration  802, ( 802,  0,  0), Obj 6.966887E+07, DensityWeight 5.717397E-03, wHPWL 7.316586E+07, Overflow 2.071503E-01, MaxDensity 3.885E+00, gamma 2.928882E+01, time 0.655ms
[INFO   ] DREAMPlace - full step 3.326 ms
[INFO   ] DREAMPlace - optimizer step 2.159 ms
[INFO   ] DREAMPlace - iteration  803, ( 803,  0,  0), Obj 6.940390E+07, DensityWeight 5.883201E-03, wHPWL 7.311051E+07, Overflow 2.081512E-01, MaxDensity 4.151E+00, gamma 2.888996E+01, time 0.658ms
[INFO   ] DREAMPlace - full step 3.262 ms
[INFO   ] DREAMPlace - optimizer step 2.127 ms
[INFO   ] DREAMPlace - iteration  804, ( 804,  0,  0), Obj 6.922035E+07, DensityWeight 6.053815E-03, wHPWL 7.310282E+07, Overflow 2.085088E-01, MaxDensity 4.071E+00, gamma 2.903830E+01, time 0.663ms
[INFO   ] DREAMPlace - full step 3.235 ms
[INFO   ] DREAMPlace - optimizer step 2.105 ms
[INFO   ] DREAMPlace - iteration  805, ( 805,  0,  0), Obj 6.909473E+07, DensityWeight 6.229375E-03, wHPWL 7.311454E+07, Overflow 2.077739E-01, MaxDensity 3.798E+00, gamma 2.909148E+01, time 0.653ms
[INFO   ] DREAMPlace - full step 3.211 ms
[INFO   ] DREAMPlace - optimizer step 2.163 ms
[INFO   ] DREAMPlace - iteration  806, ( 806,  0,  0), Obj 6.898992E+07, DensityWeight 6.530160E-03, wHPWL 7.310909E+07, Overflow 2.054412E-01, MaxDensity 4.014E+00, gamma 2.898229E+01, time 0.652ms
[INFO   ] DREAMPlace - full step 3.278 ms
[INFO   ] DREAMPlace - optimizer step 2.176 ms
[INFO   ] DREAMPlace - iteration  807, ( 807,  0,  0), Obj 6.886597E+07, DensityWeight 6.719535E-03, wHPWL 7.305963E+07, Overflow 2.027092E-01, MaxDensity 3.850E+00, gamma 2.863841E+01, time 0.662ms
[INFO   ] DREAMPlace - full step 3.296 ms
[INFO   ] DREAMPlace - optimizer step 2.164 ms
[INFO   ] DREAMPlace - iteration  808, ( 808,  0,  0), Obj 6.877362E+07, DensityWeight 6.914401E-03, wHPWL 7.301894E+07, Overflow 1.990709E-01, MaxDensity 4.075E+00, gamma 2.824086E+01, time 0.659ms
[INFO   ] DREAMPlace - full step 3.291 ms
[INFO   ] DREAMPlace - optimizer step 2.158 ms
[INFO   ] DREAMPlace - iteration  809, ( 809,  0,  0), Obj 6.868537E+07, DensityWeight 7.114919E-03, wHPWL 7.296072E+07, Overflow 1.962563E-01, MaxDensity 3.912E+00, gamma 2.771996E+01, time 0.653ms
[INFO   ] DREAMPlace - full step 3.273 ms
[INFO   ] DREAMPlace - optimizer step 2.138 ms
[INFO   ] DREAMPlace - iteration  810, ( 810,  0,  0), Obj 6.859227E+07, DensityWeight 7.321252E-03, wHPWL 7.289332E+07, Overflow 1.936346E-01, MaxDensity 3.766E+00, gamma 2.732361E+01, time 0.680ms
[INFO   ] DREAMPlace - full step 3.282 ms
[INFO   ] DREAMPlace - optimizer step 4.641 ms
[INFO   ] DREAMPlace - iteration  811, ( 811,  0,  0), Obj 6.850527E+07, DensityWeight 7.533569E-03, wHPWL 7.281830E+07, Overflow 1.918666E-01, MaxDensity 3.965E+00, gamma 2.695951E+01, time 1.025ms
[INFO   ] DREAMPlace - full step 6.175 ms
[INFO   ] DREAMPlace - optimizer step 2.225 ms
[INFO   ] DREAMPlace - iteration  812, ( 812,  0,  0), Obj 6.960046E+07, DensityWeight 7.752043E-03, wHPWL 7.274318E+07, Overflow 1.899388E-01, MaxDensity 4.151E+00, gamma 2.671672E+01, time 0.675ms
[INFO   ] DREAMPlace - full step 3.383 ms
[INFO   ] DREAMPlace - optimizer step 2.232 ms
[INFO   ] DREAMPlace - iteration  813, ( 813,  0,  0), Obj 6.934731E+07, DensityWeight 7.976852E-03, wHPWL 7.268019E+07, Overflow 1.900319E-01, MaxDensity 3.962E+00, gamma 2.645448E+01, time 0.658ms
[INFO   ] DREAMPlace - full step 3.380 ms
[INFO   ] DREAMPlace - optimizer step 2.199 ms
[INFO   ] DREAMPlace - iteration  814, ( 814,  0,  0), Obj 6.920081E+07, DensityWeight 8.208182E-03, wHPWL 7.268661E+07, Overflow 1.898910E-01, MaxDensity 4.005E+00, gamma 2.646709E+01, time 0.674ms
[INFO   ] DREAMPlace - full step 3.371 ms
[INFO   ] DREAMPlace - optimizer step 2.151 ms
[INFO   ] DREAMPlace - iteration  815, ( 815,  0,  0), Obj 6.908773E+07, DensityWeight 8.610886E-03, wHPWL 7.269840E+07, Overflow 1.882830E-01, MaxDensity 3.525E+00, gamma 2.644800E+01, time 0.659ms
[INFO   ] DREAMPlace - full step 3.291 ms
[INFO   ] DREAMPlace - optimizer step 2.182 ms
[INFO   ] DREAMPlace - iteration  816, ( 816,  0,  0), Obj 6.897893E+07, DensityWeight 9.026580E-03, wHPWL 7.268043E+07, Overflow 1.862094E-01, MaxDensity 3.542E+00, gamma 2.623129E+01, time 0.709ms
[INFO   ] DREAMPlace - full step 3.364 ms
[INFO   ] DREAMPlace - optimizer step 2.231 ms
[INFO   ] DREAMPlace - iteration  817, ( 817,  0,  0), Obj 6.887770E+07, DensityWeight 9.288351E-03, wHPWL 7.264906E+07, Overflow 1.833806E-01, MaxDensity 3.836E+00, gamma 2.595444E+01, time 0.666ms
[INFO   ] DREAMPlace - full step 3.359 ms
[INFO   ] DREAMPlace - optimizer step 2.219 ms
[INFO   ] DREAMPlace - iteration  818, ( 818,  0,  0), Obj 6.879498E+07, DensityWeight 9.557714E-03, wHPWL 7.261019E+07, Overflow 1.797491E-01, MaxDensity 3.630E+00, gamma 2.558147E+01, time 0.674ms
[INFO   ] DREAMPlace - full step 3.372 ms
[INFO   ] DREAMPlace - optimizer step 4.094 ms
[INFO   ] DREAMPlace - iteration  819, ( 819,  0,  0), Obj 6.872158E+07, DensityWeight 9.834887E-03, wHPWL 7.257214E+07, Overflow 1.766475E-01, MaxDensity 3.369E+00, gamma 2.511050E+01, time 0.683ms
[INFO   ] DREAMPlace - full step 5.258 ms
[INFO   ] DREAMPlace - optimizer step 2.169 ms
[INFO   ] DREAMPlace - iteration  820, ( 820,  0,  0), Obj 6.863502E+07, DensityWeight 1.012010E-02, wHPWL 7.250491E+07, Overflow 1.738908E-01, MaxDensity 3.411E+00, gamma 2.471513E+01, time 0.686ms
[INFO   ] DREAMPlace - full step 3.337 ms
[INFO   ] DREAMPlace - optimizer step 2.196 ms
[INFO   ] DREAMPlace - iteration  821, ( 821,  0,  0), Obj 6.856245E+07, DensityWeight 1.041358E-02, wHPWL 7.244758E+07, Overflow 1.718150E-01, MaxDensity 3.226E+00, gamma 2.436896E+01, time 0.686ms
[INFO   ] DREAMPlace - full step 3.368 ms
[INFO   ] DREAMPlace - optimizer step 3.537 ms
[INFO   ] DREAMPlace - iteration  822, ( 822,  0,  0), Obj 6.943717E+07, DensityWeight 1.071558E-02, wHPWL 7.237224E+07, Overflow 1.700985E-01, MaxDensity 3.153E+00, gamma 2.411150E+01, time 0.643ms
[INFO   ] DREAMPlace - full step 4.645 ms
[INFO   ] DREAMPlace - optimizer step 2.251 ms
[INFO   ] DREAMPlace - iteration  823, ( 823,  0,  0), Obj 6.912884E+07, DensityWeight 1.102633E-02, wHPWL 7.223430E+07, Overflow 1.713854E-01, MaxDensity 3.188E+00, gamma 2.390064E+01, time 0.663ms
[INFO   ] DREAMPlace - full step 3.369 ms
[INFO   ] DREAMPlace - optimizer step 2.513 ms
[INFO   ] DREAMPlace - iteration  824, ( 824,  0,  0), Obj 6.899973E+07, DensityWeight 1.134609E-02, wHPWL 7.223899E+07, Overflow 1.706143E-01, MaxDensity 3.160E+00, gamma 2.405855E+01, time 1.688ms
[INFO   ] DREAMPlace - full step 4.672 ms
[INFO   ] DREAMPlace - optimizer step 2.174 ms
[INFO   ] DREAMPlace - iteration  825, ( 825,  0,  0), Obj 6.887320E+07, DensityWeight 1.190560E-02, wHPWL 7.222605E+07, Overflow 1.691082E-01, MaxDensity 3.149E+00, gamma 2.396380E+01, time 0.640ms
[INFO   ] DREAMPlace - full step 3.282 ms
[INFO   ] DREAMPlace - optimizer step 2.240 ms
[INFO   ] DREAMPlace - iteration  826, ( 826,  0,  0), Obj 6.877794E+07, DensityWeight 1.225086E-02, wHPWL 7.220612E+07, Overflow 1.668053E-01, MaxDensity 3.051E+00, gamma 2.377985E+01, time 0.823ms
[INFO   ] DREAMPlace - full step 3.533 ms
[INFO   ] DREAMPlace - optimizer step 2.139 ms
[INFO   ] DREAMPlace - iteration  827, ( 827,  0,  0), Obj 6.867529E+07, DensityWeight 1.260614E-02, wHPWL 7.216418E+07, Overflow 1.638290E-01, MaxDensity 2.972E+00, gamma 2.350127E+01, time 0.668ms
[INFO   ] DREAMPlace - full step 3.309 ms
[INFO   ] DREAMPlace - optimizer step 2.214 ms
[INFO   ] DREAMPlace - iteration  828, ( 828,  0,  0), Obj 6.859132E+07, DensityWeight 1.297172E-02, wHPWL 7.212035E+07, Overflow 1.610327E-01, MaxDensity 2.936E+00, gamma 2.314608E+01, time 0.670ms
[INFO   ] DREAMPlace - full step 3.353 ms
[INFO   ] DREAMPlace - optimizer step 2.182 ms
[INFO   ] DREAMPlace - iteration  829, ( 829,  0,  0), Obj 6.851824E+07, DensityWeight 1.334790E-02, wHPWL 7.207851E+07, Overflow 1.584091E-01, MaxDensity 3.099E+00, gamma 2.281726E+01, time 0.670ms
[INFO   ] DREAMPlace - full step 3.336 ms
[INFO   ] DREAMPlace - optimizer step 2.187 ms
[INFO   ] DREAMPlace - iteration  830, ( 830,  0,  0), Obj 6.842235E+07, DensityWeight 1.373499E-02, wHPWL 7.200358E+07, Overflow 1.566405E-01, MaxDensity 3.212E+00, gamma 2.251299E+01, time 0.718ms
[INFO   ] DREAMPlace - full step 3.370 ms
[INFO   ] DREAMPlace - optimizer step 2.188 ms
[INFO   ] DREAMPlace - iteration  831, ( 831,  0,  0), Obj 6.834083E+07, DensityWeight 1.413330E-02, wHPWL 7.193595E+07, Overflow 1.554611E-01, MaxDensity 2.980E+00, gamma 2.231018E+01, time 0.685ms
[INFO   ] DREAMPlace - full step 3.352 ms
[INFO   ] DREAMPlace - optimizer step 2.252 ms
[INFO   ] DREAMPlace - iteration  832, ( 832,  0,  0), Obj 6.904146E+07, DensityWeight 1.454317E-02, wHPWL 7.187037E+07, Overflow 1.533866E-01, MaxDensity 3.016E+00, gamma 2.217595E+01, time 0.650ms
[INFO   ] DREAMPlace - full step 3.374 ms
[INFO   ] DREAMPlace - optimizer step 16.814 ms
[INFO   ] DREAMPlace - iteration  833, ( 833,  0,  0), Obj 6.876151E+07, DensityWeight 1.496492E-02, wHPWL 7.176719E+07, Overflow 1.538756E-01, MaxDensity 2.937E+00, gamma 2.194179E+01, time 0.680ms
[INFO   ] DREAMPlace - full step 17.972 ms
[INFO   ] DREAMPlace - optimizer step 2.175 ms
[INFO   ] DREAMPlace - iteration  834, ( 834,  0,  0), Obj 6.865887E+07, DensityWeight 1.539891E-02, wHPWL 7.179373E+07, Overflow 1.530647E-01, MaxDensity 2.797E+00, gamma 2.199676E+01, time 0.674ms
[INFO   ] DREAMPlace - full step 3.310 ms
[INFO   ] DREAMPlace - optimizer step 2.122 ms
[INFO   ] DREAMPlace - iteration  835, ( 835,  0,  0), Obj 6.854606E+07, DensityWeight 1.610915E-02, wHPWL 7.179214E+07, Overflow 1.509902E-01, MaxDensity 2.765E+00, gamma 2.190568E+01, time 0.652ms
[INFO   ] DREAMPlace - full step 3.261 ms
[INFO   ] DREAMPlace - optimizer step 2.157 ms
[INFO   ] DREAMPlace - iteration  836, ( 836,  0,  0), Obj 6.845538E+07, DensityWeight 1.657632E-02, wHPWL 7.177645E+07, Overflow 1.488769E-01, MaxDensity 2.726E+00, gamma 2.167438E+01, time 0.661ms
[INFO   ] DREAMPlace - full step 3.290 ms
[INFO   ] DREAMPlace - optimizer step 2.133 ms
[INFO   ] DREAMPlace - iteration  837, ( 837,  0,  0), Obj 6.836091E+07, DensityWeight 1.705703E-02, wHPWL 7.174090E+07, Overflow 1.461289E-01, MaxDensity 2.801E+00, gamma 2.144127E+01, time 0.639ms
[INFO   ] DREAMPlace - full step 3.231 ms
[INFO   ] DREAMPlace - optimizer step 2.093 ms
[INFO   ] DREAMPlace - iteration  838, ( 838,  0,  0), Obj 6.828528E+07, DensityWeight 1.755168E-02, wHPWL 7.170464E+07, Overflow 1.437751E-01, MaxDensity 2.833E+00, gamma 2.114189E+01, time 0.644ms
[INFO   ] DREAMPlace - full step 3.189 ms
[INFO   ] DREAMPlace - optimizer step 4.818 ms
[INFO   ] DREAMPlace - iteration  839, ( 839,  0,  0), Obj 6.821169E+07, DensityWeight 1.806068E-02, wHPWL 7.165875E+07, Overflow 1.414900E-01, MaxDensity 2.754E+00, gamma 2.088879E+01, time 1.674ms
[INFO   ] DREAMPlace - full step 6.952 ms
[INFO   ] DREAMPlace - plotting to gammalocal_results/nshuf/adaptec1/plot/iter0840.png takes 1.298 seconds
[INFO   ] DREAMPlace - optimizer step 3.633 ms
[INFO   ] DREAMPlace - iteration  840, ( 840,  0,  0), Obj 6.813717E+07, DensityWeight 1.858445E-02, wHPWL 7.160127E+07, Overflow 1.398357E-01, MaxDensity 2.783E+00, gamma 2.064597E+01, time 3.234ms
[INFO   ] DREAMPlace - full step 1306.390 ms
[INFO   ] DREAMPlace - optimizer step 2.208 ms
[INFO   ] DREAMPlace - iteration  841, ( 841,  0,  0), Obj 6.806298E+07, DensityWeight 1.912339E-02, wHPWL 7.154284E+07, Overflow 1.382491E-01, MaxDensity 2.945E+00, gamma 2.047194E+01, time 0.700ms
[INFO   ] DREAMPlace - full step 3.439 ms
[INFO   ] DREAMPlace - optimizer step 2.140 ms
[INFO   ] DREAMPlace - iteration  842, ( 842,  0,  0), Obj 6.885488E+07, DensityWeight 1.967797E-02, wHPWL 7.148262E+07, Overflow 1.367172E-01, MaxDensity 2.711E+00, gamma 2.030641E+01, time 0.653ms
[INFO   ] DREAMPlace - full step 3.260 ms
[INFO   ] DREAMPlace - optimizer step 2.108 ms
[INFO   ] DREAMPlace - iteration  843, ( 843,  0,  0), Obj 6.856410E+07, DensityWeight 2.024863E-02, wHPWL 7.135658E+07, Overflow 1.376561E-01, MaxDensity 2.893E+00, gamma 2.014786E+01, time 0.650ms
[INFO   ] DREAMPlace - full step 3.201 ms
[INFO   ] DREAMPlace - optimizer step 2.151 ms
[INFO   ] DREAMPlace - iteration  844, ( 844,  0,  0), Obj 6.850253E+07, DensityWeight 2.083585E-02, wHPWL 7.141200E+07, Overflow 1.368218E-01, MaxDensity 2.832E+00, gamma 2.024489E+01, time 0.648ms
[INFO   ] DREAMPlace - full step 3.249 ms
[INFO   ] DREAMPlace - optimizer step 2.122 ms
[INFO   ] DREAMPlace - iteration  845, ( 845,  0,  0), Obj 6.839546E+07, DensityWeight 2.170926E-02, wHPWL 7.140932E+07, Overflow 1.354520E-01, MaxDensity 2.743E+00, gamma 2.015865E+01, time 0.662ms
[INFO   ] DREAMPlace - full step 3.250 ms
[INFO   ] DREAMPlace - optimizer step 2.247 ms
[INFO   ] DREAMPlace - iteration  846, ( 846,  0,  0), Obj 6.831586E+07, DensityWeight 2.233883E-02, wHPWL 7.139786E+07, Overflow 1.331478E-01, MaxDensity 2.758E+00, gamma 2.001785E+01, time 0.670ms
[INFO   ] DREAMPlace - full step 3.369 ms
[INFO   ] DREAMPlace - optimizer step 2.091 ms
[INFO   ] DREAMPlace - iteration  847, ( 847,  0,  0), Obj 6.823150E+07, DensityWeight 2.298666E-02, wHPWL 7.136765E+07, Overflow 1.305634E-01, MaxDensity 2.693E+00, gamma 1.978321E+01, time 0.657ms
[INFO   ] DREAMPlace - full step 3.204 ms
[INFO   ] DREAMPlace - optimizer step 2.133 ms
[INFO   ] DREAMPlace - iteration  848, ( 848,  0,  0), Obj 6.816189E+07, DensityWeight 2.365327E-02, wHPWL 7.133231E+07, Overflow 1.282359E-01, MaxDensity 2.704E+00, gamma 1.952333E+01, time 0.650ms
[INFO   ] DREAMPlace - full step 3.282 ms
[INFO   ] DREAMPlace - optimizer step 2.129 ms
[INFO   ] DREAMPlace - iteration  849, ( 849,  0,  0), Obj 6.809597E+07, DensityWeight 2.433922E-02, wHPWL 7.129399E+07, Overflow 1.264422E-01, MaxDensity 2.531E+00, gamma 1.929219E+01, time 0.664ms
[INFO   ] DREAMPlace - full step 3.253 ms
[INFO   ] DREAMPlace - optimizer step 2.103 ms
[INFO   ] DREAMPlace - iteration  850, ( 850,  0,  0), Obj 6.802948E+07, DensityWeight 2.504505E-02, wHPWL 7.124342E+07, Overflow 1.247114E-01, MaxDensity 2.557E+00, gamma 1.911593E+01, time 0.640ms
[INFO   ] DREAMPlace - full step 3.198 ms
[INFO   ] DREAMPlace - optimizer step 2.430 ms
[INFO   ] DREAMPlace - iteration  851, ( 851,  0,  0), Obj 6.797232E+07, DensityWeight 2.577136E-02, wHPWL 7.119962E+07, Overflow 1.231356E-01, MaxDensity 2.688E+00, gamma 1.894739E+01, time 1.123ms
[INFO   ] DREAMPlace - full step 4.025 ms
[INFO   ] DREAMPlace - optimizer step 2.139 ms
[INFO   ] DREAMPlace - iteration  852, ( 852,  0,  0), Obj 6.866093E+07, DensityWeight 2.651873E-02, wHPWL 7.115194E+07, Overflow 1.214114E-01, MaxDensity 2.689E+00, gamma 1.879523E+01, time 0.640ms
[INFO   ] DREAMPlace - full step 3.230 ms
[INFO   ] DREAMPlace - optimizer step 2.109 ms
[INFO   ] DREAMPlace - iteration  853, ( 853,  0,  0), Obj 6.838575E+07, DensityWeight 2.728778E-02, wHPWL 7.104224E+07, Overflow 1.214014E-01, MaxDensity 2.711E+00, gamma 1.863014E+01, time 0.660ms
[INFO   ] DREAMPlace - full step 3.215 ms
[INFO   ] DREAMPlace - optimizer step 2.103 ms
[INFO   ] DREAMPlace - iteration  854, ( 854,  0,  0), Obj 6.835329E+07, DensityWeight 2.807912E-02, wHPWL 7.112509E+07, Overflow 1.201230E-01, MaxDensity 2.485E+00, gamma 1.862919E+01, time 0.633ms
[INFO   ] DREAMPlace - full step 3.205 ms
[INFO   ] DREAMPlace - optimizer step 2.818 ms
[INFO   ] DREAMPlace - iteration  855, ( 855,  0,  0), Obj 6.826484E+07, DensityWeight 2.914454E-02, wHPWL 7.113875E+07, Overflow 1.187745E-01, MaxDensity 2.515E+00, gamma 1.850772E+01, time 0.640ms
[INFO   ] DREAMPlace - full step 3.924 ms
[INFO   ] DREAMPlace - optimizer step 2.096 ms
[INFO   ] DREAMPlace - iteration  856, ( 856,  0,  0), Obj 6.818578E+07, DensityWeight 3.054353E-02, wHPWL 7.111951E+07, Overflow 1.171194E-01, MaxDensity 2.468E+00, gamma 1.838046E+01, time 0.657ms
[INFO   ] DREAMPlace - full step 3.213 ms
[INFO   ] DREAMPlace - optimizer step 2.125 ms
[INFO   ] DREAMPlace - iteration  857, ( 857,  0,  0), Obj 6.811348E+07, DensityWeight 3.142929E-02, wHPWL 7.109834E+07, Overflow 1.151110E-01, MaxDensity 2.441E+00, gamma 1.822545E+01, time 2.206ms
[INFO   ] DREAMPlace - full step 4.796 ms
[INFO   ] DREAMPlace - optimizer step 2.107 ms
[INFO   ] DREAMPlace - iteration  858, ( 858,  0,  0), Obj 6.805606E+07, DensityWeight 3.234074E-02, wHPWL 7.106814E+07, Overflow 1.126141E-01, MaxDensity 2.400E+00, gamma 1.803911E+01, time 0.660ms
[INFO   ] DREAMPlace - full step 3.218 ms
[INFO   ] DREAMPlace - optimizer step 2.134 ms
[INFO   ] DREAMPlace - iteration  859, ( 859,  0,  0), Obj 6.801110E+07, DensityWeight 3.327863E-02, wHPWL 7.104805E+07, Overflow 1.105061E-01, MaxDensity 2.404E+00, gamma 1.781010E+01, time 0.640ms
[INFO   ] DREAMPlace - full step 3.237 ms
[INFO   ] DREAMPlace - optimizer step 2.118 ms
[INFO   ] DREAMPlace - iteration  860, ( 860,  0,  0), Obj 6.796371E+07, DensityWeight 3.424371E-02, wHPWL 7.101282E+07, Overflow 1.086909E-01, MaxDensity 2.372E+00, gamma 1.761904E+01, time 0.635ms
[INFO   ] DREAMPlace - full step 3.211 ms
[INFO   ] DREAMPlace - optimizer step 2.143 ms
[INFO   ] DREAMPlace - iteration  861, ( 861,  0,  0), Obj 6.791529E+07, DensityWeight 3.523678E-02, wHPWL 7.097690E+07, Overflow 1.069938E-01, MaxDensity 2.410E+00, gamma 1.745615E+01, time 0.651ms
[INFO   ] DREAMPlace - full step 3.250 ms
[INFO   ] DREAMPlace - optimizer step 2.156 ms
[INFO   ] DREAMPlace - iteration  862, ( 862,  0,  0), Obj 6.845829E+07, DensityWeight 3.625865E-02, wHPWL 7.094741E+07, Overflow 1.052845E-01, MaxDensity 2.284E+00, gamma 1.730521E+01, time 0.668ms
[INFO   ] DREAMPlace - full step 3.284 ms
[INFO   ] DREAMPlace - optimizer step 2.127 ms
[INFO   ] DREAMPlace - iteration  863, ( 863,  0,  0), Obj 6.816236E+07, DensityWeight 3.731015E-02, wHPWL 7.080958E+07, Overflow 1.048750E-01, MaxDensity 2.294E+00, gamma 1.715452E+01, time 0.642ms
[INFO   ] DREAMPlace - full step 3.241 ms
[INFO   ] DREAMPlace - optimizer step 2.185 ms
[INFO   ] DREAMPlace - iteration  864, ( 864,  0,  0), Obj 6.815933E+07, DensityWeight 3.839215E-02, wHPWL 7.093030E+07, Overflow 1.033677E-01, MaxDensity 2.154E+00, gamma 1.711861E+01, time 0.644ms
[INFO   ] DREAMPlace - full step 3.276 ms
[INFO   ] DREAMPlace - optimizer step 2.268 ms
[INFO   ] DREAMPlace - iteration  865, ( 865,  0,  0), Obj 6.812288E+07, DensityWeight 3.963904E-02, wHPWL 7.099014E+07, Overflow 1.014967E-01, MaxDensity 2.217E+00, gamma 1.698709E+01, time 0.663ms
[INFO   ] DREAMPlace - full step 3.393 ms
[INFO   ] DREAMPlace - optimizer step 2.103 ms
[INFO   ] DREAMPlace - iteration  866, ( 866,  0,  0), Obj 6.803869E+07, DensityWeight 4.127529E-02, wHPWL 7.096042E+07, Overflow 9.950614E-02, MaxDensity 2.189E+00, gamma 1.682524E+01, time 0.653ms
[INFO   ] DREAMPlace - full step 3.205 ms
[INFO   ] DREAMPlace - optimizer step 2.114 ms
[INFO   ] DREAMPlace - iteration  867, ( 867,  0,  0), Obj 6.797505E+07, DensityWeight 4.247228E-02, wHPWL 7.093828E+07, Overflow 9.772106E-02, MaxDensity 2.205E+00, gamma 1.665474E+01, time 0.690ms
[INFO   ] DREAMPlace - full step 3.280 ms
[INFO   ] DREAMPlace - optimizer step 2.107 ms
[INFO   ] DREAMPlace - iteration  868, ( 868,  0,  0), Obj 6.793969E+07, DensityWeight 4.370397E-02, wHPWL 7.092309E+07, Overflow 9.535425E-02, MaxDensity 2.142E+00, gamma 1.650331E+01, time 0.656ms
[INFO   ] DREAMPlace - full step 3.210 ms
[INFO   ] DREAMPlace - optimizer step 2.131 ms
[INFO   ] DREAMPlace - iteration  869, ( 869,  0,  0), Obj 6.790231E+07, DensityWeight 4.497139E-02, wHPWL 7.090256E+07, Overflow 9.374614E-02, MaxDensity 2.126E+00, gamma 1.630464E+01, time 0.705ms
[INFO   ] DREAMPlace - full step 3.289 ms
[INFO   ] DREAMPlace - optimizer step 2.082 ms
[INFO   ] DREAMPlace - iteration  870, ( 870,  0,  0), Obj 6.787064E+07, DensityWeight 4.627556E-02, wHPWL 7.087715E+07, Overflow 9.220579E-02, MaxDensity 2.177E+00, gamma 1.617103E+01, time 0.648ms
[INFO   ] DREAMPlace - full step 3.186 ms
[INFO   ] DREAMPlace - optimizer step 2.117 ms
[INFO   ] DREAMPlace - iteration  871, ( 871,  0,  0), Obj 6.783522E+07, DensityWeight 4.761756E-02, wHPWL 7.084784E+07, Overflow 9.068790E-02, MaxDensity 2.127E+00, gamma 1.604408E+01, time 0.687ms
[INFO   ] DREAMPlace - full step 3.258 ms
[INFO   ] DREAMPlace - optimizer step 2.081 ms
[INFO   ] DREAMPlace - iteration  872, ( 872,  0,  0), Obj 6.842567E+07, DensityWeight 4.899847E-02, wHPWL 7.082602E+07, Overflow 8.924478E-02, MaxDensity 2.242E+00, gamma 1.591995E+01, time 0.664ms
[INFO   ] DREAMPlace - full step 3.205 ms
[INFO   ] DREAMPlace - optimizer step 2.110 ms
[INFO   ] DREAMPlace - iteration  873, ( 873,  0,  0), Obj 6.817884E+07, DensityWeight 5.041943E-02, wHPWL 7.072234E+07, Overflow 8.936550E-02, MaxDensity 2.250E+00, gamma 1.580282E+01, time 0.657ms
[INFO   ] DREAMPlace - full step 3.198 ms
[INFO   ] DREAMPlace - optimizer step 2.103 ms
[INFO   ] DREAMPlace - iteration  874, ( 874,  0,  0), Obj 6.818403E+07, DensityWeight 5.188159E-02, wHPWL 7.083788E+07, Overflow 8.806084E-02, MaxDensity 2.194E+00, gamma 1.581258E+01, time 0.641ms
[INFO   ] DREAMPlace - full step 3.214 ms
[INFO   ] DREAMPlace - optimizer step 2.096 ms
[INFO   ] DREAMPlace - iteration  875, ( 875,  0,  0), Obj 6.815430E+07, DensityWeight 5.360533E-02, wHPWL 7.088939E+07, Overflow 8.671981E-02, MaxDensity 2.106E+00, gamma 1.570738E+01, time 0.655ms
[INFO   ] DREAMPlace - full step 3.200 ms
[INFO   ] DREAMPlace - optimizer step 2.088 ms
[INFO   ] DREAMPlace - iteration  876, ( 876,  0,  0), Obj 6.807326E+07, DensityWeight 5.588286E-02, wHPWL 7.084970E+07, Overflow 8.510844E-02, MaxDensity 2.072E+00, gamma 1.559996E+01, time 0.659ms
[INFO   ] DREAMPlace - full step 3.195 ms
[INFO   ] DREAMPlace - optimizer step 2.278 ms
[INFO   ] DREAMPlace - iteration  877, ( 877,  0,  0), Obj 6.800354E+07, DensityWeight 5.750346E-02, wHPWL 7.081141E+07, Overflow 8.372591E-02, MaxDensity 2.101E+00, gamma 1.547187E+01, time 0.634ms
[INFO   ] DREAMPlace - full step 3.371 ms
[INFO   ] DREAMPlace - optimizer step 4.004 ms
[INFO   ] DREAMPlace - iteration  878, ( 878,  0,  0), Obj 6.796166E+07, DensityWeight 5.917107E-02, wHPWL 7.078385E+07, Overflow 8.186432E-02, MaxDensity 1.951E+00, gamma 1.536281E+01, time 0.633ms
[INFO   ] DREAMPlace - full step 5.100 ms
[INFO   ] DREAMPlace - optimizer step 2.096 ms
[INFO   ] DREAMPlace - iteration  879, ( 879,  0,  0), Obj 6.787010E+07, DensityWeight 6.088703E-02, wHPWL 7.069226E+07, Overflow 8.075140E-02, MaxDensity 1.998E+00, gamma 1.521716E+01, time 0.659ms
[INFO   ] DREAMPlace - full step 3.213 ms
[INFO   ] DREAMPlace - plotting to gammalocal_results/nshuf/adaptec1/plot/iter0880.png takes 1.440 seconds
[INFO   ] DREAMPlace - optimizer step 3.791 ms
[INFO   ] DREAMPlace - iteration  880, ( 880,  0,  0), Obj 6.784458E+07, DensityWeight 6.265275E-02, wHPWL 7.066896E+07, Overflow 7.948755E-02, MaxDensity 2.019E+00, gamma 1.513075E+01, time 0.641ms
[INFO   ] DREAMPlace - full step 1445.778 ms
[INFO   ] DREAMPlace - optimizer step 2.231 ms
[INFO   ] DREAMPlace - iteration  881, ( 881,  0,  0), Obj 6.782592E+07, DensityWeight 6.446969E-02, wHPWL 7.064954E+07, Overflow 7.819664E-02, MaxDensity 2.050E+00, gamma 1.503322E+01, time 0.720ms
[INFO   ] DREAMPlace - full step 3.478 ms
[INFO   ] DREAMPlace - optimizer step 2.206 ms
[INFO   ] DREAMPlace - iteration  882, ( 882,  0,  0), Obj 6.824769E+07, DensityWeight 6.633931E-02, wHPWL 7.061950E+07, Overflow 7.694010E-02, MaxDensity 1.969E+00, gamma 1.493425E+01, time 0.658ms
[INFO   ] DREAMPlace - full step 3.334 ms
[INFO   ] DREAMPlace - optimizer step 2.160 ms
[INFO   ] DREAMPlace - iteration  883, ( 883,  0,  0), Obj 6.805063E+07, DensityWeight 6.826316E-02, wHPWL 7.053989E+07, Overflow 7.644487E-02, MaxDensity 1.892E+00, gamma 1.483853E+01, time 0.662ms
[INFO   ] DREAMPlace - full step 3.289 ms
[INFO   ] DREAMPlace - optimizer step 4.070 ms
[INFO   ] DREAMPlace - iteration  884, ( 884,  0,  0), Obj 6.797215E+07, DensityWeight 7.024279E-02, wHPWL 7.056066E+07, Overflow 7.546058E-02, MaxDensity 1.879E+00, gamma 1.480098E+01, time 0.665ms
[INFO   ] DREAMPlace - full step 5.202 ms
[INFO   ] DREAMPlace - optimizer step 2.158 ms
[INFO   ] DREAMPlace - iteration  885, ( 885,  0,  0), Obj 6.792707E+07, DensityWeight 7.354171E-02, wHPWL 7.057785E+07, Overflow 7.445604E-02, MaxDensity 1.909E+00, gamma 1.472662E+01, time 0.661ms
[INFO   ] DREAMPlace - full step 3.291 ms
[INFO   ] DREAMPlace - optimizer step 2.137 ms
[INFO   ] DREAMPlace - iteration  886, ( 886,  0,  0), Obj 6.789997E+07, DensityWeight 7.703396E-02, wHPWL 7.059282E+07, Overflow 7.295003E-02, MaxDensity 1.988E+00, gamma 1.465112E+01, time 0.654ms
[INFO   ] DREAMPlace - full step 3.253 ms
[INFO   ] DREAMPlace - optimizer step 2.218 ms
[INFO   ] DREAMPlace - iteration  887, ( 887,  0,  0), Obj 6.788695E+07, DensityWeight 8.071706E-02, wHPWL 7.060699E+07, Overflow 7.094614E-02, MaxDensity 1.864E+00, gamma 1.453865E+01, time 0.669ms
[INFO   ] DREAMPlace - full step 3.343 ms
[INFO   ] DREAMPlace - optimizer step 12.053 ms
[INFO   ] DREAMPlace - iteration  888, ( 888,  0,  0), Obj 6.787619E+07, DensityWeight 8.458558E-02, wHPWL 7.061412E+07, Overflow 6.900777E-02, MaxDensity 1.775E+00, gamma 1.439034E+01, time 0.679ms
[INFO   ] DREAMPlace - full step 13.193 ms
[INFO   ] DREAMPlace - optimizer nesterov takes 35.382 seconds
[INFO   ] DREAMPlace - plotting to gammalocal_results/nshuf/adaptec1/plot/iter0889.png takes 1.286 seconds
[INFO   ] DREAMPlace - Start legalization
[WARNING] DEF input file not specified, cannot output DEF file; set to DEFSIMPLE
[INFO   ] lef_input = 
[INFO   ] def_input = 
[INFO   ] verilog_input = 
[INFO   ] bookshelf_aux_input = benchmarks/ispd2005/adaptec1/adaptec1.aux
[INFO   ] bookshelf_pl_input = 
[INFO   ] def_size_input = 
[INFO   ] def_output = -out.def
[INFO   ] rpt_output = 
[INFO   ] target_util = 0
[INFO   ] max_displace = 0
[INFO   ] bin size = (10, 10) #rows
[INFO   ] sbin size = (5, 5) #rows
[INFO   ] bin_space_threshold = 0.2
[INFO   ] abu = 2,10 5,5 10,2 20,1 
[INFO   ] def_ignore_cells = 
[INFO   ] macro_obs_aware_layers = 
[INFO   ] enable_place = true
[INFO   ] enable_legalize = true
[INFO   ] evaluate_overlap = false
[INFO   ] move_multi_row_cell = true
[INFO   ] align_power_line = true
[INFO   ] cluster_cell = false
[INFO   ] sort_nets_by_degree = false
[INFO   ] file_format = BOOKSHELF
[INFO   ] max_iters = 6
[WARNING] no DEF file specified
[WARNING] no Verilog file specified
[INFO   ] reading benchmarks/ispd2005/adaptec1/adaptec1.aux
[WARNING] no additional Bookshelf .pl file specified
[WARNING] 20285 nets with 24352 pins from same nodes
[WARNING] 4210 nets should be ignored due to not enough pins
[INFO   ] sort nodes in the order of movable and fixed
[INFO   ] Group cells for fence regions
[INFO   ] Construct 0 groups
[INFO   ] Fence region groups done
[DEBUG  ] num_terminals 543, numFixed 543, numPlaceBlockages 0, num_terminal_NIs 0
[INFO   ] -- Converting Node Orientation --
[INFO   ] ---------------------------------
[INFO   ] -------- Area Statistics --------
[INFO   ] fixed area overlap = 4.91641e+07
[INFO   ] fixed area total = 6.4094e+07
[INFO   ] space area = 6.50265e+07
[INFO   ] ---------------------------------
[DEBUG  ] deterministic mode: integer 32 bits, fraction 32 bits, scale factor 4294967296
[DEBUG  ] deterministic mode: integer 32 bits, fraction 32 bits, scale factor 4294967296
[INFO   ] writing placement to gammalocal_results/nshuf/adaptec1/plot/iter0000.png
[INFO   ] writing placement to gammalocal_results/nshuf/adaptec1/plot/iter0040.png
[INFO   ] writing placement to gammalocal_results/nshuf/adaptec1/plot/iter0080.png
[INFO   ] writing placement to gammalocal_results/nshuf/adaptec1/plot/iter0120.png
[INFO   ] writing placement to gammalocal_results/nshuf/adaptec1/plot/iter0160.png
[INFO   ] writing placement to gammalocal_results/nshuf/adaptec1/plot/iter0200.png
[INFO   ] writing placement to gammalocal_results/nshuf/adaptec1/plot/iter0240.png
[INFO   ] writing placement to gammalocal_results/nshuf/adaptec1/plot/iter0280.png
[INFO   ] writing placement to gammalocal_results/nshuf/adaptec1/plot/iter0320.png
[INFO   ] writing placement to gammalocal_results/nshuf/adaptec1/plot/iter0360.png
[INFO   ] writing placement to gammalocal_results/nshuf/adaptec1/plot/iter0400.png
[INFO   ] writing placement to gammalocal_results/nshuf/adaptec1/plot/iter0440.png
[INFO   ] writing placement to gammalocal_results/nshuf/adaptec1/plot/iter0480.png
[INFO   ] writing placement to gammalocal_results/nshuf/adaptec1/plot/iter0520.png
[INFO   ] writing placement to gammalocal_results/nshuf/adaptec1/plot/iter0560.png
[INFO   ] writing placement to gammalocal_results/nshuf/adaptec1/plot/iter0600.png
[INFO   ] writing placement to gammalocal_results/nshuf/adaptec1/plot/iter0640.png
[INFO   ] writing placement to gammalocal_results/nshuf/adaptec1/plot/iter0680.png
[INFO   ] writing placement to gammalocal_results/nshuf/adaptec1/plot/iter0720.png
[INFO   ] writing placement to gammalocal_results/nshuf/adaptec1/plot/iter0760.png
[INFO   ] writing placement to gammalocal_results/nshuf/adaptec1/plot/iter0800.png
[INFO   ] writing placement to gammalocal_results/nshuf/adaptec1/plot/iter0840.png
[INFO   ] writing placement to gammalocal_results/nshuf/adaptec1/plot/iter0880.png
[INFO   ] writing placement to gammalocal_results/nshuf/adaptec1/plot/iter0889.png
[INFO   ] Macro legalization: regard 0 cells as dummy fixed (movable macros)
[INFO   ] Macro legalization takes 0.641595 ms
[DEBUG  ] Standard cell legalization blank_num_bins_y = 890
[DEBUG  ] Standard cell legalization iteration 0 with 1x1 bins
[DEBUG  ] Standard cell legalization #bin_blanks
[DEBUG  ] #bin_objs = 10792
[INFO   ] Standard cell legalization legalizeBin takes 185.040 ms
[DEBUG  ] Standard cell legalization num_unplaced_cells = 0
[DEBUG  ] Standard cell legalization blank_num_bins_y = 890
[DEBUG  ] Standard cell legalization iteration 0 with 1x1 bins
[DEBUG  ] Standard cell legalization #bin_blanks
[DEBUG  ] #bin_objs = 10792
[INFO   ] Standard cell legalization legalizeBin takes 166.648 ms
[DEBUG  ] Standard cell legalization num_unplaced_cells = 0
[INFO   ] Greedy legalization takes 337.25 ms
[INFO   ] Legality check takes 17.323 ms
[DEBUG  ] average displace = 12.4158
[INFO   ] Abacus legalization takes 29.1188 ms
[INFO   ] DREAMPlace - legalization takes 0.412 seconds
[INFO   ] DREAMPlace - iteration  889, wHPWL 7.421830E+07, time 0.346ms
[INFO   ] DREAMPlace - plotting to gammalocal_results/nshuf/adaptec1/plot/iter0890.png takes 1.319 seconds
[INFO   ] DREAMPlace - Start ABCDPlace for refinement
[INFO   ] Legality check takes 16.2617 ms
[INFO   ] writing placement to gammalocal_results/nshuf/adaptec1/plot/iter0890.png
[INFO   ] DREAMPlace - ABCDPlace input legal flag = 1
[INFO   ] Legality check takes 16.8007 ms
[DEBUG  ] 4-reorder
[DEBUG  ] 24 permutations
[DEBUG  ] initializing CPU DB takes 17.4027 ms
[DEBUG  ] computing independent rows takes 47.7799 ms
[DEBUG  ] computing reorder instances takes 0.822168 ms
[DEBUG  ] initializing CUDA state takes 1.91875 ms
[INFO   ] initial hpwl = 74302696.000
[DEBUG  ] enumeration takes 197.686 ms for 226 runs, average 0.874716 ms
[DEBUG  ] apply_reorder takes 4.00858 ms for 226 runs, average 0.0177371 ms
[INFO   ] Iteration time(ms) 	 201.717
[INFO   ] iteration 0: hpwl 74302696.000 => 74005568.000 (imp. 0.399889%)
[DEBUG  ] enumeration takes 197.325 ms for 226 runs, average 0.873119 ms
[DEBUG  ] apply_reorder takes 3.97156 ms for 226 runs, average 0.0175733 ms
[INFO   ] Iteration time(ms) 	 201.316
[INFO   ] iteration 1: hpwl 74302696.000 => 73953976.000 (imp. 0.469323%)
[DEBUG  ] destroying CUDA state takes 0.81512 ms
[DEBUG  ] destroying CPU state takes 0.002766 ms
[INFO   ] Kernel time: 404.177 ms
[INFO   ] K-reorder time: 473.027 ms
[INFO   ] DREAMPlace - K-Reorder legal flag = 1
[INFO   ] Legality check takes 16.9059 ms
[INFO   ] diamond search grid size 64, sequence length 2048
[INFO   ] initializing GPU memory takes 9.68684 ms
[INFO   ] initial hpwl 7.3954e+07
[DEBUG  ] allocate 1719807 bytes in shuffler for length 210904*(4+4)
[DEBUG  ] from 55542 nodes, collect 433 sets, avg 106 nodes, min/max 19/128 nodes
[INFO   ] iteration 0, target hpwl 7.38709e+07, delta -83048(-0.112297%), 433 independent sets, moved 4.16635% cells, runtime 37.5576 ms
[DEBUG  ] from 55644 nodes, collect 434 sets, avg 109 nodes, min/max 26/128 nodes
[DEBUG  ] from 55430 nodes, collect 433 sets, avg 108 nodes, min/max 26/128 nodes
[DEBUG  ] from 55566 nodes, collect 434 sets, avg 107 nodes, min/max 21/128 nodes
[DEBUG  ] from 55314 nodes, collect 432 sets, avg 108 nodes, min/max 24/128 nodes
[DEBUG  ] from 55423 nodes, collect 432 sets, avg 107 nodes, min/max 18/128 nodes
[INFO   ] iteration 5, target hpwl 7.36746e+07, delta -279408(-0.377813%), 432 independent sets, moved 20.2571% cells, runtime 28.0839 ms
[DEBUG  ] from 55286 nodes, collect 431 sets, avg 108 nodes, min/max 9/128 nodes
[DEBUG  ] from 55435 nodes, collect 433 sets, avg 106 nodes, min/max 14/128 nodes
[DEBUG  ] from 55278 nodes, collect 431 sets, avg 106 nodes, min/max 9/128 nodes
[DEBUG  ] from 55172 nodes, collect 431 sets, avg 107 nodes, min/max 15/128 nodes
[DEBUG  ] from 55174 nodes, collect 431 sets, avg 106 nodes, min/max 13/128 nodes
[INFO   ] iteration 10, target hpwl 7.35886e+07, delta -365384(-0.494069%), 431 independent sets, moved 33.0288% cells, runtime 17.6932 ms
[DEBUG  ] from 55374 nodes, collect 432 sets, avg 106 nodes, min/max 18/128 nodes
[DEBUG  ] from 55477 nodes, collect 433 sets, avg 105 nodes, min/max 32/128 nodes
[DEBUG  ] from 55302 nodes, collect 432 sets, avg 107 nodes, min/max 6/128 nodes
[DEBUG  ] from 55176 nodes, collect 431 sets, avg 107 nodes, min/max 17/128 nodes
[DEBUG  ] from 55265 nodes, collect 431 sets, avg 109 nodes, min/max 25/128 nodes
[INFO   ] iteration 15, target hpwl 7.35387e+07, delta -415248(-0.561495%), 431 independent sets, moved 45.3467% cells, runtime 20.4112 ms
[DEBUG  ] from 55206 nodes, collect 431 sets, avg 108 nodes, min/max 21/128 nodes
[DEBUG  ] from 55228 nodes, collect 431 sets, avg 108 nodes, min/max 26/128 nodes
[DEBUG  ] from 55207 nodes, collect 431 sets, avg 107 nodes, min/max 23/128 nodes
[DEBUG  ] from 55262 nodes, collect 431 sets, avg 106 nodes, min/max 8/128 nodes
[DEBUG  ] from 55255 nodes, collect 431 sets, avg 107 nodes, min/max 20/128 nodes
[INFO   ] iteration 20, target hpwl 7.34971e+07, delta -456856(-0.617757%), 431 independent sets, moved 57.1639% cells, runtime 12.8694 ms
[DEBUG  ] from 55261 nodes, collect 431 sets, avg 106 nodes, min/max 18/128 nodes
[DEBUG  ] from 55293 nodes, collect 431 sets, avg 107 nodes, min/max 8/128 nodes
[DEBUG  ] from 55129 nodes, collect 430 sets, avg 107 nodes, min/max 20/128 nodes
[DEBUG  ] from 55246 nodes, collect 431 sets, avg 107 nodes, min/max 16/128 nodes
[DEBUG  ] from 55219 nodes, collect 431 sets, avg 109 nodes, min/max 22/128 nodes
[INFO   ] iteration 25, target hpwl 7.34695e+07, delta -484512(-0.655153%), 431 independent sets, moved 68.3989% cells, runtime 13.0135 ms
[DEBUG  ] from 55192 nodes, collect 431 sets, avg 108 nodes, min/max 9/128 nodes
[DEBUG  ] from 55091 nodes, collect 430 sets, avg 108 nodes, min/max 13/128 nodes
[DEBUG  ] from 55328 nodes, collect 432 sets, avg 108 nodes, min/max 23/128 nodes
[DEBUG  ] from 55157 nodes, collect 430 sets, avg 107 nodes, min/max 5/128 nodes
[DEBUG  ] from 55209 nodes, collect 431 sets, avg 107 nodes, min/max 24/128 nodes
[INFO   ] iteration 30, target hpwl 7.34473e+07, delta -506704(-0.685161%), 431 independent sets, moved 79.3555% cells, runtime 20.1554 ms
[DEBUG  ] from 55030 nodes, collect 429 sets, avg 108 nodes, min/max 9/128 nodes
[DEBUG  ] from 55193 nodes, collect 431 sets, avg 107 nodes, min/max 27/128 nodes
[DEBUG  ] from 55112 nodes, collect 430 sets, avg 109 nodes, min/max 20/128 nodes
[DEBUG  ] from 55118 nodes, collect 430 sets, avg 108 nodes, min/max 20/128 nodes
[DEBUG  ] from 55303 nodes, collect 432 sets, avg 107 nodes, min/max 16/128 nodes
[INFO   ] iteration 35, target hpwl 7.34166e+07, delta -537344(-0.726592%), 432 independent sets, moved 90.0087% cells, runtime 18.6544 ms
[DEBUG  ] from 55295 nodes, collect 431 sets, avg 108 nodes, min/max 8/128 nodes
[DEBUG  ] from 55126 nodes, collect 430 sets, avg 105 nodes, min/max 18/128 nodes
[DEBUG  ] from 55296 nodes, collect 432 sets, avg 107 nodes, min/max 25/128 nodes
[DEBUG  ] from 55236 nodes, collect 431 sets, avg 106 nodes, min/max 12/128 nodes
[DEBUG  ] from 55102 nodes, collect 430 sets, avg 106 nodes, min/max 24/128 nodes
[INFO   ] iteration 40, target hpwl 7.34074e+07, delta -546552(-0.739043%), 430 independent sets, moved 100.516% cells, runtime 18.9639 ms
[DEBUG  ] from 55273 nodes, collect 431 sets, avg 107 nodes, min/max 23/128 nodes
[DEBUG  ] from 55111 nodes, collect 430 sets, avg 106 nodes, min/max 24/128 nodes
[DEBUG  ] from 54959 nodes, collect 429 sets, avg 107 nodes, min/max 17/128 nodes
[DEBUG  ] from 55080 nodes, collect 430 sets, avg 108 nodes, min/max 17/128 nodes
[DEBUG  ] from 55282 nodes, collect 431 sets, avg 109 nodes, min/max 20/128 nodes
[INFO   ] iteration 45, target hpwl 7.34006e+07, delta -553424(-0.748336%), 431 independent sets, moved 111.242% cells, runtime 16.945 ms
[DEBUG  ] from 54992 nodes, collect 429 sets, avg 108 nodes, min/max 12/128 nodes
[DEBUG  ] from 55159 nodes, collect 430 sets, avg 108 nodes, min/max 19/128 nodes
[DEBUG  ] from 55148 nodes, collect 430 sets, avg 110 nodes, min/max 24/128 nodes
[DEBUG  ] from 55143 nodes, collect 430 sets, avg 109 nodes, min/max 10/128 nodes
[INFO   ] iteration 49, target hpwl 7.33832e+07, delta -570728(-0.771734%), 430 independent sets, moved 119.695% cells, runtime 16.3984 ms
[DEBUG  ] random_shuffle takes 6.33296 ms, 50 runs, average 0.126659 ms
[DEBUG  ] maximal_independent_set takes 54.1934 ms, 50 runs, average 1.08387 ms
[DEBUG  ] collect_independent_sets takes 32.7366 ms, 50 runs, average 0.654732 ms
[DEBUG  ] cost_matrix_construction takes 17.8233 ms, 50 runs, average 0.356465 ms
[DEBUG  ] independent_sets_solving takes 826.323 ms, 50 runs, average 16.5265 ms
[DEBUG  ] apply_solution takes 2.07211 ms, 50 runs, average 0.0414422 ms
[INFO   ] destroying GPU memory takes 1.35011 ms
[INFO   ] Kernel time 953.487 ms
[INFO   ] Independent set matching time 982.164 ms
[INFO   ] DREAMPlace - Independent set matching legal flag = 1
[INFO   ] Legality check takes 16.8329 ms
[DEBUG  ] bins 256x256, bin sizes 41.7656x41.7188, die size 0, 0, 10692, 10680
[DEBUG  ] batch_size = 256, max_num_nodes_per_bin = 26, max_num_candidates = 130, max_num_candidates_all = 33280
[DEBUG  ] estimate_memory_usage = 370742960, use fast pair HPWL computation strategy requires additional memory
[INFO   ] initial hpwl = 73383248.000
[DEBUG  ] compute_search_bins takes 0.154867 ms
[INFO   ] Iteration time(ms) 	 98.8138
[INFO   ] iteration 0: hpwl 73383248.000 => 73327936.000 (imp. 0.0753742%)
[DEBUG  ] compute_search_bins takes 0.011191 ms
[INFO   ] Iteration time(ms) 	 142.282
[INFO   ] iteration 1: hpwl 73383248.000 => 73144968.000 (imp. 0.324706%)
[INFO   ] Kernel time: 241.971 ms
[INFO   ] Global swap time: 281.657 ms
[INFO   ] DREAMPlace - Global swap legal flag = 1
[INFO   ] Legality check takes 16.4226 ms
[DEBUG  ] 4-reorder
[DEBUG  ] 24 permutations
[DEBUG  ] initializing CPU DB takes 17.728 ms
[DEBUG  ] computing independent rows takes 47.7677 ms
[DEBUG  ] computing reorder instances takes 0.8298 ms
[DEBUG  ] initializing CUDA state takes 1.93023 ms
[INFO   ] initial hpwl = 73144968.000
[DEBUG  ] enumeration takes 195.736 ms for 224 runs, average 0.873821 ms
[DEBUG  ] apply_reorder takes 3.97384 ms for 224 runs, average 0.0177404 ms
[INFO   ] Iteration time(ms) 	 199.732
[INFO   ] iteration 0: hpwl 73144968.000 => 73077168.000 (imp. 0.0926926%)
[DEBUG  ] enumeration takes 195.551 ms for 224 runs, average 0.872997 ms
[DEBUG  ] apply_reorder takes 3.89473 ms for 224 runs, average 0.0173872 ms
[INFO   ] Iteration time(ms) 	 199.464
[INFO   ] iteration 1: hpwl 73144968.000 => 73064440.000 (imp. 0.110094%)
[DEBUG  ] destroying CUDA state takes 0.734023 ms
[DEBUG  ] destroying CPU state takes 0.004381 ms
[INFO   ] Kernel time: 399.875 ms
[INFO   ] K-reorder time: 468.955 ms
[INFO   ] DREAMPlace - K-Reorder legal flag = 1
[INFO   ] DREAMPlace - detailed placement takes 2.297 seconds
[INFO   ] DREAMPlace - iteration  890, wHPWL 7.298005E+07, time 0.450ms
[INFO   ] DREAMPlace - plotting to gammalocal_results/nshuf/adaptec1/plot/iter0891.png takes 1.285 seconds
[INFO   ] DREAMPlace - non-linear placement takes 43.08 seconds
[INFO   ] DREAMPlace - writing to gammalocal_results/nshuf/adaptec1/adaptec1.gp.pl
[INFO   ] DREAMPlace - write SolutionFileFormat.BOOKSHELF takes 0.112 seconds
[INFO   ] DREAMPlace - placement takes 48.306 seconds
[INFO   ] Legality check takes 16.7496 ms
[INFO   ] writing placement to gammalocal_results/nshuf/adaptec1/plot/iter0891.png
[INFO   ] writing placement to gammalocal_results/nshuf/adaptec1/adaptec1.gp.pl
