========================================================
                       DREAMPlace
            Yibo Lin (http://yibolin.com)
   David Z. Pan (http://users.ece.utexas.edu/~dpan)
========================================================
[INFO   ] DREAMPlace - parameters = {'aux_input': 'benchmarks/ispd2005/adaptec2/adaptec2.aux', 'lef_input': '', 'def_input': '', 'verilog_input': '', 'gpu': 1, 'num_bins_x': 1024, 'num_bins_y': 1024, 'global_place_stages': [{'num_bins_x': 1024, 'num_bins_y': 1024, 'iteration': 2000, 'learning_rate': 0.01, 'wirelength': 'weighted_average', 'optimizer': 'nesterov', 'Llambda_density_weight_iteration': 1, 'Lsub_iteration': 1}], 'target_density': 1.0, 'density_weight': 8e-05, 'random_seed': 1000, 'result_dir': 'gammalocal_results/nshuf', 'scale_factor': 1.0, 'shift_factor': [0.0, 0.0], 'ignore_net_degree': 100, 'gp_noise_ratio': 0.025, 'enable_fillers': 1, 'global_place_flag': 1, 'legalize_flag': 1, 'abacus_legalize_flag': 1, 'detailed_place_flag': 1, 'stop_overflow': 0.07, 'dtype': 'float32', 'detailed_place_engine': '', 'detailed_place_command': '', 'plot_flag': 1, 'connectivity_grid_init_flag': 0, 'conn_init_sweeps': 32, 'conn_init_damping': 0.7, 'conn_capacity_spread_flag': 0, 'conn_spread_leaf_size': 16, 'conn_spread_density_slack': 1.5, 'conn_obstacle_project_flag': 0, 'conn_shrink_scale': 0, 'gamma_warmup_iters': 0, 'gamma_monotone_flag': 0, 'density_weight_warmup_iters': 0, 'random_uniform_init_flag': 0, 'filler_init_density_aware_flag': 0, 'initial_density_weight_absolute': 0.0, 'gamma_local_flag': 1, 'gamma_local_alpha': 1.0, 'gamma_local_norm': 'gamma', 'gamma_local_shuffle': 1, 'gamma_local_sign': 1, 'gamma_local_bins': 64, 'gamma_local_interval': 10, 'density_weight_ramp_scale': 1.0, 'plot_iteration_interval': 40, 'RePlAce_ref_hpwl': 350000, 'RePlAce_LOWER_PCOF': 0.95, 'RePlAce_UPPER_PCOF': 1.05, 'gamma': 4.0, 'RePlAce_skip_energy_flag': 0, 'random_center_init_flag': 1, 'gift_init_flag': 0, 'gift_init_scale': 0.7, 'sort_nets_by_degree': 0, 'num_threads': 8, 'dump_global_place_solution_flag': 0, 'dump_legalize_solution_flag': 0, 'routability_opt_flag': 0, 'route_num_bins_x': 512, 'route_num_bins_y': 512, 'node_area_adjust_overflow': 0.15, 'max_num_area_adjust': 3, 'adjust_nctugr_area_flag': 0, 'adjust_rudy_area_flag': 1, 'adjust_pin_area_flag': 1, 'area_adjust_stop_ratio': 0.01, 'route_area_adjust_stop_ratio': 0.01, 'pin_area_adjust_stop_ratio': 0.05, 'unit_horizontal_capacity': 1.5625, 'unit_vertical_capacity': 1.45, 'unit_pin_capacity': 0.058, 'max_route_opt_adjust_rate': 2.0, 'route_opt_adjust_exponent': 2.0, 'pin_stretch_ratio': 1.414213562, 'max_pin_opt_adjust_rate': 1.5, 'deterministic_flag': 1, 'timing_opt_flag': 0, 'early_lib_input': '', 'late_lib_input': '', 'lib_input': '', 'sdc_input': '', 'wire_resistance_per_micron': 0, 'wire_capacitance_per_micron': 0, 'net_weighting_scheme': 'lilith', 'momentum_decay_factor': 0.5, 'enable_net_weighting': 1, 'max_net_weight': 'inf', 'use_bb': 'auto', 'macro_place_flag': 'auto', 'two_stage_density_scaler': 1000, 'macro_halo_x': 0, 'macro_halo_y': 0}
[INFO   ] DREAMPlace - set shift_factor = (609, 616), as original row bbox = (609, 616, 14663, 14656)
[INFO   ] DREAMPlace - set scale_factor = 1, as site_width = 1
[INFO   ] DREAMPlace - shift coordinate system by (609, 616), scale coordinate system by 1
[INFO   ] DREAMPlace - 
================================= Benchmark Statistics =================================
#nodes = 255023, #terminals = 566, # terminal_NIs = 0, #movable = 254457, #nets = 266009
die area = (0, 0, 14054, 14040) 1.97318e+08
row height = 12, site width = 1
#pins = 1053116, #movable_pins = 1032485
total_movable_node_area = 3.36405e+07, total_fixed_node_area = 1.21422e+08, total_space_area = 7.58958e+07
total_movable_cell_area = 3.36405e+07, total_movable_macro_area = 0
utilization = 0.443246, cell utilization = 0.443246, target_density = 1
use placeable_area = 7.58958e+07 to compute fillers
total_filler_node_area = 4.22553e+07, #fillers = 341452, filler sizes = 10.3127x12
num_bins = 1024x1024, bin sizes = 1.14372x1.14258
========================================================================================
[INFO   ] DREAMPlace - reading benchmark takes 5.88113 seconds
[INFO   ] DREAMPlace - reading database takes 5.88 seconds
[INFO   ] DREAMPlace - move cells to the center of layout with random noise
[INFO   ] DREAMPlace - non-linear placement initialization takes 1.55 seconds
[INFO   ] DREAMPlace - Global placement: 1024x1024 bins by default
[INFO   ] DREAMPlace - per-net gamma enabled (N4): 266009 nets, alpha=1, bins=64, interval=10
[INFO   ] DREAMPlace - 1024x1024 bins #bins 1024x1024, bin sizes 1.14372x1.14258, max_num_bins = 8, padding = 0
[INFO   ] dreamplace.ops.electric_potential.electric_potential - regard 0 cells as movable macros in global placement
[WARNING] DREAMPlace - quadratic density penalty is disabled, density weight update is forced to be based on HPWL
[INFO   ] DREAMPlace - Optimizer 'nesterov' does not rebuild the model. Every training epoch calls the function 'step()'.
[INFO   ] DREAMPlace - use nesterov optimizer
[INFO   ] DREAMPlace - add 2.5% noise
[INFO   ] dreamplace.ops.electric_potential.electric_potential - fixed density map: average 115.797, max 188.177, bin area 188.177
[INFO   ] DREAMPlace - nesterov initialization takes 0.179014 seconds
[INFO   ] DREAMPlace - density_weight = 7.359197E-12
[INFO   ] DREAMPlace - plotting to gammalocal_results/nshuf/adaptec2/plot/iter0000.png takes 2.026 seconds
[INFO   ] DREAMPlace - optimizer step 13.880 ms
[INFO   ] DREAMPlace - iteration    0, (   0,  0,  0), Obj 6.207067E+07, DensityWeight 0.000000E+00, wHPWL 7.974624E+07, Overflow 1.000001E+00, MaxDensity 2.037E+04, gamma 1.097422E+03, time 8.983ms
[INFO   ] DREAMPlace - full step 2054.801 ms
[INFO   ] DREAMPlace - gamma_local: mean(coef_net)/coef = 0.793 (norm=gamma, applied ratio 1.000)
[INFO   ] DREAMPlace - optimizer step 78.463 ms
[INFO   ] DREAMPlace - iteration    1, (   1,  0,  0), Obj 5.444002E+07, DensityWeight 7.359197E-12, wHPWL 7.858585E+07, Overflow 9.943038E-01, MaxDensity 3.601E+04, gamma 1.097428E+03, time 0.877ms
[INFO   ] DREAMPlace - full step 79.998 ms
[INFO   ] DREAMPlace - optimizer step 2.868 ms
[INFO   ] DREAMPlace - iteration    2, (   2,  0,  0), Obj 5.510890E+07, DensityWeight 7.725612E-12, wHPWL 7.835217E+07, Overflow 9.942732E-01, MaxDensity 3.632E+04, gamma 1.065897E+03, time 2.718ms
[INFO   ] DREAMPlace - full step 6.156 ms
[INFO   ] DREAMPlace - optimizer step 2.433 ms
[INFO   ] DREAMPlace - iteration    3, (   3,  0,  0), Obj 5.482388E+07, DensityWeight 8.109458E-12, wHPWL 7.762936E+07, Overflow 9.942592E-01, MaxDensity 3.791E+04, gamma 1.065731E+03, time 0.844ms
[INFO   ] DREAMPlace - full step 3.784 ms
[INFO   ] DREAMPlace - optimizer step 7.538 ms
[INFO   ] DREAMPlace - iteration    4, (   4,  0,  0), Obj 5.439365E+07, DensityWeight 8.511527E-12, wHPWL 7.599724E+07, Overflow 9.941559E-01, MaxDensity 4.125E+04, gamma 1.065654E+03, time 25.074ms
[INFO   ] DREAMPlace - full step 33.090 ms
[INFO   ] DREAMPlace - optimizer step 7.167 ms
[INFO   ] DREAMPlace - iteration    5, (   5,  0,  0), Obj 5.404422E+07, DensityWeight 8.932635E-12, wHPWL 7.520406E+07, Overflow 9.940827E-01, MaxDensity 4.346E+04, gamma 1.065091E+03, time 3.816ms
[INFO   ] DREAMPlace - full step 11.463 ms
[INFO   ] DREAMPlace - optimizer step 6.298 ms
[INFO   ] DREAMPlace - iteration    6, (   6,  0,  0), Obj 5.378962E+07, DensityWeight 9.373641E-12, wHPWL 7.472986E+07, Overflow 9.939390E-01, MaxDensity 4.438E+04, gamma 1.064692E+03, time 3.639ms
[INFO   ] DREAMPlace - full step 10.395 ms
[INFO   ] DREAMPlace - optimizer step 5.992 ms
[INFO   ] DREAMPlace - iteration    7, (   7,  0,  0), Obj 5.346834E+07, DensityWeight 9.835435E-12, wHPWL 7.434125E+07, Overflow 9.938521E-01, MaxDensity 4.560E+04, gamma 1.063909E+03, time 3.392ms
[INFO   ] DREAMPlace - full step 9.847 ms
[INFO   ] DREAMPlace - optimizer step 5.641 ms
[INFO   ] DREAMPlace - iteration    8, (   8,  0,  0), Obj 5.317357E+07, DensityWeight 1.031895E-11, wHPWL 7.396473E+07, Overflow 9.937621E-01, MaxDensity 4.633E+04, gamma 1.063437E+03, time 4.318ms
[INFO   ] DREAMPlace - full step 10.425 ms
[INFO   ] DREAMPlace - optimizer step 10.314 ms
[INFO   ] DREAMPlace - iteration    9, (   9,  0,  0), Obj 5.287902E+07, DensityWeight 1.082515E-11, wHPWL 7.370418E+07, Overflow 9.937118E-01, MaxDensity 4.716E+04, gamma 1.062947E+03, time 2.966ms
[INFO   ] DREAMPlace - full step 13.735 ms
[INFO   ] DREAMPlace - optimizer step 13.401 ms
[INFO   ] DREAMPlace - iteration   10, (  10,  0,  0), Obj 5.257754E+07, DensityWeight 1.135504E-11, wHPWL 7.340328E+07, Overflow 9.935562E-01, MaxDensity 4.768E+04, gamma 1.062673E+03, time 7.503ms
[INFO   ] DREAMPlace - full step 21.394 ms
[INFO   ] DREAMPlace - optimizer step 8.418 ms
[INFO   ] DREAMPlace - iteration   11, (  11,  0,  0), Obj 5.228084E+07, DensityWeight 1.190969E-11, wHPWL 7.321096E+07, Overflow 9.933872E-01, MaxDensity 4.831E+04, gamma 1.061828E+03, time 2.731ms
[INFO   ] DREAMPlace - full step 11.621 ms
[INFO   ] DREAMPlace - optimizer step 8.510 ms
[INFO   ] DREAMPlace - iteration   12, (  12,  0,  0), Obj 5.334732E+07, DensityWeight 1.249017E-11, wHPWL 7.298871E+07, Overflow 9.933322E-01, MaxDensity 4.864E+04, gamma 1.060910E+03, time 5.777ms
[INFO   ] DREAMPlace - full step 14.760 ms
[INFO   ] DREAMPlace - optimizer step 16.802 ms
[INFO   ] DREAMPlace - iteration   13, (  13,  0,  0), Obj 5.331191E+07, DensityWeight 1.309764E-11, wHPWL 7.401038E+07, Overflow 9.932249E-01, MaxDensity 4.633E+04, gamma 1.060611E+03, time 70.934ms
[INFO   ] DREAMPlace - full step 88.212 ms
[INFO   ] DREAMPlace - optimizer step 5.640 ms
[INFO   ] DREAMPlace - iteration   14, (  14,  0,  0), Obj 5.286306E+07, DensityWeight 1.306490E-11, wHPWL 7.388965E+07, Overflow 9.929771E-01, MaxDensity 4.669E+04, gamma 1.060029E+03, time 7.026ms
[INFO   ] DREAMPlace - full step 13.159 ms
[INFO   ] DREAMPlace - optimizer step 8.089 ms
[INFO   ] DREAMPlace - iteration   15, (  15,  0,  0), Obj 5.240866E+07, DensityWeight 1.369758E-11, wHPWL 7.408069E+07, Overflow 9.926190E-01, MaxDensity 4.598E+04, gamma 1.058686E+03, time 3.522ms
[INFO   ] DREAMPlace - full step 12.076 ms
[INFO   ] DREAMPlace - optimizer step 4.315 ms
[INFO   ] DREAMPlace - iteration   16, (  16,  0,  0), Obj 5.186502E+07, DensityWeight 1.400449E-11, wHPWL 7.381435E+07, Overflow 9.922786E-01, MaxDensity 4.622E+04, gamma 1.056748E+03, time 4.495ms
[INFO   ] DREAMPlace - full step 9.284 ms
[INFO   ] DREAMPlace - optimizer step 35.381 ms
[INFO   ] DREAMPlace - iteration   17, (  17,  0,  0), Obj 5.140469E+07, DensityWeight 1.467974E-11, wHPWL 7.388546E+07, Overflow 9.917665E-01, MaxDensity 4.563E+04, gamma 1.054909E+03, time 3.818ms
[INFO   ] DREAMPlace - full step 39.671 ms
[INFO   ] DREAMPlace - optimizer step 8.889 ms
[INFO   ] DREAMPlace - iteration   18, (  18,  0,  0), Obj 5.088222E+07, DensityWeight 1.526170E-11, wHPWL 7.362481E+07, Overflow 9.912505E-01, MaxDensity 4.572E+04, gamma 1.052148E+03, time 5.219ms
[INFO   ] DREAMPlace - full step 14.588 ms
[INFO   ] DREAMPlace - optimizer step 7.337 ms
[INFO   ] DREAMPlace - iteration   19, (  19,  0,  0), Obj 5.041893E+07, DensityWeight 1.599437E-11, wHPWL 7.365142E+07, Overflow 9.908713E-01, MaxDensity 4.509E+04, gamma 1.049374E+03, time 74.544ms
[INFO   ] DREAMPlace - full step 82.356 ms
[INFO   ] DREAMPlace - optimizer step 16.929 ms
[INFO   ] DREAMPlace - iteration   20, (  20,  0,  0), Obj 4.993645E+07, DensityWeight 1.673191E-11, wHPWL 7.345458E+07, Overflow 9.904627E-01, MaxDensity 4.496E+04, gamma 1.047340E+03, time 29.967ms
[INFO   ] DREAMPlace - full step 47.401 ms
[INFO   ] DREAMPlace - optimizer step 13.026 ms
[INFO   ] DREAMPlace - iteration   21, (  21,  0,  0), Obj 4.948806E+07, DensityWeight 1.753164E-11, wHPWL 7.350650E+07, Overflow 9.898866E-01, MaxDensity 4.424E+04, gamma 1.045152E+03, time 1.389ms
[INFO   ] DREAMPlace - full step 14.887 ms
[INFO   ] DREAMPlace - optimizer step 11.658 ms
[INFO   ] DREAMPlace - iteration   22, (  22,  0,  0), Obj 5.053461E+07, DensityWeight 1.827547E-11, wHPWL 7.334928E+07, Overflow 9.892696E-01, MaxDensity 4.405E+04, gamma 1.042076E+03, time 2.330ms
[INFO   ] DREAMPlace - full step 14.459 ms
[INFO   ] DREAMPlace - optimizer step 5.169 ms
[INFO   ] DREAMPlace - iteration   23, (  23,  0,  0), Obj 5.061633E+07, DensityWeight 1.914516E-11, wHPWL 7.549985E+07, Overflow 9.886734E-01, MaxDensity 3.874E+04, gamma 1.038791E+03, time 2.831ms
[INFO   ] DREAMPlace - full step 8.480 ms
[INFO   ] DREAMPlace - optimizer step 3.349 ms
[INFO   ] DREAMPlace - iteration   24, (  24,  0,  0), Obj 5.036870E+07, DensityWeight 1.909729E-11, wHPWL 7.644355E+07, Overflow 9.878543E-01, MaxDensity 3.663E+04, gamma 1.035627E+03, time 9.150ms
[INFO   ] DREAMPlace - full step 12.962 ms
[INFO   ] DREAMPlace - optimizer step 5.590 ms
[INFO   ] DREAMPlace - iteration   25, (  25,  0,  0), Obj 4.960087E+07, DensityWeight 1.904955E-11, wHPWL 7.671149E+07, Overflow 9.870031E-01, MaxDensity 3.533E+04, gamma 1.031296E+03, time 1.339ms
[INFO   ] DREAMPlace - full step 7.392 ms
[INFO   ] DREAMPlace - optimizer step 4.047 ms
[INFO   ] DREAMPlace - iteration   26, (  26,  0,  0), Obj 4.902550E+07, DensityWeight 1.926872E-11, wHPWL 7.680918E+07, Overflow 9.860427E-01, MaxDensity 3.447E+04, gamma 1.026813E+03, time 1.680ms
[INFO   ] DREAMPlace - full step 6.185 ms
[INFO   ] DREAMPlace - optimizer step 2.570 ms
[INFO   ] DREAMPlace - iteration   27, (  27,  0,  0), Obj 4.828056E+07, DensityWeight 1.995851E-11, wHPWL 7.676202E+07, Overflow 9.851522E-01, MaxDensity 3.352E+04, gamma 1.021780E+03, time 1.924ms
[INFO   ] DREAMPlace - full step 4.958 ms
[INFO   ] DREAMPlace - optimizer step 4.971 ms
[INFO   ] DREAMPlace - iteration   28, (  28,  0,  0), Obj 4.766442E+07, DensityWeight 2.089784E-11, wHPWL 7.652074E+07, Overflow 9.842659E-01, MaxDensity 3.291E+04, gamma 1.017135E+03, time 1.130ms
[INFO   ] DREAMPlace - full step 6.567 ms
[INFO   ] DREAMPlace - optimizer step 6.062 ms
[INFO   ] DREAMPlace - iteration   29, (  29,  0,  0), Obj 4.698679E+07, DensityWeight 2.187919E-11, wHPWL 7.633560E+07, Overflow 9.834975E-01, MaxDensity 3.219E+04, gamma 1.012532E+03, time 1.196ms
[INFO   ] DREAMPlace - full step 7.728 ms
[INFO   ] DREAMPlace - optimizer step 7.475 ms
[INFO   ] DREAMPlace - iteration   30, (  30,  0,  0), Obj 4.643426E+07, DensityWeight 2.290433E-11, wHPWL 7.608131E+07, Overflow 9.825597E-01, MaxDensity 3.162E+04, gamma 1.008559E+03, time 1.693ms
[INFO   ] DREAMPlace - full step 9.630 ms
[INFO   ] DREAMPlace - optimizer step 15.656 ms
[INFO   ] DREAMPlace - iteration   31, (  31,  0,  0), Obj 4.584172E+07, DensityWeight 2.397510E-11, wHPWL 7.592023E+07, Overflow 9.817948E-01, MaxDensity 3.096E+04, gamma 1.003731E+03, time 4.271ms
[INFO   ] DREAMPlace - full step 20.395 ms
[INFO   ] DREAMPlace - optimizer step 5.324 ms
[INFO   ] DREAMPlace - iteration   32, (  32,  0,  0), Obj 4.810259E+07, DensityWeight 2.509342E-11, wHPWL 7.567952E+07, Overflow 9.810115E-01, MaxDensity 3.047E+04, gamma 9.998099E+02, time 4.997ms
[INFO   ] DREAMPlace - full step 10.776 ms
[INFO   ] DREAMPlace - optimizer step 2.767 ms
[INFO   ] DREAMPlace - iteration   33, (  33,  0,  0), Obj 4.831811E+07, DensityWeight 2.626128E-11, wHPWL 7.823466E+07, Overflow 9.803129E-01, MaxDensity 2.590E+04, gamma 9.958106E+02, time 0.970ms
[INFO   ] DREAMPlace - full step 4.203 ms
[INFO   ] DREAMPlace - optimizer step 50.585 ms
[INFO   ] DREAMPlace - iteration   34, (  34,  0,  0), Obj 4.777126E+07, DensityWeight 2.619563E-11, wHPWL 7.906826E+07, Overflow 9.794756E-01, MaxDensity 2.401E+04, gamma 9.922576E+02, time 1.187ms
[INFO   ] DREAMPlace - full step 52.255 ms
[INFO   ] DREAMPlace - optimizer step 5.894 ms
[INFO   ] DREAMPlace - iteration   35, (  35,  0,  0), Obj 4.710782E+07, DensityWeight 2.613014E-11, wHPWL 7.963474E+07, Overflow 9.786547E-01, MaxDensity 2.272E+04, gamma 9.880152E+02, time 6.061ms
[INFO   ] DREAMPlace - full step 12.418 ms
[INFO   ] DREAMPlace - optimizer step 2.981 ms
[INFO   ] DREAMPlace - iteration   36, (  36,  0,  0), Obj 4.635784E+07, DensityWeight 2.606481E-11, wHPWL 7.962703E+07, Overflow 9.777483E-01, MaxDensity 2.163E+04, gamma 9.838741E+02, time 1.062ms
[INFO   ] DREAMPlace - full step 4.498 ms
[INFO   ] DREAMPlace - optimizer step 4.052 ms
[INFO   ] DREAMPlace - iteration   37, (  37,  0,  0), Obj 4.570672E+07, DensityWeight 2.726697E-11, wHPWL 7.962094E+07, Overflow 9.766387E-01, MaxDensity 2.073E+04, gamma 9.793217E+02, time 0.991ms
[INFO   ] DREAMPlace - full step 5.519 ms
[INFO   ] DREAMPlace - optimizer step 2.801 ms
[INFO   ] DREAMPlace - iteration   38, (  38,  0,  0), Obj 4.500054E+07, DensityWeight 2.852173E-11, wHPWL 7.922672E+07, Overflow 9.758560E-01, MaxDensity 1.998E+04, gamma 9.737773E+02, time 0.951ms
[INFO   ] DREAMPlace - full step 4.208 ms
[INFO   ] DREAMPlace - optimizer step 2.776 ms
[INFO   ] DREAMPlace - iteration   39, (  39,  0,  0), Obj 4.437446E+07, DensityWeight 2.983124E-11, wHPWL 7.895907E+07, Overflow 9.750096E-01, MaxDensity 1.927E+04, gamma 9.698853E+02, time 0.997ms
[INFO   ] DREAMPlace - full step 4.241 ms
[INFO   ] DREAMPlace - plotting to gammalocal_results/nshuf/adaptec2/plot/iter0040.png takes 2.032 seconds
[INFO   ] DREAMPlace - optimizer step 5.055 ms
[INFO   ] DREAMPlace - iteration   40, (  40,  0,  0), Obj 4.381249E+07, DensityWeight 3.119775E-11, wHPWL 7.857766E+07, Overflow 9.743426E-01, MaxDensity 1.867E+04, gamma 9.656939E+02, time 0.984ms
[INFO   ] DREAMPlace - full step 2040.354 ms
[INFO   ] DREAMPlace - optimizer step 2.483 ms
[INFO   ] DREAMPlace - iteration   41, (  41,  0,  0), Obj 4.327936E+07, DensityWeight 3.262361E-11, wHPWL 7.835200E+07, Overflow 9.734486E-01, MaxDensity 1.810E+04, gamma 9.624030E+02, time 1.726ms
[INFO   ] DREAMPlace - full step 4.901 ms
[INFO   ] DREAMPlace - optimizer step 3.400 ms
[INFO   ] DREAMPlace - iteration   42, (  42,  0,  0), Obj 4.655771E+07, DensityWeight 3.411121E-11, wHPWL 7.806095E+07, Overflow 9.723493E-01, MaxDensity 1.760E+04, gamma 9.580109E+02, time 0.785ms
[INFO   ] DREAMPlace - full step 4.673 ms
[INFO   ] DREAMPlace - optimizer step 2.351 ms
[INFO   ] DREAMPlace - iteration   43, (  43,  0,  0), Obj 4.762490E+07, DensityWeight 3.566308E-11, wHPWL 8.243878E+07, Overflow 9.712752E-01, MaxDensity 1.415E+04, gamma 9.526378E+02, time 0.790ms
[INFO   ] DREAMPlace - full step 3.626 ms
[INFO   ] DREAMPlace - optimizer step 2.341 ms
[INFO   ] DREAMPlace - iteration   44, (  44,  0,  0), Obj 4.637632E+07, DensityWeight 3.557392E-11, wHPWL 8.225030E+07, Overflow 9.701033E-01, MaxDensity 1.288E+04, gamma 9.474158E+02, time 0.753ms
[INFO   ] DREAMPlace - full step 3.560 ms
[INFO   ] DREAMPlace - optimizer step 2.300 ms
[INFO   ] DREAMPlace - iteration   45, (  45,  0,  0), Obj 4.613858E+07, DensityWeight 3.718489E-11, wHPWL 8.348779E+07, Overflow 9.689013E-01, MaxDensity 1.201E+04, gamma 9.417520E+02, time 0.724ms
[INFO   ] DREAMPlace - full step 3.505 ms
[INFO   ] DREAMPlace - optimizer step 2.308 ms
[INFO   ] DREAMPlace - iteration   46, (  46,  0,  0), Obj 4.509746E+07, DensityWeight 3.709193E-11, wHPWL 8.290401E+07, Overflow 9.681044E-01, MaxDensity 1.125E+04, gamma 9.359777E+02, time 0.754ms
[INFO   ] DREAMPlace - full step 3.536 ms
[INFO   ] DREAMPlace - optimizer step 2.291 ms
[INFO   ] DREAMPlace - iteration   47, (  47,  0,  0), Obj 4.477950E+07, DensityWeight 3.876390E-11, wHPWL 8.341328E+07, Overflow 9.672824E-01, MaxDensity 1.060E+04, gamma 9.321685E+02, time 0.737ms
[INFO   ] DREAMPlace - full step 3.493 ms
[INFO   ] DREAMPlace - optimizer step 2.298 ms
[INFO   ] DREAMPlace - iteration   48, (  48,  0,  0), Obj 4.384542E+07, DensityWeight 3.866699E-11, wHPWL 8.251903E+07, Overflow 9.667490E-01, MaxDensity 1.007E+04, gamma 9.282557E+02, time 0.751ms
[INFO   ] DREAMPlace - full step 3.500 ms
[INFO   ] DREAMPlace - optimizer step 2.708 ms
[INFO   ] DREAMPlace - iteration   49, (  49,  0,  0), Obj 4.344155E+07, DensityWeight 4.040187E-11, wHPWL 8.254926E+07, Overflow 9.660518E-01, MaxDensity 9.497E+03, gamma 9.257257E+02, time 8.642ms
[INFO   ] DREAMPlace - full step 11.832 ms
[INFO   ] DREAMPlace - optimizer step 2.292 ms
[INFO   ] DREAMPlace - iteration   50, (  50,  0,  0), Obj 4.271068E+07, DensityWeight 4.224360E-11, wHPWL 8.183254E+07, Overflow 9.655216E-01, MaxDensity 8.992E+03, gamma 9.224293E+02, time 0.736ms
[INFO   ] DREAMPlace - full step 3.504 ms
[INFO   ] DREAMPlace - optimizer step 2.302 ms
[INFO   ] DREAMPlace - iteration   51, (  51,  0,  0), Obj 4.234628E+07, DensityWeight 4.413014E-11, wHPWL 8.184782E+07, Overflow 9.645876E-01, MaxDensity 8.490E+03, gamma 9.199306E+02, time 4.704ms
[INFO   ] DREAMPlace - full step 7.499 ms
[INFO   ] DREAMPlace - optimizer step 7.274 ms
[INFO   ] DREAMPlace - iteration   52, (  52,  0,  0), Obj 4.602399E+07, DensityWeight 4.623810E-11, wHPWL 8.129718E+07, Overflow 9.640157E-01, MaxDensity 8.081E+03, gamma 9.155444E+02, time 4.412ms
[INFO   ] DREAMPlace - full step 12.158 ms
[INFO   ] DREAMPlace - optimizer step 3.592 ms
[INFO   ] DREAMPlace - iteration   53, (  53,  0,  0), Obj 4.850352E+07, DensityWeight 4.829336E-11, wHPWL 8.833491E+07, Overflow 9.631963E-01, MaxDensity 5.948E+03, gamma 9.128691E+02, time 0.867ms
[INFO   ] DREAMPlace - full step 4.936 ms
[INFO   ] DREAMPlace - optimizer step 2.328 ms
[INFO   ] DREAMPlace - iteration   54, (  54,  0,  0), Obj 4.616062E+07, DensityWeight 4.817263E-11, wHPWL 8.663152E+07, Overflow 9.621913E-01, MaxDensity 5.374E+03, gamma 9.090496E+02, time 0.709ms
[INFO   ] DREAMPlace - full step 3.517 ms
[INFO   ] DREAMPlace - optimizer step 2.282 ms
[INFO   ] DREAMPlace - iteration   55, (  55,  0,  0), Obj 4.661498E+07, DensityWeight 5.030381E-11, wHPWL 8.902490E+07, Overflow 9.612843E-01, MaxDensity 4.830E+03, gamma 9.043870E+02, time 0.765ms
[INFO   ] DREAMPlace - full step 3.558 ms
[INFO   ] DREAMPlace - optimizer step 2.242 ms
[INFO   ] DREAMPlace - iteration   56, (  56,  0,  0), Obj 4.489455E+07, DensityWeight 5.017805E-11, wHPWL 8.725395E+07, Overflow 9.600292E-01, MaxDensity 4.436E+03, gamma 9.001992E+02, time 0.712ms
[INFO   ] DREAMPlace - full step 3.434 ms
[INFO   ] DREAMPlace - optimizer step 2.273 ms
[INFO   ] DREAMPlace - iteration   57, (  57,  0,  0), Obj 4.511298E+07, DensityWeight 5.238747E-11, wHPWL 8.850633E+07, Overflow 9.586612E-01, MaxDensity 4.001E+03, gamma 8.944369E+02, time 0.720ms
[INFO   ] DREAMPlace - full step 3.468 ms
[INFO   ] DREAMPlace - optimizer step 2.362 ms
[INFO   ] DREAMPlace - iteration   58, (  58,  0,  0), Obj 4.369982E+07, DensityWeight 5.225650E-11, wHPWL 8.668686E+07, Overflow 9.574675E-01, MaxDensity 3.742E+03, gamma 8.881976E+02, time 0.742ms
[INFO   ] DREAMPlace - full step 3.573 ms
[INFO   ] DREAMPlace - optimizer step 2.270 ms
[INFO   ] DREAMPlace - iteration   59, (  59,  0,  0), Obj 4.371877E+07, DensityWeight 5.454653E-11, wHPWL 8.729904E+07, Overflow 9.567308E-01, MaxDensity 3.553E+03, gamma 8.827889E+02, time 0.714ms
[INFO   ] DREAMPlace - full step 3.453 ms
[INFO   ] DREAMPlace - optimizer step 2.276 ms
[INFO   ] DREAMPlace - iteration   60, (  60,  0,  0), Obj 4.264401E+07, DensityWeight 5.441016E-11, wHPWL 8.592722E+07, Overflow 9.564379E-01, MaxDensity 3.443E+03, gamma 8.794679E+02, time 0.715ms
[INFO   ] DREAMPlace - full step 3.468 ms
[INFO   ] DREAMPlace - optimizer step 2.278 ms
[INFO   ] DREAMPlace - iteration   61, (  61,  0,  0), Obj 4.255971E+07, DensityWeight 5.678321E-11, wHPWL 8.636970E+07, Overflow 9.556935E-01, MaxDensity 3.278E+03, gamma 8.781503E+02, time 0.713ms
[INFO   ] DREAMPlace - full step 3.468 ms
[INFO   ] DREAMPlace - optimizer step 2.263 ms
[INFO   ] DREAMPlace - iteration   62, (  62,  0,  0), Obj 4.632720E+07, DensityWeight 5.664125E-11, wHPWL 8.538335E+07, Overflow 9.547978E-01, MaxDensity 3.115E+03, gamma 8.748117E+02, time 0.705ms
[INFO   ] DREAMPlace - full step 3.432 ms
[INFO   ] DREAMPlace - optimizer step 2.260 ms
[INFO   ] DREAMPlace - iteration   63, (  63,  0,  0), Obj 5.045586E+07, DensityWeight 5.909979E-11, wHPWL 9.504818E+07, Overflow 9.535300E-01, MaxDensity 2.239E+03, gamma 8.708115E+02, time 0.728ms
[INFO   ] DREAMPlace - full step 3.453 ms
[INFO   ] DREAMPlace - optimizer step 2.322 ms
[INFO   ] DREAMPlace - iteration   64, (  64,  0,  0), Obj 4.672416E+07, DensityWeight 5.895204E-11, wHPWL 9.156802E+07, Overflow 9.522868E-01, MaxDensity 2.134E+03, gamma 8.651811E+02, time 0.715ms
[INFO   ] DREAMPlace - full step 3.503 ms
[INFO   ] DREAMPlace - optimizer step 2.244 ms
[INFO   ] DREAMPlace - iteration   65, (  65,  0,  0), Obj 4.830582E+07, DensityWeight 6.149858E-11, wHPWL 9.555406E+07, Overflow 9.511669E-01, MaxDensity 1.878E+03, gamma 8.596944E+02, time 0.703ms
[INFO   ] DREAMPlace - full step 3.432 ms
[INFO   ] DREAMPlace - optimizer step 2.292 ms
[INFO   ] DREAMPlace - iteration   66, (  66,  0,  0), Obj 4.559971E+07, DensityWeight 6.134483E-11, wHPWL 9.218523E+07, Overflow 9.499093E-01, MaxDensity 1.798E+03, gamma 8.547822E+02, time 0.695ms
[INFO   ] DREAMPlace - full step 3.460 ms
[INFO   ] DREAMPlace - optimizer step 2.270 ms
[INFO   ] DREAMPlace - iteration   67, (  67,  0,  0), Obj 4.642976E+07, DensityWeight 6.398193E-11, wHPWL 9.400070E+07, Overflow 9.490531E-01, MaxDensity 1.628E+03, gamma 8.492993E+02, time 0.695ms
[INFO   ] DREAMPlace - full step 3.439 ms
[INFO   ] DREAMPlace - optimizer step 2.291 ms
[INFO   ] DREAMPlace - iteration   68, (  68,  0,  0), Obj 4.446234E+07, DensityWeight 6.382198E-11, wHPWL 9.103731E+07, Overflow 9.484304E-01, MaxDensity 1.559E+03, gamma 8.455870E+02, time 0.706ms
[INFO   ] DREAMPlace - full step 3.475 ms
[INFO   ] DREAMPlace - optimizer step 2.276 ms
[INFO   ] DREAMPlace - iteration   69, (  69,  0,  0), Obj 4.492978E+07, DensityWeight 6.655225E-11, wHPWL 9.204576E+07, Overflow 9.476324E-01, MaxDensity 1.453E+03, gamma 8.428967E+02, time 0.718ms
[INFO   ] DREAMPlace - full step 3.460 ms
[INFO   ] DREAMPlace - optimizer step 2.238 ms
[INFO   ] DREAMPlace - iteration   70, (  70,  0,  0), Obj 4.341851E+07, DensityWeight 6.638586E-11, wHPWL 8.978146E+07, Overflow 9.465988E-01, MaxDensity 1.410E+03, gamma 8.394622E+02, time 0.707ms
[INFO   ] DREAMPlace - full step 3.413 ms
[INFO   ] DREAMPlace - optimizer step 2.253 ms
[INFO   ] DREAMPlace - iteration   71, (  71,  0,  0), Obj 4.360671E+07, DensityWeight 6.921198E-11, wHPWL 9.047110E+07, Overflow 9.457432E-01, MaxDensity 1.296E+03, gamma 8.350339E+02, time 0.724ms
[INFO   ] DREAMPlace - full step 3.443 ms
[INFO   ] DREAMPlace - optimizer step 2.276 ms
[INFO   ] DREAMPlace - iteration   72, (  72,  0,  0), Obj 4.833706E+07, DensityWeight 6.903894E-11, wHPWL 8.901362E+07, Overflow 9.446856E-01, MaxDensity 1.300E+03, gamma 8.313864E+02, time 0.701ms
[INFO   ] DREAMPlace - full step 3.439 ms
[INFO   ] DREAMPlace - optimizer step 2.262 ms
[INFO   ] DREAMPlace - iteration   73, (  73,  0,  0), Obj 5.284361E+07, DensityWeight 7.196361E-11, wHPWL 9.869325E+07, Overflow 9.436498E-01, MaxDensity 9.738E+02, gamma 8.268993E+02, time 0.700ms
[INFO   ] DREAMPlace - full step 3.420 ms
[INFO   ] DREAMPlace - optimizer step 2.238 ms
[INFO   ] DREAMPlace - iteration   74, (  74,  0,  0), Obj 4.832582E+07, DensityWeight 7.178370E-11, wHPWL 9.456732E+07, Overflow 9.432764E-01, MaxDensity 9.778E+02, gamma 8.225284E+02, time 0.708ms
[INFO   ] DREAMPlace - full step 3.415 ms
[INFO   ] DREAMPlace - optimizer step 2.234 ms
[INFO   ] DREAMPlace - iteration   75, (  75,  0,  0), Obj 5.029651E+07, DensityWeight 7.480967E-11, wHPWL 9.887963E+07, Overflow 9.422814E-01, MaxDensity 8.543E+02, gamma 8.209586E+02, time 0.684ms
[INFO   ] DREAMPlace - full step 3.389 ms
[INFO   ] DREAMPlace - optimizer step 2.256 ms
[INFO   ] DREAMPlace - iteration   76, (  76,  0,  0), Obj 4.722674E+07, DensityWeight 7.462264E-11, wHPWL 9.527258E+07, Overflow 9.414344E-01, MaxDensity 8.529E+02, gamma 8.167890E+02, time 0.684ms
[INFO   ] DREAMPlace - full step 3.417 ms
[INFO   ] DREAMPlace - optimizer step 2.233 ms
[INFO   ] DREAMPlace - iteration   77, (  77,  0,  0), Obj 4.806506E+07, DensityWeight 7.775274E-11, wHPWL 9.691628E+07, Overflow 9.404299E-01, MaxDensity 7.726E+02, gamma 8.132571E+02, time 0.685ms
[INFO   ] DREAMPlace - full step 3.398 ms
[INFO   ] DREAMPlace - optimizer step 2.247 ms
[INFO   ] DREAMPlace - iteration   78, (  78,  0,  0), Obj 4.600708E+07, DensityWeight 7.755836E-11, wHPWL 9.388410E+07, Overflow 9.393488E-01, MaxDensity 8.035E+02, gamma 8.090878E+02, time 0.717ms
[INFO   ] DREAMPlace - full step 3.446 ms
[INFO   ] DREAMPlace - optimizer step 2.209 ms
[INFO   ] DREAMPlace - iteration   79, (  79,  0,  0), Obj 4.629230E+07, DensityWeight 8.079543E-11, wHPWL 9.435894E+07, Overflow 9.379784E-01, MaxDensity 7.649E+02, gamma 8.046244E+02, time 0.709ms
[INFO   ] DREAMPlace - full step 3.391 ms
[INFO   ] DREAMPlace - plotting to gammalocal_results/nshuf/adaptec2/plot/iter0080.png takes 2.012 seconds
[INFO   ] DREAMPlace - optimizer step 3.533 ms
[INFO   ] DREAMPlace - iteration   80, (  80,  0,  0), Obj 4.479818E+07, DensityWeight 8.059344E-11, wHPWL 9.208821E+07, Overflow 9.368148E-01, MaxDensity 7.781E+02, gamma 7.990018E+02, time 0.702ms
[INFO   ] DREAMPlace - full step 2018.884 ms
[INFO   ] DREAMPlace - optimizer step 2.313 ms
[INFO   ] DREAMPlace - iteration   81, (  81,  0,  0), Obj 4.486793E+07, DensityWeight 8.394040E-11, wHPWL 9.233794E+07, Overflow 9.357780E-01, MaxDensity 7.353E+02, gamma 7.942587E+02, time 0.738ms
[INFO   ] DREAMPlace - full step 3.628 ms
[INFO   ] DREAMPlace - optimizer step 2.287 ms
[INFO   ] DREAMPlace - iteration   82, (  82,  0,  0), Obj 5.182094E+07, DensityWeight 8.512187E-11, wHPWL 9.074875E+07, Overflow 9.347141E-01, MaxDensity 7.418E+02, gamma 7.900565E+02, time 0.698ms
[INFO   ] DREAMPlace - full step 3.471 ms
[INFO   ] DREAMPlace - optimizer step 2.280 ms
[INFO   ] DREAMPlace - iteration   83, (  83,  0,  0), Obj 5.429049E+07, DensityWeight 8.863916E-11, wHPWL 9.652816E+07, Overflow 9.334528E-01, MaxDensity 5.977E+02, gamma 7.857672E+02, time 0.682ms
[INFO   ] DREAMPlace - full step 3.438 ms
[INFO   ] DREAMPlace - optimizer step 2.258 ms
[INFO   ] DREAMPlace - iteration   84, (  84,  0,  0), Obj 5.039727E+07, DensityWeight 8.841756E-11, wHPWL 9.373806E+07, Overflow 9.331520E-01, MaxDensity 6.072E+02, gamma 7.807122E+02, time 0.697ms
[INFO   ] DREAMPlace - full step 3.446 ms
[INFO   ] DREAMPlace - optimizer step 2.335 ms
[INFO   ] DREAMPlace - iteration   85, (  85,  0,  0), Obj 5.110520E+07, DensityWeight 9.205262E-11, wHPWL 9.620310E+07, Overflow 9.320248E-01, MaxDensity 5.677E+02, gamma 7.795110E+02, time 0.701ms
[INFO   ] DREAMPlace - full step 3.502 ms
[INFO   ] DREAMPlace - optimizer step 2.335 ms
[INFO   ] DREAMPlace - iteration   86, (  86,  0,  0), Obj 4.858234E+07, DensityWeight 9.182248E-11, wHPWL 9.394040E+07, Overflow 9.314343E-01, MaxDensity 5.926E+02, gamma 7.750283E+02, time 0.693ms
[INFO   ] DREAMPlace - full step 3.502 ms
[INFO   ] DREAMPlace - optimizer step 2.265 ms
[INFO   ] DREAMPlace - iteration   87, (  87,  0,  0), Obj 4.850616E+07, DensityWeight 9.557840E-11, wHPWL 9.438270E+07, Overflow 9.309904E-01, MaxDensity 5.809E+02, gamma 7.726900E+02, time 0.698ms
[INFO   ] DREAMPlace - full step 3.436 ms
[INFO   ] DREAMPlace - optimizer step 2.261 ms
[INFO   ] DREAMPlace - iteration   88, (  88,  0,  0), Obj 4.684878E+07, DensityWeight 9.533944E-11, wHPWL 9.244896E+07, Overflow 9.307340E-01, MaxDensity 5.896E+02, gamma 7.709371E+02, time 0.700ms
[INFO   ] DREAMPlace - full step 3.430 ms
[INFO   ] DREAMPlace - optimizer step 2.255 ms
[INFO   ] DREAMPlace - iteration   89, (  89,  0,  0), Obj 4.639590E+07, DensityWeight 9.921938E-11, wHPWL 9.192285E+07, Overflow 9.301621E-01, MaxDensity 5.789E+02, gamma 7.699263E+02, time 0.709ms
[INFO   ] DREAMPlace - full step 3.421 ms
[INFO   ] DREAMPlace - optimizer step 4.997 ms
[INFO   ] DREAMPlace - iteration   90, (  90,  0,  0), Obj 4.517929E+07, DensityWeight 1.032469E-10, wHPWL 9.026864E+07, Overflow 9.300134E-01, MaxDensity 5.738E+02, gamma 7.676768E+02, time 0.708ms
[INFO   ] DREAMPlace - full step 6.196 ms
[INFO   ] DREAMPlace - optimizer step 2.265 ms
[INFO   ] DREAMPlace - iteration   91, (  91,  0,  0), Obj 4.467704E+07, DensityWeight 1.074271E-10, wHPWL 8.953614E+07, Overflow 9.296324E-01, MaxDensity 5.830E+02, gamma 7.670927E+02, time 0.759ms
[INFO   ] DREAMPlace - full step 3.496 ms
[INFO   ] DREAMPlace - optimizer step 2.277 ms
[INFO   ] DREAMPlace - iteration   92, (  92,  0,  0), Obj 5.246240E+07, DensityWeight 1.117655E-10, wHPWL 8.821704E+07, Overflow 9.287052E-01, MaxDensity 6.233E+02, gamma 7.655988E+02, time 0.692ms
[INFO   ] DREAMPlace - full step 3.448 ms
[INFO   ] DREAMPlace - optimizer step 2.251 ms
[INFO   ] DREAMPlace - iteration   93, (  93,  0,  0), Obj 5.283474E+07, DensityWeight 1.162673E-10, wHPWL 9.057414E+07, Overflow 9.279644E-01, MaxDensity 5.605E+02, gamma 7.619747E+02, time 0.691ms
[INFO   ] DREAMPlace - full step 3.430 ms
[INFO   ] DREAMPlace - optimizer step 2.224 ms
[INFO   ] DREAMPlace - iteration   94, (  94,  0,  0), Obj 5.046163E+07, DensityWeight 1.159767E-10, wHPWL 8.955021E+07, Overflow 9.274499E-01, MaxDensity 5.589E+02, gamma 7.590922E+02, time 0.688ms
[INFO   ] DREAMPlace - full step 3.376 ms
[INFO   ] DREAMPlace - optimizer step 2.244 ms
[INFO   ] DREAMPlace - iteration   95, (  95,  0,  0), Obj 5.025814E+07, DensityWeight 1.206240E-10, wHPWL 9.075561E+07, Overflow 9.265925E-01, MaxDensity 5.240E+02, gamma 7.570964E+02, time 0.698ms
[INFO   ] DREAMPlace - full step 3.402 ms
[INFO   ] DREAMPlace - optimizer step 2.225 ms
[INFO   ] DREAMPlace - iteration   96, (  96,  0,  0), Obj 4.853528E+07, DensityWeight 1.203225E-10, wHPWL 8.978497E+07, Overflow 9.259477E-01, MaxDensity 5.577E+02, gamma 7.537823E+02, time 0.687ms
[INFO   ] DREAMPlace - full step 3.374 ms
[INFO   ] DREAMPlace - optimizer step 2.244 ms
[INFO   ] DREAMPlace - iteration   97, (  97,  0,  0), Obj 4.811570E+07, DensityWeight 1.251190E-10, wHPWL 9.000376E+07, Overflow 9.251612E-01, MaxDensity 5.631E+02, gamma 7.512992E+02, time 0.704ms
[INFO   ] DREAMPlace - full step 3.406 ms
[INFO   ] DREAMPlace - optimizer step 2.232 ms
[INFO   ] DREAMPlace - iteration   98, (  98,  0,  0), Obj 4.686134E+07, DensityWeight 1.274285E-10, wHPWL 8.892155E+07, Overflow 9.241817E-01, MaxDensity 5.786E+02, gamma 7.482816E+02, time 0.697ms
[INFO   ] DREAMPlace - full step 3.399 ms
[INFO   ] DREAMPlace - optimizer step 2.240 ms
[INFO   ] DREAMPlace - iteration   99, (  99,  0,  0), Obj 4.634644E+07, DensityWeight 1.324818E-10, wHPWL 8.853875E+07, Overflow 9.232966E-01, MaxDensity 5.861E+02, gamma 7.445407E+02, time 0.680ms
[INFO   ] DREAMPlace - full step 3.390 ms
[INFO   ] DREAMPlace - optimizer step 2.214 ms
[INFO   ] DREAMPlace - iteration  100, ( 100,  0,  0), Obj 4.535610E+07, DensityWeight 1.377217E-10, wHPWL 8.748048E+07, Overflow 9.227355E-01, MaxDensity 5.781E+02, gamma 7.411762E+02, time 0.702ms
[INFO   ] DREAMPlace - full step 3.390 ms
[INFO   ] DREAMPlace - gamma_local: mean(coef_net)/coef = 0.595 (norm=gamma, applied ratio 1.000)
[INFO   ] DREAMPlace - optimizer step 2.265 ms
[INFO   ] DREAMPlace - iteration  101, ( 101,  0,  0), Obj 4.474501E+07, DensityWeight 1.431545E-10, wHPWL 8.679857E+07, Overflow 9.222856E-01, MaxDensity 6.214E+02, gamma 7.390515E+02, time 0.709ms
[INFO   ] DREAMPlace - full step 3.452 ms
[INFO   ] DREAMPlace - optimizer step 2.313 ms
[INFO   ] DREAMPlace - iteration  102, ( 102,  0,  0), Obj 5.190678E+07, DensityWeight 1.487868E-10, wHPWL 8.587782E+07, Overflow 9.220043E-01, MaxDensity 6.809E+02, gamma 7.373520E+02, time 0.704ms
[INFO   ] DREAMPlace - full step 3.477 ms
[INFO   ] DREAMPlace - optimizer step 2.434 ms
[INFO   ] DREAMPlace - iteration  103, ( 103,  0,  0), Obj 5.232126E+07, DensityWeight 1.546252E-10, wHPWL 8.819782E+07, Overflow 9.218835E-01, MaxDensity 5.963E+02, gamma 7.362916E+02, time 0.700ms
[INFO   ] DREAMPlace - full step 3.606 ms
[INFO   ] DREAMPlace - optimizer step 2.326 ms
[INFO   ] DREAMPlace - iteration  104, ( 104,  0,  0), Obj 5.019474E+07, DensityWeight 1.542386E-10, wHPWL 8.754254E+07, Overflow 9.217064E-01, MaxDensity 5.639E+02, gamma 7.358362E+02, time 0.679ms
[INFO   ] DREAMPlace - full step 3.473 ms
[INFO   ] DREAMPlace - optimizer step 2.339 ms
[INFO   ] DREAMPlace - iteration  105, ( 105,  0,  0), Obj 4.970650E+07, DensityWeight 1.602589E-10, wHPWL 8.842518E+07, Overflow 9.217001E-01, MaxDensity 5.545E+02, gamma 7.351700E+02, time 0.688ms
[INFO   ] DREAMPlace - full step 3.498 ms
[INFO   ] DREAMPlace - optimizer step 2.275 ms
[INFO   ] DREAMPlace - iteration  106, ( 106,  0,  0), Obj 4.808052E+07, DensityWeight 1.598582E-10, wHPWL 8.763482E+07, Overflow 9.215246E-01, MaxDensity 5.941E+02, gamma 7.351460E+02, time 0.693ms
[INFO   ] DREAMPlace - full step 3.426 ms
[INFO   ] DREAMPlace - optimizer step 2.266 ms
[INFO   ] DREAMPlace - iteration  107, ( 107,  0,  0), Obj 4.753981E+07, DensityWeight 1.660646E-10, wHPWL 8.773373E+07, Overflow 9.214453E-01, MaxDensity 6.316E+02, gamma 7.344863E+02, time 0.686ms
[INFO   ] DREAMPlace - full step 3.435 ms
[INFO   ] DREAMPlace - optimizer step 2.385 ms
[INFO   ] DREAMPlace - iteration  108, ( 108,  0,  0), Obj 4.639501E+07, DensityWeight 1.719803E-10, wHPWL 8.687480E+07, Overflow 9.213560E-01, MaxDensity 6.303E+02, gamma 7.341885E+02, time 0.708ms
[INFO   ] DREAMPlace - full step 3.565 ms
[INFO   ] DREAMPlace - optimizer step 3.510 ms
[INFO   ] DREAMPlace - iteration  109, ( 109,  0,  0), Obj 4.571208E+07, DensityWeight 1.786215E-10, wHPWL 8.635659E+07, Overflow 9.209397E-01, MaxDensity 6.280E+02, gamma 7.338529E+02, time 1.523ms
[INFO   ] DREAMPlace - full step 5.498 ms
[INFO   ] DREAMPlace - optimizer step 2.420 ms
[INFO   ] DREAMPlace - iteration  110, ( 110,  0,  0), Obj 4.489595E+07, DensityWeight 1.855008E-10, wHPWL 8.558299E+07, Overflow 9.205251E-01, MaxDensity 6.754E+02, gamma 7.322913E+02, time 0.687ms
[INFO   ] DREAMPlace - full step 3.582 ms
[INFO   ] DREAMPlace - optimizer step 2.412 ms
[INFO   ] DREAMPlace - iteration  111, ( 111,  0,  0), Obj 4.427330E+07, DensityWeight 1.926256E-10, wHPWL 8.495150E+07, Overflow 9.202133E-01, MaxDensity 7.783E+02, gamma 7.307396E+02, time 0.685ms
[INFO   ] DREAMPlace - full step 3.575 ms
[INFO   ] DREAMPlace - optimizer step 2.250 ms
[INFO   ] DREAMPlace - iteration  112, ( 112,  0,  0), Obj 5.171129E+07, DensityWeight 2.000042E-10, wHPWL 8.413920E+07, Overflow 9.200559E-01, MaxDensity 8.102E+02, gamma 7.295750E+02, time 0.685ms
[INFO   ] DREAMPlace - full step 3.393 ms
[INFO   ] DREAMPlace - optimizer step 2.242 ms
[INFO   ] DREAMPlace - iteration  113, ( 113,  0,  0), Obj 5.179629E+07, DensityWeight 2.076446E-10, wHPWL 8.587731E+07, Overflow 9.198015E-01, MaxDensity 6.044E+02, gamma 7.289872E+02, time 0.713ms
[INFO   ] DREAMPlace - full step 3.423 ms
[INFO   ] DREAMPlace - optimizer step 2.221 ms
[INFO   ] DREAMPlace - iteration  114, ( 114,  0,  0), Obj 4.999310E+07, DensityWeight 2.071254E-10, wHPWL 8.557245E+07, Overflow 9.194995E-01, MaxDensity 6.452E+02, gamma 7.280392E+02, time 0.674ms
[INFO   ] DREAMPlace - full step 3.357 ms
[INFO   ] DREAMPlace - optimizer step 2.244 ms
[INFO   ] DREAMPlace - iteration  115, ( 115,  0,  0), Obj 4.946781E+07, DensityWeight 2.149949E-10, wHPWL 8.638266E+07, Overflow 9.193964E-01, MaxDensity 6.638E+02, gamma 7.269150E+02, time 0.696ms
[INFO   ] DREAMPlace - full step 3.398 ms
[INFO   ] DREAMPlace - optimizer step 2.233 ms
[INFO   ] DREAMPlace - iteration  116, ( 116,  0,  0), Obj 4.802698E+07, DensityWeight 2.144574E-10, wHPWL 8.590630E+07, Overflow 9.197230E-01, MaxDensity 6.762E+02, gamma 7.265316E+02, time 0.676ms
[INFO   ] DREAMPlace - full step 3.345 ms
[INFO   ] DREAMPlace - optimizer step 2.249 ms
[INFO   ] DREAMPlace - iteration  117, ( 117,  0,  0), Obj 4.746573E+07, DensityWeight 2.225608E-10, wHPWL 8.611190E+07, Overflow 9.196975E-01, MaxDensity 6.232E+02, gamma 7.277466E+02, time 0.682ms
[INFO   ] DREAMPlace - full step 3.394 ms
[INFO   ] DREAMPlace - optimizer step 2.301 ms
[INFO   ] DREAMPlace - iteration  118, ( 118,  0,  0), Obj 4.640414E+07, DensityWeight 2.270860E-10, wHPWL 8.549024E+07, Overflow 9.197841E-01, MaxDensity 6.045E+02, gamma 7.276519E+02, time 0.682ms
[INFO   ] DREAMPlace - full step 3.433 ms
[INFO   ] DREAMPlace - optimizer step 2.233 ms
[INFO   ] DREAMPlace - iteration  119, ( 119,  0,  0), Obj 4.575594E+07, DensityWeight 2.356195E-10, wHPWL 8.510954E+07, Overflow 9.196739E-01, MaxDensity 6.959E+02, gamma 7.279742E+02, time 0.686ms
[INFO   ] DREAMPlace - full step 3.376 ms
[INFO   ] DREAMPlace - plotting to gammalocal_results/nshuf/adaptec2/plot/iter0120.png takes 2.000 seconds
[INFO   ] DREAMPlace - optimizer step 4.319 ms
[INFO   ] DREAMPlace - iteration  120, ( 120,  0,  0), Obj 4.492840E+07, DensityWeight 2.444493E-10, wHPWL 8.441427E+07, Overflow 9.196157E-01, MaxDensity 7.429E+02, gamma 7.275638E+02, time 0.687ms
[INFO   ] DREAMPlace - full step 2005.985 ms
[INFO   ] DREAMPlace - optimizer step 2.342 ms
[INFO   ] DREAMPlace - iteration  121, ( 121,  0,  0), Obj 4.433280E+07, DensityWeight 2.535846E-10, wHPWL 8.387467E+07, Overflow 9.194204E-01, MaxDensity 7.173E+02, gamma 7.273470E+02, time 0.770ms
[INFO   ] DREAMPlace - full step 3.683 ms
[INFO   ] DREAMPlace - optimizer step 2.269 ms
[INFO   ] DREAMPlace - iteration  122, ( 122,  0,  0), Obj 5.039569E+07, DensityWeight 2.630350E-10, wHPWL 8.307010E+07, Overflow 9.193138E-01, MaxDensity 7.449E+02, gamma 7.266206E+02, time 0.685ms
[INFO   ] DREAMPlace - full step 3.477 ms
[INFO   ] DREAMPlace - optimizer step 2.273 ms
[INFO   ] DREAMPlace - iteration  123, ( 123,  0,  0), Obj 5.071966E+07, DensityWeight 2.728102E-10, wHPWL 8.520354E+07, Overflow 9.190111E-01, MaxDensity 6.199E+02, gamma 7.262248E+02, time 0.694ms
[INFO   ] DREAMPlace - full step 3.444 ms
[INFO   ] DREAMPlace - optimizer step 2.293 ms
[INFO   ] DREAMPlace - iteration  124, ( 124,  0,  0), Obj 4.888487E+07, DensityWeight 2.721282E-10, wHPWL 8.491531E+07, Overflow 9.188402E-01, MaxDensity 6.520E+02, gamma 7.251003E+02, time 0.757ms
[INFO   ] DREAMPlace - full step 3.529 ms
[INFO   ] DREAMPlace - optimizer step 2.288 ms
[INFO   ] DREAMPlace - iteration  125, ( 125,  0,  0), Obj 4.852892E+07, DensityWeight 2.821850E-10, wHPWL 8.594392E+07, Overflow 9.180340E-01, MaxDensity 6.082E+02, gamma 7.244669E+02, time 0.680ms
[INFO   ] DREAMPlace - full step 3.521 ms
[INFO   ] DREAMPlace - optimizer step 2.247 ms
[INFO   ] DREAMPlace - iteration  126, ( 126,  0,  0), Obj 4.713078E+07, DensityWeight 2.814795E-10, wHPWL 8.545090E+07, Overflow 9.175215E-01, MaxDensity 6.602E+02, gamma 7.214844E+02, time 0.686ms
[INFO   ] DREAMPlace - full step 3.397 ms
[INFO   ] DREAMPlace - optimizer step 3.250 ms
[INFO   ] DREAMPlace - iteration  127, ( 127,  0,  0), Obj 4.667965E+07, DensityWeight 2.918235E-10, wHPWL 8.575030E+07, Overflow 9.170174E-01, MaxDensity 6.453E+02, gamma 7.195948E+02, time 0.677ms
[INFO   ] DREAMPlace - full step 4.389 ms
[INFO   ] DREAMPlace - optimizer step 2.223 ms
[INFO   ] DREAMPlace - iteration  128, ( 128,  0,  0), Obj 4.566510E+07, DensityWeight 2.938889E-10, wHPWL 8.513138E+07, Overflow 9.163448E-01, MaxDensity 6.328E+02, gamma 7.177411E+02, time 0.968ms
[INFO   ] DREAMPlace - full step 3.675 ms
[INFO   ] DREAMPlace - optimizer step 2.245 ms
[INFO   ] DREAMPlace - iteration  129, ( 129,  0,  0), Obj 4.513870E+07, DensityWeight 3.046280E-10, wHPWL 8.489638E+07, Overflow 9.159667E-01, MaxDensity 5.955E+02, gamma 7.152750E+02, time 0.673ms
[INFO   ] DREAMPlace - full step 3.389 ms
[INFO   ] DREAMPlace - optimizer step 2.572 ms
[INFO   ] DREAMPlace - iteration  130, ( 130,  0,  0), Obj 4.430143E+07, DensityWeight 3.157279E-10, wHPWL 8.412496E+07, Overflow 9.154399E-01, MaxDensity 7.097E+02, gamma 7.138928E+02, time 0.881ms
[INFO   ] DREAMPlace - full step 3.916 ms
[INFO   ] DREAMPlace - optimizer step 2.913 ms
[INFO   ] DREAMPlace - iteration  131, ( 131,  0,  0), Obj 4.381436E+07, DensityWeight 3.271996E-10, wHPWL 8.368619E+07, Overflow 9.151049E-01, MaxDensity 7.429E+02, gamma 7.119709E+02, time 0.831ms
[INFO   ] DREAMPlace - full step 4.211 ms
[INFO   ] DREAMPlace - optimizer step 2.526 ms
[INFO   ] DREAMPlace - iteration  132, ( 132,  0,  0), Obj 5.214465E+07, DensityWeight 3.390541E-10, wHPWL 8.294022E+07, Overflow 9.147537E-01, MaxDensity 7.462E+02, gamma 7.107515E+02, time 0.673ms
[INFO   ] DREAMPlace - full step 3.674 ms
[INFO   ] DREAMPlace - optimizer step 12.730 ms
[INFO   ] DREAMPlace - iteration  133, ( 133,  0,  0), Obj 5.200524E+07, DensityWeight 3.513031E-10, wHPWL 8.426403E+07, Overflow 9.142094E-01, MaxDensity 6.540E+02, gamma 7.094753E+02, time 0.677ms
[INFO   ] DREAMPlace - full step 13.884 ms
[INFO   ] DREAMPlace - optimizer step 2.216 ms
[INFO   ] DREAMPlace - iteration  134, ( 134,  0,  0), Obj 5.017192E+07, DensityWeight 3.504248E-10, wHPWL 8.384624E+07, Overflow 9.136176E-01, MaxDensity 6.365E+02, gamma 7.075022E+02, time 0.686ms
[INFO   ] DREAMPlace - full step 3.387 ms
[INFO   ] DREAMPlace - optimizer step 2.675 ms
[INFO   ] DREAMPlace - iteration  135, ( 135,  0,  0), Obj 4.951171E+07, DensityWeight 3.630119E-10, wHPWL 8.446971E+07, Overflow 9.140685E-01, MaxDensity 6.187E+02, gamma 7.053628E+02, time 0.679ms
[INFO   ] DREAMPlace - full step 3.803 ms
[INFO   ] DREAMPlace - optimizer step 2.274 ms
[INFO   ] DREAMPlace - iteration  136, ( 136,  0,  0), Obj 4.802448E+07, DensityWeight 3.621043E-10, wHPWL 8.391934E+07, Overflow 9.139056E-01, MaxDensity 6.367E+02, gamma 7.069924E+02, time 0.721ms
[INFO   ] DREAMPlace - full step 3.443 ms
[INFO   ] DREAMPlace - optimizer step 2.244 ms
[INFO   ] DREAMPlace - iteration  137, ( 137,  0,  0), Obj 4.741035E+07, DensityWeight 3.750359E-10, wHPWL 8.406621E+07, Overflow 9.132277E-01, MaxDensity 7.075E+02, gamma 7.064035E+02, time 0.671ms
[INFO   ] DREAMPlace - full step 3.372 ms
[INFO   ] DREAMPlace - optimizer step 2.224 ms
[INFO   ] DREAMPlace - iteration  138, ( 138,  0,  0), Obj 4.630629E+07, DensityWeight 3.858077E-10, wHPWL 8.340932E+07, Overflow 9.130017E-01, MaxDensity 7.357E+02, gamma 7.039570E+02, time 0.675ms
[INFO   ] DREAMPlace - full step 3.369 ms
[INFO   ] DREAMPlace - optimizer step 2.395 ms
[INFO   ] DREAMPlace - iteration  139, ( 139,  0,  0), Obj 4.565386E+07, DensityWeight 3.995059E-10, wHPWL 8.305574E+07, Overflow 9.126173E-01, MaxDensity 6.963E+02, gamma 7.031439E+02, time 0.675ms
[INFO   ] DREAMPlace - full step 3.528 ms
[INFO   ] DREAMPlace - optimizer step 2.338 ms
[INFO   ] DREAMPlace - iteration  140, ( 140,  0,  0), Obj 4.485301E+07, DensityWeight 4.136491E-10, wHPWL 8.239010E+07, Overflow 9.124681E-01, MaxDensity 7.758E+02, gamma 7.017621E+02, time 0.676ms
[INFO   ] DREAMPlace - full step 3.468 ms
[INFO   ] DREAMPlace - optimizer step 2.264 ms
[INFO   ] DREAMPlace - iteration  141, ( 141,  0,  0), Obj 4.422222E+07, DensityWeight 4.282501E-10, wHPWL 8.181182E+07, Overflow 9.120198E-01, MaxDensity 7.916E+02, gamma 7.012263E+02, time 0.674ms
[INFO   ] DREAMPlace - full step 3.400 ms
[INFO   ] DREAMPlace - optimizer step 19.710 ms
[INFO   ] DREAMPlace - iteration  142, ( 142,  0,  0), Obj 5.144571E+07, DensityWeight 4.433222E-10, wHPWL 8.106133E+07, Overflow 9.117225E-01, MaxDensity 8.118E+02, gamma 6.996198E+02, time 0.680ms
[INFO   ] DREAMPlace - full step 20.854 ms
[INFO   ] DREAMPlace - optimizer step 2.270 ms
[INFO   ] DREAMPlace - iteration  143, ( 143,  0,  0), Obj 5.140334E+07, DensityWeight 4.588789E-10, wHPWL 8.249433E+07, Overflow 9.112643E-01, MaxDensity 7.327E+02, gamma 6.985564E+02, time 0.680ms
[INFO   ] DREAMPlace - full step 3.430 ms
[INFO   ] DREAMPlace - optimizer step 2.219 ms
[INFO   ] DREAMPlace - iteration  144, ( 144,  0,  0), Obj 4.985452E+07, DensityWeight 4.577317E-10, wHPWL 8.249599E+07, Overflow 9.110563E-01, MaxDensity 7.776E+02, gamma 6.969201E+02, time 0.678ms
[INFO   ] DREAMPlace - full step 3.369 ms
[INFO   ] DREAMPlace - optimizer step 2.217 ms
[INFO   ] DREAMPlace - iteration  145, ( 145,  0,  0), Obj 4.906824E+07, DensityWeight 4.805068E-10, wHPWL 8.289571E+07, Overflow 9.106705E-01, MaxDensity 6.887E+02, gamma 6.961791E+02, time 0.670ms
[INFO   ] DREAMPlace - full step 3.351 ms
[INFO   ] DREAMPlace - optimizer step 2.210 ms
[INFO   ] DREAMPlace - iteration  146, ( 146,  0,  0), Obj 4.773801E+07, DensityWeight 4.793055E-10, wHPWL 8.262336E+07, Overflow 9.102993E-01, MaxDensity 7.261E+02, gamma 6.948060E+02, time 0.690ms
[INFO   ] DREAMPlace - full step 3.370 ms
[INFO   ] DREAMPlace - optimizer step 2.201 ms
[INFO   ] DREAMPlace - iteration  147, ( 147,  0,  0), Obj 4.697528E+07, DensityWeight 4.959264E-10, wHPWL 8.258765E+07, Overflow 9.103504E-01, MaxDensity 7.476E+02, gamma 6.934877E+02, time 0.696ms
[INFO   ] DREAMPlace - full step 3.335 ms
[INFO   ] DREAMPlace - optimizer step 2.337 ms
[INFO   ] DREAMPlace - iteration  148, ( 148,  0,  0), Obj 4.599326E+07, DensityWeight 5.130724E-10, wHPWL 8.215906E+07, Overflow 9.098915E-01, MaxDensity 7.357E+02, gamma 6.936691E+02, time 0.750ms
[INFO   ] DREAMPlace - full step 3.582 ms
[INFO   ] DREAMPlace - optimizer step 2.248 ms
[INFO   ] DREAMPlace - iteration  149, ( 149,  0,  0), Obj 4.529677E+07, DensityWeight 5.307581E-10, wHPWL 8.180700E+07, Overflow 9.096287E-01, MaxDensity 7.475E+02, gamma 6.920421E+02, time 0.684ms
[INFO   ] DREAMPlace - full step 3.392 ms
[INFO   ] DREAMPlace - optimizer step 2.847 ms
[INFO   ] DREAMPlace - iteration  150, ( 150,  0,  0), Obj 4.456321E+07, DensityWeight 5.489985E-10, wHPWL 8.127996E+07, Overflow 9.094841E-01, MaxDensity 8.602E+02, gamma 6.911121E+02, time 0.700ms
[INFO   ] DREAMPlace - full step 4.004 ms
[INFO   ] DREAMPlace - optimizer step 2.209 ms
[INFO   ] DREAMPlace - iteration  151, ( 151,  0,  0), Obj 4.388812E+07, DensityWeight 5.678091E-10, wHPWL 8.070967E+07, Overflow 9.096776E-01, MaxDensity 8.641E+02, gamma 6.906008E+02, time 0.705ms
[INFO   ] DREAMPlace - full step 3.373 ms
[INFO   ] DREAMPlace - optimizer step 6.033 ms
[INFO   ] DREAMPlace - iteration  152, ( 152,  0,  0), Obj 5.188332E+07, DensityWeight 5.872054E-10, wHPWL 8.009242E+07, Overflow 9.101892E-01, MaxDensity 9.434E+02, gamma 6.912848E+02, time 70.572ms
[INFO   ] DREAMPlace - full step 77.095 ms
[INFO   ] DREAMPlace - optimizer step 2.275 ms
[INFO   ] DREAMPlace - iteration  153, ( 153,  0,  0), Obj 5.137757E+07, DensityWeight 6.072035E-10, wHPWL 8.069766E+07, Overflow 9.102389E-01, MaxDensity 8.867E+02, gamma 6.930970E+02, time 0.720ms
[INFO   ] DREAMPlace - full step 3.467 ms
[INFO   ] DREAMPlace - optimizer step 2.258 ms
[INFO   ] DREAMPlace - iteration  154, ( 154,  0,  0), Obj 5.008600E+07, DensityWeight 6.056854E-10, wHPWL 8.094298E+07, Overflow 9.099634E-01, MaxDensity 8.351E+02, gamma 6.932732E+02, time 0.694ms
[INFO   ] DREAMPlace - full step 3.416 ms
[INFO   ] DREAMPlace - optimizer step 2.290 ms
[INFO   ] DREAMPlace - iteration  155, ( 155,  0,  0), Obj 4.915666E+07, DensityWeight 6.145886E-10, wHPWL 8.115805E+07, Overflow 9.102748E-01, MaxDensity 8.025E+02, gamma 6.922965E+02, time 0.700ms
[INFO   ] DREAMPlace - full step 3.454 ms
[INFO   ] DREAMPlace - optimizer step 2.276 ms
[INFO   ] DREAMPlace - iteration  156, ( 156,  0,  0), Obj 4.790036E+07, DensityWeight 6.262578E-10, wHPWL 8.098946E+07, Overflow 9.097830E-01, MaxDensity 8.555E+02, gamma 6.934007E+02, time 0.706ms
[INFO   ] DREAMPlace - full step 3.445 ms
[INFO   ] DREAMPlace - optimizer step 2.261 ms
[INFO   ] DREAMPlace - iteration  157, ( 157,  0,  0), Obj 4.714007E+07, DensityWeight 6.473269E-10, wHPWL 8.100142E+07, Overflow 9.096922E-01, MaxDensity 7.861E+02, gamma 6.916579E+02, time 0.698ms
[INFO   ] DREAMPlace - full step 3.409 ms
[INFO   ] DREAMPlace - optimizer step 2.215 ms
[INFO   ] DREAMPlace - iteration  158, ( 158,  0,  0), Obj 4.614252E+07, DensityWeight 6.785602E-10, wHPWL 8.060130E+07, Overflow 9.093068E-01, MaxDensity 8.352E+02, gamma 6.913368E+02, time 0.684ms
[INFO   ] DREAMPlace - full step 3.363 ms
[INFO   ] DREAMPlace - optimizer step 2.288 ms
[INFO   ] DREAMPlace - iteration  159, ( 159,  0,  0), Obj 4.543105E+07, DensityWeight 7.012487E-10, wHPWL 8.027216E+07, Overflow 9.095079E-01, MaxDensity 9.476E+02, gamma 6.899745E+02, time 0.672ms
[INFO   ] DREAMPlace - full step 3.417 ms
[INFO   ] DREAMPlace - plotting to gammalocal_results/nshuf/adaptec2/plot/iter0160.png takes 1.996 seconds
[INFO   ] DREAMPlace - optimizer step 80.884 ms
[INFO   ] DREAMPlace - iteration  160, ( 160,  0,  0), Obj 4.464528E+07, DensityWeight 7.246233E-10, wHPWL 7.974062E+07, Overflow 9.094700E-01, MaxDensity 9.672E+02, gamma 6.906849E+02, time 0.676ms
[INFO   ] DREAMPlace - full step 2079.414 ms
[INFO   ] DREAMPlace - optimizer step 4.152 ms
[INFO   ] DREAMPlace - iteration  161, ( 161,  0,  0), Obj 4.400829E+07, DensityWeight 7.487021E-10, wHPWL 7.923806E+07, Overflow 9.095892E-01, MaxDensity 1.025E+03, gamma 6.905510E+02, time 4.557ms
[INFO   ] DREAMPlace - full step 9.260 ms
[INFO   ] DREAMPlace - optimizer step 2.246 ms
[INFO   ] DREAMPlace - iteration  162, ( 162,  0,  0), Obj 5.113061E+07, DensityWeight 7.735038E-10, wHPWL 7.862331E+07, Overflow 9.097096E-01, MaxDensity 1.168E+03, gamma 6.909725E+02, time 0.676ms
[INFO   ] DREAMPlace - full step 3.380 ms
[INFO   ] DREAMPlace - optimizer step 2.204 ms
[INFO   ] DREAMPlace - iteration  163, ( 163,  0,  0), Obj 5.039282E+07, DensityWeight 7.990471E-10, wHPWL 7.880600E+07, Overflow 9.094172E-01, MaxDensity 9.840E+02, gamma 6.913984E+02, time 0.689ms
[INFO   ] DREAMPlace - full step 3.344 ms
[INFO   ] DREAMPlace - optimizer step 2.253 ms
[INFO   ] DREAMPlace - iteration  164, ( 164,  0,  0), Obj 4.947350E+07, DensityWeight 8.179025E-10, wHPWL 7.942776E+07, Overflow 9.096085E-01, MaxDensity 9.537E+02, gamma 6.903644E+02, time 0.682ms
[INFO   ] DREAMPlace - full step 3.377 ms
[INFO   ] DREAMPlace - optimizer step 2.251 ms
[INFO   ] DREAMPlace - iteration  165, ( 165,  0,  0), Obj 4.852214E+07, DensityWeight 8.158577E-10, wHPWL 7.954006E+07, Overflow 9.095386E-01, MaxDensity 9.769E+02, gamma 6.910408E+02, time 0.677ms
[INFO   ] DREAMPlace - full step 3.374 ms
[INFO   ] DREAMPlace - optimizer step 2.232 ms
[INFO   ] DREAMPlace - iteration  166, ( 166,  0,  0), Obj 4.735021E+07, DensityWeight 8.433440E-10, wHPWL 7.940079E+07, Overflow 9.093705E-01, MaxDensity 8.861E+02, gamma 6.907937E+02, time 0.678ms
[INFO   ] DREAMPlace - full step 3.354 ms
[INFO   ] DREAMPlace - optimizer step 2.250 ms
[INFO   ] DREAMPlace - iteration  167, ( 167,  0,  0), Obj 4.663367E+07, DensityWeight 8.708451E-10, wHPWL 7.943859E+07, Overflow 9.093820E-01, MaxDensity 9.051E+02, gamma 6.901997E+02, time 0.686ms
[INFO   ] DREAMPlace - full step 3.382 ms
[INFO   ] DREAMPlace - optimizer step 2.439 ms
[INFO   ] DREAMPlace - iteration  168, ( 168,  0,  0), Obj 4.576480E+07, DensityWeight 9.095817E-10, wHPWL 7.919107E+07, Overflow 9.092053E-01, MaxDensity 9.186E+02, gamma 6.902401E+02, time 0.683ms
[INFO   ] DREAMPlace - full step 3.612 ms
[INFO   ] DREAMPlace - optimizer step 2.295 ms
[INFO   ] DREAMPlace - iteration  169, ( 169,  0,  0), Obj 4.507133E+07, DensityWeight 9.390552E-10, wHPWL 7.893005E+07, Overflow 9.094207E-01, MaxDensity 9.060E+02, gamma 6.896162E+02, time 0.704ms
[INFO   ] DREAMPlace - full step 3.462 ms
[INFO   ] DREAMPlace - optimizer step 2.421 ms
[INFO   ] DREAMPlace - iteration  170, ( 170,  0,  0), Obj 4.439031E+07, DensityWeight 9.693867E-10, wHPWL 7.853352E+07, Overflow 9.095660E-01, MaxDensity 9.980E+02, gamma 6.903768E+02, time 0.676ms
[INFO   ] DREAMPlace - full step 3.538 ms
[INFO   ] DREAMPlace - Stuck at early stage. Turn on quadratic penalty with double density factor to accelerate convergence
[INFO   ] DREAMPlace - optimizer step 2.405 ms
[INFO   ] DREAMPlace - iteration  171, ( 171,  0,  0), Obj 4.377854E+07, DensityWeight 1.000598E-09, wHPWL 7.811828E+07, Overflow 9.095332E-01, MaxDensity 1.114E+03, gamma 6.908903E+02, time 0.690ms
[INFO   ] DREAMPlace - full step 3.547 ms
[INFO   ] DREAMPlace - optimizer step 7.757 ms
[INFO   ] DREAMPlace - iteration  172, ( 172,  0,  0), Obj 4.899225E+07, DensityWeight 1.032711E-09, wHPWL 7.758803E+07, Overflow 9.099548E-01, MaxDensity 1.095E+03, gamma 6.907745E+02, time 0.659ms
[INFO   ] DREAMPlace - full step 8.884 ms
[INFO   ] DREAMPlace - optimizer step 2.287 ms
[INFO   ] DREAMPlace - iteration  173, ( 173,  0,  0), Obj 4.937034E+07, DensityWeight 1.065747E-09, wHPWL 7.950013E+07, Overflow 9.091680E-01, MaxDensity 8.824E+02, gamma 6.922661E+02, time 0.680ms
[INFO   ] DREAMPlace - full step 3.427 ms
[INFO   ] DREAMPlace - optimizer step 2.283 ms
[INFO   ] DREAMPlace - iteration  174, ( 174,  0,  0), Obj 4.796776E+07, DensityWeight 1.063083E-09, wHPWL 7.984914E+07, Overflow 9.083962E-01, MaxDensity 8.157E+02, gamma 6.894847E+02, time 0.689ms
[INFO   ] DREAMPlace - full step 3.444 ms
[INFO   ] DREAMPlace - optimizer step 5.344 ms
[INFO   ] DREAMPlace - iteration  175, ( 175,  0,  0), Obj 4.747176E+07, DensityWeight 1.063230E-09, wHPWL 8.077394E+07, Overflow 9.078992E-01, MaxDensity 6.939E+02, gamma 6.867672E+02, time 0.676ms
[INFO   ] DREAMPlace - full step 6.493 ms
[INFO   ] DREAMPlace - optimizer step 5.685 ms
[INFO   ] DREAMPlace - iteration  176, ( 176,  0,  0), Obj 4.631996E+07, DensityWeight 1.060572E-09, wHPWL 8.092634E+07, Overflow 9.074277E-01, MaxDensity 6.849E+02, gamma 6.850231E+02, time 0.672ms
[INFO   ] DREAMPlace - full step 7.157 ms
[INFO   ] DREAMPlace - optimizer step 4.209 ms
[INFO   ] DREAMPlace - iteration  177, ( 177,  0,  0), Obj 4.575456E+07, DensityWeight 1.090192E-09, wHPWL 8.128395E+07, Overflow 9.068730E-01, MaxDensity 6.454E+02, gamma 6.833723E+02, time 5.326ms
[INFO   ] DREAMPlace - full step 11.316 ms
[INFO   ] DREAMPlace - optimizer step 2.312 ms
[INFO   ] DREAMPlace - iteration  178, ( 178,  0,  0), Obj 4.494117E+07, DensityWeight 1.089035E-09, wHPWL 8.124538E+07, Overflow 9.058599E-01, MaxDensity 5.898E+02, gamma 6.814357E+02, time 0.689ms
[INFO   ] DREAMPlace - full step 3.471 ms
[INFO   ] DREAMPlace - optimizer step 2.280 ms
[INFO   ] DREAMPlace - iteration  179, ( 179,  0,  0), Obj 4.440481E+07, DensityWeight 1.123199E-09, wHPWL 8.121730E+07, Overflow 9.048796E-01, MaxDensity 5.711E+02, gamma 6.779120E+02, time 0.674ms
[INFO   ] DREAMPlace - full step 3.430 ms
[INFO   ] DREAMPlace - optimizer step 2.250 ms
[INFO   ] DREAMPlace - iteration  180, ( 180,  0,  0), Obj 4.375589E+07, DensityWeight 1.158320E-09, wHPWL 8.095440E+07, Overflow 9.045462E-01, MaxDensity 5.500E+02, gamma 6.745201E+02, time 0.716ms
[INFO   ] DREAMPlace - full step 3.429 ms
[INFO   ] DREAMPlace - optimizer step 2.267 ms
[INFO   ] DREAMPlace - iteration  181, ( 181,  0,  0), Obj 4.328813E+07, DensityWeight 1.194419E-09, wHPWL 8.070490E+07, Overflow 9.037891E-01, MaxDensity 5.655E+02, gamma 6.733705E+02, time 0.691ms
[INFO   ] DREAMPlace - full step 3.425 ms
[INFO   ] DREAMPlace - optimizer step 2.361 ms
[INFO   ] DREAMPlace - iteration  182, ( 182,  0,  0), Obj 5.055209E+07, DensityWeight 1.231519E-09, wHPWL 8.033142E+07, Overflow 9.034039E-01, MaxDensity 5.988E+02, gamma 6.707667E+02, time 0.670ms
[INFO   ] DREAMPlace - full step 3.492 ms
[INFO   ] DREAMPlace - optimizer step 2.260 ms
[INFO   ] DREAMPlace - iteration  183, ( 183,  0,  0), Obj 5.004951E+07, DensityWeight 1.269646E-09, wHPWL 8.109931E+07, Overflow 9.033948E-01, MaxDensity 4.726E+02, gamma 6.694459E+02, time 0.701ms
[INFO   ] DREAMPlace - full step 3.418 ms
[INFO   ] DREAMPlace - optimizer step 2.329 ms
[INFO   ] DREAMPlace - iteration  184, ( 184,  0,  0), Obj 4.883076E+07, DensityWeight 1.266471E-09, wHPWL 8.162085E+07, Overflow 9.027176E-01, MaxDensity 4.789E+02, gamma 6.694146E+02, time 0.664ms
[INFO   ] DREAMPlace - full step 3.457 ms
[INFO   ] DREAMPlace - optimizer step 2.284 ms
[INFO   ] DREAMPlace - iteration  185, ( 185,  0,  0), Obj 4.828424E+07, DensityWeight 1.263305E-09, wHPWL 8.246715E+07, Overflow 9.022241E-01, MaxDensity 4.069E+02, gamma 6.670994E+02, time 0.660ms
[INFO   ] DREAMPlace - full step 3.416 ms
[INFO   ] DREAMPlace - optimizer step 2.265 ms
[INFO   ] DREAMPlace - iteration  186, ( 186,  0,  0), Obj 4.711602E+07, DensityWeight 1.260147E-09, wHPWL 8.251326E+07, Overflow 9.013674E-01, MaxDensity 4.284E+02, gamma 6.654169E+02, time 0.664ms
[INFO   ] DREAMPlace - full step 3.423 ms
[INFO   ] DREAMPlace - optimizer step 2.307 ms
[INFO   ] DREAMPlace - iteration  187, ( 187,  0,  0), Obj 4.662912E+07, DensityWeight 1.314676E-09, wHPWL 8.288955E+07, Overflow 9.005659E-01, MaxDensity 3.922E+02, gamma 6.625064E+02, time 0.668ms
[INFO   ] DREAMPlace - full step 3.437 ms
[INFO   ] DREAMPlace - optimizer step 2.260 ms
[INFO   ] DREAMPlace - iteration  188, ( 188,  0,  0), Obj 4.573985E+07, DensityWeight 1.311389E-09, wHPWL 8.264883E+07, Overflow 8.997453E-01, MaxDensity 3.963E+02, gamma 6.597947E+02, time 0.669ms
[INFO   ] DREAMPlace - full step 3.396 ms
[INFO   ] DREAMPlace - optimizer step 2.282 ms
[INFO   ] DREAMPlace - iteration  189, ( 189,  0,  0), Obj 4.522196E+07, DensityWeight 1.351178E-09, wHPWL 8.255402E+07, Overflow 8.989277E-01, MaxDensity 3.870E+02, gamma 6.570303E+02, time 0.678ms
[INFO   ] DREAMPlace - full step 3.419 ms
[INFO   ] DREAMPlace - optimizer step 2.270 ms
[INFO   ] DREAMPlace - iteration  190, ( 190,  0,  0), Obj 4.458850E+07, DensityWeight 1.392033E-09, wHPWL 8.223098E+07, Overflow 8.978906E-01, MaxDensity 3.787E+02, gamma 6.542874E+02, time 0.680ms
[INFO   ] DREAMPlace - full step 3.408 ms
[INFO   ] DREAMPlace - optimizer step 2.277 ms
[INFO   ] DREAMPlace - iteration  191, ( 191,  0,  0), Obj 4.409311E+07, DensityWeight 1.433981E-09, wHPWL 8.193125E+07, Overflow 8.967893E-01, MaxDensity 3.893E+02, gamma 6.508244E+02, time 0.676ms
[INFO   ] DREAMPlace - full step 3.424 ms
[INFO   ] DREAMPlace - optimizer step 2.288 ms
[INFO   ] DREAMPlace - iteration  192, ( 192,  0,  0), Obj 5.076462E+07, DensityWeight 1.477046E-09, wHPWL 8.152340E+07, Overflow 8.961682E-01, MaxDensity 3.559E+02, gamma 6.471672E+02, time 0.667ms
[INFO   ] DREAMPlace - full step 3.422 ms
[INFO   ] DREAMPlace - optimizer step 2.272 ms
[INFO   ] DREAMPlace - iteration  193, ( 193,  0,  0), Obj 5.118325E+07, DensityWeight 1.521251E-09, wHPWL 8.371681E+07, Overflow 8.946189E-01, MaxDensity 3.254E+02, gamma 6.451140E+02, time 0.674ms
[INFO   ] DREAMPlace - full step 3.404 ms
[INFO   ] DREAMPlace - optimizer step 2.263 ms
[INFO   ] DREAMPlace - iteration  194, ( 194,  0,  0), Obj 4.964284E+07, DensityWeight 1.517448E-09, wHPWL 8.402954E+07, Overflow 8.937980E-01, MaxDensity 3.111E+02, gamma 6.400197E+02, time 0.660ms
[INFO   ] DREAMPlace - full step 3.387 ms
[INFO   ] DREAMPlace - optimizer step 2.269 ms
[INFO   ] DREAMPlace - iteration  195, ( 195,  0,  0), Obj 4.934722E+07, DensityWeight 1.525353E-09, wHPWL 8.524539E+07, Overflow 8.925924E-01, MaxDensity 3.000E+02, gamma 6.373370E+02, time 0.675ms
[INFO   ] DREAMPlace - full step 3.430 ms
[INFO   ] DREAMPlace - optimizer step 2.288 ms
[INFO   ] DREAMPlace - iteration  196, ( 196,  0,  0), Obj 4.818102E+07, DensityWeight 1.521539E-09, wHPWL 8.525808E+07, Overflow 8.919018E-01, MaxDensity 3.020E+02, gamma 6.334173E+02, time 0.670ms
[INFO   ] DREAMPlace - full step 3.412 ms
[INFO   ] DREAMPlace - optimizer step 2.260 ms
[INFO   ] DREAMPlace - iteration  197, ( 197,  0,  0), Obj 4.782582E+07, DensityWeight 1.594793E-09, wHPWL 8.578059E+07, Overflow 8.904979E-01, MaxDensity 2.849E+02, gamma 6.311831E+02, time 0.681ms
[INFO   ] DREAMPlace - full step 3.411 ms
[INFO   ] DREAMPlace - optimizer step 6.612 ms
[INFO   ] DREAMPlace - iteration  198, ( 198,  0,  0), Obj 4.693858E+07, DensityWeight 1.590806E-09, wHPWL 8.545186E+07, Overflow 8.891675E-01, MaxDensity 2.953E+02, gamma 6.266653E+02, time 2.815ms
[INFO   ] DREAMPlace - full step 9.893 ms
[INFO   ] DREAMPlace - optimizer step 2.251 ms
[INFO   ] DREAMPlace - iteration  199, ( 199,  0,  0), Obj 4.647704E+07, DensityWeight 1.637433E-09, wHPWL 8.539266E+07, Overflow 8.880404E-01, MaxDensity 2.948E+02, gamma 6.224137E+02, time 0.681ms
[INFO   ] DREAMPlace - full step 3.399 ms
[INFO   ] DREAMPlace - plotting to gammalocal_results/nshuf/adaptec2/plot/iter0200.png takes 2.028 seconds
[INFO   ] DREAMPlace - optimizer step 9.485 ms
[INFO   ] DREAMPlace - iteration  200, ( 200,  0,  0), Obj 4.589488E+07, DensityWeight 1.685259E-09, wHPWL 8.503069E+07, Overflow 8.869998E-01, MaxDensity 2.952E+02, gamma 6.188344E+02, time 0.670ms
[INFO   ] DREAMPlace - full step 2040.060 ms
[INFO   ] DREAMPlace - gamma_local: mean(coef_net)/coef = 0.830 (norm=gamma, applied ratio 1.000)
[INFO   ] DREAMPlace - optimizer step 2.493 ms
[INFO   ] DREAMPlace - iteration  201, ( 201,  0,  0), Obj 4.541545E+07, DensityWeight 1.734308E-09, wHPWL 8.468762E+07, Overflow 8.859757E-01, MaxDensity 3.000E+02, gamma 6.155483E+02, time 0.790ms
[INFO   ] DREAMPlace - full step 3.962 ms
[INFO   ] DREAMPlace - optimizer step 2.373 ms
[INFO   ] DREAMPlace - iteration  202, ( 202,  0,  0), Obj 5.158741E+07, DensityWeight 1.784606E-09, wHPWL 8.433944E+07, Overflow 8.852009E-01, MaxDensity 2.862E+02, gamma 6.123311E+02, time 0.681ms
[INFO   ] DREAMPlace - full step 3.537 ms
[INFO   ] DREAMPlace - optimizer step 2.339 ms
[INFO   ] DREAMPlace - iteration  203, ( 203,  0,  0), Obj 5.229336E+07, DensityWeight 1.836359E-09, wHPWL 8.712862E+07, Overflow 8.831837E-01, MaxDensity 2.559E+02, gamma 6.099081E+02, time 0.674ms
[INFO   ] DREAMPlace - full step 3.491 ms
[INFO   ] DREAMPlace - optimizer step 2.334 ms
[INFO   ] DREAMPlace - iteration  204, ( 204,  0,  0), Obj 5.043603E+07, DensityWeight 1.831768E-09, wHPWL 8.714064E+07, Overflow 8.825043E-01, MaxDensity 2.486E+02, gamma 6.036453E+02, time 0.670ms
[INFO   ] DREAMPlace - full step 3.485 ms
[INFO   ] DREAMPlace - optimizer step 2.323 ms
[INFO   ] DREAMPlace - iteration  205, ( 205,  0,  0), Obj 5.046954E+07, DensityWeight 1.920138E-09, wHPWL 8.873735E+07, Overflow 8.810803E-01, MaxDensity 2.402E+02, gamma 6.015504E+02, time 0.674ms
[INFO   ] DREAMPlace - full step 3.474 ms
[INFO   ] DREAMPlace - optimizer step 2.371 ms
[INFO   ] DREAMPlace - iteration  206, ( 206,  0,  0), Obj 4.913875E+07, DensityWeight 1.915337E-09, wHPWL 8.841995E+07, Overflow 8.799813E-01, MaxDensity 2.368E+02, gamma 5.971832E+02, time 0.681ms
[INFO   ] DREAMPlace - full step 3.516 ms
[INFO   ] DREAMPlace - optimizer step 2.356 ms
[INFO   ] DREAMPlace - iteration  207, ( 207,  0,  0), Obj 4.897620E+07, DensityWeight 1.970882E-09, wHPWL 8.899539E+07, Overflow 8.782234E-01, MaxDensity 2.344E+02, gamma 5.938346E+02, time 0.682ms
[INFO   ] DREAMPlace - full step 3.495 ms
[INFO   ] DREAMPlace - optimizer step 2.334 ms
[INFO   ] DREAMPlace - iteration  208, ( 208,  0,  0), Obj 4.802716E+07, DensityWeight 1.965955E-09, wHPWL 8.838698E+07, Overflow 8.771777E-01, MaxDensity 2.434E+02, gamma 5.885170E+02, time 0.682ms
[INFO   ] DREAMPlace - full step 3.476 ms
[INFO   ] DREAMPlace - optimizer step 2.335 ms
[INFO   ] DREAMPlace - iteration  209, ( 209,  0,  0), Obj 4.777890E+07, DensityWeight 2.022968E-09, wHPWL 8.835824E+07, Overflow 8.757322E-01, MaxDensity 2.500E+02, gamma 5.853762E+02, time 0.675ms
[INFO   ] DREAMPlace - full step 3.461 ms
[INFO   ] DREAMPlace - optimizer step 2.323 ms
[INFO   ] DREAMPlace - iteration  210, ( 210,  0,  0), Obj 4.704959E+07, DensityWeight 2.081634E-09, wHPWL 8.765744E+07, Overflow 8.749865E-01, MaxDensity 2.441E+02, gamma 5.810627E+02, time 0.676ms
[INFO   ] DREAMPlace - full step 3.448 ms
[INFO   ] DREAMPlace - optimizer step 2.334 ms
[INFO   ] DREAMPlace - iteration  211, ( 211,  0,  0), Obj 4.672369E+07, DensityWeight 2.142001E-09, wHPWL 8.741515E+07, Overflow 8.735913E-01, MaxDensity 2.484E+02, gamma 5.788497E+02, time 0.675ms
[INFO   ] DREAMPlace - full step 3.467 ms
[INFO   ] DREAMPlace - optimizer step 2.317 ms
[INFO   ] DREAMPlace - iteration  212, ( 212,  0,  0), Obj 5.314103E+07, DensityWeight 2.204120E-09, wHPWL 8.685227E+07, Overflow 8.722153E-01, MaxDensity 2.510E+02, gamma 5.747321E+02, time 0.656ms
[INFO   ] DREAMPlace - full step 3.433 ms
[INFO   ] DREAMPlace - optimizer step 2.467 ms
[INFO   ] DREAMPlace - iteration  213, ( 213,  0,  0), Obj 5.461552E+07, DensityWeight 2.268039E-09, wHPWL 9.082626E+07, Overflow 8.698409E-01, MaxDensity 2.098E+02, gamma 5.706996E+02, time 0.682ms
[INFO   ] DREAMPlace - full step 3.610 ms
[INFO   ] DREAMPlace - optimizer step 2.451 ms
[INFO   ] DREAMPlace - iteration  214, ( 214,  0,  0), Obj 5.218672E+07, DensityWeight 2.262369E-09, wHPWL 9.015787E+07, Overflow 8.684473E-01, MaxDensity 2.149E+02, gamma 5.638080E+02, time 0.677ms
[INFO   ] DREAMPlace - full step 3.605 ms
[INFO   ] DREAMPlace - optimizer step 2.339 ms
[INFO   ] DREAMPlace - iteration  215, ( 215,  0,  0), Obj 5.260466E+07, DensityWeight 2.327978E-09, wHPWL 9.212551E+07, Overflow 8.663008E-01, MaxDensity 2.066E+02, gamma 5.598018E+02, time 0.652ms
[INFO   ] DREAMPlace - full step 3.452 ms
[INFO   ] DREAMPlace - optimizer step 2.361 ms
[INFO   ] DREAMPlace - iteration  216, ( 216,  0,  0), Obj 5.088410E+07, DensityWeight 2.322158E-09, wHPWL 9.111277E+07, Overflow 8.651756E-01, MaxDensity 2.179E+02, gamma 5.536867E+02, time 0.664ms
[INFO   ] DREAMPlace - full step 3.487 ms
[INFO   ] DREAMPlace - optimizer step 2.308 ms
[INFO   ] DREAMPlace - iteration  217, ( 217,  0,  0), Obj 5.090853E+07, DensityWeight 2.389500E-09, wHPWL 9.171482E+07, Overflow 8.638032E-01, MaxDensity 2.132E+02, gamma 5.505083E+02, time 0.676ms
[INFO   ] DREAMPlace - full step 3.448 ms
[INFO   ] DREAMPlace - optimizer step 2.349 ms
[INFO   ] DREAMPlace - iteration  218, ( 218,  0,  0), Obj 4.977874E+07, DensityWeight 2.383526E-09, wHPWL 9.069202E+07, Overflow 8.627561E-01, MaxDensity 2.164E+02, gamma 5.466559E+02, time 0.696ms
[INFO   ] DREAMPlace - full step 3.512 ms
[INFO   ] DREAMPlace - optimizer step 2.310 ms
[INFO   ] DREAMPlace - iteration  219, ( 219,  0,  0), Obj 4.952961E+07, DensityWeight 2.452649E-09, wHPWL 9.059000E+07, Overflow 8.618250E-01, MaxDensity 2.063E+02, gamma 5.437348E+02, time 0.669ms
[INFO   ] DREAMPlace - full step 3.449 ms
[INFO   ] DREAMPlace - optimizer step 2.314 ms
[INFO   ] DREAMPlace - iteration  220, ( 220,  0,  0), Obj 4.869639E+07, DensityWeight 2.523776E-09, wHPWL 8.965682E+07, Overflow 8.608842E-01, MaxDensity 2.078E+02, gamma 5.411506E+02, time 0.653ms
[INFO   ] DREAMPlace - full step 3.419 ms
[INFO   ] DREAMPlace - optimizer step 2.377 ms
[INFO   ] DREAMPlace - iteration  221, ( 221,  0,  0), Obj 4.841504E+07, DensityWeight 2.596965E-09, wHPWL 8.944083E+07, Overflow 8.594664E-01, MaxDensity 2.192E+02, gamma 5.385516E+02, time 0.678ms
[INFO   ] DREAMPlace - full step 3.525 ms
[INFO   ] DREAMPlace - optimizer step 2.297 ms
[INFO   ] DREAMPlace - iteration  222, ( 222,  0,  0), Obj 5.470979E+07, DensityWeight 2.672278E-09, wHPWL 8.876307E+07, Overflow 8.584381E-01, MaxDensity 2.306E+02, gamma 5.346587E+02, time 0.673ms
[INFO   ] DREAMPlace - full step 3.424 ms
[INFO   ] DREAMPlace - optimizer step 2.314 ms
[INFO   ] DREAMPlace - iteration  223, ( 223,  0,  0), Obj 5.640624E+07, DensityWeight 2.749774E-09, wHPWL 9.297237E+07, Overflow 8.553827E-01, MaxDensity 2.040E+02, gamma 5.318528E+02, time 0.672ms
[INFO   ] DREAMPlace - full step 3.437 ms
[INFO   ] DREAMPlace - optimizer step 2.320 ms
[INFO   ] DREAMPlace - iteration  224, ( 224,  0,  0), Obj 5.372082E+07, DensityWeight 2.742899E-09, wHPWL 9.192477E+07, Overflow 8.544465E-01, MaxDensity 2.141E+02, gamma 5.236027E+02, time 0.660ms
[INFO   ] DREAMPlace - full step 3.442 ms
[INFO   ] DREAMPlace - optimizer step 2.306 ms
[INFO   ] DREAMPlace - iteration  225, ( 225,  0,  0), Obj 5.434362E+07, DensityWeight 2.822443E-09, wHPWL 9.395955E+07, Overflow 8.522217E-01, MaxDensity 1.880E+02, gamma 5.211003E+02, time 0.680ms
[INFO   ] DREAMPlace - full step 3.442 ms
[INFO   ] DREAMPlace - optimizer step 2.868 ms
[INFO   ] DREAMPlace - iteration  226, ( 226,  0,  0), Obj 5.254712E+07, DensityWeight 2.815387E-09, wHPWL 9.271432E+07, Overflow 8.510597E-01, MaxDensity 1.952E+02, gamma 5.152017E+02, time 0.666ms
[INFO   ] DREAMPlace - full step 3.994 ms
[INFO   ] DREAMPlace - optimizer step 2.315 ms
[INFO   ] DREAMPlace - iteration  227, ( 227,  0,  0), Obj 5.246310E+07, DensityWeight 2.897033E-09, wHPWL 9.309879E+07, Overflow 8.496820E-01, MaxDensity 1.869E+02, gamma 5.121473E+02, time 0.683ms
[INFO   ] DREAMPlace - full step 3.453 ms
[INFO   ] DREAMPlace - optimizer step 2.303 ms
[INFO   ] DREAMPlace - iteration  228, ( 228,  0,  0), Obj 5.137656E+07, DensityWeight 2.889791E-09, wHPWL 9.206741E+07, Overflow 8.488540E-01, MaxDensity 1.896E+02, gamma 5.085499E+02, time 0.673ms
[INFO   ] DREAMPlace - full step 3.426 ms
[INFO   ] DREAMPlace - optimizer step 2.313 ms
[INFO   ] DREAMPlace - iteration  229, ( 229,  0,  0), Obj 5.102300E+07, DensityWeight 2.973595E-09, wHPWL 9.178495E+07, Overflow 8.476719E-01, MaxDensity 1.932E+02, gamma 5.063998E+02, time 0.689ms
[INFO   ] DREAMPlace - full step 3.457 ms
[INFO   ] DREAMPlace - optimizer step 2.307 ms
[INFO   ] DREAMPlace - iteration  230, ( 230,  0,  0), Obj 5.021853E+07, DensityWeight 3.059829E-09, wHPWL 9.082297E+07, Overflow 8.460986E-01, MaxDensity 1.888E+02, gamma 5.033461E+02, time 0.684ms
[INFO   ] DREAMPlace - full step 3.472 ms
[INFO   ] DREAMPlace - optimizer step 2.286 ms
[INFO   ] DREAMPlace - iteration  231, ( 231,  0,  0), Obj 4.983362E+07, DensityWeight 3.148564E-09, wHPWL 9.042523E+07, Overflow 8.449274E-01, MaxDensity 1.949E+02, gamma 4.993102E+02, time 1.912ms
[INFO   ] DREAMPlace - full step 4.666 ms
[INFO   ] DREAMPlace - optimizer step 2.337 ms
[INFO   ] DREAMPlace - iteration  232, ( 232,  0,  0), Obj 5.685457E+07, DensityWeight 3.239873E-09, wHPWL 8.969415E+07, Overflow 8.434939E-01, MaxDensity 1.962E+02, gamma 4.963269E+02, time 1.195ms
[INFO   ] DREAMPlace - full step 3.983 ms
[INFO   ] DREAMPlace - optimizer step 4.460 ms
[INFO   ] DREAMPlace - iteration  233, ( 233,  0,  0), Obj 5.912329E+07, DensityWeight 3.333829E-09, wHPWL 9.433200E+07, Overflow 8.401945E-01, MaxDensity 1.686E+02, gamma 4.926999E+02, time 0.898ms
[INFO   ] DREAMPlace - full step 5.881 ms
[INFO   ] DREAMPlace - optimizer step 2.345 ms
[INFO   ] DREAMPlace - iteration  234, ( 234,  0,  0), Obj 5.592766E+07, DensityWeight 3.325495E-09, wHPWL 9.254398E+07, Overflow 8.399487E-01, MaxDensity 1.746E+02, gamma 4.844515E+02, time 0.711ms
[INFO   ] DREAMPlace - full step 3.528 ms
[INFO   ] DREAMPlace - optimizer step 2.328 ms
[INFO   ] DREAMPlace - iteration  235, ( 235,  0,  0), Obj 5.659439E+07, DensityWeight 3.421934E-09, wHPWL 9.450126E+07, Overflow 8.381435E-01, MaxDensity 1.716E+02, gamma 4.838426E+02, time 0.686ms
[INFO   ] DREAMPlace - full step 3.475 ms
[INFO   ] DREAMPlace - optimizer step 2.311 ms
[INFO   ] DREAMPlace - iteration  236, ( 236,  0,  0), Obj 5.453419E+07, DensityWeight 3.413379E-09, wHPWL 9.286966E+07, Overflow 8.379822E-01, MaxDensity 1.714E+02, gamma 4.793937E+02, time 0.675ms
[INFO   ] DREAMPlace - full step 3.445 ms
[INFO   ] DREAMPlace - optimizer step 2.312 ms
[INFO   ] DREAMPlace - iteration  237, ( 237,  0,  0), Obj 5.447806E+07, DensityWeight 3.512367E-09, wHPWL 9.321910E+07, Overflow 8.369294E-01, MaxDensity 1.659E+02, gamma 4.789985E+02, time 0.670ms
[INFO   ] DREAMPlace - full step 3.436 ms
[INFO   ] DREAMPlace - optimizer step 2.315 ms
[INFO   ] DREAMPlace - iteration  238, ( 238,  0,  0), Obj 5.316964E+07, DensityWeight 3.512641E-09, wHPWL 9.188416E+07, Overflow 8.365945E-01, MaxDensity 1.833E+02, gamma 4.764251E+02, time 0.659ms
[INFO   ] DREAMPlace - full step 3.429 ms
[INFO   ] DREAMPlace - optimizer step 2.326 ms
[INFO   ] DREAMPlace - iteration  239, ( 239,  0,  0), Obj 5.276810E+07, DensityWeight 3.614508E-09, wHPWL 9.149776E+07, Overflow 8.366984E-01, MaxDensity 1.894E+02, gamma 4.756093E+02, time 0.666ms
[INFO   ] DREAMPlace - full step 3.423 ms
[INFO   ] DREAMPlace - plotting to gammalocal_results/nshuf/adaptec2/plot/iter0240.png takes 1.983 seconds
[INFO   ] DREAMPlace - optimizer step 4.215 ms
[INFO   ] DREAMPlace - iteration  240, ( 240,  0,  0), Obj 5.181336E+07, DensityWeight 3.719329E-09, wHPWL 9.033398E+07, Overflow 8.358648E-01, MaxDensity 2.071E+02, gamma 4.758621E+02, time 0.665ms
[INFO   ] DREAMPlace - full step 1989.491 ms
[INFO   ] DREAMPlace - optimizer step 2.374 ms
[INFO   ] DREAMPlace - iteration  241, ( 241,  0,  0), Obj 5.149084E+07, DensityWeight 3.827189E-09, wHPWL 8.996946E+07, Overflow 8.354670E-01, MaxDensity 1.893E+02, gamma 4.738365E+02, time 0.745ms
[INFO   ] DREAMPlace - full step 3.701 ms
[INFO   ] DREAMPlace - optimizer step 2.326 ms
[INFO   ] DREAMPlace - iteration  242, ( 242,  0,  0), Obj 5.862590E+07, DensityWeight 3.938178E-09, wHPWL 8.901530E+07, Overflow 8.352765E-01, MaxDensity 2.070E+02, gamma 4.728733E+02, time 0.697ms
[INFO   ] DREAMPlace - full step 3.502 ms
[INFO   ] DREAMPlace - optimizer step 2.297 ms
[INFO   ] DREAMPlace - iteration  243, ( 243,  0,  0), Obj 6.068268E+07, DensityWeight 4.052385E-09, wHPWL 9.302113E+07, Overflow 8.339177E-01, MaxDensity 1.812E+02, gamma 4.724126E+02, time 0.665ms
[INFO   ] DREAMPlace - full step 3.433 ms
[INFO   ] DREAMPlace - optimizer step 2.251 ms
[INFO   ] DREAMPlace - iteration  244, ( 244,  0,  0), Obj 5.759580E+07, DensityWeight 4.042254E-09, wHPWL 9.135878E+07, Overflow 8.336986E-01, MaxDensity 1.906E+02, gamma 4.691394E+02, time 0.664ms
[INFO   ] DREAMPlace - full step 3.390 ms
[INFO   ] DREAMPlace - optimizer step 2.251 ms
[INFO   ] DREAMPlace - iteration  245, ( 245,  0,  0), Obj 5.796670E+07, DensityWeight 4.159479E-09, wHPWL 9.286624E+07, Overflow 8.322930E-01, MaxDensity 1.843E+02, gamma 4.686136E+02, time 0.670ms
[INFO   ] DREAMPlace - full step 3.384 ms
[INFO   ] DREAMPlace - optimizer step 2.346 ms
[INFO   ] DREAMPlace - iteration  246, ( 246,  0,  0), Obj 5.600300E+07, DensityWeight 4.149081E-09, wHPWL 9.150970E+07, Overflow 8.317366E-01, MaxDensity 1.881E+02, gamma 4.652555E+02, time 0.661ms
[INFO   ] DREAMPlace - full step 3.483 ms
[INFO   ] DREAMPlace - optimizer step 2.257 ms
[INFO   ] DREAMPlace - iteration  247, ( 247,  0,  0), Obj 5.577634E+07, DensityWeight 4.269404E-09, wHPWL 9.171555E+07, Overflow 8.308257E-01, MaxDensity 1.856E+02, gamma 4.639326E+02, time 0.652ms
[INFO   ] DREAMPlace - full step 3.376 ms
[INFO   ] DREAMPlace - optimizer step 2.372 ms
[INFO   ] DREAMPlace - iteration  248, ( 248,  0,  0), Obj 5.446383E+07, DensityWeight 4.356060E-09, wHPWL 9.046459E+07, Overflow 8.299766E-01, MaxDensity 2.041E+02, gamma 4.617753E+02, time 0.735ms
[INFO   ] DREAMPlace - full step 3.604 ms
[INFO   ] DREAMPlace - optimizer step 2.311 ms
[INFO   ] DREAMPlace - iteration  249, ( 249,  0,  0), Obj 5.409384E+07, DensityWeight 4.482386E-09, wHPWL 9.016479E+07, Overflow 8.286762E-01, MaxDensity 1.998E+02, gamma 4.597734E+02, time 0.702ms
[INFO   ] DREAMPlace - full step 3.509 ms
[INFO   ] DREAMPlace - optimizer step 2.299 ms
[INFO   ] DREAMPlace - iteration  250, ( 250,  0,  0), Obj 5.313424E+07, DensityWeight 4.612375E-09, wHPWL 8.906567E+07, Overflow 8.280025E-01, MaxDensity 2.056E+02, gamma 4.567243E+02, time 0.675ms
[INFO   ] DREAMPlace - full step 3.442 ms
[INFO   ] DREAMPlace - optimizer step 2.343 ms
[INFO   ] DREAMPlace - iteration  251, ( 251,  0,  0), Obj 5.264777E+07, DensityWeight 4.746135E-09, wHPWL 8.849078E+07, Overflow 8.266013E-01, MaxDensity 2.150E+02, gamma 4.551524E+02, time 0.670ms
[INFO   ] DREAMPlace - full step 3.491 ms
[INFO   ] DREAMPlace - optimizer step 2.287 ms
[INFO   ] DREAMPlace - iteration  252, ( 252,  0,  0), Obj 5.713115E+07, DensityWeight 4.883772E-09, wHPWL 8.760041E+07, Overflow 8.248587E-01, MaxDensity 2.210E+02, gamma 4.519008E+02, time 0.667ms
[INFO   ] DREAMPlace - full step 3.433 ms
[INFO   ] DREAMPlace - optimizer step 2.318 ms
[INFO   ] DREAMPlace - iteration  253, ( 253,  0,  0), Obj 5.853112E+07, DensityWeight 5.025402E-09, wHPWL 9.078490E+07, Overflow 8.211983E-01, MaxDensity 1.955E+02, gamma 4.478893E+02, time 0.691ms
[INFO   ] DREAMPlace - full step 3.484 ms
[INFO   ] DREAMPlace - optimizer step 2.289 ms
[INFO   ] DREAMPlace - iteration  254, ( 254,  0,  0), Obj 5.607848E+07, DensityWeight 5.012839E-09, wHPWL 8.982606E+07, Overflow 8.187811E-01, MaxDensity 1.944E+02, gamma 4.395785E+02, time 0.664ms
[INFO   ] DREAMPlace - full step 3.434 ms
[INFO   ] DREAMPlace - optimizer step 2.281 ms
[INFO   ] DREAMPlace - iteration  255, ( 255,  0,  0), Obj 5.636614E+07, DensityWeight 5.158211E-09, wHPWL 9.119832E+07, Overflow 8.166264E-01, MaxDensity 1.888E+02, gamma 4.341750E+02, time 0.686ms
[INFO   ] DREAMPlace - full step 3.439 ms
[INFO   ] DREAMPlace - optimizer step 2.300 ms
[INFO   ] DREAMPlace - iteration  256, ( 256,  0,  0), Obj 5.467677E+07, DensityWeight 5.145315E-09, wHPWL 9.010062E+07, Overflow 8.158213E-01, MaxDensity 1.934E+02, gamma 4.294146E+02, time 0.675ms
[INFO   ] DREAMPlace - full step 3.443 ms
[INFO   ] DREAMPlace - optimizer step 2.264 ms
[INFO   ] DREAMPlace - iteration  257, ( 257,  0,  0), Obj 5.454020E+07, DensityWeight 5.294530E-09, wHPWL 9.032669E+07, Overflow 8.147703E-01, MaxDensity 1.903E+02, gamma 4.276493E+02, time 0.677ms
[INFO   ] DREAMPlace - full step 3.408 ms
[INFO   ] DREAMPlace - optimizer step 2.286 ms
[INFO   ] DREAMPlace - iteration  258, ( 258,  0,  0), Obj 5.339120E+07, DensityWeight 5.386797E-09, wHPWL 8.923421E+07, Overflow 8.149965E-01, MaxDensity 2.043E+02, gamma 4.253555E+02, time 0.694ms
[INFO   ] DREAMPlace - full step 3.418 ms
[INFO   ] DREAMPlace - optimizer step 2.287 ms
[INFO   ] DREAMPlace - iteration  259, ( 259,  0,  0), Obj 5.295382E+07, DensityWeight 5.543014E-09, wHPWL 8.884650E+07, Overflow 8.137965E-01, MaxDensity 2.086E+02, gamma 4.258481E+02, time 0.681ms
[INFO   ] DREAMPlace - full step 3.422 ms
[INFO   ] DREAMPlace - optimizer step 2.298 ms
[INFO   ] DREAMPlace - iteration  260, ( 260,  0,  0), Obj 5.219788E+07, DensityWeight 5.703762E-09, wHPWL 8.799526E+07, Overflow 8.135194E-01, MaxDensity 2.201E+02, gamma 4.232414E+02, time 1.131ms
[INFO   ] DREAMPlace - full step 3.891 ms
[INFO   ] DREAMPlace - optimizer step 2.292 ms
[INFO   ] DREAMPlace - iteration  261, ( 261,  0,  0), Obj 5.169652E+07, DensityWeight 5.869171E-09, wHPWL 8.741118E+07, Overflow 8.129138E-01, MaxDensity 2.190E+02, gamma 4.226416E+02, time 0.677ms
[INFO   ] DREAMPlace - full step 3.459 ms
[INFO   ] DREAMPlace - optimizer step 2.293 ms
[INFO   ] DREAMPlace - iteration  262, ( 262,  0,  0), Obj 5.874792E+07, DensityWeight 6.039377E-09, wHPWL 8.665722E+07, Overflow 8.132536E-01, MaxDensity 2.215E+02, gamma 4.213341E+02, time 0.736ms
[INFO   ] DREAMPlace - full step 3.476 ms
[INFO   ] DREAMPlace - optimizer step 2.385 ms
[INFO   ] DREAMPlace - iteration  263, ( 263,  0,  0), Obj 6.077596E+07, DensityWeight 6.214520E-09, wHPWL 9.038743E+07, Overflow 8.108630E-01, MaxDensity 2.022E+02, gamma 4.220671E+02, time 0.717ms
[INFO   ] DREAMPlace - full step 3.587 ms
[INFO   ] DREAMPlace - optimizer step 2.278 ms
[INFO   ] DREAMPlace - iteration  264, ( 264,  0,  0), Obj 5.765228E+07, DensityWeight 6.198983E-09, wHPWL 8.851688E+07, Overflow 8.114285E-01, MaxDensity 2.088E+02, gamma 4.169355E+02, time 0.684ms
[INFO   ] DREAMPlace - full step 3.407 ms
[INFO   ] DREAMPlace - optimizer step 2.272 ms
[INFO   ] DREAMPlace - iteration  265, ( 265,  0,  0), Obj 5.804799E+07, DensityWeight 6.378754E-09, wHPWL 8.998160E+07, Overflow 8.105941E-01, MaxDensity 1.987E+02, gamma 4.181439E+02, time 0.680ms
[INFO   ] DREAMPlace - full step 3.451 ms
[INFO   ] DREAMPlace - optimizer step 2.278 ms
[INFO   ] DREAMPlace - iteration  266, ( 266,  0,  0), Obj 5.609170E+07, DensityWeight 6.362807E-09, wHPWL 8.851706E+07, Overflow 8.116663E-01, MaxDensity 2.168E+02, gamma 4.163625E+02, time 0.671ms
[INFO   ] DREAMPlace - full step 3.383 ms
[INFO   ] DREAMPlace - optimizer step 2.276 ms
[INFO   ] DREAMPlace - iteration  267, ( 267,  0,  0), Obj 5.587144E+07, DensityWeight 6.547328E-09, wHPWL 8.868104E+07, Overflow 8.117094E-01, MaxDensity 2.030E+02, gamma 4.186529E+02, time 0.675ms
[INFO   ] DREAMPlace - full step 3.396 ms
[INFO   ] DREAMPlace - optimizer step 2.248 ms
[INFO   ] DREAMPlace - iteration  268, ( 268,  0,  0), Obj 5.458540E+07, DensityWeight 6.719326E-09, wHPWL 8.745746E+07, Overflow 8.129463E-01, MaxDensity 2.204E+02, gamma 4.187455E+02, time 0.670ms
[INFO   ] DREAMPlace - full step 3.358 ms
[INFO   ] DREAMPlace - optimizer step 2.253 ms
[INFO   ] DREAMPlace - iteration  269, ( 269,  0,  0), Obj 5.412550E+07, DensityWeight 6.914186E-09, wHPWL 8.699752E+07, Overflow 8.133668E-01, MaxDensity 2.185E+02, gamma 4.214041E+02, time 0.659ms
[INFO   ] DREAMPlace - full step 3.345 ms
[INFO   ] DREAMPlace - optimizer step 2.259 ms
[INFO   ] DREAMPlace - iteration  270, ( 270,  0,  0), Obj 5.320564E+07, DensityWeight 7.114698E-09, wHPWL 8.595935E+07, Overflow 8.145239E-01, MaxDensity 2.288E+02, gamma 4.223116E+02, time 0.673ms
[INFO   ] DREAMPlace - full step 3.381 ms
[INFO   ] DREAMPlace - optimizer step 2.249 ms
[INFO   ] DREAMPlace - iteration  271, ( 271,  0,  0), Obj 5.273890E+07, DensityWeight 7.321024E-09, wHPWL 8.538176E+07, Overflow 8.148789E-01, MaxDensity 2.330E+02, gamma 4.248195E+02, time 0.676ms
[INFO   ] DREAMPlace - full step 3.374 ms
[INFO   ] DREAMPlace - optimizer step 2.248 ms
[INFO   ] DREAMPlace - iteration  272, ( 272,  0,  0), Obj 5.710012E+07, DensityWeight 7.533334E-09, wHPWL 8.443845E+07, Overflow 8.165393E-01, MaxDensity 2.558E+02, gamma 4.255919E+02, time 0.658ms
[INFO   ] DREAMPlace - full step 3.346 ms
[INFO   ] DREAMPlace - optimizer step 2.258 ms
[INFO   ] DREAMPlace - iteration  273, ( 273,  0,  0), Obj 5.845887E+07, DensityWeight 7.751801E-09, wHPWL 8.738065E+07, Overflow 8.152108E-01, MaxDensity 2.204E+02, gamma 4.292232E+02, time 0.676ms
[INFO   ] DREAMPlace - full step 3.370 ms
[INFO   ] DREAMPlace - optimizer step 2.217 ms
[INFO   ] DREAMPlace - iteration  274, ( 274,  0,  0), Obj 5.594415E+07, DensityWeight 7.732421E-09, wHPWL 8.626060E+07, Overflow 8.161902E-01, MaxDensity 2.274E+02, gamma 4.263151E+02, time 0.662ms
[INFO   ] DREAMPlace - full step 3.322 ms
[INFO   ] DREAMPlace - optimizer step 2.253 ms
[INFO   ] DREAMPlace - iteration  275, ( 275,  0,  0), Obj 5.615877E+07, DensityWeight 7.956661E-09, wHPWL 8.753160E+07, Overflow 8.160419E-01, MaxDensity 2.248E+02, gamma 4.284570E+02, time 0.670ms
[INFO   ] DREAMPlace - full step 3.367 ms
[INFO   ] DREAMPlace - optimizer step 2.396 ms
[INFO   ] DREAMPlace - iteration  276, ( 276,  0,  0), Obj 5.456181E+07, DensityWeight 7.936769E-09, wHPWL 8.659590E+07, Overflow 8.163666E-01, MaxDensity 2.488E+02, gamma 4.281321E+02, time 0.664ms
[INFO   ] DREAMPlace - full step 3.498 ms
[INFO   ] DREAMPlace - optimizer step 15.734 ms
[INFO   ] DREAMPlace - iteration  277, ( 277,  0,  0), Obj 5.431436E+07, DensityWeight 8.166936E-09, wHPWL 8.675296E+07, Overflow 8.166142E-01, MaxDensity 2.207E+02, gamma 4.288439E+02, time 7.859ms
[INFO   ] DREAMPlace - full step 24.045 ms
[INFO   ] DREAMPlace - optimizer step 5.527 ms
[INFO   ] DREAMPlace - iteration  278, ( 278,  0,  0), Obj 5.314711E+07, DensityWeight 8.389577E-09, wHPWL 8.570823E+07, Overflow 8.173838E-01, MaxDensity 2.384E+02, gamma 4.293877E+02, time 6.822ms
[INFO   ] DREAMPlace - full step 12.797 ms
[INFO   ] DREAMPlace - optimizer step 4.098 ms
[INFO   ] DREAMPlace - iteration  279, ( 279,  0,  0), Obj 5.275636E+07, DensityWeight 8.632875E-09, wHPWL 8.539938E+07, Overflow 8.178455E-01, MaxDensity 2.387E+02, gamma 4.310819E+02, time 0.678ms
[INFO   ] DREAMPlace - full step 5.229 ms
[INFO   ] DREAMPlace - plotting to gammalocal_results/nshuf/adaptec2/plot/iter0280.png takes 1.951 seconds
[INFO   ] DREAMPlace - optimizer step 11.761 ms
[INFO   ] DREAMPlace - iteration  280, ( 280,  0,  0), Obj 5.187235E+07, DensityWeight 8.883228E-09, wHPWL 8.441851E+07, Overflow 8.190010E-01, MaxDensity 2.458E+02, gamma 4.321014E+02, time 14.646ms
[INFO   ] DREAMPlace - full step 1978.682 ms
[INFO   ] DREAMPlace - optimizer step 4.831 ms
[INFO   ] DREAMPlace - iteration  281, ( 281,  0,  0), Obj 5.143736E+07, DensityWeight 9.140843E-09, wHPWL 8.390279E+07, Overflow 8.194235E-01, MaxDensity 2.357E+02, gamma 4.346638E+02, time 0.719ms
[INFO   ] DREAMPlace - full step 6.064 ms
[INFO   ] DREAMPlace - optimizer step 2.321 ms
[INFO   ] DREAMPlace - iteration  282, ( 282,  0,  0), Obj 5.617072E+07, DensityWeight 9.405928E-09, wHPWL 8.305899E+07, Overflow 8.195891E-01, MaxDensity 2.636E+02, gamma 4.356046E+02, time 0.682ms
[INFO   ] DREAMPlace - full step 3.458 ms
[INFO   ] DREAMPlace - optimizer step 2.415 ms
[INFO   ] DREAMPlace - iteration  283, ( 283,  0,  0), Obj 5.719093E+07, DensityWeight 9.678700E-09, wHPWL 8.567525E+07, Overflow 8.186939E-01, MaxDensity 2.191E+02, gamma 4.359738E+02, time 0.690ms
[INFO   ] DREAMPlace - full step 3.552 ms
[INFO   ] DREAMPlace - optimizer step 3.368 ms
[INFO   ] DREAMPlace - iteration  284, ( 284,  0,  0), Obj 5.484680E+07, DensityWeight 9.654502E-09, wHPWL 8.475346E+07, Overflow 8.192389E-01, MaxDensity 2.352E+02, gamma 4.339813E+02, time 0.687ms
[INFO   ] DREAMPlace - full step 4.498 ms
[INFO   ] DREAMPlace - optimizer step 2.317 ms
[INFO   ] DREAMPlace - iteration  285, ( 285,  0,  0), Obj 5.493346E+07, DensityWeight 9.934483E-09, wHPWL 8.594630E+07, Overflow 8.181129E-01, MaxDensity 2.239E+02, gamma 4.351933E+02, time 0.682ms
[INFO   ] DREAMPlace - full step 3.441 ms
[INFO   ] DREAMPlace - optimizer step 6.422 ms
[INFO   ] DREAMPlace - iteration  286, ( 286,  0,  0), Obj 5.332134E+07, DensityWeight 9.909646E-09, wHPWL 8.502201E+07, Overflow 8.185056E-01, MaxDensity 2.066E+02, gamma 4.326931E+02, time 0.681ms
[INFO   ] DREAMPlace - full step 7.542 ms
[INFO   ] DREAMPlace - optimizer step 2.349 ms
[INFO   ] DREAMPlace - iteration  287, ( 287,  0,  0), Obj 5.299794E+07, DensityWeight 1.019703E-08, wHPWL 8.516455E+07, Overflow 8.182838E-01, MaxDensity 2.140E+02, gamma 4.335635E+02, time 0.685ms
[INFO   ] DREAMPlace - full step 3.474 ms
[INFO   ] DREAMPlace - optimizer step 2.783 ms
[INFO   ] DREAMPlace - iteration  288, ( 288,  0,  0), Obj 5.197990E+07, DensityWeight 1.049622E-08, wHPWL 8.436887E+07, Overflow 8.186952E-01, MaxDensity 2.367E+02, gamma 4.330717E+02, time 1.773ms
[INFO   ] DREAMPlace - full step 5.002 ms
[INFO   ] DREAMPlace - optimizer step 4.010 ms
[INFO   ] DREAMPlace - iteration  289, ( 289,  0,  0), Obj 5.145562E+07, DensityWeight 1.080061E-08, wHPWL 8.395763E+07, Overflow 8.185630E-01, MaxDensity 2.281E+02, gamma 4.339844E+02, time 0.673ms
[INFO   ] DREAMPlace - full step 5.145 ms
[INFO   ] DREAMPlace - optimizer step 2.328 ms
[INFO   ] DREAMPlace - iteration  290, ( 290,  0,  0), Obj 5.072998E+07, DensityWeight 1.111383E-08, wHPWL 8.316867E+07, Overflow 8.189386E-01, MaxDensity 2.255E+02, gamma 4.336910E+02, time 0.683ms
[INFO   ] DREAMPlace - full step 3.453 ms
[INFO   ] DREAMPlace - optimizer step 2.289 ms
[INFO   ] DREAMPlace - iteration  291, ( 291,  0,  0), Obj 5.020106E+07, DensityWeight 1.143613E-08, wHPWL 8.261770E+07, Overflow 8.188339E-01, MaxDensity 2.343E+02, gamma 4.345251E+02, time 0.685ms
[INFO   ] DREAMPlace - full step 3.416 ms
[INFO   ] DREAMPlace - optimizer step 2.298 ms
[INFO   ] DREAMPlace - iteration  292, ( 292,  0,  0), Obj 5.543668E+07, DensityWeight 1.176778E-08, wHPWL 8.193612E+07, Overflow 8.186970E-01, MaxDensity 2.460E+02, gamma 4.342924E+02, time 0.679ms
[INFO   ] DREAMPlace - full step 3.417 ms
[INFO   ] DREAMPlace - optimizer step 2.293 ms
[INFO   ] DREAMPlace - iteration  293, ( 293,  0,  0), Obj 5.585955E+07, DensityWeight 1.210905E-08, wHPWL 8.381090E+07, Overflow 8.172680E-01, MaxDensity 2.259E+02, gamma 4.339883E+02, time 0.673ms
[INFO   ] DREAMPlace - full step 3.402 ms
[INFO   ] DREAMPlace - optimizer step 2.275 ms
[INFO   ] DREAMPlace - iteration  294, ( 294,  0,  0), Obj 5.402688E+07, DensityWeight 1.207878E-08, wHPWL 8.349868E+07, Overflow 8.170555E-01, MaxDensity 2.138E+02, gamma 4.308265E+02, time 0.685ms
[INFO   ] DREAMPlace - full step 3.399 ms
[INFO   ] DREAMPlace - optimizer step 17.614 ms
[INFO   ] DREAMPlace - iteration  295, ( 295,  0,  0), Obj 5.389400E+07, DensityWeight 1.242906E-08, wHPWL 8.451002E+07, Overflow 8.159068E-01, MaxDensity 1.974E+02, gamma 4.303582E+02, time 24.347ms
[INFO   ] DREAMPlace - full step 42.415 ms
[INFO   ] DREAMPlace - optimizer step 9.123 ms
[INFO   ] DREAMPlace - iteration  296, ( 296,  0,  0), Obj 5.256084E+07, DensityWeight 1.239799E-08, wHPWL 8.398559E+07, Overflow 8.157890E-01, MaxDensity 1.983E+02, gamma 4.278362E+02, time 40.990ms
[INFO   ] DREAMPlace - full step 50.569 ms
[INFO   ] DREAMPlace - optimizer step 12.591 ms
[INFO   ] DREAMPlace - iteration  297, ( 297,  0,  0), Obj 5.216968E+07, DensityWeight 1.275753E-08, wHPWL 8.411337E+07, Overflow 8.145953E-01, MaxDensity 1.986E+02, gamma 4.275786E+02, time 9.342ms
[INFO   ] DREAMPlace - full step 22.405 ms
[INFO   ] DREAMPlace - optimizer step 2.318 ms
[INFO   ] DREAMPlace - iteration  298, ( 298,  0,  0), Obj 5.126228E+07, DensityWeight 1.315892E-08, wHPWL 8.346434E+07, Overflow 8.143007E-01, MaxDensity 2.044E+02, gamma 4.249748E+02, time 0.690ms
[INFO   ] DREAMPlace - full step 3.488 ms
[INFO   ] DREAMPlace - optimizer step 2.313 ms
[INFO   ] DREAMPlace - iteration  299, ( 299,  0,  0), Obj 5.078260E+07, DensityWeight 1.354053E-08, wHPWL 8.310914E+07, Overflow 8.139901E-01, MaxDensity 1.953E+02, gamma 4.243345E+02, time 0.687ms
[INFO   ] DREAMPlace - full step 3.453 ms
[INFO   ] DREAMPlace - optimizer step 2.319 ms
[INFO   ] DREAMPlace - iteration  300, ( 300,  0,  0), Obj 5.009810E+07, DensityWeight 1.393320E-08, wHPWL 8.244110E+07, Overflow 8.139434E-01, MaxDensity 2.002E+02, gamma 4.236609E+02, time 0.684ms
[INFO   ] DREAMPlace - full step 3.475 ms
[INFO   ] DREAMPlace - gamma_local: mean(coef_net)/coef = 0.978 (norm=gamma, applied ratio 1.000)
[INFO   ] DREAMPlace - optimizer step 2.999 ms
[INFO   ] DREAMPlace - iteration  301, ( 301,  0,  0), Obj 4.963922E+07, DensityWeight 1.433727E-08, wHPWL 8.198466E+07, Overflow 8.131701E-01, MaxDensity 1.996E+02, gamma 4.235595E+02, time 0.737ms
[INFO   ] DREAMPlace - full step 4.282 ms
[INFO   ] DREAMPlace - optimizer step 3.101 ms
[INFO   ] DREAMPlace - iteration  302, ( 302,  0,  0), Obj 5.405078E+07, DensityWeight 1.475305E-08, wHPWL 8.142096E+07, Overflow 8.133103E-01, MaxDensity 2.061E+02, gamma 4.218869E+02, time 0.899ms
[INFO   ] DREAMPlace - full step 4.643 ms
[INFO   ] DREAMPlace - optimizer step 3.096 ms
[INFO   ] DREAMPlace - iteration  303, ( 303,  0,  0), Obj 5.441299E+07, DensityWeight 1.518089E-08, wHPWL 8.337498E+07, Overflow 8.108823E-01, MaxDensity 1.682E+02, gamma 4.221897E+02, time 0.893ms
[INFO   ] DREAMPlace - full step 4.631 ms
[INFO   ] DREAMPlace - optimizer step 3.098 ms
[INFO   ] DREAMPlace - iteration  304, ( 304,  0,  0), Obj 5.280458E+07, DensityWeight 1.514293E-08, wHPWL 8.324666E+07, Overflow 8.105679E-01, MaxDensity 1.713E+02, gamma 4.169768E+02, time 0.984ms
[INFO   ] DREAMPlace - full step 4.775 ms
[INFO   ] DREAMPlace - optimizer step 3.069 ms
[INFO   ] DREAMPlace - iteration  305, ( 305,  0,  0), Obj 5.269473E+07, DensityWeight 1.558208E-08, wHPWL 8.427117E+07, Overflow 8.083524E-01, MaxDensity 1.547E+02, gamma 4.163067E+02, time 0.883ms
[INFO   ] DREAMPlace - full step 4.631 ms
[INFO   ] DREAMPlace - optimizer step 3.059 ms
[INFO   ] DREAMPlace - iteration  306, ( 306,  0,  0), Obj 5.154582E+07, DensityWeight 1.554312E-08, wHPWL 8.389424E+07, Overflow 8.071923E-01, MaxDensity 1.515E+02, gamma 4.116138E+02, time 0.903ms
[INFO   ] DREAMPlace - full step 4.646 ms
[INFO   ] DREAMPlace - optimizer step 3.090 ms
[INFO   ] DREAMPlace - iteration  307, ( 307,  0,  0), Obj 5.129831E+07, DensityWeight 1.599387E-08, wHPWL 8.416235E+07, Overflow 8.053457E-01, MaxDensity 1.552E+02, gamma 4.091779E+02, time 0.933ms
[INFO   ] DREAMPlace - full step 4.689 ms
[INFO   ] DREAMPlace - optimizer step 2.844 ms
[INFO   ] DREAMPlace - iteration  308, ( 308,  0,  0), Obj 5.052646E+07, DensityWeight 1.617749E-08, wHPWL 8.368298E+07, Overflow 8.039193E-01, MaxDensity 1.564E+02, gamma 4.053298E+02, time 0.817ms
[INFO   ] DREAMPlace - full step 4.284 ms
[INFO   ] DREAMPlace - optimizer step 2.956 ms
[INFO   ] DREAMPlace - iteration  309, ( 309,  0,  0), Obj 5.016009E+07, DensityWeight 1.664664E-08, wHPWL 8.349960E+07, Overflow 8.024638E-01, MaxDensity 1.609E+02, gamma 4.023822E+02, time 0.793ms
[INFO   ] DREAMPlace - full step 4.359 ms
[INFO   ] DREAMPlace - optimizer step 3.020 ms
[INFO   ] DREAMPlace - iteration  310, ( 310,  0,  0), Obj 4.955670E+07, DensityWeight 1.712940E-08, wHPWL 8.294541E+07, Overflow 8.006513E-01, MaxDensity 1.552E+02, gamma 3.993964E+02, time 0.816ms
[INFO   ] DREAMPlace - full step 4.441 ms
[INFO   ] DREAMPlace - optimizer step 2.869 ms
[INFO   ] DREAMPlace - iteration  311, ( 311,  0,  0), Obj 4.922928E+07, DensityWeight 1.762615E-08, wHPWL 8.268347E+07, Overflow 7.996663E-01, MaxDensity 1.615E+02, gamma 3.957094E+02, time 0.861ms
[INFO   ] DREAMPlace - full step 4.362 ms
[INFO   ] DREAMPlace - optimizer step 2.663 ms
[INFO   ] DREAMPlace - iteration  312, ( 312,  0,  0), Obj 5.575866E+07, DensityWeight 1.813731E-08, wHPWL 8.215677E+07, Overflow 7.980183E-01, MaxDensity 1.507E+02, gamma 3.937201E+02, time 0.766ms
[INFO   ] DREAMPlace - full step 4.008 ms
[INFO   ] DREAMPlace - optimizer step 2.752 ms
[INFO   ] DREAMPlace - iteration  313, ( 313,  0,  0), Obj 5.676704E+07, DensityWeight 1.866329E-08, wHPWL 8.488939E+07, Overflow 7.953373E-01, MaxDensity 1.398E+02, gamma 3.904141E+02, time 0.809ms
[INFO   ] DREAMPlace - full step 4.156 ms
[INFO   ] DREAMPlace - optimizer step 2.808 ms
[INFO   ] DREAMPlace - iteration  314, ( 314,  0,  0), Obj 5.459828E+07, DensityWeight 1.861663E-08, wHPWL 8.400506E+07, Overflow 7.950621E-01, MaxDensity 1.356E+02, gamma 3.850948E+02, time 0.828ms
[INFO   ] DREAMPlace - full step 4.266 ms
[INFO   ] DREAMPlace - optimizer step 2.814 ms
[INFO   ] DREAMPlace - iteration  315, ( 315,  0,  0), Obj 5.470744E+07, DensityWeight 1.915651E-08, wHPWL 8.522000E+07, Overflow 7.931361E-01, MaxDensity 1.342E+02, gamma 3.845529E+02, time 0.821ms
[INFO   ] DREAMPlace - full step 4.243 ms
[INFO   ] DREAMPlace - optimizer step 2.892 ms
[INFO   ] DREAMPlace - iteration  316, ( 316,  0,  0), Obj 5.337165E+07, DensityWeight 1.910862E-08, wHPWL 8.451568E+07, Overflow 7.934610E-01, MaxDensity 1.382E+02, gamma 3.807816E+02, time 0.836ms
[INFO   ] DREAMPlace - full step 4.307 ms
[INFO   ] DREAMPlace - optimizer step 2.916 ms
[INFO   ] DREAMPlace - iteration  317, ( 317,  0,  0), Obj 5.307687E+07, DensityWeight 1.966277E-08, wHPWL 8.471489E+07, Overflow 7.908762E-01, MaxDensity 1.315E+02, gamma 3.814153E+02, time 0.820ms
[INFO   ] DREAMPlace - full step 4.367 ms
[INFO   ] DREAMPlace - optimizer step 2.894 ms
[INFO   ] DREAMPlace - iteration  318, ( 318,  0,  0), Obj 5.221722E+07, DensityWeight 2.008047E-08, wHPWL 8.403871E+07, Overflow 7.895909E-01, MaxDensity 1.359E+02, gamma 3.764039E+02, time 0.872ms
[INFO   ] DREAMPlace - full step 4.400 ms
[INFO   ] DREAMPlace - optimizer step 3.321 ms
[INFO   ] DREAMPlace - iteration  319, ( 319,  0,  0), Obj 5.182855E+07, DensityWeight 2.066280E-08, wHPWL 8.382355E+07, Overflow 7.880797E-01, MaxDensity 1.400E+02, gamma 3.739365E+02, time 9.207ms
[INFO   ] DREAMPlace - full step 13.142 ms
[INFO   ] DREAMPlace - plotting to gammalocal_results/nshuf/adaptec2/plot/iter0320.png takes 2.026 seconds
[INFO   ] DREAMPlace - optimizer step 4.379 ms
[INFO   ] DREAMPlace - iteration  320, ( 320,  0,  0), Obj 5.118400E+07, DensityWeight 2.126202E-08, wHPWL 8.314898E+07, Overflow 7.865356E-01, MaxDensity 1.389E+02, gamma 3.710562E+02, time 0.823ms
[INFO   ] DREAMPlace - full step 2033.849 ms
[INFO   ] DREAMPlace - optimizer step 2.384 ms
[INFO   ] DREAMPlace - iteration  321, ( 321,  0,  0), Obj 5.085250E+07, DensityWeight 2.187862E-08, wHPWL 8.286692E+07, Overflow 7.847912E-01, MaxDensity 1.388E+02, gamma 3.681359E+02, time 0.732ms
[INFO   ] DREAMPlace - full step 3.701 ms
[INFO   ] DREAMPlace - optimizer step 2.295 ms
[INFO   ] DREAMPlace - iteration  322, ( 322,  0,  0), Obj 5.503561E+07, DensityWeight 2.251310E-08, wHPWL 8.228974E+07, Overflow 7.833934E-01, MaxDensity 1.409E+02, gamma 3.648647E+02, time 0.669ms
[INFO   ] DREAMPlace - full step 3.439 ms
[INFO   ] DREAMPlace - optimizer step 2.998 ms
[INFO   ] DREAMPlace - iteration  323, ( 323,  0,  0), Obj 5.603892E+07, DensityWeight 2.316598E-08, wHPWL 8.517787E+07, Overflow 7.795599E-01, MaxDensity 1.325E+02, gamma 3.622643E+02, time 0.703ms
[INFO   ] DREAMPlace - full step 4.187 ms
[INFO   ] DREAMPlace - optimizer step 2.593 ms
[INFO   ] DREAMPlace - iteration  324, ( 324,  0,  0), Obj 5.412940E+07, DensityWeight 2.310807E-08, wHPWL 8.465166E+07, Overflow 7.782905E-01, MaxDensity 1.361E+02, gamma 3.552277E+02, time 2.960ms
[INFO   ] DREAMPlace - full step 6.017 ms
[INFO   ] DREAMPlace - optimizer step 2.307 ms
[INFO   ] DREAMPlace - iteration  325, ( 325,  0,  0), Obj 5.439266E+07, DensityWeight 2.377820E-08, wHPWL 8.599658E+07, Overflow 7.754794E-01, MaxDensity 1.288E+02, gamma 3.529277E+02, time 0.951ms
[INFO   ] DREAMPlace - full step 3.722 ms
[INFO   ] DREAMPlace - optimizer step 2.318 ms
[INFO   ] DREAMPlace - iteration  326, ( 326,  0,  0), Obj 5.317178E+07, DensityWeight 2.371875E-08, wHPWL 8.531993E+07, Overflow 7.732367E-01, MaxDensity 1.287E+02, gamma 3.478875E+02, time 0.693ms
[INFO   ] DREAMPlace - full step 3.474 ms
[INFO   ] DREAMPlace - optimizer step 2.272 ms
[INFO   ] DREAMPlace - iteration  327, ( 327,  0,  0), Obj 5.305387E+07, DensityWeight 2.440660E-08, wHPWL 8.556619E+07, Overflow 7.709609E-01, MaxDensity 1.282E+02, gamma 3.439181E+02, time 1.045ms
[INFO   ] DREAMPlace - full step 3.783 ms
[INFO   ] DREAMPlace - optimizer step 2.285 ms
[INFO   ] DREAMPlace - iteration  328, ( 328,  0,  0), Obj 5.225730E+07, DensityWeight 2.476211E-08, wHPWL 8.486429E+07, Overflow 7.693150E-01, MaxDensity 1.217E+02, gamma 3.399365E+02, time 0.685ms
[INFO   ] DREAMPlace - full step 3.450 ms
[INFO   ] DREAMPlace - optimizer step 2.278 ms
[INFO   ] DREAMPlace - iteration  329, ( 329,  0,  0), Obj 5.201048E+07, DensityWeight 2.548021E-08, wHPWL 8.475655E+07, Overflow 7.673820E-01, MaxDensity 1.260E+02, gamma 3.370856E+02, time 0.674ms
[INFO   ] DREAMPlace - full step 3.425 ms
[INFO   ] DREAMPlace - optimizer step 2.302 ms
[INFO   ] DREAMPlace - iteration  330, ( 330,  0,  0), Obj 5.145226E+07, DensityWeight 2.621914E-08, wHPWL 8.417222E+07, Overflow 7.661639E-01, MaxDensity 1.246E+02, gamma 3.337679E+02, time 3.336ms
[INFO   ] DREAMPlace - full step 6.095 ms
[INFO   ] DREAMPlace - optimizer step 13.115 ms
[INFO   ] DREAMPlace - iteration  331, ( 331,  0,  0), Obj 5.115396E+07, DensityWeight 2.697949E-08, wHPWL 8.396459E+07, Overflow 7.639616E-01, MaxDensity 1.244E+02, gamma 3.316942E+02, time 0.691ms
[INFO   ] DREAMPlace - full step 14.283 ms
[INFO   ] DREAMPlace - optimizer step 2.344 ms
[INFO   ] DREAMPlace - iteration  332, ( 332,  0,  0), Obj 5.818840E+07, DensityWeight 2.776190E-08, wHPWL 8.349629E+07, Overflow 7.626886E-01, MaxDensity 1.198E+02, gamma 3.279772E+02, time 0.688ms
[INFO   ] DREAMPlace - full step 3.519 ms
[INFO   ] DREAMPlace - optimizer step 2.325 ms
[INFO   ] DREAMPlace - iteration  333, ( 333,  0,  0), Obj 5.937353E+07, DensityWeight 2.856699E-08, wHPWL 8.627571E+07, Overflow 7.595689E-01, MaxDensity 1.200E+02, gamma 3.258480E+02, time 0.660ms
[INFO   ] DREAMPlace - full step 3.458 ms
[INFO   ] DREAMPlace - optimizer step 2.292 ms
[INFO   ] DREAMPlace - iteration  334, ( 334,  0,  0), Obj 5.704474E+07, DensityWeight 2.849558E-08, wHPWL 8.497468E+07, Overflow 7.590625E-01, MaxDensity 1.209E+02, gamma 3.206876E+02, time 0.674ms
[INFO   ] DREAMPlace - full step 3.434 ms
[INFO   ] DREAMPlace - optimizer step 2.258 ms
[INFO   ] DREAMPlace - iteration  335, ( 335,  0,  0), Obj 5.728338E+07, DensityWeight 2.932195E-08, wHPWL 8.614890E+07, Overflow 7.566863E-01, MaxDensity 1.156E+02, gamma 3.198577E+02, time 0.688ms
[INFO   ] DREAMPlace - full step 3.441 ms
[INFO   ] DREAMPlace - optimizer step 3.821 ms
[INFO   ] DREAMPlace - iteration  336, ( 336,  0,  0), Obj 5.588041E+07, DensityWeight 2.924864E-08, wHPWL 8.514018E+07, Overflow 7.567134E-01, MaxDensity 1.167E+02, gamma 3.159922E+02, time 0.669ms
[INFO   ] DREAMPlace - full step 4.937 ms
[INFO   ] DREAMPlace - optimizer step 2.270 ms
[INFO   ] DREAMPlace - iteration  337, ( 337,  0,  0), Obj 5.555373E+07, DensityWeight 3.009685E-08, wHPWL 8.519075E+07, Overflow 7.561329E-01, MaxDensity 1.218E+02, gamma 3.160361E+02, time 0.680ms
[INFO   ] DREAMPlace - full step 3.426 ms
[INFO   ] DREAMPlace - optimizer step 2.289 ms
[INFO   ] DREAMPlace - iteration  338, ( 338,  0,  0), Obj 5.470136E+07, DensityWeight 3.137968E-08, wHPWL 8.439288E+07, Overflow 7.552806E-01, MaxDensity 1.226E+02, gamma 3.150988E+02, time 0.685ms
[INFO   ] DREAMPlace - full step 3.434 ms
[INFO   ] DREAMPlace - optimizer step 2.302 ms
[INFO   ] DREAMPlace - iteration  339, ( 339,  0,  0), Obj 5.428102E+07, DensityWeight 3.228969E-08, wHPWL 8.405682E+07, Overflow 7.545587E-01, MaxDensity 1.261E+02, gamma 3.137276E+02, time 2.551ms
[INFO   ] DREAMPlace - full step 5.320 ms
[INFO   ] DREAMPlace - optimizer step 2.249 ms
[INFO   ] DREAMPlace - iteration  340, ( 340,  0,  0), Obj 5.370008E+07, DensityWeight 3.322609E-08, wHPWL 8.342562E+07, Overflow 7.542457E-01, MaxDensity 1.178E+02, gamma 3.125709E+02, time 0.689ms
[INFO   ] DREAMPlace - full step 3.400 ms
[INFO   ] DREAMPlace - optimizer step 2.248 ms
[INFO   ] DREAMPlace - iteration  341, ( 341,  0,  0), Obj 5.330676E+07, DensityWeight 3.418965E-08, wHPWL 8.304346E+07, Overflow 7.532192E-01, MaxDensity 1.261E+02, gamma 3.120706E+02, time 0.688ms
[INFO   ] DREAMPlace - full step 3.393 ms
[INFO   ] DREAMPlace - optimizer step 2.319 ms
[INFO   ] DREAMPlace - iteration  342, ( 342,  0,  0), Obj 5.960437E+07, DensityWeight 3.518116E-08, wHPWL 8.248029E+07, Overflow 7.533990E-01, MaxDensity 1.169E+02, gamma 3.104359E+02, time 0.923ms
[INFO   ] DREAMPlace - full step 3.685 ms
[INFO   ] DREAMPlace - optimizer step 2.614 ms
[INFO   ] DREAMPlace - iteration  343, ( 343,  0,  0), Obj 6.063557E+07, DensityWeight 3.620141E-08, wHPWL 8.475490E+07, Overflow 7.502136E-01, MaxDensity 1.203E+02, gamma 3.107215E+02, time 0.664ms
[INFO   ] DREAMPlace - full step 3.741 ms
[INFO   ] DREAMPlace - optimizer step 3.613 ms
[INFO   ] DREAMPlace - iteration  344, ( 344,  0,  0), Obj 5.859288E+07, DensityWeight 3.611090E-08, wHPWL 8.383674E+07, Overflow 7.507055E-01, MaxDensity 1.210E+02, gamma 3.056980E+02, time 0.662ms
[INFO   ] DREAMPlace - full step 4.718 ms
[INFO   ] DREAMPlace - optimizer step 2.285 ms
[INFO   ] DREAMPlace - iteration  345, ( 345,  0,  0), Obj 5.853898E+07, DensityWeight 3.715812E-08, wHPWL 8.460793E+07, Overflow 7.493951E-01, MaxDensity 1.180E+02, gamma 3.064684E+02, time 0.679ms
[INFO   ] DREAMPlace - full step 3.428 ms
[INFO   ] DREAMPlace - optimizer step 2.311 ms
[INFO   ] DREAMPlace - iteration  346, ( 346,  0,  0), Obj 5.727460E+07, DensityWeight 3.706523E-08, wHPWL 8.386294E+07, Overflow 7.499610E-01, MaxDensity 1.253E+02, gamma 3.044204E+02, time 0.675ms
[INFO   ] DREAMPlace - full step 3.452 ms
[INFO   ] DREAMPlace - optimizer step 2.262 ms
[INFO   ] DREAMPlace - iteration  347, ( 347,  0,  0), Obj 5.692548E+07, DensityWeight 3.814012E-08, wHPWL 8.391258E+07, Overflow 7.488403E-01, MaxDensity 1.204E+02, gamma 3.053031E+02, time 1.086ms
[INFO   ] DREAMPlace - full step 3.821 ms
[INFO   ] DREAMPlace - optimizer step 2.263 ms
[INFO   ] DREAMPlace - iteration  348, ( 348,  0,  0), Obj 5.611606E+07, DensityWeight 3.977101E-08, wHPWL 8.328412E+07, Overflow 7.488777E-01, MaxDensity 1.299E+02, gamma 3.035574E+02, time 0.693ms
[INFO   ] DREAMPlace - full step 3.397 ms
[INFO   ] DREAMPlace - optimizer step 2.329 ms
[INFO   ] DREAMPlace - iteration  349, ( 349,  0,  0), Obj 5.568560E+07, DensityWeight 4.092437E-08, wHPWL 8.297738E+07, Overflow 7.483866E-01, MaxDensity 1.348E+02, gamma 3.036156E+02, time 1.368ms
[INFO   ] DREAMPlace - full step 4.165 ms
[INFO   ] DREAMPlace - optimizer step 2.325 ms
[INFO   ] DREAMPlace - iteration  350, ( 350,  0,  0), Obj 5.510226E+07, DensityWeight 4.211118E-08, wHPWL 8.238450E+07, Overflow 7.487696E-01, MaxDensity 1.334E+02, gamma 3.028536E+02, time 0.707ms
[INFO   ] DREAMPlace - full step 3.486 ms
[INFO   ] DREAMPlace - optimizer step 2.435 ms
[INFO   ] DREAMPlace - iteration  351, ( 351,  0,  0), Obj 5.469859E+07, DensityWeight 4.333241E-08, wHPWL 8.195853E+07, Overflow 7.486907E-01, MaxDensity 1.392E+02, gamma 3.034477E+02, time 0.684ms
[INFO   ] DREAMPlace - full step 3.561 ms
[INFO   ] DREAMPlace - optimizer step 2.287 ms
[INFO   ] DREAMPlace - iteration  352, ( 352,  0,  0), Obj 5.900811E+07, DensityWeight 4.458905E-08, wHPWL 8.131056E+07, Overflow 7.491293E-01, MaxDensity 1.380E+02, gamma 3.033251E+02, time 0.685ms
[INFO   ] DREAMPlace - full step 3.422 ms
[INFO   ] DREAMPlace - optimizer step 2.286 ms
[INFO   ] DREAMPlace - iteration  353, ( 353,  0,  0), Obj 5.966237E+07, DensityWeight 4.588213E-08, wHPWL 8.315558E+07, Overflow 7.471981E-01, MaxDensity 1.302E+02, gamma 3.040067E+02, time 0.661ms
[INFO   ] DREAMPlace - full step 3.421 ms
[INFO   ] DREAMPlace - optimizer step 2.286 ms
[INFO   ] DREAMPlace - iteration  354, ( 354,  0,  0), Obj 5.805528E+07, DensityWeight 4.576743E-08, wHPWL 8.282984E+07, Overflow 7.469181E-01, MaxDensity 1.343E+02, gamma 3.010174E+02, time 0.669ms
[INFO   ] DREAMPlace - full step 3.418 ms
[INFO   ] DREAMPlace - optimizer step 3.125 ms
[INFO   ] DREAMPlace - iteration  355, ( 355,  0,  0), Obj 5.796292E+07, DensityWeight 4.709468E-08, wHPWL 8.358775E+07, Overflow 7.461661E-01, MaxDensity 1.289E+02, gamma 3.005864E+02, time 0.730ms
[INFO   ] DREAMPlace - full step 4.324 ms
[INFO   ] DREAMPlace - optimizer step 2.360 ms
[INFO   ] DREAMPlace - iteration  356, ( 356,  0,  0), Obj 5.679928E+07, DensityWeight 4.697694E-08, wHPWL 8.304800E+07, Overflow 7.458115E-01, MaxDensity 1.372E+02, gamma 2.994320E+02, time 0.694ms
[INFO   ] DREAMPlace - full step 3.531 ms
[INFO   ] DREAMPlace - optimizer step 3.093 ms
[INFO   ] DREAMPlace - iteration  357, ( 357,  0,  0), Obj 5.644306E+07, DensityWeight 4.833928E-08, wHPWL 8.309341E+07, Overflow 7.456435E-01, MaxDensity 1.348E+02, gamma 2.988893E+02, time 9.072ms
[INFO   ] DREAMPlace - full step 12.664 ms
[INFO   ] DREAMPlace - optimizer step 2.278 ms
[INFO   ] DREAMPlace - iteration  358, ( 358,  0,  0), Obj 5.569465E+07, DensityWeight 5.043597E-08, wHPWL 8.256134E+07, Overflow 7.460735E-01, MaxDensity 1.357E+02, gamma 2.986324E+02, time 0.708ms
[INFO   ] DREAMPlace - full step 3.450 ms
[INFO   ] DREAMPlace - optimizer step 2.529 ms
[INFO   ] DREAMPlace - iteration  359, ( 359,  0,  0), Obj 5.526870E+07, DensityWeight 5.189862E-08, wHPWL 8.225123E+07, Overflow 7.465727E-01, MaxDensity 1.386E+02, gamma 2.992901E+02, time 0.771ms
[INFO   ] DREAMPlace - full step 3.757 ms
[INFO   ] DREAMPlace - plotting to gammalocal_results/nshuf/adaptec2/plot/iter0360.png takes 1.984 seconds
[INFO   ] DREAMPlace - optimizer step 4.011 ms
[INFO   ] DREAMPlace - iteration  360, ( 360,  0,  0), Obj 5.479012E+07, DensityWeight 5.340368E-08, wHPWL 8.182023E+07, Overflow 7.466151E-01, MaxDensity 1.215E+02, gamma 3.000557E+02, time 0.676ms
[INFO   ] DREAMPlace - full step 1989.942 ms
[INFO   ] DREAMPlace - optimizer step 2.353 ms
[INFO   ] DREAMPlace - iteration  361, ( 361,  0,  0), Obj 5.437318E+07, DensityWeight 5.495239E-08, wHPWL 8.141718E+07, Overflow 7.471856E-01, MaxDensity 1.217E+02, gamma 3.001208E+02, time 0.712ms
[INFO   ] DREAMPlace - full step 3.660 ms
[INFO   ] DREAMPlace - optimizer step 2.515 ms
[INFO   ] DREAMPlace - iteration  362, ( 362,  0,  0), Obj 5.799124E+07, DensityWeight 5.654601E-08, wHPWL 8.097774E+07, Overflow 7.471324E-01, MaxDensity 1.212E+02, gamma 3.009981E+02, time 0.781ms
[INFO   ] DREAMPlace - full step 3.743 ms
[INFO   ] DREAMPlace - optimizer step 2.439 ms
[INFO   ] DREAMPlace - iteration  363, ( 363,  0,  0), Obj 5.880284E+07, DensityWeight 5.818585E-08, wHPWL 8.307599E+07, Overflow 7.440912E-01, MaxDensity 1.168E+02, gamma 3.009162E+02, time 0.663ms
[INFO   ] DREAMPlace - full step 3.568 ms
[INFO   ] DREAMPlace - optimizer step 2.266 ms
[INFO   ] DREAMPlace - iteration  364, ( 364,  0,  0), Obj 5.729504E+07, DensityWeight 5.804038E-08, wHPWL 8.289144E+07, Overflow 7.445577E-01, MaxDensity 1.254E+02, gamma 2.962698E+02, time 0.706ms
[INFO   ] DREAMPlace - full step 3.430 ms
[INFO   ] DREAMPlace - optimizer step 2.258 ms
[INFO   ] DREAMPlace - iteration  365, ( 365,  0,  0), Obj 5.736680E+07, DensityWeight 5.972355E-08, wHPWL 8.380850E+07, Overflow 7.415528E-01, MaxDensity 1.142E+02, gamma 2.969779E+02, time 0.661ms
[INFO   ] DREAMPlace - full step 3.394 ms
[INFO   ] DREAMPlace - optimizer step 2.283 ms
[INFO   ] DREAMPlace - iteration  366, ( 366,  0,  0), Obj 5.636104E+07, DensityWeight 5.957424E-08, wHPWL 8.342797E+07, Overflow 7.412558E-01, MaxDensity 1.166E+02, gamma 2.924465E+02, time 0.665ms
[INFO   ] DREAMPlace - full step 3.411 ms
[INFO   ] DREAMPlace - optimizer step 2.263 ms
[INFO   ] DREAMPlace - iteration  367, ( 367,  0,  0), Obj 5.613415E+07, DensityWeight 6.130190E-08, wHPWL 8.356271E+07, Overflow 7.400006E-01, MaxDensity 1.173E+02, gamma 2.920024E+02, time 0.666ms
[INFO   ] DREAMPlace - full step 3.402 ms
[INFO   ] DREAMPlace - optimizer step 2.521 ms
[INFO   ] DREAMPlace - iteration  368, ( 368,  0,  0), Obj 5.550492E+07, DensityWeight 6.316924E-08, wHPWL 8.313762E+07, Overflow 7.395238E-01, MaxDensity 1.105E+02, gamma 2.901330E+02, time 0.785ms
[INFO   ] DREAMPlace - full step 3.766 ms
[INFO   ] DREAMPlace - optimizer step 2.295 ms
[INFO   ] DREAMPlace - iteration  369, ( 369,  0,  0), Obj 5.514457E+07, DensityWeight 6.500115E-08, wHPWL 8.293905E+07, Overflow 7.392733E-01, MaxDensity 1.111E+02, gamma 2.894260E+02, time 0.657ms
[INFO   ] DREAMPlace - full step 3.419 ms
[INFO   ] DREAMPlace - optimizer step 2.292 ms
[INFO   ] DREAMPlace - iteration  370, ( 370,  0,  0), Obj 5.469714E+07, DensityWeight 6.688619E-08, wHPWL 8.253066E+07, Overflow 7.382087E-01, MaxDensity 1.103E+02, gamma 2.890552E+02, time 0.658ms
[INFO   ] DREAMPlace - full step 3.452 ms
[INFO   ] DREAMPlace - optimizer step 2.255 ms
[INFO   ] DREAMPlace - iteration  371, ( 371,  0,  0), Obj 5.438186E+07, DensityWeight 6.882589E-08, wHPWL 8.227370E+07, Overflow 7.379539E-01, MaxDensity 1.020E+02, gamma 2.874849E+02, time 0.678ms
[INFO   ] DREAMPlace - full step 3.393 ms
[INFO   ] DREAMPlace - optimizer step 2.278 ms
[INFO   ] DREAMPlace - iteration  372, ( 372,  0,  0), Obj 5.932679E+07, DensityWeight 7.082185E-08, wHPWL 8.190498E+07, Overflow 7.374887E-01, MaxDensity 9.966E+01, gamma 2.871104E+02, time 0.730ms
[INFO   ] DREAMPlace - full step 3.458 ms
[INFO   ] DREAMPlace - optimizer step 2.293 ms
[INFO   ] DREAMPlace - iteration  373, ( 373,  0,  0), Obj 6.014217E+07, DensityWeight 7.287569E-08, wHPWL 8.391202E+07, Overflow 7.348253E-01, MaxDensity 9.883E+01, gamma 2.864278E+02, time 0.666ms
[INFO   ] DREAMPlace - full step 3.422 ms
[INFO   ] DREAMPlace - optimizer step 2.251 ms
[INFO   ] DREAMPlace - iteration  374, ( 374,  0,  0), Obj 5.854876E+07, DensityWeight 7.269350E-08, wHPWL 8.344046E+07, Overflow 7.349045E-01, MaxDensity 9.662E+01, gamma 2.825508E+02, time 0.669ms
[INFO   ] DREAMPlace - full step 3.356 ms
[INFO   ] DREAMPlace - optimizer step 2.307 ms
[INFO   ] DREAMPlace - iteration  375, ( 375,  0,  0), Obj 5.854510E+07, DensityWeight 7.480161E-08, wHPWL 8.421950E+07, Overflow 7.325523E-01, MaxDensity 9.450E+01, gamma 2.826652E+02, time 0.673ms
[INFO   ] DREAMPlace - full step 3.443 ms
[INFO   ] DREAMPlace - optimizer step 3.132 ms
[INFO   ] DREAMPlace - iteration  376, ( 376,  0,  0), Obj 5.745954E+07, DensityWeight 7.461460E-08, wHPWL 8.366992E+07, Overflow 7.328663E-01, MaxDensity 9.578E+01, gamma 2.792835E+02, time 0.676ms
[INFO   ] DREAMPlace - full step 4.241 ms
[INFO   ] DREAMPlace - optimizer step 2.349 ms
[INFO   ] DREAMPlace - iteration  377, ( 377,  0,  0), Obj 5.721689E+07, DensityWeight 7.677843E-08, wHPWL 8.376541E+07, Overflow 7.314743E-01, MaxDensity 9.393E+01, gamma 2.797327E+02, time 0.669ms
[INFO   ] DREAMPlace - full step 3.484 ms
[INFO   ] DREAMPlace - optimizer step 3.126 ms
[INFO   ] DREAMPlace - iteration  378, ( 378,  0,  0), Obj 5.652609E+07, DensityWeight 7.955136E-08, wHPWL 8.325058E+07, Overflow 7.305737E-01, MaxDensity 9.364E+01, gamma 2.777472E+02, time 7.938ms
[INFO   ] DREAMPlace - full step 11.540 ms
[INFO   ] DREAMPlace - optimizer step 2.285 ms
[INFO   ] DREAMPlace - iteration  379, ( 379,  0,  0), Obj 5.617046E+07, DensityWeight 8.185835E-08, wHPWL 8.299939E+07, Overflow 7.297713E-01, MaxDensity 9.304E+01, gamma 2.764703E+02, time 0.672ms
[INFO   ] DREAMPlace - full step 3.421 ms
[INFO   ] DREAMPlace - optimizer step 2.283 ms
[INFO   ] DREAMPlace - iteration  380, ( 380,  0,  0), Obj 5.567152E+07, DensityWeight 8.423224E-08, wHPWL 8.250178E+07, Overflow 7.288772E-01, MaxDensity 9.172E+01, gamma 2.753375E+02, time 0.677ms
[INFO   ] DREAMPlace - full step 3.427 ms
[INFO   ] DREAMPlace - optimizer step 2.308 ms
[INFO   ] DREAMPlace - iteration  381, ( 381,  0,  0), Obj 5.531959E+07, DensityWeight 8.667498E-08, wHPWL 8.217659E+07, Overflow 7.285129E-01, MaxDensity 9.878E+01, gamma 2.740807E+02, time 0.681ms
[INFO   ] DREAMPlace - full step 3.474 ms
[INFO   ] DREAMPlace - optimizer step 2.244 ms
[INFO   ] DREAMPlace - iteration  382, ( 382,  0,  0), Obj 5.846650E+07, DensityWeight 8.918856E-08, wHPWL 8.180211E+07, Overflow 7.279042E-01, MaxDensity 1.055E+02, gamma 2.735703E+02, time 0.691ms
[INFO   ] DREAMPlace - full step 3.384 ms
[INFO   ] DREAMPlace - optimizer step 2.276 ms
[INFO   ] DREAMPlace - iteration  383, ( 383,  0,  0), Obj 5.927783E+07, DensityWeight 9.177504E-08, wHPWL 8.390644E+07, Overflow 7.247476E-01, MaxDensity 8.525E+01, gamma 2.727195E+02, time 0.725ms
[INFO   ] DREAMPlace - full step 3.456 ms
[INFO   ] DREAMPlace - optimizer step 2.247 ms
[INFO   ] DREAMPlace - iteration  384, ( 384,  0,  0), Obj 5.780130E+07, DensityWeight 9.154559E-08, wHPWL 8.359314E+07, Overflow 7.246498E-01, MaxDensity 9.428E+01, gamma 2.683500E+02, time 0.672ms
[INFO   ] DREAMPlace - full step 3.373 ms
[INFO   ] DREAMPlace - optimizer step 2.271 ms
[INFO   ] DREAMPlace - iteration  385, ( 385,  0,  0), Obj 5.794994E+07, DensityWeight 9.420042E-08, wHPWL 8.450883E+07, Overflow 7.225799E-01, MaxDensity 8.747E+01, gamma 2.682157E+02, time 0.674ms
[INFO   ] DREAMPlace - full step 3.400 ms
[INFO   ] DREAMPlace - optimizer step 2.347 ms
[INFO   ] DREAMPlace - iteration  386, ( 386,  0,  0), Obj 5.692364E+07, DensityWeight 9.396491E-08, wHPWL 8.395621E+07, Overflow 7.218509E-01, MaxDensity 8.384E+01, gamma 2.653899E+02, time 0.671ms
[INFO   ] DREAMPlace - full step 3.478 ms
[INFO   ] DREAMPlace - optimizer step 2.269 ms
[INFO   ] DREAMPlace - iteration  387, ( 387,  0,  0), Obj 5.679950E+07, DensityWeight 9.668990E-08, wHPWL 8.413950E+07, Overflow 7.198735E-01, MaxDensity 8.281E+01, gamma 2.644019E+02, time 0.673ms
[INFO   ] DREAMPlace - full step 3.399 ms
[INFO   ] DREAMPlace - optimizer step 2.252 ms
[INFO   ] DREAMPlace - iteration  388, ( 388,  0,  0), Obj 5.617275E+07, DensityWeight 9.896315E-08, wHPWL 8.367410E+07, Overflow 7.191190E-01, MaxDensity 8.799E+01, gamma 2.617401E+02, time 0.663ms
[INFO   ] DREAMPlace - full step 3.373 ms
[INFO   ] DREAMPlace - optimizer step 3.625 ms
[INFO   ] DREAMPlace - iteration  389, ( 389,  0,  0), Obj 5.586454E+07, DensityWeight 1.018331E-07, wHPWL 8.347609E+07, Overflow 7.185426E-01, MaxDensity 8.182E+01, gamma 2.607315E+02, time 6.550ms
[INFO   ] DREAMPlace - full step 10.636 ms
[INFO   ] DREAMPlace - optimizer step 2.491 ms
[INFO   ] DREAMPlace - iteration  390, ( 390,  0,  0), Obj 5.540170E+07, DensityWeight 1.047863E-07, wHPWL 8.303376E+07, Overflow 7.178986E-01, MaxDensity 8.646E+01, gamma 2.599637E+02, time 0.762ms
[INFO   ] DREAMPlace - full step 3.789 ms
[INFO   ] DREAMPlace - optimizer step 2.331 ms
[INFO   ] DREAMPlace - iteration  391, ( 391,  0,  0), Obj 5.513753E+07, DensityWeight 1.078251E-07, wHPWL 8.283448E+07, Overflow 7.163073E-01, MaxDensity 7.910E+01, gamma 2.591084E+02, time 0.791ms
[INFO   ] DREAMPlace - full step 3.586 ms
[INFO   ] DREAMPlace - optimizer step 2.240 ms
[INFO   ] DREAMPlace - iteration  392, ( 392,  0,  0), Obj 6.112781E+07, DensityWeight 1.109520E-07, wHPWL 8.245756E+07, Overflow 7.153946E-01, MaxDensity 9.155E+01, gamma 2.570073E+02, time 0.675ms
[INFO   ] DREAMPlace - full step 3.368 ms
[INFO   ] DREAMPlace - optimizer step 2.262 ms
[INFO   ] DREAMPlace - iteration  393, ( 393,  0,  0), Obj 6.234883E+07, DensityWeight 1.141696E-07, wHPWL 8.477793E+07, Overflow 7.117500E-01, MaxDensity 7.994E+01, gamma 2.558098E+02, time 0.710ms
[INFO   ] DREAMPlace - full step 3.424 ms
[INFO   ] DREAMPlace - optimizer step 2.272 ms
[INFO   ] DREAMPlace - iteration  394, ( 394,  0,  0), Obj 6.035866E+07, DensityWeight 1.138842E-07, wHPWL 8.369003E+07, Overflow 7.128940E-01, MaxDensity 8.098E+01, gamma 2.510833E+02, time 1.369ms
[INFO   ] DREAMPlace - full step 4.076 ms
[INFO   ] DREAMPlace - optimizer step 2.490 ms
[INFO   ] DREAMPlace - iteration  395, ( 395,  0,  0), Obj 6.055710E+07, DensityWeight 1.171868E-07, wHPWL 8.460488E+07, Overflow 7.112939E-01, MaxDensity 8.031E+01, gamma 2.525575E+02, time 2.524ms
[INFO   ] DREAMPlace - full step 5.481 ms
[INFO   ] DREAMPlace - optimizer step 2.370 ms
[INFO   ] DREAMPlace - iteration  396, ( 396,  0,  0), Obj 5.938050E+07, DensityWeight 1.168938E-07, wHPWL 8.384118E+07, Overflow 7.119575E-01, MaxDensity 8.192E+01, gamma 2.504981E+02, time 0.680ms
[INFO   ] DREAMPlace - full step 3.504 ms
[INFO   ] DREAMPlace - optimizer step 2.290 ms
[INFO   ] DREAMPlace - iteration  397, ( 397,  0,  0), Obj 5.912716E+07, DensityWeight 1.202838E-07, wHPWL 8.391766E+07, Overflow 7.110260E-01, MaxDensity 9.317E+01, gamma 2.513502E+02, time 0.673ms
[INFO   ] DREAMPlace - full step 3.428 ms
[INFO   ] DREAMPlace - optimizer step 2.280 ms
[INFO   ] DREAMPlace - iteration  398, ( 398,  0,  0), Obj 5.838856E+07, DensityWeight 1.249584E-07, wHPWL 8.330869E+07, Overflow 7.116508E-01, MaxDensity 9.034E+01, gamma 2.501549E+02, time 0.678ms
[INFO   ] DREAMPlace - full step 3.402 ms
[INFO   ] DREAMPlace - optimizer step 2.341 ms
[INFO   ] DREAMPlace - iteration  399, ( 399,  0,  0), Obj 5.801611E+07, DensityWeight 1.285822E-07, wHPWL 8.304197E+07, Overflow 7.117413E-01, MaxDensity 9.124E+01, gamma 2.509560E+02, time 0.671ms
[INFO   ] DREAMPlace - full step 3.452 ms
[INFO   ] DREAMPlace - plotting to gammalocal_results/nshuf/adaptec2/plot/iter0400.png takes 1.964 seconds
[INFO   ] DREAMPlace - optimizer step 18.735 ms
[INFO   ] DREAMPlace - iteration  400, ( 400,  0,  0), Obj 5.753307E+07, DensityWeight 1.323111E-07, wHPWL 8.255453E+07, Overflow 7.120904E-01, MaxDensity 9.359E+01, gamma 2.510722E+02, time 0.675ms
[INFO   ] DREAMPlace - full step 1984.487 ms
[INFO   ] DREAMPlace - gamma_local: mean(coef_net)/coef = 1.102 (norm=gamma, applied ratio 1.000)
[INFO   ] DREAMPlace - optimizer step 2.392 ms
[INFO   ] DREAMPlace - iteration  401, ( 401,  0,  0), Obj 5.714010E+07, DensityWeight 1.361482E-07, wHPWL 8.216755E+07, Overflow 7.119420E-01, MaxDensity 9.404E+01, gamma 2.515211E+02, time 0.784ms
[INFO   ] DREAMPlace - full step 3.743 ms
[INFO   ] DREAMPlace - optimizer step 2.283 ms
[INFO   ] DREAMPlace - iteration  402, ( 402,  0,  0), Obj 6.160018E+07, DensityWeight 1.400965E-07, wHPWL 8.171089E+07, Overflow 7.124763E-01, MaxDensity 9.660E+01, gamma 2.513302E+02, time 0.665ms
[INFO   ] DREAMPlace - full step 3.407 ms
[INFO   ] DREAMPlace - optimizer step 2.254 ms
[INFO   ] DREAMPlace - iteration  403, ( 403,  0,  0), Obj 6.272896E+07, DensityWeight 1.441593E-07, wHPWL 8.381567E+07, Overflow 7.099580E-01, MaxDensity 9.523E+01, gamma 2.520183E+02, time 0.672ms
[INFO   ] DREAMPlace - full step 3.393 ms
[INFO   ] DREAMPlace - optimizer step 2.255 ms
[INFO   ] DREAMPlace - iteration  404, ( 404,  0,  0), Obj 6.086318E+07, DensityWeight 1.437989E-07, wHPWL 8.290121E+07, Overflow 7.110206E-01, MaxDensity 8.699E+01, gamma 2.487916E+02, time 0.661ms
[INFO   ] DREAMPlace - full step 3.375 ms
[INFO   ] DREAMPlace - optimizer step 2.264 ms
[INFO   ] DREAMPlace - iteration  405, ( 405,  0,  0), Obj 6.085887E+07, DensityWeight 1.479690E-07, wHPWL 8.359254E+07, Overflow 7.101441E-01, MaxDensity 9.143E+01, gamma 2.501480E+02, time 0.657ms
[INFO   ] DREAMPlace - full step 3.425 ms
[INFO   ] DREAMPlace - optimizer step 2.284 ms
[INFO   ] DREAMPlace - iteration  406, ( 406,  0,  0), Obj 5.976516E+07, DensityWeight 1.475991E-07, wHPWL 8.299247E+07, Overflow 7.105488E-01, MaxDensity 8.788E+01, gamma 2.490287E+02, time 0.648ms
[INFO   ] DREAMPlace - full step 3.400 ms
[INFO   ] DREAMPlace - optimizer step 2.215 ms
[INFO   ] DREAMPlace - iteration  407, ( 407,  0,  0), Obj 5.940862E+07, DensityWeight 1.518795E-07, wHPWL 8.299778E+07, Overflow 7.108322E-01, MaxDensity 9.808E+01, gamma 2.495448E+02, time 0.673ms
[INFO   ] DREAMPlace - full step 3.334 ms
[INFO   ] DREAMPlace - optimizer step 2.239 ms
[INFO   ] DREAMPlace - iteration  408, ( 408,  0,  0), Obj 5.872036E+07, DensityWeight 1.593556E-07, wHPWL 8.249358E+07, Overflow 7.109092E-01, MaxDensity 9.957E+01, gamma 2.499070E+02, time 0.668ms
[INFO   ] DREAMPlace - full step 3.345 ms
[INFO   ] DREAMPlace - optimizer step 2.238 ms
[INFO   ] DREAMPlace - iteration  409, ( 409,  0,  0), Obj 5.833136E+07, DensityWeight 1.639769E-07, wHPWL 8.227980E+07, Overflow 7.107667E-01, MaxDensity 1.046E+02, gamma 2.500055E+02, time 0.674ms
[INFO   ] DREAMPlace - full step 3.343 ms
[INFO   ] DREAMPlace - optimizer step 2.286 ms
[INFO   ] DREAMPlace - iteration  410, ( 410,  0,  0), Obj 5.784955E+07, DensityWeight 1.687322E-07, wHPWL 8.178754E+07, Overflow 7.110273E-01, MaxDensity 1.077E+02, gamma 2.498233E+02, time 1.859ms
[INFO   ] DREAMPlace - full step 4.879 ms
[INFO   ] DREAMPlace - optimizer step 2.224 ms
[INFO   ] DREAMPlace - iteration  411, ( 411,  0,  0), Obj 5.742825E+07, DensityWeight 1.736255E-07, wHPWL 8.141562E+07, Overflow 7.113059E-01, MaxDensity 1.021E+02, gamma 2.501566E+02, time 0.667ms
[INFO   ] DREAMPlace - full step 3.343 ms
[INFO   ] DREAMPlace - optimizer step 2.238 ms
[INFO   ] DREAMPlace - iteration  412, ( 412,  0,  0), Obj 6.141663E+07, DensityWeight 1.786606E-07, wHPWL 8.098034E+07, Overflow 7.116054E-01, MaxDensity 1.070E+02, gamma 2.505134E+02, time 0.666ms
[INFO   ] DREAMPlace - full step 3.336 ms
[INFO   ] DREAMPlace - optimizer step 2.232 ms
[INFO   ] DREAMPlace - iteration  413, ( 413,  0,  0), Obj 6.186003E+07, DensityWeight 1.838418E-07, wHPWL 8.228498E+07, Overflow 7.098141E-01, MaxDensity 1.038E+02, gamma 2.508977E+02, time 0.682ms
[INFO   ] DREAMPlace - full step 3.363 ms
[INFO   ] DREAMPlace - optimizer step 2.214 ms
[INFO   ] DREAMPlace - iteration  414, ( 414,  0,  0), Obj 6.044117E+07, DensityWeight 1.833821E-07, wHPWL 8.187989E+07, Overflow 7.105877E-01, MaxDensity 1.002E+02, gamma 2.486086E+02, time 0.662ms
[INFO   ] DREAMPlace - full step 3.304 ms
[INFO   ] DREAMPlace - optimizer step 2.275 ms
[INFO   ] DREAMPlace - iteration  415, ( 415,  0,  0), Obj 6.023884E+07, DensityWeight 1.887002E-07, wHPWL 8.241381E+07, Overflow 7.094234E-01, MaxDensity 1.060E+02, gamma 2.495946E+02, time 0.651ms
[INFO   ] DREAMPlace - full step 3.391 ms
[INFO   ] DREAMPlace - optimizer step 2.263 ms
[INFO   ] DREAMPlace - iteration  416, ( 416,  0,  0), Obj 5.925906E+07, DensityWeight 1.882285E-07, wHPWL 8.197176E+07, Overflow 7.089660E-01, MaxDensity 1.032E+02, gamma 2.481120E+02, time 0.656ms
[INFO   ] DREAMPlace - full step 3.379 ms
[INFO   ] DREAMPlace - optimizer step 2.233 ms
[INFO   ] DREAMPlace - iteration  417, ( 417,  0,  0), Obj 5.883807E+07, DensityWeight 1.936871E-07, wHPWL 8.193421E+07, Overflow 7.081279E-01, MaxDensity 1.117E+02, gamma 2.475320E+02, time 0.674ms
[INFO   ] DREAMPlace - full step 3.378 ms
[INFO   ] DREAMPlace - optimizer step 2.261 ms
[INFO   ] DREAMPlace - iteration  418, ( 418,  0,  0), Obj 5.826468E+07, DensityWeight 1.993040E-07, wHPWL 8.159694E+07, Overflow 7.080936E-01, MaxDensity 1.095E+02, gamma 2.464727E+02, time 0.663ms
[INFO   ] DREAMPlace - full step 3.379 ms
[INFO   ] DREAMPlace - optimizer step 2.295 ms
[INFO   ] DREAMPlace - iteration  419, ( 419,  0,  0), Obj 5.777450E+07, DensityWeight 2.050839E-07, wHPWL 8.125244E+07, Overflow 7.080027E-01, MaxDensity 1.115E+02, gamma 2.464296E+02, time 0.676ms
[INFO   ] DREAMPlace - full step 3.422 ms
[INFO   ] DREAMPlace - optimizer step 2.243 ms
[INFO   ] DREAMPlace - iteration  420, ( 420,  0,  0), Obj 5.735303E+07, DensityWeight 2.110313E-07, wHPWL 8.089666E+07, Overflow 7.077516E-01, MaxDensity 1.087E+02, gamma 2.463149E+02, time 0.673ms
[INFO   ] DREAMPlace - full step 3.364 ms
[INFO   ] DREAMPlace - optimizer step 2.821 ms
[INFO   ] DREAMPlace - iteration  421, ( 421,  0,  0), Obj 5.694370E+07, DensityWeight 2.171512E-07, wHPWL 8.051938E+07, Overflow 7.083471E-01, MaxDensity 1.074E+02, gamma 2.459986E+02, time 0.688ms
[INFO   ] DREAMPlace - full step 3.960 ms
[INFO   ] DREAMPlace - optimizer step 2.347 ms
[INFO   ] DREAMPlace - iteration  422, ( 422,  0,  0), Obj 5.917928E+07, DensityWeight 2.234486E-07, wHPWL 8.018418E+07, Overflow 7.088971E-01, MaxDensity 1.003E+02, gamma 2.467494E+02, time 0.656ms
[INFO   ] DREAMPlace - full step 3.444 ms
[INFO   ] DREAMPlace - optimizer step 2.279 ms
[INFO   ] DREAMPlace - iteration  423, ( 423,  0,  0), Obj 5.973168E+07, DensityWeight 2.299286E-07, wHPWL 8.198234E+07, Overflow 7.049052E-01, MaxDensity 8.181E+01, gamma 2.474448E+02, time 0.718ms
[INFO   ] DREAMPlace - full step 3.454 ms
[INFO   ] DREAMPlace - optimizer step 2.236 ms
[INFO   ] DREAMPlace - iteration  424, ( 424,  0,  0), Obj 5.857432E+07, DensityWeight 2.293538E-07, wHPWL 8.205309E+07, Overflow 7.042316E-01, MaxDensity 8.896E+01, gamma 2.424417E+02, time 0.675ms
[INFO   ] DREAMPlace - full step 3.357 ms
[INFO   ] DREAMPlace - optimizer step 2.247 ms
[INFO   ] DREAMPlace - iteration  425, ( 425,  0,  0), Obj 5.857211E+07, DensityWeight 2.384580E-07, wHPWL 8.282712E+07, Overflow 7.013741E-01, MaxDensity 7.997E+01, gamma 2.416075E+02, time 1.454ms
[INFO   ] DREAMPlace - full step 4.164 ms
[INFO   ] DREAMPlace - optimizer step 2.333 ms
[INFO   ] DREAMPlace - iteration  426, ( 426,  0,  0), Obj 5.786284E+07, DensityWeight 2.378618E-07, wHPWL 8.270752E+07, Overflow 6.998900E-01, MaxDensity 8.738E+01, gamma 2.381006E+02, time 0.652ms
[INFO   ] DREAMPlace - full step 3.442 ms
[INFO   ] DREAMPlace - optimizer step 2.835 ms
[INFO   ] DREAMPlace - iteration  427, ( 427,  0,  0), Obj 5.762754E+07, DensityWeight 2.447598E-07, wHPWL 8.287162E+07, Overflow 6.970204E-01, MaxDensity 7.922E+01, gamma 2.362993E+02, time 7.943ms
[INFO   ] DREAMPlace - full step 11.265 ms
[INFO   ] DREAMPlace - optimizer step 2.237 ms
[INFO   ] DREAMPlace - iteration  428, ( 428,  0,  0), Obj 5.717633E+07, DensityWeight 2.511857E-07, wHPWL 8.266999E+07, Overflow 6.952678E-01, MaxDensity 8.507E+01, gamma 2.328550E+02, time 0.684ms
[INFO   ] DREAMPlace - full step 3.385 ms
[INFO   ] DREAMPlace - optimizer step 2.258 ms
[INFO   ] DREAMPlace - iteration  429, ( 429,  0,  0), Obj 5.692695E+07, DensityWeight 2.584701E-07, wHPWL 8.262418E+07, Overflow 6.931966E-01, MaxDensity 8.194E+01, gamma 2.307762E+02, time 0.667ms
[INFO   ] DREAMPlace - full step 3.381 ms
[INFO   ] DREAMPlace - optimizer step 2.300 ms
[INFO   ] DREAMPlace - iteration  430, ( 430,  0,  0), Obj 5.657668E+07, DensityWeight 2.659657E-07, wHPWL 8.241365E+07, Overflow 6.915089E-01, MaxDensity 8.311E+01, gamma 2.283433E+02, time 0.666ms
[INFO   ] DREAMPlace - full step 3.427 ms
[INFO   ] DREAMPlace - optimizer step 2.259 ms
[INFO   ] DREAMPlace - iteration  431, ( 431,  0,  0), Obj 5.633952E+07, DensityWeight 2.736788E-07, wHPWL 8.230168E+07, Overflow 6.893956E-01, MaxDensity 9.186E+01, gamma 2.263799E+02, time 0.674ms
[INFO   ] DREAMPlace - full step 3.383 ms
[INFO   ] DREAMPlace - optimizer step 2.228 ms
[INFO   ] DREAMPlace - iteration  432, ( 432,  0,  0), Obj 6.208368E+07, DensityWeight 2.816155E-07, wHPWL 8.210072E+07, Overflow 6.876788E-01, MaxDensity 8.476E+01, gamma 2.239451E+02, time 0.648ms
[INFO   ] DREAMPlace - full step 3.324 ms
[INFO   ] DREAMPlace - optimizer step 2.265 ms
[INFO   ] DREAMPlace - iteration  433, ( 433,  0,  0), Obj 6.317426E+07, DensityWeight 2.897823E-07, wHPWL 8.448578E+07, Overflow 6.832603E-01, MaxDensity 7.323E+01, gamma 2.219865E+02, time 0.656ms
[INFO   ] DREAMPlace - full step 3.395 ms
[INFO   ] DREAMPlace - optimizer step 2.235 ms
[INFO   ] DREAMPlace - iteration  434, ( 434,  0,  0), Obj 6.139320E+07, DensityWeight 2.890579E-07, wHPWL 8.368565E+07, Overflow 6.841908E-01, MaxDensity 7.714E+01, gamma 2.170239E+02, time 0.666ms
[INFO   ] DREAMPlace - full step 3.347 ms
[INFO   ] DREAMPlace - optimizer step 2.529 ms
[INFO   ] DREAMPlace - iteration  435, ( 435,  0,  0), Obj 6.154428E+07, DensityWeight 2.974406E-07, wHPWL 8.458174E+07, Overflow 6.807012E-01, MaxDensity 7.381E+01, gamma 2.180597E+02, time 0.669ms
[INFO   ] DREAMPlace - full step 3.659 ms
[INFO   ] DREAMPlace - optimizer step 2.219 ms
[INFO   ] DREAMPlace - iteration  436, ( 436,  0,  0), Obj 6.060836E+07, DensityWeight 2.966969E-07, wHPWL 8.409394E+07, Overflow 6.809393E-01, MaxDensity 7.164E+01, gamma 2.142006E+02, time 0.664ms
[INFO   ] DREAMPlace - full step 3.329 ms
[INFO   ] DREAMPlace - optimizer step 7.618 ms
[INFO   ] DREAMPlace - iteration  437, ( 437,  0,  0), Obj 6.033952E+07, DensityWeight 3.053011E-07, wHPWL 8.416361E+07, Overflow 6.792840E-01, MaxDensity 7.980E+01, gamma 2.144617E+02, time 0.678ms
[INFO   ] DREAMPlace - full step 8.756 ms
[INFO   ] DREAMPlace - optimizer step 2.239 ms
[INFO   ] DREAMPlace - iteration  438, ( 438,  0,  0), Obj 5.984985E+07, DensityWeight 3.174678E-07, wHPWL 8.383340E+07, Overflow 6.786570E-01, MaxDensity 7.914E+01, gamma 2.126530E+02, time 0.666ms
[INFO   ] DREAMPlace - full step 3.370 ms
[INFO   ] DREAMPlace - optimizer step 2.236 ms
[INFO   ] DREAMPlace - iteration  439, ( 439,  0,  0), Obj 5.944717E+07, DensityWeight 3.266744E-07, wHPWL 8.352639E+07, Overflow 6.786048E-01, MaxDensity 7.615E+01, gamma 2.119718E+02, time 0.665ms
[INFO   ] DREAMPlace - full step 3.351 ms
[INFO   ] DREAMPlace - plotting to gammalocal_results/nshuf/adaptec2/plot/iter0440.png takes 1.942 seconds
[INFO   ] DREAMPlace - optimizer step 3.830 ms
[INFO   ] DREAMPlace - iteration  440, ( 440,  0,  0), Obj 5.903926E+07, DensityWeight 3.361480E-07, wHPWL 8.312965E+07, Overflow 6.783635E-01, MaxDensity 7.203E+01, gamma 2.119152E+02, time 0.676ms
[INFO   ] DREAMPlace - full step 1947.976 ms
[INFO   ] DREAMPlace - optimizer step 3.178 ms
[INFO   ] DREAMPlace - iteration  441, ( 441,  0,  0), Obj 5.874898E+07, DensityWeight 3.458963E-07, wHPWL 8.286185E+07, Overflow 6.779209E-01, MaxDensity 7.505E+01, gamma 2.116537E+02, time 0.716ms
[INFO   ] DREAMPlace - full step 4.419 ms
[INFO   ] DREAMPlace - optimizer step 2.318 ms
[INFO   ] DREAMPlace - iteration  442, ( 442,  0,  0), Obj 6.372754E+07, DensityWeight 3.559273E-07, wHPWL 8.245866E+07, Overflow 6.782358E-01, MaxDensity 7.492E+01, gamma 2.111749E+02, time 0.697ms
[INFO   ] DREAMPlace - full step 3.460 ms
[INFO   ] DREAMPlace - optimizer step 2.793 ms
[INFO   ] DREAMPlace - iteration  443, ( 443,  0,  0), Obj 6.419529E+07, DensityWeight 3.662492E-07, wHPWL 8.387260E+07, Overflow 6.760860E-01, MaxDensity 7.032E+01, gamma 2.115155E+02, time 7.344ms
[INFO   ] DREAMPlace - full step 10.609 ms
[INFO   ] DREAMPlace - optimizer step 2.300 ms
[INFO   ] DREAMPlace - iteration  444, ( 444,  0,  0), Obj 6.271553E+07, DensityWeight 3.653336E-07, wHPWL 8.330881E+07, Overflow 6.770098E-01, MaxDensity 7.196E+01, gamma 2.092014E+02, time 0.679ms
[INFO   ] DREAMPlace - full step 3.413 ms
[INFO   ] DREAMPlace - optimizer step 2.312 ms
[INFO   ] DREAMPlace - iteration  445, ( 445,  0,  0), Obj 6.263614E+07, DensityWeight 3.759283E-07, wHPWL 8.389759E+07, Overflow 6.756146E-01, MaxDensity 7.350E+01, gamma 2.101926E+02, time 0.710ms
[INFO   ] DREAMPlace - full step 3.500 ms
[INFO   ] DREAMPlace - optimizer step 2.639 ms
[INFO   ] DREAMPlace - iteration  446, ( 446,  0,  0), Obj 6.165328E+07, DensityWeight 3.749884E-07, wHPWL 8.336124E+07, Overflow 6.762701E-01, MaxDensity 7.288E+01, gamma 2.086974E+02, time 0.831ms
[INFO   ] DREAMPlace - full step 3.919 ms
[INFO   ] DREAMPlace - optimizer step 2.245 ms
[INFO   ] DREAMPlace - iteration  447, ( 447,  0,  0), Obj 6.136924E+07, DensityWeight 3.858631E-07, wHPWL 8.339882E+07, Overflow 6.763067E-01, MaxDensity 8.034E+01, gamma 2.093986E+02, time 0.681ms
[INFO   ] DREAMPlace - full step 3.362 ms
[INFO   ] DREAMPlace - optimizer step 2.320 ms
[INFO   ] DREAMPlace - iteration  448, ( 448,  0,  0), Obj 6.075422E+07, DensityWeight 4.030396E-07, wHPWL 8.295386E+07, Overflow 6.766344E-01, MaxDensity 8.251E+01, gamma 2.094379E+02, time 5.969ms
[INFO   ] DREAMPlace - full step 8.732 ms
[INFO   ] DREAMPlace - optimizer step 2.266 ms
[INFO   ] DREAMPlace - iteration  449, ( 449,  0,  0), Obj 6.041009E+07, DensityWeight 4.147277E-07, wHPWL 8.273394E+07, Overflow 6.760376E-01, MaxDensity 9.419E+01, gamma 2.097894E+02, time 0.688ms
[INFO   ] DREAMPlace - full step 3.396 ms
[INFO   ] DREAMPlace - optimizer step 2.357 ms
[INFO   ] DREAMPlace - iteration  450, ( 450,  0,  0), Obj 5.994086E+07, DensityWeight 4.267549E-07, wHPWL 8.229544E+07, Overflow 6.763147E-01, MaxDensity 9.756E+01, gamma 2.091496E+02, time 0.692ms
[INFO   ] DREAMPlace - full step 3.520 ms
[INFO   ] DREAMPlace - optimizer step 2.337 ms
[INFO   ] DREAMPlace - iteration  451, ( 451,  0,  0), Obj 5.963250E+07, DensityWeight 4.391308E-07, wHPWL 8.201560E+07, Overflow 6.758841E-01, MaxDensity 1.028E+02, gamma 2.094464E+02, time 0.702ms
[INFO   ] DREAMPlace - full step 3.507 ms
[INFO   ] DREAMPlace - optimizer step 2.253 ms
[INFO   ] DREAMPlace - iteration  452, ( 452,  0,  0), Obj 6.416290E+07, DensityWeight 4.518656E-07, wHPWL 8.155610E+07, Overflow 6.763349E-01, MaxDensity 1.020E+02, gamma 2.089855E+02, time 0.664ms
[INFO   ] DREAMPlace - full step 3.364 ms
[INFO   ] DREAMPlace - optimizer step 2.286 ms
[INFO   ] DREAMPlace - iteration  453, ( 453,  0,  0), Obj 6.489582E+07, DensityWeight 4.649697E-07, wHPWL 8.319450E+07, Overflow 6.728677E-01, MaxDensity 8.420E+01, gamma 2.094680E+02, time 0.675ms
[INFO   ] DREAMPlace - full step 3.423 ms
[INFO   ] DREAMPlace - optimizer step 2.338 ms
[INFO   ] DREAMPlace - iteration  454, ( 454,  0,  0), Obj 6.334902E+07, DensityWeight 4.638073E-07, wHPWL 8.258456E+07, Overflow 6.743194E-01, MaxDensity 8.860E+01, gamma 2.057846E+02, time 0.667ms
[INFO   ] DREAMPlace - full step 3.446 ms
[INFO   ] DREAMPlace - optimizer step 2.295 ms
[INFO   ] DREAMPlace - iteration  455, ( 455,  0,  0), Obj 6.336643E+07, DensityWeight 4.772577E-07, wHPWL 8.328608E+07, Overflow 6.732496E-01, MaxDensity 9.025E+01, gamma 2.073189E+02, time 0.661ms
[INFO   ] DREAMPlace - full step 3.392 ms
[INFO   ] DREAMPlace - optimizer step 2.244 ms
[INFO   ] DREAMPlace - iteration  456, ( 456,  0,  0), Obj 6.248719E+07, DensityWeight 4.760645E-07, wHPWL 8.291115E+07, Overflow 6.729299E-01, MaxDensity 8.767E+01, gamma 2.061872E+02, time 0.674ms
[INFO   ] DREAMPlace - full step 3.361 ms
[INFO   ] DREAMPlace - optimizer step 2.293 ms
[INFO   ] DREAMPlace - iteration  457, ( 457,  0,  0), Obj 6.221085E+07, DensityWeight 4.898704E-07, wHPWL 8.302310E+07, Overflow 6.723221E-01, MaxDensity 8.431E+01, gamma 2.058502E+02, time 0.653ms
[INFO   ] DREAMPlace - full step 3.416 ms
[INFO   ] DREAMPlace - optimizer step 2.316 ms
[INFO   ] DREAMPlace - iteration  458, ( 458,  0,  0), Obj 6.167774E+07, DensityWeight 5.063990E-07, wHPWL 8.272776E+07, Overflow 6.722721E-01, MaxDensity 9.083E+01, gamma 2.052109E+02, time 0.655ms
[INFO   ] DREAMPlace - full step 3.436 ms
[INFO   ] DREAMPlace - optimizer step 2.294 ms
[INFO   ] DREAMPlace - iteration  459, ( 459,  0,  0), Obj 6.131036E+07, DensityWeight 5.210846E-07, wHPWL 8.252165E+07, Overflow 6.723756E-01, MaxDensity 9.197E+01, gamma 2.051584E+02, time 0.680ms
[INFO   ] DREAMPlace - full step 3.418 ms
[INFO   ] DREAMPlace - optimizer step 2.256 ms
[INFO   ] DREAMPlace - iteration  460, ( 460,  0,  0), Obj 6.093140E+07, DensityWeight 5.361961E-07, wHPWL 8.221966E+07, Overflow 6.728776E-01, MaxDensity 9.064E+01, gamma 2.052671E+02, time 0.666ms
[INFO   ] DREAMPlace - full step 3.367 ms
[INFO   ] DREAMPlace - optimizer step 2.301 ms
[INFO   ] DREAMPlace - iteration  461, ( 461,  0,  0), Obj 6.059028E+07, DensityWeight 5.517458E-07, wHPWL 8.192355E+07, Overflow 6.727252E-01, MaxDensity 9.814E+01, gamma 2.057951E+02, time 0.680ms
[INFO   ] DREAMPlace - full step 3.430 ms
[INFO   ] DREAMPlace - optimizer step 2.253 ms
[INFO   ] DREAMPlace - iteration  462, ( 462,  0,  0), Obj 6.420225E+07, DensityWeight 5.677464E-07, wHPWL 8.154826E+07, Overflow 6.732293E-01, MaxDensity 9.947E+01, gamma 2.056347E+02, time 0.676ms
[INFO   ] DREAMPlace - full step 3.369 ms
[INFO   ] DREAMPlace - optimizer step 2.258 ms
[INFO   ] DREAMPlace - iteration  463, ( 463,  0,  0), Obj 6.468735E+07, DensityWeight 5.842111E-07, wHPWL 8.296078E+07, Overflow 6.698526E-01, MaxDensity 8.908E+01, gamma 2.061658E+02, time 0.730ms
[INFO   ] DREAMPlace - full step 3.449 ms
[INFO   ] DREAMPlace - optimizer step 2.294 ms
[INFO   ] DREAMPlace - iteration  464, ( 464,  0,  0), Obj 6.342206E+07, DensityWeight 5.827505E-07, wHPWL 8.272424E+07, Overflow 6.716872E-01, MaxDensity 8.711E+01, gamma 2.026341E+02, time 0.720ms
[INFO   ] DREAMPlace - full step 3.449 ms
[INFO   ] DREAMPlace - optimizer step 2.347 ms
[INFO   ] DREAMPlace - iteration  465, ( 465,  0,  0), Obj 6.326954E+07, DensityWeight 5.996503E-07, wHPWL 8.325506E+07, Overflow 6.696521E-01, MaxDensity 8.901E+01, gamma 2.045453E+02, time 0.676ms
[INFO   ] DREAMPlace - full step 3.487 ms
[INFO   ] DREAMPlace - optimizer step 2.281 ms
[INFO   ] DREAMPlace - iteration  466, ( 466,  0,  0), Obj 6.258831E+07, DensityWeight 5.981511E-07, wHPWL 8.313045E+07, Overflow 6.691488E-01, MaxDensity 8.932E+01, gamma 2.024264E+02, time 0.680ms
[INFO   ] DREAMPlace - full step 3.426 ms
[INFO   ] DREAMPlace - optimizer step 2.293 ms
[INFO   ] DREAMPlace - iteration  467, ( 467,  0,  0), Obj 6.226416E+07, DensityWeight 6.154975E-07, wHPWL 8.315813E+07, Overflow 6.682836E-01, MaxDensity 8.870E+01, gamma 2.019057E+02, time 1.514ms
[INFO   ] DREAMPlace - full step 4.267 ms
[INFO   ] DREAMPlace - optimizer step 2.268 ms
[INFO   ] DREAMPlace - iteration  468, ( 468,  0,  0), Obj 6.180681E+07, DensityWeight 6.437835E-07, wHPWL 8.293256E+07, Overflow 6.677867E-01, MaxDensity 8.539E+01, gamma 2.010139E+02, time 0.670ms
[INFO   ] DREAMPlace - full step 3.417 ms
[INFO   ] DREAMPlace - optimizer step 2.930 ms
[INFO   ] DREAMPlace - iteration  469, ( 469,  0,  0), Obj 6.148267E+07, DensityWeight 6.624533E-07, wHPWL 8.275202E+07, Overflow 6.671561E-01, MaxDensity 9.995E+01, gamma 2.005034E+02, time 8.900ms
[INFO   ] DREAMPlace - full step 12.327 ms
[INFO   ] DREAMPlace - optimizer step 2.281 ms
[INFO   ] DREAMPlace - iteration  470, ( 470,  0,  0), Obj 6.105638E+07, DensityWeight 6.816645E-07, wHPWL 8.241582E+07, Overflow 6.671059E-01, MaxDensity 1.060E+02, gamma 1.998575E+02, time 0.670ms
[INFO   ] DREAMPlace - full step 3.411 ms
[INFO   ] DREAMPlace - optimizer step 2.275 ms
[INFO   ] DREAMPlace - iteration  471, ( 471,  0,  0), Obj 6.075960E+07, DensityWeight 7.014328E-07, wHPWL 8.217786E+07, Overflow 6.670911E-01, MaxDensity 1.133E+02, gamma 1.998062E+02, time 0.683ms
[INFO   ] DREAMPlace - full step 3.422 ms
[INFO   ] DREAMPlace - optimizer step 2.792 ms
[INFO   ] DREAMPlace - iteration  472, ( 472,  0,  0), Obj 6.397997E+07, DensityWeight 7.217744E-07, wHPWL 8.187885E+07, Overflow 6.673713E-01, MaxDensity 1.007E+02, gamma 1.997911E+02, time 0.671ms
[INFO   ] DREAMPlace - full step 3.909 ms
[INFO   ] DREAMPlace - optimizer step 2.282 ms
[INFO   ] DREAMPlace - iteration  473, ( 473,  0,  0), Obj 6.399334E+07, DensityWeight 7.427059E-07, wHPWL 8.274821E+07, Overflow 6.656622E-01, MaxDensity 8.517E+01, gamma 2.000777E+02, time 0.668ms
[INFO   ] DREAMPlace - full step 3.426 ms
[INFO   ] DREAMPlace - optimizer step 2.268 ms
[INFO   ] DREAMPlace - iteration  474, ( 474,  0,  0), Obj 6.289783E+07, DensityWeight 7.408491E-07, wHPWL 8.260528E+07, Overflow 6.658045E-01, MaxDensity 8.968E+01, gamma 1.983356E+02, time 0.664ms
[INFO   ] DREAMPlace - full step 3.371 ms
[INFO   ] DREAMPlace - optimizer step 2.276 ms
[INFO   ] DREAMPlace - iteration  475, ( 475,  0,  0), Obj 6.274824E+07, DensityWeight 7.623337E-07, wHPWL 8.315054E+07, Overflow 6.642579E-01, MaxDensity 8.231E+01, gamma 1.984801E+02, time 0.659ms
[INFO   ] DREAMPlace - full step 3.426 ms
[INFO   ] DREAMPlace - optimizer step 2.254 ms
[INFO   ] DREAMPlace - iteration  476, ( 476,  0,  0), Obj 6.201148E+07, DensityWeight 7.604278E-07, wHPWL 8.293718E+07, Overflow 6.634935E-01, MaxDensity 7.683E+01, gamma 1.969155E+02, time 0.665ms
[INFO   ] DREAMPlace - full step 3.397 ms
[INFO   ] DREAMPlace - optimizer step 2.230 ms
[INFO   ] DREAMPlace - iteration  477, ( 477,  0,  0), Obj 6.174238E+07, DensityWeight 7.824803E-07, wHPWL 8.301522E+07, Overflow 6.617804E-01, MaxDensity 8.473E+01, gamma 1.961468E+02, time 0.669ms
[INFO   ] DREAMPlace - full step 3.352 ms
[INFO   ] DREAMPlace - optimizer step 2.236 ms
[INFO   ] DREAMPlace - iteration  478, ( 478,  0,  0), Obj 6.125237E+07, DensityWeight 8.127146E-07, wHPWL 8.276544E+07, Overflow 6.611577E-01, MaxDensity 8.733E+01, gamma 1.944350E+02, time 0.672ms
[INFO   ] DREAMPlace - full step 3.380 ms
[INFO   ] DREAMPlace - optimizer step 2.319 ms
[INFO   ] DREAMPlace - iteration  479, ( 479,  0,  0), Obj 6.094083E+07, DensityWeight 8.362834E-07, wHPWL 8.261101E+07, Overflow 6.598084E-01, MaxDensity 8.639E+01, gamma 1.938164E+02, time 0.662ms
[INFO   ] DREAMPlace - full step 3.433 ms
[INFO   ] DREAMPlace - plotting to gammalocal_results/nshuf/adaptec2/plot/iter0480.png takes 1.940 seconds
[INFO   ] DREAMPlace - optimizer step 3.659 ms
[INFO   ] DREAMPlace - iteration  480, ( 480,  0,  0), Obj 6.061361E+07, DensityWeight 8.605356E-07, wHPWL 8.237518E+07, Overflow 6.594365E-01, MaxDensity 8.005E+01, gamma 1.924829E+02, time 0.672ms
[INFO   ] DREAMPlace - full step 1946.315 ms
[INFO   ] DREAMPlace - optimizer step 2.310 ms
[INFO   ] DREAMPlace - iteration  481, ( 481,  0,  0), Obj 6.027763E+07, DensityWeight 8.854912E-07, wHPWL 8.210683E+07, Overflow 6.583938E-01, MaxDensity 9.084E+01, gamma 1.921170E+02, time 0.705ms
[INFO   ] DREAMPlace - full step 3.539 ms
[INFO   ] DREAMPlace - optimizer step 2.286 ms
[INFO   ] DREAMPlace - iteration  482, ( 482,  0,  0), Obj 6.430616E+07, DensityWeight 9.111705E-07, wHPWL 8.180382E+07, Overflow 6.580667E-01, MaxDensity 9.893E+01, gamma 1.910947E+02, time 0.678ms
[INFO   ] DREAMPlace - full step 3.443 ms
[INFO   ] DREAMPlace - optimizer step 2.293 ms
[INFO   ] DREAMPlace - iteration  483, ( 483,  0,  0), Obj 6.428094E+07, DensityWeight 9.375945E-07, wHPWL 8.262158E+07, Overflow 6.542856E-01, MaxDensity 7.509E+01, gamma 1.907752E+02, time 0.655ms
[INFO   ] DREAMPlace - full step 3.416 ms
[INFO   ] DREAMPlace - optimizer step 2.239 ms
[INFO   ] DREAMPlace - iteration  484, ( 484,  0,  0), Obj 6.324881E+07, DensityWeight 9.352505E-07, wHPWL 8.250358E+07, Overflow 6.548389E-01, MaxDensity 8.795E+01, gamma 1.871196E+02, time 0.661ms
[INFO   ] DREAMPlace - full step 3.351 ms
[INFO   ] DREAMPlace - optimizer step 2.236 ms
[INFO   ] DREAMPlace - iteration  485, ( 485,  0,  0), Obj 6.295454E+07, DensityWeight 9.623727E-07, wHPWL 8.286330E+07, Overflow 6.529323E-01, MaxDensity 8.568E+01, gamma 1.876502E+02, time 0.678ms
[INFO   ] DREAMPlace - full step 3.385 ms
[INFO   ] DREAMPlace - optimizer step 2.442 ms
[INFO   ] DREAMPlace - iteration  486, ( 486,  0,  0), Obj 6.222682E+07, DensityWeight 9.610707E-07, wHPWL 8.263194E+07, Overflow 6.527231E-01, MaxDensity 8.653E+01, gamma 1.858284E+02, time 0.656ms
[INFO   ] DREAMPlace - full step 3.553 ms
[INFO   ] DREAMPlace - optimizer step 2.361 ms
[INFO   ] DREAMPlace - iteration  487, ( 487,  0,  0), Obj 6.187224E+07, DensityWeight 9.889418E-07, wHPWL 8.264376E+07, Overflow 6.523493E-01, MaxDensity 9.722E+01, gamma 1.856296E+02, time 0.657ms
[INFO   ] DREAMPlace - full step 3.477 ms
[INFO   ] DREAMPlace - optimizer step 2.232 ms
[INFO   ] DREAMPlace - iteration  488, ( 488,  0,  0), Obj 6.140967E+07, DensityWeight 1.036680E-06, wHPWL 8.240970E+07, Overflow 6.512180E-01, MaxDensity 1.068E+02, gamma 1.852749E+02, time 0.656ms
[INFO   ] DREAMPlace - full step 3.341 ms
[INFO   ] DREAMPlace - optimizer step 2.255 ms
[INFO   ] DREAMPlace - iteration  489, ( 489,  0,  0), Obj 6.103670E+07, DensityWeight 1.066744E-06, wHPWL 8.219457E+07, Overflow 6.504655E-01, MaxDensity 9.835E+01, gamma 1.842054E+02, time 0.674ms
[INFO   ] DREAMPlace - full step 3.379 ms
[INFO   ] DREAMPlace - optimizer step 2.259 ms
[INFO   ] DREAMPlace - iteration  490, ( 490,  0,  0), Obj 6.068604E+07, DensityWeight 1.097679E-06, wHPWL 8.193987E+07, Overflow 6.497718E-01, MaxDensity 1.005E+02, gamma 1.834976E+02, time 0.655ms
[INFO   ] DREAMPlace - full step 3.367 ms
[INFO   ] DREAMPlace - optimizer step 2.239 ms
[INFO   ] DREAMPlace - iteration  491, ( 491,  0,  0), Obj 6.037219E+07, DensityWeight 1.129512E-06, wHPWL 8.167310E+07, Overflow 6.490011E-01, MaxDensity 9.705E+01, gamma 1.828474E+02, time 0.665ms
[INFO   ] DREAMPlace - full step 3.375 ms
[INFO   ] DREAMPlace - optimizer step 2.244 ms
[INFO   ] DREAMPlace - iteration  492, ( 492,  0,  0), Obj 6.416802E+07, DensityWeight 1.162268E-06, wHPWL 8.138684E+07, Overflow 6.489220E-01, MaxDensity 8.395E+01, gamma 1.821278E+02, time 0.643ms
[INFO   ] DREAMPlace - full step 3.348 ms
[INFO   ] DREAMPlace - optimizer step 2.223 ms
[INFO   ] DREAMPlace - iteration  493, ( 493,  0,  0), Obj 6.456908E+07, DensityWeight 1.195974E-06, wHPWL 8.276291E+07, Overflow 6.444512E-01, MaxDensity 8.700E+01, gamma 1.820540E+02, time 0.670ms
[INFO   ] DREAMPlace - full step 3.356 ms
[INFO   ] DREAMPlace - optimizer step 2.263 ms
[INFO   ] DREAMPlace - iteration  494, ( 494,  0,  0), Obj 6.347288E+07, DensityWeight 1.192984E-06, wHPWL 8.261235E+07, Overflow 6.442177E-01, MaxDensity 9.623E+01, gamma 1.779366E+02, time 0.650ms
[INFO   ] DREAMPlace - full step 3.370 ms
[INFO   ] DREAMPlace - optimizer step 2.222 ms
[INFO   ] DREAMPlace - iteration  495, ( 495,  0,  0), Obj 6.339080E+07, DensityWeight 1.227581E-06, wHPWL 8.320342E+07, Overflow 6.417270E-01, MaxDensity 8.069E+01, gamma 1.777240E+02, time 0.670ms
[INFO   ] DREAMPlace - full step 3.346 ms
[INFO   ] DREAMPlace - optimizer step 2.221 ms
[INFO   ] DREAMPlace - iteration  496, ( 496,  0,  0), Obj 6.280248E+07, DensityWeight 1.224512E-06, wHPWL 8.309690E+07, Overflow 6.408179E-01, MaxDensity 8.142E+01, gamma 1.754735E+02, time 0.668ms
[INFO   ] DREAMPlace - full step 3.350 ms
[INFO   ] DREAMPlace - optimizer step 2.249 ms
[INFO   ] DREAMPlace - iteration  497, ( 497,  0,  0), Obj 6.252542E+07, DensityWeight 1.260022E-06, wHPWL 8.318094E+07, Overflow 6.382195E-01, MaxDensity 8.032E+01, gamma 1.746591E+02, time 0.670ms
[INFO   ] DREAMPlace - full step 3.367 ms
[INFO   ] DREAMPlace - optimizer step 2.218 ms
[INFO   ] DREAMPlace - iteration  498, ( 498,  0,  0), Obj 6.214946E+07, DensityWeight 1.307613E-06, wHPWL 8.305219E+07, Overflow 6.363646E-01, MaxDensity 8.018E+01, gamma 1.723522E+02, time 0.682ms
[INFO   ] DREAMPlace - full step 3.351 ms
[INFO   ] DREAMPlace - optimizer step 13.260 ms
[INFO   ] DREAMPlace - iteration  499, ( 499,  0,  0), Obj 6.188466E+07, DensityWeight 1.345534E-06, wHPWL 8.294614E+07, Overflow 6.350390E-01, MaxDensity 8.426E+01, gamma 1.707241E+02, time 0.662ms
[INFO   ] DREAMPlace - full step 14.381 ms
[INFO   ] DREAMPlace - optimizer step 2.484 ms
[INFO   ] DREAMPlace - iteration  500, ( 500,  0,  0), Obj 6.156426E+07, DensityWeight 1.384554E-06, wHPWL 8.274211E+07, Overflow 6.337295E-01, MaxDensity 6.976E+01, gamma 1.695701E+02, time 3.985ms
[INFO   ] DREAMPlace - full step 6.922 ms
[INFO   ] DREAMPlace - gamma_local: mean(coef_net)/coef = 1.821 (norm=gamma, applied ratio 1.000)
[INFO   ] DREAMPlace - optimizer step 6.326 ms
[INFO   ] DREAMPlace - iteration  501, ( 501,  0,  0), Obj 6.133086E+07, DensityWeight 1.424706E-06, wHPWL 8.258806E+07, Overflow 6.326250E-01, MaxDensity 8.397E+01, gamma 1.684377E+02, time 0.668ms
[INFO   ] DREAMPlace - full step 7.462 ms
[INFO   ] DREAMPlace - optimizer step 2.227 ms
[INFO   ] DREAMPlace - iteration  502, ( 502,  0,  0), Obj 6.600683E+07, DensityWeight 1.466023E-06, wHPWL 8.238547E+07, Overflow 6.311125E-01, MaxDensity 8.743E+01, gamma 1.674884E+02, time 4.803ms
[INFO   ] DREAMPlace - full step 7.489 ms
[INFO   ] DREAMPlace - optimizer step 2.226 ms
[INFO   ] DREAMPlace - iteration  503, ( 503,  0,  0), Obj 6.624815E+07, DensityWeight 1.508538E-06, wHPWL 8.356826E+07, Overflow 6.288282E-01, MaxDensity 7.419E+01, gamma 1.661971E+02, time 0.654ms
[INFO   ] DREAMPlace - full step 3.339 ms
[INFO   ] DREAMPlace - optimizer step 2.225 ms
[INFO   ] DREAMPlace - iteration  504, ( 504,  0,  0), Obj 6.499192E+07, DensityWeight 1.504766E-06, wHPWL 8.314317E+07, Overflow 6.299426E-01, MaxDensity 7.617E+01, gamma 1.642658E+02, time 0.657ms
[INFO   ] DREAMPlace - full step 3.331 ms
[INFO   ] DREAMPlace - optimizer step 2.203 ms
[INFO   ] DREAMPlace - iteration  505, ( 505,  0,  0), Obj 6.483272E+07, DensityWeight 1.548404E-06, wHPWL 8.360458E+07, Overflow 6.294938E-01, MaxDensity 7.530E+01, gamma 1.652052E+02, time 0.661ms
[INFO   ] DREAMPlace - full step 3.292 ms
[INFO   ] DREAMPlace - optimizer step 2.232 ms
[INFO   ] DREAMPlace - iteration  506, ( 506,  0,  0), Obj 6.411641E+07, DensityWeight 1.544533E-06, wHPWL 8.331916E+07, Overflow 6.300139E-01, MaxDensity 8.570E+01, gamma 1.648263E+02, time 0.662ms
[INFO   ] DREAMPlace - full step 3.323 ms
[INFO   ] DREAMPlace - optimizer step 2.213 ms
[INFO   ] DREAMPlace - iteration  507, ( 507,  0,  0), Obj 6.375850E+07, DensityWeight 1.589325E-06, wHPWL 8.324072E+07, Overflow 6.288098E-01, MaxDensity 7.703E+01, gamma 1.652656E+02, time 0.667ms
[INFO   ] DREAMPlace - full step 3.330 ms
[INFO   ] DREAMPlace - optimizer step 4.768 ms
[INFO   ] DREAMPlace - iteration  508, ( 508,  0,  0), Obj 6.327215E+07, DensityWeight 1.635415E-06, wHPWL 8.292509E+07, Overflow 6.288944E-01, MaxDensity 8.400E+01, gamma 1.642504E+02, time 0.720ms
[INFO   ] DREAMPlace - full step 5.928 ms
[INFO   ] DREAMPlace - optimizer step 2.243 ms
[INFO   ] DREAMPlace - iteration  509, ( 509,  0,  0), Obj 6.292113E+07, DensityWeight 1.682842E-06, wHPWL 8.268504E+07, Overflow 6.288314E-01, MaxDensity 8.350E+01, gamma 1.643216E+02, time 0.665ms
[INFO   ] DREAMPlace - full step 3.344 ms
[INFO   ] DREAMPlace - optimizer step 2.221 ms
[INFO   ] DREAMPlace - iteration  510, ( 510,  0,  0), Obj 6.255948E+07, DensityWeight 1.731645E-06, wHPWL 8.238917E+07, Overflow 6.294490E-01, MaxDensity 9.139E+01, gamma 1.642686E+02, time 0.669ms
[INFO   ] DREAMPlace - full step 3.353 ms
[INFO   ] DREAMPlace - optimizer step 2.252 ms
[INFO   ] DREAMPlace - iteration  511, ( 511,  0,  0), Obj 6.223304E+07, DensityWeight 1.781863E-06, wHPWL 8.210277E+07, Overflow 6.291582E-01, MaxDensity 9.758E+01, gamma 1.647885E+02, time 0.676ms
[INFO   ] DREAMPlace - full step 3.369 ms
[INFO   ] DREAMPlace - optimizer step 2.254 ms
[INFO   ] DREAMPlace - iteration  512, ( 512,  0,  0), Obj 6.631072E+07, DensityWeight 1.833537E-06, wHPWL 8.173463E+07, Overflow 6.295979E-01, MaxDensity 8.029E+01, gamma 1.645434E+02, time 0.645ms
[INFO   ] DREAMPlace - full step 3.344 ms
[INFO   ] DREAMPlace - optimizer step 2.234 ms
[INFO   ] DREAMPlace - iteration  513, ( 513,  0,  0), Obj 6.627971E+07, DensityWeight 1.886709E-06, wHPWL 8.249625E+07, Overflow 6.272187E-01, MaxDensity 7.403E+01, gamma 1.649141E+02, time 0.669ms
[INFO   ] DREAMPlace - full step 3.360 ms
[INFO   ] DREAMPlace - optimizer step 2.238 ms
[INFO   ] DREAMPlace - iteration  514, ( 514,  0,  0), Obj 6.528130E+07, DensityWeight 1.881993E-06, wHPWL 8.234839E+07, Overflow 6.282322E-01, MaxDensity 8.733E+01, gamma 1.629186E+02, time 0.661ms
[INFO   ] DREAMPlace - full step 3.327 ms
[INFO   ] DREAMPlace - optimizer step 2.239 ms
[INFO   ] DREAMPlace - iteration  515, ( 515,  0,  0), Obj 6.500135E+07, DensityWeight 1.936570E-06, wHPWL 8.267572E+07, Overflow 6.266246E-01, MaxDensity 8.290E+01, gamma 1.637657E+02, time 0.653ms
[INFO   ] DREAMPlace - full step 3.345 ms
[INFO   ] DREAMPlace - optimizer step 3.117 ms
[INFO   ] DREAMPlace - iteration  516, ( 516,  0,  0), Obj 6.441908E+07, DensityWeight 1.942701E-06, wHPWL 8.257115E+07, Overflow 6.262054E-01, MaxDensity 8.092E+01, gamma 1.624241E+02, time 0.660ms
[INFO   ] DREAMPlace - full step 4.294 ms
[INFO   ] DREAMPlace - optimizer step 2.257 ms
[INFO   ] DREAMPlace - iteration  517, ( 517,  0,  0), Obj 6.402496E+07, DensityWeight 1.999039E-06, wHPWL 8.247960E+07, Overflow 6.256585E-01, MaxDensity 8.604E+01, gamma 1.620762E+02, time 0.673ms
[INFO   ] DREAMPlace - full step 3.444 ms
[INFO   ] DREAMPlace - optimizer step 2.240 ms
[INFO   ] DREAMPlace - iteration  518, ( 518,  0,  0), Obj 6.365700E+07, DensityWeight 2.057011E-06, wHPWL 8.236000E+07, Overflow 6.256543E-01, MaxDensity 8.205E+01, gamma 1.616231E+02, time 0.652ms
[INFO   ] DREAMPlace - full step 3.345 ms
[INFO   ] DREAMPlace - optimizer step 2.249 ms
[INFO   ] DREAMPlace - iteration  519, ( 519,  0,  0), Obj 6.331554E+07, DensityWeight 2.116665E-06, wHPWL 8.214134E+07, Overflow 6.247497E-01, MaxDensity 9.483E+01, gamma 1.616197E+02, time 0.656ms
[INFO   ] DREAMPlace - full step 3.376 ms
[INFO   ] DREAMPlace - plotting to gammalocal_results/nshuf/adaptec2/plot/iter0520.png takes 2.180 seconds
[INFO   ] DREAMPlace - optimizer step 46.101 ms
[INFO   ] DREAMPlace - iteration  520, ( 520,  0,  0), Obj 6.293343E+07, DensityWeight 2.178048E-06, wHPWL 8.183771E+07, Overflow 6.241376E-01, MaxDensity 8.623E+01, gamma 1.608733E+02, time 0.655ms
[INFO   ] DREAMPlace - full step 2229.954 ms
[INFO   ] DREAMPlace - optimizer step 13.201 ms
[INFO   ] DREAMPlace - iteration  521, ( 521,  0,  0), Obj 6.266427E+07, DensityWeight 2.241212E-06, wHPWL 8.161514E+07, Overflow 6.245089E-01, MaxDensity 9.212E+01, gamma 1.603702E+02, time 11.422ms
[INFO   ] DREAMPlace - full step 25.260 ms
[INFO   ] DREAMPlace - optimizer step 2.293 ms
[INFO   ] DREAMPlace - iteration  522, ( 522,  0,  0), Obj 6.640220E+07, DensityWeight 2.306207E-06, wHPWL 8.130706E+07, Overflow 6.244231E-01, MaxDensity 9.133E+01, gamma 1.606753E+02, time 0.688ms
[INFO   ] DREAMPlace - full step 3.450 ms
[INFO   ] DREAMPlace - optimizer step 3.101 ms
[INFO   ] DREAMPlace - iteration  523, ( 523,  0,  0), Obj 6.640427E+07, DensityWeight 2.373087E-06, wHPWL 8.211774E+07, Overflow 6.213908E-01, MaxDensity 8.552E+01, gamma 1.606048E+02, time 1.176ms
[INFO   ] DREAMPlace - full step 4.749 ms
[INFO   ] DREAMPlace - optimizer step 426.624 ms
[INFO   ] DREAMPlace - iteration  524, ( 524,  0,  0), Obj 6.548171E+07, DensityWeight 2.367154E-06, wHPWL 8.205912E+07, Overflow 6.217828E-01, MaxDensity 7.964E+01, gamma 1.581320E+02, time 1.021ms
[INFO   ] DREAMPlace - full step 428.215 ms
[INFO   ] DREAMPlace - optimizer step 25.708 ms
[INFO   ] DREAMPlace - iteration  525, ( 525,  0,  0), Obj 6.524056E+07, DensityWeight 2.435802E-06, wHPWL 8.247186E+07, Overflow 6.206145E-01, MaxDensity 7.762E+01, gamma 1.584495E+02, time 141.309ms
[INFO   ] DREAMPlace - full step 168.108 ms
[INFO   ] DREAMPlace - optimizer step 11.751 ms
[INFO   ] DREAMPlace - iteration  526, ( 526,  0,  0), Obj 6.466946E+07, DensityWeight 2.429712E-06, wHPWL 8.240080E+07, Overflow 6.207935E-01, MaxDensity 8.143E+01, gamma 1.575052E+02, time 8.312ms
[INFO   ] DREAMPlace - full step 20.596 ms
[INFO   ] DREAMPlace - optimizer step 9.120 ms
[INFO   ] DREAMPlace - iteration  527, ( 527,  0,  0), Obj 6.436238E+07, DensityWeight 2.500174E-06, wHPWL 8.244422E+07, Overflow 6.195149E-01, MaxDensity 8.623E+01, gamma 1.576494E+02, time 4.770ms
[INFO   ] DREAMPlace - full step 14.384 ms
[INFO   ] DREAMPlace - optimizer step 11.268 ms
[INFO   ] DREAMPlace - iteration  528, ( 528,  0,  0), Obj 6.400376E+07, DensityWeight 2.609339E-06, wHPWL 8.234488E+07, Overflow 6.190817E-01, MaxDensity 7.159E+01, gamma 1.566214E+02, time 1.696ms
[INFO   ] DREAMPlace - full step 13.447 ms
[INFO   ] DREAMPlace - optimizer step 10.442 ms
[INFO   ] DREAMPlace - iteration  529, ( 529,  0,  0), Obj 6.365105E+07, DensityWeight 2.685010E-06, wHPWL 8.213006E+07, Overflow 6.186638E-01, MaxDensity 7.502E+01, gamma 1.562746E+02, time 12.391ms
[INFO   ] DREAMPlace - full step 23.751 ms
[INFO   ] DREAMPlace - optimizer step 2.297 ms
[INFO   ] DREAMPlace - iteration  530, ( 530,  0,  0), Obj 6.335770E+07, DensityWeight 2.762876E-06, wHPWL 8.196333E+07, Overflow 6.184502E-01, MaxDensity 8.249E+01, gamma 1.559408E+02, time 1.725ms
[INFO   ] DREAMPlace - full step 4.507 ms
[INFO   ] DREAMPlace - optimizer step 2.375 ms
[INFO   ] DREAMPlace - iteration  531, ( 531,  0,  0), Obj 6.309644E+07, DensityWeight 2.842999E-06, wHPWL 8.174835E+07, Overflow 6.178454E-01, MaxDensity 7.875E+01, gamma 1.557705E+02, time 0.660ms
[INFO   ] DREAMPlace - full step 3.508 ms
[INFO   ] DREAMPlace - optimizer step 2.233 ms
[INFO   ] DREAMPlace - iteration  532, ( 532,  0,  0), Obj 6.643351E+07, DensityWeight 2.925446E-06, wHPWL 8.149355E+07, Overflow 6.177745E-01, MaxDensity 7.900E+01, gamma 1.552892E+02, time 0.660ms
[INFO   ] DREAMPlace - full step 3.375 ms
[INFO   ] DREAMPlace - optimizer step 2.284 ms
[INFO   ] DREAMPlace - iteration  533, ( 533,  0,  0), Obj 6.628754E+07, DensityWeight 3.010284E-06, wHPWL 8.213894E+07, Overflow 6.148165E-01, MaxDensity 7.271E+01, gamma 1.552328E+02, time 0.690ms
[INFO   ] DREAMPlace - full step 3.445 ms
[INFO   ] DREAMPlace - optimizer step 2.259 ms
[INFO   ] DREAMPlace - iteration  534, ( 534,  0,  0), Obj 6.552778E+07, DensityWeight 3.002759E-06, wHPWL 8.227834E+07, Overflow 6.140144E-01, MaxDensity 7.779E+01, gamma 1.529010E+02, time 0.687ms
[INFO   ] DREAMPlace - full step 3.409 ms
[INFO   ] DREAMPlace - optimizer step 2.251 ms
[INFO   ] DREAMPlace - iteration  535, ( 535,  0,  0), Obj 6.529773E+07, DensityWeight 3.092219E-06, wHPWL 8.267826E+07, Overflow 6.124108E-01, MaxDensity 7.630E+01, gamma 1.522747E+02, time 0.672ms
[INFO   ] DREAMPlace - full step 3.386 ms
[INFO   ] DREAMPlace - optimizer step 2.251 ms
[INFO   ] DREAMPlace - iteration  536, ( 536,  0,  0), Obj 6.480167E+07, DensityWeight 3.084489E-06, wHPWL 8.269635E+07, Overflow 6.103923E-01, MaxDensity 6.804E+01, gamma 1.510304E+02, time 0.665ms
[INFO   ] DREAMPlace - full step 3.367 ms
[INFO   ] DREAMPlace - optimizer step 2.356 ms
[INFO   ] DREAMPlace - iteration  537, ( 537,  0,  0), Obj 6.453370E+07, DensityWeight 3.230553E-06, wHPWL 8.277742E+07, Overflow 6.076882E-01, MaxDensity 6.385E+01, gamma 1.494785E+02, time 0.673ms
[INFO   ] DREAMPlace - full step 3.508 ms
[INFO   ] DREAMPlace - optimizer step 2.280 ms
[INFO   ] DREAMPlace - iteration  538, ( 538,  0,  0), Obj 6.416456E+07, DensityWeight 3.353961E-06, wHPWL 8.263315E+07, Overflow 6.068522E-01, MaxDensity 6.673E+01, gamma 1.474244E+02, time 0.696ms
[INFO   ] DREAMPlace - full step 3.447 ms
[INFO   ] DREAMPlace - optimizer step 2.291 ms
[INFO   ] DREAMPlace - iteration  539, ( 539,  0,  0), Obj 6.388532E+07, DensityWeight 3.451226E-06, wHPWL 8.251425E+07, Overflow 6.045690E-01, MaxDensity 7.209E+01, gamma 1.467952E+02, time 0.670ms
[INFO   ] DREAMPlace - full step 3.419 ms
[INFO   ] DREAMPlace - optimizer step 2.307 ms
[INFO   ] DREAMPlace - iteration  540, ( 540,  0,  0), Obj 6.364092E+07, DensityWeight 3.551312E-06, wHPWL 8.236087E+07, Overflow 6.037573E-01, MaxDensity 6.875E+01, gamma 1.450902E+02, time 0.672ms
[INFO   ] DREAMPlace - full step 3.435 ms
[INFO   ] DREAMPlace - optimizer step 2.270 ms
[INFO   ] DREAMPlace - iteration  541, ( 541,  0,  0), Obj 6.339423E+07, DensityWeight 3.654300E-06, wHPWL 8.218811E+07, Overflow 6.026897E-01, MaxDensity 6.974E+01, gamma 1.444888E+02, time 0.675ms
[INFO   ] DREAMPlace - full step 3.408 ms
[INFO   ] DREAMPlace - optimizer step 26.049 ms
[INFO   ] DREAMPlace - iteration  542, ( 542,  0,  0), Obj 6.755246E+07, DensityWeight 3.760275E-06, wHPWL 8.197998E+07, Overflow 6.022702E-01, MaxDensity 7.597E+01, gamma 1.437017E+02, time 0.664ms
[INFO   ] DREAMPlace - full step 27.210 ms
[INFO   ] DREAMPlace - optimizer step 2.245 ms
[INFO   ] DREAMPlace - iteration  543, ( 543,  0,  0), Obj 6.755998E+07, DensityWeight 3.869323E-06, wHPWL 8.280202E+07, Overflow 5.990829E-01, MaxDensity 6.759E+01, gamma 1.433935E+02, time 0.678ms
[INFO   ] DREAMPlace - full step 3.400 ms
[INFO   ] DREAMPlace - optimizer step 2.353 ms
[INFO   ] DREAMPlace - iteration  544, ( 544,  0,  0), Obj 6.662726E+07, DensityWeight 3.859650E-06, wHPWL 8.267696E+07, Overflow 5.992127E-01, MaxDensity 6.688E+01, gamma 1.410739E+02, time 0.673ms
[INFO   ] DREAMPlace - full step 3.477 ms
[INFO   ] DREAMPlace - optimizer step 2.348 ms
[INFO   ] DREAMPlace - iteration  545, ( 545,  0,  0), Obj 6.644488E+07, DensityWeight 3.971580E-06, wHPWL 8.308704E+07, Overflow 5.984319E-01, MaxDensity 5.959E+01, gamma 1.411676E+02, time 0.673ms
[INFO   ] DREAMPlace - full step 3.517 ms
[INFO   ] DREAMPlace - optimizer step 2.345 ms
[INFO   ] DREAMPlace - iteration  546, ( 546,  0,  0), Obj 6.585940E+07, DensityWeight 3.961651E-06, wHPWL 8.294341E+07, Overflow 5.979831E-01, MaxDensity 6.364E+01, gamma 1.406048E+02, time 0.674ms
[INFO   ] DREAMPlace - full step 3.480 ms
[INFO   ] DREAMPlace - optimizer step 2.287 ms
[INFO   ] DREAMPlace - iteration  547, ( 547,  0,  0), Obj 6.564778E+07, DensityWeight 4.076539E-06, wHPWL 8.302733E+07, Overflow 5.968146E-01, MaxDensity 6.348E+01, gamma 1.402823E+02, time 0.676ms
[INFO   ] DREAMPlace - full step 3.417 ms
[INFO   ] DREAMPlace - optimizer step 4.621 ms
[INFO   ] DREAMPlace - iteration  548, ( 548,  0,  0), Obj 6.522931E+07, DensityWeight 4.230584E-06, wHPWL 8.278375E+07, Overflow 5.960188E-01, MaxDensity 6.830E+01, gamma 1.394460E+02, time 4.534ms
[INFO   ] DREAMPlace - full step 9.633 ms
[INFO   ] DREAMPlace - optimizer step 2.529 ms
[INFO   ] DREAMPlace - iteration  549, ( 549,  0,  0), Obj 6.499932E+07, DensityWeight 4.353271E-06, wHPWL 8.271047E+07, Overflow 5.950760E-01, MaxDensity 7.377E+01, gamma 1.388793E+02, time 2.548ms
[INFO   ] DREAMPlace - full step 5.554 ms
[INFO   ] DREAMPlace - optimizer step 2.268 ms
[INFO   ] DREAMPlace - iteration  550, ( 550,  0,  0), Obj 6.470770E+07, DensityWeight 4.479516E-06, wHPWL 8.249157E+07, Overflow 5.944270E-01, MaxDensity 7.060E+01, gamma 1.382110E+02, time 0.674ms
[INFO   ] DREAMPlace - full step 3.398 ms
[INFO   ] DREAMPlace - optimizer step 4.291 ms
[INFO   ] DREAMPlace - iteration  551, ( 551,  0,  0), Obj 6.444047E+07, DensityWeight 4.609422E-06, wHPWL 8.227741E+07, Overflow 5.929707E-01, MaxDensity 7.050E+01, gamma 1.377528E+02, time 0.680ms
[INFO   ] DREAMPlace - full step 5.429 ms
[INFO   ] DREAMPlace - optimizer step 2.478 ms
[INFO   ] DREAMPlace - iteration  552, ( 552,  0,  0), Obj 6.761924E+07, DensityWeight 4.743096E-06, wHPWL 8.203244E+07, Overflow 5.924860E-01, MaxDensity 7.059E+01, gamma 1.367301E+02, time 0.661ms
[INFO   ] DREAMPlace - full step 3.603 ms
[INFO   ] DREAMPlace - optimizer step 2.273 ms
[INFO   ] DREAMPlace - iteration  553, ( 553,  0,  0), Obj 6.755903E+07, DensityWeight 4.880646E-06, wHPWL 8.276641E+07, Overflow 5.892766E-01, MaxDensity 6.303E+01, gamma 1.363914E+02, time 0.659ms
[INFO   ] DREAMPlace - full step 3.392 ms
[INFO   ] DREAMPlace - optimizer step 2.247 ms
[INFO   ] DREAMPlace - iteration  554, ( 554,  0,  0), Obj 6.676432E+07, DensityWeight 4.868444E-06, wHPWL 8.278152E+07, Overflow 5.885146E-01, MaxDensity 5.999E+01, gamma 1.341698E+02, time 0.656ms
[INFO   ] DREAMPlace - full step 3.366 ms
[INFO   ] DREAMPlace - optimizer step 2.255 ms
[INFO   ] DREAMPlace - iteration  555, ( 555,  0,  0), Obj 6.659014E+07, DensityWeight 5.101108E-06, wHPWL 8.317102E+07, Overflow 5.860193E-01, MaxDensity 6.098E+01, gamma 1.336477E+02, time 0.671ms
[INFO   ] DREAMPlace - full step 3.377 ms
[INFO   ] DREAMPlace - optimizer step 7.059 ms
[INFO   ] DREAMPlace - iteration  556, ( 556,  0,  0), Obj 6.611933E+07, DensityWeight 5.088355E-06, wHPWL 8.311478E+07, Overflow 5.849470E-01, MaxDensity 6.419E+01, gamma 1.319521E+02, time 19.430ms
[INFO   ] DREAMPlace - full step 26.959 ms
[INFO   ] DREAMPlace - optimizer step 2.375 ms
[INFO   ] DREAMPlace - iteration  557, ( 557,  0,  0), Obj 6.586404E+07, DensityWeight 5.235918E-06, wHPWL 8.312894E+07, Overflow 5.838396E-01, MaxDensity 6.271E+01, gamma 1.312302E+02, time 0.675ms
[INFO   ] DREAMPlace - full step 3.501 ms
[INFO   ] DREAMPlace - optimizer step 2.241 ms
[INFO   ] DREAMPlace - iteration  558, ( 558,  0,  0), Obj 6.553927E+07, DensityWeight 5.486872E-06, wHPWL 8.299243E+07, Overflow 5.825742E-01, MaxDensity 5.974E+01, gamma 1.304887E+02, time 0.670ms
[INFO   ] DREAMPlace - full step 3.370 ms
[INFO   ] DREAMPlace - optimizer step 25.414 ms
[INFO   ] DREAMPlace - iteration  559, ( 559,  0,  0), Obj 6.525590E+07, DensityWeight 5.645992E-06, wHPWL 8.282283E+07, Overflow 5.816240E-01, MaxDensity 6.301E+01, gamma 1.296465E+02, time 2.115ms
[INFO   ] DREAMPlace - full step 28.034 ms
[INFO   ] DREAMPlace - plotting to gammalocal_results/nshuf/adaptec2/plot/iter0560.png takes 1.930 seconds
[INFO   ] DREAMPlace - optimizer step 5.278 ms
[INFO   ] DREAMPlace - iteration  560, ( 560,  0,  0), Obj 6.501753E+07, DensityWeight 5.809726E-06, wHPWL 8.266989E+07, Overflow 5.803577E-01, MaxDensity 5.669E+01, gamma 1.290177E+02, time 1.956ms
[INFO   ] DREAMPlace - full step 1939.572 ms
[INFO   ] DREAMPlace - optimizer step 2.472 ms
[INFO   ] DREAMPlace - iteration  561, ( 561,  0,  0), Obj 6.476430E+07, DensityWeight 5.978209E-06, wHPWL 8.248229E+07, Overflow 5.796794E-01, MaxDensity 5.971E+01, gamma 1.281844E+02, time 0.787ms
[INFO   ] DREAMPlace - full step 3.990 ms
[INFO   ] DREAMPlace - optimizer step 2.319 ms
[INFO   ] DREAMPlace - iteration  562, ( 562,  0,  0), Obj 6.860110E+07, DensityWeight 6.151577E-06, wHPWL 8.230702E+07, Overflow 5.781720E-01, MaxDensity 6.081E+01, gamma 1.277403E+02, time 0.687ms
[INFO   ] DREAMPlace - full step 3.488 ms
[INFO   ] DREAMPlace - optimizer step 2.340 ms
[INFO   ] DREAMPlace - iteration  563, ( 563,  0,  0), Obj 6.850916E+07, DensityWeight 6.329973E-06, wHPWL 8.295359E+07, Overflow 5.761006E-01, MaxDensity 5.996E+01, gamma 1.267588E+02, time 0.687ms
[INFO   ] DREAMPlace - full step 3.503 ms
[INFO   ] DREAMPlace - optimizer step 6.922 ms
[INFO   ] DREAMPlace - iteration  564, ( 564,  0,  0), Obj 6.767230E+07, DensityWeight 6.314148E-06, wHPWL 8.285350E+07, Overflow 5.760714E-01, MaxDensity 5.921E+01, gamma 1.254223E+02, time 2.081ms
[INFO   ] DREAMPlace - full step 9.481 ms
[INFO   ] DREAMPlace - optimizer step 2.298 ms
[INFO   ] DREAMPlace - iteration  565, ( 565,  0,  0), Obj 6.749942E+07, DensityWeight 6.497258E-06, wHPWL 8.320555E+07, Overflow 5.750954E-01, MaxDensity 5.704E+01, gamma 1.254036E+02, time 0.695ms
[INFO   ] DREAMPlace - full step 3.447 ms
[INFO   ] DREAMPlace - optimizer step 2.291 ms
[INFO   ] DREAMPlace - iteration  566, ( 566,  0,  0), Obj 6.697666E+07, DensityWeight 6.495396E-06, wHPWL 8.304610E+07, Overflow 5.745361E-01, MaxDensity 5.710E+01, gamma 1.247789E+02, time 0.682ms
[INFO   ] DREAMPlace - full step 3.429 ms
[INFO   ] DREAMPlace - optimizer step 2.295 ms
[INFO   ] DREAMPlace - iteration  567, ( 567,  0,  0), Obj 6.672739E+07, DensityWeight 6.683763E-06, wHPWL 8.307527E+07, Overflow 5.732438E-01, MaxDensity 5.536E+01, gamma 1.244223E+02, time 1.032ms
[INFO   ] DREAMPlace - full step 3.793 ms
[INFO   ] DREAMPlace - optimizer step 2.264 ms
[INFO   ] DREAMPlace - iteration  568, ( 568,  0,  0), Obj 6.637512E+07, DensityWeight 6.989474E-06, wHPWL 8.288330E+07, Overflow 5.731662E-01, MaxDensity 6.117E+01, gamma 1.236023E+02, time 0.720ms
[INFO   ] DREAMPlace - full step 3.439 ms
[INFO   ] DREAMPlace - optimizer step 2.279 ms
[INFO   ] DREAMPlace - iteration  569, ( 569,  0,  0), Obj 6.609876E+07, DensityWeight 7.192169E-06, wHPWL 8.273299E+07, Overflow 5.730343E-01, MaxDensity 5.885E+01, gamma 1.235532E+02, time 0.677ms
[INFO   ] DREAMPlace - full step 3.407 ms
[INFO   ] DREAMPlace - optimizer step 2.237 ms
[INFO   ] DREAMPlace - iteration  570, ( 570,  0,  0), Obj 6.579991E+07, DensityWeight 7.400742E-06, wHPWL 8.249502E+07, Overflow 5.727444E-01, MaxDensity 5.460E+01, gamma 1.234699E+02, time 0.682ms
[INFO   ] DREAMPlace - full step 3.370 ms
[INFO   ] DREAMPlace - optimizer step 2.230 ms
[INFO   ] DREAMPlace - iteration  571, ( 571,  0,  0), Obj 6.557659E+07, DensityWeight 7.615363E-06, wHPWL 8.229494E+07, Overflow 5.723628E-01, MaxDensity 5.771E+01, gamma 1.232868E+02, time 0.664ms
[INFO   ] DREAMPlace - full step 3.361 ms
[INFO   ] DREAMPlace - optimizer step 2.232 ms
[INFO   ] DREAMPlace - iteration  572, ( 572,  0,  0), Obj 6.910522E+07, DensityWeight 7.836209E-06, wHPWL 8.207612E+07, Overflow 5.714533E-01, MaxDensity 5.744E+01, gamma 1.230463E+02, time 0.652ms
[INFO   ] DREAMPlace - full step 3.360 ms
[INFO   ] DREAMPlace - optimizer step 2.551 ms
[INFO   ] DREAMPlace - iteration  573, ( 573,  0,  0), Obj 6.906461E+07, DensityWeight 8.063459E-06, wHPWL 8.275578E+07, Overflow 5.700657E-01, MaxDensity 5.202E+01, gamma 1.224750E+02, time 0.666ms
[INFO   ] DREAMPlace - full step 3.673 ms
[INFO   ] DREAMPlace - optimizer step 2.334 ms
[INFO   ] DREAMPlace - iteration  574, ( 574,  0,  0), Obj 6.818244E+07, DensityWeight 8.043300E-06, wHPWL 8.260326E+07, Overflow 5.708286E-01, MaxDensity 5.831E+01, gamma 1.216085E+02, time 0.658ms
[INFO   ] DREAMPlace - full step 3.440 ms
[INFO   ] DREAMPlace - optimizer step 4.036 ms
[INFO   ] DREAMPlace - iteration  575, ( 575,  0,  0), Obj 6.800889E+07, DensityWeight 8.276556E-06, wHPWL 8.296485E+07, Overflow 5.693573E-01, MaxDensity 5.490E+01, gamma 1.220842E+02, time 0.665ms
[INFO   ] DREAMPlace - full step 5.172 ms
[INFO   ] DREAMPlace - optimizer step 2.401 ms
[INFO   ] DREAMPlace - iteration  576, ( 576,  0,  0), Obj 6.753754E+07, DensityWeight 8.263192E-06, wHPWL 8.288069E+07, Overflow 5.690967E-01, MaxDensity 5.498E+01, gamma 1.211685E+02, time 0.673ms
[INFO   ] DREAMPlace - full step 3.526 ms
[INFO   ] DREAMPlace - optimizer step 10.585 ms
[INFO   ] DREAMPlace - iteration  577, ( 577,  0,  0), Obj 6.725201E+07, DensityWeight 8.502825E-06, wHPWL 8.286302E+07, Overflow 5.686305E-01, MaxDensity 5.092E+01, gamma 1.210071E+02, time 11.006ms
[INFO   ] DREAMPlace - full step 22.056 ms
[INFO   ] DREAMPlace - optimizer step 2.240 ms
[INFO   ] DREAMPlace - iteration  578, ( 578,  0,  0), Obj 6.691003E+07, DensityWeight 8.749407E-06, wHPWL 8.270477E+07, Overflow 5.685997E-01, MaxDensity 4.488E+01, gamma 1.207188E+02, time 0.655ms
[INFO   ] DREAMPlace - full step 3.364 ms
[INFO   ] DREAMPlace - optimizer step 2.677 ms
[INFO   ] DREAMPlace - iteration  579, ( 579,  0,  0), Obj 6.665700E+07, DensityWeight 9.003141E-06, wHPWL 8.256626E+07, Overflow 5.676787E-01, MaxDensity 4.907E+01, gamma 1.206997E+02, time 0.654ms
[INFO   ] DREAMPlace - full step 3.793 ms
[INFO   ] DREAMPlace - optimizer step 2.239 ms
[INFO   ] DREAMPlace - iteration  580, ( 580,  0,  0), Obj 6.637570E+07, DensityWeight 9.264232E-06, wHPWL 8.234499E+07, Overflow 5.678472E-01, MaxDensity 5.454E+01, gamma 1.201323E+02, time 0.670ms
[INFO   ] DREAMPlace - full step 3.371 ms
[INFO   ] DREAMPlace - optimizer step 2.267 ms
[INFO   ] DREAMPlace - iteration  581, ( 581,  0,  0), Obj 6.615001E+07, DensityWeight 9.532895E-06, wHPWL 8.217866E+07, Overflow 5.676011E-01, MaxDensity 5.910E+01, gamma 1.202359E+02, time 0.666ms
[INFO   ] DREAMPlace - full step 3.401 ms
[INFO   ] DREAMPlace - optimizer step 2.287 ms
[INFO   ] DREAMPlace - iteration  582, ( 582,  0,  0), Obj 6.914459E+07, DensityWeight 9.809350E-06, wHPWL 8.195413E+07, Overflow 5.669033E-01, MaxDensity 6.127E+01, gamma 1.200846E+02, time 0.688ms
[INFO   ] DREAMPlace - full step 3.453 ms
[INFO   ] DREAMPlace - optimizer step 2.336 ms
[INFO   ] DREAMPlace - iteration  583, ( 583,  0,  0), Obj 6.883374E+07, DensityWeight 1.009382E-05, wHPWL 8.232384E+07, Overflow 5.651306E-01, MaxDensity 5.680E+01, gamma 1.196566E+02, time 0.668ms
[INFO   ] DREAMPlace - full step 3.470 ms
[INFO   ] DREAMPlace - optimizer step 2.265 ms
[INFO   ] DREAMPlace - iteration  584, ( 584,  0,  0), Obj 6.819670E+07, DensityWeight 1.006859E-05, wHPWL 8.239388E+07, Overflow 5.653319E-01, MaxDensity 5.492E+01, gamma 1.185761E+02, time 0.652ms
[INFO   ] DREAMPlace - full step 3.374 ms
[INFO   ] DREAMPlace - optimizer step 2.247 ms
[INFO   ] DREAMPlace - iteration  585, ( 585,  0,  0), Obj 6.801799E+07, DensityWeight 1.046930E-05, wHPWL 8.275603E+07, Overflow 5.640111E-01, MaxDensity 4.932E+01, gamma 1.186983E+02, time 0.675ms
[INFO   ] DREAMPlace - full step 3.379 ms
[INFO   ] DREAMPlace - optimizer step 2.279 ms
[INFO   ] DREAMPlace - iteration  586, ( 586,  0,  0), Obj 6.762221E+07, DensityWeight 1.045158E-05, wHPWL 8.275974E+07, Overflow 5.626315E-01, MaxDensity 5.177E+01, gamma 1.178988E+02, time 0.670ms
[INFO   ] DREAMPlace - full step 3.411 ms
[INFO   ] DREAMPlace - optimizer step 2.303 ms
[INFO   ] DREAMPlace - iteration  587, ( 587,  0,  0), Obj 6.732699E+07, DensityWeight 1.096848E-05, wHPWL 8.274518E+07, Overflow 5.612403E-01, MaxDensity 4.820E+01, gamma 1.170695E+02, time 0.682ms
[INFO   ] DREAMPlace - full step 3.440 ms
[INFO   ] DREAMPlace - optimizer step 2.264 ms
[INFO   ] DREAMPlace - iteration  588, ( 588,  0,  0), Obj 6.707936E+07, DensityWeight 1.128656E-05, wHPWL 8.269610E+07, Overflow 5.596189E-01, MaxDensity 5.203E+01, gamma 1.162390E+02, time 0.675ms
[INFO   ] DREAMPlace - full step 3.397 ms
[INFO   ] DREAMPlace - optimizer step 2.262 ms
[INFO   ] DREAMPlace - iteration  589, ( 589,  0,  0), Obj 6.682014E+07, DensityWeight 1.161387E-05, wHPWL 8.256986E+07, Overflow 5.585886E-01, MaxDensity 5.507E+01, gamma 1.152786E+02, time 0.679ms
[INFO   ] DREAMPlace - full step 3.395 ms
[INFO   ] DREAMPlace - optimizer step 2.271 ms
[INFO   ] DREAMPlace - iteration  590, ( 590,  0,  0), Obj 6.662823E+07, DensityWeight 1.195068E-05, wHPWL 8.246885E+07, Overflow 5.573805E-01, MaxDensity 5.248E+01, gamma 1.146725E+02, time 0.672ms
[INFO   ] DREAMPlace - full step 3.405 ms
[INFO   ] DREAMPlace - optimizer step 2.315 ms
[INFO   ] DREAMPlace - iteration  591, ( 591,  0,  0), Obj 6.637975E+07, DensityWeight 1.229725E-05, wHPWL 8.228002E+07, Overflow 5.561339E-01, MaxDensity 5.269E+01, gamma 1.139658E+02, time 0.666ms
[INFO   ] DREAMPlace - full step 3.455 ms
[INFO   ] DREAMPlace - optimizer step 2.295 ms
[INFO   ] DREAMPlace - iteration  592, ( 592,  0,  0), Obj 6.968610E+07, DensityWeight 1.265387E-05, wHPWL 8.213251E+07, Overflow 5.553122E-01, MaxDensity 4.793E+01, gamma 1.132412E+02, time 0.659ms
[INFO   ] DREAMPlace - full step 3.420 ms
[INFO   ] DREAMPlace - optimizer step 2.253 ms
[INFO   ] DREAMPlace - iteration  593, ( 593,  0,  0), Obj 6.961687E+07, DensityWeight 1.302083E-05, wHPWL 8.277954E+07, Overflow 5.522385E-01, MaxDensity 4.615E+01, gamma 1.127661E+02, time 0.653ms
[INFO   ] DREAMPlace - full step 3.379 ms
[INFO   ] DREAMPlace - optimizer step 2.577 ms
[INFO   ] DREAMPlace - iteration  594, ( 594,  0,  0), Obj 6.886684E+07, DensityWeight 1.298828E-05, wHPWL 8.272821E+07, Overflow 5.516592E-01, MaxDensity 4.374E+01, gamma 1.110064E+02, time 0.652ms
[INFO   ] DREAMPlace - full step 3.679 ms
[INFO   ] DREAMPlace - optimizer step 4.048 ms
[INFO   ] DREAMPlace - iteration  595, ( 595,  0,  0), Obj 6.874845E+07, DensityWeight 1.336494E-05, wHPWL 8.312574E+07, Overflow 5.492405E-01, MaxDensity 4.439E+01, gamma 1.106779E+02, time 2.113ms
[INFO   ] DREAMPlace - full step 6.633 ms
[INFO   ] DREAMPlace - optimizer step 4.048 ms
[INFO   ] DREAMPlace - iteration  596, ( 596,  0,  0), Obj 6.832846E+07, DensityWeight 1.333153E-05, wHPWL 8.306385E+07, Overflow 5.489327E-01, MaxDensity 4.092E+01, gamma 1.093165E+02, time 1.834ms
[INFO   ] DREAMPlace - full step 6.344 ms
[INFO   ] DREAMPlace - optimizer step 2.378 ms
[INFO   ] DREAMPlace - iteration  597, ( 597,  0,  0), Obj 6.809078E+07, DensityWeight 1.371814E-05, wHPWL 8.308202E+07, Overflow 5.473301E-01, MaxDensity 4.257E+01, gamma 1.091445E+02, time 0.695ms
[INFO   ] DREAMPlace - full step 3.536 ms
[INFO   ] DREAMPlace - optimizer step 3.898 ms
[INFO   ] DREAMPlace - iteration  598, ( 598,  0,  0), Obj 6.782630E+07, DensityWeight 1.436762E-05, wHPWL 8.299406E+07, Overflow 5.465979E-01, MaxDensity 4.080E+01, gamma 1.082531E+02, time 0.645ms
[INFO   ] DREAMPlace - full step 5.023 ms
[INFO   ] DREAMPlace - optimizer step 2.276 ms
[INFO   ] DREAMPlace - iteration  599, ( 599,  0,  0), Obj 6.759626E+07, DensityWeight 1.478428E-05, wHPWL 8.290684E+07, Overflow 5.450154E-01, MaxDensity 4.018E+01, gamma 1.078483E+02, time 0.674ms
[INFO   ] DREAMPlace - full step 3.399 ms
[INFO   ] DREAMPlace - plotting to gammalocal_results/nshuf/adaptec2/plot/iter0600.png takes 1.939 seconds
[INFO   ] DREAMPlace - optimizer step 17.975 ms
[INFO   ] DREAMPlace - iteration  600, ( 600,  0,  0), Obj 6.737058E+07, DensityWeight 1.521302E-05, wHPWL 8.275514E+07, Overflow 5.447067E-01, MaxDensity 3.768E+01, gamma 1.069785E+02, time 0.671ms
[INFO   ] DREAMPlace - full step 1960.095 ms
[INFO   ] DREAMPlace - gamma_local: mean(coef_net)/coef = 2.793 (norm=gamma, applied ratio 1.000)
[INFO   ] DREAMPlace - optimizer step 2.416 ms
[INFO   ] DREAMPlace - iteration  601, ( 601,  0,  0), Obj 6.715958E+07, DensityWeight 1.565420E-05, wHPWL 8.259698E+07, Overflow 5.433533E-01, MaxDensity 3.703E+01, gamma 1.068097E+02, time 0.781ms
[INFO   ] DREAMPlace - full step 3.897 ms
[INFO   ] DREAMPlace - optimizer step 2.323 ms
[INFO   ] DREAMPlace - iteration  602, ( 602,  0,  0), Obj 7.060217E+07, DensityWeight 1.610817E-05, wHPWL 8.243537E+07, Overflow 5.421252E-01, MaxDensity 3.828E+01, gamma 1.060726E+02, time 0.652ms
[INFO   ] DREAMPlace - full step 3.450 ms
[INFO   ] DREAMPlace - optimizer step 2.690 ms
[INFO   ] DREAMPlace - iteration  603, ( 603,  0,  0), Obj 7.048200E+07, DensityWeight 1.657531E-05, wHPWL 8.299777E+07, Overflow 5.388451E-01, MaxDensity 3.863E+01, gamma 1.054081E+02, time 2.715ms
[INFO   ] DREAMPlace - full step 5.884 ms
[INFO   ] DREAMPlace - optimizer step 6.929 ms
[INFO   ] DREAMPlace - iteration  604, ( 604,  0,  0), Obj 6.980464E+07, DensityWeight 1.653387E-05, wHPWL 8.299722E+07, Overflow 5.383752E-01, MaxDensity 3.848E+01, gamma 1.036537E+02, time 1.453ms
[INFO   ] DREAMPlace - full step 8.849 ms
[INFO   ] DREAMPlace - optimizer step 2.759 ms
[INFO   ] DREAMPlace - iteration  605, ( 605,  0,  0), Obj 6.963643E+07, DensityWeight 1.701336E-05, wHPWL 8.330249E+07, Overflow 5.365291E-01, MaxDensity 3.721E+01, gamma 1.034048E+02, time 0.686ms
[INFO   ] DREAMPlace - full step 3.908 ms
[INFO   ] DREAMPlace - optimizer step 4.694 ms
[INFO   ] DREAMPlace - iteration  606, ( 606,  0,  0), Obj 6.924211E+07, DensityWeight 1.711977E-05, wHPWL 8.326650E+07, Overflow 5.353943E-01, MaxDensity 3.487E+01, gamma 1.024326E+02, time 0.667ms
[INFO   ] DREAMPlace - full step 5.829 ms
[INFO   ] DREAMPlace - optimizer step 2.377 ms
[INFO   ] DREAMPlace - iteration  607, ( 607,  0,  0), Obj 6.899302E+07, DensityWeight 1.761624E-05, wHPWL 8.324864E+07, Overflow 5.341361E-01, MaxDensity 3.440E+01, gamma 1.018395E+02, time 0.671ms
[INFO   ] DREAMPlace - full step 3.525 ms
[INFO   ] DREAMPlace - optimizer step 2.266 ms
[INFO   ] DREAMPlace - iteration  608, ( 608,  0,  0), Obj 6.870068E+07, DensityWeight 1.812711E-05, wHPWL 8.311419E+07, Overflow 5.336234E-01, MaxDensity 3.588E+01, gamma 1.011860E+02, time 0.679ms
[INFO   ] DREAMPlace - full step 3.398 ms
[INFO   ] DREAMPlace - optimizer step 2.268 ms
[INFO   ] DREAMPlace - iteration  609, ( 609,  0,  0), Obj 6.848745E+07, DensityWeight 1.865280E-05, wHPWL 8.301698E+07, Overflow 5.332320E-01, MaxDensity 3.570E+01, gamma 1.009209E+02, time 0.669ms
[INFO   ] DREAMPlace - full step 3.403 ms
[INFO   ] DREAMPlace - optimizer step 2.269 ms
[INFO   ] DREAMPlace - iteration  610, ( 610,  0,  0), Obj 6.822354E+07, DensityWeight 1.919373E-05, wHPWL 8.281476E+07, Overflow 5.329930E-01, MaxDensity 3.735E+01, gamma 1.007190E+02, time 0.672ms
[INFO   ] DREAMPlace - full step 3.398 ms
[INFO   ] DREAMPlace - optimizer step 2.288 ms
[INFO   ] DREAMPlace - iteration  611, ( 611,  0,  0), Obj 6.803158E+07, DensityWeight 1.975035E-05, wHPWL 8.266549E+07, Overflow 5.326120E-01, MaxDensity 3.485E+01, gamma 1.005959E+02, time 0.675ms
[INFO   ] DREAMPlace - full step 3.427 ms
[INFO   ] DREAMPlace - optimizer step 2.291 ms
[INFO   ] DREAMPlace - iteration  612, ( 612,  0,  0), Obj 7.120918E+07, DensityWeight 2.032311E-05, wHPWL 8.244523E+07, Overflow 5.325584E-01, MaxDensity 3.612E+01, gamma 1.004000E+02, time 0.651ms
[INFO   ] DREAMPlace - full step 3.405 ms
[INFO   ] DREAMPlace - optimizer step 2.301 ms
[INFO   ] DREAMPlace - iteration  613, ( 613,  0,  0), Obj 7.102707E+07, DensityWeight 2.091248E-05, wHPWL 8.289515E+07, Overflow 5.299312E-01, MaxDensity 3.653E+01, gamma 1.003724E+02, time 0.655ms
[INFO   ] DREAMPlace - full step 3.419 ms
[INFO   ] DREAMPlace - optimizer step 2.416 ms
[INFO   ] DREAMPlace - iteration  614, ( 614,  0,  0), Obj 7.032670E+07, DensityWeight 2.086020E-05, wHPWL 8.282493E+07, Overflow 5.303608E-01, MaxDensity 3.548E+01, gamma 9.903220E+01, time 0.661ms
[INFO   ] DREAMPlace - full step 3.512 ms
[INFO   ] DREAMPlace - optimizer step 2.290 ms
[INFO   ] DREAMPlace - iteration  615, ( 615,  0,  0), Obj 7.013259E+07, DensityWeight 2.146515E-05, wHPWL 8.310150E+07, Overflow 5.299636E-01, MaxDensity 3.738E+01, gamma 9.925012E+01, time 1.388ms
[INFO   ] DREAMPlace - full step 4.159 ms
[INFO   ] DREAMPlace - optimizer step 2.269 ms
[INFO   ] DREAMPlace - iteration  616, ( 616,  0,  0), Obj 6.973157E+07, DensityWeight 2.168598E-05, wHPWL 8.304717E+07, Overflow 5.303584E-01, MaxDensity 3.433E+01, gamma 9.904856E+01, time 0.671ms
[INFO   ] DREAMPlace - full step 3.377 ms
[INFO   ] DREAMPlace - optimizer step 2.240 ms
[INFO   ] DREAMPlace - iteration  617, ( 617,  0,  0), Obj 6.948058E+07, DensityWeight 2.231487E-05, wHPWL 8.303470E+07, Overflow 5.292276E-01, MaxDensity 3.178E+01, gamma 9.924890E+01, time 0.667ms
[INFO   ] DREAMPlace - full step 3.359 ms
[INFO   ] DREAMPlace - optimizer step 2.302 ms
[INFO   ] DREAMPlace - iteration  618, ( 618,  0,  0), Obj 6.920427E+07, DensityWeight 2.296201E-05, wHPWL 8.292005E+07, Overflow 5.285943E-01, MaxDensity 3.354E+01, gamma 9.867628E+01, time 2.395ms
[INFO   ] DREAMPlace - full step 5.157 ms
[INFO   ] DREAMPlace - optimizer step 2.273 ms
[INFO   ] DREAMPlace - iteration  619, ( 619,  0,  0), Obj 6.891894E+07, DensityWeight 2.362790E-05, wHPWL 8.273530E+07, Overflow 5.267519E-01, MaxDensity 3.703E+01, gamma 9.835700E+01, time 0.657ms
[INFO   ] DREAMPlace - full step 3.395 ms
[INFO   ] DREAMPlace - optimizer step 2.293 ms
[INFO   ] DREAMPlace - iteration  620, ( 620,  0,  0), Obj 6.867822E+07, DensityWeight 2.431311E-05, wHPWL 8.256594E+07, Overflow 5.267044E-01, MaxDensity 3.422E+01, gamma 9.743415E+01, time 0.666ms
[INFO   ] DREAMPlace - full step 3.428 ms
[INFO   ] DREAMPlace - optimizer step 25.920 ms
[INFO   ] DREAMPlace - iteration  621, ( 621,  0,  0), Obj 6.847441E+07, DensityWeight 2.501820E-05, wHPWL 8.240656E+07, Overflow 5.259315E-01, MaxDensity 3.917E+01, gamma 9.741045E+01, time 0.677ms
[INFO   ] DREAMPlace - full step 27.054 ms
[INFO   ] DREAMPlace - optimizer step 3.737 ms
[INFO   ] DREAMPlace - iteration  622, ( 622,  0,  0), Obj 7.135693E+07, DensityWeight 2.574373E-05, wHPWL 8.221915E+07, Overflow 5.266287E-01, MaxDensity 3.699E+01, gamma 9.702598E+01, time 12.156ms
[INFO   ] DREAMPlace - full step 16.336 ms
[INFO   ] DREAMPlace - optimizer step 2.261 ms
[INFO   ] DREAMPlace - iteration  623, ( 623,  0,  0), Obj 7.110356E+07, DensityWeight 2.649030E-05, wHPWL 8.260151E+07, Overflow 5.256837E-01, MaxDensity 3.240E+01, gamma 9.737273E+01, time 0.678ms
[INFO   ] DREAMPlace - full step 3.403 ms
[INFO   ] DREAMPlace - optimizer step 2.261 ms
[INFO   ] DREAMPlace - iteration  624, ( 624,  0,  0), Obj 7.054430E+07, DensityWeight 2.642407E-05, wHPWL 8.271702E+07, Overflow 5.254128E-01, MaxDensity 3.162E+01, gamma 9.690303E+01, time 0.641ms
[INFO   ] DREAMPlace - full step 3.373 ms
[INFO   ] DREAMPlace - optimizer step 2.310 ms
[INFO   ] DREAMPlace - iteration  625, ( 625,  0,  0), Obj 7.037202E+07, DensityWeight 2.730208E-05, wHPWL 8.302037E+07, Overflow 5.237362E-01, MaxDensity 3.224E+01, gamma 9.676881E+01, time 0.676ms
[INFO   ] DREAMPlace - full step 3.458 ms
[INFO   ] DREAMPlace - optimizer step 2.261 ms
[INFO   ] DREAMPlace - iteration  626, ( 626,  0,  0), Obj 6.999714E+07, DensityWeight 2.748023E-05, wHPWL 8.301110E+07, Overflow 5.219806E-01, MaxDensity 3.288E+01, gamma 9.594218E+01, time 0.671ms
[INFO   ] DREAMPlace - full step 3.396 ms
[INFO   ] DREAMPlace - optimizer step 2.255 ms
[INFO   ] DREAMPlace - iteration  627, ( 627,  0,  0), Obj 6.979501E+07, DensityWeight 2.827716E-05, wHPWL 8.306219E+07, Overflow 5.201008E-01, MaxDensity 3.362E+01, gamma 9.508422E+01, time 0.664ms
[INFO   ] DREAMPlace - full step 3.376 ms
[INFO   ] DREAMPlace - optimizer step 2.381 ms
[INFO   ] DREAMPlace - iteration  628, ( 628,  0,  0), Obj 6.953173E+07, DensityWeight 2.948031E-05, wHPWL 8.297402E+07, Overflow 5.182801E-01, MaxDensity 3.361E+01, gamma 9.417398E+01, time 0.676ms
[INFO   ] DREAMPlace - full step 3.503 ms
[INFO   ] DREAMPlace - optimizer step 2.434 ms
[INFO   ] DREAMPlace - iteration  629, ( 629,  0,  0), Obj 6.931304E+07, DensityWeight 3.033524E-05, wHPWL 8.287186E+07, Overflow 5.169473E-01, MaxDensity 3.314E+01, gamma 9.330070E+01, time 0.650ms
[INFO   ] DREAMPlace - full step 3.532 ms
[INFO   ] DREAMPlace - optimizer step 2.281 ms
[INFO   ] DREAMPlace - iteration  630, ( 630,  0,  0), Obj 6.907306E+07, DensityWeight 3.121496E-05, wHPWL 8.272397E+07, Overflow 5.155204E-01, MaxDensity 3.151E+01, gamma 9.266660E+01, time 0.725ms
[INFO   ] DREAMPlace - full step 3.455 ms
[INFO   ] DREAMPlace - optimizer step 2.270 ms
[INFO   ] DREAMPlace - iteration  631, ( 631,  0,  0), Obj 6.893278E+07, DensityWeight 3.212020E-05, wHPWL 8.264047E+07, Overflow 5.143951E-01, MaxDensity 3.200E+01, gamma 9.199246E+01, time 0.669ms
[INFO   ] DREAMPlace - full step 3.390 ms
[INFO   ] DREAMPlace - optimizer step 2.587 ms
[INFO   ] DREAMPlace - iteration  632, ( 632,  0,  0), Obj 7.194970E+07, DensityWeight 3.305169E-05, wHPWL 8.246465E+07, Overflow 5.132114E-01, MaxDensity 3.458E+01, gamma 9.146427E+01, time 0.873ms
[INFO   ] DREAMPlace - full step 3.909 ms
[INFO   ] DREAMPlace - optimizer step 2.413 ms
[INFO   ] DREAMPlace - iteration  633, ( 633,  0,  0), Obj 7.168566E+07, DensityWeight 3.401019E-05, wHPWL 8.280038E+07, Overflow 5.106001E-01, MaxDensity 3.292E+01, gamma 9.091198E+01, time 0.656ms
[INFO   ] DREAMPlace - full step 3.519 ms
[INFO   ] DREAMPlace - optimizer step 2.266 ms
[INFO   ] DREAMPlace - iteration  634, ( 634,  0,  0), Obj 7.115462E+07, DensityWeight 3.407788E-05, wHPWL 8.286085E+07, Overflow 5.095951E-01, MaxDensity 3.361E+01, gamma 8.970535E+01, time 0.668ms
[INFO   ] DREAMPlace - full step 3.402 ms
[INFO   ] DREAMPlace - optimizer step 2.220 ms
[INFO   ] DREAMPlace - iteration  635, ( 635,  0,  0), Obj 7.101328E+07, DensityWeight 3.548145E-05, wHPWL 8.316120E+07, Overflow 5.069718E-01, MaxDensity 3.220E+01, gamma 8.924522E+01, time 0.739ms
[INFO   ] DREAMPlace - full step 3.410 ms
[INFO   ] DREAMPlace - optimizer step 2.231 ms
[INFO   ] DREAMPlace - iteration  636, ( 636,  0,  0), Obj 7.067617E+07, DensityWeight 3.572787E-05, wHPWL 8.314774E+07, Overflow 5.053308E-01, MaxDensity 3.023E+01, gamma 8.805530E+01, time 0.664ms
[INFO   ] DREAMPlace - full step 3.346 ms
[INFO   ] DREAMPlace - optimizer step 2.246 ms
[INFO   ] DREAMPlace - iteration  637, ( 637,  0,  0), Obj 7.048477E+07, DensityWeight 3.676398E-05, wHPWL 8.319582E+07, Overflow 5.028824E-01, MaxDensity 2.972E+01, gamma 8.731900E+01, time 0.665ms
[INFO   ] DREAMPlace - full step 3.368 ms
[INFO   ] DREAMPlace - optimizer step 2.230 ms
[INFO   ] DREAMPlace - iteration  638, ( 638,  0,  0), Obj 7.026695E+07, DensityWeight 3.834436E-05, wHPWL 8.313870E+07, Overflow 5.015911E-01, MaxDensity 3.354E+01, gamma 8.623190E+01, time 0.675ms
[INFO   ] DREAMPlace - full step 3.364 ms
[INFO   ] DREAMPlace - optimizer step 2.232 ms
[INFO   ] DREAMPlace - iteration  639, ( 639,  0,  0), Obj 7.006586E+07, DensityWeight 3.945635E-05, wHPWL 8.305370E+07, Overflow 4.994183E-01, MaxDensity 3.499E+01, gamma 8.566399E+01, time 0.660ms
[INFO   ] DREAMPlace - full step 3.358 ms
[INFO   ] DREAMPlace - plotting to gammalocal_results/nshuf/adaptec2/plot/iter0640.png takes 1.912 seconds
[INFO   ] DREAMPlace - optimizer step 5.729 ms
[INFO   ] DREAMPlace - iteration  640, ( 640,  0,  0), Obj 6.989256E+07, DensityWeight 4.060058E-05, wHPWL 8.296901E+07, Overflow 4.976563E-01, MaxDensity 3.210E+01, gamma 8.471687E+01, time 0.658ms
[INFO   ] DREAMPlace - full step 1920.156 ms
[INFO   ] DREAMPlace - optimizer step 2.382 ms
[INFO   ] DREAMPlace - iteration  641, ( 641,  0,  0), Obj 6.970974E+07, DensityWeight 4.177800E-05, wHPWL 8.283658E+07, Overflow 4.970568E-01, MaxDensity 3.181E+01, gamma 8.395650E+01, time 0.762ms
[INFO   ] DREAMPlace - full step 3.848 ms
[INFO   ] DREAMPlace - optimizer step 2.363 ms
[INFO   ] DREAMPlace - iteration  642, ( 642,  0,  0), Obj 7.272202E+07, DensityWeight 4.298956E-05, wHPWL 8.273303E+07, Overflow 4.956348E-01, MaxDensity 2.967E+01, gamma 8.369934E+01, time 0.682ms
[INFO   ] DREAMPlace - full step 3.539 ms
[INFO   ] DREAMPlace - optimizer step 2.339 ms
[INFO   ] DREAMPlace - iteration  643, ( 643,  0,  0), Obj 7.246766E+07, DensityWeight 4.423626E-05, wHPWL 8.306398E+07, Overflow 4.925340E-01, MaxDensity 3.103E+01, gamma 8.309253E+01, time 0.686ms
[INFO   ] DREAMPlace - full step 3.491 ms
[INFO   ] DREAMPlace - optimizer step 2.326 ms
[INFO   ] DREAMPlace - iteration  644, ( 644,  0,  0), Obj 7.190269E+07, DensityWeight 4.435387E-05, wHPWL 8.306835E+07, Overflow 4.921429E-01, MaxDensity 3.238E+01, gamma 8.178457E+01, time 0.677ms
[INFO   ] DREAMPlace - full step 3.468 ms
[INFO   ] DREAMPlace - optimizer step 2.314 ms
[INFO   ] DREAMPlace - iteration  645, ( 645,  0,  0), Obj 7.175449E+07, DensityWeight 4.654321E-05, wHPWL 8.332882E+07, Overflow 4.892069E-01, MaxDensity 3.031E+01, gamma 8.162106E+01, time 0.687ms
[INFO   ] DREAMPlace - full step 3.464 ms
[INFO   ] DREAMPlace - optimizer step 14.265 ms
[INFO   ] DREAMPlace - iteration  646, ( 646,  0,  0), Obj 7.141277E+07, DensityWeight 4.712777E-05, wHPWL 8.328360E+07, Overflow 4.878378E-01, MaxDensity 3.056E+01, gamma 8.040405E+01, time 14.595ms
[INFO   ] DREAMPlace - full step 29.330 ms
[INFO   ] DREAMPlace - optimizer step 2.281 ms
[INFO   ] DREAMPlace - iteration  647, ( 647,  0,  0), Obj 7.119911E+07, DensityWeight 4.849448E-05, wHPWL 8.327821E+07, Overflow 4.866028E-01, MaxDensity 3.007E+01, gamma 7.984271E+01, time 0.790ms
[INFO   ] DREAMPlace - full step 3.544 ms
[INFO   ] DREAMPlace - optimizer step 4.144 ms
[INFO   ] DREAMPlace - iteration  648, ( 648,  0,  0), Obj 7.095986E+07, DensityWeight 4.990082E-05, wHPWL 8.317760E+07, Overflow 4.859392E-01, MaxDensity 2.918E+01, gamma 7.933976E+01, time 0.700ms
[INFO   ] DREAMPlace - full step 5.311 ms
[INFO   ] DREAMPlace - optimizer step 2.279 ms
[INFO   ] DREAMPlace - iteration  649, ( 649,  0,  0), Obj 7.078670E+07, DensityWeight 5.134795E-05, wHPWL 8.311387E+07, Overflow 4.844228E-01, MaxDensity 2.897E+01, gamma 7.907082E+01, time 0.679ms
[INFO   ] DREAMPlace - full step 3.415 ms
[INFO   ] DREAMPlace - optimizer step 2.278 ms
[INFO   ] DREAMPlace - iteration  650, ( 650,  0,  0), Obj 7.057391E+07, DensityWeight 5.283704E-05, wHPWL 8.294836E+07, Overflow 4.828681E-01, MaxDensity 2.676E+01, gamma 7.845969E+01, time 0.663ms
[INFO   ] DREAMPlace - full step 3.458 ms
[INFO   ] DREAMPlace - optimizer step 2.254 ms
[INFO   ] DREAMPlace - iteration  651, ( 651,  0,  0), Obj 7.039034E+07, DensityWeight 5.436932E-05, wHPWL 8.280296E+07, Overflow 4.824604E-01, MaxDensity 2.940E+01, gamma 7.783798E+01, time 0.671ms
[INFO   ] DREAMPlace - full step 3.416 ms
[INFO   ] DREAMPlace - optimizer step 2.296 ms
[INFO   ] DREAMPlace - iteration  652, ( 652,  0,  0), Obj 7.309411E+07, DensityWeight 5.594603E-05, wHPWL 8.266160E+07, Overflow 4.816275E-01, MaxDensity 3.054E+01, gamma 7.767577E+01, time 0.652ms
[INFO   ] DREAMPlace - full step 3.414 ms
[INFO   ] DREAMPlace - optimizer step 2.263 ms
[INFO   ] DREAMPlace - iteration  653, ( 653,  0,  0), Obj 7.290834E+07, DensityWeight 5.756847E-05, wHPWL 8.302786E+07, Overflow 4.790536E-01, MaxDensity 2.957E+01, gamma 7.734545E+01, time 0.656ms
[INFO   ] DREAMPlace - full step 3.373 ms
[INFO   ] DREAMPlace - optimizer step 2.251 ms
[INFO   ] DREAMPlace - iteration  654, ( 654,  0,  0), Obj 7.239842E+07, DensityWeight 5.743809E-05, wHPWL 8.303499E+07, Overflow 4.785971E-01, MaxDensity 2.662E+01, gamma 7.633344E+01, time 0.672ms
[INFO   ] DREAMPlace - full step 3.395 ms
[INFO   ] DREAMPlace - optimizer step 2.256 ms
[INFO   ] DREAMPlace - iteration  655, ( 655,  0,  0), Obj 7.226130E+07, DensityWeight 6.025010E-05, wHPWL 8.328860E+07, Overflow 4.770394E-01, MaxDensity 2.545E+01, gamma 7.615536E+01, time 0.664ms
[INFO   ] DREAMPlace - full step 3.375 ms
[INFO   ] DREAMPlace - optimizer step 2.587 ms
[INFO   ] DREAMPlace - iteration  656, ( 656,  0,  0), Obj 7.197354E+07, DensityWeight 6.106515E-05, wHPWL 8.327347E+07, Overflow 4.760227E-01, MaxDensity 2.527E+01, gamma 7.555077E+01, time 0.781ms
[INFO   ] DREAMPlace - full step 3.839 ms
[INFO   ] DREAMPlace - optimizer step 2.315 ms
[INFO   ] DREAMPlace - iteration  657, ( 657,  0,  0), Obj 7.179130E+07, DensityWeight 6.283604E-05, wHPWL 8.329686E+07, Overflow 4.745080E-01, MaxDensity 2.555E+01, gamma 7.515876E+01, time 0.671ms
[INFO   ] DREAMPlace - full step 3.464 ms
[INFO   ] DREAMPlace - optimizer step 2.249 ms
[INFO   ] DREAMPlace - iteration  658, ( 658,  0,  0), Obj 7.160168E+07, DensityWeight 6.576305E-05, wHPWL 8.324702E+07, Overflow 4.731994E-01, MaxDensity 2.592E+01, gamma 7.457849E+01, time 0.671ms
[INFO   ] DREAMPlace - full step 3.388 ms
[INFO   ] DREAMPlace - optimizer step 2.281 ms
[INFO   ] DREAMPlace - iteration  659, ( 659,  0,  0), Obj 7.141374E+07, DensityWeight 6.767018E-05, wHPWL 8.315867E+07, Overflow 4.712743E-01, MaxDensity 2.572E+01, gamma 7.408078E+01, time 0.679ms
[INFO   ] DREAMPlace - full step 3.413 ms
[INFO   ] DREAMPlace - optimizer step 2.249 ms
[INFO   ] DREAMPlace - iteration  660, ( 660,  0,  0), Obj 7.129209E+07, DensityWeight 6.963262E-05, wHPWL 8.309374E+07, Overflow 4.694270E-01, MaxDensity 2.298E+01, gamma 7.335463E+01, time 0.661ms
[INFO   ] DREAMPlace - full step 3.358 ms
[INFO   ] DREAMPlace - optimizer step 2.265 ms
[INFO   ] DREAMPlace - iteration  661, ( 661,  0,  0), Obj 7.108582E+07, DensityWeight 7.165196E-05, wHPWL 8.293010E+07, Overflow 4.681115E-01, MaxDensity 2.433E+01, gamma 7.266454E+01, time 0.667ms
[INFO   ] DREAMPlace - full step 3.399 ms
[INFO   ] DREAMPlace - optimizer step 2.303 ms
[INFO   ] DREAMPlace - iteration  662, ( 662,  0,  0), Obj 7.352657E+07, DensityWeight 7.372988E-05, wHPWL 8.284166E+07, Overflow 4.665940E-01, MaxDensity 2.318E+01, gamma 7.217709E+01, time 0.656ms
[INFO   ] DREAMPlace - full step 3.419 ms
[INFO   ] DREAMPlace - optimizer step 2.262 ms
[INFO   ] DREAMPlace - iteration  663, ( 663,  0,  0), Obj 7.327792E+07, DensityWeight 7.586805E-05, wHPWL 8.310286E+07, Overflow 4.645575E-01, MaxDensity 2.437E+01, gamma 7.161877E+01, time 0.657ms
[INFO   ] DREAMPlace - full step 3.383 ms
[INFO   ] DREAMPlace - optimizer step 2.252 ms
[INFO   ] DREAMPlace - iteration  664, ( 664,  0,  0), Obj 7.278194E+07, DensityWeight 7.681303E-05, wHPWL 8.310099E+07, Overflow 4.633823E-01, MaxDensity 2.496E+01, gamma 7.087637E+01, time 0.673ms
[INFO   ] DREAMPlace - full step 3.394 ms
[INFO   ] DREAMPlace - optimizer step 2.259 ms
[INFO   ] DREAMPlace - iteration  665, ( 665,  0,  0), Obj 7.264030E+07, DensityWeight 7.904061E-05, wHPWL 8.332626E+07, Overflow 4.614611E-01, MaxDensity 2.388E+01, gamma 7.045145E+01, time 0.661ms
[INFO   ] DREAMPlace - full step 3.383 ms
[INFO   ] DREAMPlace - optimizer step 2.357 ms
[INFO   ] DREAMPlace - iteration  666, ( 666,  0,  0), Obj 7.239786E+07, DensityWeight 8.042701E-05, wHPWL 8.334728E+07, Overflow 4.593883E-01, MaxDensity 2.368E+01, gamma 6.976224E+01, time 0.679ms
[INFO   ] DREAMPlace - full step 3.508 ms
[INFO   ] DREAMPlace - optimizer step 2.256 ms
[INFO   ] DREAMPlace - iteration  667, ( 667,  0,  0), Obj 7.219067E+07, DensityWeight 8.420122E-05, wHPWL 8.332572E+07, Overflow 4.572228E-01, MaxDensity 2.610E+01, gamma 6.902628E+01, time 0.679ms
[INFO   ] DREAMPlace - full step 3.388 ms
[INFO   ] DREAMPlace - optimizer step 2.310 ms
[INFO   ] DREAMPlace - iteration  668, ( 668,  0,  0), Obj 7.202397E+07, DensityWeight 8.664306E-05, wHPWL 8.328362E+07, Overflow 4.548232E-01, MaxDensity 2.283E+01, gamma 6.826562E+01, time 0.662ms
[INFO   ] DREAMPlace - full step 3.432 ms
[INFO   ] DREAMPlace - optimizer step 2.251 ms
[INFO   ] DREAMPlace - iteration  669, ( 669,  0,  0), Obj 7.183576E+07, DensityWeight 8.915571E-05, wHPWL 8.318227E+07, Overflow 4.528998E-01, MaxDensity 2.451E+01, gamma 6.743254E+01, time 0.678ms
[INFO   ] DREAMPlace - full step 3.381 ms
[INFO   ] DREAMPlace - optimizer step 2.287 ms
[INFO   ] DREAMPlace - iteration  670, ( 670,  0,  0), Obj 7.169490E+07, DensityWeight 9.174123E-05, wHPWL 8.308633E+07, Overflow 4.512760E-01, MaxDensity 2.225E+01, gamma 6.677216E+01, time 0.665ms
[INFO   ] DREAMPlace - full step 3.404 ms
[INFO   ] DREAMPlace - optimizer step 2.275 ms
[INFO   ] DREAMPlace - iteration  671, ( 671,  0,  0), Obj 7.156564E+07, DensityWeight 9.440173E-05, wHPWL 8.299118E+07, Overflow 4.495215E-01, MaxDensity 2.369E+01, gamma 6.621967E+01, time 0.672ms
[INFO   ] DREAMPlace - full step 3.417 ms
[INFO   ] DREAMPlace - optimizer step 2.261 ms
[INFO   ] DREAMPlace - iteration  672, ( 672,  0,  0), Obj 7.412338E+07, DensityWeight 9.713938E-05, wHPWL 8.286891E+07, Overflow 4.476288E-01, MaxDensity 2.456E+01, gamma 6.562785E+01, time 0.652ms
[INFO   ] DREAMPlace - full step 3.400 ms
[INFO   ] DREAMPlace - optimizer step 2.357 ms
[INFO   ] DREAMPlace - iteration  673, ( 673,  0,  0), Obj 7.396858E+07, DensityWeight 9.995643E-05, wHPWL 8.320773E+07, Overflow 4.446459E-01, MaxDensity 2.322E+01, gamma 6.499532E+01, time 0.689ms
[INFO   ] DREAMPlace - full step 3.500 ms
[INFO   ] DREAMPlace - optimizer step 8.308 ms
[INFO   ] DREAMPlace - iteration  674, ( 674,  0,  0), Obj 7.347820E+07, DensityWeight 1.001124E-04, wHPWL 8.317382E+07, Overflow 4.438880E-01, MaxDensity 2.282E+01, gamma 6.401083E+01, time 1.914ms
[INFO   ] DREAMPlace - full step 10.683 ms
[INFO   ] DREAMPlace - optimizer step 2.305 ms
[INFO   ] DREAMPlace - iteration  675, ( 675,  0,  0), Obj 7.337464E+07, DensityWeight 1.030156E-04, wHPWL 8.340573E+07, Overflow 4.415690E-01, MaxDensity 2.024E+01, gamma 6.376306E+01, time 0.656ms
[INFO   ] DREAMPlace - full step 3.427 ms
[INFO   ] DREAMPlace - optimizer step 2.313 ms
[INFO   ] DREAMPlace - iteration  676, ( 676,  0,  0), Obj 7.314125E+07, DensityWeight 1.047256E-04, wHPWL 8.340646E+07, Overflow 4.410694E-01, MaxDensity 1.852E+01, gamma 6.301094E+01, time 0.651ms
[INFO   ] DREAMPlace - full step 3.424 ms
[INFO   ] DREAMPlace - optimizer step 2.321 ms
[INFO   ] DREAMPlace - iteration  677, ( 677,  0,  0), Obj 7.296432E+07, DensityWeight 1.099506E-04, wHPWL 8.338944E+07, Overflow 4.398528E-01, MaxDensity 2.026E+01, gamma 6.285004E+01, time 0.731ms
[INFO   ] DREAMPlace - full step 3.517 ms
[INFO   ] DREAMPlace - optimizer step 2.280 ms
[INFO   ] DREAMPlace - iteration  678, ( 678,  0,  0), Obj 7.276437E+07, DensityWeight 1.131392E-04, wHPWL 8.330492E+07, Overflow 4.378080E-01, MaxDensity 1.911E+01, gamma 6.246000E+01, time 0.687ms
[INFO   ] DREAMPlace - full step 3.442 ms
[INFO   ] DREAMPlace - optimizer step 2.269 ms
[INFO   ] DREAMPlace - iteration  679, ( 679,  0,  0), Obj 7.263011E+07, DensityWeight 1.164202E-04, wHPWL 8.325376E+07, Overflow 4.360137E-01, MaxDensity 2.116E+01, gamma 6.180990E+01, time 0.676ms
[INFO   ] DREAMPlace - full step 3.415 ms
[INFO   ] DREAMPlace - plotting to gammalocal_results/nshuf/adaptec2/plot/iter0680.png takes 1.916 seconds
[INFO   ] DREAMPlace - optimizer step 4.666 ms
[INFO   ] DREAMPlace - iteration  680, ( 680,  0,  0), Obj 7.248536E+07, DensityWeight 1.197964E-04, wHPWL 8.314818E+07, Overflow 4.338019E-01, MaxDensity 1.930E+01, gamma 6.124501E+01, time 1.904ms
[INFO   ] DREAMPlace - full step 1924.358 ms
[INFO   ] DREAMPlace - optimizer step 2.352 ms
[INFO   ] DREAMPlace - iteration  681, ( 681,  0,  0), Obj 7.233274E+07, DensityWeight 1.232705E-04, wHPWL 8.302522E+07, Overflow 4.323045E-01, MaxDensity 2.032E+01, gamma 6.055579E+01, time 0.735ms
[INFO   ] DREAMPlace - full step 3.753 ms
[INFO   ] DREAMPlace - optimizer step 2.367 ms
[INFO   ] DREAMPlace - iteration  682, ( 682,  0,  0), Obj 7.483251E+07, DensityWeight 1.268453E-04, wHPWL 8.291296E+07, Overflow 4.305412E-01, MaxDensity 1.945E+01, gamma 6.009359E+01, time 0.690ms
[INFO   ] DREAMPlace - full step 3.539 ms
[INFO   ] DREAMPlace - optimizer step 2.302 ms
[INFO   ] DREAMPlace - iteration  683, ( 683,  0,  0), Obj 7.468759E+07, DensityWeight 1.305239E-04, wHPWL 8.322655E+07, Overflow 4.275095E-01, MaxDensity 1.901E+01, gamma 5.955381E+01, time 0.660ms
[INFO   ] DREAMPlace - full step 3.429 ms
[INFO   ] DREAMPlace - optimizer step 2.329 ms
[INFO   ] DREAMPlace - iteration  684, ( 684,  0,  0), Obj 7.422362E+07, DensityWeight 1.311880E-04, wHPWL 8.317799E+07, Overflow 4.277769E-01, MaxDensity 1.693E+01, gamma 5.863710E+01, time 0.665ms
[INFO   ] DREAMPlace - full step 3.435 ms
[INFO   ] DREAMPlace - optimizer step 2.328 ms
[INFO   ] DREAMPlace - iteration  685, ( 685,  0,  0), Obj 7.413270E+07, DensityWeight 1.349924E-04, wHPWL 8.339246E+07, Overflow 4.268959E-01, MaxDensity 1.585E+01, gamma 5.871740E+01, time 0.669ms
[INFO   ] DREAMPlace - full step 3.525 ms
[INFO   ] DREAMPlace - optimizer step 2.301 ms
[INFO   ] DREAMPlace - iteration  686, ( 686,  0,  0), Obj 7.387783E+07, DensityWeight 1.375672E-04, wHPWL 8.335751E+07, Overflow 4.260621E-01, MaxDensity 1.687E+01, gamma 5.845330E+01, time 0.649ms
[INFO   ] DREAMPlace - full step 3.420 ms
[INFO   ] DREAMPlace - optimizer step 2.267 ms
[INFO   ] DREAMPlace - iteration  687, ( 687,  0,  0), Obj 7.376280E+07, DensityWeight 1.415567E-04, wHPWL 8.339953E+07, Overflow 4.231776E-01, MaxDensity 1.608E+01, gamma 5.820443E+01, time 0.667ms
[INFO   ] DREAMPlace - full step 3.389 ms
[INFO   ] DREAMPlace - optimizer step 2.284 ms
[INFO   ] DREAMPlace - iteration  688, ( 688,  0,  0), Obj 7.357238E+07, DensityWeight 1.477664E-04, wHPWL 8.331082E+07, Overflow 4.217356E-01, MaxDensity 1.568E+01, gamma 5.735166E+01, time 0.661ms
[INFO   ] DREAMPlace - full step 3.411 ms
[INFO   ] DREAMPlace - optimizer step 2.271 ms
[INFO   ] DREAMPlace - iteration  689, ( 689,  0,  0), Obj 7.344468E+07, DensityWeight 1.520517E-04, wHPWL 8.325690E+07, Overflow 4.196319E-01, MaxDensity 1.518E+01, gamma 5.693006E+01, time 0.652ms
[INFO   ] DREAMPlace - full step 3.406 ms
[INFO   ] DREAMPlace - optimizer step 2.302 ms
[INFO   ] DREAMPlace - iteration  690, ( 690,  0,  0), Obj 7.330228E+07, DensityWeight 1.564612E-04, wHPWL 8.315589E+07, Overflow 4.177706E-01, MaxDensity 1.669E+01, gamma 5.632053E+01, time 0.660ms
[INFO   ] DREAMPlace - full step 3.434 ms
[INFO   ] DREAMPlace - optimizer step 2.293 ms
[INFO   ] DREAMPlace - iteration  691, ( 691,  0,  0), Obj 7.316059E+07, DensityWeight 1.609986E-04, wHPWL 8.303938E+07, Overflow 4.153434E-01, MaxDensity 1.646E+01, gamma 5.578667E+01, time 0.686ms
[INFO   ] DREAMPlace - full step 3.444 ms
[INFO   ] DREAMPlace - optimizer step 2.295 ms
[INFO   ] DREAMPlace - iteration  692, ( 692,  0,  0), Obj 7.559968E+07, DensityWeight 1.656675E-04, wHPWL 8.294406E+07, Overflow 4.137825E-01, MaxDensity 1.581E+01, gamma 5.509813E+01, time 6.583ms
[INFO   ] DREAMPlace - full step 9.340 ms
[INFO   ] DREAMPlace - optimizer step 2.253 ms
[INFO   ] DREAMPlace - iteration  693, ( 693,  0,  0), Obj 7.549891E+07, DensityWeight 1.704719E-04, wHPWL 8.331566E+07, Overflow 4.109189E-01, MaxDensity 1.687E+01, gamma 5.465980E+01, time 0.676ms
[INFO   ] DREAMPlace - full step 3.385 ms
[INFO   ] DREAMPlace - optimizer step 2.306 ms
[INFO   ] DREAMPlace - iteration  694, ( 694,  0,  0), Obj 7.506994E+07, DensityWeight 1.700457E-04, wHPWL 8.329553E+07, Overflow 4.101827E-01, MaxDensity 1.496E+01, gamma 5.386472E+01, time 0.665ms
[INFO   ] DREAMPlace - full step 3.432 ms
[INFO   ] DREAMPlace - optimizer step 2.257 ms
[INFO   ] DREAMPlace - iteration  695, ( 695,  0,  0), Obj 7.495414E+07, DensityWeight 1.749770E-04, wHPWL 8.348259E+07, Overflow 4.077307E-01, MaxDensity 1.650E+01, gamma 5.366221E+01, time 0.668ms
[INFO   ] DREAMPlace - full step 3.395 ms
[INFO   ] DREAMPlace - optimizer step 2.290 ms
[INFO   ] DREAMPlace - iteration  696, ( 696,  0,  0), Obj 7.474374E+07, DensityWeight 1.789968E-04, wHPWL 8.348207E+07, Overflow 4.064022E-01, MaxDensity 1.478E+01, gamma 5.299314E+01, time 0.664ms
[INFO   ] DREAMPlace - full step 3.417 ms
[INFO   ] DREAMPlace - optimizer step 2.293 ms
[INFO   ] DREAMPlace - iteration  697, ( 697,  0,  0), Obj 7.459811E+07, DensityWeight 1.841877E-04, wHPWL 8.348108E+07, Overflow 4.039643E-01, MaxDensity 1.499E+01, gamma 5.263412E+01, time 0.660ms
[INFO   ] DREAMPlace - full step 3.422 ms
[INFO   ] DREAMPlace - optimizer step 2.263 ms
[INFO   ] DREAMPlace - iteration  698, ( 698,  0,  0), Obj 7.442214E+07, DensityWeight 1.895292E-04, wHPWL 8.341226E+07, Overflow 4.025992E-01, MaxDensity 1.369E+01, gamma 5.198164E+01, time 2.280ms
[INFO   ] DREAMPlace - full step 5.010 ms
[INFO   ] DREAMPlace - optimizer step 2.652 ms
[INFO   ] DREAMPlace - iteration  699, ( 699,  0,  0), Obj 7.430194E+07, DensityWeight 1.950255E-04, wHPWL 8.335891E+07, Overflow 4.011001E-01, MaxDensity 1.539E+01, gamma 5.161979E+01, time 1.138ms
[INFO   ] DREAMPlace - full step 4.250 ms
[INFO   ] DREAMPlace - optimizer step 2.282 ms
[INFO   ] DREAMPlace - iteration  700, ( 700,  0,  0), Obj 7.415066E+07, DensityWeight 2.006813E-04, wHPWL 8.325342E+07, Overflow 3.998746E-01, MaxDensity 1.378E+01, gamma 5.122536E+01, time 0.848ms
[INFO   ] DREAMPlace - full step 3.586 ms
[INFO   ] DREAMPlace - gamma_local: mean(coef_net)/coef = 4.679 (norm=gamma, applied ratio 1.000)
[INFO   ] DREAMPlace - optimizer step 2.279 ms
[INFO   ] DREAMPlace - iteration  701, ( 701,  0,  0), Obj 7.402740E+07, DensityWeight 2.065010E-04, wHPWL 8.315995E+07, Overflow 3.973185E-01, MaxDensity 1.418E+01, gamma 5.090512E+01, time 0.677ms
[INFO   ] DREAMPlace - full step 3.431 ms
[INFO   ] DREAMPlace - optimizer step 2.270 ms
[INFO   ] DREAMPlace - iteration  702, ( 702,  0,  0), Obj 7.616088E+07, DensityWeight 2.124896E-04, wHPWL 8.304368E+07, Overflow 3.963435E-01, MaxDensity 1.336E+01, gamma 5.024367E+01, time 0.670ms
[INFO   ] DREAMPlace - full step 3.392 ms
[INFO   ] DREAMPlace - optimizer step 2.274 ms
[INFO   ] DREAMPlace - iteration  703, ( 703,  0,  0), Obj 7.598000E+07, DensityWeight 2.186518E-04, wHPWL 8.327626E+07, Overflow 3.928098E-01, MaxDensity 1.435E+01, gamma 4.999363E+01, time 0.652ms
[INFO   ] DREAMPlace - full step 3.402 ms
[INFO   ] DREAMPlace - optimizer step 2.263 ms
[INFO   ] DREAMPlace - iteration  704, ( 704,  0,  0), Obj 7.561071E+07, DensityWeight 2.222601E-04, wHPWL 8.328600E+07, Overflow 3.914041E-01, MaxDensity 1.315E+01, gamma 4.909780E+01, time 0.666ms
[INFO   ] DREAMPlace - full step 3.386 ms
[INFO   ] DREAMPlace - optimizer step 2.269 ms
[INFO   ] DREAMPlace - iteration  705, ( 705,  0,  0), Obj 7.551489E+07, DensityWeight 2.330566E-04, wHPWL 8.347718E+07, Overflow 3.898922E-01, MaxDensity 1.272E+01, gamma 4.874591E+01, time 0.667ms
[INFO   ] DREAMPlace - full step 3.867 ms
[INFO   ] DREAMPlace - optimizer step 2.491 ms
[INFO   ] DREAMPlace - iteration  706, ( 706,  0,  0), Obj 7.533234E+07, DensityWeight 2.382737E-04, wHPWL 8.350467E+07, Overflow 3.876452E-01, MaxDensity 1.261E+01, gamma 4.837027E+01, time 0.813ms
[INFO   ] DREAMPlace - full step 3.902 ms
[INFO   ] DREAMPlace - optimizer step 2.267 ms
[INFO   ] DREAMPlace - iteration  707, ( 707,  0,  0), Obj 7.520405E+07, DensityWeight 2.492306E-04, wHPWL 8.351083E+07, Overflow 3.853204E-01, MaxDensity 1.286E+01, gamma 4.781732E+01, time 0.656ms
[INFO   ] DREAMPlace - full step 3.392 ms
[INFO   ] DREAMPlace - optimizer step 2.277 ms
[INFO   ] DREAMPlace - iteration  708, ( 708,  0,  0), Obj 7.505753E+07, DensityWeight 2.614674E-04, wHPWL 8.346760E+07, Overflow 3.824961E-01, MaxDensity 1.392E+01, gamma 4.725187E+01, time 0.746ms
[INFO   ] DREAMPlace - full step 3.486 ms
[INFO   ] DREAMPlace - optimizer step 2.272 ms
[INFO   ] DREAMPlace - iteration  709, ( 709,  0,  0), Obj 7.494231E+07, DensityWeight 2.690500E-04, wHPWL 8.340894E+07, Overflow 3.804061E-01, MaxDensity 1.198E+01, gamma 4.657392E+01, time 0.684ms
[INFO   ] DREAMPlace - full step 3.421 ms
[INFO   ] DREAMPlace - optimizer step 2.249 ms
[INFO   ] DREAMPlace - iteration  710, ( 710,  0,  0), Obj 7.484315E+07, DensityWeight 2.768525E-04, wHPWL 8.335808E+07, Overflow 3.769786E-01, MaxDensity 1.110E+01, gamma 4.607850E+01, time 0.666ms
[INFO   ] DREAMPlace - full step 3.376 ms
[INFO   ] DREAMPlace - optimizer step 2.368 ms
[INFO   ] DREAMPlace - iteration  711, ( 711,  0,  0), Obj 7.477018E+07, DensityWeight 2.848812E-04, wHPWL 8.330702E+07, Overflow 3.744797E-01, MaxDensity 1.165E+01, gamma 4.527741E+01, time 0.679ms
[INFO   ] DREAMPlace - full step 3.519 ms
[INFO   ] DREAMPlace - optimizer step 2.265 ms
[INFO   ] DREAMPlace - iteration  712, ( 712,  0,  0), Obj 7.701170E+07, DensityWeight 2.931428E-04, wHPWL 8.321422E+07, Overflow 3.721860E-01, MaxDensity 1.270E+01, gamma 4.470214E+01, time 0.660ms
[INFO   ] DREAMPlace - full step 3.385 ms
[INFO   ] DREAMPlace - optimizer step 2.253 ms
[INFO   ] DREAMPlace - iteration  713, ( 713,  0,  0), Obj 7.681928E+07, DensityWeight 3.016439E-04, wHPWL 8.338693E+07, Overflow 3.698249E-01, MaxDensity 1.245E+01, gamma 4.418058E+01, time 0.675ms
[INFO   ] DREAMPlace - full step 3.390 ms
[INFO   ] DREAMPlace - optimizer step 2.247 ms
[INFO   ] DREAMPlace - iteration  714, ( 714,  0,  0), Obj 7.650309E+07, DensityWeight 3.091919E-04, wHPWL 8.341144E+07, Overflow 3.687441E-01, MaxDensity 1.187E+01, gamma 4.365002E+01, time 0.662ms
[INFO   ] DREAMPlace - full step 3.380 ms
[INFO   ] DREAMPlace - optimizer step 2.259 ms
[INFO   ] DREAMPlace - iteration  715, ( 715,  0,  0), Obj 7.638617E+07, DensityWeight 3.235441E-04, wHPWL 8.354398E+07, Overflow 3.668650E-01, MaxDensity 1.190E+01, gamma 4.340930E+01, time 0.664ms
[INFO   ] DREAMPlace - full step 3.389 ms
[INFO   ] DREAMPlace - optimizer step 2.274 ms
[INFO   ] DREAMPlace - iteration  716, ( 716,  0,  0), Obj 7.621554E+07, DensityWeight 3.335023E-04, wHPWL 8.355600E+07, Overflow 3.656365E-01, MaxDensity 1.048E+01, gamma 4.299391E+01, time 0.664ms
[INFO   ] DREAMPlace - full step 3.403 ms
[INFO   ] DREAMPlace - optimizer step 2.225 ms
[INFO   ] DREAMPlace - iteration  717, ( 717,  0,  0), Obj 7.609625E+07, DensityWeight 3.495910E-04, wHPWL 8.355812E+07, Overflow 3.620562E-01, MaxDensity 1.031E+01, gamma 4.272449E+01, time 0.715ms
[INFO   ] DREAMPlace - full step 3.410 ms
[INFO   ] DREAMPlace - optimizer step 2.251 ms
[INFO   ] DREAMPlace - iteration  718, ( 718,  0,  0), Obj 7.595862E+07, DensityWeight 3.669620E-04, wHPWL 8.351130E+07, Overflow 3.593463E-01, MaxDensity 1.106E+01, gamma 4.194891E+01, time 0.663ms
[INFO   ] DREAMPlace - full step 3.371 ms
[INFO   ] DREAMPlace - optimizer step 2.246 ms
[INFO   ] DREAMPlace - iteration  719, ( 719,  0,  0), Obj 7.584203E+07, DensityWeight 3.776040E-04, wHPWL 8.344618E+07, Overflow 3.566999E-01, MaxDensity 1.012E+01, gamma 4.137125E+01, time 0.679ms
[INFO   ] DREAMPlace - full step 3.376 ms
[INFO   ] DREAMPlace - plotting to gammalocal_results/nshuf/adaptec2/plot/iter0720.png takes 1.910 seconds
[INFO   ] DREAMPlace - optimizer step 5.665 ms
[INFO   ] DREAMPlace - iteration  720, ( 720,  0,  0), Obj 7.575758E+07, DensityWeight 3.885545E-04, wHPWL 8.340266E+07, Overflow 3.537680E-01, MaxDensity 1.077E+01, gamma 4.081482E+01, time 0.711ms
[INFO   ] DREAMPlace - full step 1918.011 ms
[INFO   ] DREAMPlace - optimizer step 2.398 ms
[INFO   ] DREAMPlace - iteration  721, ( 721,  0,  0), Obj 7.567214E+07, DensityWeight 3.998226E-04, wHPWL 8.334689E+07, Overflow 3.497637E-01, MaxDensity 1.179E+01, gamma 4.020708E+01, time 0.746ms
[INFO   ] DREAMPlace - full step 3.737 ms
[INFO   ] DREAMPlace - optimizer step 4.123 ms
[INFO   ] DREAMPlace - iteration  722, ( 722,  0,  0), Obj 7.772200E+07, DensityWeight 4.114175E-04, wHPWL 8.325856E+07, Overflow 3.481120E-01, MaxDensity 9.614E+00, gamma 3.939165E+01, time 0.679ms
[INFO   ] DREAMPlace - full step 5.299 ms
[INFO   ] DREAMPlace - optimizer step 2.530 ms
[INFO   ] DREAMPlace - iteration  723, ( 723,  0,  0), Obj 7.754683E+07, DensityWeight 4.233486E-04, wHPWL 8.343784E+07, Overflow 3.449972E-01, MaxDensity 9.876E+00, gamma 3.906014E+01, time 0.751ms
[INFO   ] DREAMPlace - full step 3.765 ms
[INFO   ] DREAMPlace - optimizer step 2.319 ms
[INFO   ] DREAMPlace - iteration  724, ( 724,  0,  0), Obj 7.720685E+07, DensityWeight 4.335444E-04, wHPWL 8.340910E+07, Overflow 3.437283E-01, MaxDensity 9.797E+00, gamma 3.844252E+01, time 0.652ms
[INFO   ] DREAMPlace - full step 3.475 ms
[INFO   ] DREAMPlace - optimizer step 2.359 ms
[INFO   ] DREAMPlace - iteration  725, ( 725,  0,  0), Obj 7.713169E+07, DensityWeight 4.461172E-04, wHPWL 8.356558E+07, Overflow 3.418858E-01, MaxDensity 1.069E+01, gamma 3.819373E+01, time 0.677ms
[INFO   ] DREAMPlace - full step 3.513 ms
[INFO   ] DREAMPlace - optimizer step 2.272 ms
[INFO   ] DREAMPlace - iteration  726, ( 726,  0,  0), Obj 7.695411E+07, DensityWeight 4.583163E-04, wHPWL 8.355483E+07, Overflow 3.405119E-01, MaxDensity 1.011E+01, gamma 3.783534E+01, time 0.666ms
[INFO   ] DREAMPlace - full step 3.421 ms
[INFO   ] DREAMPlace - optimizer step 2.297 ms
[INFO   ] DREAMPlace - iteration  727, ( 727,  0,  0), Obj 7.681734E+07, DensityWeight 4.716075E-04, wHPWL 8.353027E+07, Overflow 3.383853E-01, MaxDensity 9.367E+00, gamma 3.757029E+01, time 0.666ms
[INFO   ] DREAMPlace - full step 3.419 ms
[INFO   ] DREAMPlace - optimizer step 2.304 ms
[INFO   ] DREAMPlace - iteration  728, ( 728,  0,  0), Obj 7.668193E+07, DensityWeight 4.852842E-04, wHPWL 8.346854E+07, Overflow 3.368659E-01, MaxDensity 9.475E+00, gamma 3.716369E+01, time 0.673ms
[INFO   ] DREAMPlace - full step 3.445 ms
[INFO   ] DREAMPlace - optimizer step 2.358 ms
[INFO   ] DREAMPlace - iteration  729, ( 729,  0,  0), Obj 7.657247E+07, DensityWeight 4.993574E-04, wHPWL 8.340696E+07, Overflow 3.339992E-01, MaxDensity 8.854E+00, gamma 3.687587E+01, time 0.676ms
[INFO   ] DREAMPlace - full step 3.487 ms
[INFO   ] DREAMPlace - optimizer step 2.342 ms
[INFO   ] DREAMPlace - iteration  730, ( 730,  0,  0), Obj 7.644978E+07, DensityWeight 5.138388E-04, wHPWL 8.331216E+07, Overflow 3.322147E-01, MaxDensity 8.270E+00, gamma 3.633890E+01, time 0.670ms
[INFO   ] DREAMPlace - full step 3.474 ms
[INFO   ] DREAMPlace - optimizer step 2.285 ms
[INFO   ] DREAMPlace - iteration  731, ( 731,  0,  0), Obj 7.633494E+07, DensityWeight 5.287401E-04, wHPWL 8.321507E+07, Overflow 3.293988E-01, MaxDensity 8.303E+00, gamma 3.600861E+01, time 0.672ms
[INFO   ] DREAMPlace - full step 3.418 ms
[INFO   ] DREAMPlace - optimizer step 2.256 ms
[INFO   ] DREAMPlace - iteration  732, ( 732,  0,  0), Obj 7.808205E+07, DensityWeight 5.440736E-04, wHPWL 8.310570E+07, Overflow 3.287784E-01, MaxDensity 8.244E+00, gamma 3.549348E+01, time 0.665ms
[INFO   ] DREAMPlace - full step 3.390 ms
[INFO   ] DREAMPlace - optimizer step 2.268 ms
[INFO   ] DREAMPlace - iteration  733, ( 733,  0,  0), Obj 7.780161E+07, DensityWeight 5.598518E-04, wHPWL 8.312477E+07, Overflow 3.275120E-01, MaxDensity 8.731E+00, gamma 3.538099E+01, time 0.658ms
[INFO   ] DREAMPlace - full step 3.399 ms
[INFO   ] DREAMPlace - optimizer step 2.283 ms
[INFO   ] DREAMPlace - iteration  734, ( 734,  0,  0), Obj 7.755497E+07, DensityWeight 5.862835E-04, wHPWL 8.315474E+07, Overflow 3.260844E-01, MaxDensity 8.733E+00, gamma 3.515246E+01, time 0.653ms
[INFO   ] DREAMPlace - full step 3.392 ms
[INFO   ] DREAMPlace - optimizer step 2.238 ms
[INFO   ] DREAMPlace - iteration  735, ( 735,  0,  0), Obj 7.742574E+07, DensityWeight 6.130313E-04, wHPWL 8.323177E+07, Overflow 3.235940E-01, MaxDensity 8.982E+00, gamma 3.489663E+01, time 0.658ms
[INFO   ] DREAMPlace - full step 3.361 ms
[INFO   ] DREAMPlace - optimizer step 2.285 ms
[INFO   ] DREAMPlace - iteration  736, ( 736,  0,  0), Obj 7.727841E+07, DensityWeight 6.368078E-04, wHPWL 8.324174E+07, Overflow 3.214501E-01, MaxDensity 8.335E+00, gamma 3.445475E+01, time 0.666ms
[INFO   ] DREAMPlace - full step 3.412 ms
[INFO   ] DREAMPlace - optimizer step 2.261 ms
[INFO   ] DREAMPlace - iteration  737, ( 737,  0,  0), Obj 7.716550E+07, DensityWeight 6.677189E-04, wHPWL 8.323770E+07, Overflow 3.195748E-01, MaxDensity 7.427E+00, gamma 3.407885E+01, time 0.649ms
[INFO   ] DREAMPlace - full step 3.369 ms
[INFO   ] DREAMPlace - optimizer step 2.255 ms
[INFO   ] DREAMPlace - iteration  738, ( 738,  0,  0), Obj 7.707558E+07, DensityWeight 6.870828E-04, wHPWL 8.322632E+07, Overflow 3.156095E-01, MaxDensity 7.470E+00, gamma 3.375341E+01, time 0.662ms
[INFO   ] DREAMPlace - full step 3.399 ms
[INFO   ] DREAMPlace - optimizer step 2.254 ms
[INFO   ] DREAMPlace - iteration  739, ( 739,  0,  0), Obj 7.695596E+07, DensityWeight 7.070082E-04, wHPWL 8.315859E+07, Overflow 3.120458E-01, MaxDensity 7.561E+00, gamma 3.307545E+01, time 0.669ms
[INFO   ] DREAMPlace - full step 3.370 ms
[INFO   ] DREAMPlace - optimizer step 2.247 ms
[INFO   ] DREAMPlace - iteration  740, ( 740,  0,  0), Obj 7.688849E+07, DensityWeight 7.275114E-04, wHPWL 8.312588E+07, Overflow 3.090056E-01, MaxDensity 7.412E+00, gamma 3.247779E+01, time 0.675ms
[INFO   ] DREAMPlace - full step 3.401 ms
[INFO   ] DREAMPlace - optimizer step 2.337 ms
[INFO   ] DREAMPlace - iteration  741, ( 741,  0,  0), Obj 7.678996E+07, DensityWeight 7.486093E-04, wHPWL 8.304663E+07, Overflow 3.067411E-01, MaxDensity 8.173E+00, gamma 3.197646E+01, time 0.672ms
[INFO   ] DREAMPlace - full step 3.459 ms
[INFO   ] DREAMPlace - optimizer step 2.284 ms
[INFO   ] DREAMPlace - iteration  742, ( 742,  0,  0), Obj 7.835312E+07, DensityWeight 7.703190E-04, wHPWL 8.297286E+07, Overflow 3.042345E-01, MaxDensity 7.965E+00, gamma 3.160810E+01, time 0.679ms
[INFO   ] DREAMPlace - full step 3.416 ms
[INFO   ] DREAMPlace - optimizer step 2.230 ms
[INFO   ] DREAMPlace - iteration  743, ( 743,  0,  0), Obj 7.815900E+07, DensityWeight 7.926583E-04, wHPWL 8.305210E+07, Overflow 3.021025E-01, MaxDensity 7.321E+00, gamma 3.120529E+01, time 0.679ms
[INFO   ] DREAMPlace - full step 3.376 ms
[INFO   ] DREAMPlace - optimizer step 2.246 ms
[INFO   ] DREAMPlace - iteration  744, ( 744,  0,  0), Obj 7.792764E+07, DensityWeight 8.231491E-04, wHPWL 8.307150E+07, Overflow 3.015930E-01, MaxDensity 7.686E+00, gamma 3.086671E+01, time 0.653ms
[INFO   ] DREAMPlace - full step 3.366 ms
[INFO   ] DREAMPlace - optimizer step 2.257 ms
[INFO   ] DREAMPlace - iteration  745, ( 745,  0,  0), Obj 7.781769E+07, DensityWeight 8.619722E-04, wHPWL 8.315108E+07, Overflow 2.990558E-01, MaxDensity 8.764E+00, gamma 3.078635E+01, time 0.690ms
[INFO   ] DREAMPlace - full step 3.424 ms
[INFO   ] DREAMPlace - optimizer step 17.016 ms
[INFO   ] DREAMPlace - iteration  746, ( 746,  0,  0), Obj 7.770879E+07, DensityWeight 8.950853E-04, wHPWL 8.317307E+07, Overflow 2.966449E-01, MaxDensity 6.809E+00, gamma 3.038923E+01, time 9.019ms
[INFO   ] DREAMPlace - full step 26.490 ms
[INFO   ] DREAMPlace - optimizer step 4.679 ms
[INFO   ] DREAMPlace - iteration  747, ( 747,  0,  0), Obj 7.758899E+07, DensityWeight 9.369628E-04, wHPWL 8.315302E+07, Overflow 2.935507E-01, MaxDensity 6.984E+00, gamma 3.001666E+01, time 7.686ms
[INFO   ] DREAMPlace - full step 12.819 ms
[INFO   ] DREAMPlace - optimizer step 2.254 ms
[INFO   ] DREAMPlace - iteration  748, ( 748,  0,  0), Obj 7.751678E+07, DensityWeight 9.641348E-04, wHPWL 8.314528E+07, Overflow 2.906491E-01, MaxDensity 6.917E+00, gamma 2.954515E+01, time 0.657ms
[INFO   ] DREAMPlace - full step 3.379 ms
[INFO   ] DREAMPlace - optimizer step 2.574 ms
[INFO   ] DREAMPlace - iteration  749, ( 749,  0,  0), Obj 7.742789E+07, DensityWeight 9.920947E-04, wHPWL 8.309629E+07, Overflow 2.868526E-01, MaxDensity 6.919E+00, gamma 2.910974E+01, time 0.667ms
[INFO   ] DREAMPlace - full step 3.704 ms
[INFO   ] DREAMPlace - optimizer step 2.369 ms
[INFO   ] DREAMPlace - iteration  750, ( 750,  0,  0), Obj 7.734765E+07, DensityWeight 1.020866E-03, wHPWL 8.304507E+07, Overflow 2.841344E-01, MaxDensity 6.428E+00, gamma 2.854970E+01, time 0.835ms
[INFO   ] DREAMPlace - full step 3.670 ms
[INFO   ] DREAMPlace - optimizer step 2.321 ms
[INFO   ] DREAMPlace - iteration  751, ( 751,  0,  0), Obj 7.725368E+07, DensityWeight 1.050471E-03, wHPWL 8.296455E+07, Overflow 2.815293E-01, MaxDensity 7.042E+00, gamma 2.815536E+01, time 7.803ms
[INFO   ] DREAMPlace - full step 10.615 ms
[INFO   ] DREAMPlace - optimizer step 2.337 ms
[INFO   ] DREAMPlace - iteration  752, ( 752,  0,  0), Obj 7.883486E+07, DensityWeight 1.080934E-03, wHPWL 8.290241E+07, Overflow 2.782159E-01, MaxDensity 6.153E+00, gamma 2.778255E+01, time 0.692ms
[INFO   ] DREAMPlace - full step 3.498 ms
[INFO   ] DREAMPlace - optimizer step 2.250 ms
[INFO   ] DREAMPlace - iteration  753, ( 753,  0,  0), Obj 7.866582E+07, DensityWeight 1.112281E-03, wHPWL 8.298966E+07, Overflow 2.779241E-01, MaxDensity 6.221E+00, gamma 2.731549E+01, time 0.663ms
[INFO   ] DREAMPlace - full step 3.370 ms
[INFO   ] DREAMPlace - optimizer step 2.270 ms
[INFO   ] DREAMPlace - iteration  754, ( 754,  0,  0), Obj 7.841735E+07, DensityWeight 1.153777E-03, wHPWL 8.296002E+07, Overflow 2.775289E-01, MaxDensity 6.233E+00, gamma 2.727473E+01, time 0.660ms
[INFO   ] DREAMPlace - full step 3.396 ms
[INFO   ] DREAMPlace - optimizer step 2.285 ms
[INFO   ] DREAMPlace - iteration  755, ( 755,  0,  0), Obj 7.830821E+07, DensityWeight 1.187237E-03, wHPWL 8.301451E+07, Overflow 2.764340E-01, MaxDensity 6.167E+00, gamma 2.721963E+01, time 0.690ms
[INFO   ] DREAMPlace - full step 3.450 ms
[INFO   ] DREAMPlace - optimizer step 2.389 ms
[INFO   ] DREAMPlace - iteration  756, ( 756,  0,  0), Obj 7.817410E+07, DensityWeight 1.237164E-03, wHPWL 8.299725E+07, Overflow 2.742089E-01, MaxDensity 6.316E+00, gamma 2.706757E+01, time 0.658ms
[INFO   ] DREAMPlace - full step 3.505 ms
[INFO   ] DREAMPlace - optimizer step 2.267 ms
[INFO   ] DREAMPlace - iteration  757, ( 757,  0,  0), Obj 7.805720E+07, DensityWeight 1.273042E-03, wHPWL 8.295826E+07, Overflow 2.716113E-01, MaxDensity 6.515E+00, gamma 2.676114E+01, time 0.655ms
[INFO   ] DREAMPlace - full step 3.377 ms
[INFO   ] DREAMPlace - optimizer step 2.259 ms
[INFO   ] DREAMPlace - iteration  758, ( 758,  0,  0), Obj 7.795270E+07, DensityWeight 1.309960E-03, wHPWL 8.291338E+07, Overflow 2.686448E-01, MaxDensity 5.823E+00, gamma 2.640779E+01, time 0.659ms
[INFO   ] DREAMPlace - full step 3.371 ms
[INFO   ] DREAMPlace - optimizer step 2.251 ms
[INFO   ] DREAMPlace - iteration  759, ( 759,  0,  0), Obj 7.785990E+07, DensityWeight 1.347949E-03, wHPWL 8.285529E+07, Overflow 2.661388E-01, MaxDensity 6.468E+00, gamma 2.600998E+01, time 0.670ms
[INFO   ] DREAMPlace - full step 3.392 ms
[INFO   ] DREAMPlace - plotting to gammalocal_results/nshuf/adaptec2/plot/iter0760.png takes 1.912 seconds
[INFO   ] DREAMPlace - optimizer step 88.641 ms
[INFO   ] DREAMPlace - iteration  760, ( 760,  0,  0), Obj 7.776206E+07, DensityWeight 1.387040E-03, wHPWL 8.277917E+07, Overflow 2.635480E-01, MaxDensity 5.617E+00, gamma 2.567858E+01, time 0.651ms
[INFO   ] DREAMPlace - full step 2004.046 ms
[INFO   ] DREAMPlace - optimizer step 2.599 ms
[INFO   ] DREAMPlace - iteration  761, ( 761,  0,  0), Obj 7.766727E+07, DensityWeight 1.427264E-03, wHPWL 8.269280E+07, Overflow 2.614336E-01, MaxDensity 5.933E+00, gamma 2.534042E+01, time 10.250ms
[INFO   ] DREAMPlace - full step 13.526 ms
[INFO   ] DREAMPlace - optimizer step 2.337 ms
[INFO   ] DREAMPlace - iteration  762, ( 762,  0,  0), Obj 7.903125E+07, DensityWeight 1.468655E-03, wHPWL 8.260426E+07, Overflow 2.601452E-01, MaxDensity 6.416E+00, gamma 2.506772E+01, time 5.922ms
[INFO   ] DREAMPlace - full step 8.750 ms
[INFO   ] DREAMPlace - optimizer step 2.299 ms
[INFO   ] DREAMPlace - iteration  763, ( 763,  0,  0), Obj 7.878261E+07, DensityWeight 1.511246E-03, wHPWL 8.257693E+07, Overflow 2.609965E-01, MaxDensity 5.839E+00, gamma 2.490302E+01, time 0.649ms
[INFO   ] DREAMPlace - full step 3.401 ms
[INFO   ] DREAMPlace - optimizer step 2.274 ms
[INFO   ] DREAMPlace - iteration  764, ( 764,  0,  0), Obj 7.855859E+07, DensityWeight 1.555072E-03, wHPWL 8.255482E+07, Overflow 2.603443E-01, MaxDensity 5.976E+00, gamma 2.501172E+01, time 0.719ms
[INFO   ] DREAMPlace - full step 3.440 ms
[INFO   ] DREAMPlace - optimizer step 2.291 ms
[INFO   ] DREAMPlace - iteration  765, ( 765,  0,  0), Obj 7.843750E+07, DensityWeight 1.600169E-03, wHPWL 8.258493E+07, Overflow 2.599783E-01, MaxDensity 6.320E+00, gamma 2.492840E+01, time 0.668ms
[INFO   ] DREAMPlace - full step 3.566 ms
[INFO   ] DREAMPlace - optimizer step 2.319 ms
[INFO   ] DREAMPlace - iteration  766, ( 766,  0,  0), Obj 7.829910E+07, DensityWeight 1.673140E-03, wHPWL 8.255891E+07, Overflow 2.589243E-01, MaxDensity 5.478E+00, gamma 2.488175E+01, time 0.662ms
[INFO   ] DREAMPlace - full step 3.475 ms
[INFO   ] DREAMPlace - optimizer step 2.240 ms
[INFO   ] DREAMPlace - iteration  767, ( 767,  0,  0), Obj 7.819891E+07, DensityWeight 1.721661E-03, wHPWL 8.254262E+07, Overflow 2.556908E-01, MaxDensity 5.769E+00, gamma 2.474793E+01, time 0.658ms
[INFO   ] DREAMPlace - full step 3.387 ms
[INFO   ] DREAMPlace - optimizer step 3.160 ms
[INFO   ] DREAMPlace - iteration  768, ( 768,  0,  0), Obj 7.809169E+07, DensityWeight 1.771589E-03, wHPWL 8.249049E+07, Overflow 2.528184E-01, MaxDensity 5.730E+00, gamma 2.434182E+01, time 0.660ms
[INFO   ] DREAMPlace - full step 4.292 ms
[INFO   ] DREAMPlace - optimizer step 2.249 ms
[INFO   ] DREAMPlace - iteration  769, ( 769,  0,  0), Obj 7.799388E+07, DensityWeight 1.822965E-03, wHPWL 8.243074E+07, Overflow 2.498559E-01, MaxDensity 6.008E+00, gamma 2.398667E+01, time 0.663ms
[INFO   ] DREAMPlace - full step 3.366 ms
[INFO   ] DREAMPlace - optimizer step 2.320 ms
[INFO   ] DREAMPlace - iteration  770, ( 770,  0,  0), Obj 7.791886E+07, DensityWeight 1.875831E-03, wHPWL 8.238078E+07, Overflow 2.473741E-01, MaxDensity 6.121E+00, gamma 2.362580E+01, time 0.688ms
[INFO   ] DREAMPlace - full step 3.461 ms
[INFO   ] DREAMPlace - optimizer step 2.290 ms
[INFO   ] DREAMPlace - iteration  771, ( 771,  0,  0), Obj 7.780807E+07, DensityWeight 1.930230E-03, wHPWL 8.228170E+07, Overflow 2.455793E-01, MaxDensity 6.363E+00, gamma 2.332767E+01, time 0.673ms
[INFO   ] DREAMPlace - full step 3.417 ms
[INFO   ] DREAMPlace - optimizer step 2.274 ms
[INFO   ] DREAMPlace - iteration  772, ( 772,  0,  0), Obj 7.893811E+07, DensityWeight 1.986207E-03, wHPWL 8.220966E+07, Overflow 2.430259E-01, MaxDensity 5.246E+00, gamma 2.311443E+01, time 0.638ms
[INFO   ] DREAMPlace - full step 3.377 ms
[INFO   ] DREAMPlace - optimizer step 2.264 ms
[INFO   ] DREAMPlace - iteration  773, ( 773,  0,  0), Obj 7.868289E+07, DensityWeight 2.043807E-03, wHPWL 8.216301E+07, Overflow 2.432756E-01, MaxDensity 5.712E+00, gamma 2.281440E+01, time 0.665ms
[INFO   ] DREAMPlace - full step 3.369 ms
[INFO   ] DREAMPlace - optimizer step 2.284 ms
[INFO   ] DREAMPlace - iteration  774, ( 774,  0,  0), Obj 7.850550E+07, DensityWeight 2.103078E-03, wHPWL 8.216774E+07, Overflow 2.418419E-01, MaxDensity 6.645E+00, gamma 2.284356E+01, time 0.662ms
[INFO   ] DREAMPlace - full step 3.415 ms
[INFO   ] DREAMPlace - optimizer step 2.223 ms
[INFO   ] DREAMPlace - iteration  775, ( 775,  0,  0), Obj 7.838464E+07, DensityWeight 2.206777E-03, wHPWL 8.218684E+07, Overflow 2.404090E-01, MaxDensity 5.877E+00, gamma 2.267660E+01, time 0.647ms
[INFO   ] DREAMPlace - full step 3.319 ms
[INFO   ] DREAMPlace - optimizer step 2.289 ms
[INFO   ] DREAMPlace - iteration  776, ( 776,  0,  0), Obj 7.827250E+07, DensityWeight 2.310953E-03, wHPWL 8.217464E+07, Overflow 2.387798E-01, MaxDensity 5.585E+00, gamma 2.251094E+01, time 0.657ms
[INFO   ] DREAMPlace - full step 3.395 ms
[INFO   ] DREAMPlace - optimizer step 2.221 ms
[INFO   ] DREAMPlace - iteration  777, ( 777,  0,  0), Obj 7.817107E+07, DensityWeight 2.377971E-03, wHPWL 8.215153E+07, Overflow 2.364573E-01, MaxDensity 5.222E+00, gamma 2.232406E+01, time 0.658ms
[INFO   ] DREAMPlace - full step 3.334 ms
[INFO   ] DREAMPlace - optimizer step 2.225 ms
[INFO   ] DREAMPlace - iteration  778, ( 778,  0,  0), Obj 7.809500E+07, DensityWeight 2.446932E-03, wHPWL 8.212582E+07, Overflow 2.338803E-01, MaxDensity 4.905E+00, gamma 2.206033E+01, time 0.696ms
[INFO   ] DREAMPlace - full step 3.372 ms
[INFO   ] DREAMPlace - optimizer step 2.248 ms
[INFO   ] DREAMPlace - iteration  779, ( 779,  0,  0), Obj 7.800315E+07, DensityWeight 2.517893E-03, wHPWL 8.206808E+07, Overflow 2.306066E-01, MaxDensity 4.837E+00, gamma 2.177136E+01, time 0.654ms
[INFO   ] DREAMPlace - full step 3.348 ms
[INFO   ] DREAMPlace - optimizer step 2.519 ms
[INFO   ] DREAMPlace - iteration  780, ( 780,  0,  0), Obj 7.791808E+07, DensityWeight 2.590912E-03, wHPWL 8.200522E+07, Overflow 2.279527E-01, MaxDensity 6.027E+00, gamma 2.140970E+01, time 0.683ms
[INFO   ] DREAMPlace - full step 3.664 ms
[INFO   ] DREAMPlace - optimizer step 2.531 ms
[INFO   ] DREAMPlace - iteration  781, ( 781,  0,  0), Obj 7.783365E+07, DensityWeight 2.666049E-03, wHPWL 8.193666E+07, Overflow 2.257486E-01, MaxDensity 5.313E+00, gamma 2.112092E+01, time 0.675ms
[INFO   ] DREAMPlace - full step 3.661 ms
[INFO   ] DREAMPlace - optimizer step 2.596 ms
[INFO   ] DREAMPlace - iteration  782, ( 782,  0,  0), Obj 7.893474E+07, DensityWeight 2.743365E-03, wHPWL 8.185990E+07, Overflow 2.235719E-01, MaxDensity 5.636E+00, gamma 2.088406E+01, time 0.658ms
[INFO   ] DREAMPlace - full step 3.709 ms
[INFO   ] DREAMPlace - optimizer step 2.503 ms
[INFO   ] DREAMPlace - iteration  783, ( 783,  0,  0), Obj 7.870474E+07, DensityWeight 2.822922E-03, wHPWL 8.181145E+07, Overflow 2.241069E-01, MaxDensity 4.999E+00, gamma 2.065275E+01, time 0.649ms
[INFO   ] DREAMPlace - full step 3.582 ms
[INFO   ] DREAMPlace - optimizer step 4.597 ms
[INFO   ] DREAMPlace - iteration  784, ( 784,  0,  0), Obj 7.854728E+07, DensityWeight 2.904787E-03, wHPWL 8.181443E+07, Overflow 2.241509E-01, MaxDensity 4.744E+00, gamma 2.070936E+01, time 0.975ms
[INFO   ] DREAMPlace - full step 6.079 ms
[INFO   ] DREAMPlace - optimizer step 2.519 ms
[INFO   ] DREAMPlace - iteration  785, ( 785,  0,  0), Obj 7.844176E+07, DensityWeight 3.048758E-03, wHPWL 8.183822E+07, Overflow 2.225268E-01, MaxDensity 4.692E+00, gamma 2.071403E+01, time 1.278ms
[INFO   ] DREAMPlace - full step 4.260 ms
[INFO   ] DREAMPlace - optimizer step 2.417 ms
[INFO   ] DREAMPlace - iteration  786, ( 786,  0,  0), Obj 7.834087E+07, DensityWeight 3.190596E-03, wHPWL 8.183135E+07, Overflow 2.206468E-01, MaxDensity 5.181E+00, gamma 2.054260E+01, time 0.657ms
[INFO   ] DREAMPlace - full step 3.537 ms
[INFO   ] DREAMPlace - optimizer step 2.544 ms
[INFO   ] DREAMPlace - iteration  787, ( 787,  0,  0), Obj 7.826550E+07, DensityWeight 3.283123E-03, wHPWL 8.182256E+07, Overflow 2.184370E-01, MaxDensity 4.897E+00, gamma 2.034594E+01, time 0.662ms
[INFO   ] DREAMPlace - full step 3.664 ms
[INFO   ] DREAMPlace - optimizer step 2.431 ms
[INFO   ] DREAMPlace - iteration  788, ( 788,  0,  0), Obj 7.818054E+07, DensityWeight 3.378334E-03, wHPWL 8.178950E+07, Overflow 2.150358E-01, MaxDensity 4.892E+00, gamma 2.011717E+01, time 0.655ms
[INFO   ] DREAMPlace - full step 3.533 ms
[INFO   ] DREAMPlace - optimizer step 2.474 ms
[INFO   ] DREAMPlace - iteration  789, ( 789,  0,  0), Obj 7.810411E+07, DensityWeight 3.476306E-03, wHPWL 8.174858E+07, Overflow 2.127044E-01, MaxDensity 4.707E+00, gamma 1.977010E+01, time 0.653ms
[INFO   ] DREAMPlace - full step 3.594 ms
[INFO   ] DREAMPlace - optimizer step 2.671 ms
[INFO   ] DREAMPlace - iteration  790, ( 790,  0,  0), Obj 7.803968E+07, DensityWeight 3.577119E-03, wHPWL 8.170708E+07, Overflow 2.094198E-01, MaxDensity 4.830E+00, gamma 1.953565E+01, time 2.565ms
[INFO   ] DREAMPlace - full step 5.710 ms
[INFO   ] DREAMPlace - optimizer step 2.527 ms
[INFO   ] DREAMPlace - iteration  791, ( 791,  0,  0), Obj 7.795415E+07, DensityWeight 3.680856E-03, wHPWL 8.164057E+07, Overflow 2.073893E-01, MaxDensity 4.790E+00, gamma 1.921006E+01, time 0.676ms
[INFO   ] DREAMPlace - full step 3.658 ms
[INFO   ] DREAMPlace - optimizer step 2.351 ms
[INFO   ] DREAMPlace - iteration  792, ( 792,  0,  0), Obj 7.889085E+07, DensityWeight 3.787601E-03, wHPWL 8.158172E+07, Overflow 2.054831E-01, MaxDensity 5.711E+00, gamma 1.901150E+01, time 0.659ms
[INFO   ] DREAMPlace - full step 3.458 ms
[INFO   ] DREAMPlace - optimizer step 2.283 ms
[INFO   ] DREAMPlace - iteration  793, ( 793,  0,  0), Obj 7.867339E+07, DensityWeight 3.897441E-03, wHPWL 8.153018E+07, Overflow 2.058119E-01, MaxDensity 4.410E+00, gamma 1.882697E+01, time 0.643ms
[INFO   ] DREAMPlace - full step 3.359 ms
[INFO   ] DREAMPlace - optimizer step 2.402 ms
[INFO   ] DREAMPlace - iteration  794, ( 794,  0,  0), Obj 7.851291E+07, DensityWeight 4.010467E-03, wHPWL 8.151203E+07, Overflow 2.062517E-01, MaxDensity 4.638E+00, gamma 1.885867E+01, time 0.654ms
[INFO   ] DREAMPlace - full step 3.501 ms
[INFO   ] DREAMPlace - optimizer step 2.852 ms
[INFO   ] DREAMPlace - iteration  795, ( 795,  0,  0), Obj 7.841950E+07, DensityWeight 4.126771E-03, wHPWL 8.153065E+07, Overflow 2.044097E-01, MaxDensity 4.345E+00, gamma 1.890116E+01, time 0.659ms
[INFO   ] DREAMPlace - full step 4.000 ms
[INFO   ] DREAMPlace - optimizer step 2.514 ms
[INFO   ] DREAMPlace - iteration  796, ( 796,  0,  0), Obj 7.831409E+07, DensityWeight 4.321879E-03, wHPWL 8.151277E+07, Overflow 2.023022E-01, MaxDensity 4.685E+00, gamma 1.872385E+01, time 0.655ms
[INFO   ] DREAMPlace - full step 3.617 ms
[INFO   ] DREAMPlace - optimizer step 2.427 ms
[INFO   ] DREAMPlace - iteration  797, ( 797,  0,  0), Obj 7.822953E+07, DensityWeight 4.447214E-03, wHPWL 8.148936E+07, Overflow 2.005321E-01, MaxDensity 4.386E+00, gamma 1.852302E+01, time 0.668ms
[INFO   ] DREAMPlace - full step 3.550 ms
[INFO   ] DREAMPlace - optimizer step 2.529 ms
[INFO   ] DREAMPlace - iteration  798, ( 798,  0,  0), Obj 7.813727E+07, DensityWeight 4.576183E-03, wHPWL 8.144590E+07, Overflow 1.974809E-01, MaxDensity 4.182E+00, gamma 1.835601E+01, time 0.667ms
[INFO   ] DREAMPlace - full step 3.649 ms
[INFO   ] DREAMPlace - optimizer step 102.576 ms
[INFO   ] DREAMPlace - iteration  799, ( 799,  0,  0), Obj 7.805546E+07, DensityWeight 4.708893E-03, wHPWL 8.139493E+07, Overflow 1.953659E-01, MaxDensity 4.678E+00, gamma 1.807165E+01, time 4.973ms
[INFO   ] DREAMPlace - full step 108.068 ms
[INFO   ] DREAMPlace - plotting to gammalocal_results/nshuf/adaptec2/plot/iter0800.png takes 1.903 seconds
[INFO   ] DREAMPlace - optimizer step 38.345 ms
[INFO   ] DREAMPlace - iteration  800, ( 800,  0,  0), Obj 7.796799E+07, DensityWeight 4.845451E-03, wHPWL 8.132730E+07, Overflow 1.934197E-01, MaxDensity 4.781E+00, gamma 1.787713E+01, time 5.963ms
[INFO   ] DREAMPlace - full step 1949.681 ms
[INFO   ] DREAMPlace - gamma_local: mean(coef_net)/coef = 4.629 (norm=gamma, applied ratio 1.000)
[INFO   ] DREAMPlace - optimizer step 7.935 ms
[INFO   ] DREAMPlace - iteration  801, ( 801,  0,  0), Obj 7.786198E+07, DensityWeight 4.985970E-03, wHPWL 8.123722E+07, Overflow 1.912386E-01, MaxDensity 4.584E+00, gamma 1.769999E+01, time 50.316ms
[INFO   ] DREAMPlace - full step 58.975 ms
[INFO   ] DREAMPlace - optimizer step 6.036 ms
[INFO   ] DREAMPlace - iteration  802, ( 802,  0,  0), Obj 7.867593E+07, DensityWeight 5.130563E-03, wHPWL 8.112526E+07, Overflow 1.898541E-01, MaxDensity 4.654E+00, gamma 1.750355E+01, time 69.528ms
[INFO   ] DREAMPlace - full step 76.110 ms
[INFO   ] DREAMPlace - optimizer step 4.816 ms
[INFO   ] DREAMPlace - iteration  803, ( 803,  0,  0), Obj 7.837235E+07, DensityWeight 5.279350E-03, wHPWL 8.097059E+07, Overflow 1.892451E-01, MaxDensity 4.781E+00, gamma 1.737998E+01, time 2.768ms
[INFO   ] DREAMPlace - full step 8.114 ms
[INFO   ] DREAMPlace - optimizer step 4.286 ms
[INFO   ] DREAMPlace - iteration  804, ( 804,  0,  0), Obj 7.794147E+07, DensityWeight 5.432451E-03, wHPWL 8.066328E+07, Overflow 1.906091E-01, MaxDensity 5.122E+00, gamma 1.732591E+01, time 6.194ms
[INFO   ] DREAMPlace - full step 10.955 ms
[INFO   ] DREAMPlace - optimizer step 2.306 ms
[INFO   ] DREAMPlace - iteration  805, ( 805,  0,  0), Obj 7.770561E+07, DensityWeight 5.589992E-03, wHPWL 8.052442E+07, Overflow 1.902005E-01, MaxDensity 5.559E+00, gamma 1.744725E+01, time 0.664ms
[INFO   ] DREAMPlace - full step 3.429 ms
[INFO   ] DREAMPlace - optimizer step 2.304 ms
[INFO   ] DREAMPlace - iteration  806, ( 806,  0,  0), Obj 7.760875E+07, DensityWeight 5.752102E-03, wHPWL 8.050143E+07, Overflow 1.883749E-01, MaxDensity 5.933E+00, gamma 1.741081E+01, time 0.671ms
[INFO   ] DREAMPlace - full step 3.465 ms
[INFO   ] DREAMPlace - optimizer step 2.284 ms
[INFO   ] DREAMPlace - iteration  807, ( 807,  0,  0), Obj 7.748214E+07, DensityWeight 5.918914E-03, wHPWL 8.042926E+07, Overflow 1.867584E-01, MaxDensity 4.640E+00, gamma 1.724893E+01, time 0.670ms
[INFO   ] DREAMPlace - full step 3.426 ms
[INFO   ] DREAMPlace - optimizer step 2.253 ms
[INFO   ] DREAMPlace - iteration  808, ( 808,  0,  0), Obj 7.734865E+07, DensityWeight 6.090562E-03, wHPWL 8.033787E+07, Overflow 1.852580E-01, MaxDensity 4.269E+00, gamma 1.710685E+01, time 0.664ms
[INFO   ] DREAMPlace - full step 3.387 ms
[INFO   ] DREAMPlace - optimizer step 2.222 ms
[INFO   ] DREAMPlace - iteration  809, ( 809,  0,  0), Obj 7.722877E+07, DensityWeight 6.267189E-03, wHPWL 8.025138E+07, Overflow 1.836952E-01, MaxDensity 4.679E+00, gamma 1.697601E+01, time 0.660ms
[INFO   ] DREAMPlace - full step 3.343 ms
[INFO   ] DREAMPlace - optimizer step 2.275 ms
[INFO   ] DREAMPlace - iteration  810, ( 810,  0,  0), Obj 7.713142E+07, DensityWeight 6.448938E-03, wHPWL 8.017698E+07, Overflow 1.820976E-01, MaxDensity 3.942E+00, gamma 1.684081E+01, time 0.647ms
[INFO   ] DREAMPlace - full step 3.386 ms
[INFO   ] DREAMPlace - optimizer step 2.387 ms
[INFO   ] DREAMPlace - iteration  811, ( 811,  0,  0), Obj 7.704818E+07, DensityWeight 6.635957E-03, wHPWL 8.011207E+07, Overflow 1.804732E-01, MaxDensity 3.841E+00, gamma 1.670370E+01, time 0.665ms
[INFO   ] DREAMPlace - full step 3.522 ms
[INFO   ] DREAMPlace - optimizer step 2.281 ms
[INFO   ] DREAMPlace - iteration  812, ( 812,  0,  0), Obj 7.783301E+07, DensityWeight 6.828400E-03, wHPWL 8.005389E+07, Overflow 1.787581E-01, MaxDensity 3.956E+00, gamma 1.656544E+01, time 0.642ms
[INFO   ] DREAMPlace - full step 3.382 ms
[INFO   ] DREAMPlace - optimizer step 2.378 ms
[INFO   ] DREAMPlace - iteration  813, ( 813,  0,  0), Obj 7.758153E+07, DensityWeight 7.026424E-03, wHPWL 7.993595E+07, Overflow 1.781616E-01, MaxDensity 4.467E+00, gamma 1.642070E+01, time 0.655ms
[INFO   ] DREAMPlace - full step 3.495 ms
[INFO   ] DREAMPlace - optimizer step 4.289 ms
[INFO   ] DREAMPlace - iteration  814, ( 814,  0,  0), Obj 7.741430E+07, DensityWeight 7.230190E-03, wHPWL 7.988211E+07, Overflow 1.774720E-01, MaxDensity 4.285E+00, gamma 1.637065E+01, time 0.649ms
[INFO   ] DREAMPlace - full step 5.397 ms
[INFO   ] DREAMPlace - optimizer step 2.231 ms
[INFO   ] DREAMPlace - iteration  815, ( 815,  0,  0), Obj 7.719792E+07, DensityWeight 7.439866E-03, wHPWL 7.975911E+07, Overflow 1.779285E-01, MaxDensity 4.659E+00, gamma 1.631299E+01, time 0.660ms
[INFO   ] DREAMPlace - full step 3.321 ms
[INFO   ] DREAMPlace - optimizer step 2.237 ms
[INFO   ] DREAMPlace - iteration  816, ( 816,  0,  0), Obj 7.712029E+07, DensityWeight 7.655622E-03, wHPWL 7.975613E+07, Overflow 1.770121E-01, MaxDensity 4.466E+00, gamma 1.635114E+01, time 0.635ms
[INFO   ] DREAMPlace - full step 3.325 ms
[INFO   ] DREAMPlace - optimizer step 2.262 ms
[INFO   ] DREAMPlace - iteration  817, ( 817,  0,  0), Obj 7.702937E+07, DensityWeight 7.877636E-03, wHPWL 7.972523E+07, Overflow 1.755929E-01, MaxDensity 4.433E+00, gamma 1.627465E+01, time 0.650ms
[INFO   ] DREAMPlace - full step 3.364 ms
[INFO   ] DREAMPlace - optimizer step 2.234 ms
[INFO   ] DREAMPlace - iteration  818, ( 818,  0,  0), Obj 7.693883E+07, DensityWeight 8.106087E-03, wHPWL 7.968518E+07, Overflow 1.737154E-01, MaxDensity 4.964E+00, gamma 1.615689E+01, time 0.651ms
[INFO   ] DREAMPlace - full step 3.345 ms
[INFO   ] DREAMPlace - optimizer step 2.895 ms
[INFO   ] DREAMPlace - iteration  819, ( 819,  0,  0), Obj 7.685076E+07, DensityWeight 8.341164E-03, wHPWL 7.963579E+07, Overflow 1.724420E-01, MaxDensity 4.447E+00, gamma 1.600242E+01, time 0.671ms
[INFO   ] DREAMPlace - full step 4.061 ms
[INFO   ] DREAMPlace - optimizer step 2.309 ms
[INFO   ] DREAMPlace - iteration  820, ( 820,  0,  0), Obj 7.677682E+07, DensityWeight 8.583059E-03, wHPWL 7.959452E+07, Overflow 1.709617E-01, MaxDensity 4.527E+00, gamma 1.589849E+01, time 0.771ms
[INFO   ] DREAMPlace - full step 3.622 ms
[INFO   ] DREAMPlace - optimizer step 2.275 ms
[INFO   ] DREAMPlace - iteration  821, ( 821,  0,  0), Obj 7.673589E+07, DensityWeight 8.831968E-03, wHPWL 7.957751E+07, Overflow 1.693009E-01, MaxDensity 4.225E+00, gamma 1.577853E+01, time 0.665ms
[INFO   ] DREAMPlace - full step 3.406 ms
[INFO   ] DREAMPlace - optimizer step 4.143 ms
[INFO   ] DREAMPlace - iteration  822, ( 822,  0,  0), Obj 7.752580E+07, DensityWeight 9.088095E-03, wHPWL 7.956848E+07, Overflow 1.675730E-01, MaxDensity 4.196E+00, gamma 1.564500E+01, time 0.650ms
[INFO   ] DREAMPlace - full step 5.256 ms
[INFO   ] DREAMPlace - optimizer step 2.335 ms
[INFO   ] DREAMPlace - iteration  823, ( 823,  0,  0), Obj 7.735914E+07, DensityWeight 9.351650E-03, wHPWL 7.953362E+07, Overflow 1.653604E-01, MaxDensity 4.443E+00, gamma 1.550729E+01, time 1.283ms
[INFO   ] DREAMPlace - full step 4.090 ms
[INFO   ] DREAMPlace - optimizer step 2.278 ms
[INFO   ] DREAMPlace - iteration  824, ( 824,  0,  0), Obj 7.725791E+07, DensityWeight 9.622849E-03, wHPWL 7.953826E+07, Overflow 1.636439E-01, MaxDensity 4.390E+00, gamma 1.533271E+01, time 0.664ms
[INFO   ] DREAMPlace - full step 3.447 ms
[INFO   ] DREAMPlace - optimizer step 2.267 ms
[INFO   ] DREAMPlace - iteration  825, ( 825,  0,  0), Obj 7.714790E+07, DensityWeight 1.009747E-02, wHPWL 7.952487E+07, Overflow 1.626583E-01, MaxDensity 4.222E+00, gamma 1.519863E+01, time 0.664ms
[INFO   ] DREAMPlace - full step 3.398 ms
[INFO   ] DREAMPlace - optimizer step 2.284 ms
[INFO   ] DREAMPlace - iteration  826, ( 826,  0,  0), Obj 7.705189E+07, DensityWeight 1.039030E-02, wHPWL 7.950637E+07, Overflow 1.615763E-01, MaxDensity 3.992E+00, gamma 1.512217E+01, time 0.835ms
[INFO   ] DREAMPlace - full step 3.582 ms
[INFO   ] DREAMPlace - optimizer step 2.258 ms
[INFO   ] DREAMPlace - iteration  827, ( 827,  0,  0), Obj 7.696842E+07, DensityWeight 1.069161E-02, wHPWL 7.948691E+07, Overflow 1.598298E-01, MaxDensity 3.778E+00, gamma 1.503868E+01, time 4.628ms
[INFO   ] DREAMPlace - full step 7.344 ms
[INFO   ] DREAMPlace - optimizer step 2.250 ms
[INFO   ] DREAMPlace - iteration  828, ( 828,  0,  0), Obj 7.692200E+07, DensityWeight 1.100167E-02, wHPWL 7.949050E+07, Overflow 1.576073E-01, MaxDensity 3.603E+00, gamma 1.490489E+01, time 0.664ms
[INFO   ] DREAMPlace - full step 3.370 ms
[INFO   ] DREAMPlace - optimizer step 3.091 ms
[INFO   ] DREAMPlace - iteration  829, ( 829,  0,  0), Obj 7.689136E+07, DensityWeight 1.154599E-02, wHPWL 7.949983E+07, Overflow 1.552472E-01, MaxDensity 3.454E+00, gamma 1.473635E+01, time 0.670ms
[INFO   ] DREAMPlace - full step 4.224 ms
[INFO   ] DREAMPlace - optimizer step 2.234 ms
[INFO   ] DREAMPlace - iteration  830, ( 830,  0,  0), Obj 7.686865E+07, DensityWeight 1.210752E-02, wHPWL 7.950778E+07, Overflow 1.527769E-01, MaxDensity 3.517E+00, gamma 1.455945E+01, time 0.651ms
[INFO   ] DREAMPlace - full step 3.347 ms
[INFO   ] DREAMPlace - optimizer step 2.267 ms
[INFO   ] DREAMPlace - iteration  831, ( 831,  0,  0), Obj 7.684585E+07, DensityWeight 1.269882E-02, wHPWL 7.950801E+07, Overflow 1.503528E-01, MaxDensity 3.608E+00, gamma 1.437658E+01, time 0.663ms
[INFO   ] DREAMPlace - full step 3.410 ms
[INFO   ] DREAMPlace - optimizer step 2.249 ms
[INFO   ] DREAMPlace - iteration  832, ( 832,  0,  0), Obj 7.762941E+07, DensityWeight 1.333333E-02, wHPWL 7.950123E+07, Overflow 1.476882E-01, MaxDensity 3.783E+00, gamma 1.419936E+01, time 0.654ms
[INFO   ] DREAMPlace - full step 3.368 ms
[INFO   ] DREAMPlace - optimizer step 2.999 ms
[INFO   ] DREAMPlace - iteration  833, ( 833,  0,  0), Obj 7.744878E+07, DensityWeight 1.372000E-02, wHPWL 7.943322E+07, Overflow 1.452641E-01, MaxDensity 3.890E+00, gamma 1.400707E+01, time 0.701ms
[INFO   ] DREAMPlace - full step 4.151 ms
[INFO   ] DREAMPlace - optimizer step 2.219 ms
[INFO   ] DREAMPlace - iteration  834, ( 834,  0,  0), Obj 7.733879E+07, DensityWeight 1.411788E-02, wHPWL 7.941301E+07, Overflow 1.434470E-01, MaxDensity 3.732E+00, gamma 1.383440E+01, time 0.648ms
[INFO   ] DREAMPlace - full step 3.328 ms
[INFO   ] DREAMPlace - optimizer step 2.300 ms
[INFO   ] DREAMPlace - iteration  835, ( 835,  0,  0), Obj 7.723843E+07, DensityWeight 1.452730E-02, wHPWL 7.939258E+07, Overflow 1.423354E-01, MaxDensity 3.445E+00, gamma 1.370637E+01, time 0.658ms
[INFO   ] DREAMPlace - full step 3.420 ms
[INFO   ] DREAMPlace - optimizer step 2.242 ms
[INFO   ] DREAMPlace - iteration  836, ( 836,  0,  0), Obj 7.715638E+07, DensityWeight 1.494859E-02, wHPWL 7.937275E+07, Overflow 1.412659E-01, MaxDensity 3.378E+00, gamma 1.362863E+01, time 0.657ms
[INFO   ] DREAMPlace - full step 3.371 ms
[INFO   ] DREAMPlace - optimizer step 2.259 ms
[INFO   ] DREAMPlace - iteration  837, ( 837,  0,  0), Obj 7.709245E+07, DensityWeight 1.538210E-02, wHPWL 7.935979E+07, Overflow 1.398337E-01, MaxDensity 3.251E+00, gamma 1.355425E+01, time 0.666ms
[INFO   ] DREAMPlace - full step 3.396 ms
[INFO   ] DREAMPlace - optimizer step 2.244 ms
[INFO   ] DREAMPlace - iteration  838, ( 838,  0,  0), Obj 7.705561E+07, DensityWeight 1.582818E-02, wHPWL 7.936231E+07, Overflow 1.384183E-01, MaxDensity 3.506E+00, gamma 1.345528E+01, time 0.668ms
[INFO   ] DREAMPlace - full step 3.384 ms
[INFO   ] DREAMPlace - optimizer step 2.260 ms
[INFO   ] DREAMPlace - iteration  839, ( 839,  0,  0), Obj 7.703123E+07, DensityWeight 1.661375E-02, wHPWL 7.936904E+07, Overflow 1.362894E-01, MaxDensity 3.649E+00, gamma 1.335819E+01, time 0.667ms
[INFO   ] DREAMPlace - full step 3.389 ms
[INFO   ] DREAMPlace - plotting to gammalocal_results/nshuf/adaptec2/plot/iter0840.png takes 1.889 seconds
[INFO   ] DREAMPlace - optimizer step 5.139 ms
[INFO   ] DREAMPlace - iteration  840, ( 840,  0,  0), Obj 7.700618E+07, DensityWeight 1.742809E-02, wHPWL 7.936995E+07, Overflow 1.341870E-01, MaxDensity 3.802E+00, gamma 1.321346E+01, time 0.672ms
[INFO   ] DREAMPlace - full step 1898.508 ms
[INFO   ] DREAMPlace - optimizer step 2.422 ms
[INFO   ] DREAMPlace - iteration  841, ( 841,  0,  0), Obj 7.698929E+07, DensityWeight 1.829716E-02, wHPWL 7.937302E+07, Overflow 1.315401E-01, MaxDensity 3.628E+00, gamma 1.307208E+01, time 0.765ms
[INFO   ] DREAMPlace - full step 3.887 ms
[INFO   ] DREAMPlace - optimizer step 3.942 ms
[INFO   ] DREAMPlace - iteration  842, ( 842,  0,  0), Obj 7.753447E+07, DensityWeight 1.920381E-02, wHPWL 7.936373E+07, Overflow 1.292856E-01, MaxDensity 3.625E+00, gamma 1.289623E+01, time 0.672ms
[INFO   ] DREAMPlace - full step 5.087 ms
[INFO   ] DREAMPlace - optimizer step 2.275 ms
[INFO   ] DREAMPlace - iteration  843, ( 843,  0,  0), Obj 7.733406E+07, DensityWeight 1.976073E-02, wHPWL 7.927907E+07, Overflow 1.270251E-01, MaxDensity 3.549E+00, gamma 1.274832E+01, time 0.671ms
[INFO   ] DREAMPlace - full step 3.412 ms
[INFO   ] DREAMPlace - optimizer step 2.269 ms
[INFO   ] DREAMPlace - iteration  844, ( 844,  0,  0), Obj 7.723618E+07, DensityWeight 2.033379E-02, wHPWL 7.927222E+07, Overflow 1.250899E-01, MaxDensity 3.117E+00, gamma 1.260171E+01, time 0.656ms
[INFO   ] DREAMPlace - full step 3.397 ms
[INFO   ] DREAMPlace - optimizer step 2.478 ms
[INFO   ] DREAMPlace - iteration  845, ( 845,  0,  0), Obj 7.714338E+07, DensityWeight 2.092347E-02, wHPWL 7.926000E+07, Overflow 1.240005E-01, MaxDensity 3.184E+00, gamma 1.247754E+01, time 0.649ms
[INFO   ] DREAMPlace - full step 3.590 ms
[INFO   ] DREAMPlace - optimizer step 5.475 ms
[INFO   ] DREAMPlace - iteration  846, ( 846,  0,  0), Obj 7.707022E+07, DensityWeight 2.153025E-02, wHPWL 7.924808E+07, Overflow 1.229930E-01, MaxDensity 3.065E+00, gamma 1.240818E+01, time 2.522ms
[INFO   ] DREAMPlace - full step 8.468 ms
[INFO   ] DREAMPlace - optimizer step 2.284 ms
[INFO   ] DREAMPlace - iteration  847, ( 847,  0,  0), Obj 7.702212E+07, DensityWeight 2.215463E-02, wHPWL 7.924931E+07, Overflow 1.217185E-01, MaxDensity 3.033E+00, gamma 1.234437E+01, time 0.714ms
[INFO   ] DREAMPlace - full step 3.477 ms
[INFO   ] DREAMPlace - optimizer step 2.253 ms
[INFO   ] DREAMPlace - iteration  848, ( 848,  0,  0), Obj 7.699797E+07, DensityWeight 2.325836E-02, wHPWL 7.926062E+07, Overflow 1.202473E-01, MaxDensity 3.041E+00, gamma 1.226414E+01, time 0.658ms
[INFO   ] DREAMPlace - full step 3.384 ms
[INFO   ] DREAMPlace - optimizer step 2.270 ms
[INFO   ] DREAMPlace - iteration  849, ( 849,  0,  0), Obj 7.698493E+07, DensityWeight 2.438282E-02, wHPWL 7.927761E+07, Overflow 1.187415E-01, MaxDensity 3.000E+00, gamma 1.217216E+01, time 1.610ms
[INFO   ] DREAMPlace - full step 4.349 ms
[INFO   ] DREAMPlace - optimizer step 8.223 ms
[INFO   ] DREAMPlace - iteration  850, ( 850,  0,  0), Obj 7.696571E+07, DensityWeight 2.554139E-02, wHPWL 7.927958E+07, Overflow 1.166324E-01, MaxDensity 2.934E+00, gamma 1.207873E+01, time 0.655ms
[INFO   ] DREAMPlace - full step 9.350 ms
[INFO   ] DREAMPlace - optimizer step 2.249 ms
[INFO   ] DREAMPlace - iteration  851, ( 851,  0,  0), Obj 7.694360E+07, DensityWeight 2.681107E-02, wHPWL 7.927626E+07, Overflow 1.144377E-01, MaxDensity 2.861E+00, gamma 1.194908E+01, time 0.680ms
[INFO   ] DREAMPlace - full step 3.397 ms
[INFO   ] DREAMPlace - optimizer step 2.219 ms
[INFO   ] DREAMPlace - iteration  852, ( 852,  0,  0), Obj 7.752874E+07, DensityWeight 2.758860E-02, wHPWL 7.926760E+07, Overflow 1.122103E-01, MaxDensity 2.824E+00, gamma 1.181565E+01, time 0.655ms
[INFO   ] DREAMPlace - full step 3.333 ms
[INFO   ] DREAMPlace - optimizer step 2.271 ms
[INFO   ] DREAMPlace - iteration  853, ( 853,  0,  0), Obj 7.732050E+07, DensityWeight 2.838867E-02, wHPWL 7.916971E+07, Overflow 1.096480E-01, MaxDensity 2.946E+00, gamma 1.168174E+01, time 0.659ms
[INFO   ] DREAMPlace - full step 3.388 ms
[INFO   ] DREAMPlace - optimizer step 2.258 ms
[INFO   ] DREAMPlace - iteration  854, ( 854,  0,  0), Obj 7.722635E+07, DensityWeight 2.921194E-02, wHPWL 7.916346E+07, Overflow 1.080592E-01, MaxDensity 2.911E+00, gamma 1.152958E+01, time 0.658ms
[INFO   ] DREAMPlace - full step 3.372 ms
[INFO   ] DREAMPlace - optimizer step 2.958 ms
[INFO   ] DREAMPlace - iteration  855, ( 855,  0,  0), Obj 7.715292E+07, DensityWeight 3.005909E-02, wHPWL 7.915911E+07, Overflow 1.069475E-01, MaxDensity 2.887E+00, gamma 1.143623E+01, time 0.659ms
[INFO   ] DREAMPlace - full step 4.071 ms
[INFO   ] DREAMPlace - optimizer step 2.245 ms
[INFO   ] DREAMPlace - iteration  856, ( 856,  0,  0), Obj 7.709719E+07, DensityWeight 3.093080E-02, wHPWL 7.915228E+07, Overflow 1.059444E-01, MaxDensity 2.830E+00, gamma 1.137136E+01, time 0.666ms
[INFO   ] DREAMPlace - full step 3.361 ms
[INFO   ] DREAMPlace - optimizer step 2.253 ms
[INFO   ] DREAMPlace - iteration  857, ( 857,  0,  0), Obj 7.706896E+07, DensityWeight 3.182780E-02, wHPWL 7.916155E+07, Overflow 1.046035E-01, MaxDensity 2.738E+00, gamma 1.131315E+01, time 0.657ms
[INFO   ] DREAMPlace - full step 3.361 ms
[INFO   ] DREAMPlace - optimizer step 2.301 ms
[INFO   ] DREAMPlace - iteration  858, ( 858,  0,  0), Obj 7.705908E+07, DensityWeight 3.337602E-02, wHPWL 7.917902E+07, Overflow 1.030377E-01, MaxDensity 2.754E+00, gamma 1.123579E+01, time 0.662ms
[INFO   ] DREAMPlace - full step 3.419 ms
[INFO   ] DREAMPlace - optimizer step 2.259 ms
[INFO   ] DREAMPlace - iteration  859, ( 859,  0,  0), Obj 7.705094E+07, DensityWeight 3.495957E-02, wHPWL 7.919228E+07, Overflow 1.014633E-01, MaxDensity 2.777E+00, gamma 1.114613E+01, time 0.659ms
[INFO   ] DREAMPlace - full step 3.415 ms
[INFO   ] DREAMPlace - optimizer step 2.225 ms
[INFO   ] DREAMPlace - iteration  860, ( 860,  0,  0), Obj 7.703721E+07, DensityWeight 3.663978E-02, wHPWL 7.919327E+07, Overflow 9.974752E-02, MaxDensity 2.659E+00, gamma 1.105669E+01, time 0.642ms
[INFO   ] DREAMPlace - full step 3.343 ms
[INFO   ] DREAMPlace - optimizer step 2.231 ms
[INFO   ] DREAMPlace - iteration  861, ( 861,  0,  0), Obj 7.702092E+07, DensityWeight 3.846644E-02, wHPWL 7.918901E+07, Overflow 9.805989E-02, MaxDensity 2.769E+00, gamma 1.096005E+01, time 0.651ms
[INFO   ] DREAMPlace - full step 3.341 ms
[INFO   ] DREAMPlace - optimizer step 2.231 ms
[INFO   ] DREAMPlace - iteration  862, ( 862,  0,  0), Obj 7.748517E+07, DensityWeight 3.958197E-02, wHPWL 7.918731E+07, Overflow 9.618426E-02, MaxDensity 2.950E+00, gamma 1.086582E+01, time 0.659ms
[INFO   ] DREAMPlace - full step 3.348 ms
[INFO   ] DREAMPlace - optimizer step 2.241 ms
[INFO   ] DREAMPlace - iteration  863, ( 863,  0,  0), Obj 7.732575E+07, DensityWeight 4.072985E-02, wHPWL 7.913098E+07, Overflow 9.416959E-02, MaxDensity 2.913E+00, gamma 1.076203E+01, time 0.659ms
[INFO   ] DREAMPlace - full step 3.354 ms
[INFO   ] DREAMPlace - optimizer step 2.220 ms
[INFO   ] DREAMPlace - iteration  864, ( 864,  0,  0), Obj 7.724900E+07, DensityWeight 4.191101E-02, wHPWL 7.913682E+07, Overflow 9.291258E-02, MaxDensity 2.767E+00, gamma 1.065166E+01, time 0.658ms
[INFO   ] DREAMPlace - full step 3.347 ms
[INFO   ] DREAMPlace - optimizer step 2.289 ms
[INFO   ] DREAMPlace - iteration  865, ( 865,  0,  0), Obj 7.720328E+07, DensityWeight 4.397070E-02, wHPWL 7.915268E+07, Overflow 9.180613E-02, MaxDensity 2.612E+00, gamma 1.058337E+01, time 9.226ms
[INFO   ] DREAMPlace - full step 11.980 ms
[INFO   ] DREAMPlace - optimizer step 2.232 ms
[INFO   ] DREAMPlace - iteration  866, ( 866,  0,  0), Obj 7.717141E+07, DensityWeight 4.606730E-02, wHPWL 7.916501E+07, Overflow 9.063289E-02, MaxDensity 2.417E+00, gamma 1.052362E+01, time 0.676ms
[INFO   ] DREAMPlace - full step 3.365 ms
[INFO   ] DREAMPlace - optimizer step 2.318 ms
[INFO   ] DREAMPlace - iteration  867, ( 867,  0,  0), Obj 7.715513E+07, DensityWeight 4.828761E-02, wHPWL 7.918162E+07, Overflow 8.913539E-02, MaxDensity 2.321E+00, gamma 1.046063E+01, time 0.661ms
[INFO   ] DREAMPlace - full step 3.432 ms
[INFO   ] DREAMPlace - optimizer step 13.553 ms
[INFO   ] DREAMPlace - iteration  868, ( 868,  0,  0), Obj 7.714653E+07, DensityWeight 5.058474E-02, wHPWL 7.919696E+07, Overflow 8.746719E-02, MaxDensity 2.490E+00, gamma 1.038078E+01, time 0.646ms
[INFO   ] DREAMPlace - full step 14.673 ms
[INFO   ] DREAMPlace - optimizer step 13.975 ms
[INFO   ] DREAMPlace - iteration  869, ( 869,  0,  0), Obj 7.714095E+07, DensityWeight 5.300049E-02, wHPWL 7.920912E+07, Overflow 8.564107E-02, MaxDensity 2.399E+00, gamma 1.029255E+01, time 87.016ms
[INFO   ] DREAMPlace - full step 101.471 ms
[INFO   ] DREAMPlace - optimizer step 6.554 ms
[INFO   ] DREAMPlace - iteration  870, ( 870,  0,  0), Obj 7.713488E+07, DensityWeight 5.555626E-02, wHPWL 7.921595E+07, Overflow 8.397458E-02, MaxDensity 2.425E+00, gamma 1.019682E+01, time 3.124ms
[INFO   ] DREAMPlace - full step 10.137 ms
[INFO   ] DREAMPlace - optimizer step 2.483 ms
[INFO   ] DREAMPlace - iteration  871, ( 871,  0,  0), Obj 7.713098E+07, DensityWeight 5.827854E-02, wHPWL 7.922176E+07, Overflow 8.245540E-02, MaxDensity 2.393E+00, gamma 1.011024E+01, time 0.751ms
[INFO   ] DREAMPlace - full step 3.702 ms
[INFO   ] DREAMPlace - optimizer step 2.406 ms
[INFO   ] DREAMPlace - iteration  872, ( 872,  0,  0), Obj 7.760435E+07, DensityWeight 6.114295E-02, wHPWL 7.922962E+07, Overflow 8.103166E-02, MaxDensity 2.362E+00, gamma 1.003195E+01, time 6.917ms
[INFO   ] DREAMPlace - full step 9.785 ms
[INFO   ] DREAMPlace - optimizer step 2.272 ms
[INFO   ] DREAMPlace - iteration  873, ( 873,  0,  0), Obj 7.749822E+07, DensityWeight 6.412982E-02, wHPWL 7.920378E+07, Overflow 7.947302E-02, MaxDensity 2.281E+00, gamma 9.959136E+00, time 0.662ms
[INFO   ] DREAMPlace - full step 3.400 ms
[INFO   ] DREAMPlace - optimizer step 2.255 ms
[INFO   ] DREAMPlace - iteration  874, ( 874,  0,  0), Obj 7.744373E+07, DensityWeight 6.598959E-02, wHPWL 7.921710E+07, Overflow 7.826640E-02, MaxDensity 2.161E+00, gamma 9.880026E+00, time 0.652ms
[INFO   ] DREAMPlace - full step 3.360 ms
[INFO   ] DREAMPlace - optimizer step 2.258 ms
[INFO   ] DREAMPlace - iteration  875, ( 875,  0,  0), Obj 7.741786E+07, DensityWeight 6.916053E-02, wHPWL 7.924334E+07, Overflow 7.707696E-02, MaxDensity 2.071E+00, gamma 9.819213E+00, time 0.650ms
[INFO   ] DREAMPlace - full step 3.358 ms
[INFO   ] DREAMPlace - optimizer step 2.217 ms
[INFO   ] DREAMPlace - iteration  876, ( 876,  0,  0), Obj 7.740458E+07, DensityWeight 7.235349E-02, wHPWL 7.926848E+07, Overflow 7.615808E-02, MaxDensity 2.080E+00, gamma 9.759633E+00, time 0.661ms
[INFO   ] DREAMPlace - full step 3.331 ms
[INFO   ] DREAMPlace - optimizer step 2.259 ms
[INFO   ] DREAMPlace - iteration  877, ( 877,  0,  0), Obj 7.740078E+07, DensityWeight 7.570534E-02, wHPWL 7.929271E+07, Overflow 7.511620E-02, MaxDensity 2.071E+00, gamma 9.713853E+00, time 0.664ms
[INFO   ] DREAMPlace - full step 3.397 ms
[INFO   ] DREAMPlace - optimizer step 2.230 ms
[INFO   ] DREAMPlace - iteration  878, ( 878,  0,  0), Obj 7.740112E+07, DensityWeight 7.922255E-02, wHPWL 7.931358E+07, Overflow 7.372709E-02, MaxDensity 2.029E+00, gamma 9.662206E+00, time 0.657ms
[INFO   ] DREAMPlace - full step 3.337 ms
[INFO   ] DREAMPlace - optimizer step 2.254 ms
[INFO   ] DREAMPlace - iteration  879, ( 879,  0,  0), Obj 7.740376E+07, DensityWeight 8.294208E-02, wHPWL 7.933122E+07, Overflow 7.230446E-02, MaxDensity 2.066E+00, gamma 9.593772E+00, time 0.656ms
[INFO   ] DREAMPlace - full step 3.366 ms
[INFO   ] DREAMPlace - plotting to gammalocal_results/nshuf/adaptec2/plot/iter0880.png takes 1.898 seconds
[INFO   ] DREAMPlace - optimizer step 5.176 ms
[INFO   ] DREAMPlace - iteration  880, ( 880,  0,  0), Obj 7.740912E+07, DensityWeight 8.687519E-02, wHPWL 7.934744E+07, Overflow 7.090562E-02, MaxDensity 1.917E+00, gamma 9.524190E+00, time 0.671ms
[INFO   ] DREAMPlace - full step 1906.424 ms
[INFO   ] DREAMPlace - optimizer step 2.376 ms
[INFO   ] DREAMPlace - iteration  881, ( 881,  0,  0), Obj 7.741750E+07, DensityWeight 9.101297E-02, wHPWL 7.936426E+07, Overflow 6.962869E-02, MaxDensity 1.931E+00, gamma 9.456259E+00, time 0.754ms
[INFO   ] DREAMPlace - full step 3.829 ms
[INFO   ] DREAMPlace - optimizer nesterov takes 51.857 seconds
[INFO   ] DREAMPlace - plotting to gammalocal_results/nshuf/adaptec2/plot/iter0882.png takes 1.914 seconds
[INFO   ] DREAMPlace - Start legalization
[WARNING] DEF input file not specified, cannot output DEF file; set to DEFSIMPLE
[INFO   ] lef_input = 
[INFO   ] def_input = 
[INFO   ] verilog_input = 
[INFO   ] bookshelf_aux_input = benchmarks/ispd2005/adaptec2/adaptec2.aux
[INFO   ] bookshelf_pl_input = 
[INFO   ] def_size_input = 
[INFO   ] def_output = -out.def
[INFO   ] rpt_output = 
[INFO   ] target_util = 0
[INFO   ] max_displace = 0
[INFO   ] bin size = (10, 10) #rows
[INFO   ] sbin size = (5, 5) #rows
[INFO   ] bin_space_threshold = 0.2
[INFO   ] abu = 2,10 5,5 10,2 20,1 
[INFO   ] def_ignore_cells = 
[INFO   ] macro_obs_aware_layers = 
[INFO   ] enable_place = true
[INFO   ] enable_legalize = true
[INFO   ] evaluate_overlap = false
[INFO   ] move_multi_row_cell = true
[INFO   ] align_power_line = true
[INFO   ] cluster_cell = false
[INFO   ] sort_nets_by_degree = false
[INFO   ] file_format = BOOKSHELF
[INFO   ] max_iters = 6
[WARNING] no DEF file specified
[WARNING] no Verilog file specified
[INFO   ] reading benchmarks/ispd2005/adaptec2/adaptec2.aux
[WARNING] no additional Bookshelf .pl file specified
[WARNING] 11340 nets with 16366 pins from same nodes
[WARNING] 6024 nets should be ignored due to not enough pins
[INFO   ] sort nodes in the order of movable and fixed
[INFO   ] Group cells for fence regions
[INFO   ] Construct 0 groups
[INFO   ] Fence region groups done
[DEBUG  ] num_terminals 566, numFixed 566, numPlaceBlockages 0, num_terminal_NIs 0
[INFO   ] -- Converting Node Orientation --
[INFO   ] ---------------------------------
[INFO   ] -------- Area Statistics --------
[INFO   ] fixed area overlap = 1.21422e+08
[INFO   ] fixed area total = 1.46914e+08
[INFO   ] space area = 7.58958e+07
[INFO   ] ---------------------------------
[DEBUG  ] deterministic mode: integer 32 bits, fraction 32 bits, scale factor 4294967296
[DEBUG  ] deterministic mode: integer 32 bits, fraction 32 bits, scale factor 4294967296
[INFO   ] writing placement to gammalocal_results/nshuf/adaptec2/plot/iter0000.png
[INFO   ] writing placement to gammalocal_results/nshuf/adaptec2/plot/iter0040.png
[INFO   ] writing placement to gammalocal_results/nshuf/adaptec2/plot/iter0080.png
[INFO   ] writing placement to gammalocal_results/nshuf/adaptec2/plot/iter0120.png
[INFO   ] writing placement to gammalocal_results/nshuf/adaptec2/plot/iter0160.png
[INFO   ] writing placement to gammalocal_results/nshuf/adaptec2/plot/iter0200.png
[INFO   ] writing placement to gammalocal_results/nshuf/adaptec2/plot/iter0240.png
[INFO   ] writing placement to gammalocal_results/nshuf/adaptec2/plot/iter0280.png
[INFO   ] writing placement to gammalocal_results/nshuf/adaptec2/plot/iter0320.png
[INFO   ] writing placement to gammalocal_results/nshuf/adaptec2/plot/iter0360.png
[INFO   ] writing placement to gammalocal_results/nshuf/adaptec2/plot/iter0400.png
[INFO   ] writing placement to gammalocal_results/nshuf/adaptec2/plot/iter0440.png
[INFO   ] writing placement to gammalocal_results/nshuf/adaptec2/plot/iter0480.png
[INFO   ] writing placement to gammalocal_results/nshuf/adaptec2/plot/iter0520.png
[INFO   ] writing placement to gammalocal_results/nshuf/adaptec2/plot/iter0560.png
[INFO   ] writing placement to gammalocal_results/nshuf/adaptec2/plot/iter0600.png
[INFO   ] writing placement to gammalocal_results/nshuf/adaptec2/plot/iter0640.png
[INFO   ] writing placement to gammalocal_results/nshuf/adaptec2/plot/iter0680.png
[INFO   ] writing placement to gammalocal_results/nshuf/adaptec2/plot/iter0720.png
[INFO   ] writing placement to gammalocal_results/nshuf/adaptec2/plot/iter0760.png
[INFO   ] writing placement to gammalocal_results/nshuf/adaptec2/plot/iter0800.png
[INFO   ] writing placement to gammalocal_results/nshuf/adaptec2/plot/iter0840.png
[INFO   ] writing placement to gammalocal_results/nshuf/adaptec2/plot/iter0880.png
[INFO   ] writing placement to gammalocal_results/nshuf/adaptec2/plot/iter0882.png
[INFO   ] Macro legalization: regard 0 cells as dummy fixed (movable macros)
[INFO   ] Macro legalization takes 0.793676 ms
[DEBUG  ] Standard cell legalization blank_num_bins_y = 1170
[DEBUG  ] Standard cell legalization iteration 0 with 1x1 bins
[DEBUG  ] Standard cell legalization #bin_blanks
[DEBUG  ] #bin_objs = 12243
[INFO   ] Standard cell legalization legalizeBin takes 185.480 ms
[DEBUG  ] Standard cell legalization num_unplaced_cells = 0
[DEBUG  ] Standard cell legalization blank_num_bins_y = 1170
[DEBUG  ] Standard cell legalization iteration 0 with 1x1 bins
[DEBUG  ] Standard cell legalization #bin_blanks
[DEBUG  ] #bin_objs = 12243
[INFO   ] Standard cell legalization legalizeBin takes 180.792 ms
[DEBUG  ] Standard cell legalization num_unplaced_cells = 0
[INFO   ] Greedy legalization takes 348.032 ms
[INFO   ] Legality check takes 22.3259 ms
[DEBUG  ] average displace = 10.9499
[INFO   ] Abacus legalization takes 41.9957 ms
[INFO   ] DREAMPlace - legalization takes 0.448 seconds
[INFO   ] DREAMPlace - iteration  882, wHPWL 8.311005E+07, time 0.645ms
[INFO   ] DREAMPlace - plotting to gammalocal_results/nshuf/adaptec2/plot/iter0883.png takes 1.903 seconds
[INFO   ] DREAMPlace - Start ABCDPlace for refinement
[INFO   ] Legality check takes 20.2903 ms
[INFO   ] writing placement to gammalocal_results/nshuf/adaptec2/plot/iter0883.png
[INFO   ] DREAMPlace - ABCDPlace input legal flag = 1
[INFO   ] Legality check takes 20.8941 ms
[DEBUG  ] 4-reorder
[DEBUG  ] 24 permutations
[DEBUG  ] initializing CPU DB takes 22.9265 ms
[DEBUG  ] computing independent rows takes 64.7994 ms
[DEBUG  ] computing reorder instances takes 0.960714 ms
[DEBUG  ] initializing CUDA state takes 2.59502 ms
[INFO   ] initial hpwl = 83172928.000
[DEBUG  ] enumeration takes 251.98 ms for 242 runs, average 1.04124 ms
[DEBUG  ] apply_reorder takes 4.21636 ms for 242 runs, average 0.017423 ms
[INFO   ] Iteration time(ms) 	 256.222
[INFO   ] iteration 0: hpwl 83172928.000 => 82790080.000 (imp. 0.460304%)
[DEBUG  ] enumeration takes 251.538 ms for 242 runs, average 1.03941 ms
[DEBUG  ] apply_reorder takes 4.16471 ms for 242 runs, average 0.0172095 ms
[INFO   ] Iteration time(ms) 	 255.725
[INFO   ] iteration 1: hpwl 83172928.000 => 82714976.000 (imp. 0.550602%)
[DEBUG  ] destroying CUDA state takes 0.836117 ms
[DEBUG  ] destroying CPU state takes 0.011771 ms
[INFO   ] Kernel time: 513.016 ms
[INFO   ] K-reorder time: 605.269 ms
[INFO   ] DREAMPlace - K-Reorder legal flag = 1
[INFO   ] Legality check takes 21.9085 ms
[INFO   ] diamond search grid size 128, sequence length 8192
[INFO   ] initializing GPU memory takes 10.5772 ms
[INFO   ] initial hpwl 8.2715e+07
[DEBUG  ] allocate 2073087 bytes in shuffler for length 254457*(4+4)
[DEBUG  ] from 64909 nodes, collect 507 sets, avg 104 nodes, min/max 23/128 nodes
[INFO   ] iteration 0, target hpwl 8.26778e+07, delta -37192(-0.044964%), 507 independent sets, moved 3.09168% cells, runtime 38.5514 ms
[DEBUG  ] from 64761 nodes, collect 505 sets, avg 108 nodes, min/max 23/128 nodes
[DEBUG  ] from 64671 nodes, collect 505 sets, avg 109 nodes, min/max 11/128 nodes
[DEBUG  ] from 64596 nodes, collect 504 sets, avg 107 nodes, min/max 22/128 nodes
[DEBUG  ] from 64669 nodes, collect 505 sets, avg 109 nodes, min/max 17/128 nodes
[DEBUG  ] from 64604 nodes, collect 504 sets, avg 106 nodes, min/max 13/128 nodes
[INFO   ] iteration 5, target hpwl 8.24436e+07, delta -271328(-0.328028%), 504 independent sets, moved 16.2515% cells, runtime 36.883 ms
[DEBUG  ] from 64470 nodes, collect 503 sets, avg 108 nodes, min/max 4/128 nodes
[DEBUG  ] from 64526 nodes, collect 504 sets, avg 107 nodes, min/max 12/128 nodes
[DEBUG  ] from 64644 nodes, collect 505 sets, avg 108 nodes, min/max 20/128 nodes
[DEBUG  ] from 64729 nodes, collect 505 sets, avg 106 nodes, min/max 21/128 nodes
[DEBUG  ] from 64555 nodes, collect 504 sets, avg 108 nodes, min/max 13/128 nodes
[INFO   ] iteration 10, target hpwl 8.23533e+07, delta -361688(-0.43727%), 504 independent sets, moved 27.6011% cells, runtime 16.8501 ms
[DEBUG  ] from 64725 nodes, collect 505 sets, avg 108 nodes, min/max 14/128 nodes
[DEBUG  ] from 64557 nodes, collect 504 sets, avg 105 nodes, min/max 11/128 nodes
[DEBUG  ] from 64581 nodes, collect 504 sets, avg 108 nodes, min/max 17/128 nodes
[DEBUG  ] from 64628 nodes, collect 504 sets, avg 108 nodes, min/max 27/128 nodes
[DEBUG  ] from 64547 nodes, collect 504 sets, avg 107 nodes, min/max 16/128 nodes
[INFO   ] iteration 15, target hpwl 8.2304e+07, delta -410936(-0.49681%), 504 independent sets, moved 38.2159% cells, runtime 31.7455 ms
[DEBUG  ] from 64663 nodes, collect 505 sets, avg 105 nodes, min/max 26/128 nodes
[DEBUG  ] from 64557 nodes, collect 504 sets, avg 106 nodes, min/max 10/128 nodes
[DEBUG  ] from 64320 nodes, collect 502 sets, avg 107 nodes, min/max 12/128 nodes
[DEBUG  ] from 64584 nodes, collect 504 sets, avg 108 nodes, min/max 0/128 nodes
[DEBUG  ] from 64306 nodes, collect 502 sets, avg 107 nodes, min/max 15/128 nodes
[INFO   ] iteration 20, target hpwl 8.22569e+07, delta -458064(-0.553786%), 502 independent sets, moved 48.1967% cells, runtime 42.4499 ms
[DEBUG  ] from 64594 nodes, collect 504 sets, avg 108 nodes, min/max 21/128 nodes
[DEBUG  ] from 64456 nodes, collect 503 sets, avg 107 nodes, min/max 20/128 nodes
[DEBUG  ] from 64424 nodes, collect 503 sets, avg 108 nodes, min/max 14/128 nodes
[DEBUG  ] from 64388 nodes, collect 503 sets, avg 109 nodes, min/max 28/128 nodes
[DEBUG  ] from 64478 nodes, collect 503 sets, avg 107 nodes, min/max 22/128 nodes
[INFO   ] iteration 25, target hpwl 8.21963e+07, delta -518688(-0.627079%), 503 independent sets, moved 58.2413% cells, runtime 23.9287 ms
[DEBUG  ] from 64462 nodes, collect 503 sets, avg 107 nodes, min/max 0/128 nodes
[DEBUG  ] from 64651 nodes, collect 505 sets, avg 105 nodes, min/max 13/128 nodes
[DEBUG  ] from 64515 nodes, collect 504 sets, avg 108 nodes, min/max 3/128 nodes
[DEBUG  ] from 64494 nodes, collect 503 sets, avg 108 nodes, min/max 7/128 nodes
[DEBUG  ] from 64485 nodes, collect 503 sets, avg 105 nodes, min/max 19/128 nodes
[INFO   ] iteration 30, target hpwl 8.21747e+07, delta -540320(-0.653231%), 503 independent sets, moved 67.8441% cells, runtime 35.4358 ms
[DEBUG  ] from 64541 nodes, collect 504 sets, avg 107 nodes, min/max 10/128 nodes
[DEBUG  ] from 64601 nodes, collect 504 sets, avg 107 nodes, min/max 26/128 nodes
[DEBUG  ] from 64428 nodes, collect 503 sets, avg 109 nodes, min/max 6/128 nodes
[DEBUG  ] from 64224 nodes, collect 501 sets, avg 108 nodes, min/max 12/128 nodes
[DEBUG  ] from 64425 nodes, collect 503 sets, avg 108 nodes, min/max 24/128 nodes
[INFO   ] iteration 35, target hpwl 8.21413e+07, delta -573664(-0.693543%), 503 independent sets, moved 77.2437% cells, runtime 42.763 ms
[DEBUG  ] from 64465 nodes, collect 503 sets, avg 104 nodes, min/max 18/128 nodes
[DEBUG  ] from 64572 nodes, collect 504 sets, avg 104 nodes, min/max 25/128 nodes
[DEBUG  ] from 64500 nodes, collect 503 sets, avg 107 nodes, min/max 15/128 nodes
[DEBUG  ] from 64438 nodes, collect 503 sets, avg 106 nodes, min/max 24/128 nodes
[DEBUG  ] from 64615 nodes, collect 504 sets, avg 105 nodes, min/max 20/128 nodes
[INFO   ] iteration 40, target hpwl 8.21126e+07, delta -602336(-0.728207%), 504 independent sets, moved 86.2692% cells, runtime 15.9376 ms
[DEBUG  ] from 64457 nodes, collect 503 sets, avg 107 nodes, min/max 1/128 nodes
[DEBUG  ] from 64288 nodes, collect 502 sets, avg 107 nodes, min/max 11/128 nodes
[DEBUG  ] from 64586 nodes, collect 504 sets, avg 105 nodes, min/max 0/128 nodes
[DEBUG  ] from 64510 nodes, collect 503 sets, avg 109 nodes, min/max 3/128 nodes
[DEBUG  ] from 64469 nodes, collect 503 sets, avg 108 nodes, min/max 14/128 nodes
[INFO   ] iteration 45, target hpwl 8.20961e+07, delta -618880(-0.748208%), 503 independent sets, moved 95.4436% cells, runtime 11.5068 ms
[DEBUG  ] from 64312 nodes, collect 502 sets, avg 107 nodes, min/max 13/128 nodes
[DEBUG  ] from 64440 nodes, collect 503 sets, avg 109 nodes, min/max 17/128 nodes
[DEBUG  ] from 64504 nodes, collect 503 sets, avg 108 nodes, min/max 14/128 nodes
[DEBUG  ] from 64479 nodes, collect 503 sets, avg 109 nodes, min/max 24/128 nodes
[INFO   ] iteration 49, target hpwl 8.21086e+07, delta -606416(-0.733139%), 503 independent sets, moved 102.863% cells, runtime 88.1862 ms
[DEBUG  ] random_shuffle takes 6.13827 ms, 50 runs, average 0.122765 ms
[DEBUG  ] maximal_independent_set takes 68.5947 ms, 50 runs, average 1.37189 ms
[DEBUG  ] collect_independent_sets takes 35.8176 ms, 50 runs, average 0.716353 ms
[DEBUG  ] cost_matrix_construction takes 21.5944 ms, 50 runs, average 0.431888 ms
[DEBUG  ] independent_sets_solving takes 1327.79 ms, 50 runs, average 26.5557 ms
[DEBUG  ] apply_solution takes 2.18859 ms, 50 runs, average 0.0437718 ms
[INFO   ] destroying GPU memory takes 2.87464 ms
[INFO   ] Kernel time 1474.15 ms
[INFO   ] Independent set matching time 1510.74 ms
[INFO   ] DREAMPlace - Independent set matching legal flag = 1
[INFO   ] Legality check takes 20.7129 ms
[DEBUG  ] bins 512x512, bin sizes 27.4492x27.4219, die size 0, 0, 14054, 14040
[DEBUG  ] batch_size = 256, max_num_nodes_per_bin = 20, max_num_candidates = 100, max_num_candidates_all = 25600
[DEBUG  ] estimate_memory_usage = 446016240, use fast pair HPWL computation strategy requires additional memory
[INFO   ] initial hpwl = 82108560.000
[DEBUG  ] compute_search_bins takes 0.226786 ms
[INFO   ] Iteration time(ms) 	 118.292
[INFO   ] iteration 0: hpwl 82108560.000 => 82047944.000 (imp. 0.0738242%)
[DEBUG  ] compute_search_bins takes 0.010275 ms
[INFO   ] Iteration time(ms) 	 157.327
[INFO   ] iteration 1: hpwl 82108560.000 => 81925376.000 (imp. 0.2231%)
[INFO   ] Kernel time: 276.389 ms
[INFO   ] Global swap time: 359.454 ms
[INFO   ] DREAMPlace - Global swap legal flag = 1
[INFO   ] Legality check takes 21.3619 ms
[DEBUG  ] 4-reorder
[DEBUG  ] 24 permutations
[DEBUG  ] initializing CPU DB takes 21.2733 ms
[DEBUG  ] computing independent rows takes 66.2348 ms
[DEBUG  ] computing reorder instances takes 1.11794 ms
[DEBUG  ] initializing CUDA state takes 6.44875 ms
[INFO   ] initial hpwl = 81925376.000
[DEBUG  ] enumeration takes 256.542 ms for 248 runs, average 1.03444 ms
[DEBUG  ] apply_reorder takes 4.27244 ms for 248 runs, average 0.0172276 ms
[INFO   ] Iteration time(ms) 	 260.839
[INFO   ] iteration 0: hpwl 81925376.000 => 81839816.000 (imp. 0.104437%)
[DEBUG  ] enumeration takes 256.178 ms for 248 runs, average 1.03298 ms
[DEBUG  ] apply_reorder takes 4.24133 ms for 248 runs, average 0.0171021 ms
[INFO   ] Iteration time(ms) 	 260.441
[INFO   ] iteration 1: hpwl 81925376.000 => 81820616.000 (imp. 0.127872%)
[DEBUG  ] destroying CUDA state takes 0.782557 ms
[DEBUG  ] destroying CPU state takes 0.007804 ms
[INFO   ] Kernel time: 521.954 ms
[INFO   ] K-reorder time: 617.936 ms
[INFO   ] DREAMPlace - K-Reorder legal flag = 1
[INFO   ] DREAMPlace - detailed placement takes 3.213 seconds
[INFO   ] DREAMPlace - iteration  883, wHPWL 8.175774E+07, time 0.689ms
[INFO   ] DREAMPlace - plotting to gammalocal_results/nshuf/adaptec2/plot/iter0884.png takes 1.886 seconds
[INFO   ] DREAMPlace - non-linear placement takes 62.78 seconds
[INFO   ] DREAMPlace - writing to gammalocal_results/nshuf/adaptec2/adaptec2.gp.pl
[INFO   ] DREAMPlace - write SolutionFileFormat.BOOKSHELF takes 0.116 seconds
[INFO   ] DREAMPlace - placement takes 68.785 seconds
[INFO   ] Legality check takes 20.9567 ms
[INFO   ] writing placement to gammalocal_results/nshuf/adaptec2/plot/iter0884.png
[INFO   ] writing placement to gammalocal_results/nshuf/adaptec2/adaptec2.gp.pl
