========================================================
                       DREAMPlace
            Yibo Lin (http://yibolin.com)
   David Z. Pan (http://users.ece.utexas.edu/~dpan)
========================================================
[INFO   ] DREAMPlace - parameters = {'aux_input': 'benchmarks/ispd2005/bigblue1/bigblue1.aux', 'lef_input': '', 'def_input': '', 'verilog_input': '', 'gpu': 1, 'num_bins_x': 512, 'num_bins_y': 512, 'global_place_stages': [{'num_bins_x': 512, 'num_bins_y': 512, 'iteration': 1000, 'learning_rate': 0.01, 'wirelength': 'weighted_average', 'optimizer': 'nesterov', 'Llambda_density_weight_iteration': 1, 'Lsub_iteration': 1}], 'target_density': 1.0, 'density_weight': 8e-05, 'random_seed': 1000, 'result_dir': 'obsfield_results', 'scale_factor': 1.0, 'shift_factor': [0.0, 0.0], 'ignore_net_degree': 100, 'gp_noise_ratio': 0.025, 'enable_fillers': 1, 'global_place_flag': 1, 'legalize_flag': 1, 'abacus_legalize_flag': 1, 'detailed_place_flag': 1, 'stop_overflow': 0.07, 'dtype': 'float32', 'detailed_place_engine': '', 'detailed_place_command': '', 'plot_flag': 1, 'connectivity_grid_init_flag': 1, 'conn_init_sweeps': 32, 'conn_init_damping': 0.7, 'conn_capacity_spread_flag': 0, 'conn_spread_leaf_size': 16, 'conn_spread_density_slack': 1.5, 'conn_obstacle_project_flag': 1, 'gamma_warmup_iters': 0, 'gamma_monotone_flag': 0, 'density_weight_warmup_iters': 0, 'random_uniform_init_flag': 0, 'plot_iteration_interval': 45, 'RePlAce_ref_hpwl': 350000, 'RePlAce_LOWER_PCOF': 0.95, 'RePlAce_UPPER_PCOF': 1.05, 'gamma': 4.0, 'RePlAce_skip_energy_flag': 0, 'random_center_init_flag': 0, 'gift_init_flag': 0, 'gift_init_scale': 0.7, 'sort_nets_by_degree': 0, 'num_threads': 8, 'dump_global_place_solution_flag': 0, 'dump_legalize_solution_flag': 0, 'routability_opt_flag': 0, 'route_num_bins_x': 512, 'route_num_bins_y': 512, 'node_area_adjust_overflow': 0.15, 'max_num_area_adjust': 3, 'adjust_nctugr_area_flag': 0, 'adjust_rudy_area_flag': 1, 'adjust_pin_area_flag': 1, 'area_adjust_stop_ratio': 0.01, 'route_area_adjust_stop_ratio': 0.01, 'pin_area_adjust_stop_ratio': 0.05, 'unit_horizontal_capacity': 1.5625, 'unit_vertical_capacity': 1.45, 'unit_pin_capacity': 0.058, 'max_route_opt_adjust_rate': 2.0, 'route_opt_adjust_exponent': 2.0, 'pin_stretch_ratio': 1.414213562, 'max_pin_opt_adjust_rate': 1.5, 'deterministic_flag': 1, 'timing_opt_flag': 0, 'early_lib_input': '', 'late_lib_input': '', 'lib_input': '', 'sdc_input': '', 'wire_resistance_per_micron': 0, 'wire_capacitance_per_micron': 0, 'net_weighting_scheme': 'lilith', 'momentum_decay_factor': 0.5, 'enable_net_weighting': 1, 'max_net_weight': 'inf', 'use_bb': 'auto', 'macro_place_flag': 'auto', 'two_stage_density_scaler': 1000, 'macro_halo_x': 0, 'macro_halo_y': 0}
[INFO   ] DREAMPlace - set shift_factor = (459, 459), as original row bbox = (459, 459, 11151, 11139)
[INFO   ] DREAMPlace - set scale_factor = 1, as site_width = 1
[INFO   ] DREAMPlace - shift coordinate system by (459, 459), scale coordinate system by 1
[INFO   ] DREAMPlace - 
================================= Benchmark Statistics =================================
#nodes = 278164, #terminals = 560, # terminal_NIs = 0, #movable = 277604, #nets = 284479
die area = (0, 0, 10692, 10680) 1.14191e+08
row height = 12, site width = 1
#pins = 1127634, #movable_pins = 1116535
total_movable_node_area = 4.22383e+07, total_fixed_node_area = 1.96398e+07, total_space_area = 9.45507e+07
total_movable_cell_area = 4.22383e+07, total_movable_macro_area = 0
utilization = 0.446726, cell utilization = 0.446726, target_density = 1
use placeable_area = 9.45507e+07 to compute fillers
total_filler_node_area = 5.23125e+07, #fillers = 358038, filler sizes = 12.1757x12
num_bins = 512x512, bin sizes = 1.74023x1.73828
========================================================================================
[INFO   ] DREAMPlace - reading benchmark takes 7.05428 seconds
[INFO   ] DREAMPlace - reading database takes 7.05 seconds
[INFO   ] DREAMPlace - connectivity grid init: obstacle projection enabled
[INFO   ] DREAMPlace - connectivity grid init: 32 sweeps done
[INFO   ] DREAMPlace - connectivity grid init: 653150 feasible anchors
[INFO   ] DREAMPlace - non-linear placement initialization takes 2.22 seconds
[INFO   ] DREAMPlace - Global placement: 512x512 bins by default
[INFO   ] DREAMPlace - 512x512 bins #bins 512x512, bin sizes 1.74023x1.73828, max_num_bins = 5, padding = 0
[INFO   ] dreamplace.ops.electric_potential.electric_potential - regard 0 cells as movable macros in global placement
[WARNING] DREAMPlace - quadratic density penalty is disabled, density weight update is forced to be based on HPWL
[INFO   ] DREAMPlace - Optimizer 'nesterov' does not rebuild the model. Every training epoch calls the function 'step()'.
[INFO   ] DREAMPlace - use nesterov optimizer
[INFO   ] DREAMPlace - add 2.5% noise
[INFO   ] dreamplace.ops.electric_potential.electric_potential - fixed density map: average 74.9201, max 435.602, bin area 435.602
[INFO   ] DREAMPlace - nesterov initialization takes 0.283706 seconds
[INFO   ] DREAMPlace - density_weight = 1.071515E-11
[I] plotting to obsfield_results/bigblue1/plot/iter0000.png takes 6.147 seconds
[INFO   ] DREAMPlace - plotting to obsfield_results/bigblue1/plot/iter0000.png takes 6.212 seconds
[INFO   ] DREAMPlace - optimizer step 107.367 ms
[INFO   ] DREAMPlace - iteration    0, (   0,  0,  0), Obj 6.681328E+07, DensityWeight 0.000000E+00, wHPWL 9.447435E+07, Overflow 6.991888E-01, MaxDensity 8.384E+03, gamma 1.669688E+03, time 11.666ms
[INFO   ] DREAMPlace - full step 6373.250 ms
[INFO   ] DREAMPlace - optimizer step 71.728 ms
[INFO   ] DREAMPlace - iteration    1, (   1,  0,  0), Obj 5.243743E+07, DensityWeight 1.071515E-11, wHPWL 8.770402E+07, Overflow 7.581429E-01, MaxDensity 8.202E+03, gamma 3.582332E+02, time 11.308ms
[INFO   ] DREAMPlace - full step 90.918 ms
[INFO   ] DREAMPlace - optimizer step 93.972 ms
[INFO   ] DREAMPlace - iteration    2, (   2,  0,  0), Obj 6.246446E+07, DensityWeight 1.124866E-11, wHPWL 8.163430E+07, Overflow 7.857948E-01, MaxDensity 8.461E+03, gamma 4.843673E+02, time 21.708ms
[INFO   ] DREAMPlace - full step 123.142 ms
[INFO   ] DREAMPlace - optimizer step 61.476 ms
[INFO   ] DREAMPlace - iteration    3, (   3,  0,  0), Obj 5.674475E+07, DensityWeight 1.180755E-11, wHPWL 8.067079E+07, Overflow 8.093426E-01, MaxDensity 7.923E+03, gamma 5.579863E+02, time 5.202ms
[INFO   ] DREAMPlace - full step 74.145 ms
[INFO   ] DREAMPlace - optimizer step 21.542 ms
[INFO   ] DREAMPlace - iteration    4, (   4,  0,  0), Obj 5.404782E+07, DensityWeight 1.239297E-11, wHPWL 8.013108E+07, Overflow 8.395223E-01, MaxDensity 7.967E+03, gamma 6.294366E+02, time 8.441ms
[INFO   ] DREAMPlace - full step 37.404 ms
[INFO   ] DREAMPlace - optimizer step 20.705 ms
[INFO   ] DREAMPlace - iteration    5, (   5,  0,  0), Obj 5.173308E+07, DensityWeight 1.300611E-11, wHPWL 7.771469E+07, Overflow 8.517794E-01, MaxDensity 7.890E+03, gamma 7.345444E+02, time 23.140ms
[INFO   ] DREAMPlace - full step 51.268 ms
[INFO   ] DREAMPlace - optimizer step 33.107 ms
[INFO   ] DREAMPlace - iteration    6, (   6,  0,  0), Obj 4.928645E+07, DensityWeight 1.364823E-11, wHPWL 7.594889E+07, Overflow 8.674416E-01, MaxDensity 8.017E+03, gamma 7.820886E+02, time 5.256ms
[INFO   ] DREAMPlace - full step 45.787 ms
[INFO   ] DREAMPlace - optimizer step 35.659 ms
[INFO   ] DREAMPlace - iteration    7, (   7,  0,  0), Obj 4.746613E+07, DensityWeight 1.432061E-11, wHPWL 7.502034E+07, Overflow 8.728276E-01, MaxDensity 7.919E+03, gamma 8.473463E+02, time 20.012ms
[INFO   ] DREAMPlace - full step 63.035 ms
[INFO   ] DREAMPlace - optimizer step 51.824 ms
[INFO   ] DREAMPlace - iteration    8, (   8,  0,  0), Obj 4.539294E+07, DensityWeight 1.502462E-11, wHPWL 7.653360E+07, Overflow 8.790784E-01, MaxDensity 7.732E+03, gamma 8.710236E+02, time 11.025ms
[INFO   ] DREAMPlace - full step 70.251 ms
[INFO   ] DREAMPlace - optimizer step 72.701 ms
[INFO   ] DREAMPlace - iteration    9, (   9,  0,  0), Obj 4.371874E+07, DensityWeight 1.498705E-11, wHPWL 7.765324E+07, Overflow 8.818526E-01, MaxDensity 7.478E+03, gamma 8.993331E+02, time 6.917ms
[INFO   ] DREAMPlace - full step 87.012 ms
[INFO   ] DREAMPlace - optimizer step 45.519 ms
[INFO   ] DREAMPlace - iteration   10, (  10,  0,  0), Obj 4.241861E+07, DensityWeight 1.494958E-11, wHPWL 7.699260E+07, Overflow 8.878705E-01, MaxDensity 7.436E+03, gamma 9.121903E+02, time 5.262ms
[INFO   ] DREAMPlace - full step 58.201 ms
[INFO   ] DREAMPlace - optimizer step 21.773 ms
[INFO   ] DREAMPlace - iteration   11, (  11,  0,  0), Obj 4.121722E+07, DensityWeight 1.567980E-11, wHPWL 7.363482E+07, Overflow 8.920671E-01, MaxDensity 7.468E+03, gamma 9.407159E+02, time 5.224ms
[INFO   ] DREAMPlace - full step 32.204 ms
[INFO   ] DREAMPlace - optimizer step 23.824 ms
[INFO   ] DREAMPlace - iteration   12, (  12,  0,  0), Obj 4.030019E+07, DensityWeight 1.644405E-11, wHPWL 7.217738E+07, Overflow 8.940669E-01, MaxDensity 7.433E+03, gamma 9.611346E+02, time 18.783ms
[INFO   ] DREAMPlace - full step 49.973 ms
[INFO   ] DREAMPlace - optimizer step 45.294 ms
[INFO   ] DREAMPlace - iteration   13, (  13,  0,  0), Obj 3.957382E+07, DensityWeight 1.724382E-11, wHPWL 7.249363E+07, Overflow 8.946177E-01, MaxDensity 7.214E+03, gamma 9.710201E+02, time 5.258ms
[INFO   ] DREAMPlace - full step 57.938 ms
[INFO   ] DREAMPlace - optimizer step 45.473 ms
[INFO   ] DREAMPlace - iteration   14, (  14,  0,  0), Obj 3.909877E+07, DensityWeight 1.732512E-11, wHPWL 7.368390E+07, Overflow 8.940262E-01, MaxDensity 6.920E+03, gamma 9.737607E+02, time 5.269ms
[INFO   ] DREAMPlace - full step 58.069 ms
[INFO   ] DREAMPlace - optimizer step 21.750 ms
[INFO   ] DREAMPlace - iteration   15, (  15,  0,  0), Obj 3.866025E+07, DensityWeight 1.728181E-11, wHPWL 7.425503E+07, Overflow 8.929512E-01, MaxDensity 6.635E+03, gamma 9.708181E+02, time 5.231ms
[INFO   ] DREAMPlace - full step 34.418 ms
[INFO   ] DREAMPlace - optimizer step 22.669 ms
[INFO   ] DREAMPlace - iteration   16, (  16,  0,  0), Obj 3.834246E+07, DensityWeight 1.723860E-11, wHPWL 7.515782E+07, Overflow 8.918247E-01, MaxDensity 6.316E+03, gamma 9.654925E+02, time 5.235ms
[INFO   ] DREAMPlace - full step 35.305 ms
[INFO   ] DREAMPlace - optimizer step 20.264 ms
[INFO   ] DREAMPlace - iteration   17, (  17,  0,  0), Obj 3.804444E+07, DensityWeight 1.719551E-11, wHPWL 7.586095E+07, Overflow 8.899027E-01, MaxDensity 5.952E+03, gamma 9.599432E+02, time 13.049ms
[INFO   ] DREAMPlace - full step 40.925 ms
[INFO   ] DREAMPlace - optimizer step 22.619 ms
[INFO   ] DREAMPlace - iteration   18, (  18,  0,  0), Obj 3.766053E+07, DensityWeight 1.715252E-11, wHPWL 7.612033E+07, Overflow 8.882372E-01, MaxDensity 5.611E+03, gamma 9.505490E+02, time 5.292ms
[INFO   ] DREAMPlace - full step 35.324 ms
[INFO   ] DREAMPlace - optimizer step 22.625 ms
[INFO   ] DREAMPlace - iteration   19, (  19,  0,  0), Obj 3.731405E+07, DensityWeight 1.737058E-11, wHPWL 7.624216E+07, Overflow 8.859223E-01, MaxDensity 5.221E+03, gamma 9.424824E+02, time 5.292ms
[INFO   ] DREAMPlace - full step 35.344 ms
[INFO   ] DREAMPlace - optimizer step 24.454 ms
[INFO   ] DREAMPlace - iteration   20, (  20,  0,  0), Obj 3.700669E+07, DensityWeight 1.793196E-11, wHPWL 7.662986E+07, Overflow 8.834256E-01, MaxDensity 4.813E+03, gamma 9.313848E+02, time 15.158ms
[INFO   ] DREAMPlace - full step 47.009 ms
[INFO   ] DREAMPlace - optimizer step 22.700 ms
[INFO   ] DREAMPlace - iteration   21, (  21,  0,  0), Obj 3.678089E+07, DensityWeight 1.788713E-11, wHPWL 7.712366E+07, Overflow 8.802761E-01, MaxDensity 4.339E+03, gamma 9.195617E+02, time 5.333ms
[INFO   ] DREAMPlace - full step 35.306 ms
[INFO   ] DREAMPlace - optimizer step 19.468 ms
[INFO   ] DREAMPlace - iteration   22, (  22,  0,  0), Obj 3.656107E+07, DensityWeight 1.784241E-11, wHPWL 7.757237E+07, Overflow 8.771591E-01, MaxDensity 4.287E+03, gamma 9.048613E+02, time 5.184ms
[INFO   ] DREAMPlace - full step 32.094 ms
[INFO   ] DREAMPlace - optimizer step 22.453 ms
[INFO   ] DREAMPlace - iteration   23, (  23,  0,  0), Obj 3.634954E+07, DensityWeight 1.779780E-11, wHPWL 7.779336E+07, Overflow 8.733360E-01, MaxDensity 4.336E+03, gamma 8.905436E+02, time 14.228ms
[INFO   ] DREAMPlace - full step 44.120 ms
[INFO   ] DREAMPlace - optimizer step 22.621 ms
[INFO   ] DREAMPlace - iteration   24, (  24,  0,  0), Obj 3.613907E+07, DensityWeight 1.812077E-11, wHPWL 7.795540E+07, Overflow 8.702519E-01, MaxDensity 4.363E+03, gamma 8.732924E+02, time 5.214ms
[INFO   ] DREAMPlace - full step 35.258 ms
[INFO   ] DREAMPlace - optimizer step 22.629 ms
[INFO   ] DREAMPlace - iteration   25, (  25,  0,  0), Obj 3.601376E+07, DensityWeight 1.860184E-11, wHPWL 7.808577E+07, Overflow 8.670064E-01, MaxDensity 4.302E+03, gamma 8.596190E+02, time 5.261ms
[INFO   ] DREAMPlace - full step 35.308 ms
[INFO   ] DREAMPlace - optimizer step 22.151 ms
[INFO   ] DREAMPlace - iteration   26, (  26,  0,  0), Obj 3.588288E+07, DensityWeight 1.918017E-11, wHPWL 7.824756E+07, Overflow 8.640383E-01, MaxDensity 4.178E+03, gamma 8.454614E+02, time 20.751ms
[INFO   ] DREAMPlace - full step 50.304 ms
[INFO   ] DREAMPlace - optimizer step 22.636 ms
[INFO   ] DREAMPlace - iteration   27, (  27,  0,  0), Obj 3.577408E+07, DensityWeight 1.969005E-11, wHPWL 7.829283E+07, Overflow 8.605976E-01, MaxDensity 3.945E+03, gamma 8.327181E+02, time 4.367ms
[INFO   ] DREAMPlace - full step 34.447 ms
[INFO   ] DREAMPlace - optimizer step 22.665 ms
[INFO   ] DREAMPlace - iteration   28, (  28,  0,  0), Obj 3.564947E+07, DensityWeight 2.054449E-11, wHPWL 7.827074E+07, Overflow 8.576977E-01, MaxDensity 3.637E+03, gamma 8.181862E+02, time 5.239ms
[INFO   ] DREAMPlace - full step 35.314 ms
[INFO   ] DREAMPlace - optimizer step 48.727 ms
[INFO   ] DREAMPlace - iteration   29, (  29,  0,  0), Obj 3.556250E+07, DensityWeight 2.150924E-11, wHPWL 7.819413E+07, Overflow 8.544301E-01, MaxDensity 3.222E+03, gamma 8.061349E+02, time 31.946ms
[INFO   ] DREAMPlace - full step 88.065 ms
[INFO   ] DREAMPlace - optimizer step 22.655 ms
[INFO   ] DREAMPlace - iteration   30, (  30,  0,  0), Obj 3.545626E+07, DensityWeight 2.251705E-11, wHPWL 7.817938E+07, Overflow 8.514537E-01, MaxDensity 2.805E+03, gamma 7.927687E+02, time 7.520ms
[INFO   ] DREAMPlace - full step 37.589 ms
[INFO   ] DREAMPlace - optimizer step 25.647 ms
[INFO   ] DREAMPlace - iteration   31, (  31,  0,  0), Obj 3.538814E+07, DensityWeight 2.356972E-11, wHPWL 7.818282E+07, Overflow 8.483049E-01, MaxDensity 2.384E+03, gamma 7.807863E+02, time 7.119ms
[INFO   ] DREAMPlace - full step 40.180 ms
[INFO   ] DREAMPlace - optimizer step 25.674 ms
[INFO   ] DREAMPlace - iteration   32, (  32,  0,  0), Obj 3.531734E+07, DensityWeight 2.473633E-11, wHPWL 7.825848E+07, Overflow 8.452083E-01, MaxDensity 2.309E+03, gamma 7.683070E+02, time 6.841ms
[INFO   ] DREAMPlace - full step 38.957 ms
[INFO   ] DREAMPlace - optimizer step 22.510 ms
[INFO   ] DREAMPlace - iteration   33, (  33,  0,  0), Obj 3.526552E+07, DensityWeight 2.570066E-11, wHPWL 7.831315E+07, Overflow 8.422279E-01, MaxDensity 2.325E+03, gamma 7.562296E+02, time 5.326ms
[INFO   ] DREAMPlace - full step 35.181 ms
[INFO   ] DREAMPlace - optimizer step 24.986 ms
[INFO   ] DREAMPlace - iteration   34, (  34,  0,  0), Obj 3.521781E+07, DensityWeight 2.678081E-11, wHPWL 7.835546E+07, Overflow 8.390484E-01, MaxDensity 2.223E+03, gamma 7.447841E+02, time 7.733ms
[INFO   ] DREAMPlace - full step 40.073 ms
[INFO   ] DREAMPlace - optimizer step 21.442 ms
[INFO   ] DREAMPlace - iteration   35, (  35,  0,  0), Obj 3.516668E+07, DensityWeight 2.795451E-11, wHPWL 7.834469E+07, Overflow 8.361487E-01, MaxDensity 2.007E+03, gamma 7.327655E+02, time 5.278ms
[INFO   ] DREAMPlace - full step 33.867 ms
[INFO   ] DREAMPlace - optimizer step 27.732 ms
[INFO   ] DREAMPlace - iteration   36, (  36,  0,  0), Obj 3.514050E+07, DensityWeight 2.924675E-11, wHPWL 7.834482E+07, Overflow 8.333290E-01, MaxDensity 1.676E+03, gamma 7.219731E+02, time 72.603ms
[INFO   ] DREAMPlace - full step 107.653 ms
[INFO   ] DREAMPlace - optimizer step 21.735 ms
[INFO   ] DREAMPlace - iteration   37, (  37,  0,  0), Obj 3.510339E+07, DensityWeight 3.070851E-11, wHPWL 7.832781E+07, Overflow 8.304955E-01, MaxDensity 1.564E+03, gamma 7.116317E+02, time 8.150ms
[INFO   ] DREAMPlace - full step 37.335 ms
[INFO   ] DREAMPlace - optimizer step 21.737 ms
[INFO   ] DREAMPlace - iteration   38, (  38,  0,  0), Obj 3.506757E+07, DensityWeight 3.212163E-11, wHPWL 7.832183E+07, Overflow 8.277732E-01, MaxDensity 1.525E+03, gamma 7.013881E+02, time 5.388ms
[INFO   ] DREAMPlace - full step 34.551 ms
[INFO   ] DREAMPlace - optimizer step 22.370 ms
[INFO   ] DREAMPlace - iteration   39, (  39,  0,  0), Obj 3.503382E+07, DensityWeight 3.359642E-11, wHPWL 7.828240E+07, Overflow 8.250236E-01, MaxDensity 1.336E+03, gamma 6.916860E+02, time 5.367ms
[INFO   ] DREAMPlace - full step 35.139 ms
[INFO   ] DREAMPlace - optimizer step 22.681 ms
[INFO   ] DREAMPlace - iteration   40, (  40,  0,  0), Obj 3.499995E+07, DensityWeight 3.513542E-11, wHPWL 7.825792E+07, Overflow 8.221367E-01, MaxDensity 1.100E+03, gamma 6.820225E+02, time 5.184ms
[INFO   ] DREAMPlace - full step 31.975 ms
[INFO   ] DREAMPlace - optimizer step 22.635 ms
[INFO   ] DREAMPlace - iteration   41, (  41,  0,  0), Obj 3.497246E+07, DensityWeight 3.674123E-11, wHPWL 7.821475E+07, Overflow 8.199812E-01, MaxDensity 1.122E+03, gamma 6.720219E+02, time 5.191ms
[INFO   ] DREAMPlace - full step 35.264 ms
[INFO   ] DREAMPlace - optimizer step 22.573 ms
[INFO   ] DREAMPlace - iteration   42, (  42,  0,  0), Obj 3.496532E+07, DensityWeight 3.841659E-11, wHPWL 7.819743E+07, Overflow 8.178429E-01, MaxDensity 1.076E+03, gamma 6.646506E+02, time 5.211ms
[INFO   ] DREAMPlace - full step 35.170 ms
[INFO   ] DREAMPlace - optimizer step 19.706 ms
[INFO   ] DREAMPlace - iteration   43, (  43,  0,  0), Obj 3.491190E+07, DensityWeight 4.016433E-11, wHPWL 7.815491E+07, Overflow 8.157067E-01, MaxDensity 9.563E+02, gamma 6.574180E+02, time 5.220ms
[INFO   ] DREAMPlace - full step 32.337 ms
[INFO   ] DREAMPlace - optimizer step 22.616 ms
[INFO   ] DREAMPlace - iteration   44, (  44,  0,  0), Obj 3.486302E+07, DensityWeight 4.198739E-11, wHPWL 7.811530E+07, Overflow 8.136651E-01, MaxDensity 9.556E+02, gamma 6.502714E+02, time 5.184ms
[INFO   ] DREAMPlace - full step 35.204 ms
[I] plotting to obsfield_results/bigblue1/plot/iter0045.png takes 6.072 seconds
[INFO   ] DREAMPlace - plotting to obsfield_results/bigblue1/plot/iter0045.png takes 6.122 seconds
[INFO   ] DREAMPlace - optimizer step 50.761 ms
[INFO   ] DREAMPlace - iteration   45, (  45,  0,  0), Obj 3.481864E+07, DensityWeight 4.388880E-11, wHPWL 7.805020E+07, Overflow 8.119494E-01, MaxDensity 8.111E+02, gamma 6.435134E+02, time 5.205ms
[INFO   ] DREAMPlace - full step 6189.806 ms
[INFO   ] DREAMPlace - optimizer step 19.961 ms
[INFO   ] DREAMPlace - iteration   46, (  46,  0,  0), Obj 3.477963E+07, DensityWeight 4.587173E-11, wHPWL 7.801525E+07, Overflow 8.104060E-01, MaxDensity 7.774E+02, gamma 6.378887E+02, time 5.206ms
[INFO   ] DREAMPlace - full step 32.629 ms
[INFO   ] DREAMPlace - optimizer step 19.515 ms
[INFO   ] DREAMPlace - iteration   47, (  47,  0,  0), Obj 3.472015E+07, DensityWeight 4.793946E-11, wHPWL 7.796019E+07, Overflow 8.090358E-01, MaxDensity 6.811E+02, gamma 6.328707E+02, time 5.183ms
[INFO   ] DREAMPlace - full step 32.158 ms
[INFO   ] DREAMPlace - optimizer step 22.616 ms
[INFO   ] DREAMPlace - iteration   48, (  48,  0,  0), Obj 3.465302E+07, DensityWeight 5.009539E-11, wHPWL 7.792070E+07, Overflow 8.078790E-01, MaxDensity 5.866E+02, gamma 6.284493E+02, time 4.779ms
[INFO   ] DREAMPlace - full step 34.105 ms
[INFO   ] DREAMPlace - optimizer step 22.166 ms
[INFO   ] DREAMPlace - iteration   49, (  49,  0,  0), Obj 3.457264E+07, DensityWeight 5.234303E-11, wHPWL 7.785709E+07, Overflow 8.064282E-01, MaxDensity 5.292E+02, gamma 6.247405E+02, time 5.216ms
[INFO   ] DREAMPlace - full step 34.794 ms
[INFO   ] DREAMPlace - optimizer step 22.157 ms
[INFO   ] DREAMPlace - iteration   50, (  50,  0,  0), Obj 3.448418E+07, DensityWeight 5.468605E-11, wHPWL 7.782167E+07, Overflow 8.049148E-01, MaxDensity 4.778E+02, gamma 6.201197E+02, time 5.198ms
[INFO   ] DREAMPlace - full step 34.827 ms
[INFO   ] DREAMPlace - optimizer step 22.172 ms
[INFO   ] DREAMPlace - iteration   51, (  51,  0,  0), Obj 3.441803E+07, DensityWeight 5.712825E-11, wHPWL 7.777186E+07, Overflow 8.033870E-01, MaxDensity 4.649E+02, gamma 6.153364E+02, time 5.227ms
[INFO   ] DREAMPlace - full step 34.922 ms
[INFO   ] DREAMPlace - optimizer step 22.072 ms
[INFO   ] DREAMPlace - iteration   52, (  52,  0,  0), Obj 3.436570E+07, DensityWeight 5.967353E-11, wHPWL 7.775029E+07, Overflow 8.020515E-01, MaxDensity 4.518E+02, gamma 6.105447E+02, time 5.207ms
[INFO   ] DREAMPlace - full step 34.798 ms
[INFO   ] DREAMPlace - optimizer step 22.391 ms
[INFO   ] DREAMPlace - iteration   53, (  53,  0,  0), Obj 3.431394E+07, DensityWeight 6.232598E-11, wHPWL 7.770131E+07, Overflow 8.008447E-01, MaxDensity 4.297E+02, gamma 6.063867E+02, time 5.452ms
[INFO   ] DREAMPlace - full step 34.191 ms
[INFO   ] DREAMPlace - optimizer step 22.186 ms
[INFO   ] DREAMPlace - iteration   54, (  54,  0,  0), Obj 3.425252E+07, DensityWeight 6.508983E-11, wHPWL 7.765980E+07, Overflow 7.997355E-01, MaxDensity 4.000E+02, gamma 6.026539E+02, time 4.586ms
[INFO   ] DREAMPlace - full step 34.083 ms
[INFO   ] DREAMPlace - optimizer step 24.549 ms
[INFO   ] DREAMPlace - iteration   55, (  55,  0,  0), Obj 3.417904E+07, DensityWeight 6.796944E-11, wHPWL 7.758422E+07, Overflow 7.985566E-01, MaxDensity 3.697E+02, gamma 5.992431E+02, time 4.580ms
[INFO   ] DREAMPlace - full step 36.400 ms
[INFO   ] DREAMPlace - optimizer step 22.444 ms
[INFO   ] DREAMPlace - iteration   56, (  56,  0,  0), Obj 3.410638E+07, DensityWeight 7.096936E-11, wHPWL 7.752898E+07, Overflow 7.973067E-01, MaxDensity 3.389E+02, gamma 5.956388E+02, time 4.453ms
[INFO   ] DREAMPlace - full step 34.153 ms
[INFO   ] DREAMPlace - optimizer step 21.892 ms
[INFO   ] DREAMPlace - iteration   57, (  57,  0,  0), Obj 3.403899E+07, DensityWeight 7.409426E-11, wHPWL 7.745046E+07, Overflow 7.961707E-01, MaxDensity 3.347E+02, gamma 5.918418E+02, time 5.228ms
[INFO   ] DREAMPlace - full step 33.978 ms
[INFO   ] DREAMPlace - optimizer step 21.718 ms
[INFO   ] DREAMPlace - iteration   58, (  58,  0,  0), Obj 3.398453E+07, DensityWeight 7.734902E-11, wHPWL 7.739178E+07, Overflow 7.950556E-01, MaxDensity 3.418E+02, gamma 5.884117E+02, time 5.163ms
[INFO   ] DREAMPlace - full step 34.174 ms
[INFO   ] DREAMPlace - optimizer step 21.691 ms
[INFO   ] DREAMPlace - iteration   59, (  59,  0,  0), Obj 3.391834E+07, DensityWeight 8.073868E-11, wHPWL 7.729822E+07, Overflow 7.940968E-01, MaxDensity 3.331E+02, gamma 5.850635E+02, time 5.210ms
[INFO   ] DREAMPlace - full step 34.117 ms
[INFO   ] DREAMPlace - optimizer step 19.625 ms
[INFO   ] DREAMPlace - iteration   60, (  60,  0,  0), Obj 3.385514E+07, DensityWeight 8.426846E-11, wHPWL 7.721682E+07, Overflow 7.930216E-01, MaxDensity 3.115E+02, gamma 5.822004E+02, time 5.201ms
[INFO   ] DREAMPlace - full step 31.668 ms
[INFO   ] DREAMPlace - optimizer step 27.564 ms
[INFO   ] DREAMPlace - iteration   61, (  61,  0,  0), Obj 3.377706E+07, DensityWeight 8.794376E-11, wHPWL 7.710354E+07, Overflow 7.922568E-01, MaxDensity 3.118E+02, gamma 5.790062E+02, time 12.976ms
[INFO   ] DREAMPlace - full step 47.798 ms
[INFO   ] DREAMPlace - optimizer step 13.546 ms
[INFO   ] DREAMPlace - iteration   62, (  62,  0,  0), Obj 3.371494E+07, DensityWeight 9.177017E-11, wHPWL 7.701252E+07, Overflow 7.913869E-01, MaxDensity 3.074E+02, gamma 5.767445E+02, time 69.627ms
[INFO   ] DREAMPlace - full step 90.459 ms
[INFO   ] DREAMPlace - optimizer step 22.601 ms
[INFO   ] DREAMPlace - iteration   63, (  63,  0,  0), Obj 3.362796E+07, DensityWeight 9.575350E-11, wHPWL 7.689390E+07, Overflow 7.908093E-01, MaxDensity 3.036E+02, gamma 5.741833E+02, time 3.364ms
[INFO   ] DREAMPlace - full step 31.786 ms
[INFO   ] DREAMPlace - optimizer step 22.206 ms
[INFO   ] DREAMPlace - iteration   64, (  64,  0,  0), Obj 3.355405E+07, DensityWeight 9.989973E-11, wHPWL 7.679276E+07, Overflow 7.901023E-01, MaxDensity 3.202E+02, gamma 5.724886E+02, time 5.214ms
[INFO   ] DREAMPlace - full step 34.652 ms
[INFO   ] DREAMPlace - optimizer step 35.651 ms
[INFO   ] DREAMPlace - iteration   65, (  65,  0,  0), Obj 3.345481E+07, DensityWeight 1.042151E-10, wHPWL 7.665984E+07, Overflow 7.895101E-01, MaxDensity 2.904E+02, gamma 5.704214E+02, time 5.251ms
[INFO   ] DREAMPlace - full step 45.992 ms
[INFO   ] DREAMPlace - optimizer step 22.635 ms
[INFO   ] DREAMPlace - iteration   66, (  66,  0,  0), Obj 3.337186E+07, DensityWeight 1.087060E-10, wHPWL 7.654840E+07, Overflow 7.888352E-01, MaxDensity 3.190E+02, gamma 5.686954E+02, time 4.826ms
[INFO   ] DREAMPlace - full step 31.215 ms
[INFO   ] DREAMPlace - optimizer step 22.547 ms
[INFO   ] DREAMPlace - iteration   67, (  67,  0,  0), Obj 3.327726E+07, DensityWeight 1.133790E-10, wHPWL 7.640906E+07, Overflow 7.884393E-01, MaxDensity 3.030E+02, gamma 5.667351E+02, time 4.768ms
[INFO   ] DREAMPlace - full step 34.583 ms
[INFO   ] DREAMPlace - optimizer step 26.996 ms
[INFO   ] DREAMPlace - iteration   68, (  68,  0,  0), Obj 3.319619E+07, DensityWeight 1.182412E-10, wHPWL 7.629210E+07, Overflow 7.880450E-01, MaxDensity 2.969E+02, gamma 5.655882E+02, time 5.235ms
[INFO   ] DREAMPlace - full step 35.070 ms
[INFO   ] DREAMPlace - optimizer step 2.546 ms
[INFO   ] DREAMPlace - iteration   69, (  69,  0,  0), Obj 3.308956E+07, DensityWeight 1.232995E-10, wHPWL 7.614149E+07, Overflow 7.875641E-01, MaxDensity 3.146E+02, gamma 5.644482E+02, time 0.822ms
[INFO   ] DREAMPlace - full step 3.942 ms
[INFO   ] DREAMPlace - optimizer step 2.499 ms
[INFO   ] DREAMPlace - iteration   70, (  70,  0,  0), Obj 3.298893E+07, DensityWeight 1.285613E-10, wHPWL 7.601049E+07, Overflow 7.872817E-01, MaxDensity 2.737E+02, gamma 5.630610E+02, time 0.749ms
[INFO   ] DREAMPlace - full step 3.841 ms
[INFO   ] DREAMPlace - optimizer step 2.424 ms
[INFO   ] DREAMPlace - iteration   71, (  71,  0,  0), Obj 3.288967E+07, DensityWeight 1.340343E-10, wHPWL 7.585041E+07, Overflow 7.869014E-01, MaxDensity 3.135E+02, gamma 5.622479E+02, time 0.765ms
[INFO   ] DREAMPlace - full step 3.678 ms
[INFO   ] DREAMPlace - optimizer step 2.372 ms
[INFO   ] DREAMPlace - iteration   72, (  72,  0,  0), Obj 3.278658E+07, DensityWeight 1.397263E-10, wHPWL 7.572008E+07, Overflow 7.866513E-01, MaxDensity 2.765E+02, gamma 5.611547E+02, time 0.746ms
[INFO   ] DREAMPlace - full step 3.603 ms
[INFO   ] DREAMPlace - optimizer step 10.525 ms
[INFO   ] DREAMPlace - iteration   73, (  73,  0,  0), Obj 3.268392E+07, DensityWeight 1.456455E-10, wHPWL 7.555619E+07, Overflow 7.865956E-01, MaxDensity 3.098E+02, gamma 5.604371E+02, time 0.761ms
[INFO   ] DREAMPlace - full step 12.033 ms
[INFO   ] DREAMPlace - optimizer step 4.156 ms
[INFO   ] DREAMPlace - iteration   74, (  74,  0,  0), Obj 3.257992E+07, DensityWeight 1.518002E-10, wHPWL 7.541445E+07, Overflow 7.865533E-01, MaxDensity 2.840E+02, gamma 5.602774E+02, time 0.911ms
[INFO   ] DREAMPlace - full step 5.952 ms
[INFO   ] DREAMPlace - optimizer step 4.211 ms
[INFO   ] DREAMPlace - iteration   75, (  75,  0,  0), Obj 3.245564E+07, DensityWeight 1.581992E-10, wHPWL 7.523908E+07, Overflow 7.866879E-01, MaxDensity 3.085E+02, gamma 5.601561E+02, time 0.916ms
[INFO   ] DREAMPlace - full step 6.004 ms
[INFO   ] DREAMPlace - optimizer step 4.196 ms
[INFO   ] DREAMPlace - iteration   76, (  76,  0,  0), Obj 3.233851E+07, DensityWeight 1.648515E-10, wHPWL 7.508976E+07, Overflow 7.868285E-01, MaxDensity 2.856E+02, gamma 5.605422E+02, time 0.898ms
[INFO   ] DREAMPlace - full step 5.980 ms
[INFO   ] DREAMPlace - optimizer step 4.631 ms
[INFO   ] DREAMPlace - iteration   77, (  77,  0,  0), Obj 3.220409E+07, DensityWeight 1.717663E-10, wHPWL 7.491424E+07, Overflow 7.871189E-01, MaxDensity 3.096E+02, gamma 5.609454E+02, time 0.922ms
[INFO   ] DREAMPlace - full step 10.730 ms
[INFO   ] DREAMPlace - optimizer step 19.172 ms
[INFO   ] DREAMPlace - iteration   78, (  78,  0,  0), Obj 3.207797E+07, DensityWeight 1.789532E-10, wHPWL 7.476856E+07, Overflow 7.872964E-01, MaxDensity 2.816E+02, gamma 5.617795E+02, time 5.221ms
[INFO   ] DREAMPlace - full step 31.675 ms
[INFO   ] DREAMPlace - optimizer step 21.724 ms
[INFO   ] DREAMPlace - iteration   79, (  79,  0,  0), Obj 3.193497E+07, DensityWeight 1.864222E-10, wHPWL 7.459451E+07, Overflow 7.873604E-01, MaxDensity 3.108E+02, gamma 5.622902E+02, time 9.161ms
[INFO   ] DREAMPlace - full step 38.101 ms
[INFO   ] DREAMPlace - optimizer step 25.246 ms
[INFO   ] DREAMPlace - iteration   80, (  80,  0,  0), Obj 3.180775E+07, DensityWeight 1.941836E-10, wHPWL 7.444923E+07, Overflow 7.876688E-01, MaxDensity 2.704E+02, gamma 5.624742E+02, time 7.526ms
[INFO   ] DREAMPlace - full step 38.123 ms
[INFO   ] DREAMPlace - optimizer step 20.825 ms
[INFO   ] DREAMPlace - iteration   81, (  81,  0,  0), Obj 3.168268E+07, DensityWeight 2.022478E-10, wHPWL 7.427861E+07, Overflow 7.880669E-01, MaxDensity 3.030E+02, gamma 5.633627E+02, time 7.662ms
[INFO   ] DREAMPlace - full step 35.732 ms
[INFO   ] DREAMPlace - optimizer step 20.992 ms
[INFO   ] DREAMPlace - iteration   82, (  82,  0,  0), Obj 3.155001E+07, DensityWeight 2.106259E-10, wHPWL 7.413966E+07, Overflow 7.886584E-01, MaxDensity 2.702E+02, gamma 5.645114E+02, time 5.209ms
[INFO   ] DREAMPlace - full step 31.756 ms
[INFO   ] DREAMPlace - optimizer step 23.152 ms
[INFO   ] DREAMPlace - iteration   83, (  83,  0,  0), Obj 3.140184E+07, DensityWeight 2.193291E-10, wHPWL 7.396756E+07, Overflow 7.892096E-01, MaxDensity 2.769E+02, gamma 5.662225E+02, time 10.434ms
[INFO   ] DREAMPlace - full step 38.768 ms
[INFO   ] DREAMPlace - optimizer step 19.158 ms
[INFO   ] DREAMPlace - iteration   84, (  84,  0,  0), Obj 3.124765E+07, DensityWeight 2.283691E-10, wHPWL 7.382422E+07, Overflow 7.897269E-01, MaxDensity 2.819E+02, gamma 5.678217E+02, time 5.201ms
[INFO   ] DREAMPlace - full step 31.609 ms
[INFO   ] DREAMPlace - optimizer step 20.532 ms
[INFO   ] DREAMPlace - iteration   85, (  85,  0,  0), Obj 3.108942E+07, DensityWeight 2.377579E-10, wHPWL 7.365770E+07, Overflow 7.902362E-01, MaxDensity 2.886E+02, gamma 5.693266E+02, time 12.199ms
[INFO   ] DREAMPlace - full step 39.980 ms
[INFO   ] DREAMPlace - optimizer step 20.910 ms
[INFO   ] DREAMPlace - iteration   86, (  86,  0,  0), Obj 3.094355E+07, DensityWeight 2.475079E-10, wHPWL 7.352994E+07, Overflow 7.906613E-01, MaxDensity 2.947E+02, gamma 5.708124E+02, time 5.235ms
[INFO   ] DREAMPlace - full step 33.392 ms
[INFO   ] DREAMPlace - optimizer step 21.216 ms
[INFO   ] DREAMPlace - iteration   87, (  87,  0,  0), Obj 3.079096E+07, DensityWeight 2.576320E-10, wHPWL 7.337798E+07, Overflow 7.911848E-01, MaxDensity 2.946E+02, gamma 5.720555E+02, time 5.213ms
[INFO   ] DREAMPlace - full step 33.706 ms
[INFO   ] DREAMPlace - optimizer step 19.459 ms
[INFO   ] DREAMPlace - iteration   88, (  88,  0,  0), Obj 3.065095E+07, DensityWeight 2.681434E-10, wHPWL 7.325602E+07, Overflow 7.916285E-01, MaxDensity 3.025E+02, gamma 5.735897E+02, time 15.390ms
[INFO   ] DREAMPlace - full step 42.024 ms
[INFO   ] DREAMPlace - optimizer step 20.807 ms
[INFO   ] DREAMPlace - iteration   89, (  89,  0,  0), Obj 3.049546E+07, DensityWeight 2.790558E-10, wHPWL 7.310483E+07, Overflow 7.923599E-01, MaxDensity 2.836E+02, gamma 5.748934E+02, time 5.205ms
[INFO   ] DREAMPlace - full step 33.310 ms
[I] plotting to obsfield_results/bigblue1/plot/iter0090.png takes 6.288 seconds
[INFO   ] DREAMPlace - plotting to obsfield_results/bigblue1/plot/iter0090.png takes 6.342 seconds
[INFO   ] DREAMPlace - optimizer step 26.290 ms
[INFO   ] DREAMPlace - iteration   90, (  90,  0,  0), Obj 3.035310E+07, DensityWeight 2.903832E-10, wHPWL 7.298760E+07, Overflow 7.929461E-01, MaxDensity 3.026E+02, gamma 5.770493E+02, time 5.214ms
[INFO   ] DREAMPlace - full step 6384.968 ms
[INFO   ] DREAMPlace - optimizer step 18.734 ms
[INFO   ] DREAMPlace - iteration   91, (  91,  0,  0), Obj 3.018333E+07, DensityWeight 3.021402E-10, wHPWL 7.284522E+07, Overflow 7.934629E-01, MaxDensity 2.908E+02, gamma 5.787825E+02, time 5.072ms
[INFO   ] DREAMPlace - full step 31.150 ms
[INFO   ] DREAMPlace - optimizer step 18.385 ms
[INFO   ] DREAMPlace - iteration   92, (  92,  0,  0), Obj 3.003032E+07, DensityWeight 3.143418E-10, wHPWL 7.273726E+07, Overflow 7.938403E-01, MaxDensity 2.993E+02, gamma 5.803151E+02, time 5.196ms
[INFO   ] DREAMPlace - full step 30.780 ms
[INFO   ] DREAMPlace - optimizer step 20.503 ms
[INFO   ] DREAMPlace - iteration   93, (  93,  0,  0), Obj 2.987415E+07, DensityWeight 3.270034E-10, wHPWL 7.260414E+07, Overflow 7.940816E-01, MaxDensity 3.050E+02, gamma 5.814367E+02, time 5.225ms
[INFO   ] DREAMPlace - full step 30.832 ms
[INFO   ] DREAMPlace - optimizer step 22.482 ms
[INFO   ] DREAMPlace - iteration   94, (  94,  0,  0), Obj 2.973672E+07, DensityWeight 3.401410E-10, wHPWL 7.251102E+07, Overflow 7.943499E-01, MaxDensity 3.133E+02, gamma 5.821550E+02, time 5.228ms
[INFO   ] DREAMPlace - full step 31.107 ms
[INFO   ] DREAMPlace - optimizer step 22.580 ms
[INFO   ] DREAMPlace - iteration   95, (  95,  0,  0), Obj 2.959954E+07, DensityWeight 3.537710E-10, wHPWL 7.238729E+07, Overflow 7.945983E-01, MaxDensity 3.191E+02, gamma 5.829549E+02, time 5.203ms
[INFO   ] DREAMPlace - full step 32.343 ms
[INFO   ] DREAMPlace - optimizer step 22.656 ms
[INFO   ] DREAMPlace - iteration   96, (  96,  0,  0), Obj 2.946810E+07, DensityWeight 3.679105E-10, wHPWL 7.229680E+07, Overflow 7.948633E-01, MaxDensity 3.243E+02, gamma 5.836962E+02, time 5.217ms
[INFO   ] DREAMPlace - full step 34.667 ms
[INFO   ] DREAMPlace - optimizer step 32.697 ms
[INFO   ] DREAMPlace - iteration   97, (  97,  0,  0), Obj 2.932729E+07, DensityWeight 3.825767E-10, wHPWL 7.216978E+07, Overflow 7.952146E-01, MaxDensity 3.283E+02, gamma 5.844884E+02, time 32.850ms
[INFO   ] DREAMPlace - full step 70.725 ms
[INFO   ] DREAMPlace - optimizer step 22.632 ms
[INFO   ] DREAMPlace - iteration   98, (  98,  0,  0), Obj 2.919390E+07, DensityWeight 3.977879E-10, wHPWL 7.207932E+07, Overflow 7.952741E-01, MaxDensity 3.299E+02, gamma 5.855399E+02, time 5.207ms
[INFO   ] DREAMPlace - full step 31.114 ms
[INFO   ] DREAMPlace - optimizer step 22.563 ms
[INFO   ] DREAMPlace - iteration   99, (  99,  0,  0), Obj 2.904553E+07, DensityWeight 4.135625E-10, wHPWL 7.195768E+07, Overflow 7.953852E-01, MaxDensity 3.310E+02, gamma 5.857181E+02, time 5.177ms
[INFO   ] DREAMPlace - full step 33.076 ms
[INFO   ] DREAMPlace - optimizer step 22.574 ms
[INFO   ] DREAMPlace - iteration  100, ( 100,  0,  0), Obj 2.892604E+07, DensityWeight 4.299197E-10, wHPWL 7.187352E+07, Overflow 7.954242E-01, MaxDensity 3.265E+02, gamma 5.860513E+02, time 5.219ms
[INFO   ] DREAMPlace - full step 35.000 ms
[INFO   ] DREAMPlace - optimizer step 22.517 ms
[INFO   ] DREAMPlace - iteration  101, ( 101,  0,  0), Obj 2.879477E+07, DensityWeight 4.468791E-10, wHPWL 7.175797E+07, Overflow 7.953237E-01, MaxDensity 3.298E+02, gamma 5.861680E+02, time 5.196ms
[INFO   ] DREAMPlace - full step 34.771 ms
[INFO   ] DREAMPlace - optimizer step 22.359 ms
[INFO   ] DREAMPlace - iteration  102, ( 102,  0,  0), Obj 2.867687E+07, DensityWeight 4.644611E-10, wHPWL 7.167685E+07, Overflow 7.950990E-01, MaxDensity 3.352E+02, gamma 5.858669E+02, time 5.202ms
[INFO   ] DREAMPlace - full step 32.661 ms
[INFO   ] DREAMPlace - optimizer step 20.384 ms
[INFO   ] DREAMPlace - iteration  103, ( 103,  0,  0), Obj 2.855761E+07, DensityWeight 4.826866E-10, wHPWL 7.155581E+07, Overflow 7.948151E-01, MaxDensity 3.364E+02, gamma 5.851934E+02, time 5.206ms
[INFO   ] DREAMPlace - full step 32.838 ms
[INFO   ] DREAMPlace - optimizer step 18.381 ms
[INFO   ] DREAMPlace - iteration  104, ( 104,  0,  0), Obj 2.845770E+07, DensityWeight 5.015770E-10, wHPWL 7.147341E+07, Overflow 7.945154E-01, MaxDensity 3.295E+02, gamma 5.843442E+02, time 5.208ms
[INFO   ] DREAMPlace - full step 30.845 ms
[INFO   ] DREAMPlace - optimizer step 20.282 ms
[INFO   ] DREAMPlace - iteration  105, ( 105,  0,  0), Obj 2.835271E+07, DensityWeight 5.211546E-10, wHPWL 7.135403E+07, Overflow 7.943183E-01, MaxDensity 3.384E+02, gamma 5.834489E+02, time 5.198ms
[INFO   ] DREAMPlace - full step 32.714 ms
[INFO   ] DREAMPlace - optimizer step 20.852 ms
[INFO   ] DREAMPlace - iteration  106, ( 106,  0,  0), Obj 2.825867E+07, DensityWeight 5.414423E-10, wHPWL 7.126925E+07, Overflow 7.939667E-01, MaxDensity 3.470E+02, gamma 5.828607E+02, time 5.209ms
[INFO   ] DREAMPlace - full step 33.244 ms
[INFO   ] DREAMPlace - optimizer step 20.750 ms
[INFO   ] DREAMPlace - iteration  107, ( 107,  0,  0), Obj 2.814602E+07, DensityWeight 5.624634E-10, wHPWL 7.114032E+07, Overflow 7.936752E-01, MaxDensity 3.521E+02, gamma 5.818129E+02, time 5.138ms
[INFO   ] DREAMPlace - full step 33.222 ms
[INFO   ] DREAMPlace - optimizer step 22.582 ms
[INFO   ] DREAMPlace - iteration  108, ( 108,  0,  0), Obj 2.805432E+07, DensityWeight 5.842423E-10, wHPWL 7.104712E+07, Overflow 7.933983E-01, MaxDensity 3.482E+02, gamma 5.809460E+02, time 0.899ms
[INFO   ] DREAMPlace - full step 30.733 ms
[INFO   ] DREAMPlace - optimizer step 22.582 ms
[INFO   ] DREAMPlace - iteration  109, ( 109,  0,  0), Obj 2.794992E+07, DensityWeight 6.068037E-10, wHPWL 7.091742E+07, Overflow 7.932485E-01, MaxDensity 3.532E+02, gamma 5.801232E+02, time 5.201ms
[INFO   ] DREAMPlace - full step 33.040 ms
[INFO   ] DREAMPlace - optimizer step 22.620 ms
[INFO   ] DREAMPlace - iteration  110, ( 110,  0,  0), Obj 2.785607E+07, DensityWeight 6.301733E-10, wHPWL 7.082684E+07, Overflow 7.930848E-01, MaxDensity 3.548E+02, gamma 5.796788E+02, time 5.175ms
[INFO   ] DREAMPlace - full step 35.014 ms
[INFO   ] DREAMPlace - optimizer step 22.582 ms
[INFO   ] DREAMPlace - iteration  111, ( 111,  0,  0), Obj 2.774162E+07, DensityWeight 6.543776E-10, wHPWL 7.069179E+07, Overflow 7.929949E-01, MaxDensity 3.461E+02, gamma 5.791934E+02, time 5.172ms
[INFO   ] DREAMPlace - full step 32.870 ms
[INFO   ] DREAMPlace - optimizer step 22.578 ms
[INFO   ] DREAMPlace - iteration  112, ( 112,  0,  0), Obj 2.763894E+07, DensityWeight 6.794435E-10, wHPWL 7.059466E+07, Overflow 7.928836E-01, MaxDensity 3.357E+02, gamma 5.789271E+02, time 5.177ms
[INFO   ] DREAMPlace - full step 35.002 ms
[INFO   ] DREAMPlace - optimizer step 23.181 ms
[INFO   ] DREAMPlace - iteration  113, ( 113,  0,  0), Obj 2.752146E+07, DensityWeight 7.053991E-10, wHPWL 7.045949E+07, Overflow 7.930483E-01, MaxDensity 3.454E+02, gamma 5.785973E+02, time 5.301ms
[INFO   ] DREAMPlace - full step 35.879 ms
[INFO   ] DREAMPlace - optimizer step 22.746 ms
[INFO   ] DREAMPlace - iteration  114, ( 114,  0,  0), Obj 2.741837E+07, DensityWeight 7.322729E-10, wHPWL 7.036802E+07, Overflow 7.930998E-01, MaxDensity 3.413E+02, gamma 5.790852E+02, time 5.198ms
[INFO   ] DREAMPlace - full step 35.229 ms
[INFO   ] DREAMPlace - optimizer step 19.732 ms
[INFO   ] DREAMPlace - iteration  115, ( 115,  0,  0), Obj 2.728525E+07, DensityWeight 7.600945E-10, wHPWL 7.023603E+07, Overflow 7.933273E-01, MaxDensity 3.504E+02, gamma 5.792380E+02, time 5.149ms
[INFO   ] DREAMPlace - full step 32.168 ms
[INFO   ] DREAMPlace - optimizer step 22.803 ms
[INFO   ] DREAMPlace - iteration  116, ( 116,  0,  0), Obj 2.717029E+07, DensityWeight 7.888943E-10, wHPWL 7.014204E+07, Overflow 7.934950E-01, MaxDensity 3.440E+02, gamma 5.799125E+02, time 9.777ms
[INFO   ] DREAMPlace - full step 39.911 ms
[INFO   ] DREAMPlace - optimizer step 19.462 ms
[INFO   ] DREAMPlace - iteration  117, ( 117,  0,  0), Obj 2.703356E+07, DensityWeight 8.187035E-10, wHPWL 7.001188E+07, Overflow 7.937844E-01, MaxDensity 3.311E+02, gamma 5.804105E+02, time 5.212ms
[INFO   ] DREAMPlace - full step 31.884 ms
[INFO   ] DREAMPlace - optimizer step 25.199 ms
[INFO   ] DREAMPlace - iteration  118, ( 118,  0,  0), Obj 2.691411E+07, DensityWeight 8.495540E-10, wHPWL 6.992736E+07, Overflow 7.939380E-01, MaxDensity 3.432E+02, gamma 5.812706E+02, time 6.821ms
[INFO   ] DREAMPlace - full step 39.142 ms
[INFO   ] DREAMPlace - optimizer step 30.902 ms
[INFO   ] DREAMPlace - iteration  119, ( 119,  0,  0), Obj 2.677568E+07, DensityWeight 8.814790E-10, wHPWL 6.980446E+07, Overflow 7.943049E-01, MaxDensity 3.359E+02, gamma 5.817274E+02, time 21.158ms
[INFO   ] DREAMPlace - full step 59.339 ms
[INFO   ] DREAMPlace - optimizer step 51.631 ms
[INFO   ] DREAMPlace - iteration  120, ( 120,  0,  0), Obj 2.665859E+07, DensityWeight 9.145121E-10, wHPWL 6.972277E+07, Overflow 7.946382E-01, MaxDensity 3.312E+02, gamma 5.828207E+02, time 6.950ms
[INFO   ] DREAMPlace - full step 65.823 ms
[INFO   ] DREAMPlace - optimizer step 21.044 ms
[INFO   ] DREAMPlace - iteration  121, ( 121,  0,  0), Obj 2.651638E+07, DensityWeight 9.486882E-10, wHPWL 6.960262E+07, Overflow 7.950595E-01, MaxDensity 3.211E+02, gamma 5.838154E+02, time 5.193ms
[INFO   ] DREAMPlace - full step 33.403 ms
[INFO   ] DREAMPlace - optimizer step 22.675 ms
[INFO   ] DREAMPlace - iteration  122, ( 122,  0,  0), Obj 2.638837E+07, DensityWeight 9.840432E-10, wHPWL 6.952296E+07, Overflow 7.953998E-01, MaxDensity 3.366E+02, gamma 5.850754E+02, time 5.212ms
[INFO   ] DREAMPlace - full step 35.120 ms
[INFO   ] DREAMPlace - optimizer step 23.238 ms
[INFO   ] DREAMPlace - iteration  123, ( 123,  0,  0), Obj 2.624353E+07, DensityWeight 1.020614E-09, wHPWL 6.940426E+07, Overflow 7.958413E-01, MaxDensity 3.355E+02, gamma 5.860952E+02, time 5.209ms
[INFO   ] DREAMPlace - full step 35.597 ms
[INFO   ] DREAMPlace - optimizer step 22.617 ms
[INFO   ] DREAMPlace - iteration  124, ( 124,  0,  0), Obj 2.611787E+07, DensityWeight 1.058437E-09, wHPWL 6.932941E+07, Overflow 7.960142E-01, MaxDensity 3.121E+02, gamma 5.874206E+02, time 5.222ms
[INFO   ] DREAMPlace - full step 35.077 ms
[INFO   ] DREAMPlace - optimizer step 20.684 ms
[INFO   ] DREAMPlace - iteration  125, ( 125,  0,  0), Obj 2.597492E+07, DensityWeight 1.097553E-09, wHPWL 6.921617E+07, Overflow 7.964046E-01, MaxDensity 3.233E+02, gamma 5.879406E+02, time 5.729ms
[INFO   ] DREAMPlace - full step 33.628 ms
[INFO   ] DREAMPlace - optimizer step 22.384 ms
[INFO   ] DREAMPlace - iteration  126, ( 126,  0,  0), Obj 2.586279E+07, DensityWeight 1.138001E-09, wHPWL 6.914183E+07, Overflow 7.966333E-01, MaxDensity 3.083E+02, gamma 5.891161E+02, time 5.247ms
[INFO   ] DREAMPlace - full step 35.012 ms
[INFO   ] DREAMPlace - optimizer step 21.076 ms
[INFO   ] DREAMPlace - iteration  127, ( 127,  0,  0), Obj 2.572591E+07, DensityWeight 1.179821E-09, wHPWL 6.902834E+07, Overflow 7.969986E-01, MaxDensity 3.153E+02, gamma 5.898060E+02, time 5.332ms
[INFO   ] DREAMPlace - full step 33.635 ms
[INFO   ] DREAMPlace - optimizer step 22.485 ms
[INFO   ] DREAMPlace - iteration  128, ( 128,  0,  0), Obj 2.561169E+07, DensityWeight 1.223055E-09, wHPWL 6.895058E+07, Overflow 7.972443E-01, MaxDensity 3.198E+02, gamma 5.909094E+02, time 11.961ms
[INFO   ] DREAMPlace - full step 41.721 ms
[INFO   ] DREAMPlace - optimizer step 22.602 ms
[INFO   ] DREAMPlace - iteration  129, ( 129,  0,  0), Obj 2.547732E+07, DensityWeight 1.267747E-09, wHPWL 6.883072E+07, Overflow 7.974541E-01, MaxDensity 3.264E+02, gamma 5.916526E+02, time 5.111ms
[INFO   ] DREAMPlace - full step 35.018 ms
[INFO   ] DREAMPlace - optimizer step 24.775 ms
[INFO   ] DREAMPlace - iteration  130, ( 130,  0,  0), Obj 2.536429E+07, DensityWeight 1.313941E-09, wHPWL 6.874990E+07, Overflow 7.976535E-01, MaxDensity 3.005E+02, gamma 5.922881E+02, time 5.204ms
[INFO   ] DREAMPlace - full step 37.305 ms
[INFO   ] DREAMPlace - optimizer step 22.619 ms
[INFO   ] DREAMPlace - iteration  131, ( 131,  0,  0), Obj 2.524337E+07, DensityWeight 1.361682E-09, wHPWL 6.862864E+07, Overflow 7.980427E-01, MaxDensity 3.180E+02, gamma 5.928930E+02, time 5.211ms
[INFO   ] DREAMPlace - full step 35.117 ms
[INFO   ] DREAMPlace - optimizer step 22.416 ms
[INFO   ] DREAMPlace - iteration  132, ( 132,  0,  0), Obj 2.513679E+07, DensityWeight 1.411016E-09, wHPWL 6.854653E+07, Overflow 7.983882E-01, MaxDensity 3.069E+02, gamma 5.940748E+02, time 5.066ms
[INFO   ] DREAMPlace - full step 34.747 ms
[INFO   ] DREAMPlace - optimizer step 23.922 ms
[INFO   ] DREAMPlace - iteration  133, ( 133,  0,  0), Obj 2.500497E+07, DensityWeight 1.461991E-09, wHPWL 6.841900E+07, Overflow 7.990075E-01, MaxDensity 3.018E+02, gamma 5.951260E+02, time 25.504ms
[INFO   ] DREAMPlace - full step 56.673 ms
[INFO   ] DREAMPlace - optimizer step 18.644 ms
[INFO   ] DREAMPlace - iteration  134, ( 134,  0,  0), Obj 2.488764E+07, DensityWeight 1.514657E-09, wHPWL 6.832602E+07, Overflow 7.995360E-01, MaxDensity 3.194E+02, gamma 5.970151E+02, time 5.212ms
[INFO   ] DREAMPlace - full step 31.103 ms
[I] plotting to obsfield_results/bigblue1/plot/iter0135.png takes 6.122 seconds
[INFO   ] DREAMPlace - plotting to obsfield_results/bigblue1/plot/iter0135.png takes 6.173 seconds
[INFO   ] DREAMPlace - optimizer step 33.781 ms
[INFO   ] DREAMPlace - iteration  135, ( 135,  0,  0), Obj 2.474164E+07, DensityWeight 1.569063E-09, wHPWL 6.819467E+07, Overflow 8.001322E-01, MaxDensity 3.209E+02, gamma 5.986314E+02, time 5.234ms
[INFO   ] DREAMPlace - full step 6223.600 ms
[INFO   ] DREAMPlace - optimizer step 22.666 ms
[INFO   ] DREAMPlace - iteration  136, ( 136,  0,  0), Obj 2.461491E+07, DensityWeight 1.625260E-09, wHPWL 6.810370E+07, Overflow 8.006105E-01, MaxDensity 3.095E+02, gamma 6.004604E+02, time 5.177ms
[INFO   ] DREAMPlace - full step 35.188 ms
[INFO   ] DREAMPlace - optimizer step 22.640 ms
[INFO   ] DREAMPlace - iteration  137, ( 137,  0,  0), Obj 2.447373E+07, DensityWeight 1.683302E-09, wHPWL 6.797666E+07, Overflow 8.011404E-01, MaxDensity 3.254E+02, gamma 6.019318E+02, time 5.201ms
[INFO   ] DREAMPlace - full step 35.140 ms
[INFO   ] DREAMPlace - optimizer step 22.718 ms
[INFO   ] DREAMPlace - iteration  138, ( 138,  0,  0), Obj 2.435389E+07, DensityWeight 1.743242E-09, wHPWL 6.789056E+07, Overflow 8.017527E-01, MaxDensity 3.068E+02, gamma 6.035664E+02, time 5.208ms
[INFO   ] DREAMPlace - full step 35.130 ms
[INFO   ] DREAMPlace - optimizer step 22.506 ms
[INFO   ] DREAMPlace - iteration  139, ( 139,  0,  0), Obj 2.421966E+07, DensityWeight 1.805137E-09, wHPWL 6.776510E+07, Overflow 8.023588E-01, MaxDensity 2.922E+02, gamma 6.054603E+02, time 5.183ms
[INFO   ] DREAMPlace - full step 35.212 ms
[INFO   ] DREAMPlace - optimizer step 26.610 ms
[INFO   ] DREAMPlace - iteration  140, ( 140,  0,  0), Obj 2.409242E+07, DensityWeight 1.869042E-09, wHPWL 6.767754E+07, Overflow 8.028035E-01, MaxDensity 3.233E+02, gamma 6.073409E+02, time 9.902ms
[INFO   ] DREAMPlace - full step 43.750 ms
[INFO   ] DREAMPlace - optimizer step 22.414 ms
[INFO   ] DREAMPlace - iteration  141, ( 141,  0,  0), Obj 2.395370E+07, DensityWeight 1.935015E-09, wHPWL 6.754872E+07, Overflow 8.032721E-01, MaxDensity 3.172E+02, gamma 6.087242E+02, time 2.355ms
[INFO   ] DREAMPlace - full step 30.304 ms
[INFO   ] DREAMPlace - optimizer step 20.684 ms
[INFO   ] DREAMPlace - iteration  142, ( 142,  0,  0), Obj 2.384001E+07, DensityWeight 2.003117E-09, wHPWL 6.746290E+07, Overflow 8.036249E-01, MaxDensity 3.253E+02, gamma 6.101858E+02, time 5.164ms
[INFO   ] DREAMPlace - full step 33.489 ms
[INFO   ] DREAMPlace - optimizer step 20.579 ms
[INFO   ] DREAMPlace - iteration  143, ( 143,  0,  0), Obj 2.371587E+07, DensityWeight 2.073409E-09, wHPWL 6.734370E+07, Overflow 8.040718E-01, MaxDensity 3.361E+02, gamma 6.112880E+02, time 7.750ms
[INFO   ] DREAMPlace - full step 33.405 ms
[INFO   ] DREAMPlace - optimizer step 20.645 ms
[INFO   ] DREAMPlace - iteration  144, ( 144,  0,  0), Obj 2.361178E+07, DensityWeight 2.145953E-09, wHPWL 6.726163E+07, Overflow 8.043330E-01, MaxDensity 3.102E+02, gamma 6.126877E+02, time 5.310ms
[INFO   ] DREAMPlace - full step 30.986 ms
[INFO   ] DREAMPlace - optimizer step 18.831 ms
[INFO   ] DREAMPlace - iteration  145, ( 145,  0,  0), Obj 2.348968E+07, DensityWeight 2.220812E-09, wHPWL 6.713806E+07, Overflow 8.046907E-01, MaxDensity 3.151E+02, gamma 6.135069E+02, time 2.967ms
[INFO   ] DREAMPlace - full step 27.322 ms
[INFO   ] DREAMPlace - optimizer step 19.094 ms
[INFO   ] DREAMPlace - iteration  146, ( 146,  0,  0), Obj 2.339219E+07, DensityWeight 2.298054E-09, wHPWL 6.705097E+07, Overflow 8.050203E-01, MaxDensity 3.269E+02, gamma 6.146311E+02, time 26.067ms
[INFO   ] DREAMPlace - full step 52.389 ms
[INFO   ] DREAMPlace - optimizer step 22.614 ms
[INFO   ] DREAMPlace - iteration  147, ( 147,  0,  0), Obj 2.327941E+07, DensityWeight 2.377744E-09, wHPWL 6.692992E+07, Overflow 8.054368E-01, MaxDensity 3.117E+02, gamma 6.156684E+02, time 5.231ms
[INFO   ] DREAMPlace - full step 30.717 ms
[INFO   ] DREAMPlace - optimizer step 22.508 ms
[INFO   ] DREAMPlace - iteration  148, ( 148,  0,  0), Obj 2.318136E+07, DensityWeight 2.459951E-09, wHPWL 6.684659E+07, Overflow 8.057824E-01, MaxDensity 3.423E+02, gamma 6.169819E+02, time 5.173ms
[INFO   ] DREAMPlace - full step 30.874 ms
[INFO   ] DREAMPlace - optimizer step 22.551 ms
[INFO   ] DREAMPlace - iteration  149, ( 149,  0,  0), Obj 2.306609E+07, DensityWeight 2.544746E-09, wHPWL 6.672307E+07, Overflow 8.063019E-01, MaxDensity 3.466E+02, gamma 6.180742E+02, time 5.175ms
[INFO   ] DREAMPlace - full step 30.922 ms
[INFO   ] DREAMPlace - optimizer step 22.525 ms
[INFO   ] DREAMPlace - iteration  150, ( 150,  0,  0), Obj 2.296789E+07, DensityWeight 2.632201E-09, wHPWL 6.663614E+07, Overflow 8.066353E-01, MaxDensity 3.069E+02, gamma 6.197191E+02, time 5.169ms
[INFO   ] DREAMPlace - full step 31.306 ms
[INFO   ] DREAMPlace - optimizer step 22.585 ms
[INFO   ] DREAMPlace - iteration  151, ( 151,  0,  0), Obj 2.284890E+07, DensityWeight 2.722389E-09, wHPWL 6.651474E+07, Overflow 8.071476E-01, MaxDensity 3.348E+02, gamma 6.207774E+02, time 3.135ms
[INFO   ] DREAMPlace - full step 32.940 ms
[INFO   ] DREAMPlace - optimizer step 20.586 ms
[INFO   ] DREAMPlace - iteration  152, ( 152,  0,  0), Obj 2.275450E+07, DensityWeight 2.815385E-09, wHPWL 6.643070E+07, Overflow 8.076708E-01, MaxDensity 3.286E+02, gamma 6.224066E+02, time 5.210ms
[INFO   ] DREAMPlace - full step 33.057 ms
[INFO   ] DREAMPlace - optimizer step 22.459 ms
[INFO   ] DREAMPlace - iteration  153, ( 153,  0,  0), Obj 2.263925E+07, DensityWeight 2.911267E-09, wHPWL 6.631314E+07, Overflow 8.081492E-01, MaxDensity 3.103E+02, gamma 6.240751E+02, time 5.214ms
[INFO   ] DREAMPlace - full step 35.155 ms
[INFO   ] DREAMPlace - optimizer step 22.263 ms
[INFO   ] DREAMPlace - iteration  154, ( 154,  0,  0), Obj 2.253498E+07, DensityWeight 3.010114E-09, wHPWL 6.623018E+07, Overflow 8.085735E-01, MaxDensity 3.443E+02, gamma 6.256049E+02, time 5.414ms
[INFO   ] DREAMPlace - full step 35.162 ms
[INFO   ] DREAMPlace - optimizer step 20.470 ms
[INFO   ] DREAMPlace - iteration  155, ( 155,  0,  0), Obj 2.242298E+07, DensityWeight 3.112005E-09, wHPWL 6.611038E+07, Overflow 8.091722E-01, MaxDensity 3.480E+02, gamma 6.269643E+02, time 5.244ms
[INFO   ] DREAMPlace - full step 33.198 ms
[INFO   ] DREAMPlace - optimizer step 22.942 ms
[INFO   ] DREAMPlace - iteration  156, ( 156,  0,  0), Obj 2.232858E+07, DensityWeight 3.217024E-09, wHPWL 6.603090E+07, Overflow 8.095146E-01, MaxDensity 3.137E+02, gamma 6.288880E+02, time 5.212ms
[INFO   ] DREAMPlace - full step 35.661 ms
[INFO   ] DREAMPlace - optimizer step 22.881 ms
[INFO   ] DREAMPlace - iteration  157, ( 157,  0,  0), Obj 2.221370E+07, DensityWeight 3.325253E-09, wHPWL 6.591872E+07, Overflow 8.098822E-01, MaxDensity 3.218E+02, gamma 6.299910E+02, time 5.244ms
[INFO   ] DREAMPlace - full step 35.545 ms
[INFO   ] DREAMPlace - optimizer step 25.052 ms
[INFO   ] DREAMPlace - iteration  158, ( 158,  0,  0), Obj 2.212622E+07, DensityWeight 3.436781E-09, wHPWL 6.583818E+07, Overflow 8.103256E-01, MaxDensity 3.336E+02, gamma 6.311772E+02, time 5.254ms
[INFO   ] DREAMPlace - full step 37.703 ms
[INFO   ] DREAMPlace - optimizer step 22.897 ms
[INFO   ] DREAMPlace - iteration  159, ( 159,  0,  0), Obj 2.202874E+07, DensityWeight 3.551694E-09, wHPWL 6.572579E+07, Overflow 8.111082E-01, MaxDensity 3.315E+02, gamma 6.326107E+02, time 5.234ms
[INFO   ] DREAMPlace - full step 35.587 ms
[INFO   ] DREAMPlace - optimizer step 22.439 ms
[INFO   ] DREAMPlace - iteration  160, ( 160,  0,  0), Obj 2.193927E+07, DensityWeight 3.670082E-09, wHPWL 6.564941E+07, Overflow 8.116602E-01, MaxDensity 3.155E+02, gamma 6.351490E+02, time 5.119ms
[INFO   ] DREAMPlace - full step 35.021 ms
[INFO   ] DREAMPlace - optimizer step 22.941 ms
[INFO   ] DREAMPlace - iteration  161, ( 161,  0,  0), Obj 2.181699E+07, DensityWeight 3.792036E-09, wHPWL 6.553467E+07, Overflow 8.123745E-01, MaxDensity 3.387E+02, gamma 6.369454E+02, time 5.242ms
[INFO   ] DREAMPlace - full step 35.621 ms
[INFO   ] DREAMPlace - optimizer step 22.931 ms
[INFO   ] DREAMPlace - iteration  162, ( 162,  0,  0), Obj 2.171978E+07, DensityWeight 3.917652E-09, wHPWL 6.545065E+07, Overflow 8.128384E-01, MaxDensity 3.325E+02, gamma 6.392776E+02, time 5.238ms
[INFO   ] DREAMPlace - full step 35.488 ms
[INFO   ] DREAMPlace - optimizer step 22.953 ms
[INFO   ] DREAMPlace - iteration  163, ( 163,  0,  0), Obj 2.160644E+07, DensityWeight 4.047024E-09, wHPWL 6.534375E+07, Overflow 8.134769E-01, MaxDensity 3.107E+02, gamma 6.407971E+02, time 5.226ms
[INFO   ] DREAMPlace - full step 35.609 ms
[INFO   ] DREAMPlace - optimizer step 22.913 ms
[INFO   ] DREAMPlace - iteration  164, ( 164,  0,  0), Obj 2.152213E+07, DensityWeight 4.180251E-09, wHPWL 6.527607E+07, Overflow 8.138974E-01, MaxDensity 2.989E+02, gamma 6.428940E+02, time 5.243ms
[INFO   ] DREAMPlace - full step 35.582 ms
[INFO   ] DREAMPlace - optimizer step 22.946 ms
[INFO   ] DREAMPlace - iteration  165, ( 165,  0,  0), Obj 2.141790E+07, DensityWeight 4.317432E-09, wHPWL 6.517606E+07, Overflow 8.144228E-01, MaxDensity 3.304E+02, gamma 6.442787E+02, time 5.067ms
[INFO   ] DREAMPlace - full step 35.561 ms
[INFO   ] DREAMPlace - optimizer step 21.343 ms
[INFO   ] DREAMPlace - iteration  166, ( 166,  0,  0), Obj 2.133702E+07, DensityWeight 4.458668E-09, wHPWL 6.510394E+07, Overflow 8.149794E-01, MaxDensity 3.384E+02, gamma 6.460130E+02, time 5.260ms
[INFO   ] DREAMPlace - full step 34.064 ms
[INFO   ] DREAMPlace - optimizer step 21.133 ms
[INFO   ] DREAMPlace - iteration  167, ( 167,  0,  0), Obj 2.124144E+07, DensityWeight 4.604064E-09, wHPWL 6.500078E+07, Overflow 8.155257E-01, MaxDensity 3.284E+02, gamma 6.478557E+02, time 5.126ms
[INFO   ] DREAMPlace - full step 34.018 ms
[INFO   ] DREAMPlace - optimizer step 21.151 ms
[INFO   ] DREAMPlace - iteration  168, ( 168,  0,  0), Obj 2.115607E+07, DensityWeight 4.753726E-09, wHPWL 6.493295E+07, Overflow 8.158113E-01, MaxDensity 3.038E+02, gamma 6.496691E+02, time 5.230ms
[INFO   ] DREAMPlace - full step 33.988 ms
[INFO   ] DREAMPlace - optimizer step 25.789 ms
[INFO   ] DREAMPlace - iteration  169, ( 169,  0,  0), Obj 2.106248E+07, DensityWeight 4.907762E-09, wHPWL 6.483235E+07, Overflow 8.162462E-01, MaxDensity 2.998E+02, gamma 6.506192E+02, time 13.458ms
[INFO   ] DREAMPlace - full step 44.959 ms
[INFO   ] DREAMPlace - optimizer step 22.437 ms
[INFO   ] DREAMPlace - iteration  170, ( 170,  0,  0), Obj 2.099693E+07, DensityWeight 5.066283E-09, wHPWL 6.476529E+07, Overflow 8.166838E-01, MaxDensity 3.094E+02, gamma 6.520688E+02, time 3.178ms
[INFO   ] DREAMPlace - full step 32.904 ms
[INFO   ] DREAMPlace - optimizer step 4.797 ms
[INFO   ] DREAMPlace - iteration  171, ( 171,  0,  0), Obj 2.091512E+07, DensityWeight 5.229400E-09, wHPWL 6.467036E+07, Overflow 8.172131E-01, MaxDensity 3.247E+02, gamma 6.535306E+02, time 66.002ms
[INFO   ] DREAMPlace - full step 73.604 ms
[INFO   ] DREAMPlace - optimizer step 7.639 ms
[INFO   ] DREAMPlace - iteration  172, ( 172,  0,  0), Obj 2.084269E+07, DensityWeight 5.397230E-09, wHPWL 6.460259E+07, Overflow 8.176226E-01, MaxDensity 3.234E+02, gamma 6.553029E+02, time 17.324ms
[INFO   ] DREAMPlace - full step 25.819 ms
[INFO   ] DREAMPlace - optimizer step 4.210 ms
[INFO   ] DREAMPlace - iteration  173, ( 173,  0,  0), Obj 2.075501E+07, DensityWeight 5.569889E-09, wHPWL 6.449995E+07, Overflow 8.181173E-01, MaxDensity 3.122E+02, gamma 6.566773E+02, time 0.921ms
[INFO   ] DREAMPlace - full step 6.049 ms
[INFO   ] DREAMPlace - optimizer step 17.685 ms
[INFO   ] DREAMPlace - iteration  174, ( 174,  0,  0), Obj 2.068603E+07, DensityWeight 5.747497E-09, wHPWL 6.443020E+07, Overflow 8.185233E-01, MaxDensity 3.208E+02, gamma 6.583416E+02, time 1.173ms
[INFO   ] DREAMPlace - full step 24.012 ms
[INFO   ] DREAMPlace - optimizer step 18.670 ms
[INFO   ] DREAMPlace - iteration  175, ( 175,  0,  0), Obj 2.060563E+07, DensityWeight 5.930175E-09, wHPWL 6.433618E+07, Overflow 8.189739E-01, MaxDensity 3.274E+02, gamma 6.597108E+02, time 5.248ms
[INFO   ] DREAMPlace - full step 27.309 ms
[INFO   ] DREAMPlace - optimizer step 20.900 ms
[INFO   ] DREAMPlace - iteration  176, ( 176,  0,  0), Obj 2.054097E+07, DensityWeight 6.118048E-09, wHPWL 6.427188E+07, Overflow 8.194396E-01, MaxDensity 3.235E+02, gamma 6.612337E+02, time 5.208ms
[INFO   ] DREAMPlace - full step 29.682 ms
[INFO   ] DREAMPlace - optimizer step 18.807 ms
[INFO   ] DREAMPlace - iteration  177, ( 177,  0,  0), Obj 2.046505E+07, DensityWeight 6.311241E-09, wHPWL 6.417566E+07, Overflow 8.199474E-01, MaxDensity 3.131E+02, gamma 6.628112E+02, time 5.383ms
[INFO   ] DREAMPlace - full step 31.465 ms
[INFO   ] DREAMPlace - optimizer step 21.397 ms
[INFO   ] DREAMPlace - iteration  178, ( 178,  0,  0), Obj 2.039804E+07, DensityWeight 6.509884E-09, wHPWL 6.410699E+07, Overflow 8.204590E-01, MaxDensity 2.974E+02, gamma 6.645356E+02, time 5.221ms
[INFO   ] DREAMPlace - full step 33.883 ms
[INFO   ] DREAMPlace - optimizer step 19.008 ms
[INFO   ] DREAMPlace - iteration  179, ( 179,  0,  0), Obj 2.032099E+07, DensityWeight 6.714107E-09, wHPWL 6.400995E+07, Overflow 8.209206E-01, MaxDensity 3.000E+02, gamma 6.662775E+02, time 3.502ms
[INFO   ] DREAMPlace - full step 29.760 ms
[I] plotting to obsfield_results/bigblue1/plot/iter0180.png takes 7.018 seconds
[INFO   ] DREAMPlace - plotting to obsfield_results/bigblue1/plot/iter0180.png takes 7.059 seconds
[INFO   ] DREAMPlace - optimizer step 48.338 ms
[INFO   ] DREAMPlace - iteration  180, ( 180,  0,  0), Obj 2.025414E+07, DensityWeight 6.924045E-09, wHPWL 6.394283E+07, Overflow 8.212429E-01, MaxDensity 3.080E+02, gamma 6.678530E+02, time 3.263ms
[INFO   ] DREAMPlace - full step 7121.516 ms
[INFO   ] DREAMPlace - optimizer step 22.435 ms
[INFO   ] DREAMPlace - iteration  181, ( 181,  0,  0), Obj 2.018314E+07, DensityWeight 7.139833E-09, wHPWL 6.384906E+07, Overflow 8.218316E-01, MaxDensity 3.085E+02, gamma 6.689554E+02, time 9.651ms
[INFO   ] DREAMPlace - full step 39.416 ms
[INFO   ] DREAMPlace - optimizer step 27.493 ms
[INFO   ] DREAMPlace - iteration  182, ( 182,  0,  0), Obj 2.013052E+07, DensityWeight 7.361610E-09, wHPWL 6.378334E+07, Overflow 8.222938E-01, MaxDensity 3.053E+02, gamma 6.709736E+02, time 5.200ms
[INFO   ] DREAMPlace - full step 39.886 ms
[INFO   ] DREAMPlace - optimizer step 148.244 ms
[INFO   ] DREAMPlace - iteration  183, ( 183,  0,  0), Obj 2.005488E+07, DensityWeight 7.589516E-09, wHPWL 6.369138E+07, Overflow 8.227479E-01, MaxDensity 2.989E+02, gamma 6.725623E+02, time 9.859ms
[INFO   ] DREAMPlace - full step 165.372 ms
[INFO   ] DREAMPlace - optimizer step 70.355 ms
[INFO   ] DREAMPlace - iteration  184, ( 184,  0,  0), Obj 1.999444E+07, DensityWeight 7.823695E-09, wHPWL 6.362044E+07, Overflow 8.232252E-01, MaxDensity 2.955E+02, gamma 6.741268E+02, time 5.196ms
[INFO   ] DREAMPlace - full step 82.826 ms
[INFO   ] DREAMPlace - optimizer step 62.519 ms
[INFO   ] DREAMPlace - iteration  185, ( 185,  0,  0), Obj 1.992823E+07, DensityWeight 8.064295E-09, wHPWL 6.352578E+07, Overflow 8.236787E-01, MaxDensity 3.125E+02, gamma 6.757751E+02, time 5.238ms
[INFO   ] DREAMPlace - full step 75.326 ms
[INFO   ] DREAMPlace - optimizer step 25.070 ms
[INFO   ] DREAMPlace - iteration  186, ( 186,  0,  0), Obj 1.987096E+07, DensityWeight 8.311462E-09, wHPWL 6.346051E+07, Overflow 8.241987E-01, MaxDensity 3.227E+02, gamma 6.773450E+02, time 5.209ms
[INFO   ] DREAMPlace - full step 31.581 ms
[INFO   ] DREAMPlace - optimizer step 47.706 ms
[INFO   ] DREAMPlace - iteration  187, ( 187,  0,  0), Obj 1.980815E+07, DensityWeight 8.565348E-09, wHPWL 6.336990E+07, Overflow 8.247729E-01, MaxDensity 3.232E+02, gamma 6.791497E+02, time 5.199ms
[INFO   ] DREAMPlace - full step 58.192 ms
[INFO   ] DREAMPlace - optimizer step 19.008 ms
[INFO   ] DREAMPlace - iteration  188, ( 188,  0,  0), Obj 1.974960E+07, DensityWeight 8.826106E-09, wHPWL 6.330184E+07, Overflow 8.252770E-01, MaxDensity 3.165E+02, gamma 6.811483E+02, time 5.299ms
[INFO   ] DREAMPlace - full step 29.574 ms
[INFO   ] DREAMPlace - optimizer step 23.017 ms
[INFO   ] DREAMPlace - iteration  189, ( 189,  0,  0), Obj 1.968092E+07, DensityWeight 9.093894E-09, wHPWL 6.320916E+07, Overflow 8.258070E-01, MaxDensity 2.989E+02, gamma 6.829075E+02, time 5.251ms
[INFO   ] DREAMPlace - full step 35.581 ms
[INFO   ] DREAMPlace - optimizer step 20.728 ms
[INFO   ] DREAMPlace - iteration  190, ( 190,  0,  0), Obj 1.962519E+07, DensityWeight 9.368868E-09, wHPWL 6.314196E+07, Overflow 8.264295E-01, MaxDensity 2.978E+02, gamma 6.847617E+02, time 5.205ms
[INFO   ] DREAMPlace - full step 53.128 ms
[INFO   ] DREAMPlace - optimizer step 23.075 ms
[INFO   ] DREAMPlace - iteration  191, ( 191,  0,  0), Obj 1.956277E+07, DensityWeight 9.651193E-09, wHPWL 6.305568E+07, Overflow 8.270969E-01, MaxDensity 2.955E+02, gamma 6.869467E+02, time 5.252ms
[INFO   ] DREAMPlace - full step 35.519 ms
[INFO   ] DREAMPlace - optimizer step 58.279 ms
[INFO   ] DREAMPlace - iteration  192, ( 192,  0,  0), Obj 1.950302E+07, DensityWeight 9.941031E-09, wHPWL 6.299294E+07, Overflow 8.275990E-01, MaxDensity 2.896E+02, gamma 6.892964E+02, time 5.241ms
[INFO   ] DREAMPlace - full step 68.950 ms
[INFO   ] DREAMPlace - optimizer step 18.870 ms
[INFO   ] DREAMPlace - iteration  193, ( 193,  0,  0), Obj 1.943379E+07, DensityWeight 1.023855E-08, wHPWL 6.290561E+07, Overflow 8.282165E-01, MaxDensity 3.052E+02, gamma 6.910696E+02, time 5.180ms
[INFO   ] DREAMPlace - full step 31.261 ms
[INFO   ] DREAMPlace - optimizer step 18.906 ms
[INFO   ] DREAMPlace - iteration  194, ( 194,  0,  0), Obj 1.938213E+07, DensityWeight 1.054392E-08, wHPWL 6.284149E+07, Overflow 8.288050E-01, MaxDensity 3.087E+02, gamma 6.932567E+02, time 5.446ms
[INFO   ] DREAMPlace - full step 29.550 ms
[INFO   ] DREAMPlace - optimizer step 57.193 ms
[INFO   ] DREAMPlace - iteration  195, ( 195,  0,  0), Obj 1.931967E+07, DensityWeight 1.085731E-08, wHPWL 6.276129E+07, Overflow 8.294327E-01, MaxDensity 2.929E+02, gamma 6.953473E+02, time 3.608ms
[INFO   ] DREAMPlace - full step 68.015 ms
[INFO   ] DREAMPlace - optimizer step 22.640 ms
[INFO   ] DREAMPlace - iteration  196, ( 196,  0,  0), Obj 1.926617E+07, DensityWeight 1.117889E-08, wHPWL 6.270216E+07, Overflow 8.299997E-01, MaxDensity 2.972E+02, gamma 6.975842E+02, time 5.252ms
[INFO   ] DREAMPlace - full step 35.009 ms
[INFO   ] DREAMPlace - optimizer step 42.283 ms
[INFO   ] DREAMPlace - iteration  197, ( 197,  0,  0), Obj 1.920444E+07, DensityWeight 1.150886E-08, wHPWL 6.262062E+07, Overflow 8.306838E-01, MaxDensity 2.809E+02, gamma 6.996113E+02, time 17.544ms
[INFO   ] DREAMPlace - full step 67.161 ms
[INFO   ] DREAMPlace - optimizer step 51.611 ms
[INFO   ] DREAMPlace - iteration  198, ( 198,  0,  0), Obj 1.915342E+07, DensityWeight 1.184737E-08, wHPWL 6.255989E+07, Overflow 8.313605E-01, MaxDensity 3.111E+02, gamma 7.020644E+02, time 5.171ms
[INFO   ] DREAMPlace - full step 63.894 ms
[INFO   ] DREAMPlace - optimizer step 30.852 ms
[INFO   ] DREAMPlace - iteration  199, ( 199,  0,  0), Obj 1.909134E+07, DensityWeight 1.219462E-08, wHPWL 6.248244E+07, Overflow 8.320392E-01, MaxDensity 3.163E+02, gamma 7.044998E+02, time 18.381ms
[INFO   ] DREAMPlace - full step 56.370 ms
[INFO   ] DREAMPlace - optimizer step 28.550 ms
[INFO   ] DREAMPlace - iteration  200, ( 200,  0,  0), Obj 1.903649E+07, DensityWeight 1.255080E-08, wHPWL 6.242510E+07, Overflow 8.326036E-01, MaxDensity 2.887E+02, gamma 7.069505E+02, time 26.173ms
[INFO   ] DREAMPlace - full step 61.826 ms
[INFO   ] DREAMPlace - optimizer step 54.989 ms
[INFO   ] DREAMPlace - iteration  201, ( 201,  0,  0), Obj 1.897666E+07, DensityWeight 1.291609E-08, wHPWL 6.234958E+07, Overflow 8.332145E-01, MaxDensity 2.730E+02, gamma 7.089950E+02, time 11.038ms
[INFO   ] DREAMPlace - full step 73.215 ms
[INFO   ] DREAMPlace - optimizer step 24.395 ms
[INFO   ] DREAMPlace - iteration  202, ( 202,  0,  0), Obj 1.893019E+07, DensityWeight 1.329067E-08, wHPWL 6.229405E+07, Overflow 8.338787E-01, MaxDensity 2.976E+02, gamma 7.112148E+02, time 5.160ms
[INFO   ] DREAMPlace - full step 36.562 ms
[INFO   ] DREAMPlace - optimizer step 18.572 ms
[INFO   ] DREAMPlace - iteration  203, ( 203,  0,  0), Obj 1.887709E+07, DensityWeight 1.367610E-08, wHPWL 6.222303E+07, Overflow 8.344550E-01, MaxDensity 3.062E+02, gamma 7.136359E+02, time 5.120ms
[INFO   ] DREAMPlace - full step 26.444 ms
[INFO   ] DREAMPlace - optimizer step 4.367 ms
[INFO   ] DREAMPlace - iteration  204, ( 204,  0,  0), Obj 1.882688E+07, DensityWeight 1.407271E-08, wHPWL 6.216873E+07, Overflow 8.350628E-01, MaxDensity 2.797E+02, gamma 7.157437E+02, time 0.885ms
[INFO   ] DREAMPlace - full step 5.774 ms
[INFO   ] DREAMPlace - optimizer step 8.794 ms
[INFO   ] DREAMPlace - iteration  205, ( 205,  0,  0), Obj 1.877685E+07, DensityWeight 1.448082E-08, wHPWL 6.209607E+07, Overflow 8.356876E-01, MaxDensity 3.096E+02, gamma 7.179730E+02, time 0.821ms
[INFO   ] DREAMPlace - full step 10.203 ms
[INFO   ] DREAMPlace - optimizer step 51.025 ms
[INFO   ] DREAMPlace - iteration  206, ( 206,  0,  0), Obj 1.873142E+07, DensityWeight 1.490076E-08, wHPWL 6.204204E+07, Overflow 8.363494E-01, MaxDensity 2.887E+02, gamma 7.202719E+02, time 0.941ms
[INFO   ] DREAMPlace - full step 52.829 ms
[INFO   ] DREAMPlace - optimizer step 9.858 ms
[INFO   ] DREAMPlace - iteration  207, ( 207,  0,  0), Obj 1.868124E+07, DensityWeight 1.533289E-08, wHPWL 6.197346E+07, Overflow 8.370243E-01, MaxDensity 2.790E+02, gamma 7.227153E+02, time 12.790ms
[INFO   ] DREAMPlace - full step 23.530 ms
[INFO   ] DREAMPlace - optimizer step 36.824 ms
[INFO   ] DREAMPlace - iteration  208, ( 208,  0,  0), Obj 1.863428E+07, DensityWeight 1.577754E-08, wHPWL 6.192066E+07, Overflow 8.376995E-01, MaxDensity 2.760E+02, gamma 7.252153E+02, time 30.540ms
[INFO   ] DREAMPlace - full step 68.086 ms
[INFO   ] DREAMPlace - optimizer step 2.638 ms
[INFO   ] DREAMPlace - iteration  209, ( 209,  0,  0), Obj 1.858261E+07, DensityWeight 1.623509E-08, wHPWL 6.185253E+07, Overflow 8.384237E-01, MaxDensity 2.561E+02, gamma 7.277251E+02, time 0.825ms
[INFO   ] DREAMPlace - full step 4.063 ms
[INFO   ] DREAMPlace - optimizer step 2.651 ms
[INFO   ] DREAMPlace - iteration  210, ( 210,  0,  0), Obj 1.853622E+07, DensityWeight 1.670591E-08, wHPWL 6.180103E+07, Overflow 8.392907E-01, MaxDensity 2.974E+02, gamma 7.304266E+02, time 0.811ms
[INFO   ] DREAMPlace - full step 3.961 ms
[INFO   ] DREAMPlace - optimizer step 2.655 ms
[INFO   ] DREAMPlace - iteration  211, ( 211,  0,  0), Obj 1.848383E+07, DensityWeight 1.719038E-08, wHPWL 6.173756E+07, Overflow 8.400481E-01, MaxDensity 2.702E+02, gamma 7.336746E+02, time 0.790ms
[INFO   ] DREAMPlace - full step 3.920 ms
[INFO   ] DREAMPlace - optimizer step 2.783 ms
[INFO   ] DREAMPlace - iteration  212, ( 212,  0,  0), Obj 1.842816E+07, DensityWeight 1.768890E-08, wHPWL 6.168964E+07, Overflow 8.408559E-01, MaxDensity 2.929E+02, gamma 7.365231E+02, time 0.788ms
[INFO   ] DREAMPlace - full step 4.083 ms
[INFO   ] DREAMPlace - optimizer step 2.607 ms
[INFO   ] DREAMPlace - iteration  213, ( 213,  0,  0), Obj 1.837492E+07, DensityWeight 1.820188E-08, wHPWL 6.162922E+07, Overflow 8.416336E-01, MaxDensity 2.569E+02, gamma 7.395740E+02, time 0.788ms
[INFO   ] DREAMPlace - full step 3.886 ms
[INFO   ] DREAMPlace - optimizer step 2.596 ms
[INFO   ] DREAMPlace - iteration  214, ( 214,  0,  0), Obj 1.832387E+07, DensityWeight 1.872974E-08, wHPWL 6.158644E+07, Overflow 8.424633E-01, MaxDensity 2.739E+02, gamma 7.425227E+02, time 0.760ms
[INFO   ] DREAMPlace - full step 3.829 ms
[INFO   ] DREAMPlace - optimizer step 2.719 ms
[INFO   ] DREAMPlace - iteration  215, ( 215,  0,  0), Obj 1.827166E+07, DensityWeight 1.927290E-08, wHPWL 6.153449E+07, Overflow 8.432264E-01, MaxDensity 2.394E+02, gamma 7.456819E+02, time 0.792ms
[INFO   ] DREAMPlace - full step 4.029 ms
[INFO   ] DREAMPlace - optimizer step 2.626 ms
[INFO   ] DREAMPlace - iteration  216, ( 216,  0,  0), Obj 1.822057E+07, DensityWeight 1.983181E-08, wHPWL 6.149694E+07, Overflow 8.440952E-01, MaxDensity 2.568E+02, gamma 7.485994E+02, time 0.784ms
[INFO   ] DREAMPlace - full step 3.935 ms
[INFO   ] DREAMPlace - optimizer step 2.379 ms
[INFO   ] DREAMPlace - iteration  217, ( 217,  0,  0), Obj 1.817009E+07, DensityWeight 2.040694E-08, wHPWL 6.144898E+07, Overflow 8.447576E-01, MaxDensity 2.572E+02, gamma 7.519349E+02, time 0.748ms
[INFO   ] DREAMPlace - full step 3.642 ms
[INFO   ] DREAMPlace - optimizer step 2.938 ms
[INFO   ] DREAMPlace - iteration  218, ( 218,  0,  0), Obj 1.811780E+07, DensityWeight 2.099874E-08, wHPWL 6.141575E+07, Overflow 8.456265E-01, MaxDensity 2.503E+02, gamma 7.544875E+02, time 0.846ms
[INFO   ] DREAMPlace - full step 4.294 ms
[INFO   ] DREAMPlace - optimizer step 2.545 ms
[INFO   ] DREAMPlace - iteration  219, ( 219,  0,  0), Obj 1.807434E+07, DensityWeight 2.160770E-08, wHPWL 6.137437E+07, Overflow 8.464164E-01, MaxDensity 2.639E+02, gamma 7.578494E+02, time 0.761ms
[INFO   ] DREAMPlace - full step 3.792 ms
[INFO   ] DREAMPlace - optimizer step 2.473 ms
[INFO   ] DREAMPlace - iteration  220, ( 220,  0,  0), Obj 1.802352E+07, DensityWeight 2.223433E-08, wHPWL 6.134751E+07, Overflow 8.472950E-01, MaxDensity 2.452E+02, gamma 7.609188E+02, time 0.749ms
[INFO   ] DREAMPlace - full step 3.699 ms
[INFO   ] DREAMPlace - optimizer step 2.537 ms
[INFO   ] DREAMPlace - iteration  221, ( 221,  0,  0), Obj 1.797420E+07, DensityWeight 2.287912E-08, wHPWL 6.131108E+07, Overflow 8.481274E-01, MaxDensity 2.323E+02, gamma 7.643472E+02, time 0.764ms
[INFO   ] DREAMPlace - full step 3.769 ms
[INFO   ] DREAMPlace - optimizer step 2.415 ms
[INFO   ] DREAMPlace - iteration  222, ( 222,  0,  0), Obj 1.792323E+07, DensityWeight 2.354262E-08, wHPWL 6.128691E+07, Overflow 8.489701E-01, MaxDensity 2.342E+02, gamma 7.676097E+02, time 0.774ms
[INFO   ] DREAMPlace - full step 3.708 ms
[INFO   ] DREAMPlace - optimizer step 2.750 ms
[INFO   ] DREAMPlace - iteration  223, ( 223,  0,  0), Obj 1.787289E+07, DensityWeight 2.422536E-08, wHPWL 6.125684E+07, Overflow 8.498806E-01, MaxDensity 2.237E+02, gamma 7.709266E+02, time 0.798ms
[INFO   ] DREAMPlace - full step 4.088 ms
[INFO   ] DREAMPlace - optimizer step 2.573 ms
[INFO   ] DREAMPlace - iteration  224, ( 224,  0,  0), Obj 1.782527E+07, DensityWeight 2.492789E-08, wHPWL 6.124003E+07, Overflow 8.506780E-01, MaxDensity 2.241E+02, gamma 7.745269E+02, time 0.783ms
[INFO   ] DREAMPlace - full step 3.843 ms
[I] plotting to obsfield_results/bigblue1/plot/iter0225.png takes 10.525 seconds
[INFO   ] DREAMPlace - plotting to obsfield_results/bigblue1/plot/iter0225.png takes 10.757 seconds
[INFO   ] DREAMPlace - optimizer step 54.146 ms
[INFO   ] DREAMPlace - iteration  225, ( 225,  0,  0), Obj 1.777211E+07, DensityWeight 2.565080E-08, wHPWL 6.121739E+07, Overflow 8.515186E-01, MaxDensity 2.159E+02, gamma 7.776936E+02, time 1.597ms
[INFO   ] DREAMPlace - full step 10844.485 ms
[INFO   ] DREAMPlace - optimizer step 6.851 ms
[INFO   ] DREAMPlace - iteration  226, ( 226,  0,  0), Obj 1.772758E+07, DensityWeight 2.639468E-08, wHPWL 6.120485E+07, Overflow 8.523734E-01, MaxDensity 2.259E+02, gamma 7.810460E+02, time 0.956ms
[INFO   ] DREAMPlace - full step 8.757 ms
[INFO   ] DREAMPlace - optimizer step 2.835 ms
[INFO   ] DREAMPlace - iteration  227, ( 227,  0,  0), Obj 1.767926E+07, DensityWeight 2.716012E-08, wHPWL 6.118792E+07, Overflow 8.531774E-01, MaxDensity 2.307E+02, gamma 7.844691E+02, time 0.872ms
[INFO   ] DREAMPlace - full step 4.316 ms
[INFO   ] DREAMPlace - optimizer step 2.627 ms
[INFO   ] DREAMPlace - iteration  228, ( 228,  0,  0), Obj 1.763273E+07, DensityWeight 2.794777E-08, wHPWL 6.118143E+07, Overflow 8.538512E-01, MaxDensity 2.263E+02, gamma 7.877036E+02, time 0.804ms
[INFO   ] DREAMPlace - full step 3.955 ms
[INFO   ] DREAMPlace - optimizer step 2.787 ms
[INFO   ] DREAMPlace - iteration  229, ( 229,  0,  0), Obj 1.758741E+07, DensityWeight 2.875826E-08, wHPWL 6.117055E+07, Overflow 8.545745E-01, MaxDensity 2.161E+02, gamma 7.904239E+02, time 0.798ms
[INFO   ] DREAMPlace - full step 4.086 ms
[INFO   ] DREAMPlace - optimizer step 2.616 ms
[INFO   ] DREAMPlace - iteration  230, ( 230,  0,  0), Obj 1.755150E+07, DensityWeight 2.959225E-08, wHPWL 6.116907E+07, Overflow 8.552547E-01, MaxDensity 2.049E+02, gamma 7.933547E+02, time 0.872ms
[INFO   ] DREAMPlace - full step 4.005 ms
[INFO   ] DREAMPlace - optimizer step 2.691 ms
[INFO   ] DREAMPlace - iteration  231, ( 231,  0,  0), Obj 1.751179E+07, DensityWeight 3.045042E-08, wHPWL 6.116408E+07, Overflow 8.559734E-01, MaxDensity 2.092E+02, gamma 7.961205E+02, time 0.789ms
[INFO   ] DREAMPlace - full step 3.970 ms
[INFO   ] DREAMPlace - optimizer step 2.710 ms
[INFO   ] DREAMPlace - iteration  232, ( 232,  0,  0), Obj 1.747625E+07, DensityWeight 3.133349E-08, wHPWL 6.116623E+07, Overflow 8.566861E-01, MaxDensity 2.104E+02, gamma 7.990538E+02, time 0.806ms
[INFO   ] DREAMPlace - full step 4.018 ms
[INFO   ] DREAMPlace - optimizer step 2.657 ms
[INFO   ] DREAMPlace - iteration  233, ( 233,  0,  0), Obj 1.743733E+07, DensityWeight 3.289033E-08, wHPWL 6.116403E+07, Overflow 8.573385E-01, MaxDensity 2.074E+02, gamma 8.019730E+02, time 0.789ms
[INFO   ] DREAMPlace - full step 3.945 ms
[INFO   ] DREAMPlace - optimizer step 39.812 ms
[INFO   ] DREAMPlace - iteration  234, ( 234,  0,  0), Obj 1.740056E+07, DensityWeight 3.384415E-08, wHPWL 6.116948E+07, Overflow 8.579291E-01, MaxDensity 2.062E+02, gamma 8.046549E+02, time 0.726ms
[INFO   ] DREAMPlace - full step 41.108 ms
[INFO   ] DREAMPlace - optimizer step 5.133 ms
[INFO   ] DREAMPlace - iteration  235, ( 235,  0,  0), Obj 1.736614E+07, DensityWeight 3.550938E-08, wHPWL 6.117279E+07, Overflow 8.585221E-01, MaxDensity 2.063E+02, gamma 8.070900E+02, time 103.139ms
[INFO   ] DREAMPlace - full step 109.008 ms
[INFO   ] DREAMPlace - optimizer step 3.200 ms
[INFO   ] DREAMPlace - iteration  236, ( 236,  0,  0), Obj 1.733683E+07, DensityWeight 3.726763E-08, wHPWL 6.118373E+07, Overflow 8.590443E-01, MaxDensity 2.054E+02, gamma 8.095427E+02, time 0.873ms
[INFO   ] DREAMPlace - full step 4.689 ms
[INFO   ] DREAMPlace - optimizer step 2.716 ms
[INFO   ] DREAMPlace - iteration  237, ( 237,  0,  0), Obj 1.730645E+07, DensityWeight 3.907138E-08, wHPWL 6.119188E+07, Overflow 8.595009E-01, MaxDensity 2.029E+02, gamma 8.117088E+02, time 0.870ms
[INFO   ] DREAMPlace - full step 4.110 ms
[INFO   ] DREAMPlace - optimizer step 2.837 ms
[INFO   ] DREAMPlace - iteration  238, ( 238,  0,  0), Obj 1.728116E+07, DensityWeight 4.097837E-08, wHPWL 6.120555E+07, Overflow 8.598443E-01, MaxDensity 1.988E+02, gamma 8.136078E+02, time 0.812ms
[INFO   ] DREAMPlace - full step 4.152 ms
[INFO   ] DREAMPlace - optimizer step 2.788 ms
[INFO   ] DREAMPlace - iteration  239, ( 239,  0,  0), Obj 1.725864E+07, DensityWeight 4.294538E-08, wHPWL 6.121714E+07, Overflow 8.602713E-01, MaxDensity 2.072E+02, gamma 8.150386E+02, time 0.817ms
[INFO   ] DREAMPlace - full step 4.103 ms
[INFO   ] DREAMPlace - optimizer step 7.560 ms
[INFO   ] DREAMPlace - iteration  240, ( 240,  0,  0), Obj 1.724362E+07, DensityWeight 4.501987E-08, wHPWL 6.123490E+07, Overflow 8.605523E-01, MaxDensity 2.142E+02, gamma 8.168211E+02, time 0.794ms
[INFO   ] DREAMPlace - full step 8.897 ms
[INFO   ] DREAMPlace - optimizer step 3.106 ms
[INFO   ] DREAMPlace - iteration  241, ( 241,  0,  0), Obj 1.722345E+07, DensityWeight 4.715397E-08, wHPWL 6.125058E+07, Overflow 8.607727E-01, MaxDensity 2.128E+02, gamma 8.179961E+02, time 0.895ms
[INFO   ] DREAMPlace - full step 4.614 ms
[INFO   ] DREAMPlace - optimizer step 3.033 ms
[INFO   ] DREAMPlace - iteration  242, ( 242,  0,  0), Obj 1.721205E+07, DensityWeight 4.940353E-08, wHPWL 6.127066E+07, Overflow 8.610042E-01, MaxDensity 2.017E+02, gamma 8.189193E+02, time 0.890ms
[INFO   ] DREAMPlace - full step 4.572 ms
[INFO   ] DREAMPlace - optimizer step 3.083 ms
[INFO   ] DREAMPlace - iteration  243, ( 243,  0,  0), Obj 1.720334E+07, DensityWeight 5.172870E-08, wHPWL 6.128914E+07, Overflow 8.612682E-01, MaxDensity 1.921E+02, gamma 8.198902E+02, time 0.857ms
[INFO   ] DREAMPlace - full step 4.516 ms
[INFO   ] DREAMPlace - optimizer step 2.678 ms
[INFO   ] DREAMPlace - iteration  244, ( 244,  0,  0), Obj 1.719514E+07, DensityWeight 5.417543E-08, wHPWL 6.131299E+07, Overflow 8.615561E-01, MaxDensity 2.078E+02, gamma 8.209983E+02, time 0.780ms
[INFO   ] DREAMPlace - full step 3.996 ms
[INFO   ] DREAMPlace - optimizer step 7.880 ms
[INFO   ] DREAMPlace - iteration  245, ( 245,  0,  0), Obj 1.718458E+07, DensityWeight 5.669534E-08, wHPWL 6.133534E+07, Overflow 8.617727E-01, MaxDensity 2.083E+02, gamma 8.222086E+02, time 0.820ms
[INFO   ] DREAMPlace - full step 9.199 ms
[INFO   ] DREAMPlace - optimizer step 2.403 ms
[INFO   ] DREAMPlace - iteration  246, ( 246,  0,  0), Obj 1.717347E+07, DensityWeight 5.934490E-08, wHPWL 6.136240E+07, Overflow 8.620381E-01, MaxDensity 1.940E+02, gamma 8.231202E+02, time 0.764ms
[INFO   ] DREAMPlace - full step 3.640 ms
[INFO   ] DREAMPlace - optimizer step 2.654 ms
[INFO   ] DREAMPlace - iteration  247, ( 247,  0,  0), Obj 1.716579E+07, DensityWeight 6.207760E-08, wHPWL 6.139002E+07, Overflow 8.622243E-01, MaxDensity 1.804E+02, gamma 8.242388E+02, time 19.450ms
[INFO   ] DREAMPlace - full step 22.615 ms
[INFO   ] DREAMPlace - optimizer step 3.988 ms
[INFO   ] DREAMPlace - iteration  248, ( 248,  0,  0), Obj 1.715642E+07, DensityWeight 6.493092E-08, wHPWL 6.142380E+07, Overflow 8.625198E-01, MaxDensity 1.980E+02, gamma 8.250245E+02, time 0.819ms
[INFO   ] DREAMPlace - full step 5.348 ms
[INFO   ] DREAMPlace - optimizer step 3.563 ms
[INFO   ] DREAMPlace - iteration  249, ( 249,  0,  0), Obj 1.715098E+07, DensityWeight 6.785724E-08, wHPWL 6.145931E+07, Overflow 8.627338E-01, MaxDensity 1.774E+02, gamma 8.262731E+02, time 0.802ms
[INFO   ] DREAMPlace - full step 4.929 ms
[INFO   ] DREAMPlace - optimizer step 2.598 ms
[INFO   ] DREAMPlace - iteration  250, ( 250,  0,  0), Obj 1.714033E+07, DensityWeight 7.089825E-08, wHPWL 6.150008E+07, Overflow 8.628505E-01, MaxDensity 1.960E+02, gamma 8.271785E+02, time 0.825ms
[INFO   ] DREAMPlace - full step 3.938 ms
[INFO   ] DREAMPlace - optimizer step 6.102 ms
[INFO   ] DREAMPlace - iteration  251, ( 251,  0,  0), Obj 1.713368E+07, DensityWeight 7.402129E-08, wHPWL 6.154344E+07, Overflow 8.629668E-01, MaxDensity 1.889E+02, gamma 8.276727E+02, time 0.799ms
[INFO   ] DREAMPlace - full step 7.427 ms
[INFO   ] DREAMPlace - optimizer step 2.759 ms
[INFO   ] DREAMPlace - iteration  252, ( 252,  0,  0), Obj 1.713306E+07, DensityWeight 7.725389E-08, wHPWL 6.159310E+07, Overflow 8.629428E-01, MaxDensity 1.895E+02, gamma 8.281654E+02, time 0.850ms
[INFO   ] DREAMPlace - full step 4.120 ms
[INFO   ] DREAMPlace - optimizer step 2.756 ms
[INFO   ] DREAMPlace - iteration  253, ( 253,  0,  0), Obj 1.713247E+07, DensityWeight 8.055698E-08, wHPWL 6.164691E+07, Overflow 8.629498E-01, MaxDensity 1.972E+02, gamma 8.280634E+02, time 0.781ms
[INFO   ] DREAMPlace - full step 4.040 ms
[INFO   ] DREAMPlace - optimizer step 6.143 ms
[INFO   ] DREAMPlace - iteration  254, ( 254,  0,  0), Obj 1.714004E+07, DensityWeight 8.395273E-08, wHPWL 6.170578E+07, Overflow 8.628747E-01, MaxDensity 1.884E+02, gamma 8.280930E+02, time 0.774ms
[INFO   ] DREAMPlace - full step 7.551 ms
[INFO   ] DREAMPlace - optimizer step 9.440 ms
[INFO   ] DREAMPlace - iteration  255, ( 255,  0,  0), Obj 1.714580E+07, DensityWeight 8.742990E-08, wHPWL 6.176758E+07, Overflow 8.628570E-01, MaxDensity 1.783E+02, gamma 8.277750E+02, time 1.000ms
[INFO   ] DREAMPlace - full step 11.088 ms
[INFO   ] DREAMPlace - optimizer step 2.654 ms
[INFO   ] DREAMPlace - iteration  256, ( 256,  0,  0), Obj 1.715652E+07, DensityWeight 9.101392E-08, wHPWL 6.183347E+07, Overflow 8.626419E-01, MaxDensity 1.814E+02, gamma 8.277000E+02, time 0.812ms
[INFO   ] DREAMPlace - full step 4.069 ms
[INFO   ] DREAMPlace - optimizer step 2.738 ms
[INFO   ] DREAMPlace - iteration  257, ( 257,  0,  0), Obj 1.716421E+07, DensityWeight 9.469093E-08, wHPWL 6.190335E+07, Overflow 8.624471E-01, MaxDensity 1.900E+02, gamma 8.267895E+02, time 0.798ms
[INFO   ] DREAMPlace - full step 4.040 ms
[INFO   ] DREAMPlace - optimizer step 2.595 ms
[INFO   ] DREAMPlace - iteration  258, ( 258,  0,  0), Obj 1.718317E+07, DensityWeight 9.846159E-08, wHPWL 6.197768E+07, Overflow 8.622364E-01, MaxDensity 1.901E+02, gamma 8.259658E+02, time 0.861ms
[INFO   ] DREAMPlace - full step 3.974 ms
[INFO   ] DREAMPlace - optimizer step 38.222 ms
[INFO   ] DREAMPlace - iteration  259, ( 259,  0,  0), Obj 1.720130E+07, DensityWeight 1.023190E-07, wHPWL 6.205622E+07, Overflow 8.620374E-01, MaxDensity 1.891E+02, gamma 8.250758E+02, time 0.772ms
[INFO   ] DREAMPlace - full step 39.616 ms
[INFO   ] DREAMPlace - optimizer step 3.441 ms
[INFO   ] DREAMPlace - iteration  260, ( 260,  0,  0), Obj 1.722080E+07, DensityWeight 1.062650E-07, wHPWL 6.213760E+07, Overflow 8.617651E-01, MaxDensity 1.860E+02, gamma 8.242359E+02, time 1.009ms
[INFO   ] DREAMPlace - full step 5.205 ms
[INFO   ] DREAMPlace - optimizer step 11.796 ms
[INFO   ] DREAMPlace - iteration  261, ( 261,  0,  0), Obj 1.723970E+07, DensityWeight 1.103197E-07, wHPWL 6.222238E+07, Overflow 8.615239E-01, MaxDensity 1.829E+02, gamma 8.230883E+02, time 0.948ms
[INFO   ] DREAMPlace - full step 13.443 ms
[INFO   ] DREAMPlace - optimizer step 10.593 ms
[INFO   ] DREAMPlace - iteration  262, ( 262,  0,  0), Obj 1.726313E+07, DensityWeight 1.144748E-07, wHPWL 6.231009E+07, Overflow 8.612390E-01, MaxDensity 1.831E+02, gamma 8.220734E+02, time 1.042ms
[INFO   ] DREAMPlace - full step 12.394 ms
[INFO   ] DREAMPlace - optimizer step 16.004 ms
[INFO   ] DREAMPlace - iteration  263, ( 263,  0,  0), Obj 1.728536E+07, DensityWeight 1.187377E-07, wHPWL 6.240299E+07, Overflow 8.608996E-01, MaxDensity 1.812E+02, gamma 8.208759E+02, time 1.018ms
[INFO   ] DREAMPlace - full step 17.713 ms
[INFO   ] DREAMPlace - optimizer step 9.404 ms
[INFO   ] DREAMPlace - iteration  264, ( 264,  0,  0), Obj 1.731057E+07, DensityWeight 1.230705E-07, wHPWL 6.249842E+07, Overflow 8.605450E-01, MaxDensity 1.806E+02, gamma 8.194512E+02, time 0.944ms
[INFO   ] DREAMPlace - full step 11.021 ms
[INFO   ] DREAMPlace - optimizer step 12.100 ms
[INFO   ] DREAMPlace - iteration  265, ( 265,  0,  0), Obj 1.733904E+07, DensityWeight 1.275163E-07, wHPWL 6.259819E+07, Overflow 8.601114E-01, MaxDensity 1.761E+02, gamma 8.179661E+02, time 0.863ms
[INFO   ] DREAMPlace - full step 13.603 ms
[INFO   ] DREAMPlace - optimizer step 7.648 ms
[INFO   ] DREAMPlace - iteration  266, ( 266,  0,  0), Obj 1.736890E+07, DensityWeight 1.320428E-07, wHPWL 6.269974E+07, Overflow 8.597237E-01, MaxDensity 1.707E+02, gamma 8.161530E+02, time 0.818ms
[INFO   ] DREAMPlace - full step 9.062 ms
[INFO   ] DREAMPlace - optimizer step 2.486 ms
[INFO   ] DREAMPlace - iteration  267, ( 267,  0,  0), Obj 1.740355E+07, DensityWeight 1.366961E-07, wHPWL 6.280585E+07, Overflow 8.593040E-01, MaxDensity 1.637E+02, gamma 8.145356E+02, time 0.788ms
[INFO   ] DREAMPlace - full step 3.768 ms
[INFO   ] DREAMPlace - optimizer step 2.589 ms
[INFO   ] DREAMPlace - iteration  268, ( 268,  0,  0), Obj 1.743634E+07, DensityWeight 1.414235E-07, wHPWL 6.291326E+07, Overflow 8.587236E-01, MaxDensity 1.678E+02, gamma 8.127882E+02, time 0.762ms
[INFO   ] DREAMPlace - full step 3.831 ms
[INFO   ] DREAMPlace - optimizer step 2.571 ms
[INFO   ] DREAMPlace - iteration  269, ( 269,  0,  0), Obj 1.747133E+07, DensityWeight 1.462877E-07, wHPWL 6.302502E+07, Overflow 8.582476E-01, MaxDensity 1.696E+02, gamma 8.103778E+02, time 0.743ms
[INFO   ] DREAMPlace - full step 3.779 ms
[I] plotting to obsfield_results/bigblue1/plot/iter0270.png takes 10.583 seconds
[INFO   ] DREAMPlace - plotting to obsfield_results/bigblue1/plot/iter0270.png takes 11.211 seconds
[INFO   ] DREAMPlace - optimizer step 53.723 ms
[INFO   ] DREAMPlace - iteration  270, ( 270,  0,  0), Obj 1.751554E+07, DensityWeight 1.512278E-07, wHPWL 6.313736E+07, Overflow 8.576779E-01, MaxDensity 1.586E+02, gamma 8.084065E+02, time 0.745ms
[INFO   ] DREAMPlace - full step 11273.441 ms
[INFO   ] DREAMPlace - optimizer step 18.063 ms
[INFO   ] DREAMPlace - iteration  271, ( 271,  0,  0), Obj 1.755518E+07, DensityWeight 1.563219E-07, wHPWL 6.325506E+07, Overflow 8.570854E-01, MaxDensity 1.697E+02, gamma 8.060533E+02, time 14.933ms
[INFO   ] DREAMPlace - full step 40.331 ms
[INFO   ] DREAMPlace - optimizer step 22.546 ms
[INFO   ] DREAMPlace - iteration  272, ( 272,  0,  0), Obj 1.760004E+07, DensityWeight 1.614668E-07, wHPWL 6.337176E+07, Overflow 8.563715E-01, MaxDensity 1.494E+02, gamma 8.036132E+02, time 5.235ms
[INFO   ] DREAMPlace - full step 35.026 ms
[INFO   ] DREAMPlace - optimizer step 54.434 ms
[INFO   ] DREAMPlace - iteration  273, ( 273,  0,  0), Obj 1.764694E+07, DensityWeight 1.668043E-07, wHPWL 6.349314E+07, Overflow 8.556831E-01, MaxDensity 1.580E+02, gamma 8.006831E+02, time 5.225ms
[INFO   ] DREAMPlace - full step 66.878 ms
[INFO   ] DREAMPlace - optimizer step 22.625 ms
[INFO   ] DREAMPlace - iteration  274, ( 274,  0,  0), Obj 1.770099E+07, DensityWeight 1.722060E-07, wHPWL 6.361376E+07, Overflow 8.549656E-01, MaxDensity 1.464E+02, gamma 7.978677E+02, time 5.242ms
[INFO   ] DREAMPlace - full step 61.493 ms
[INFO   ] DREAMPlace - optimizer step 22.585 ms
[INFO   ] DREAMPlace - iteration  275, ( 275,  0,  0), Obj 1.775497E+07, DensityWeight 1.778013E-07, wHPWL 6.374002E+07, Overflow 8.541853E-01, MaxDensity 1.609E+02, gamma 7.949438E+02, time 5.246ms
[INFO   ] DREAMPlace - full step 35.083 ms
[INFO   ] DREAMPlace - optimizer step 47.202 ms
[INFO   ] DREAMPlace - iteration  276, ( 276,  0,  0), Obj 1.781050E+07, DensityWeight 1.834343E-07, wHPWL 6.386326E+07, Overflow 8.533375E-01, MaxDensity 1.498E+02, gamma 7.917762E+02, time 5.152ms
[INFO   ] DREAMPlace - full step 59.623 ms
[INFO   ] DREAMPlace - optimizer step 56.547 ms
[INFO   ] DREAMPlace - iteration  277, ( 277,  0,  0), Obj 1.787039E+07, DensityWeight 1.893253E-07, wHPWL 6.399141E+07, Overflow 8.524698E-01, MaxDensity 1.464E+02, gamma 7.883488E+02, time 5.213ms
[INFO   ] DREAMPlace - full step 68.983 ms
[INFO   ] DREAMPlace - optimizer step 21.417 ms
[INFO   ] DREAMPlace - iteration  278, ( 278,  0,  0), Obj 1.793440E+07, DensityWeight 1.952717E-07, wHPWL 6.411702E+07, Overflow 8.514925E-01, MaxDensity 1.537E+02, gamma 7.848564E+02, time 5.184ms
[INFO   ] DREAMPlace - full step 33.845 ms
[INFO   ] DREAMPlace - optimizer step 22.162 ms
[INFO   ] DREAMPlace - iteration  279, ( 279,  0,  0), Obj 1.800118E+07, DensityWeight 2.014765E-07, wHPWL 6.424955E+07, Overflow 8.505303E-01, MaxDensity 1.511E+02, gamma 7.809414E+02, time 35.230ms
[INFO   ] DREAMPlace - full step 64.645 ms
[INFO   ] DREAMPlace - optimizer step 54.409 ms
[INFO   ] DREAMPlace - iteration  280, ( 280,  0,  0), Obj 1.807379E+07, DensityWeight 2.076778E-07, wHPWL 6.437707E+07, Overflow 8.495668E-01, MaxDensity 1.494E+02, gamma 7.771061E+02, time 5.198ms
[INFO   ] DREAMPlace - full step 65.298 ms
[INFO   ] DREAMPlace - optimizer step 22.495 ms
[INFO   ] DREAMPlace - iteration  281, ( 281,  0,  0), Obj 1.814716E+07, DensityWeight 2.142195E-07, wHPWL 6.451122E+07, Overflow 8.485999E-01, MaxDensity 1.545E+02, gamma 7.732841E+02, time 5.129ms
[INFO   ] DREAMPlace - full step 34.529 ms
[INFO   ] DREAMPlace - optimizer step 41.473 ms
[INFO   ] DREAMPlace - iteration  282, ( 282,  0,  0), Obj 1.822007E+07, DensityWeight 2.207632E-07, wHPWL 6.463893E+07, Overflow 8.476700E-01, MaxDensity 1.556E+02, gamma 7.694677E+02, time 5.222ms
[INFO   ] DREAMPlace - full step 53.934 ms
[INFO   ] DREAMPlace - optimizer step 22.555 ms
[INFO   ] DREAMPlace - iteration  283, ( 283,  0,  0), Obj 1.829478E+07, DensityWeight 2.277111E-07, wHPWL 6.477459E+07, Overflow 8.467155E-01, MaxDensity 1.520E+02, gamma 7.658152E+02, time 5.225ms
[INFO   ] DREAMPlace - full step 35.041 ms
[INFO   ] DREAMPlace - optimizer step 25.187 ms
[INFO   ] DREAMPlace - iteration  284, ( 284,  0,  0), Obj 1.836703E+07, DensityWeight 2.346176E-07, wHPWL 6.490457E+07, Overflow 8.457077E-01, MaxDensity 1.433E+02, gamma 7.620842E+02, time 26.578ms
[INFO   ] DREAMPlace - full step 58.911 ms
[INFO   ] DREAMPlace - optimizer step 61.621 ms
[INFO   ] DREAMPlace - iteration  285, ( 285,  0,  0), Obj 1.844262E+07, DensityWeight 2.419251E-07, wHPWL 6.504404E+07, Overflow 8.445666E-01, MaxDensity 1.442E+02, gamma 7.581641E+02, time 9.521ms
[INFO   ] DREAMPlace - full step 78.302 ms
[INFO   ] DREAMPlace - optimizer step 54.768 ms
[INFO   ] DREAMPlace - iteration  286, ( 286,  0,  0), Obj 1.852051E+07, DensityWeight 2.491301E-07, wHPWL 6.517764E+07, Overflow 8.435727E-01, MaxDensity 1.473E+02, gamma 7.537507E+02, time 5.161ms
[INFO   ] DREAMPlace - full step 66.540 ms
[INFO   ] DREAMPlace - optimizer step 22.542 ms
[INFO   ] DREAMPlace - iteration  287, ( 287,  0,  0), Obj 1.860857E+07, DensityWeight 2.567600E-07, wHPWL 6.532246E+07, Overflow 8.425854E-01, MaxDensity 1.365E+02, gamma 7.499269E+02, time 5.224ms
[INFO   ] DREAMPlace - full step 35.127 ms
[INFO   ] DREAMPlace - optimizer step 50.217 ms
[INFO   ] DREAMPlace - iteration  288, ( 288,  0,  0), Obj 1.868748E+07, DensityWeight 2.642098E-07, wHPWL 6.546016E+07, Overflow 8.414731E-01, MaxDensity 1.423E+02, gamma 7.461479E+02, time 5.216ms
[INFO   ] DREAMPlace - full step 62.675 ms
[INFO   ] DREAMPlace - optimizer step 55.559 ms
[INFO   ] DREAMPlace - iteration  289, ( 289,  0,  0), Obj 1.876708E+07, DensityWeight 2.721462E-07, wHPWL 6.560704E+07, Overflow 8.404175E-01, MaxDensity 1.459E+02, gamma 7.419136E+02, time 10.294ms
[INFO   ] DREAMPlace - full step 72.774 ms
[INFO   ] DREAMPlace - optimizer step 21.877 ms
[INFO   ] DREAMPlace - iteration  290, ( 290,  0,  0), Obj 1.885185E+07, DensityWeight 2.799621E-07, wHPWL 6.574455E+07, Overflow 8.392772E-01, MaxDensity 1.249E+02, gamma 7.379167E+02, time 5.157ms
[INFO   ] DREAMPlace - full step 34.300 ms
[INFO   ] DREAMPlace - optimizer step 30.978 ms
[INFO   ] DREAMPlace - iteration  291, ( 291,  0,  0), Obj 1.893825E+07, DensityWeight 2.883789E-07, wHPWL 6.590057E+07, Overflow 8.381406E-01, MaxDensity 1.388E+02, gamma 7.336236E+02, time 33.091ms
[INFO   ] DREAMPlace - full step 71.313 ms
[INFO   ] DREAMPlace - optimizer step 89.407 ms
[INFO   ] DREAMPlace - iteration  292, ( 292,  0,  0), Obj 1.902706E+07, DensityWeight 2.962833E-07, wHPWL 6.604532E+07, Overflow 8.369631E-01, MaxDensity 1.221E+02, gamma 7.293695E+02, time 11.206ms
[INFO   ] DREAMPlace - full step 107.826 ms
[INFO   ] DREAMPlace - optimizer step 38.691 ms
[INFO   ] DREAMPlace - iteration  293, ( 293,  0,  0), Obj 1.911869E+07, DensityWeight 3.048829E-07, wHPWL 6.620623E+07, Overflow 8.356869E-01, MaxDensity 1.313E+02, gamma 7.249883E+02, time 16.500ms
[INFO   ] DREAMPlace - full step 94.697 ms
[INFO   ] DREAMPlace - optimizer step 40.268 ms
[INFO   ] DREAMPlace - iteration  294, ( 294,  0,  0), Obj 1.920963E+07, DensityWeight 3.130261E-07, wHPWL 6.635267E+07, Overflow 8.345643E-01, MaxDensity 1.212E+02, gamma 7.202693E+02, time 43.078ms
[INFO   ] DREAMPlace - full step 90.606 ms
[INFO   ] DREAMPlace - optimizer step 30.365 ms
[INFO   ] DREAMPlace - iteration  295, ( 295,  0,  0), Obj 1.931057E+07, DensityWeight 3.220361E-07, wHPWL 6.651825E+07, Overflow 8.332917E-01, MaxDensity 1.212E+02, gamma 7.161439E+02, time 25.401ms
[INFO   ] DREAMPlace - full step 61.093 ms
[INFO   ] DREAMPlace - optimizer step 32.366 ms
[INFO   ] DREAMPlace - iteration  296, ( 296,  0,  0), Obj 1.939988E+07, DensityWeight 3.304224E-07, wHPWL 6.666807E+07, Overflow 8.320060E-01, MaxDensity 1.241E+02, gamma 7.114957E+02, time 20.825ms
[INFO   ] DREAMPlace - full step 60.497 ms
[INFO   ] DREAMPlace - optimizer step 34.041 ms
[INFO   ] DREAMPlace - iteration  297, ( 297,  0,  0), Obj 1.950050E+07, DensityWeight 3.397727E-07, wHPWL 6.683354E+07, Overflow 8.306873E-01, MaxDensity 1.166E+02, gamma 7.068304E+02, time 16.273ms
[INFO   ] DREAMPlace - full step 56.526 ms
[INFO   ] DREAMPlace - optimizer step 48.033 ms
[INFO   ] DREAMPlace - iteration  298, ( 298,  0,  0), Obj 1.959858E+07, DensityWeight 3.486260E-07, wHPWL 6.697928E+07, Overflow 8.294039E-01, MaxDensity 1.141E+02, gamma 7.020767E+02, time 9.714ms
[INFO   ] DREAMPlace - full step 62.818 ms
[INFO   ] DREAMPlace - optimizer step 66.055 ms
[INFO   ] DREAMPlace - iteration  299, ( 299,  0,  0), Obj 1.970410E+07, DensityWeight 3.586954E-07, wHPWL 6.714469E+07, Overflow 8.280675E-01, MaxDensity 1.183E+02, gamma 6.974816E+02, time 17.797ms
[INFO   ] DREAMPlace - full step 91.087 ms
[INFO   ] DREAMPlace - optimizer step 47.763 ms
[INFO   ] DREAMPlace - iteration  300, ( 300,  0,  0), Obj 1.980150E+07, DensityWeight 3.680454E-07, wHPWL 6.728302E+07, Overflow 8.267227E-01, MaxDensity 1.207E+02, gamma 6.927282E+02, time 5.173ms
[INFO   ] DREAMPlace - full step 58.148 ms
[INFO   ] DREAMPlace - optimizer step 31.750 ms
[INFO   ] DREAMPlace - iteration  301, ( 301,  0,  0), Obj 1.990626E+07, DensityWeight 3.790668E-07, wHPWL 6.743661E+07, Overflow 8.252764E-01, MaxDensity 1.197E+02, gamma 6.879780E+02, time 7.982ms
[INFO   ] DREAMPlace - full step 46.970 ms
[INFO   ] DREAMPlace - optimizer step 42.908 ms
[INFO   ] DREAMPlace - iteration  302, ( 302,  0,  0), Obj 2.000584E+07, DensityWeight 3.895892E-07, wHPWL 6.756355E+07, Overflow 8.239980E-01, MaxDensity 1.174E+02, gamma 6.829056E+02, time 29.500ms
[INFO   ] DREAMPlace - full step 79.728 ms
[INFO   ] DREAMPlace - optimizer step 37.746 ms
[INFO   ] DREAMPlace - iteration  303, ( 303,  0,  0), Obj 2.011803E+07, DensityWeight 4.018933E-07, wHPWL 6.770955E+07, Overflow 8.225672E-01, MaxDensity 1.221E+02, gamma 6.784528E+02, time 34.977ms
[INFO   ] DREAMPlace - full step 79.979 ms
[INFO   ] DREAMPlace - optimizer step 37.484 ms
[INFO   ] DREAMPlace - iteration  304, ( 304,  0,  0), Obj 2.021362E+07, DensityWeight 4.134863E-07, wHPWL 6.782832E+07, Overflow 8.212053E-01, MaxDensity 1.128E+02, gamma 6.735038E+02, time 47.492ms
[INFO   ] DREAMPlace - full step 92.234 ms
[INFO   ] DREAMPlace - optimizer step 16.830 ms
[INFO   ] DREAMPlace - iteration  305, ( 305,  0,  0), Obj 2.032259E+07, DensityWeight 4.270317E-07, wHPWL 6.796202E+07, Overflow 8.198023E-01, MaxDensity 1.128E+02, gamma 6.688267E+02, time 39.237ms
[INFO   ] DREAMPlace - full step 63.359 ms
[INFO   ] DREAMPlace - optimizer step 58.552 ms
[INFO   ] DREAMPlace - iteration  306, ( 306,  0,  0), Obj 2.042131E+07, DensityWeight 4.401039E-07, wHPWL 6.807135E+07, Overflow 8.185472E-01, MaxDensity 1.073E+02, gamma 6.640425E+02, time 5.218ms
[INFO   ] DREAMPlace - full step 70.947 ms
[INFO   ] DREAMPlace - optimizer step 22.263 ms
[INFO   ] DREAMPlace - iteration  307, ( 307,  0,  0), Obj 2.053020E+07, DensityWeight 4.551193E-07, wHPWL 6.820250E+07, Overflow 8.171824E-01, MaxDensity 1.174E+02, gamma 6.597914E+02, time 4.034ms
[INFO   ] DREAMPlace - full step 33.563 ms
[INFO   ] DREAMPlace - optimizer step 22.569 ms
[INFO   ] DREAMPlace - iteration  308, ( 308,  0,  0), Obj 2.062120E+07, DensityWeight 4.692177E-07, wHPWL 6.830730E+07, Overflow 8.159798E-01, MaxDensity 1.027E+02, gamma 6.551998E+02, time 5.219ms
[INFO   ] DREAMPlace - full step 33.174 ms
[INFO   ] DREAMPlace - optimizer step 58.604 ms
[INFO   ] DREAMPlace - iteration  309, ( 309,  0,  0), Obj 2.072496E+07, DensityWeight 4.855338E-07, wHPWL 6.843049E+07, Overflow 8.146190E-01, MaxDensity 1.092E+02, gamma 6.511804E+02, time 5.224ms
[INFO   ] DREAMPlace - full step 71.033 ms
[INFO   ] DREAMPlace - optimizer step 18.455 ms
[INFO   ] DREAMPlace - iteration  310, ( 310,  0,  0), Obj 2.081142E+07, DensityWeight 5.011302E-07, wHPWL 6.853322E+07, Overflow 8.131812E-01, MaxDensity 1.004E+02, gamma 6.466620E+02, time 5.179ms
[INFO   ] DREAMPlace - full step 29.246 ms
[INFO   ] DREAMPlace - optimizer step 25.388 ms
[INFO   ] DREAMPlace - iteration  311, ( 311,  0,  0), Obj 2.091522E+07, DensityWeight 5.187047E-07, wHPWL 6.865734E+07, Overflow 8.119260E-01, MaxDensity 1.124E+02, gamma 6.419221E+02, time 5.151ms
[INFO   ] DREAMPlace - full step 37.932 ms
[INFO   ] DREAMPlace - optimizer step 63.657 ms
[INFO   ] DREAMPlace - iteration  312, ( 312,  0,  0), Obj 2.101565E+07, DensityWeight 5.352974E-07, wHPWL 6.876209E+07, Overflow 8.106719E-01, MaxDensity 9.885E+01, gamma 6.378124E+02, time 5.214ms
[INFO   ] DREAMPlace - full step 76.105 ms
[INFO   ] DREAMPlace - optimizer step 20.666 ms
[INFO   ] DREAMPlace - iteration  313, ( 313,  0,  0), Obj 2.111452E+07, DensityWeight 5.539150E-07, wHPWL 6.888971E+07, Overflow 8.092205E-01, MaxDensity 1.029E+02, gamma 6.337325E+02, time 3.073ms
[INFO   ] DREAMPlace - full step 64.658 ms
[INFO   ] DREAMPlace - optimizer step 90.653 ms
[INFO   ] DREAMPlace - iteration  314, ( 314,  0,  0), Obj 2.119849E+07, DensityWeight 5.713548E-07, wHPWL 6.898746E+07, Overflow 8.079950E-01, MaxDensity 1.023E+02, gamma 6.290436E+02, time 5.018ms
[INFO   ] DREAMPlace - full step 107.603 ms
[I] plotting to obsfield_results/bigblue1/plot/iter0315.png takes 11.859 seconds
[INFO   ] DREAMPlace - plotting to obsfield_results/bigblue1/plot/iter0315.png takes 12.360 seconds
[INFO   ] DREAMPlace - optimizer step 26.553 ms
[INFO   ] DREAMPlace - iteration  315, ( 315,  0,  0), Obj 2.130443E+07, DensityWeight 5.918037E-07, wHPWL 6.910659E+07, Overflow 8.064375E-01, MaxDensity 9.583E+01, gamma 6.251113E+02, time 3.140ms
[INFO   ] DREAMPlace - full step 12414.602 ms
[INFO   ] DREAMPlace - optimizer step 21.463 ms
[INFO   ] DREAMPlace - iteration  316, ( 316,  0,  0), Obj 2.139000E+07, DensityWeight 6.111591E-07, wHPWL 6.921290E+07, Overflow 8.051063E-01, MaxDensity 1.004E+02, gamma 6.201493E+02, time 65.672ms
[INFO   ] DREAMPlace - full step 94.512 ms
[INFO   ] DREAMPlace - optimizer step 29.925 ms
[INFO   ] DREAMPlace - iteration  317, ( 317,  0,  0), Obj 2.150280E+07, DensityWeight 6.322776E-07, wHPWL 6.933424E+07, Overflow 8.035237E-01, MaxDensity 9.388E+01, gamma 6.159393E+02, time 41.666ms
[INFO   ] DREAMPlace - full step 77.135 ms
[INFO   ] DREAMPlace - optimizer step 56.678 ms
[INFO   ] DREAMPlace - iteration  318, ( 318,  0,  0), Obj 2.159198E+07, DensityWeight 6.527559E-07, wHPWL 6.943592E+07, Overflow 8.019470E-01, MaxDensity 9.405E+01, gamma 6.109716E+02, time 3.495ms
[INFO   ] DREAMPlace - full step 66.500 ms
[INFO   ] DREAMPlace - optimizer step 58.530 ms
[INFO   ] DREAMPlace - iteration  319, ( 319,  0,  0), Obj 2.170437E+07, DensityWeight 6.757472E-07, wHPWL 6.955264E+07, Overflow 8.002827E-01, MaxDensity 9.477E+01, gamma 6.060624E+02, time 5.204ms
[INFO   ] DREAMPlace - full step 69.378 ms
[INFO   ] DREAMPlace - optimizer step 77.723 ms
[INFO   ] DREAMPlace - iteration  320, ( 320,  0,  0), Obj 2.180673E+07, DensityWeight 6.980833E-07, wHPWL 6.964861E+07, Overflow 7.985480E-01, MaxDensity 8.924E+01, gamma 6.009230E+02, time 5.221ms
[INFO   ] DREAMPlace - full step 90.114 ms
[INFO   ] DREAMPlace - optimizer step 26.547 ms
[INFO   ] DREAMPlace - iteration  321, ( 321,  0,  0), Obj 2.192585E+07, DensityWeight 7.232468E-07, wHPWL 6.976566E+07, Overflow 7.969096E-01, MaxDensity 8.561E+01, gamma 5.956130E+02, time 5.239ms
[INFO   ] DREAMPlace - full step 39.046 ms
[INFO   ] DREAMPlace - optimizer step 20.788 ms
[INFO   ] DREAMPlace - iteration  322, ( 322,  0,  0), Obj 2.203651E+07, DensityWeight 7.471178E-07, wHPWL 6.985517E+07, Overflow 7.952015E-01, MaxDensity 8.344E+01, gamma 5.906405E+02, time 32.149ms
[INFO   ] DREAMPlace - full step 60.176 ms
[INFO   ] DREAMPlace - optimizer step 80.449 ms
[INFO   ] DREAMPlace - iteration  323, ( 323,  0,  0), Obj 2.215205E+07, DensityWeight 7.747468E-07, wHPWL 6.996400E+07, Overflow 7.934179E-01, MaxDensity 8.875E+01, gamma 5.855007E+02, time 18.179ms
[INFO   ] DREAMPlace - full step 105.801 ms
[INFO   ] DREAMPlace - optimizer step 53.524 ms
[INFO   ] DREAMPlace - iteration  324, ( 324,  0,  0), Obj 2.225807E+07, DensityWeight 8.012356E-07, wHPWL 7.004310E+07, Overflow 7.916809E-01, MaxDensity 8.288E+01, gamma 5.801813E+02, time 5.043ms
[INFO   ] DREAMPlace - full step 63.997 ms
[INFO   ] DREAMPlace - optimizer step 87.658 ms
[INFO   ] DREAMPlace - iteration  325, ( 325,  0,  0), Obj 2.238202E+07, DensityWeight 8.320711E-07, wHPWL 7.014570E+07, Overflow 7.899216E-01, MaxDensity 8.076E+01, gamma 5.750476E+02, time 23.828ms
[INFO   ] DREAMPlace - full step 118.653 ms
[INFO   ] DREAMPlace - optimizer step 37.515 ms
[INFO   ] DREAMPlace - iteration  326, ( 326,  0,  0), Obj 2.249260E+07, DensityWeight 8.612689E-07, wHPWL 7.022561E+07, Overflow 7.881227E-01, MaxDensity 7.694E+01, gamma 5.698943E+02, time 5.648ms
[INFO   ] DREAMPlace - full step 83.235 ms
[INFO   ] DREAMPlace - optimizer step 42.207 ms
[INFO   ] DREAMPlace - iteration  327, ( 327,  0,  0), Obj 2.261497E+07, DensityWeight 8.943141E-07, wHPWL 7.032419E+07, Overflow 7.863492E-01, MaxDensity 7.859E+01, gamma 5.646727E+02, time 37.493ms
[INFO   ] DREAMPlace - full step 86.923 ms
[INFO   ] DREAMPlace - optimizer step 42.420 ms
[INFO   ] DREAMPlace - iteration  328, ( 328,  0,  0), Obj 2.272734E+07, DensityWeight 9.262133E-07, wHPWL 7.039546E+07, Overflow 7.844983E-01, MaxDensity 7.776E+01, gamma 5.595716E+02, time 37.449ms
[INFO   ] DREAMPlace - full step 87.086 ms
[INFO   ] DREAMPlace - optimizer step 51.640 ms
[INFO   ] DREAMPlace - iteration  329, ( 329,  0,  0), Obj 2.285188E+07, DensityWeight 9.629103E-07, wHPWL 7.049169E+07, Overflow 7.826302E-01, MaxDensity 8.123E+01, gamma 5.542970E+02, time 6.033ms
[INFO   ] DREAMPlace - full step 64.865 ms
[INFO   ] DREAMPlace - optimizer step 60.014 ms
[INFO   ] DREAMPlace - iteration  330, ( 330,  0,  0), Obj 2.296990E+07, DensityWeight 9.975832E-07, wHPWL 7.056334E+07, Overflow 7.808823E-01, MaxDensity 7.307E+01, gamma 5.490238E+02, time 19.429ms
[INFO   ] DREAMPlace - full step 86.632 ms
[INFO   ] DREAMPlace - optimizer step 20.622 ms
[INFO   ] DREAMPlace - iteration  331, ( 331,  0,  0), Obj 2.310276E+07, DensityWeight 1.037051E-06, wHPWL 7.065916E+07, Overflow 7.791082E-01, MaxDensity 6.962E+01, gamma 5.441352E+02, time 6.650ms
[INFO   ] DREAMPlace - full step 63.416 ms
[INFO   ] DREAMPlace - optimizer step 24.968 ms
[INFO   ] DREAMPlace - iteration  332, ( 332,  0,  0), Obj 2.321670E+07, DensityWeight 1.074456E-06, wHPWL 7.073122E+07, Overflow 7.773449E-01, MaxDensity 7.772E+01, gamma 5.392181E+02, time 15.326ms
[INFO   ] DREAMPlace - full step 47.519 ms
[INFO   ] DREAMPlace - optimizer step 22.622 ms
[INFO   ] DREAMPlace - iteration  333, ( 333,  0,  0), Obj 2.334419E+07, DensityWeight 1.116904E-06, wHPWL 7.082430E+07, Overflow 7.754227E-01, MaxDensity 6.671E+01, gamma 5.343749E+02, time 5.193ms
[INFO   ] DREAMPlace - full step 33.001 ms
[INFO   ] DREAMPlace - optimizer step 88.928 ms
[INFO   ] DREAMPlace - iteration  334, ( 334,  0,  0), Obj 2.346198E+07, DensityWeight 1.157630E-06, wHPWL 7.089829E+07, Overflow 7.733179E-01, MaxDensity 7.478E+01, gamma 5.291447E+02, time 5.983ms
[INFO   ] DREAMPlace - full step 101.253 ms
[INFO   ] DREAMPlace - optimizer step 49.220 ms
[INFO   ] DREAMPlace - iteration  335, ( 335,  0,  0), Obj 2.360628E+07, DensityWeight 1.203039E-06, wHPWL 7.100363E+07, Overflow 7.711530E-01, MaxDensity 7.088E+01, gamma 5.234766E+02, time 5.194ms
[INFO   ] DREAMPlace - full step 61.597 ms
[INFO   ] DREAMPlace - optimizer step 72.632 ms
[INFO   ] DREAMPlace - iteration  336, ( 336,  0,  0), Obj 2.375540E+07, DensityWeight 1.244776E-06, wHPWL 7.109215E+07, Overflow 7.689463E-01, MaxDensity 7.214E+01, gamma 5.177096E+02, time 12.011ms
[INFO   ] DREAMPlace - full step 91.839 ms
[INFO   ] DREAMPlace - optimizer step 70.594 ms
[INFO   ] DREAMPlace - iteration  337, ( 337,  0,  0), Obj 2.392459E+07, DensityWeight 1.290986E-06, wHPWL 7.121070E+07, Overflow 7.669265E-01, MaxDensity 7.149E+01, gamma 5.118970E+02, time 23.019ms
[INFO   ] DREAMPlace - full step 100.879 ms
[INFO   ] DREAMPlace - optimizer step 30.594 ms
[INFO   ] DREAMPlace - iteration  338, ( 338,  0,  0), Obj 2.408709E+07, DensityWeight 1.333317E-06, wHPWL 7.130481E+07, Overflow 7.646471E-01, MaxDensity 6.473E+01, gamma 5.066336E+02, time 65.491ms
[INFO   ] DREAMPlace - full step 103.306 ms
[INFO   ] DREAMPlace - optimizer step 42.754 ms
[INFO   ] DREAMPlace - iteration  339, ( 339,  0,  0), Obj 2.425236E+07, DensityWeight 1.381737E-06, wHPWL 7.142699E+07, Overflow 7.625243E-01, MaxDensity 6.727E+01, gamma 5.007589E+02, time 4.623ms
[INFO   ] DREAMPlace - full step 88.815 ms
[INFO   ] DREAMPlace - optimizer step 22.688 ms
[INFO   ] DREAMPlace - iteration  340, ( 340,  0,  0), Obj 2.442732E+07, DensityWeight 1.426322E-06, wHPWL 7.152876E+07, Overflow 7.604305E-01, MaxDensity 6.664E+01, gamma 4.953491E+02, time 3.254ms
[INFO   ] DREAMPlace - full step 66.621 ms
[INFO   ] DREAMPlace - optimizer step 106.800 ms
[INFO   ] DREAMPlace - iteration  341, ( 341,  0,  0), Obj 2.461281E+07, DensityWeight 1.476542E-06, wHPWL 7.167222E+07, Overflow 7.583569E-01, MaxDensity 6.506E+01, gamma 4.900704E+02, time 7.107ms
[INFO   ] DREAMPlace - full step 121.099 ms
[INFO   ] DREAMPlace - optimizer step 18.865 ms
[INFO   ] DREAMPlace - iteration  342, ( 342,  0,  0), Obj 2.478950E+07, DensityWeight 1.519671E-06, wHPWL 7.179658E+07, Overflow 7.562349E-01, MaxDensity 6.207E+01, gamma 4.848982E+02, time 5.209ms
[INFO   ] DREAMPlace - full step 31.180 ms
[INFO   ] DREAMPlace - optimizer step 56.563 ms
[INFO   ] DREAMPlace - iteration  343, ( 343,  0,  0), Obj 2.498015E+07, DensityWeight 1.568233E-06, wHPWL 7.195270E+07, Overflow 7.538874E-01, MaxDensity 6.390E+01, gamma 4.796615E+02, time 5.099ms
[INFO   ] DREAMPlace - full step 68.815 ms
[INFO   ] DREAMPlace - optimizer step 22.585 ms
[INFO   ] DREAMPlace - iteration  344, ( 344,  0,  0), Obj 2.516954E+07, DensityWeight 1.611194E-06, wHPWL 7.209293E+07, Overflow 7.515333E-01, MaxDensity 5.623E+01, gamma 4.739344E+02, time 3.064ms
[INFO   ] DREAMPlace - full step 69.013 ms
[INFO   ] DREAMPlace - optimizer step 19.150 ms
[INFO   ] DREAMPlace - iteration  345, ( 345,  0,  0), Obj 2.539416E+07, DensityWeight 1.659005E-06, wHPWL 7.227404E+07, Overflow 7.493149E-01, MaxDensity 6.050E+01, gamma 4.682598E+02, time 5.288ms
[INFO   ] DREAMPlace - full step 31.687 ms
[INFO   ] DREAMPlace - optimizer step 22.599 ms
[INFO   ] DREAMPlace - iteration  346, ( 346,  0,  0), Obj 2.561715E+07, DensityWeight 1.698526E-06, wHPWL 7.244130E+07, Overflow 7.473437E-01, MaxDensity 6.014E+01, gamma 4.629746E+02, time 4.521ms
[INFO   ] DREAMPlace - full step 74.944 ms
[INFO   ] DREAMPlace - optimizer step 62.925 ms
[INFO   ] DREAMPlace - iteration  347, ( 347,  0,  0), Obj 2.584619E+07, DensityWeight 1.742351E-06, wHPWL 7.263768E+07, Overflow 7.452475E-01, MaxDensity 5.699E+01, gamma 4.583284E+02, time 5.206ms
[INFO   ] DREAMPlace - full step 75.350 ms
[INFO   ] DREAMPlace - optimizer step 22.718 ms
[INFO   ] DREAMPlace - iteration  348, ( 348,  0,  0), Obj 2.604875E+07, DensityWeight 1.780065E-06, wHPWL 7.280560E+07, Overflow 7.432846E-01, MaxDensity 5.338E+01, gamma 4.534386E+02, time 5.226ms
[INFO   ] DREAMPlace - full step 35.199 ms
[INFO   ] DREAMPlace - optimizer step 22.610 ms
[INFO   ] DREAMPlace - iteration  349, ( 349,  0,  0), Obj 2.627544E+07, DensityWeight 1.825825E-06, wHPWL 7.300408E+07, Overflow 7.411892E-01, MaxDensity 5.777E+01, gamma 4.489070E+02, time 5.209ms
[INFO   ] DREAMPlace - full step 35.058 ms
[INFO   ] DREAMPlace - optimizer step 58.335 ms
[INFO   ] DREAMPlace - iteration  350, ( 350,  0,  0), Obj 2.649175E+07, DensityWeight 1.864800E-06, wHPWL 7.319208E+07, Overflow 7.391072E-01, MaxDensity 5.748E+01, gamma 4.441198E+02, time 5.228ms
[INFO   ] DREAMPlace - full step 70.781 ms
[INFO   ] DREAMPlace - optimizer step 18.117 ms
[INFO   ] DREAMPlace - iteration  351, ( 351,  0,  0), Obj 2.673335E+07, DensityWeight 1.907391E-06, wHPWL 7.341081E+07, Overflow 7.369862E-01, MaxDensity 5.674E+01, gamma 4.394135E+02, time 5.227ms
[INFO   ] DREAMPlace - full step 30.577 ms
[INFO   ] DREAMPlace - optimizer step 22.668 ms
[INFO   ] DREAMPlace - iteration  352, ( 352,  0,  0), Obj 2.696563E+07, DensityWeight 1.942617E-06, wHPWL 7.360422E+07, Overflow 7.351539E-01, MaxDensity 5.642E+01, gamma 4.346704E+02, time 5.196ms
[INFO   ] DREAMPlace - full step 35.075 ms
[INFO   ] DREAMPlace - optimizer step 58.182 ms
[INFO   ] DREAMPlace - iteration  353, ( 353,  0,  0), Obj 2.721335E+07, DensityWeight 1.985486E-06, wHPWL 7.381837E+07, Overflow 7.331077E-01, MaxDensity 5.804E+01, gamma 4.306140E+02, time 5.208ms
[INFO   ] DREAMPlace - full step 69.087 ms
[INFO   ] DREAMPlace - optimizer step 18.975 ms
[INFO   ] DREAMPlace - iteration  354, ( 354,  0,  0), Obj 2.743036E+07, DensityWeight 2.023446E-06, wHPWL 7.400426E+07, Overflow 7.312557E-01, MaxDensity 5.604E+01, gamma 4.261292E+02, time 5.260ms
[INFO   ] DREAMPlace - full step 31.454 ms
[INFO   ] DREAMPlace - optimizer step 21.789 ms
[INFO   ] DREAMPlace - iteration  355, ( 355,  0,  0), Obj 2.767171E+07, DensityWeight 2.070270E-06, wHPWL 7.420434E+07, Overflow 7.293116E-01, MaxDensity 5.690E+01, gamma 4.221100E+02, time 8.161ms
[INFO   ] DREAMPlace - full step 37.139 ms
[INFO   ] DREAMPlace - optimizer step 54.222 ms
[INFO   ] DREAMPlace - iteration  356, ( 356,  0,  0), Obj 2.789151E+07, DensityWeight 2.113992E-06, wHPWL 7.438202E+07, Overflow 7.274370E-01, MaxDensity 5.392E+01, gamma 4.179319E+02, time 5.154ms
[INFO   ] DREAMPlace - full step 64.612 ms
[INFO   ] DREAMPlace - optimizer step 53.719 ms
[INFO   ] DREAMPlace - iteration  357, ( 357,  0,  0), Obj 2.812682E+07, DensityWeight 2.165388E-06, wHPWL 7.457387E+07, Overflow 7.257687E-01, MaxDensity 5.253E+01, gamma 4.139422E+02, time 5.220ms
[INFO   ] DREAMPlace - full step 66.218 ms
[INFO   ] DREAMPlace - optimizer step 22.518 ms
[INFO   ] DREAMPlace - iteration  358, ( 358,  0,  0), Obj 2.834357E+07, DensityWeight 2.213654E-06, wHPWL 7.473339E+07, Overflow 7.240249E-01, MaxDensity 5.641E+01, gamma 4.104236E+02, time 5.350ms
[INFO   ] DREAMPlace - full step 35.090 ms
[INFO   ] DREAMPlace - optimizer step 22.899 ms
[INFO   ] DREAMPlace - iteration  359, ( 359,  0,  0), Obj 2.855171E+07, DensityWeight 2.273221E-06, wHPWL 7.490302E+07, Overflow 7.225007E-01, MaxDensity 5.786E+01, gamma 4.067777E+02, time 33.041ms
[INFO   ] DREAMPlace - full step 63.159 ms
[I] plotting to obsfield_results/bigblue1/plot/iter0360.png takes 12.179 seconds
[INFO   ] DREAMPlace - plotting to obsfield_results/bigblue1/plot/iter0360.png takes 12.749 seconds
[INFO   ] DREAMPlace - optimizer step 32.740 ms
[INFO   ] DREAMPlace - iteration  360, ( 360,  0,  0), Obj 2.874814E+07, DensityWeight 2.331104E-06, wHPWL 7.503568E+07, Overflow 7.210543E-01, MaxDensity 5.738E+01, gamma 4.036175E+02, time 5.238ms
[INFO   ] DREAMPlace - full step 12798.812 ms
[INFO   ] DREAMPlace - optimizer step 32.414 ms
[INFO   ] DREAMPlace - iteration  361, ( 361,  0,  0), Obj 2.893635E+07, DensityWeight 2.402810E-06, wHPWL 7.518278E+07, Overflow 7.196370E-01, MaxDensity 5.629E+01, gamma 4.006414E+02, time 59.979ms
[INFO   ] DREAMPlace - full step 99.765 ms
[INFO   ] DREAMPlace - optimizer step 43.403 ms
[INFO   ] DREAMPlace - iteration  362, ( 362,  0,  0), Obj 2.910172E+07, DensityWeight 2.471741E-06, wHPWL 7.529485E+07, Overflow 7.182592E-01, MaxDensity 6.077E+01, gamma 3.977463E+02, time 8.071ms
[INFO   ] DREAMPlace - full step 58.665 ms
[INFO   ] DREAMPlace - optimizer step 24.597 ms
[INFO   ] DREAMPlace - iteration  363, ( 363,  0,  0), Obj 2.926742E+07, DensityWeight 2.555099E-06, wHPWL 7.541310E+07, Overflow 7.166649E-01, MaxDensity 5.783E+01, gamma 3.949522E+02, time 16.396ms
[INFO   ] DREAMPlace - full step 48.239 ms
[INFO   ] DREAMPlace - optimizer step 22.575 ms
[INFO   ] DREAMPlace - iteration  364, ( 364,  0,  0), Obj 2.941601E+07, DensityWeight 2.638993E-06, wHPWL 7.550149E+07, Overflow 7.153528E-01, MaxDensity 5.782E+01, gamma 3.917433E+02, time 5.178ms
[INFO   ] DREAMPlace - full step 33.343 ms
[INFO   ] DREAMPlace - optimizer step 59.791 ms
[INFO   ] DREAMPlace - iteration  365, ( 365,  0,  0), Obj 2.958381E+07, DensityWeight 2.737009E-06, wHPWL 7.559575E+07, Overflow 7.139741E-01, MaxDensity 5.842E+01, gamma 3.891219E+02, time 5.212ms
[INFO   ] DREAMPlace - full step 72.219 ms
[INFO   ] DREAMPlace - optimizer step 22.783 ms
[INFO   ] DREAMPlace - iteration  366, ( 366,  0,  0), Obj 2.971769E+07, DensityWeight 2.836342E-06, wHPWL 7.566115E+07, Overflow 7.128054E-01, MaxDensity 5.663E+01, gamma 3.863865E+02, time 5.235ms
[INFO   ] DREAMPlace - full step 35.245 ms
[INFO   ] DREAMPlace - optimizer step 21.532 ms
[INFO   ] DREAMPlace - iteration  367, ( 367,  0,  0), Obj 2.985228E+07, DensityWeight 2.951132E-06, wHPWL 7.572070E+07, Overflow 7.114655E-01, MaxDensity 5.411E+01, gamma 3.840829E+02, time 10.776ms
[INFO   ] DREAMPlace - full step 39.557 ms
[INFO   ] DREAMPlace - optimizer step 22.891 ms
[INFO   ] DREAMPlace - iteration  368, ( 368,  0,  0), Obj 2.995844E+07, DensityWeight 3.073074E-06, wHPWL 7.575186E+07, Overflow 7.102116E-01, MaxDensity 5.243E+01, gamma 3.814585E+02, time 38.149ms
[INFO   ] DREAMPlace - full step 68.220 ms
[INFO   ] DREAMPlace - optimizer step 52.638 ms
[INFO   ] DREAMPlace - iteration  369, ( 369,  0,  0), Obj 3.008068E+07, DensityWeight 3.212742E-06, wHPWL 7.579244E+07, Overflow 7.089866E-01, MaxDensity 5.149E+01, gamma 3.790190E+02, time 5.264ms
[INFO   ] DREAMPlace - full step 65.100 ms
[INFO   ] DREAMPlace - optimizer step 22.663 ms
[INFO   ] DREAMPlace - iteration  370, ( 370,  0,  0), Obj 3.019118E+07, DensityWeight 3.354348E-06, wHPWL 7.581886E+07, Overflow 7.077473E-01, MaxDensity 5.104E+01, gamma 3.766507E+02, time 5.188ms
[INFO   ] DREAMPlace - full step 35.074 ms
[INFO   ] DREAMPlace - optimizer step 22.609 ms
[INFO   ] DREAMPlace - iteration  371, ( 371,  0,  0), Obj 3.030340E+07, DensityWeight 3.509119E-06, wHPWL 7.585786E+07, Overflow 7.061752E-01, MaxDensity 5.031E+01, gamma 3.742697E+02, time 9.733ms
[INFO   ] DREAMPlace - full step 39.570 ms
[INFO   ] DREAMPlace - optimizer step 23.206 ms
[INFO   ] DREAMPlace - iteration  372, ( 372,  0,  0), Obj 3.041156E+07, DensityWeight 3.664593E-06, wHPWL 7.588418E+07, Overflow 7.049279E-01, MaxDensity 4.886E+01, gamma 3.712712E+02, time 43.099ms
[INFO   ] DREAMPlace - full step 73.571 ms
[INFO   ] DREAMPlace - optimizer step 22.295 ms
[INFO   ] DREAMPlace - iteration  373, ( 373,  0,  0), Obj 3.055664E+07, DensityWeight 3.833735E-06, wHPWL 7.593790E+07, Overflow 7.034107E-01, MaxDensity 4.610E+01, gamma 3.689092E+02, time 72.156ms
[INFO   ] DREAMPlace - full step 101.717 ms
[INFO   ] DREAMPlace - optimizer step 50.355 ms
[INFO   ] DREAMPlace - iteration  374, ( 374,  0,  0), Obj 3.068689E+07, DensityWeight 3.995389E-06, wHPWL 7.600798E+07, Overflow 7.018227E-01, MaxDensity 4.280E+01, gamma 3.660563E+02, time 5.087ms
[INFO   ] DREAMPlace - full step 62.788 ms
[INFO   ] DREAMPlace - optimizer step 22.793 ms
[INFO   ] DREAMPlace - iteration  375, ( 375,  0,  0), Obj 3.084924E+07, DensityWeight 4.154374E-06, wHPWL 7.610842E+07, Overflow 6.999502E-01, MaxDensity 4.275E+01, gamma 3.630939E+02, time 5.212ms
[INFO   ] DREAMPlace - full step 69.827 ms
[INFO   ] DREAMPlace - optimizer step 22.574 ms
[INFO   ] DREAMPlace - iteration  376, ( 376,  0,  0), Obj 3.103190E+07, DensityWeight 4.301442E-06, wHPWL 7.623574E+07, Overflow 6.980447E-01, MaxDensity 3.957E+01, gamma 3.596315E+02, time 5.206ms
[INFO   ] DREAMPlace - full step 35.065 ms
[INFO   ] DREAMPlace - optimizer step 23.280 ms
[INFO   ] DREAMPlace - iteration  377, ( 377,  0,  0), Obj 3.126224E+07, DensityWeight 4.437055E-06, wHPWL 7.641962E+07, Overflow 6.957369E-01, MaxDensity 3.874E+01, gamma 3.561421E+02, time 40.936ms
[INFO   ] DREAMPlace - full step 71.441 ms
[INFO   ] DREAMPlace - optimizer step 62.326 ms
[INFO   ] DREAMPlace - iteration  378, ( 378,  0,  0), Obj 3.151797E+07, DensityWeight 4.541004E-06, wHPWL 7.664299E+07, Overflow 6.931639E-01, MaxDensity 3.559E+01, gamma 3.519614E+02, time 5.164ms
[INFO   ] DREAMPlace - full step 74.776 ms
[INFO   ] DREAMPlace - optimizer step 60.239 ms
[INFO   ] DREAMPlace - iteration  379, ( 379,  0,  0), Obj 3.182956E+07, DensityWeight 4.621876E-06, wHPWL 7.691552E+07, Overflow 6.905611E-01, MaxDensity 3.658E+01, gamma 3.473580E+02, time 5.239ms
[INFO   ] DREAMPlace - full step 72.718 ms
[INFO   ] DREAMPlace - optimizer step 26.917 ms
[INFO   ] DREAMPlace - iteration  380, ( 380,  0,  0), Obj 3.218882E+07, DensityWeight 4.672061E-06, wHPWL 7.722558E+07, Overflow 6.879281E-01, MaxDensity 3.735E+01, gamma 3.427625E+02, time 5.213ms
[INFO   ] DREAMPlace - full step 39.311 ms
[INFO   ] DREAMPlace - optimizer step 22.579 ms
[INFO   ] DREAMPlace - iteration  381, ( 381,  0,  0), Obj 3.257691E+07, DensityWeight 4.698148E-06, wHPWL 7.757688E+07, Overflow 6.852416E-01, MaxDensity 3.564E+01, gamma 3.381753E+02, time 5.040ms
[INFO   ] DREAMPlace - full step 34.822 ms
[INFO   ] DREAMPlace - optimizer step 30.181 ms
[INFO   ] DREAMPlace - iteration  382, ( 382,  0,  0), Obj 3.298314E+07, DensityWeight 4.697294E-06, wHPWL 7.793878E+07, Overflow 6.827430E-01, MaxDensity 3.347E+01, gamma 3.335584E+02, time 70.363ms
[INFO   ] DREAMPlace - full step 107.750 ms
[INFO   ] DREAMPlace - optimizer step 22.065 ms
[INFO   ] DREAMPlace - iteration  383, ( 383,  0,  0), Obj 3.340626E+07, DensityWeight 4.689506E-06, wHPWL 7.831082E+07, Overflow 6.802137E-01, MaxDensity 3.486E+01, gamma 3.293212E+02, time 7.874ms
[INFO   ] DREAMPlace - full step 37.171 ms
[INFO   ] DREAMPlace - optimizer step 22.599 ms
[INFO   ] DREAMPlace - iteration  384, ( 384,  0,  0), Obj 3.382655E+07, DensityWeight 4.677782E-06, wHPWL 7.868478E+07, Overflow 6.780403E-01, MaxDensity 3.734E+01, gamma 3.250866E+02, time 36.000ms
[INFO   ] DREAMPlace - full step 65.810 ms
[INFO   ] DREAMPlace - optimizer step 64.987 ms
[INFO   ] DREAMPlace - iteration  385, ( 385,  0,  0), Obj 3.424906E+07, DensityWeight 4.666088E-06, wHPWL 7.904707E+07, Overflow 6.757577E-01, MaxDensity 3.620E+01, gamma 3.214913E+02, time 5.219ms
[INFO   ] DREAMPlace - full step 77.478 ms
[INFO   ] DREAMPlace - optimizer step 58.071 ms
[INFO   ] DREAMPlace - iteration  386, ( 386,  0,  0), Obj 3.464419E+07, DensityWeight 4.658096E-06, wHPWL 7.939730E+07, Overflow 6.741226E-01, MaxDensity 3.491E+01, gamma 3.177581E+02, time 5.286ms
[INFO   ] DREAMPlace - full step 70.584 ms
[INFO   ] DREAMPlace - optimizer step 22.475 ms
[INFO   ] DREAMPlace - iteration  387, ( 387,  0,  0), Obj 3.503579E+07, DensityWeight 4.657945E-06, wHPWL 7.971850E+07, Overflow 6.725799E-01, MaxDensity 3.958E+01, gamma 3.151107E+02, time 5.392ms
[INFO   ] DREAMPlace - full step 35.169 ms
[INFO   ] DREAMPlace - optimizer step 21.163 ms
[INFO   ] DREAMPlace - iteration  388, ( 388,  0,  0), Obj 3.537190E+07, DensityWeight 4.676684E-06, wHPWL 8.002937E+07, Overflow 6.715243E-01, MaxDensity 3.892E+01, gamma 3.126330E+02, time 5.547ms
[INFO   ] DREAMPlace - full step 31.973 ms
[INFO   ] DREAMPlace - optimizer step 50.981 ms
[INFO   ] DREAMPlace - iteration  389, ( 389,  0,  0), Obj 3.567216E+07, DensityWeight 4.702267E-06, wHPWL 8.029170E+07, Overflow 6.703017E-01, MaxDensity 3.839E+01, gamma 3.109489E+02, time 4.859ms
[INFO   ] DREAMPlace - full step 63.041 ms
[INFO   ] DREAMPlace - optimizer step 17.388 ms
[INFO   ] DREAMPlace - iteration  390, ( 390,  0,  0), Obj 3.592249E+07, DensityWeight 4.760088E-06, wHPWL 8.054201E+07, Overflow 6.695996E-01, MaxDensity 4.131E+01, gamma 3.090097E+02, time 5.187ms
[INFO   ] DREAMPlace - full step 29.794 ms
[INFO   ] DREAMPlace - optimizer step 22.587 ms
[INFO   ] DREAMPlace - iteration  391, ( 391,  0,  0), Obj 3.616354E+07, DensityWeight 4.826699E-06, wHPWL 8.075314E+07, Overflow 6.686456E-01, MaxDensity 4.104E+01, gamma 3.079017E+02, time 5.218ms
[INFO   ] DREAMPlace - full step 35.016 ms
[INFO   ] DREAMPlace - optimizer step 49.980 ms
[INFO   ] DREAMPlace - iteration  392, ( 392,  0,  0), Obj 3.635623E+07, DensityWeight 4.921048E-06, wHPWL 8.096523E+07, Overflow 6.681908E-01, MaxDensity 3.814E+01, gamma 3.064022E+02, time 5.231ms
[INFO   ] DREAMPlace - full step 62.595 ms
[INFO   ] DREAMPlace - optimizer step 22.541 ms
[INFO   ] DREAMPlace - iteration  393, ( 393,  0,  0), Obj 3.653408E+07, DensityWeight 5.016565E-06, wHPWL 8.111862E+07, Overflow 6.675125E-01, MaxDensity 3.909E+01, gamma 3.056901E+02, time 3.456ms
[INFO   ] DREAMPlace - full step 31.757 ms
[INFO   ] DREAMPlace - optimizer step 29.249 ms
[INFO   ] DREAMPlace - iteration  394, ( 394,  0,  0), Obj 3.666179E+07, DensityWeight 5.155957E-06, wHPWL 8.126588E+07, Overflow 6.669147E-01, MaxDensity 4.044E+01, gamma 3.046309E+02, time 5.219ms
[INFO   ] DREAMPlace - full step 40.906 ms
[INFO   ] DREAMPlace - optimizer step 61.132 ms
[INFO   ] DREAMPlace - iteration  395, ( 395,  0,  0), Obj 3.677234E+07, DensityWeight 5.303756E-06, wHPWL 8.135184E+07, Overflow 6.663095E-01, MaxDensity 3.951E+01, gamma 3.037005E+02, time 5.261ms
[INFO   ] DREAMPlace - full step 73.651 ms
[INFO   ] DREAMPlace - optimizer step 21.153 ms
[INFO   ] DREAMPlace - iteration  396, ( 396,  0,  0), Obj 3.686915E+07, DensityWeight 5.502610E-06, wHPWL 8.143002E+07, Overflow 6.657548E-01, MaxDensity 3.980E+01, gamma 3.027615E+02, time 3.019ms
[INFO   ] DREAMPlace - full step 30.578 ms
[INFO   ] DREAMPlace - optimizer step 19.407 ms
[INFO   ] DREAMPlace - iteration  397, ( 397,  0,  0), Obj 3.694014E+07, DensityWeight 5.715117E-06, wHPWL 8.146014E+07, Overflow 6.651499E-01, MaxDensity 4.037E+01, gamma 3.019035E+02, time 5.260ms
[INFO   ] DREAMPlace - full step 32.088 ms
[INFO   ] DREAMPlace - optimizer step 48.629 ms
[INFO   ] DREAMPlace - iteration  398, ( 398,  0,  0), Obj 3.699051E+07, DensityWeight 5.975723E-06, wHPWL 8.146341E+07, Overflow 6.645776E-01, MaxDensity 4.186E+01, gamma 3.009704E+02, time 8.319ms
[INFO   ] DREAMPlace - full step 64.185 ms
[INFO   ] DREAMPlace - optimizer step 17.054 ms
[INFO   ] DREAMPlace - iteration  399, ( 399,  0,  0), Obj 3.701794E+07, DensityWeight 6.271654E-06, wHPWL 8.141610E+07, Overflow 6.635398E-01, MaxDensity 3.753E+01, gamma 3.000904E+02, time 5.225ms
[INFO   ] DREAMPlace - full step 29.512 ms
[INFO   ] DREAMPlace - optimizer step 24.996 ms
[INFO   ] DREAMPlace - iteration  400, ( 400,  0,  0), Obj 3.703515E+07, DensityWeight 6.453533E-06, wHPWL 8.135030E+07, Overflow 6.627095E-01, MaxDensity 3.700E+01, gamma 2.985009E+02, time 5.199ms
[INFO   ] DREAMPlace - full step 35.645 ms
[INFO   ] DREAMPlace - optimizer step 65.179 ms
[INFO   ] DREAMPlace - iteration  401, ( 401,  0,  0), Obj 3.707138E+07, DensityWeight 6.640686E-06, wHPWL 8.124481E+07, Overflow 6.615469E-01, MaxDensity 3.697E+01, gamma 2.972356E+02, time 5.218ms
[INFO   ] DREAMPlace - full step 77.868 ms
[INFO   ] DREAMPlace - optimizer step 58.640 ms
[INFO   ] DREAMPlace - iteration  402, ( 402,  0,  0), Obj 3.709123E+07, DensityWeight 6.833266E-06, wHPWL 8.112488E+07, Overflow 6.604003E-01, MaxDensity 3.823E+01, gamma 2.954725E+02, time 4.393ms
[INFO   ] DREAMPlace - full step 65.757 ms
[INFO   ] DREAMPlace - optimizer step 14.957 ms
[INFO   ] DREAMPlace - iteration  403, ( 403,  0,  0), Obj 3.711442E+07, DensityWeight 7.031430E-06, wHPWL 8.095218E+07, Overflow 6.591724E-01, MaxDensity 3.706E+01, gamma 2.937441E+02, time 0.818ms
[INFO   ] DREAMPlace - full step 25.400 ms
[INFO   ] DREAMPlace - optimizer step 60.337 ms
[INFO   ] DREAMPlace - iteration  404, ( 404,  0,  0), Obj 3.713022E+07, DensityWeight 7.235342E-06, wHPWL 8.074274E+07, Overflow 6.577733E-01, MaxDensity 3.748E+01, gamma 2.919044E+02, time 4.359ms
[INFO   ] DREAMPlace - full step 72.000 ms
[WARNING] DEF input file not specified, cannot output DEF file; set to DEFSIMPLE
[INFO   ] lef_input = 
[INFO   ] def_input = 
[INFO   ] verilog_input = 
[INFO   ] bookshelf_aux_input = benchmarks/ispd2005/bigblue1/bigblue1.aux
[INFO   ] bookshelf_pl_input = 
[INFO   ] def_size_input = 
[INFO   ] def_output = -out.def
[INFO   ] rpt_output = 
[INFO   ] target_util = 0
[INFO   ] max_displace = 0
[INFO   ] bin size = (10, 10) #rows
[INFO   ] sbin size = (5, 5) #rows
[INFO   ] bin_space_threshold = 0.2
[INFO   ] abu = 2,10 5,5 10,2 20,1 
[INFO   ] def_ignore_cells = 
[INFO   ] macro_obs_aware_layers = 
[INFO   ] enable_place = true
[INFO   ] enable_legalize = true
[INFO   ] evaluate_overlap = false
[INFO   ] move_multi_row_cell = true
[INFO   ] align_power_line = true
[INFO   ] cluster_cell = false
[INFO   ] sort_nets_by_degree = false
[INFO   ] file_format = BOOKSHELF
[INFO   ] max_iters = 6
[WARNING] no DEF file specified
[WARNING] no Verilog file specified
[INFO   ] reading benchmarks/ispd2005/bigblue1/bigblue1.aux
[WARNING] no additional Bookshelf .pl file specified
[WARNING] 14016 nets with 17057 pins from same nodes
[WARNING] 1709 nets should be ignored due to not enough pins
[INFO   ] sort nodes in the order of movable and fixed
[INFO   ] Group cells for fence regions
[INFO   ] Construct 0 groups
[INFO   ] Fence region groups done
[DEBUG  ] num_terminals 560, numFixed 560, numPlaceBlockages 0, num_terminal_NIs 0
[INFO   ] -- Converting Node Orientation --
[INFO   ] ---------------------------------
[INFO   ] -------- Area Statistics --------
[INFO   ] fixed area overlap = 1.96398e+07
[INFO   ] fixed area total = 3.60628e+07
[INFO   ] space area = 9.45507e+07
[INFO   ] ---------------------------------
[DEBUG  ] deterministic mode: integer 32 bits, fraction 32 bits, scale factor 4294967296
[DEBUG  ] deterministic mode: integer 32 bits, fraction 32 bits, scale factor 4294967296
[INFO   ] writing placement to obsfield_results/bigblue1/plot/iter0000.png
[WARNING] filename = obsfield_results/bigblue1/plot/iter0000.png, width = 800, height = 799, file format = 3 not used, as DRAWPLACE not enabled
[INFO   ] writing placement to obsfield_results/bigblue1/plot/iter0045.png
[WARNING] filename = obsfield_results/bigblue1/plot/iter0045.png, width = 800, height = 799, file format = 3 not used, as DRAWPLACE not enabled
[INFO   ] writing placement to obsfield_results/bigblue1/plot/iter0090.png
[WARNING] filename = obsfield_results/bigblue1/plot/iter0090.png, width = 800, height = 799, file format = 3 not used, as DRAWPLACE not enabled
[INFO   ] writing placement to obsfield_results/bigblue1/plot/iter0135.png
[WARNING] filename = obsfield_results/bigblue1/plot/iter0135.png, width = 800, height = 799, file format = 3 not used, as DRAWPLACE not enabled
[INFO   ] writing placement to obsfield_results/bigblue1/plot/iter0180.png
[WARNING] filename = obsfield_results/bigblue1/plot/iter0180.png, width = 800, height = 799, file format = 3 not used, as DRAWPLACE not enabled
[INFO   ] writing placement to obsfield_results/bigblue1/plot/iter0225.png
[WARNING] filename = obsfield_results/bigblue1/plot/iter0225.png, width = 800, height = 799, file format = 3 not used, as DRAWPLACE not enabled
[INFO   ] writing placement to obsfield_results/bigblue1/plot/iter0270.png
[WARNING] filename = obsfield_results/bigblue1/plot/iter0270.png, width = 800, height = 799, file format = 3 not used, as DRAWPLACE not enabled
[INFO   ] writing placement to obsfield_results/bigblue1/plot/iter0315.png
[WARNING] filename = obsfield_results/bigblue1/plot/iter0315.png, width = 800, height = 799, file format = 3 not used, as DRAWPLACE not enabled
[INFO   ] writing placement to obsfield_results/bigblue1/plot/iter0360.png
[WARNING] filename = obsfield_results/bigblue1/plot/iter0360.png, width = 800, height = 799, file format = 3 not used, as DRAWPLACE not enabled
[INFO   ] writing placement to obsfield_results/bigblue1/plot/iter0405.png
[WARNING] filename = obsfield_results/bigblue1/plot/iter0405.png, width = 800, height = 799, file format = 3 not used, as DRAWPLACE not en[I] plotting to obsfield_results/bigblue1/plot/iter0405.png takes 12.982 seconds
[INFO   ] DREAMPlace - plotting to obsfield_results/bigblue1/plot/iter0405.png takes 13.862 seconds
[INFO   ] DREAMPlace - optimizer step 28.071 ms
[INFO   ] DREAMPlace - iteration  405, ( 405,  0,  0), Obj 3.714490E+07, DensityWeight 7.445168E-06, wHPWL 8.050494E+07, Overflow 6.563194E-01, MaxDensity 3.613E+01, gamma 2.898221E+02, time 5.200ms
[INFO   ] DREAMPlace - full step 13906.693 ms
[INFO   ] DREAMPlace - optimizer step 68.731 ms
[INFO   ] DREAMPlace - iteration  406, ( 406,  0,  0), Obj 3.718564E+07, DensityWeight 7.661078E-06, wHPWL 8.026461E+07, Overflow 6.547477E-01, MaxDensity 3.389E+01, gamma 2.876740E+02, time 4.934ms
[INFO   ] DREAMPlace - full step 80.906 ms
[INFO   ] DREAMPlace - optimizer step 62.395 ms
[INFO   ] DREAMPlace - iteration  407, ( 407,  0,  0), Obj 3.724306E+07, DensityWeight 7.883249E-06, wHPWL 8.003778E+07, Overflow 6.530651E-01, MaxDensity 3.123E+01, gamma 2.853696E+02, time 5.141ms
[INFO   ] DREAMPlace - full step 74.702 ms
[INFO   ] DREAMPlace - optimizer step 58.738 ms
[INFO   ] DREAMPlace - iteration  408, ( 408,  0,  0), Obj 3.732527E+07, DensityWeight 8.111863E-06, wHPWL 7.981901E+07, Overflow 6.511558E-01, MaxDensity 3.006E+01, gamma 2.829233E+02, time 5.120ms
[INFO   ] DREAMPlace - full step 70.489 ms
[INFO   ] DREAMPlace - optimizer step 79.469 ms
[INFO   ] DREAMPlace - iteration  409, ( 409,  0,  0), Obj 3.743144E+07, DensityWeight 8.347108E-06, wHPWL 7.962210E+07, Overflow 6.491024E-01, MaxDensity 2.964E+01, gamma 2.801727E+02, time 5.140ms
[INFO   ] DREAMPlace - full step 91.781 ms
[INFO   ] DREAMPlace - optimizer step 22.248 ms
[INFO   ] DREAMPlace - iteration  410, ( 410,  0,  0), Obj 3.758012E+07, DensityWeight 8.589174E-06, wHPWL 7.945763E+07, Overflow 6.470787E-01, MaxDensity 2.965E+01, gamma 2.772444E+02, time 5.143ms
[INFO   ] DREAMPlace - full step 34.530 ms
[INFO   ] DREAMPlace - optimizer step 22.231 ms
[INFO   ] DREAMPlace - iteration  411, ( 411,  0,  0), Obj 3.776884E+07, DensityWeight 8.838260E-06, wHPWL 7.935079E+07, Overflow 6.447704E-01, MaxDensity 3.063E+01, gamma 2.743882E+02, time 5.150ms
[INFO   ] DREAMPlace - full step 34.554 ms
[INFO   ] DREAMPlace - optimizer step 53.602 ms
[INFO   ] DREAMPlace - iteration  412, ( 412,  0,  0), Obj 3.798524E+07, DensityWeight 9.094570E-06, wHPWL 7.929848E+07, Overflow 6.427435E-01, MaxDensity 3.105E+01, gamma 2.711666E+02, time 5.263ms
[INFO   ] DREAMPlace - full step 66.023 ms
[INFO   ] DREAMPlace - optimizer step 58.493 ms
[INFO   ] DREAMPlace - iteration  413, ( 413,  0,  0), Obj 3.825502E+07, DensityWeight 9.358313E-06, wHPWL 7.931520E+07, Overflow 6.401988E-01, MaxDensity 2.828E+01, gamma 2.683686E+02, time 3.072ms
[INFO   ] DREAMPlace - full step 70.783 ms
[INFO   ] DREAMPlace - optimizer step 20.543 ms
[INFO   ] DREAMPlace - iteration  414, ( 414,  0,  0), Obj 3.853717E+07, DensityWeight 9.803353E-06, wHPWL 7.940102E+07, Overflow 6.381144E-01, MaxDensity 2.824E+01, gamma 2.648970E+02, time 6.819ms
[INFO   ] DREAMPlace - full step 34.570 ms
[INFO   ] DREAMPlace - optimizer step 24.629 ms
[INFO   ] DREAMPlace - iteration  415, ( 415,  0,  0), Obj 3.889652E+07, DensityWeight 1.017110E-05, wHPWL 7.956723E+07, Overflow 6.354426E-01, MaxDensity 2.728E+01, gamma 2.620866E+02, time 5.115ms
[INFO   ] DREAMPlace - full step 36.889 ms
[INFO   ] DREAMPlace - optimizer step 51.595 ms
[INFO   ] DREAMPlace - iteration  416, ( 416,  0,  0), Obj 3.925732E+07, DensityWeight 1.043506E-05, wHPWL 7.980654E+07, Overflow 6.329559E-01, MaxDensity 2.866E+01, gamma 2.585280E+02, time 5.132ms
[INFO   ] DREAMPlace - full step 63.921 ms
[INFO   ] DREAMPlace - optimizer step 22.259 ms
[INFO   ] DREAMPlace - iteration  417, ( 417,  0,  0), Obj 3.970320E+07, DensityWeight 1.059732E-05, wHPWL 8.012468E+07, Overflow 6.301554E-01, MaxDensity 2.666E+01, gamma 2.552593E+02, time 5.116ms
[INFO   ] DREAMPlace - full step 66.958 ms
[INFO   ] DREAMPlace - optimizer step 22.031 ms
[INFO   ] DREAMPlace - iteration  418, ( 418,  0,  0), Obj 4.016752E+07, DensityWeight 1.064450E-05, wHPWL 8.048965E+07, Overflow 6.273714E-01, MaxDensity 2.799E+01, gamma 2.516276E+02, time 5.143ms
[INFO   ] DREAMPlace - full step 34.594 ms
[INFO   ] DREAMPlace - optimizer step 21.589 ms
[INFO   ] DREAMPlace - iteration  419, ( 419,  0,  0), Obj 4.067440E+07, DensityWeight 1.062231E-05, wHPWL 8.088107E+07, Overflow 6.247334E-01, MaxDensity 2.728E+01, gamma 2.480685E+02, time 33.073ms
[INFO   ] DREAMPlace - full step 61.814 ms
[INFO   ] DREAMPlace - optimizer step 60.340 ms
[INFO   ] DREAMPlace - iteration  420, ( 420,  0,  0), Obj 4.117604E+07, DensityWeight 1.059575E-05, wHPWL 8.123666E+07, Overflow 6.222284E-01, MaxDensity 2.684E+01, gamma 2.447426E+02, time 5.141ms
[INFO   ] DREAMPlace - full step 72.614 ms
[INFO   ] DREAMPlace - optimizer step 26.772 ms
[INFO   ] DREAMPlace - iteration  421, ( 421,  0,  0), Obj 4.165987E+07, DensityWeight 1.058750E-05, wHPWL 8.157422E+07, Overflow 6.197672E-01, MaxDensity 2.622E+01, gamma 2.416256E+02, time 5.114ms
[INFO   ] DREAMPlace - full step 71.975 ms
[INFO   ] DREAMPlace - optimizer step 22.254 ms
[INFO   ] DREAMPlace - iteration  422, ( 422,  0,  0), Obj 4.210864E+07, DensityWeight 1.060587E-05, wHPWL 8.184382E+07, Overflow 6.175877E-01, MaxDensity 2.822E+01, gamma 2.386017E+02, time 5.127ms
[INFO   ] DREAMPlace - full step 34.513 ms
[INFO   ] DREAMPlace - optimizer step 22.225 ms
[INFO   ] DREAMPlace - iteration  423, ( 423,  0,  0), Obj 4.254006E+07, DensityWeight 1.072541E-05, wHPWL 8.208934E+07, Overflow 6.158462E-01, MaxDensity 2.594E+01, gamma 2.359554E+02, time 5.135ms
[INFO   ] DREAMPlace - full step 34.537 ms
[INFO   ] DREAMPlace - optimizer step 60.883 ms
[INFO   ] DREAMPlace - iteration  424, ( 424,  0,  0), Obj 4.292046E+07, DensityWeight 1.088276E-05, wHPWL 8.226522E+07, Overflow 6.146227E-01, MaxDensity 2.743E+01, gamma 2.338622E+02, time 5.145ms
[INFO   ] DREAMPlace - full step 73.117 ms
[INFO   ] DREAMPlace - optimizer step 56.201 ms
[INFO   ] DREAMPlace - iteration  425, ( 425,  0,  0), Obj 4.324010E+07, DensityWeight 1.115016E-05, wHPWL 8.241062E+07, Overflow 6.135694E-01, MaxDensity 2.868E+01, gamma 2.324026E+02, time 5.126ms
[INFO   ] DREAMPlace - full step 68.493 ms
[INFO   ] DREAMPlace - optimizer step 22.143 ms
[INFO   ] DREAMPlace - iteration  426, ( 426,  0,  0), Obj 4.347647E+07, DensityWeight 1.147274E-05, wHPWL 8.247580E+07, Overflow 6.127431E-01, MaxDensity 2.891E+01, gamma 2.311536E+02, time 5.234ms
[INFO   ] DREAMPlace - full step 34.501 ms
[INFO   ] DREAMPlace - optimizer step 22.204 ms
[INFO   ] DREAMPlace - iteration  427, ( 427,  0,  0), Obj 4.368063E+07, DensityWeight 1.193743E-05, wHPWL 8.252917E+07, Overflow 6.119375E-01, MaxDensity 2.899E+01, gamma 2.301783E+02, time 34.477ms
[INFO   ] DREAMPlace - full step 63.787 ms
[INFO   ] DREAMPlace - optimizer step 53.726 ms
[INFO   ] DREAMPlace - iteration  428, ( 428,  0,  0), Obj 4.384448E+07, DensityWeight 1.244139E-05, wHPWL 8.253938E+07, Overflow 6.112725E-01, MaxDensity 2.996E+01, gamma 2.292314E+02, time 5.139ms
[INFO   ] DREAMPlace - full step 66.017 ms
[INFO   ] DREAMPlace - optimizer step 64.477 ms
[INFO   ] DREAMPlace - iteration  429, ( 429,  0,  0), Obj 4.399735E+07, DensityWeight 1.304488E-05, wHPWL 8.255557E+07, Overflow 6.103414E-01, MaxDensity 2.712E+01, gamma 2.284526E+02, time 5.129ms
[INFO   ] DREAMPlace - full step 75.013 ms
[INFO   ] DREAMPlace - optimizer step 24.615 ms
[INFO   ] DREAMPlace - iteration  430, ( 430,  0,  0), Obj 4.411557E+07, DensityWeight 1.366625E-05, wHPWL 8.252560E+07, Overflow 6.092876E-01, MaxDensity 2.812E+01, gamma 2.273669E+02, time 5.177ms
[INFO   ] DREAMPlace - full step 36.896 ms
[INFO   ] DREAMPlace - optimizer step 22.264 ms
[INFO   ] DREAMPlace - iteration  431, ( 431,  0,  0), Obj 4.424869E+07, DensityWeight 1.406257E-05, wHPWL 8.249985E+07, Overflow 6.077922E-01, MaxDensity 2.911E+01, gamma 2.261442E+02, time 5.116ms
[INFO   ] DREAMPlace - full step 34.544 ms
[INFO   ] DREAMPlace - optimizer step 64.690 ms
[INFO   ] DREAMPlace - iteration  432, ( 432,  0,  0), Obj 4.438381E+07, DensityWeight 1.447038E-05, wHPWL 8.244907E+07, Overflow 6.058202E-01, MaxDensity 2.988E+01, gamma 2.244204E+02, time 5.253ms
[INFO   ] DREAMPlace - full step 77.123 ms
[INFO   ] DREAMPlace - optimizer step 53.730 ms
[INFO   ] DREAMPlace - iteration  433, ( 433,  0,  0), Obj 4.456924E+07, DensityWeight 1.489002E-05, wHPWL 8.243191E+07, Overflow 6.036758E-01, MaxDensity 2.665E+01, gamma 2.221673E+02, time 5.132ms
[INFO   ] DREAMPlace - full step 65.988 ms
[INFO   ] DREAMPlace - optimizer step 62.347 ms
[INFO   ] DREAMPlace - iteration  434, ( 434,  0,  0), Obj 4.480102E+07, DensityWeight 1.532184E-05, wHPWL 8.241354E+07, Overflow 6.014963E-01, MaxDensity 2.768E+01, gamma 2.197429E+02, time 18.084ms
[INFO   ] DREAMPlace - full step 87.599 ms
[INFO   ] DREAMPlace - optimizer step 22.201 ms
[INFO   ] DREAMPlace - iteration  435, ( 435,  0,  0), Obj 4.507214E+07, DensityWeight 1.576617E-05, wHPWL 8.244344E+07, Overflow 5.990651E-01, MaxDensity 2.761E+01, gamma 2.173058E+02, time 5.118ms
[INFO   ] DREAMPlace - full step 34.508 ms
[INFO   ] DREAMPlace - optimizer step 22.250 ms
[INFO   ] DREAMPlace - iteration  436, ( 436,  0,  0), Obj 4.535012E+07, DensityWeight 1.648563E-05, wHPWL 8.246602E+07, Overflow 5.963613E-01, MaxDensity 2.647E+01, gamma 2.146192E+02, time 11.422ms
[INFO   ] DREAMPlace - full step 40.796 ms
[INFO   ] DREAMPlace - optimizer step 24.462 ms
[INFO   ] DREAMPlace - iteration  437, ( 437,  0,  0), Obj 4.567021E+07, DensityWeight 1.725550E-05, wHPWL 8.253141E+07, Overflow 5.936807E-01, MaxDensity 2.812E+01, gamma 2.116705E+02, time 39.119ms
[INFO   ] DREAMPlace - full step 70.778 ms
[INFO   ] DREAMPlace - optimizer step 57.923 ms
[INFO   ] DREAMPlace - iteration  438, ( 438,  0,  0), Obj 4.603281E+07, DensityWeight 1.795388E-05, wHPWL 8.262402E+07, Overflow 5.907003E-01, MaxDensity 2.703E+01, gamma 2.087871E+02, time 9.340ms
[INFO   ] DREAMPlace - full step 74.411 ms
[INFO   ] DREAMPlace - optimizer step 54.190 ms
[INFO   ] DREAMPlace - iteration  439, ( 439,  0,  0), Obj 4.643114E+07, DensityWeight 1.860977E-05, wHPWL 8.279152E+07, Overflow 5.876229E-01, MaxDensity 2.718E+01, gamma 2.056271E+02, time 11.265ms
[INFO   ] DREAMPlace - full step 71.795 ms
[INFO   ] DREAMPlace - optimizer step 22.215 ms
[INFO   ] DREAMPlace - iteration  440, ( 440,  0,  0), Obj 4.686670E+07, DensityWeight 1.908928E-05, wHPWL 8.297242E+07, Overflow 5.841574E-01, MaxDensity 2.590E+01, gamma 2.024145E+02, time 9.686ms
[INFO   ] DREAMPlace - full step 72.613 ms
[INFO   ] DREAMPlace - optimizer step 22.234 ms
[INFO   ] DREAMPlace - iteration  441, ( 441,  0,  0), Obj 4.733396E+07, DensityWeight 1.954462E-05, wHPWL 8.319539E+07, Overflow 5.808471E-01, MaxDensity 2.604E+01, gamma 1.988569E+02, time 5.151ms
[INFO   ] DREAMPlace - full step 34.535 ms
[INFO   ] DREAMPlace - optimizer step 26.783 ms
[INFO   ] DREAMPlace - iteration  442, ( 442,  0,  0), Obj 4.783605E+07, DensityWeight 1.989378E-05, wHPWL 8.340650E+07, Overflow 5.775942E-01, MaxDensity 2.533E+01, gamma 1.955169E+02, time 7.534ms
[INFO   ] DREAMPlace - full step 41.435 ms
[INFO   ] DREAMPlace - optimizer step 22.210 ms
[INFO   ] DREAMPlace - iteration  443, ( 443,  0,  0), Obj 4.833494E+07, DensityWeight 2.028272E-05, wHPWL 8.362699E+07, Overflow 5.744999E-01, MaxDensity 2.583E+01, gamma 1.922896E+02, time 40.850ms
[INFO   ] DREAMPlace - full step 70.128 ms
[INFO   ] DREAMPlace - optimizer step 55.858 ms
[INFO   ] DREAMPlace - iteration  444, ( 444,  0,  0), Obj 4.880952E+07, DensityWeight 2.065221E-05, wHPWL 8.379339E+07, Overflow 5.716161E-01, MaxDensity 2.343E+01, gamma 1.892690E+02, time 5.131ms
[INFO   ] DREAMPlace - full step 68.123 ms
[INFO   ] DREAMPlace - optimizer step 22.193 ms
[INFO   ] DREAMPlace - iteration  445, ( 445,  0,  0), Obj 4.926006E+07, DensityWeight 2.118760E-05, wHPWL 8.393756E+07, Overflow 5.693156E-01, MaxDensity 2.658E+01, gamma 1.864966E+02, time 5.147ms
[INFO   ] DREAMPlace - full step 34.497 ms
[INFO   ] DREAMPlace - optimizer step 22.242 ms
[INFO   ] DREAMPlace - iteration  446, ( 446,  0,  0), Obj 4.967237E+07, DensityWeight 2.180434E-05, wHPWL 8.402925E+07, Overflow 5.671648E-01, MaxDensity 2.512E+01, gamma 1.843142E+02, time 5.117ms
[INFO   ] DREAMPlace - full step 34.459 ms
[INFO   ] DREAMPlace - optimizer step 62.689 ms
[INFO   ] DREAMPlace - iteration  447, ( 447,  0,  0), Obj 5.002517E+07, DensityWeight 2.260380E-05, wHPWL 8.410350E+07, Overflow 5.655214E-01, MaxDensity 2.456E+01, gamma 1.822969E+02, time 5.115ms
[INFO   ] DREAMPlace - full step 74.941 ms
[INFO   ] DREAMPlace - optimizer step 53.721 ms
[INFO   ] DREAMPlace - iteration  448, ( 448,  0,  0), Obj 5.033999E+07, DensityWeight 2.348958E-05, wHPWL 8.412731E+07, Overflow 5.638552E-01, MaxDensity 2.686E+01, gamma 1.807704E+02, time 5.146ms
[INFO   ] DREAMPlace - full step 66.028 ms
[INFO   ] DREAMPlace - optimizer step 22.275 ms
[INFO   ] DREAMPlace - iteration  449, ( 449,  0,  0), Obj 5.061024E+07, DensityWeight 2.458233E-05, wHPWL 8.415527E+07, Overflow 5.620780E-01, MaxDensity 2.541E+01, gamma 1.792357E+02, time 5.130ms
[INFO   ] DREAMPlace - full step 72.335 ms
[I] plotting to obsfield_results/bigblue1/plot/iter0450.png takes 13.238 seconds
[INFO   ] DREAMPlace - plotting to obsfield_results/bigblue1/plot/iter0450.png takes 14.327 seconds
[INFO   ] DREAMPlace - optimizer step 47.043 ms
[INFO   ] DREAMPlace - iteration  450, ( 450,  0,  0), Obj 5.087226E+07, DensityWeight 2.571104E-05, wHPWL 8.416629E+07, Overflow 5.605059E-01, MaxDensity 2.453E+01, gamma 1.776132E+02, time 5.130ms
[INFO   ] DREAMPlace - full step 14386.722 ms
[INFO   ] DREAMPlace - optimizer step 2.786 ms
[INFO   ] DREAMPlace - iteration  451, ( 451,  0,  0), Obj 5.115071E+07, DensityWeight 2.695517E-05, wHPWL 8.420656E+07, Overflow 5.588028E-01, MaxDensity 2.537E+01, gamma 1.761902E+02, time 0.960ms
[INFO   ] DREAMPlace - full step 4.647 ms
[INFO   ] DREAMPlace - optimizer step 2.658 ms
[INFO   ] DREAMPlace - iteration  452, ( 452,  0,  0), Obj 5.142346E+07, DensityWeight 2.814448E-05, wHPWL 8.426454E+07, Overflow 5.571273E-01, MaxDensity 2.488E+01, gamma 1.746615E+02, time 0.814ms
[INFO   ] DREAMPlace - full step 4.100 ms
[INFO   ] DREAMPlace - optimizer step 2.637 ms
[INFO   ] DREAMPlace - iteration  453, ( 453,  0,  0), Obj 5.172089E+07, DensityWeight 2.931380E-05, wHPWL 8.436619E+07, Overflow 5.547069E-01, MaxDensity 2.461E+01, gamma 1.731704E+02, time 0.793ms
[INFO   ] DREAMPlace - full step 3.972 ms
[INFO   ] DREAMPlace - optimizer step 2.858 ms
[INFO   ] DREAMPlace - iteration  454, ( 454,  0,  0), Obj 5.204180E+07, DensityWeight 3.034642E-05, wHPWL 8.451456E+07, Overflow 5.523133E-01, MaxDensity 2.322E+01, gamma 1.710390E+02, time 0.803ms
[INFO   ] DREAMPlace - full step 4.204 ms
[INFO   ] DREAMPlace - optimizer step 5.853 ms
[INFO   ] DREAMPlace - iteration  455, ( 455,  0,  0), Obj 5.245365E+07, DensityWeight 3.121149E-05, wHPWL 8.473970E+07, Overflow 5.494341E-01, MaxDensity 2.428E+01, gamma 1.689569E+02, time 0.810ms
[INFO   ] DREAMPlace - full step 7.203 ms
[INFO   ] DREAMPlace - optimizer step 3.750 ms
[INFO   ] DREAMPlace - iteration  456, ( 456,  0,  0), Obj 5.290664E+07, DensityWeight 3.175951E-05, wHPWL 8.503280E+07, Overflow 5.466887E-01, MaxDensity 2.153E+01, gamma 1.664860E+02, time 0.797ms
[INFO   ] DREAMPlace - full step 5.079 ms
[INFO   ] DREAMPlace - optimizer step 2.612 ms
[INFO   ] DREAMPlace - iteration  457, ( 457,  0,  0), Obj 5.341863E+07, DensityWeight 3.201241E-05, wHPWL 8.537262E+07, Overflow 5.435058E-01, MaxDensity 2.129E+01, gamma 1.641636E+02, time 0.772ms
[INFO   ] DREAMPlace - full step 3.940 ms
[INFO   ] DREAMPlace - optimizer step 3.016 ms
[INFO   ] DREAMPlace - iteration  458, ( 458,  0,  0), Obj 5.393428E+07, DensityWeight 3.205785E-05, wHPWL 8.571794E+07, Overflow 5.406431E-01, MaxDensity 2.057E+01, gamma 1.615116E+02, time 71.924ms
[INFO   ] DREAMPlace - full step 75.518 ms
[INFO   ] DREAMPlace - optimizer step 2.754 ms
[INFO   ] DREAMPlace - iteration  459, ( 459,  0,  0), Obj 5.447411E+07, DensityWeight 3.207880E-05, wHPWL 8.605312E+07, Overflow 5.379424E-01, MaxDensity 2.134E+01, gamma 1.591630E+02, time 0.933ms
[INFO   ] DREAMPlace - full step 4.230 ms
[INFO   ] DREAMPlace - optimizer step 7.371 ms
[INFO   ] DREAMPlace - iteration  460, ( 460,  0,  0), Obj 5.497582E+07, DensityWeight 3.214512E-05, wHPWL 8.634190E+07, Overflow 5.357943E-01, MaxDensity 1.953E+01, gamma 1.569786E+02, time 0.799ms
[INFO   ] DREAMPlace - full step 8.722 ms
[INFO   ] DREAMPlace - optimizer step 2.626 ms
[INFO   ] DREAMPlace - iteration  461, ( 461,  0,  0), Obj 5.541954E+07, DensityWeight 3.242064E-05, wHPWL 8.656678E+07, Overflow 5.340670E-01, MaxDensity 2.065E+01, gamma 1.552626E+02, time 0.780ms
[INFO   ] DREAMPlace - full step 3.944 ms
[INFO   ] DREAMPlace - optimizer step 2.603 ms
[INFO   ] DREAMPlace - iteration  462, ( 462,  0,  0), Obj 5.577784E+07, DensityWeight 3.299104E-05, wHPWL 8.670690E+07, Overflow 5.330838E-01, MaxDensity 1.998E+01, gamma 1.538964E+02, time 0.788ms
[INFO   ] DREAMPlace - full step 3.920 ms
[INFO   ] DREAMPlace - optimizer step 3.037 ms
[INFO   ] DREAMPlace - iteration  463, ( 463,  0,  0), Obj 5.604940E+07, DensityWeight 3.397057E-05, wHPWL 8.677822E+07, Overflow 5.324626E-01, MaxDensity 2.211E+01, gamma 1.531241E+02, time 0.803ms
[INFO   ] DREAMPlace - full step 4.370 ms
[INFO   ] DREAMPlace - optimizer step 2.577 ms
[INFO   ] DREAMPlace - iteration  464, ( 464,  0,  0), Obj 5.622593E+07, DensityWeight 3.531619E-05, wHPWL 8.678160E+07, Overflow 5.325991E-01, MaxDensity 2.125E+01, gamma 1.526382E+02, time 0.782ms
[INFO   ] DREAMPlace - full step 3.837 ms
[INFO   ] DREAMPlace - optimizer step 2.544 ms
[INFO   ] DREAMPlace - iteration  465, ( 465,  0,  0), Obj 5.632508E+07, DensityWeight 3.706455E-05, wHPWL 8.673160E+07, Overflow 5.324041E-01, MaxDensity 2.392E+01, gamma 1.527449E+02, time 0.750ms
[INFO   ] DREAMPlace - full step 3.785 ms
[INFO   ] DREAMPlace - optimizer step 2.410 ms
[INFO   ] DREAMPlace - iteration  466, ( 466,  0,  0), Obj 5.634338E+07, DensityWeight 3.813942E-05, wHPWL 8.664234E+07, Overflow 5.323365E-01, MaxDensity 2.239E+01, gamma 1.525925E+02, time 0.752ms
[INFO   ] DREAMPlace - full step 3.642 ms
[INFO   ] DREAMPlace - optimizer step 45.540 ms
[INFO   ] DREAMPlace - iteration  467, ( 467,  0,  0), Obj 5.635308E+07, DensityWeight 3.924547E-05, wHPWL 8.652891E+07, Overflow 5.316015E-01, MaxDensity 2.454E+01, gamma 1.525397E+02, time 0.732ms
[INFO   ] DREAMPlace - full step 46.797 ms
[INFO   ] DREAMPlace - optimizer step 2.862 ms
[INFO   ] DREAMPlace - iteration  468, ( 468,  0,  0), Obj 5.635640E+07, DensityWeight 4.038359E-05, wHPWL 8.641693E+07, Overflow 5.307407E-01, MaxDensity 2.205E+01, gamma 1.519672E+02, time 0.806ms
[INFO   ] DREAMPlace - full step 4.202 ms
[INFO   ] DREAMPlace - optimizer step 4.706 ms
[INFO   ] DREAMPlace - iteration  469, ( 469,  0,  0), Obj 5.639757E+07, DensityWeight 4.155471E-05, wHPWL 8.630756E+07, Overflow 5.295374E-01, MaxDensity 2.389E+01, gamma 1.512993E+02, time 0.779ms
[INFO   ] DREAMPlace - full step 6.031 ms
[INFO   ] DREAMPlace - optimizer step 2.635 ms
[INFO   ] DREAMPlace - iteration  470, ( 470,  0,  0), Obj 5.646084E+07, DensityWeight 4.275980E-05, wHPWL 8.621365E+07, Overflow 5.281856E-01, MaxDensity 2.289E+01, gamma 1.503705E+02, time 0.891ms
[INFO   ] DREAMPlace - full step 4.041 ms
[INFO   ] DREAMPlace - optimizer step 2.643 ms
[INFO   ] DREAMPlace - iteration  471, ( 471,  0,  0), Obj 5.655310E+07, DensityWeight 4.399984E-05, wHPWL 8.614010E+07, Overflow 5.264906E-01, MaxDensity 2.140E+01, gamma 1.493340E+02, time 0.800ms
[INFO   ] DREAMPlace - full step 3.952 ms
[INFO   ] DREAMPlace - optimizer step 2.749 ms
[INFO   ] DREAMPlace - iteration  472, ( 472,  0,  0), Obj 5.667527E+07, DensityWeight 4.527584E-05, wHPWL 8.609634E+07, Overflow 5.243604E-01, MaxDensity 2.210E+01, gamma 1.480445E+02, time 0.768ms
[INFO   ] DREAMPlace - full step 4.061 ms
[INFO   ] DREAMPlace - optimizer step 2.764 ms
[INFO   ] DREAMPlace - iteration  473, ( 473,  0,  0), Obj 5.683918E+07, DensityWeight 4.658884E-05, wHPWL 8.609362E+07, Overflow 5.221586E-01, MaxDensity 2.062E+01, gamma 1.464395E+02, time 0.808ms
[INFO   ] DREAMPlace - full step 4.093 ms
[INFO   ] DREAMPlace - optimizer step 3.278 ms
[INFO   ] DREAMPlace - iteration  474, ( 474,  0,  0), Obj 5.705845E+07, DensityWeight 4.793992E-05, wHPWL 8.613051E+07, Overflow 5.197973E-01, MaxDensity 2.128E+01, gamma 1.447990E+02, time 0.802ms
[INFO   ] DREAMPlace - full step 4.605 ms
[INFO   ] DREAMPlace - optimizer step 2.752 ms
[INFO   ] DREAMPlace - iteration  475, ( 475,  0,  0), Obj 5.729855E+07, DensityWeight 5.007868E-05, wHPWL 8.620016E+07, Overflow 5.174105E-01, MaxDensity 1.941E+01, gamma 1.430600E+02, time 0.847ms
[INFO   ] DREAMPlace - full step 4.107 ms
[INFO   ] DREAMPlace - optimizer step 2.566 ms
[INFO   ] DREAMPlace - iteration  476, ( 476,  0,  0), Obj 5.755416E+07, DensityWeight 5.207456E-05, wHPWL 8.627081E+07, Overflow 5.150390E-01, MaxDensity 1.833E+01, gamma 1.413234E+02, time 2.630ms
[INFO   ] DREAMPlace - full step 5.697 ms
[INFO   ] DREAMPlace - optimizer step 5.176 ms
[INFO   ] DREAMPlace - iteration  477, ( 477,  0,  0), Obj 5.781127E+07, DensityWeight 5.414243E-05, wHPWL 8.634395E+07, Overflow 5.126885E-01, MaxDensity 1.797E+01, gamma 1.396189E+02, time 0.792ms
[INFO   ] DREAMPlace - full step 6.553 ms
[INFO   ] DREAMPlace - optimizer step 40.868 ms
[INFO   ] DREAMPlace - iteration  478, ( 478,  0,  0), Obj 5.806773E+07, DensityWeight 5.627285E-05, wHPWL 8.641079E+07, Overflow 5.100836E-01, MaxDensity 1.779E+01, gamma 1.379497E+02, time 0.810ms
[INFO   ] DREAMPlace - full step 42.254 ms
[INFO   ] DREAMPlace - optimizer step 3.304 ms
[INFO   ] DREAMPlace - iteration  479, ( 479,  0,  0), Obj 5.831715E+07, DensityWeight 5.853850E-05, wHPWL 8.646945E+07, Overflow 5.075042E-01, MaxDensity 1.784E+01, gamma 1.361232E+02, time 0.812ms
[INFO   ] DREAMPlace - full step 4.656 ms
[INFO   ] DREAMPlace - optimizer step 2.644 ms
[INFO   ] DREAMPlace - iteration  480, ( 480,  0,  0), Obj 5.857116E+07, DensityWeight 6.096489E-05, wHPWL 8.649643E+07, Overflow 5.048553E-01, MaxDensity 1.612E+01, gamma 1.343384E+02, time 0.809ms
[INFO   ] DREAMPlace - full step 4.019 ms
[INFO   ] DREAMPlace - optimizer step 2.642 ms
[INFO   ] DREAMPlace - iteration  481, ( 481,  0,  0), Obj 5.881575E+07, DensityWeight 6.377279E-05, wHPWL 8.650641E+07, Overflow 5.023176E-01, MaxDensity 1.631E+01, gamma 1.325298E+02, time 0.784ms
[INFO   ] DREAMPlace - full step 3.943 ms
[INFO   ] DREAMPlace - optimizer step 2.598 ms
[INFO   ] DREAMPlace - iteration  482, ( 482,  0,  0), Obj 5.904967E+07, DensityWeight 6.686837E-05, wHPWL 8.647814E+07, Overflow 4.998930E-01, MaxDensity 1.566E+01, gamma 1.308201E+02, time 0.794ms
[INFO   ] DREAMPlace - full step 3.930 ms
[INFO   ] DREAMPlace - optimizer step 2.908 ms
[INFO   ] DREAMPlace - iteration  483, ( 483,  0,  0), Obj 5.927042E+07, DensityWeight 6.880756E-05, wHPWL 8.643797E+07, Overflow 4.974040E-01, MaxDensity 1.566E+01, gamma 1.292071E+02, time 0.779ms
[INFO   ] DREAMPlace - full step 4.212 ms
[INFO   ] DREAMPlace - optimizer step 2.850 ms
[INFO   ] DREAMPlace - iteration  484, ( 484,  0,  0), Obj 5.947852E+07, DensityWeight 7.080298E-05, wHPWL 8.637736E+07, Overflow 4.943279E-01, MaxDensity 1.425E+01, gamma 1.275719E+02, time 0.821ms
[INFO   ] DREAMPlace - full step 4.206 ms
[INFO   ] DREAMPlace - optimizer step 2.625 ms
[INFO   ] DREAMPlace - iteration  485, ( 485,  0,  0), Obj 5.969909E+07, DensityWeight 7.285627E-05, wHPWL 8.633061E+07, Overflow 4.917974E-01, MaxDensity 1.462E+01, gamma 1.255797E+02, time 0.808ms
[INFO   ] DREAMPlace - full step 3.976 ms
[INFO   ] DREAMPlace - optimizer step 2.650 ms
[INFO   ] DREAMPlace - iteration  486, ( 486,  0,  0), Obj 5.996686E+07, DensityWeight 7.496911E-05, wHPWL 8.628310E+07, Overflow 4.890762E-01, MaxDensity 1.492E+01, gamma 1.239641E+02, time 0.802ms
[INFO   ] DREAMPlace - full step 3.990 ms
[INFO   ] DREAMPlace - optimizer step 2.815 ms
[INFO   ] DREAMPlace - iteration  487, ( 487,  0,  0), Obj 6.022072E+07, DensityWeight 7.714322E-05, wHPWL 8.627562E+07, Overflow 4.864604E-01, MaxDensity 1.406E+01, gamma 1.222500E+02, time 0.806ms
[INFO   ] DREAMPlace - full step 4.178 ms
[INFO   ] DREAMPlace - optimizer step 11.169 ms
[INFO   ] DREAMPlace - iteration  488, ( 488,  0,  0), Obj 6.048844E+07, DensityWeight 7.938037E-05, wHPWL 8.626234E+07, Overflow 4.840653E-01, MaxDensity 1.365E+01, gamma 1.206246E+02, time 0.790ms
[INFO   ] DREAMPlace - full step 12.485 ms
[INFO   ] DREAMPlace - optimizer step 3.085 ms
[INFO   ] DREAMPlace - iteration  489, ( 489,  0,  0), Obj 6.076765E+07, DensityWeight 8.168240E-05, wHPWL 8.628875E+07, Overflow 4.820131E-01, MaxDensity 1.299E+01, gamma 1.191554E+02, time 0.823ms
[INFO   ] DREAMPlace - full step 4.539 ms
[INFO   ] DREAMPlace - optimizer step 2.624 ms
[INFO   ] DREAMPlace - iteration  490, ( 490,  0,  0), Obj 6.104315E+07, DensityWeight 8.545137E-05, wHPWL 8.632680E+07, Overflow 4.800853E-01, MaxDensity 1.234E+01, gamma 1.179107E+02, time 0.820ms
[INFO   ] DREAMPlace - full step 4.003 ms
[INFO   ] DREAMPlace - optimizer step 2.627 ms
[INFO   ] DREAMPlace - iteration  491, ( 491,  0,  0), Obj 6.130612E+07, DensityWeight 8.924931E-05, wHPWL 8.639643E+07, Overflow 4.781404E-01, MaxDensity 1.300E+01, gamma 1.167533E+02, time 0.801ms
[INFO   ] DREAMPlace - full step 3.935 ms
[INFO   ] DREAMPlace - optimizer step 2.649 ms
[INFO   ] DREAMPlace - iteration  492, ( 492,  0,  0), Obj 6.155912E+07, DensityWeight 9.280653E-05, wHPWL 8.646074E+07, Overflow 4.761069E-01, MaxDensity 1.236E+01, gamma 1.155972E+02, time 0.786ms
[INFO   ] DREAMPlace - full step 3.961 ms
[INFO   ] DREAMPlace - optimizer step 4.020 ms
[INFO   ] DREAMPlace - iteration  493, ( 493,  0,  0), Obj 6.182752E+07, DensityWeight 9.657724E-05, wHPWL 8.656634E+07, Overflow 4.738817E-01, MaxDensity 1.208E+01, gamma 1.144006E+02, time 0.776ms
[INFO   ] DREAMPlace - full step 5.376 ms
[INFO   ] DREAMPlace - optimizer step 2.598 ms
[INFO   ] DREAMPlace - iteration  494, ( 494,  0,  0), Obj 6.210949E+07, DensityWeight 9.992426E-05, wHPWL 8.667871E+07, Overflow 4.711923E-01, MaxDensity 1.148E+01, gamma 1.131054E+02, time 0.802ms
[INFO   ] DREAMPlace - full step 3.943 ms
[I] plotting to obsfield_results/bigblue1/plot/iter0495.png takes 12.887 seconds
[INFO   ] DREAMPlace - plotting to obsfield_results/bigblue1/plot/iter0495.png takes 13.473 seconds
[INFO   ] DREAMPlace - optimizer step 22.792 ms
[INFO   ] DREAMPlace - iteration  495, ( 495,  0,  0), Obj 6.241309E+07, DensityWeight 1.032897E-04, wHPWL 8.681882E+07, Overflow 4.680731E-01, MaxDensity 1.168E+01, gamma 1.115596E+02, time 0.748ms
[INFO   ] DREAMPlace - full step 13507.843 ms
[INFO   ] DREAMPlace - optimizer step 22.810 ms
[INFO   ] DREAMPlace - iteration  496, ( 496,  0,  0), Obj 6.274599E+07, DensityWeight 1.063565E-04, wHPWL 8.694472E+07, Overflow 4.652476E-01, MaxDensity 1.150E+01, gamma 1.097932E+02, time 45.404ms
[INFO   ] DREAMPlace - full step 75.572 ms
[INFO   ] DREAMPlace - optimizer step 50.849 ms
[INFO   ] DREAMPlace - iteration  497, ( 497,  0,  0), Obj 6.311684E+07, DensityWeight 1.097314E-04, wHPWL 8.709102E+07, Overflow 4.619780E-01, MaxDensity 1.226E+01, gamma 1.082172E+02, time 5.208ms
[INFO   ] DREAMPlace - full step 58.972 ms
[INFO   ] DREAMPlace - optimizer step 14.922 ms
[INFO   ] DREAMPlace - iteration  498, ( 498,  0,  0), Obj 6.346898E+07, DensityWeight 1.128921E-04, wHPWL 8.721920E+07, Overflow 4.586969E-01, MaxDensity 1.117E+01, gamma 1.064219E+02, time 0.977ms
[INFO   ] DREAMPlace - full step 21.103 ms
[INFO   ] DREAMPlace - optimizer step 55.411 ms
[INFO   ] DREAMPlace - iteration  499, ( 499,  0,  0), Obj 6.384482E+07, DensityWeight 1.164374E-04, wHPWL 8.734747E+07, Overflow 4.556369E-01, MaxDensity 1.078E+01, gamma 1.046501E+02, time 9.749ms
[INFO   ] DREAMPlace - full step 72.414 ms
[INFO   ] DREAMPlace - optimizer step 22.500 ms
[INFO   ] DREAMPlace - iteration  500, ( 500,  0,  0), Obj 6.422062E+07, DensityWeight 1.200925E-04, wHPWL 8.745830E+07, Overflow 4.525262E-01, MaxDensity 1.145E+01, gamma 1.030243E+02, time 5.212ms
[INFO   ] DREAMPlace - full step 34.975 ms
[INFO   ] DREAMPlace - optimizer step 22.483 ms
[INFO   ] DREAMPlace - iteration  501, ( 501,  0,  0), Obj 6.457746E+07, DensityWeight 1.241639E-04, wHPWL 8.756974E+07, Overflow 4.497049E-01, MaxDensity 1.207E+01, gamma 1.013974E+02, time 5.164ms
[INFO   ] DREAMPlace - full step 34.905 ms
[INFO   ] DREAMPlace - optimizer step 34.098 ms
[INFO   ] DREAMPlace - iteration  502, ( 502,  0,  0), Obj 6.491610E+07, DensityWeight 1.283624E-04, wHPWL 8.763870E+07, Overflow 4.473251E-01, MaxDensity 1.208E+01, gamma 9.994408E+01, time 3.891ms
[INFO   ] DREAMPlace - full step 45.186 ms
[INFO   ] DREAMPlace - optimizer step 21.544 ms
[INFO   ] DREAMPlace - iteration  503, ( 503,  0,  0), Obj 6.522156E+07, DensityWeight 1.334911E-04, wHPWL 8.769535E+07, Overflow 4.453945E-01, MaxDensity 1.111E+01, gamma 9.873447E+01, time 17.041ms
[INFO   ] DREAMPlace - full step 79.936 ms
[INFO   ] DREAMPlace - optimizer step 22.533 ms
[INFO   ] DREAMPlace - iteration  504, ( 504,  0,  0), Obj 6.547961E+07, DensityWeight 1.390632E-04, wHPWL 8.771589E+07, Overflow 4.434859E-01, MaxDensity 1.045E+01, gamma 9.776389E+01, time 5.212ms
[INFO   ] DREAMPlace - full step 34.996 ms
[INFO   ] DREAMPlace - optimizer step 47.757 ms
[INFO   ] DREAMPlace - iteration  505, ( 505,  0,  0), Obj 6.569123E+07, DensityWeight 1.455989E-04, wHPWL 8.772772E+07, Overflow 4.412694E-01, MaxDensity 1.130E+01, gamma 9.681382E+01, time 2.094ms
[INFO   ] DREAMPlace - full step 57.115 ms
[INFO   ] DREAMPlace - optimizer step 21.391 ms
[INFO   ] DREAMPlace - iteration  506, ( 506,  0,  0), Obj 6.589254E+07, DensityWeight 1.526269E-04, wHPWL 8.772453E+07, Overflow 4.388492E-01, MaxDensity 1.115E+01, gamma 9.572199E+01, time 5.183ms
[INFO   ] DREAMPlace - full step 34.175 ms
[INFO   ] DREAMPlace - optimizer step 17.162 ms
[INFO   ] DREAMPlace - iteration  507, ( 507,  0,  0), Obj 6.611716E+07, DensityWeight 1.570531E-04, wHPWL 8.775011E+07, Overflow 4.359951E-01, MaxDensity 1.107E+01, gamma 9.454386E+01, time 5.206ms
[INFO   ] DREAMPlace - full step 29.558 ms
[INFO   ] DREAMPlace - optimizer step 52.124 ms
[INFO   ] DREAMPlace - iteration  508, ( 508,  0,  0), Obj 6.636674E+07, DensityWeight 1.643186E-04, wHPWL 8.778946E+07, Overflow 4.326422E-01, MaxDensity 1.063E+01, gamma 9.317319E+01, time 5.136ms
[INFO   ] DREAMPlace - full step 64.537 ms
[INFO   ] DREAMPlace - optimizer step 63.806 ms
[INFO   ] DREAMPlace - iteration  509, ( 509,  0,  0), Obj 6.664736E+07, DensityWeight 1.715909E-04, wHPWL 8.785375E+07, Overflow 4.292343E-01, MaxDensity 1.036E+01, gamma 9.158830E+01, time 19.081ms
[INFO   ] DREAMPlace - full step 90.139 ms
[INFO   ] DREAMPlace - optimizer step 56.328 ms
[INFO   ] DREAMPlace - iteration  510, ( 510,  0,  0), Obj 6.696645E+07, DensityWeight 1.785628E-04, wHPWL 8.792062E+07, Overflow 4.255093E-01, MaxDensity 1.014E+01, gamma 9.000505E+01, time 4.960ms
[INFO   ] DREAMPlace - full step 64.112 ms
[INFO   ] DREAMPlace - optimizer step 26.054 ms
[INFO   ] DREAMPlace - iteration  511, ( 511,  0,  0), Obj 6.729589E+07, DensityWeight 1.857514E-04, wHPWL 8.801110E+07, Overflow 4.216608E-01, MaxDensity 9.820E+00, gamma 8.830582E+01, time 3.308ms
[INFO   ] DREAMPlace - full step 35.261 ms
[INFO   ] DREAMPlace - optimizer step 19.522 ms
[INFO   ] DREAMPlace - iteration  512, ( 512,  0,  0), Obj 6.764051E+07, DensityWeight 1.925942E-04, wHPWL 8.808288E+07, Overflow 4.177483E-01, MaxDensity 1.024E+01, gamma 8.658384E+01, time 0.880ms
[INFO   ] DREAMPlace - full step 63.681 ms
[INFO   ] DREAMPlace - optimizer step 55.885 ms
[INFO   ] DREAMPlace - iteration  513, ( 513,  0,  0), Obj 6.797798E+07, DensityWeight 2.002106E-04, wHPWL 8.814496E+07, Overflow 4.140167E-01, MaxDensity 1.104E+01, gamma 8.486771E+01, time 3.015ms
[INFO   ] DREAMPlace - full step 65.611 ms
[INFO   ] DREAMPlace - optimizer step 24.041 ms
[INFO   ] DREAMPlace - iteration  514, ( 514,  0,  0), Obj 6.829852E+07, DensityWeight 2.084098E-04, wHPWL 8.816035E+07, Overflow 4.103636E-01, MaxDensity 1.106E+01, gamma 8.326263E+01, time 5.180ms
[INFO   ] DREAMPlace - full step 36.493 ms
[INFO   ] DREAMPlace - optimizer step 21.237 ms
[INFO   ] DREAMPlace - iteration  515, ( 515,  0,  0), Obj 6.858058E+07, DensityWeight 2.183612E-04, wHPWL 8.814862E+07, Overflow 4.070960E-01, MaxDensity 9.253E+00, gamma 8.172069E+01, time 5.392ms
[INFO   ] DREAMPlace - full step 31.870 ms
[INFO   ] DREAMPlace - optimizer step 60.735 ms
[INFO   ] DREAMPlace - iteration  516, ( 516,  0,  0), Obj 6.883503E+07, DensityWeight 2.246937E-04, wHPWL 8.809180E+07, Overflow 4.036237E-01, MaxDensity 1.033E+01, gamma 8.036572E+01, time 5.230ms
[INFO   ] DREAMPlace - full step 71.079 ms
[INFO   ] DREAMPlace - optimizer step 22.831 ms
[INFO   ] DREAMPlace - iteration  517, ( 517,  0,  0), Obj 6.905302E+07, DensityWeight 2.312098E-04, wHPWL 8.803033E+07, Overflow 4.007863E-01, MaxDensity 1.053E+01, gamma 7.895044E+01, time 5.182ms
[INFO   ] DREAMPlace - full step 72.151 ms
[INFO   ] DREAMPlace - optimizer step 22.494 ms
[INFO   ] DREAMPlace - iteration  518, ( 518,  0,  0), Obj 6.927255E+07, DensityWeight 2.379149E-04, wHPWL 8.794597E+07, Overflow 3.978779E-01, MaxDensity 1.037E+01, gamma 7.781247E+01, time 3.319ms
[INFO   ] DREAMPlace - full step 28.772 ms
[INFO   ] DREAMPlace - optimizer step 50.700 ms
[INFO   ] DREAMPlace - iteration  519, ( 519,  0,  0), Obj 6.945625E+07, DensityWeight 2.448145E-04, wHPWL 8.787810E+07, Overflow 3.957781E-01, MaxDensity 1.069E+01, gamma 7.666305E+01, time 5.185ms
[INFO   ] DREAMPlace - full step 60.400 ms
[INFO   ] DREAMPlace - optimizer step 20.808 ms
[INFO   ] DREAMPlace - iteration  520, ( 520,  0,  0), Obj 6.964142E+07, DensityWeight 2.519141E-04, wHPWL 8.780510E+07, Overflow 3.934725E-01, MaxDensity 1.005E+01, gamma 7.584376E+01, time 5.172ms
[INFO   ] DREAMPlace - full step 33.157 ms
[INFO   ] DREAMPlace - optimizer step 22.536 ms
[INFO   ] DREAMPlace - iteration  521, ( 521,  0,  0), Obj 6.978894E+07, DensityWeight 2.592196E-04, wHPWL 8.776129E+07, Overflow 3.912247E-01, MaxDensity 1.019E+01, gamma 7.495425E+01, time 3.794ms
[INFO   ] DREAMPlace - full step 30.733 ms
[INFO   ] DREAMPlace - optimizer step 56.659 ms
[INFO   ] DREAMPlace - iteration  522, ( 522,  0,  0), Obj 6.995124E+07, DensityWeight 2.667370E-04, wHPWL 8.772652E+07, Overflow 3.889046E-01, MaxDensity 9.750E+00, gamma 7.409708E+01, time 3.318ms
[INFO   ] DREAMPlace - full step 65.877 ms
[INFO   ] DREAMPlace - optimizer step 19.793 ms
[INFO   ] DREAMPlace - iteration  523, ( 523,  0,  0), Obj 7.011843E+07, DensityWeight 2.744724E-04, wHPWL 8.772160E+07, Overflow 3.868565E-01, MaxDensity 9.859E+00, gamma 7.322265E+01, time 4.487ms
[INFO   ] DREAMPlace - full step 31.508 ms
[INFO   ] DREAMPlace - optimizer step 23.065 ms
[INFO   ] DREAMPlace - iteration  524, ( 524,  0,  0), Obj 7.029095E+07, DensityWeight 2.824321E-04, wHPWL 8.771758E+07, Overflow 3.848333E-01, MaxDensity 9.329E+00, gamma 7.245930E+01, time 4.020ms
[INFO   ] DREAMPlace - full step 33.632 ms
[INFO   ] DREAMPlace - optimizer step 56.218 ms
[INFO   ] DREAMPlace - iteration  525, ( 525,  0,  0), Obj 7.044278E+07, DensityWeight 2.906226E-04, wHPWL 8.771632E+07, Overflow 3.828711E-01, MaxDensity 9.688E+00, gamma 7.171303E+01, time 3.835ms
[INFO   ] DREAMPlace - full step 67.274 ms
[INFO   ] DREAMPlace - optimizer step 57.745 ms
[INFO   ] DREAMPlace - iteration  526, ( 526,  0,  0), Obj 7.058583E+07, DensityWeight 2.990507E-04, wHPWL 8.770072E+07, Overflow 3.807974E-01, MaxDensity 9.072E+00, gamma 7.099662E+01, time 3.021ms
[INFO   ] DREAMPlace - full step 67.320 ms
[INFO   ] DREAMPlace - optimizer step 17.385 ms
[INFO   ] DREAMPlace - iteration  527, ( 527,  0,  0), Obj 7.072284E+07, DensityWeight 3.077232E-04, wHPWL 8.769061E+07, Overflow 3.790637E-01, MaxDensity 9.166E+00, gamma 7.024725E+01, time 5.186ms
[INFO   ] DREAMPlace - full step 29.720 ms
[INFO   ] DREAMPlace - optimizer step 21.207 ms
[INFO   ] DREAMPlace - iteration  528, ( 528,  0,  0), Obj 7.086733E+07, DensityWeight 3.166472E-04, wHPWL 8.767845E+07, Overflow 3.769810E-01, MaxDensity 9.433E+00, gamma 6.962686E+01, time 3.063ms
[INFO   ] DREAMPlace - full step 64.877 ms
[INFO   ] DREAMPlace - optimizer step 2.657 ms
[INFO   ] DREAMPlace - iteration  529, ( 529,  0,  0), Obj 7.099564E+07, DensityWeight 3.258300E-04, wHPWL 8.767614E+07, Overflow 3.750957E-01, MaxDensity 9.094E+00, gamma 6.888877E+01, time 0.836ms
[INFO   ] DREAMPlace - full step 4.066 ms
[INFO   ] DREAMPlace - optimizer step 2.772 ms
[INFO   ] DREAMPlace - iteration  530, ( 530,  0,  0), Obj 7.114093E+07, DensityWeight 3.352790E-04, wHPWL 8.766747E+07, Overflow 3.728712E-01, MaxDensity 9.173E+00, gamma 6.822742E+01, time 0.783ms
[INFO   ] DREAMPlace - full step 4.096 ms
[INFO   ] DREAMPlace - optimizer step 2.617 ms
[INFO   ] DREAMPlace - iteration  531, ( 531,  0,  0), Obj 7.128123E+07, DensityWeight 3.450021E-04, wHPWL 8.767158E+07, Overflow 3.703510E-01, MaxDensity 9.216E+00, gamma 6.745525E+01, time 0.821ms
[INFO   ] DREAMPlace - full step 3.953 ms
[INFO   ] DREAMPlace - optimizer step 2.657 ms
[INFO   ] DREAMPlace - iteration  532, ( 532,  0,  0), Obj 7.144383E+07, DensityWeight 3.620446E-04, wHPWL 8.767709E+07, Overflow 3.676294E-01, MaxDensity 8.848E+00, gamma 6.659093E+01, time 0.856ms
[INFO   ] DREAMPlace - full step 4.043 ms
[INFO   ] DREAMPlace - optimizer step 2.695 ms
[INFO   ] DREAMPlace - iteration  533, ( 533,  0,  0), Obj 7.162670E+07, DensityWeight 3.798552E-04, wHPWL 8.769329E+07, Overflow 3.649392E-01, MaxDensity 8.605E+00, gamma 6.567004E+01, time 0.793ms
[INFO   ] DREAMPlace - full step 8.532 ms
[INFO   ] DREAMPlace - optimizer step 5.103 ms
[INFO   ] DREAMPlace - iteration  534, ( 534,  0,  0), Obj 7.183410E+07, DensityWeight 3.979483E-04, wHPWL 8.772304E+07, Overflow 3.618171E-01, MaxDensity 8.895E+00, gamma 6.477225E+01, time 37.034ms
[INFO   ] DREAMPlace - full step 42.945 ms
[INFO   ] DREAMPlace - optimizer step 4.176 ms
[INFO   ] DREAMPlace - iteration  535, ( 535,  0,  0), Obj 7.205430E+07, DensityWeight 4.161163E-04, wHPWL 8.777546E+07, Overflow 3.580122E-01, MaxDensity 9.011E+00, gamma 6.374571E+01, time 0.898ms
[INFO   ] DREAMPlace - full step 5.959 ms
[INFO   ] DREAMPlace - optimizer step 14.478 ms
[INFO   ] DREAMPlace - iteration  536, ( 536,  0,  0), Obj 7.231082E+07, DensityWeight 4.337412E-04, wHPWL 8.784188E+07, Overflow 3.538631E-01, MaxDensity 9.231E+00, gamma 6.251666E+01, time 0.893ms
[INFO   ] DREAMPlace - full step 20.531 ms
[INFO   ] DREAMPlace - optimizer step 46.229 ms
[INFO   ] DREAMPlace - iteration  537, ( 537,  0,  0), Obj 7.261407E+07, DensityWeight 4.512306E-04, wHPWL 8.792687E+07, Overflow 3.493200E-01, MaxDensity 9.240E+00, gamma 6.120338E+01, time 5.230ms
[INFO   ] DREAMPlace - full step 58.779 ms
[INFO   ] DREAMPlace - optimizer step 19.253 ms
[INFO   ] DREAMPlace - iteration  538, ( 538,  0,  0), Obj 7.294223E+07, DensityWeight 4.682118E-04, wHPWL 8.800784E+07, Overflow 3.451705E-01, MaxDensity 8.704E+00, gamma 5.979705E+01, time 8.182ms
[INFO   ] DREAMPlace - full step 34.744 ms
[INFO   ] DREAMPlace - optimizer step 21.512 ms
[INFO   ] DREAMPlace - iteration  539, ( 539,  0,  0), Obj 7.328030E+07, DensityWeight 4.861046E-04, wHPWL 8.807578E+07, Overflow 3.409088E-01, MaxDensity 9.205E+00, gamma 5.854080E+01, time 4.843ms
[INFO   ] DREAMPlace - full step 38.230 ms
[I] plotting to obsfield_results/bigblue1/plot/iter0540.png takes 13.169 seconds
[INFO   ] DREAMPlace - plotting to obsfield_results/bigblue1/plot/iter0540.png takes 13.797 seconds
[INFO   ] DREAMPlace - optimizer step 19.805 ms
[INFO   ] DREAMPlace - iteration  540, ( 540,  0,  0), Obj 7.358509E+07, DensityWeight 5.055989E-04, wHPWL 8.810910E+07, Overflow 3.373921E-01, MaxDensity 9.233E+00, gamma 5.727802E+01, time 39.078ms
[INFO   ] DREAMPlace - full step 13869.988 ms
[INFO   ] DREAMPlace - optimizer step 56.280 ms
[INFO   ] DREAMPlace - iteration  541, ( 541,  0,  0), Obj 7.387675E+07, DensityWeight 5.284181E-04, wHPWL 8.812560E+07, Overflow 3.340294E-01, MaxDensity 8.292E+00, gamma 5.625656E+01, time 10.864ms
[INFO   ] DREAMPlace - full step 74.539 ms
[INFO   ] DREAMPlace - optimizer step 25.581 ms
[INFO   ] DREAMPlace - iteration  542, ( 542,  0,  0), Obj 7.412466E+07, DensityWeight 5.535646E-04, wHPWL 8.812435E+07, Overflow 3.310668E-01, MaxDensity 8.411E+00, gamma 5.529687E+01, time 3.997ms
[INFO   ] DREAMPlace - full step 36.838 ms
[INFO   ] DREAMPlace - optimizer step 19.176 ms
[INFO   ] DREAMPlace - iteration  543, ( 543,  0,  0), Obj 7.435393E+07, DensityWeight 5.696180E-04, wHPWL 8.812538E+07, Overflow 3.277705E-01, MaxDensity 8.517E+00, gamma 5.446494E+01, time 5.172ms
[INFO   ] DREAMPlace - full step 31.636 ms
[INFO   ] DREAMPlace - optimizer step 22.817 ms
[INFO   ] DREAMPlace - iteration  544, ( 544,  0,  0), Obj 7.456106E+07, DensityWeight 5.980135E-04, wHPWL 8.812093E+07, Overflow 3.245056E-01, MaxDensity 8.059E+00, gamma 5.355398E+01, time 50.941ms
[INFO   ] DREAMPlace - full step 76.652 ms
[INFO   ] DREAMPlace - optimizer step 3.096 ms
[INFO   ] DREAMPlace - iteration  545, ( 545,  0,  0), Obj 7.477581E+07, DensityWeight 6.153558E-04, wHPWL 8.812488E+07, Overflow 3.210918E-01, MaxDensity 7.896E+00, gamma 5.266676E+01, time 1.028ms
[INFO   ] DREAMPlace - full step 4.761 ms
[INFO   ] DREAMPlace - optimizer step 2.733 ms
[INFO   ] DREAMPlace - iteration  546, ( 546,  0,  0), Obj 7.498693E+07, DensityWeight 6.457677E-04, wHPWL 8.812411E+07, Overflow 3.180309E-01, MaxDensity 7.970E+00, gamma 5.175478E+01, time 0.817ms
[INFO   ] DREAMPlace - full step 4.151 ms
[INFO   ] DREAMPlace - optimizer step 2.806 ms
[INFO   ] DREAMPlace - iteration  547, ( 547,  0,  0), Obj 7.519570E+07, DensityWeight 6.644949E-04, wHPWL 8.812702E+07, Overflow 3.146741E-01, MaxDensity 7.576E+00, gamma 5.095049E+01, time 0.775ms
[INFO   ] DREAMPlace - full step 4.109 ms
[INFO   ] DREAMPlace - optimizer step 3.160 ms
[INFO   ] DREAMPlace - iteration  548, ( 548,  0,  0), Obj 7.538180E+07, DensityWeight 6.974365E-04, wHPWL 8.811739E+07, Overflow 3.115194E-01, MaxDensity 7.726E+00, gamma 5.008281E+01, time 0.794ms
[INFO   ] DREAMPlace - full step 4.487 ms
[INFO   ] DREAMPlace - optimizer step 2.620 ms
[INFO   ] DREAMPlace - iteration  549, ( 549,  0,  0), Obj 7.556757E+07, DensityWeight 7.176622E-04, wHPWL 8.810770E+07, Overflow 3.086599E-01, MaxDensity 7.991E+00, gamma 4.928085E+01, time 0.786ms
[INFO   ] DREAMPlace - full step 3.899 ms
[INFO   ] DREAMPlace - optimizer step 49.170 ms
[INFO   ] DREAMPlace - iteration  550, ( 550,  0,  0), Obj 7.574153E+07, DensityWeight 7.384744E-04, wHPWL 8.808941E+07, Overflow 3.058900E-01, MaxDensity 7.769E+00, gamma 4.856504E+01, time 0.737ms
[INFO   ] DREAMPlace - full step 50.654 ms
[INFO   ] DREAMPlace - optimizer step 4.007 ms
[INFO   ] DREAMPlace - iteration  551, ( 551,  0,  0), Obj 7.589352E+07, DensityWeight 7.598901E-04, wHPWL 8.807348E+07, Overflow 3.030725E-01, MaxDensity 7.385E+00, gamma 4.788158E+01, time 1.074ms
[INFO   ] DREAMPlace - full step 6.193 ms
[INFO   ] DREAMPlace - optimizer step 20.885 ms
[INFO   ] DREAMPlace - iteration  552, ( 552,  0,  0), Obj 7.602996E+07, DensityWeight 7.819270E-04, wHPWL 8.803914E+07, Overflow 3.008293E-01, MaxDensity 7.190E+00, gamma 4.719623E+01, time 4.618ms
[INFO   ] DREAMPlace - full step 30.705 ms
[INFO   ] DREAMPlace - optimizer step 55.108 ms
[INFO   ] DREAMPlace - iteration  553, ( 553,  0,  0), Obj 7.616019E+07, DensityWeight 8.046029E-04, wHPWL 8.800897E+07, Overflow 2.988518E-01, MaxDensity 7.184E+00, gamma 4.665761E+01, time 5.185ms
[INFO   ] DREAMPlace - full step 67.531 ms
[INFO   ] DREAMPlace - optimizer step 77.024 ms
[INFO   ] DREAMPlace - iteration  554, ( 554,  0,  0), Obj 7.626518E+07, DensityWeight 8.279364E-04, wHPWL 8.797341E+07, Overflow 2.973340E-01, MaxDensity 7.050E+00, gamma 4.618789E+01, time 5.203ms
[INFO   ] DREAMPlace - full step 89.462 ms
[INFO   ] DREAMPlace - optimizer step 18.747 ms
[INFO   ] DREAMPlace - iteration  555, ( 555,  0,  0), Obj 7.635280E+07, DensityWeight 8.519466E-04, wHPWL 8.794412E+07, Overflow 2.959484E-01, MaxDensity 7.221E+00, gamma 4.583055E+01, time 5.201ms
[INFO   ] DREAMPlace - full step 29.230 ms
[INFO   ] DREAMPlace - optimizer step 40.454 ms
[INFO   ] DREAMPlace - iteration  556, ( 556,  0,  0), Obj 7.642082E+07, DensityWeight 8.766531E-04, wHPWL 8.791398E+07, Overflow 2.945452E-01, MaxDensity 7.211E+00, gamma 4.550677E+01, time 1.209ms
[INFO   ] DREAMPlace - full step 42.183 ms
[INFO   ] DREAMPlace - optimizer step 19.030 ms
[INFO   ] DREAMPlace - iteration  557, ( 557,  0,  0), Obj 7.648469E+07, DensityWeight 9.020760E-04, wHPWL 8.789835E+07, Overflow 2.927203E-01, MaxDensity 7.320E+00, gamma 4.518122E+01, time 5.241ms
[INFO   ] DREAMPlace - full step 31.753 ms
[INFO   ] DREAMPlace - optimizer step 49.587 ms
[INFO   ] DREAMPlace - iteration  558, ( 558,  0,  0), Obj 7.655288E+07, DensityWeight 9.282363E-04, wHPWL 8.788733E+07, Overflow 2.904974E-01, MaxDensity 7.137E+00, gamma 4.476128E+01, time 5.217ms
[INFO   ] DREAMPlace - full step 62.065 ms
[INFO   ] DREAMPlace - optimizer step 23.712 ms
[INFO   ] DREAMPlace - iteration  559, ( 559,  0,  0), Obj 7.664062E+07, DensityWeight 9.551552E-04, wHPWL 8.788803E+07, Overflow 2.884915E-01, MaxDensity 7.299E+00, gamma 4.425504E+01, time 5.236ms
[INFO   ] DREAMPlace - full step 34.841 ms
[INFO   ] DREAMPlace - optimizer step 18.714 ms
[INFO   ] DREAMPlace - iteration  560, ( 560,  0,  0), Obj 7.674661E+07, DensityWeight 1.002815E-03, wHPWL 8.788702E+07, Overflow 2.860472E-01, MaxDensity 7.012E+00, gamma 4.380315E+01, time 5.214ms
[INFO   ] DREAMPlace - full step 29.247 ms
[INFO   ] DREAMPlace - optimizer step 17.504 ms
[INFO   ] DREAMPlace - iteration  561, ( 561,  0,  0), Obj 7.684481E+07, DensityWeight 1.031896E-03, wHPWL 8.788779E+07, Overflow 2.836189E-01, MaxDensity 7.150E+00, gamma 4.325869E+01, time 6.795ms
[INFO   ] DREAMPlace - full step 31.565 ms
[INFO   ] DREAMPlace - optimizer step 21.137 ms
[INFO   ] DREAMPlace - iteration  562, ( 562,  0,  0), Obj 7.696118E+07, DensityWeight 1.083375E-03, wHPWL 8.788576E+07, Overflow 2.806734E-01, MaxDensity 7.011E+00, gamma 4.272452E+01, time 3.519ms
[INFO   ] DREAMPlace - full step 31.909 ms
[INFO   ] DREAMPlace - optimizer step 29.411 ms
[INFO   ] DREAMPlace - iteration  563, ( 563,  0,  0), Obj 7.708475E+07, DensityWeight 1.114793E-03, wHPWL 8.789354E+07, Overflow 2.778831E-01, MaxDensity 7.104E+00, gamma 4.208541E+01, time 44.430ms
[INFO   ] DREAMPlace - full step 78.481 ms
[INFO   ] DREAMPlace - optimizer step 4.466 ms
[INFO   ] DREAMPlace - iteration  564, ( 564,  0,  0), Obj 7.723439E+07, DensityWeight 1.169264E-03, wHPWL 8.790451E+07, Overflow 2.744506E-01, MaxDensity 6.968E+00, gamma 4.148882E+01, time 0.916ms
[INFO   ] DREAMPlace - full step 6.249 ms
[INFO   ] DREAMPlace - optimizer step 52.919 ms
[INFO   ] DREAMPlace - iteration  565, ( 565,  0,  0), Obj 7.738190E+07, DensityWeight 1.225850E-03, wHPWL 8.791928E+07, Overflow 2.713156E-01, MaxDensity 6.985E+00, gamma 4.076648E+01, time 5.118ms
[INFO   ] DREAMPlace - full step 60.086 ms
[INFO   ] DREAMPlace - optimizer step 22.616 ms
[INFO   ] DREAMPlace - iteration  566, ( 566,  0,  0), Obj 7.755452E+07, DensityWeight 1.284496E-03, wHPWL 8.793052E+07, Overflow 2.679224E-01, MaxDensity 6.847E+00, gamma 4.011774E+01, time 5.206ms
[INFO   ] DREAMPlace - full step 35.064 ms
[INFO   ] DREAMPlace - optimizer step 25.305 ms
[INFO   ] DREAMPlace - iteration  567, ( 567,  0,  0), Obj 7.772475E+07, DensityWeight 1.346609E-03, wHPWL 8.795360E+07, Overflow 2.644165E-01, MaxDensity 6.504E+00, gamma 3.942721E+01, time 38.034ms
[INFO   ] DREAMPlace - full step 68.105 ms
[INFO   ] DREAMPlace - optimizer step 52.192 ms
[INFO   ] DREAMPlace - iteration  568, ( 568,  0,  0), Obj 7.790455E+07, DensityWeight 1.409398E-03, wHPWL 8.797322E+07, Overflow 2.605627E-01, MaxDensity 6.143E+00, gamma 3.872624E+01, time 5.229ms
[INFO   ] DREAMPlace - full step 64.667 ms
[INFO   ] DREAMPlace - optimizer step 22.164 ms
[INFO   ] DREAMPlace - iteration  569, ( 569,  0,  0), Obj 7.808946E+07, DensityWeight 1.475825E-03, wHPWL 8.800002E+07, Overflow 2.567096E-01, MaxDensity 5.949E+00, gamma 3.797005E+01, time 77.789ms
[INFO   ] DREAMPlace - full step 107.345 ms
[INFO   ] DREAMPlace - optimizer step 55.425 ms
[INFO   ] DREAMPlace - iteration  570, ( 570,  0,  0), Obj 7.828574E+07, DensityWeight 1.543839E-03, wHPWL 8.802248E+07, Overflow 2.528668E-01, MaxDensity 6.040E+00, gamma 3.722878E+01, time 5.199ms
[INFO   ] DREAMPlace - full step 67.908 ms
[INFO   ] DREAMPlace - optimizer step 24.993 ms
[INFO   ] DREAMPlace - iteration  571, ( 571,  0,  0), Obj 7.847902E+07, DensityWeight 1.615963E-03, wHPWL 8.804856E+07, Overflow 2.494345E-01, MaxDensity 6.202E+00, gamma 3.650389E+01, time 2.794ms
[INFO   ] DREAMPlace - full step 32.550 ms
[INFO   ] DREAMPlace - optimizer step 23.139 ms
[INFO   ] DREAMPlace - iteration  572, ( 572,  0,  0), Obj 7.866162E+07, DensityWeight 1.690603E-03, wHPWL 8.805914E+07, Overflow 2.460102E-01, MaxDensity 5.541E+00, gamma 3.586838E+01, time 27.948ms
[INFO   ] DREAMPlace - full step 57.724 ms
[INFO   ] DREAMPlace - optimizer step 53.371 ms
[INFO   ] DREAMPlace - iteration  573, ( 573,  0,  0), Obj 7.882187E+07, DensityWeight 1.772516E-03, wHPWL 8.806766E+07, Overflow 2.427348E-01, MaxDensity 5.410E+00, gamma 3.524538E+01, time 9.306ms
[INFO   ] DREAMPlace - full step 69.890 ms
[INFO   ] DREAMPlace - optimizer step 22.256 ms
[INFO   ] DREAMPlace - iteration  574, ( 574,  0,  0), Obj 7.897025E+07, DensityWeight 1.858933E-03, wHPWL 8.806330E+07, Overflow 2.395331E-01, MaxDensity 5.596E+00, gamma 3.465961E+01, time 5.569ms
[INFO   ] DREAMPlace - full step 32.653 ms
[INFO   ] DREAMPlace - optimizer step 25.972 ms
[INFO   ] DREAMPlace - iteration  575, ( 575,  0,  0), Obj 7.910929E+07, DensityWeight 1.912842E-03, wHPWL 8.806302E+07, Overflow 2.365803E-01, MaxDensity 5.309E+00, gamma 3.409641E+01, time 5.279ms
[INFO   ] DREAMPlace - full step 38.478 ms
[INFO   ] DREAMPlace - optimizer step 86.320 ms
[INFO   ] DREAMPlace - iteration  576, ( 576,  0,  0), Obj 7.923949E+07, DensityWeight 1.968315E-03, wHPWL 8.805768E+07, Overflow 2.337688E-01, MaxDensity 5.070E+00, gamma 3.358512E+01, time 5.198ms
[INFO   ] DREAMPlace - full step 98.784 ms
[INFO   ] DREAMPlace - optimizer step 22.553 ms
[INFO   ] DREAMPlace - iteration  577, ( 577,  0,  0), Obj 7.935110E+07, DensityWeight 2.025396E-03, wHPWL 8.804680E+07, Overflow 2.314762E-01, MaxDensity 5.303E+00, gamma 3.310543E+01, time 5.237ms
[INFO   ] DREAMPlace - full step 35.130 ms
[INFO   ] DREAMPlace - optimizer step 55.271 ms
[INFO   ] DREAMPlace - iteration  578, ( 578,  0,  0), Obj 7.944228E+07, DensityWeight 2.084133E-03, wHPWL 8.801674E+07, Overflow 2.296346E-01, MaxDensity 5.340E+00, gamma 3.271935E+01, time 5.228ms
[INFO   ] DREAMPlace - full step 67.755 ms
[INFO   ] DREAMPlace - optimizer step 58.062 ms
[INFO   ] DREAMPlace - iteration  579, ( 579,  0,  0), Obj 7.950929E+07, DensityWeight 2.144573E-03, wHPWL 8.798350E+07, Overflow 2.282180E-01, MaxDensity 5.367E+00, gamma 3.241246E+01, time 5.196ms
[INFO   ] DREAMPlace - full step 70.524 ms
[INFO   ] DREAMPlace - optimizer step 82.372 ms
[INFO   ] DREAMPlace - iteration  580, ( 580,  0,  0), Obj 7.955692E+07, DensityWeight 2.206765E-03, wHPWL 8.794573E+07, Overflow 2.267762E-01, MaxDensity 5.314E+00, gamma 3.217836E+01, time 21.228ms
[INFO   ] DREAMPlace - full step 110.854 ms
[INFO   ] DREAMPlace - optimizer step 61.486 ms
[INFO   ] DREAMPlace - iteration  581, ( 581,  0,  0), Obj 7.959091E+07, DensityWeight 2.270762E-03, wHPWL 8.791512E+07, Overflow 2.253646E-01, MaxDensity 5.262E+00, gamma 3.194184E+01, time 3.776ms
[INFO   ] DREAMPlace - full step 72.453 ms
[INFO   ] DREAMPlace - optimizer step 56.216 ms
[INFO   ] DREAMPlace - iteration  582, ( 582,  0,  0), Obj 7.962706E+07, DensityWeight 2.336614E-03, wHPWL 8.788762E+07, Overflow 2.235846E-01, MaxDensity 4.830E+00, gamma 3.171197E+01, time 5.305ms
[INFO   ] DREAMPlace - full step 68.763 ms
[INFO   ] DREAMPlace - optimizer step 22.541 ms
[INFO   ] DREAMPlace - iteration  583, ( 583,  0,  0), Obj 7.966894E+07, DensityWeight 2.404376E-03, wHPWL 8.787454E+07, Overflow 2.218709E-01, MaxDensity 4.886E+00, gamma 3.142446E+01, time 5.188ms
[INFO   ] DREAMPlace - full step 34.819 ms
[INFO   ] DREAMPlace - optimizer step 107.429 ms
[INFO   ] DREAMPlace - iteration  584, ( 584,  0,  0), Obj 7.972466E+07, DensityWeight 2.474103E-03, wHPWL 8.786266E+07, Overflow 2.197646E-01, MaxDensity 4.985E+00, gamma 3.115009E+01, time 5.241ms
[INFO   ] DREAMPlace - full step 117.862 ms
[I] plotting to obsfield_results/bigblue1/plot/iter0585.png takes 12.635 seconds
[INFO   ] DREAMPlace - plotting to obsfield_results/bigblue1/plot/iter0585.png takes 13.419 seconds
[INFO   ] DREAMPlace - optimizer step 26.689 ms
[INFO   ] DREAMPlace - iteration  585, ( 585,  0,  0), Obj 7.978351E+07, DensityWeight 2.545852E-03, wHPWL 8.785963E+07, Overflow 2.175565E-01, MaxDensity 4.980E+00, gamma 3.081618E+01, time 5.209ms
[INFO   ] DREAMPlace - full step 13506.014 ms
[INFO   ] DREAMPlace - optimizer step 58.825 ms
[INFO   ] DREAMPlace - iteration  586, ( 586,  0,  0), Obj 7.985502E+07, DensityWeight 2.619682E-03, wHPWL 8.785338E+07, Overflow 2.152398E-01, MaxDensity 4.631E+00, gamma 3.046995E+01, time 3.182ms
[INFO   ] DREAMPlace - full step 67.615 ms
[INFO   ] DREAMPlace - optimizer step 61.866 ms
[INFO   ] DREAMPlace - iteration  587, ( 587,  0,  0), Obj 7.993500E+07, DensityWeight 2.695652E-03, wHPWL 8.785546E+07, Overflow 2.131106E-01, MaxDensity 4.612E+00, gamma 3.011090E+01, time 3.344ms
[INFO   ] DREAMPlace - full step 72.469 ms
[INFO   ] DREAMPlace - optimizer step 20.597 ms
[INFO   ] DREAMPlace - iteration  588, ( 588,  0,  0), Obj 8.001766E+07, DensityWeight 2.829617E-03, wHPWL 8.785150E+07, Overflow 2.110084E-01, MaxDensity 4.733E+00, gamma 2.978462E+01, time 5.255ms
[INFO   ] DREAMPlace - full step 32.409 ms
[INFO   ] DREAMPlace - optimizer step 82.320 ms
[INFO   ] DREAMPlace - iteration  589, ( 589,  0,  0), Obj 8.009388E+07, DensityWeight 2.911676E-03, wHPWL 8.784797E+07, Overflow 2.091255E-01, MaxDensity 4.659E+00, gamma 2.946596E+01, time 15.346ms
[INFO   ] DREAMPlace - full step 103.136 ms
[INFO   ] DREAMPlace - optimizer step 66.552 ms
[INFO   ] DREAMPlace - iteration  590, ( 590,  0,  0), Obj 8.016808E+07, DensityWeight 2.996115E-03, wHPWL 8.783962E+07, Overflow 2.067434E-01, MaxDensity 4.427E+00, gamma 2.918342E+01, time 5.195ms
[INFO   ] DREAMPlace - full step 74.720 ms
[INFO   ] DREAMPlace - optimizer step 22.509 ms
[INFO   ] DREAMPlace - iteration  591, ( 591,  0,  0), Obj 8.024026E+07, DensityWeight 3.083003E-03, wHPWL 8.784028E+07, Overflow 2.043407E-01, MaxDensity 4.550E+00, gamma 2.882987E+01, time 7.354ms
[INFO   ] DREAMPlace - full step 33.511 ms
[INFO   ] DREAMPlace - optimizer step 54.953 ms
[INFO   ] DREAMPlace - iteration  592, ( 592,  0,  0), Obj 8.032189E+07, DensityWeight 3.236853E-03, wHPWL 8.783366E+07, Overflow 2.019513E-01, MaxDensity 4.437E+00, gamma 2.847761E+01, time 5.188ms
[INFO   ] DREAMPlace - full step 67.384 ms
[INFO   ] DREAMPlace - optimizer step 57.277 ms
[INFO   ] DREAMPlace - iteration  593, ( 593,  0,  0), Obj 8.040215E+07, DensityWeight 3.330722E-03, wHPWL 8.782784E+07, Overflow 1.997800E-01, MaxDensity 4.565E+00, gamma 2.813155E+01, time 5.182ms
[INFO   ] DREAMPlace - full step 69.707 ms
[INFO   ] DREAMPlace - optimizer step 23.529 ms
[INFO   ] DREAMPlace - iteration  594, ( 594,  0,  0), Obj 8.048110E+07, DensityWeight 3.427313E-03, wHPWL 8.781878E+07, Overflow 1.972463E-01, MaxDensity 4.360E+00, gamma 2.782073E+01, time 5.209ms
[INFO   ] DREAMPlace - full step 35.980 ms
[INFO   ] DREAMPlace - optimizer step 44.903 ms
[INFO   ] DREAMPlace - iteration  595, ( 595,  0,  0), Obj 8.055690E+07, DensityWeight 3.526706E-03, wHPWL 8.781744E+07, Overflow 1.948277E-01, MaxDensity 4.429E+00, gamma 2.746237E+01, time 0.762ms
[INFO   ] DREAMPlace - full step 50.752 ms
[INFO   ] DREAMPlace - optimizer step 63.746 ms
[INFO   ] DREAMPlace - iteration  596, ( 596,  0,  0), Obj 8.063710E+07, DensityWeight 3.628980E-03, wHPWL 8.780907E+07, Overflow 1.928504E-01, MaxDensity 4.399E+00, gamma 2.712461E+01, time 3.024ms
[INFO   ] DREAMPlace - full step 72.011 ms
[INFO   ] DREAMPlace - optimizer step 21.185 ms
[INFO   ] DREAMPlace - iteration  597, ( 597,  0,  0), Obj 8.071055E+07, DensityWeight 3.734221E-03, wHPWL 8.779883E+07, Overflow 1.909786E-01, MaxDensity 4.413E+00, gamma 2.685155E+01, time 5.212ms
[INFO   ] DREAMPlace - full step 33.580 ms
[INFO   ] DREAMPlace - optimizer step 22.553 ms
[INFO   ] DREAMPlace - iteration  598, ( 598,  0,  0), Obj 8.076898E+07, DensityWeight 3.842513E-03, wHPWL 8.778389E+07, Overflow 1.894583E-01, MaxDensity 4.357E+00, gamma 2.659561E+01, time 5.150ms
[INFO   ] DREAMPlace - full step 33.074 ms
[INFO   ] DREAMPlace - optimizer step 56.687 ms
[INFO   ] DREAMPlace - iteration  599, ( 599,  0,  0), Obj 8.082148E+07, DensityWeight 3.953946E-03, wHPWL 8.776917E+07, Overflow 1.879079E-01, MaxDensity 4.285E+00, gamma 2.638951E+01, time 5.252ms
[INFO   ] DREAMPlace - full step 69.148 ms
[INFO   ] DREAMPlace - optimizer step 99.582 ms
[INFO   ] DREAMPlace - iteration  600, ( 600,  0,  0), Obj 8.086361E+07, DensityWeight 4.068611E-03, wHPWL 8.775396E+07, Overflow 1.864097E-01, MaxDensity 4.247E+00, gamma 2.618099E+01, time 20.447ms
[INFO   ] DREAMPlace - full step 127.255 ms
[INFO   ] DREAMPlace - optimizer step 20.343 ms
[INFO   ] DREAMPlace - iteration  601, ( 601,  0,  0), Obj 8.090489E+07, DensityWeight 4.186600E-03, wHPWL 8.773956E+07, Overflow 1.847179E-01, MaxDensity 4.181E+00, gamma 2.598105E+01, time 5.187ms
[INFO   ] DREAMPlace - full step 32.778 ms
[INFO   ] DREAMPlace - optimizer step 22.572 ms
[INFO   ] DREAMPlace - iteration  602, ( 602,  0,  0), Obj 8.094580E+07, DensityWeight 4.308012E-03, wHPWL 8.772608E+07, Overflow 1.829091E-01, MaxDensity 4.240E+00, gamma 2.575712E+01, time 41.298ms
[INFO   ] DREAMPlace - full step 71.141 ms
[INFO   ] DREAMPlace - optimizer step 56.915 ms
[INFO   ] DREAMPlace - iteration  603, ( 603,  0,  0), Obj 8.099434E+07, DensityWeight 4.432945E-03, wHPWL 8.771837E+07, Overflow 1.810642E-01, MaxDensity 4.351E+00, gamma 2.551982E+01, time 5.222ms
[INFO   ] DREAMPlace - full step 69.356 ms
[INFO   ] DREAMPlace - optimizer step 18.766 ms
[INFO   ] DREAMPlace - iteration  604, ( 604,  0,  0), Obj 8.104733E+07, DensityWeight 4.561500E-03, wHPWL 8.771054E+07, Overflow 1.791133E-01, MaxDensity 3.996E+00, gamma 2.528005E+01, time 5.278ms
[INFO   ] DREAMPlace - full step 31.262 ms
[INFO   ] DREAMPlace - optimizer step 18.330 ms
[INFO   ] DREAMPlace - iteration  605, ( 605,  0,  0), Obj 8.110122E+07, DensityWeight 4.693784E-03, wHPWL 8.770440E+07, Overflow 1.772697E-01, MaxDensity 4.078E+00, gamma 2.502894E+01, time 5.203ms
[INFO   ] DREAMPlace - full step 30.771 ms
[INFO   ] DREAMPlace - optimizer step 22.593 ms
[INFO   ] DREAMPlace - iteration  606, ( 606,  0,  0), Obj 8.115896E+07, DensityWeight 4.829904E-03, wHPWL 8.769765E+07, Overflow 1.754511E-01, MaxDensity 4.209E+00, gamma 2.479394E+01, time 50.745ms
[INFO   ] DREAMPlace - full step 80.612 ms
[INFO   ] DREAMPlace - optimizer step 70.566 ms
[INFO   ] DREAMPlace - iteration  607, ( 607,  0,  0), Obj 8.121438E+07, DensityWeight 4.969971E-03, wHPWL 8.769406E+07, Overflow 1.736616E-01, MaxDensity 4.156E+00, gamma 2.456429E+01, time 5.213ms
[INFO   ] DREAMPlace - full step 83.041 ms
[INFO   ] DREAMPlace - optimizer step 69.947 ms
[INFO   ] DREAMPlace - iteration  608, ( 608,  0,  0), Obj 8.126986E+07, DensityWeight 5.114100E-03, wHPWL 8.768989E+07, Overflow 1.719598E-01, MaxDensity 4.215E+00, gamma 2.434040E+01, time 10.907ms
[INFO   ] DREAMPlace - full step 88.861 ms
[INFO   ] DREAMPlace - optimizer step 60.327 ms
[INFO   ] DREAMPlace - iteration  609, ( 609,  0,  0), Obj 8.132386E+07, DensityWeight 5.262409E-03, wHPWL 8.768864E+07, Overflow 1.703079E-01, MaxDensity 4.110E+00, gamma 2.412936E+01, time 5.225ms
[INFO   ] DREAMPlace - full step 70.713 ms
[INFO   ] DREAMPlace - optimizer step 22.606 ms
[INFO   ] DREAMPlace - iteration  610, ( 610,  0,  0), Obj 8.137353E+07, DensityWeight 5.415019E-03, wHPWL 8.768275E+07, Overflow 1.686911E-01, MaxDensity 4.051E+00, gamma 2.392627E+01, time 5.203ms
[INFO   ] DREAMPlace - full step 72.833 ms
[INFO   ] DREAMPlace - optimizer step 22.580 ms
[INFO   ] DREAMPlace - iteration  611, ( 611,  0,  0), Obj 8.141847E+07, DensityWeight 5.572055E-03, wHPWL 8.767589E+07, Overflow 1.670124E-01, MaxDensity 3.935E+00, gamma 2.372914E+01, time 5.172ms
[INFO   ] DREAMPlace - full step 35.077 ms
[INFO   ] DREAMPlace - optimizer step 25.027 ms
[INFO   ] DREAMPlace - iteration  612, ( 612,  0,  0), Obj 8.146159E+07, DensityWeight 5.733645E-03, wHPWL 8.766590E+07, Overflow 1.652241E-01, MaxDensity 4.068E+00, gamma 2.352619E+01, time 5.211ms
[INFO   ] DREAMPlace - full step 37.611 ms
[INFO   ] DREAMPlace - optimizer step 32.717 ms
[INFO   ] DREAMPlace - iteration  613, ( 613,  0,  0), Obj 8.150340E+07, DensityWeight 5.899921E-03, wHPWL 8.765557E+07, Overflow 1.636017E-01, MaxDensity 3.883E+00, gamma 2.331190E+01, time 48.722ms
[INFO   ] DREAMPlace - full step 88.701 ms
[INFO   ] DREAMPlace - optimizer step 23.890 ms
[INFO   ] DREAMPlace - iteration  614, ( 614,  0,  0), Obj 8.154791E+07, DensityWeight 6.071019E-03, wHPWL 8.764262E+07, Overflow 1.619342E-01, MaxDensity 3.985E+00, gamma 2.311917E+01, time 42.212ms
[INFO   ] DREAMPlace - full step 73.330 ms
[INFO   ] DREAMPlace - optimizer step 54.382 ms
[INFO   ] DREAMPlace - iteration  615, ( 615,  0,  0), Obj 8.158989E+07, DensityWeight 6.247079E-03, wHPWL 8.763433E+07, Overflow 1.602710E-01, MaxDensity 4.080E+00, gamma 2.292275E+01, time 5.243ms
[INFO   ] DREAMPlace - full step 66.873 ms
[INFO   ] DREAMPlace - optimizer step 21.322 ms
[INFO   ] DREAMPlace - iteration  616, ( 616,  0,  0), Obj 8.163486E+07, DensityWeight 6.428245E-03, wHPWL 8.762685E+07, Overflow 1.584306E-01, MaxDensity 4.044E+00, gamma 2.272850E+01, time 48.123ms
[INFO   ] DREAMPlace - full step 98.510 ms
[INFO   ] DREAMPlace - optimizer step 54.087 ms
[INFO   ] DREAMPlace - iteration  617, ( 617,  0,  0), Obj 8.168026E+07, DensityWeight 6.614664E-03, wHPWL 8.762326E+07, Overflow 1.567389E-01, MaxDensity 3.879E+00, gamma 2.251547E+01, time 5.191ms
[INFO   ] DREAMPlace - full step 66.516 ms
[INFO   ] DREAMPlace - optimizer step 22.592 ms
[INFO   ] DREAMPlace - iteration  618, ( 618,  0,  0), Obj 8.173132E+07, DensityWeight 6.806490E-03, wHPWL 8.761982E+07, Overflow 1.549673E-01, MaxDensity 3.962E+00, gamma 2.232141E+01, time 5.205ms
[INFO   ] DREAMPlace - full step 35.051 ms
[INFO   ] DREAMPlace - optimizer step 22.194 ms
[INFO   ] DREAMPlace - iteration  619, ( 619,  0,  0), Obj 8.177883E+07, DensityWeight 7.003878E-03, wHPWL 8.761874E+07, Overflow 1.533808E-01, MaxDensity 4.017E+00, gamma 2.211998E+01, time 89.780ms
[INFO   ] DREAMPlace - full step 119.276 ms
[INFO   ] DREAMPlace - optimizer step 56.544 ms
[INFO   ] DREAMPlace - iteration  620, ( 620,  0,  0), Obj 8.182796E+07, DensityWeight 7.206991E-03, wHPWL 8.761546E+07, Overflow 1.517672E-01, MaxDensity 3.948E+00, gamma 2.194114E+01, time 5.145ms
[INFO   ] DREAMPlace - full step 68.886 ms
[INFO   ] DREAMPlace - optimizer step 62.616 ms
[INFO   ] DREAMPlace - iteration  621, ( 621,  0,  0), Obj 8.187378E+07, DensityWeight 7.415994E-03, wHPWL 8.761598E+07, Overflow 1.501625E-01, MaxDensity 3.807E+00, gamma 2.176073E+01, time 5.239ms
[INFO   ] DREAMPlace - full step 74.943 ms
[INFO   ] DREAMPlace - optimizer step 22.539 ms
[INFO   ] DREAMPlace - iteration  622, ( 622,  0,  0), Obj 8.191539E+07, DensityWeight 7.786220E-03, wHPWL 8.760822E+07, Overflow 1.486050E-01, MaxDensity 3.584E+00, gamma 2.158278E+01, time 5.195ms
[INFO   ] DREAMPlace - full step 35.030 ms
[INFO   ] DREAMPlace - optimizer step 22.331 ms
[INFO   ] DREAMPlace - iteration  623, ( 623,  0,  0), Obj 8.195374E+07, DensityWeight 8.012021E-03, wHPWL 8.760026E+07, Overflow 1.469766E-01, MaxDensity 3.763E+00, gamma 2.141147E+01, time 104.390ms
[INFO   ] DREAMPlace - full step 133.966 ms
[INFO   ] DREAMPlace - optimizer step 60.693 ms
[INFO   ] DREAMPlace - iteration  624, ( 624,  0,  0), Obj 8.199528E+07, DensityWeight 8.244370E-03, wHPWL 8.759432E+07, Overflow 1.447390E-01, MaxDensity 3.724E+00, gamma 2.123380E+01, time 5.195ms
[INFO   ] DREAMPlace - full step 73.159 ms
[INFO   ] DREAMPlace - optimizer step 58.268 ms
[INFO   ] DREAMPlace - iteration  625, ( 625,  0,  0), Obj 8.204465E+07, DensityWeight 8.483457E-03, wHPWL 8.760120E+07, Overflow 1.425177E-01, MaxDensity 3.661E+00, gamma 2.099207E+01, time 5.173ms
[INFO   ] DREAMPlace - full step 70.645 ms
[INFO   ] DREAMPlace - optimizer step 22.586 ms
[INFO   ] DREAMPlace - iteration  626, ( 626,  0,  0), Obj 8.210384E+07, DensityWeight 8.899092E-03, wHPWL 8.760022E+07, Overflow 1.407945E-01, MaxDensity 3.680E+00, gamma 2.075482E+01, time 7.676ms
[INFO   ] DREAMPlace - full step 37.526 ms
[INFO   ] DREAMPlace - optimizer step 30.148 ms
[INFO   ] DREAMPlace - iteration  627, ( 627,  0,  0), Obj 8.215845E+07, DensityWeight 9.157166E-03, wHPWL 8.759739E+07, Overflow 1.393061E-01, MaxDensity 3.388E+00, gamma 2.057262E+01, time 97.474ms
[INFO   ] DREAMPlace - full step 134.690 ms
[INFO   ] DREAMPlace - optimizer step 36.017 ms
[INFO   ] DREAMPlace - iteration  628, ( 628,  0,  0), Obj 8.220243E+07, DensityWeight 9.422724E-03, wHPWL 8.758950E+07, Overflow 1.373745E-01, MaxDensity 3.444E+00, gamma 2.041653E+01, time 57.686ms
[INFO   ] DREAMPlace - full step 101.054 ms
[INFO   ] DREAMPlace - optimizer step 22.570 ms
[INFO   ] DREAMPlace - iteration  629, ( 629,  0,  0), Obj 8.224448E+07, DensityWeight 9.695983E-03, wHPWL 8.759144E+07, Overflow 1.354901E-01, MaxDensity 3.382E+00, gamma 2.021574E+01, time 5.223ms
[INFO   ] DREAMPlace - full step 34.961 ms
[I] plotting to obsfield_results/bigblue1/plot/iter0630.png takes 12.993 seconds
[INFO   ] DREAMPlace - plotting to obsfield_results/bigblue1/plot/iter0630.png takes 13.542 seconds
[INFO   ] DREAMPlace - optimizer step 62.505 ms
[INFO   ] DREAMPlace - iteration  630, ( 630,  0,  0), Obj 8.229245E+07, DensityWeight 1.017802E-02, wHPWL 8.758695E+07, Overflow 1.338041E-01, MaxDensity 3.260E+00, gamma 2.002176E+01, time 95.010ms
[INFO   ] DREAMPlace - full step 13709.494 ms
[INFO   ] DREAMPlace - optimizer step 60.296 ms
[INFO   ] DREAMPlace - iteration  631, ( 631,  0,  0), Obj 8.233605E+07, DensityWeight 1.047319E-02, wHPWL 8.758146E+07, Overflow 1.322697E-01, MaxDensity 3.243E+00, gamma 1.984976E+01, time 17.528ms
[INFO   ] DREAMPlace - full step 85.108 ms
[INFO   ] DREAMPlace - optimizer step 22.166 ms
[INFO   ] DREAMPlace - iteration  632, ( 632,  0,  0), Obj 8.237645E+07, DensityWeight 1.077691E-02, wHPWL 8.757336E+07, Overflow 1.303567E-01, MaxDensity 3.155E+00, gamma 1.969453E+01, time 5.111ms
[INFO   ] DREAMPlace - full step 34.539 ms
[INFO   ] DREAMPlace - optimizer step 22.067 ms
[INFO   ] DREAMPlace - iteration  633, ( 633,  0,  0), Obj 8.241801E+07, DensityWeight 1.108944E-02, wHPWL 8.757478E+07, Overflow 1.285759E-01, MaxDensity 3.247E+00, gamma 1.950269E+01, time 5.225ms
[INFO   ] DREAMPlace - full step 34.431 ms
[INFO   ] DREAMPlace - optimizer step 22.231 ms
[INFO   ] DREAMPlace - iteration  634, ( 634,  0,  0), Obj 8.246555E+07, DensityWeight 1.164160E-02, wHPWL 8.757238E+07, Overflow 1.271408E-01, MaxDensity 3.174E+00, gamma 1.932579E+01, time 5.144ms
[INFO   ] DREAMPlace - full step 33.134 ms
[INFO   ] DREAMPlace - optimizer step 59.935 ms
[INFO   ] DREAMPlace - iteration  635, ( 635,  0,  0), Obj 8.250456E+07, DensityWeight 1.197921E-02, wHPWL 8.756565E+07, Overflow 1.256945E-01, MaxDensity 3.182E+00, gamma 1.918439E+01, time 7.293ms
[INFO   ] DREAMPlace - full step 74.415 ms
[INFO   ] DREAMPlace - optimizer step 59.062 ms
[INFO   ] DREAMPlace - iteration  636, ( 636,  0,  0), Obj 8.253490E+07, DensityWeight 1.232660E-02, wHPWL 8.755312E+07, Overflow 1.236847E-01, MaxDensity 3.068E+00, gamma 1.904294E+01, time 16.841ms
[INFO   ] DREAMPlace - full step 83.086 ms
[INFO   ] DREAMPlace - optimizer step 59.815 ms
[INFO   ] DREAMPlace - iteration  637, ( 637,  0,  0), Obj 8.257138E+07, DensityWeight 1.268408E-02, wHPWL 8.755309E+07, Overflow 1.216150E-01, MaxDensity 2.948E+00, gamma 1.884811E+01, time 5.652ms
[INFO   ] DREAMPlace - full step 72.611 ms
[INFO   ] DREAMPlace - optimizer step 24.647 ms
[INFO   ] DREAMPlace - iteration  638, ( 638,  0,  0), Obj 8.262012E+07, DensityWeight 1.305192E-02, wHPWL 8.755255E+07, Overflow 1.198674E-01, MaxDensity 2.893E+00, gamma 1.864955E+01, time 5.105ms
[INFO   ] DREAMPlace - full step 36.931 ms
[INFO   ] DREAMPlace - optimizer step 58.693 ms
[INFO   ] DREAMPlace - iteration  639, ( 639,  0,  0), Obj 8.266656E+07, DensityWeight 1.343042E-02, wHPWL 8.755013E+07, Overflow 1.184193E-01, MaxDensity 2.861E+00, gamma 1.848353E+01, time 49.312ms
[INFO   ] DREAMPlace - full step 115.145 ms
[INFO   ] DREAMPlace - optimizer step 58.193 ms
[INFO   ] DREAMPlace - iteration  640, ( 640,  0,  0), Obj 8.270342E+07, DensityWeight 1.381990E-02, wHPWL 8.754019E+07, Overflow 1.173033E-01, MaxDensity 2.843E+00, gamma 1.834708E+01, time 5.104ms
[INFO   ] DREAMPlace - full step 70.463 ms
[INFO   ] DREAMPlace - optimizer step 22.225 ms
[INFO   ] DREAMPlace - iteration  641, ( 641,  0,  0), Obj 8.273206E+07, DensityWeight 1.422068E-02, wHPWL 8.753112E+07, Overflow 1.161829E-01, MaxDensity 2.992E+00, gamma 1.824261E+01, time 5.140ms
[INFO   ] DREAMPlace - full step 34.503 ms
[INFO   ] DREAMPlace - optimizer step 22.203 ms
[INFO   ] DREAMPlace - iteration  642, ( 642,  0,  0), Obj 8.275418E+07, DensityWeight 1.463308E-02, wHPWL 8.751976E+07, Overflow 1.150699E-01, MaxDensity 3.026E+00, gamma 1.813832E+01, time 5.121ms
[INFO   ] DREAMPlace - full step 34.465 ms
[INFO   ] DREAMPlace - optimizer step 57.966 ms
[INFO   ] DREAMPlace - iteration  643, ( 643,  0,  0), Obj 8.277803E+07, DensityWeight 1.505744E-02, wHPWL 8.751499E+07, Overflow 1.138111E-01, MaxDensity 2.891E+00, gamma 1.803532E+01, time 5.085ms
[INFO   ] DREAMPlace - full step 70.178 ms
[INFO   ] DREAMPlace - optimizer step 55.769 ms
[INFO   ] DREAMPlace - iteration  644, ( 644,  0,  0), Obj 8.280195E+07, DensityWeight 1.549411E-02, wHPWL 8.750824E+07, Overflow 1.124906E-01, MaxDensity 2.730E+00, gamma 1.791953E+01, time 5.149ms
[INFO   ] DREAMPlace - full step 68.156 ms
[INFO   ] DREAMPlace - optimizer step 24.613 ms
[INFO   ] DREAMPlace - iteration  645, ( 645,  0,  0), Obj 8.282706E+07, DensityWeight 1.594344E-02, wHPWL 8.750288E+07, Overflow 1.111104E-01, MaxDensity 2.703E+00, gamma 1.779886E+01, time 5.081ms
[INFO   ] DREAMPlace - full step 36.819 ms
[INFO   ] DREAMPlace - optimizer step 22.253 ms
[INFO   ] DREAMPlace - iteration  646, ( 646,  0,  0), Obj 8.285481E+07, DensityWeight 1.640580E-02, wHPWL 8.749646E+07, Overflow 1.096975E-01, MaxDensity 2.620E+00, gamma 1.767360E+01, time 5.121ms
[INFO   ] DREAMPlace - full step 34.515 ms
[INFO   ] DREAMPlace - optimizer step 22.208 ms
[INFO   ] DREAMPlace - iteration  647, ( 647,  0,  0), Obj 8.288791E+07, DensityWeight 1.688157E-02, wHPWL 8.749887E+07, Overflow 1.083136E-01, MaxDensity 2.654E+00, gamma 1.754628E+01, time 41.100ms
[INFO   ] DREAMPlace - full step 70.442 ms
[INFO   ] DREAMPlace - optimizer step 55.824 ms
[INFO   ] DREAMPlace - iteration  648, ( 648,  0,  0), Obj 8.292118E+07, DensityWeight 1.771968E-02, wHPWL 8.749781E+07, Overflow 1.069919E-01, MaxDensity 2.649E+00, gamma 1.742248E+01, time 5.127ms
[INFO   ] DREAMPlace - full step 68.125 ms
[INFO   ] DREAMPlace - optimizer step 24.400 ms
[INFO   ] DREAMPlace - iteration  649, ( 649,  0,  0), Obj 8.294994E+07, DensityWeight 1.823355E-02, wHPWL 8.749477E+07, Overflow 1.055991E-01, MaxDensity 2.674E+00, gamma 1.730505E+01, time 5.128ms
[INFO   ] DREAMPlace - full step 36.661 ms
[INFO   ] DREAMPlace - optimizer step 22.249 ms
[INFO   ] DREAMPlace - iteration  650, ( 650,  0,  0), Obj 8.297462E+07, DensityWeight 1.876232E-02, wHPWL 8.748306E+07, Overflow 1.036780E-01, MaxDensity 2.655E+00, gamma 1.718216E+01, time 5.147ms
[INFO   ] DREAMPlace - full step 33.702 ms
[INFO   ] DREAMPlace - optimizer step 24.690 ms
[INFO   ] DREAMPlace - iteration  651, ( 651,  0,  0), Obj 8.300413E+07, DensityWeight 1.930643E-02, wHPWL 8.748014E+07, Overflow 1.020446E-01, MaxDensity 2.648E+00, gamma 1.701408E+01, time 5.123ms
[INFO   ] DREAMPlace - full step 36.896 ms
[INFO   ] DREAMPlace - optimizer step 55.864 ms
[INFO   ] DREAMPlace - iteration  652, ( 652,  0,  0), Obj 8.304398E+07, DensityWeight 1.986632E-02, wHPWL 8.747526E+07, Overflow 1.007585E-01, MaxDensity 2.615E+00, gamma 1.687247E+01, time 5.121ms
[INFO   ] DREAMPlace - full step 68.135 ms
[INFO   ] DREAMPlace - optimizer step 62.538 ms
[INFO   ] DREAMPlace - iteration  653, ( 653,  0,  0), Obj 8.307705E+07, DensityWeight 2.044244E-02, wHPWL 8.747104E+07, Overflow 9.960096E-02, MaxDensity 2.658E+00, gamma 1.676180E+01, time 5.141ms
[INFO   ] DREAMPlace - full step 74.779 ms
[INFO   ] DREAMPlace - optimizer step 22.197 ms
[INFO   ] DREAMPlace - iteration  654, ( 654,  0,  0), Obj 8.310317E+07, DensityWeight 2.103527E-02, wHPWL 8.746310E+07, Overflow 9.857942E-02, MaxDensity 2.577E+00, gamma 1.666282E+01, time 5.248ms
[INFO   ] DREAMPlace - full step 34.519 ms
[INFO   ] DREAMPlace - optimizer step 22.128 ms
[INFO   ] DREAMPlace - iteration  655, ( 655,  0,  0), Obj 8.312913E+07, DensityWeight 2.164530E-02, wHPWL 8.746205E+07, Overflow 9.740515E-02, MaxDensity 2.552E+00, gamma 1.657595E+01, time 5.243ms
[INFO   ] DREAMPlace - full step 34.501 ms
[INFO   ] DREAMPlace - optimizer step 22.133 ms
[INFO   ] DREAMPlace - iteration  656, ( 656,  0,  0), Obj 8.315213E+07, DensityWeight 2.227301E-02, wHPWL 8.745857E+07, Overflow 9.611487E-02, MaxDensity 2.517E+00, gamma 1.647664E+01, time 43.036ms
[INFO   ] DREAMPlace - full step 72.268 ms
[INFO   ] DREAMPlace - optimizer step 58.016 ms
[INFO   ] DREAMPlace - iteration  657, ( 657,  0,  0), Obj 8.317237E+07, DensityWeight 2.291893E-02, wHPWL 8.745123E+07, Overflow 9.478693E-02, MaxDensity 2.431E+00, gamma 1.636823E+01, time 5.224ms
[INFO   ] DREAMPlace - full step 70.394 ms
[INFO   ] DREAMPlace - optimizer step 22.302 ms
[INFO   ] DREAMPlace - iteration  658, ( 658,  0,  0), Obj 8.319016E+07, DensityWeight 2.358358E-02, wHPWL 8.743533E+07, Overflow 9.361593E-02, MaxDensity 2.319E+00, gamma 1.625738E+01, time 4.828ms
[INFO   ] DREAMPlace - full step 36.687 ms
[INFO   ] DREAMPlace - optimizer step 30.114 ms
[INFO   ] DREAMPlace - iteration  659, ( 659,  0,  0), Obj 8.320906E+07, DensityWeight 2.426750E-02, wHPWL 8.742248E+07, Overflow 9.255322E-02, MaxDensity 2.339E+00, gamma 1.616026E+01, time 10.167ms
[INFO   ] DREAMPlace - full step 47.420 ms
[INFO   ] DREAMPlace - optimizer step 22.264 ms
[INFO   ] DREAMPlace - iteration  660, ( 660,  0,  0), Obj 8.322952E+07, DensityWeight 2.497126E-02, wHPWL 8.741306E+07, Overflow 9.148446E-02, MaxDensity 2.379E+00, gamma 1.607262E+01, time 5.145ms
[INFO   ] DREAMPlace - full step 34.540 ms
[INFO   ] DREAMPlace - optimizer step 27.110 ms
[INFO   ] DREAMPlace - iteration  661, ( 661,  0,  0), Obj 8.325185E+07, DensityWeight 2.569543E-02, wHPWL 8.741162E+07, Overflow 9.033398E-02, MaxDensity 2.414E+00, gamma 1.598497E+01, time 51.523ms
[INFO   ] DREAMPlace - full step 85.784 ms
[INFO   ] DREAMPlace - optimizer step 24.623 ms
[INFO   ] DREAMPlace - iteration  662, ( 662,  0,  0), Obj 8.327155E+07, DensityWeight 2.644060E-02, wHPWL 8.740402E+07, Overflow 8.921625E-02, MaxDensity 2.429E+00, gamma 1.589114E+01, time 42.919ms
[INFO   ] DREAMPlace - full step 74.683 ms
[INFO   ] DREAMPlace - optimizer step 58.538 ms
[INFO   ] DREAMPlace - iteration  663, ( 663,  0,  0), Obj 8.328737E+07, DensityWeight 2.720738E-02, wHPWL 8.739122E+07, Overflow 8.799736E-02, MaxDensity 2.416E+00, gamma 1.580051E+01, time 5.152ms
[INFO   ] DREAMPlace - full step 70.836 ms
[INFO   ] DREAMPlace - optimizer step 28.537 ms
[INFO   ] DREAMPlace - iteration  664, ( 664,  0,  0), Obj 8.330141E+07, DensityWeight 2.799639E-02, wHPWL 8.737371E+07, Overflow 8.689289E-02, MaxDensity 2.422E+00, gamma 1.570228E+01, time 5.146ms
[INFO   ] DREAMPlace - full step 40.859 ms
[INFO   ] DREAMPlace - optimizer step 26.664 ms
[INFO   ] DREAMPlace - iteration  665, ( 665,  0,  0), Obj 8.331849E+07, DensityWeight 2.880829E-02, wHPWL 8.736085E+07, Overflow 8.579634E-02, MaxDensity 2.407E+00, gamma 1.561379E+01, time 13.914ms
[INFO   ] DREAMPlace - full step 47.734 ms
[INFO   ] DREAMPlace - optimizer step 22.251 ms
[INFO   ] DREAMPlace - iteration  666, ( 666,  0,  0), Obj 8.333486E+07, DensityWeight 2.964373E-02, wHPWL 8.734722E+07, Overflow 8.484631E-02, MaxDensity 2.366E+00, gamma 1.552643E+01, time 5.140ms
[INFO   ] DREAMPlace - full step 34.501 ms
[INFO   ] DREAMPlace - optimizer step 22.263 ms
[INFO   ] DREAMPlace - iteration  667, ( 667,  0,  0), Obj 8.335278E+07, DensityWeight 3.050340E-02, wHPWL 8.733899E+07, Overflow 8.382990E-02, MaxDensity 2.332E+00, gamma 1.545113E+01, time 40.810ms
[INFO   ] DREAMPlace - full step 70.223 ms
[INFO   ] DREAMPlace - optimizer step 62.477 ms
[INFO   ] DREAMPlace - iteration  668, ( 668,  0,  0), Obj 8.336748E+07, DensityWeight 3.138800E-02, wHPWL 8.732806E+07, Overflow 8.278737E-02, MaxDensity 2.299E+00, gamma 1.537099E+01, time 5.151ms
[INFO   ] DREAMPlace - full step 74.724 ms
[INFO   ] DREAMPlace - optimizer step 60.096 ms
[INFO   ] DREAMPlace - iteration  669, ( 669,  0,  0), Obj 8.338080E+07, DensityWeight 3.229825E-02, wHPWL 8.731616E+07, Overflow 8.169398E-02, MaxDensity 2.238E+00, gamma 1.528920E+01, time 5.131ms
[INFO   ] DREAMPlace - full step 72.611 ms
[INFO   ] DREAMPlace - optimizer step 22.246 ms
[INFO   ] DREAMPlace - iteration  670, ( 670,  0,  0), Obj 8.339560E+07, DensityWeight 3.323490E-02, wHPWL 8.730342E+07, Overflow 8.055905E-02, MaxDensity 2.166E+00, gamma 1.520390E+01, time 5.130ms
[INFO   ] DREAMPlace - full step 34.574 ms
[INFO   ] DREAMPlace - optimizer step 24.663 ms
[INFO   ] DREAMPlace - iteration  671, ( 671,  0,  0), Obj 8.341248E+07, DensityWeight 3.419872E-02, wHPWL 8.729410E+07, Overflow 7.948365E-02, MaxDensity 2.159E+00, gamma 1.511586E+01, time 5.135ms
[INFO   ] DREAMPlace - full step 37.010 ms
[INFO   ] DREAMPlace - optimizer step 57.966 ms
[INFO   ] DREAMPlace - iteration  672, ( 672,  0,  0), Obj 8.343057E+07, DensityWeight 3.519048E-02, wHPWL 8.728418E+07, Overflow 7.853076E-02, MaxDensity 2.174E+00, gamma 1.503292E+01, time 5.138ms
[INFO   ] DREAMPlace - full step 68.434 ms
[INFO   ] DREAMPlace - optimizer step 64.548 ms
[INFO   ] DREAMPlace - iteration  673, ( 673,  0,  0), Obj 8.344865E+07, DensityWeight 3.621101E-02, wHPWL 8.727668E+07, Overflow 7.764491E-02, MaxDensity 2.134E+00, gamma 1.495980E+01, time 5.126ms
[INFO   ] DREAMPlace - full step 76.779 ms
[INFO   ] DREAMPlace - optimizer step 22.250 ms
[INFO   ] DREAMPlace - iteration  674, ( 674,  0,  0), Obj 8.346356E+07, DensityWeight 3.726113E-02, wHPWL 8.726722E+07, Overflow 7.677498E-02, MaxDensity 2.083E+00, gamma 1.489214E+01, time 5.193ms
[INFO   ] DREAMPlace - full step 76.189 ms
[I] plotting to obsfield_results/bigblue1/plot/iter0675.png takes 13.346 seconds
[INFO   ] DREAMPlace - plotting to obsfield_results/bigblue1/plot/iter0675.png takes 14.320 seconds
[INFO   ] DREAMPlace - optimizer step 5.494 ms
[INFO   ] DREAMPlace - iteration  675, ( 675,  0,  0), Obj 8.347668E+07, DensityWeight 3.834170E-02, wHPWL 8.725705E+07, Overflow 7.584911E-02, MaxDensity 2.105E+00, gamma 1.482600E+01, time 5.178ms
[INFO   ] DREAMPlace - full step 14338.078 ms
[INFO   ] DREAMPlace - optimizer step 3.555 ms
[INFO   ] DREAMPlace - iteration  676, ( 676,  0,  0), Obj 8.349070E+07, DensityWeight 3.945361E-02, wHPWL 8.724784E+07, Overflow 7.489212E-02, MaxDensity 2.105E+00, gamma 1.475593E+01, time 0.895ms
[INFO   ] DREAMPlace - full step 5.465 ms
[INFO   ] DREAMPlace - optimizer step 6.550 ms
[INFO   ] DREAMPlace - iteration  677, ( 677,  0,  0), Obj 8.350634E+07, DensityWeight 4.059777E-02, wHPWL 8.724021E+07, Overflow 7.396153E-02, MaxDensity 2.082E+00, gamma 1.468385E+01, time 36.613ms
[INFO   ] DREAMPlace - full step 43.732 ms
[INFO   ] DREAMPlace - optimizer step 2.649 ms
[INFO   ] DREAMPlace - iteration  678, ( 678,  0,  0), Obj 8.352314E+07, DensityWeight 4.177510E-02, wHPWL 8.723374E+07, Overflow 7.306392E-02, MaxDensity 2.173E+00, gamma 1.461410E+01, time 0.831ms
[INFO   ] DREAMPlace - full step 4.083 ms
[INFO   ] DREAMPlace - optimizer step 6.803 ms
[INFO   ] DREAMPlace - iteration  679, ( 679,  0,  0), Obj 8.354006E+07, DensityWeight 4.298658E-02, wHPWL 8.722826E+07, Overflow 7.218137E-02, MaxDensity 2.223E+00, gamma 1.454713E+01, time 0.813ms
[INFO   ] DREAMPlace - full step 8.166 ms
[INFO   ] DREAMPlace - optimizer step 2.663 ms
[INFO   ] DREAMPlace - iteration  680, ( 680,  0,  0), Obj 8.355642E+07, DensityWeight 4.423320E-02, wHPWL 8.722278E+07, Overflow 7.129516E-02, MaxDensity 2.225E+00, gamma 1.448158E+01, time 0.839ms
[INFO   ] DREAMPlace - full step 4.027 ms
[INFO   ] DREAMPlace - optimizer step 2.754 ms
[INFO   ] DREAMPlace - iteration  681, ( 681,  0,  0), Obj 8.357248E+07, DensityWeight 4.551596E-02, wHPWL 8.721733E+07, Overflow 7.039256E-02, MaxDensity 2.181E+00, gamma 1.441606E+01, time 0.805ms
[INFO   ] DREAMPlace - full step 4.097 ms
[INFO   ] DREAMPlace - optimizer step 2.780 ms
[INFO   ] DREAMPlace - iteration  682, ( 682,  0,  0), Obj 8.358913E+07, DensityWeight 4.683593E-02, wHPWL 8.721330E+07, Overflow 6.945996E-02, MaxDensity 2.121E+00, gamma 1.434963E+01, time 0.783ms
[INFO   ] DREAMPlace - full step 4.119 ms
[INFO   ] DREAMPlace - optimizer step 9.983 ms
[INFO   ] DREAMPlace - iteration  683, ( 683,  0,  0), Obj 8.360701E+07, DensityWeight 4.819417E-02, wHPWL 8.721063E+07, Overflow 6.859484E-02, MaxDensity 2.047E+00, gamma 1.428132E+01, time 0.807ms
[INFO   ] DREAMPlace - full step 11.320 ms
[INFO   ] DREAMPlace - optimizer step 7.796 ms
[INFO   ] DREAMPlace - iteration  684, ( 684,  0,  0), Obj 8.362618E+07, DensityWeight 4.959180E-02, wHPWL 8.720974E+07, Overflow 6.772875E-02, MaxDensity 1.986E+00, gamma 1.421824E+01, time 2.758ms
[INFO   ] DREAMPlace - full step 11.148 ms
[INFO   ] DREAMPlace - optimizer step 8.017 ms
[INFO   ] DREAMPlace - iteration  685, ( 685,  0,  0), Obj 8.364394E+07, DensityWeight 5.102997E-02, wHPWL 8.720810E+07, Overflow 6.689299E-02, MaxDensity 1.973E+00, gamma 1.415537E+01, time 40.932ms
[INFO   ] DREAMPlace - full step 49.499 ms
[INFO   ] DREAMPlace - optimizer step 2.628 ms
[INFO   ] DREAMPlace - iteration  686, ( 686,  0,  0), Obj 8.366214E+07, DensityWeight 5.250984E-02, wHPWL 8.720822E+07, Overflow 6.604878E-02, MaxDensity 1.916E+00, gamma 1.409497E+01, time 0.801ms
[INFO   ] DREAMPlace - full step 3.964 ms
[INFO   ] DREAMPlace - optimizer nesterov takes 215.262 seconds
[I] plotting to obsfield_results/bigblue1/plot/iter0687.png takes 13.810 seconds
[INFO   ] DREAMPlace - plotting to obsfield_results/bigblue1/plot/iter0687.png takes 14.609 seconds
[INFO   ] DREAMPlace - Start legalization
abled
[INFO   ] writing placement to obsfield_results/bigblue1/plot/iter0450.png
[WARNING] filename = obsfield_results/bigblue1/plot/iter0450.png, width = 800, height = 799, file format = 3 not used, as DRAWPLACE not enabled
[INFO   ] writing placement to obsfield_results/bigblue1/plot/iter0495.png
[WARNING] filename = obsfield_results/bigblue1/plot/iter0495.png, width = 800, height = 799, file format = 3 not used, as DRAWPLACE not enabled
[INFO   ] writing placement to obsfield_results/bigblue1/plot/iter0540.png
[WARNING] filename = obsfield_results/bigblue1/plot/iter0540.png, width = 800, height = 799, file format = 3 not used, as DRAWPLACE not enabled
[INFO   ] writing placement to obsfield_results/bigblue1/plot/iter0585.png
[WARNING] filename = obsfield_results/bigblue1/plot/iter0585.png, width = 800, height = 799, file format = 3 not used, as DRAWPLACE not enabled
[INFO   ] writing placement to obsfield_results/bigblue1/plot/iter0630.png
[WARNING] filename = obsfield_results/bigblue1/plot/iter0630.png, width = 800, height = 799, file format = 3 not used, as DRAWPLACE not enabled
[INFO   ] writing placement to obsfield_results/bigblue1/plot/iter0675.png
[WARNING] filename = obsfield_results/bigblue1/plot/iter0675.png, width = 800, height = 799, file format = 3 not used, as DRAWPLACE not enabled
[INFO   ] writing placement to obsfield_results/bigblue1/plot/iter0687.png
[WARNING] filename = obsfield_results/bigblue1/plot/iter0687.png, width = 800, height = 799, file format = 3 not used, as DRAWPLACE not enabled
[INFO   ] Macro legalization: regard 0 cells as dummy fixed (movable macros)
[INFO   ] Macro legalization takes 1.53953 ms
[DEBUG  ] Standard cell legalization blank_num_bins_y = 890
[DEBUG  ] Standard cell legalization iteration 0 with 1x1 bins
[DEBUG  ] Standard cell legalization #bin_blanks
[DEBUG  ] #bin_objs = 5248
[INFO   ] Standard cell legalization legalizeBin takes 151.760 ms
[DEBUG  ] Standard cell legalization num_unplaced_cells = 0
[DEBUG  ] Standard cell legalization blank_num_bins_y = 890
[DEBUG  ] Standard cell legalization iteration 0 with 1x1 bins
[DEBUG  ] Standard cell legalization #bin_blanks
[DEBUG  ] #bin_objs = 5248
[INFO   ] Standard cell legalization legalizeBin takes 165.088 ms
[DEBUG  ] Standard cell legalization num_unplaced_cells = 0
[INFO   ] Greedy legalization takes 502.833 ms
[INFO   ] Legality check takes 69.7023 ms
[DEBUG  ] average displace = 6.33167
[INFO   ] Abacus legalization takes 80.703 ms
[INFO   ] DREAMPlace - legalization takes 0.702 seconds
[INFO   ] DREAMPlace - iteration  687, wHPWL 8.965585E+07, time 0.798ms
[I] plotting to obsfield_results/bigblue1/plot/iter0688.png takes 11.207 seconds
[INFO   ] DREAMPlace - plotting to obsfield_results/bigblue1/plot/iter0688.png takes 11.691 seconds
[INFO   ] DREAMPlace - Start ABCDPlace for refinement
[INFO   ] Legality check takes 24.6013 ms
[INFO   ] writing placement to obsfield_results/bigblue1/plot/iter0688.png
[WARNING] filename = obsfield_results/bigblue1/plot/iter0688.png, width = 800, height = 799, file format = 3 not used, as DRAWPLACE not enabled
[INFO   ] DREAMPlace - ABCDPlace input legal flag = 1
[INFO   ] Legality check takes 25.9923 ms
[DEBUG  ] 4-reorder
[DEBUG  ] 24 permutations
[DEBUG  ] initializing CPU DB takes 61.0189 ms
[DEBUG  ] computing independent rows takes 60.5131 ms
[DEBUG  ] computing reorder instances takes 1.84132 ms
[DEBUG  ] initializing CUDA state takes 21.3305 ms
[INFO   ] initial hpwl = 89750704.000
[DEBUG  ] enumeration takes 1269.7 ms for 318 runs, average 3.99275 ms
[DEBUG  ] apply_reorder takes 997.663 ms for 318 runs, average 3.13731 ms
[INFO   ] Iteration time(ms) 	 2267.42
[INFO   ] iteration 0: hpwl 89750704.000 => 89515504.000 (imp. 0.262059%)
[DEBUG  ] enumeration takes 1298.14 ms for 318 runs, average 4.0822 ms
[DEBUG  ] apply_reorder takes 972.778 ms for 318 runs, average 3.05905 ms
[INFO   ] Iteration time(ms) 	 2270.96
[INFO   ] iteration 1: hpwl 89750704.000 => 89485128.000 (imp. 0.295904%)
[DEBUG  ] destroying CUDA state takes 51.6276 ms
[DEBUG  ] destroying CPU state takes 0.011675 ms
[INFO   ] Kernel time: 4549.57 ms
[INFO   ] K-reorder time: 4746.41 ms
[INFO   ] DREAMPlace - K-Reorder legal flag = 1
[INFO   ] Legality check takes 25.4905 ms
[INFO   ] diamond search grid size 64, sequence length 2048
[INFO   ] initializing GPU memory takes 67.8566 ms
[INFO   ] initial hpwl 8.94851e+07
[DEBUG  ] allocate 2261503 bytes in shuffler for length 277604*(4+4)
[DEBUG  ] from 77096 nodes, collect 602 sets, avg 108 nodes, min/max 26/128 nodes
[INFO   ] iteration 0, target hpwl 8.94669e+07, delta -18232(-0.0203743%), 602 independent sets, moved 2.12533% cells, runtime 92.2824 ms
[DEBUG  ] from 76928 nodes, collect 601 sets, avg 109 nodes, min/max 15/128 nodes
[DEBUG  ] from 76985 nodes, collect 601 sets, avg 109 nodes, min/max 23/128 nodes
[DEBUG  ] from 77113 nodes, collect 602 sets, avg 110 nodes, min/max 25/128 nodes
[DEBUG  ] from 77116 nodes, collect 602 sets, avg 107 nodes, min/max 14/128 nodes
[DEBUG  ] from 77163 nodes, collect 602 sets, avg 109 nodes, min/max 14/128 nodes
[INFO   ] iteration 5, target hpwl 8.94255e+07, delta -59600(-0.0666033%), 602 independent sets, moved 10.1025% cells, runtime 14.3949 ms
[DEBUG  ] from 77105 nodes, collect 602 sets, avg 108 nodes, min/max 11/128 nodes
[DEBUG  ] from 77168 nodes, collect 602 sets, avg 108 nodes, min/max 9/128 nodes
[DEBUG  ] from 77011 nodes, collect 601 sets, avg 109 nodes, min/max 18/128 nodes
[DEBUG  ] from 77056 nodes, collect 602 sets, avg 109 nodes, min/max 8/128 nodes
[DEBUG  ] from 77200 nodes, collect 603 sets, avg 108 nodes, min/max 2/128 nodes
[INFO   ] iteration 10, target hpwl 8.94093e+07, delta -75784(-0.0846889%), 603 independent sets, moved 16.7411% cells, runtime 61.1805 ms
[DEBUG  ] from 77207 nodes, collect 603 sets, avg 107 nodes, min/max 10/128 nodes
[DEBUG  ] from 77185 nodes, collect 603 sets, avg 111 nodes, min/max 3/128 nodes
[DEBUG  ] from 77221 nodes, collect 603 sets, avg 109 nodes, min/max 13/128 nodes
[DEBUG  ] from 77031 nodes, collect 601 sets, avg 107 nodes, min/max 7/128 nodes
[DEBUG  ] from 77242 nodes, collect 603 sets, avg 109 nodes, min/max 18/128 nodes
[INFO   ] iteration 15, target hpwl 8.94011e+07, delta -84056(-0.0939329%), 603 independent sets, moved 22.8592% cells, runtime 74.1421 ms
[DEBUG  ] from 77298 nodes, collect 603 sets, avg 108 nodes, min/max 13/128 nodes
[DEBUG  ] from 77090 nodes, collect 602 sets, avg 110 nodes, min/max 15/128 nodes
[DEBUG  ] from 76967 nodes, collect 601 sets, avg 108 nodes, min/max 2/128 nodes
[DEBUG  ] from 77076 nodes, collect 602 sets, avg 111 nodes, min/max 17/128 nodes
[DEBUG  ] from 77103 nodes, collect 602 sets, avg 110 nodes, min/max 22/128 nodes
[INFO   ] iteration 20, target hpwl 8.9393e+07, delta -92168(-0.102998%), 602 independent sets, moved 28.8079% cells, runtime 79.9351 ms
[DEBUG  ] from 77035 nodes, collect 601 sets, avg 109 nodes, min/max 16/128 nodes
[DEBUG  ] from 77237 nodes, collect 603 sets, avg 109 nodes, min/max 16/128 nodes
[DEBUG  ] from 77126 nodes, collect 602 sets, avg 108 nodes, min/max 20/128 nodes
[DEBUG  ] from 77226 nodes, collect 603 sets, avg 109 nodes, min/max 36/128 nodes
[DEBUG  ] from 76977 nodes, collect 601 sets, avg 110 nodes, min/max 19/128 nodes
[INFO   ] iteration 25, target hpwl 8.93872e+07, delta -97896(-0.109399%), 601 independent sets, moved 34.5986% cells, runtime 105.058 ms
[DEBUG  ] from 77113 nodes, collect 602 sets, avg 107 nodes, min/max 4/128 nodes
[DEBUG  ] from 77127 nodes, collect 602 sets, avg 109 nodes, min/max 13/128 nodes
[DEBUG  ] from 77043 nodes, collect 601 sets, avg 107 nodes, min/max 25/128 nodes
[DEBUG  ] from 77168 nodes, collect 602 sets, avg 109 nodes, min/max 15/128 nodes
[DEBUG  ] from 77135 nodes, collect 602 sets, avg 109 nodes, min/max 14/128 nodes
[INFO   ] iteration 30, target hpwl 8.93769e+07, delta -108264(-0.120985%), 602 independent sets, moved 40.1558% cells, runtime 54.3446 ms
[DEBUG  ] from 77212 nodes, collect 603 sets, avg 108 nodes, min/max 19/128 nodes
[DEBUG  ] from 77366 nodes, collect 604 sets, avg 109 nodes, min/max 29/128 nodes
[DEBUG  ] from 77119 nodes, collect 602 sets, avg 109 nodes, min/max 11/128 nodes
[DEBUG  ] from 77132 nodes, collect 602 sets, avg 107 nodes, min/max 9/128 nodes
[DEBUG  ] from 76965 nodes, collect 601 sets, avg 107 nodes, min/max 17/128 nodes
[INFO   ] iteration 35, target hpwl 8.9373e+07, delta -112088(-0.125259%), 601 independent sets, moved 45.522% cells, runtime 76.4697 ms
[DEBUG  ] from 77372 nodes, collect 604 sets, avg 108 nodes, min/max 2/128 nodes
[DEBUG  ] from 77194 nodes, collect 603 sets, avg 108 nodes, min/max 19/128 nodes
[DEBUG  ] from 77168 nodes, collect 602 sets, avg 109 nodes, min/max 4/128 nodes
[DEBUG  ] from 77199 nodes, collect 603 sets, avg 108 nodes, min/max 3/128 nodes
[DEBUG  ] from 77305 nodes, collect 603 sets, avg 106 nodes, min/max 17/128 nodes
[INFO   ] iteration 40, target hpwl 8.93692e+07, delta -115920(-0.129541%), 603 independent sets, moved 50.9153% cells, runtime 69.8748 ms
[DEBUG  ] from 77313 nodes, collect 604 sets, avg 107 nodes, min/max 11/128 nodes
[DEBUG  ] from 77229 nodes, collect 603 sets, avg 107 nodes, min/max 16/128 nodes
[DEBUG  ] from 77129 nodes, collect 602 sets, avg 109 nodes, min/max 8/128 nodes
[DEBUG  ] from 77052 nodes, collect 601 sets, avg 109 nodes, min/max 29/128 nodes
[DEBUG  ] from 77293 nodes, collect 603 sets, avg 108 nodes, min/max 12/128 nodes
[INFO   ] iteration 45, target hpwl 8.93641e+07, delta -120992(-0.135209%), 603 independent sets, moved 56.1087% cells, runtime 56.744 ms
[DEBUG  ] from 77185 nodes, collect 603 sets, avg 108 nodes, min/max 12/128 nodes
[DEBUG  ] from 77345 nodes, collect 604 sets, avg 108 nodes, min/max 15/128 nodes
[DEBUG  ] from 77079 nodes, collect 602 sets, avg 108 nodes, min/max 5/128 nodes
[DEBUG  ] from 77154 nodes, collect 602 sets, avg 109 nodes, min/max 11/128 nodes
[INFO   ] iteration 49, target hpwl 8.93635e+07, delta -121624(-0.135915%), 602 independent sets, moved 60.3151% cells, runtime 56.4714 ms
[DEBUG  ] random_shuffle takes 171.584 ms, 50 runs, average 3.43167 ms
[DEBUG  ] maximal_independent_set takes 1279.12 ms, 50 runs, average 25.5825 ms
[DEBUG  ] collect_independent_sets takes 274.232 ms, 50 runs, average 5.48463 ms
[DEBUG  ] cost_matrix_construction takes 197.94 ms, 50 runs, average 3.95881 ms
[DEBUG  ] independent_sets_solving takes 1342.02 ms, 50 runs, average 26.8404 ms
[DEBUG  ] apply_solution takes 90.6331 ms, 50 runs, average 1.81266 ms
[INFO   ] destroying GPU memory takes 1.81804 ms
[INFO   ] Kernel time 3474.01 ms
[INFO   ] Independent set matching time 3573.25 ms
[INFO   ] DREAMPlace - Independent set matching legal flag = 1
[INFO   ] Legality check takes 25.9992 ms
[DEBUG  ] bins 256x256, bin sizes 41.7656x41.7188, die size 0, 0, 10692, 10680
[DEBUG  ] batch_size = 256, max_num_nodes_per_bin = 26, max_num_candidates = 130, max_num_candidates_all = 33280
[DEBUG  ] estimate_memory_usage = 477419520, use fast pair HPWL computation strategy requires additional memory
[INFO   ] initial hpwl = 89363504.000
[DEBUG  ] compute_search_bins takes 2.60075 ms
[INFO   ] Iteration time(ms) 	 293.449
[INFO   ] iteration 0: hpwl 89363504.000 => 89329888.000 (imp. 0.0376171%)
[DEBUG  ] compute_search_bins takes 2.39245 ms
[INFO   ] Iteration time(ms) 	 341.114
[INFO   ] iteration 1: hpwl 89363504.000 => 89251864.000 (imp. 0.124928%)
[INFO   ] Kernel time: 643.09 ms
[INFO   ] Global swap time: 720.689 ms
[INFO   ] DREAMPlace - Global swap legal flag = 1
[INFO   ] Legality check takes 60.0466 ms
[DEBUG  ] 4-reorder
[DEBUG  ] 24 permutations
[DEBUG  ] initializing CPU DB takes 29.5407 ms
[DEBUG  ] computing independent rows takes 88.2092 ms
[DEBUG  ] computing reorder instances takes 1.11918 ms
[DEBUG  ] initializing CUDA state takes 12.0424 ms
[INFO   ] initial hpwl = 89251864.000
[DEBUG  ] enumeration takes 1293.49 ms for 324 runs, average 3.99225 ms
[DEBUG  ] apply_reorder takes 999.057 ms for 324 runs, average 3.08351 ms
[INFO   ] Iteration time(ms) 	 2292.63
[INFO   ] iteration 0: hpwl 89251864.000 => 89213224.000 (imp. 0.0432932%)
[DEBUG  ] enumeration takes 1195.75 ms for 324 runs, average 3.6906 ms
[DEBUG  ] apply_reorder takes 725.232 ms for 324 runs, average 2.23837 ms
[INFO   ] Iteration time(ms) 	 1921.05
[INFO   ] iteration 1: hpwl 89251864.000 => 89206648.000 (imp. 0.0506611%)
[DEBUG  ] destroying CUDA state takes 1.15311 ms
[DEBUG  ] destroying CPU state takes 0.024432 ms
[INFO   ] Kernel time: 4219.47 ms
[INFO   ] K-reorder time: 4351.65 ms
[INFO   ] DREAMPlace - K-Reorder legal flag = 1
[INFO   ] DREAMPlace - detailed placement takes 13.596 seconds
[INFO   ] DREAMPlace - iteration  688, wHPWL 8.911179E+07, time 0.812ms
[I] plotting to obsfield_results/bigblue1/plot/iter0689.png takes 10.005 seconds
[INFO   ] DREAMPlace - plotting to obsfield_results/bigblue1/plot/iter0689.png takes 10.209 seconds
[INFO   ] DREAMPlace - non-linear placement takes 268.33 seconds
[INFO   ] DREAMPlace - writing to obsfield_results/bigblue1/bigblue1.gp.pl
[INFO   ] DREAMPlace - write SolutionFileFormat.BOOKSHELF takes 0.188 seconds
[INFO   ] DREAMPlace - placement takes 275.583 seconds
[INFO   ] Legality check takes 49.9982 ms
[INFO   ] writing placement to obsfield_results/bigblue1/plot/iter0689.png
[WARNING] filename = obsfield_results/bigblue1/plot/iter0689.png, width = 800, height = 799, file format = 3 not used, as DRAWPLACE not enabled
[INFO   ] writing placement to obsfield_results/bigblue1/bigblue1.gp.pl
